host_wall_timestamp_ns,host_monotonic_ns,host_receive_index,sample_index,session_sample_index,generation,connection_generation,device_packet_sequence,device_sample_counter,device_time_ticks,sample_in_packet,action_label,action_phase,sample_rate_hz,device_id,session_id,quality_flags,sample_rate_source_kind,sample_rate_evidence_ref,sample_rate_confirmed,channel_1,channel_2,channel_3,channel_4,channel_5,channel_6,channel_7,channel_8
1700000000000000000,10000000000,1,0,0,0,0,,,,0,rest,hold,200.0,dev-0123456789abcdef0123456789abcdef,synthetic-3-rest,29,protocol,synthetic-demo-contract-v1,True,0.027343843202284494,0.06302743928234161,0.09871103536239872,0.13439463144245584,0.17007822752251295,0.20576182360257006,0.24144541968262717,0.2771290157626843
1700000000005000000,10005000000,2,1,1,0,0,,,,0,rest,hold,200.0,dev-0123456789abcdef0123456789abcdef,synthetic-3-rest,29,protocol,synthetic-demo-contract-v1,True,0.04032354063119667,0.07611906625045815,0.11195364078503728,0.14781564424973787,0.18369764490169016,0.2195946704119364,0.25550326921667915,0.29142097089999774
1700000000010000000,10010000000,3,2,2,0,0,,,,0,rest,hold,200.0,dev-0123456789abcdef0123456789abcdef,synthetic-3-rest,29,protocol,synthetic-demo-contract-v1,True,0.05297672444986131,0.08888629291940042,0.1248701881596324,0.16090686143123778,0.19698230635388161,0.23308704424665327,0.2692144401526507,0.3053597150140737
1700000000015000000,10015000000,4,3,3,0,0,,,,0,rest,hold,200.0,dev-0123456789abcdef0123456789abcdef,synthetic-3-rest,29,protocol,synthetic-demo-contract-v1,True,0.06518913132594827,0.10122197338627867,0.13735703038278016,0.17356612080083247,0.20983034312897553,0.2461366289655652,0.28247568899404407,0.31884075534835277
1700000000020000000,10020000000,5,4,4,0,0,,,,0,rest,hold,200.0,dev-0123456789abcdef0123456789abcdef,synthetic-3-rest,29,protocol,synthetic-demo-contract-v1,True,0.07685079889853878,0.11302277357011625,0.14931414323848155,0.18569482444540825,0.22214345402013083,0.2586447108285308,0.2951874266122383,0.33176331522003893
1700000000025000000,10025000000,6,5,5,0,0,,,,0,rest,hold,200.0,dev-0123456789abcdef0123456789abcdef,synthetic-3-rest,29,protocol,synthetic-demo-contract-v1,True,0.08785729597050895,0.12419015265309648,0.1606459967063786,0.19719876115967008,0.23382770837813174,0.2705169772591755,0.3072545210289584,0.34403114555485387
1700000000030000000,10030000000,7,6,6,0,0,,,,0,rest,hold,200.0,dev-0123456789abcdef0123456789abcdef,synthetic-3-rest,29,protocol,synthetic-demo-contract-v1,True,0.09811088617164469,0.13463129843341515,0.1712623871768836,0.207988892193141,0.2447943130837814,0.2816642794712416,0.3185870636316373,0.35555329926113893
1700000000035000000,10035000000,8,7,7,0,0,,,,0,rest,hold,200.0,dev-0123456789abcdef0123456789abcdef,synthetic-3-rest,29,protocol,synthetic-demo-contract-v1,True,0.10752160919219975,0.14426000685008405,0.18107922307279417,0.21798209366730675,0.2549603371540158,0.2920033527210056,0.32910109256485215,0.366244862115384
1700000000040000000,10040000000,9,8,8,0,0,,,,0,rest,hold,200.0,dev-0123456789abcdef0123456789abcdef,synthetic-3-rest,29,protocol,synthetic-demo-contract-v1,True,0.11600826492139171,0.15299749653485895,0.19001925679458612,0.22710184938537425,0.26424938800724196,0.3014574882966754,0.33871926739314384,0.3760276341891654
1700000000045000000,10045000000,10,9,9,0,0,,,,0,rest,hold,200.0,dev-0123456789abcdef0123456789abcdef,synthetic-3-rest,29,protocol,synthetic-demo-contract-v1,True,0.12349928729826272,0.16077314994630174,0.19801275639010463,0.23527888817501538,0.27259223381255626,0.30995715175240374,0.347371489531062,0.3848307562543908
1700000000050000000,10050000000,11,10,10,0,0,,,,0,rest,hold,200.0,dev-0123456789abcdef0123456789abcdef,synthetic-3-rest,29,protocol,synthetic-demo-contract-v1,True,0.12993349636757756,0.1675251734375086,0.20499811089434872,0.24245176037222452,0.2799273667926846,0.3174405423362988,0.3549954633819151,0.39259127605631644
1700000000055000000,10055000000,12,11,11,0,0,,,,0,rest,hold,200.0,dev-0123456789abcdef0123456789abcdef,synthetic-3-rest,29,protocol,synthetic-demo-contract-v1,True,0.13526071890129335,0.17320116949269018,0.21092236388637453,0.248567348568071,0.28620150283803464,0.323854089044944,0.36153719361378206,0.39925464983830244
1700000000060000000,10060000000,13,12,12,0,0,,,,0,rest,hold,200.0,dev-0123456789abcdef0123456789abcdef,synthetic-3-rest,29,protocol,synthetic-demo-contract-v1,True,0.13944226996362283,0.17775861532794077,0.21574167046240897,0.2535813082953237,0.29137001331512163,0.32915287925748166,0.36695141452584773,0.40477517503462124
1700000000065000000,10065000000,14,13,13,0,0,,,,0,rest,hold,200.0,dev-0123456789abcdef0123456789abcdef,synthetic-3-rest,29,protocol,synthetic-demo-contract-v1,True,0.14245128992917638,0.18116524307658347,0.21942167352094205,0.2574584349239515,0.29539728551249883,0.33330101645599103,0.3712019480157501,0.4091163506134559
1700000000070000000,10070000000,15,14,14,0,0,,,,0,rest,hold,200.0,dev-0123456789abcdef0123456789abcdef,synthetic-3-rest,29,protocol,synthetic-demo-contract-v1,True,0.14427293367146926,0.18339931785703212,0.22193779599031413,0.260172953658338,0.2982570087565493,0.33627190412115154,0.3742619872447729,0.4122511621468536
1700000000075000000,10075000000,16,15,15,0,0,,,,0,rest,hold,200.0,dev-0123456789abcdef0123456789abcdef,synthetic-3-rest,29,protocol,synthetic-demo-contract-v1,True,0.14490441088433156,0.18444981113813544,0.22327544639521565,0.261708730179398,0.2999323838432275,0.3380484534982323,0.3761143037075819,0.4141622893029428
1700000000080000000,10080000000,17,16,16,0,0,,,,0,rest,hold,200.0,dev-0123456789abcdef0123456789abcdef,synthetic-3-rest,29,protocol,synthetic-demo-contract-v1,True,0.14435487874203598,0.18431646795996917,0.22343013594836372,0.2620594001461134,0.30041625406499495,0.3386232135533174,0.3767513760417519,0.4148422340930815
1700000000085000000,10085000000,18,17,17,0,0,,,,0,rest,hold,200.0,dev-0123456789abcdef0123456789abcdef,synthetic-3-rest,29,protocol,synthetic-demo-contract-v1,True,0.14264519030608488,0.1830097677232289,0.2224075061599699,0.26122841645762,0.2997111567595548,0.3379984220782259,0.3761754395544076,0.41429336885753903
1700000000090000000,10090000000,19,18,18,0,0,,,,0,rest,hold,200.0,dev-0123456789abcdef0123456789abcdef,synthetic-3-rest,29,protocol,synthetic-demo-contract-v1,True,0.13980750420935964,0.1805507794138662,0.22022326677287768,0.25922901387303665,0.29782929496320665,0.3361859775495629,0.37439845609362743,0.4125279036324569
1700000000095000000,10095000000,20,19,19,0,0,,,,0,rest,hold,200.0,dev-0123456789abcdef0123456789abcdef,synthetic-3-rest,29,protocol,synthetic-demo-contract-v1,True,0.13588476315522252,0.1769709132675846,0.2169030446477432,0.2560840912858066,0.2947924294112895,0.33320733199744185,0.371442004545481,0.40956777320276977
1700000000100000000,10100000000,21,20,20,0,0,,,,0,rest,hold,200.0,dev-0123456789abcdef0123456789abcdef,synthetic-3-rest,29,protocol,synthetic-demo-contract-v1,True,0.13093005062605362,0.17231157198772237,0.21248214503268606,0.25182601264648513,0.29063169178582426,0.3290933057872915,0.3673370928883274,0.4054444448050406
1700000000105000000,10105000000,22,21,21,0,0,,,,0,rest,hold,200.0,dev-0123456789abcdef0123456789abcdef,synthetic-3-rest,29,protocol,synthetic-demo-contract-v1,True,0.12500583687149888,0.16662370569677362,0.20700522744782848,0.24649632821670647,0.28538732076065815,0.3238838258585021,0.3621238933789473,0.40019864809534833
1700000000110000000,10110000000,23,22,22,0,0,,,,0,rest,hold,200.0,dev-0123456789abcdef0123456789abcdef,synthetic-3-rest,29,protocol,synthetic-demo-contract-v1,True,0.11818312671391681,0.15996727581382442,0.2005258991896099,0.24014541851165802,0.2791083230317995,0.3176275895911982,0.35585140307492263,0.3938800296351179
1700000000115000000,10115000000,24,23,23,0,0,,,,0,rest,hold,200.0,dev-0123456789abcdef0123456789abcdef,synthetic-3-rest,29,protocol,synthetic-demo-contract-v1,True,0.1105405229437452,0.15241063399576166,0.19310623020544618,0.23283206394302283,0.27185206213993657,0.31038165708201043,0.34857703250925687,0.38654673476683005
1700000000120000000,10120000000,25,24,24,0,0,,,,0,rest,hold,200.0,dev-0123456789abcdef0123456789abcdef,synthetic-3-rest,29,protocol,synthetic-demo-contract-v1,True,0.10216322006192737,0.1440298231484173,0.18481619379924555,0.22462294380346767,0.26368377848824925,0.30221097519635054,0.34036612592151083,0.3782649203468294
1700000000125000000,10125000000,26,25,25,0,0,,,,0,rest,hold,200.0,dev-0123456789abcdef0123456789abcdef,synthetic-3-rest,29,protocol,synthetic-demo-contract-v1,True,0.09314194384614109,0.13490780829506147,0.17573303829587056,0.2155920688319914,0.2546760445266258,0.29318783732354825,0.33129141700989456,0.3691082023690446
1700000000130000000,10130000000,27,26,26,0,0,,,,0,rest,hold,200.0,dev-0123456789abcdef0123456789abcdef,synthetic-3-rest,29,protocol,synthetic-demo-contract-v1,True,0.08357185266348194,0.1251336457752518,0.16594059541166342,0.20582015216172134,0.24490815960859383,0.2833912832877201,0.32143242469619426,0.3591570430467027
1700000000135000000,10135000000,28,27,27,0,0,,,,0,rest,hold,200.0,dev-0123456789abcdef0123456789abcdef,synthetic-3-rest,29,protocol,synthetic-demo-contract-v1,True,0.07355141662080485,0.11480159982965937,0.15552853164290462,0.1953939239732706,0.2344654895252457,0.2729064443570641,0.31087479388581524,0.3484980824146663
1700000000140000000,10140000000,29,28,28,0,0,,,,0,rest,hold,200.0,dev-0123456789abcdef0123456789abcdef,synthetic-3-rest,29,protocol,synthetic-demo-contract-v1,True,0.06318129053673596,0.10401021610016442,0.1445915494893759,0.18440539565311045,0.22343875617707984,0.2618238387434254,0.29970958665455144,0.3372234199687898
1700000000145000000,10145000000,30,29,29,0,0,,,,0,rest,hold,200.0,dev-0123456789abcdef0123456789abcdef,synthetic-3-rest,29,protocol,synthetic-demo-contract-v1,True,0.052563196343216184,0.09286136193472078,0.13322854577143453,0.17295107968351997,0.2119232832562034,0.2502386233887418,0.2880325296982682,0.3254298522669374
1700000000150000000,10150000000,31,30,30,0,0,,,,0,rest,hold,200.0,dev-0123456789abcdef0123456789abcdef,synthetic-3-rest,29,protocol,synthetic-demo-contract-v1,True,0.0417988298911402,0.0814592436301808,0.12154173467220558,0.1611311718649153,0.20001820417436783,0.2382498081920686,0.2759432242382019,0.3132180727756939
1700000000155000000,10155000000,32,31,31,0,0,,,,0,rest,hold,200.0,dev-0123456789abcdef0123456789abcdef,synthetic-3-rest,29,protocol,synthetic-demo-contract-v1,True,0.030988806260749544,0.06990941087191095,0.10963574343833968,0.14904870278956214,0.18782563878382658,0.2259594391373546,0.2635443248801118,0.30069184055437626
1700000000160000000,10160000000,33,32,32,0,0,,,,0,rest,hold,200.0,dev-0123456789abcdef0123456789abcdef,synthetic-3-rest,29,protocol,synthetic-demo-contract-v1,True,0.020231656583833725,0.058317758636582596,0.09761668890064443,0.13680866574512568,0.1754498456954487,0.21347175703549923,0.25094069417756915,0.28795712462119727
1700000000165000000,10165000000,34,33,33,0,0,,,,0,rest,hold,200.0,dev-0123456789abcdef0123456789abcdef,synthetic-3-rest,29,protocol,synthetic-demo-contract-v1,True,0.009622888096320198,0.046789536715456465,0.08559124312786111,0.12451712842502029,0.16299635719975963,0.2008923387923925,0.23823853984618126,0.2751212310432802
1700000000170000000,10170000000,35,34,34,0,0,,,,0,rest,hold,200.0,dev-0123456789abcdef0123456789abcdef,synthetic-3-rest,29,protocol,synthetic-demo-contract-v1,True,-0.0007458823152866195,0.03542837679272488,0.07366569660175601,0.11228033595840146,0.1505711039399621,0.18832722825600742,0.2255445417149258,0.26229191993105383
1700000000175000000,10175000000,36,35,35,0,0,,,,0,rest,hold,200.0,dev-0123456789abcdef0123456789abcdef,synthetic-3-rest,29,protocol,synthetic-demo-contract-v1,True,-0.010787712400912247,0.024335346681352493,0.06194502729907763,0.10020381284475188,0.1382795365703151,0.17588206377902954,0.21296497558187533,0.24957651959725957
1700000000180000000,10180000000,37,36,36,0,0,,,,0,rest,hold,200.0,dev-0123456789abcdef0123456789abcdef,synthetic-3-rest,29,protocol,synthetic-demo-contract-v1,True,-0.02042102968786717,0.013608040883033084,0.05053198398610926,0.08839147138574452,0.12622575165783775,0.1636612096583007,0.20060484116378371,0.23708104516071746
1700000000185000000,10185000000,38,37,37,0,0,,,,0,rest,hold,200.0,dev-0123456789abcdef0123456789abcdef,synthetic-3-rest,29,protocol,synthetic-demo-contract-v1,True,-0.029570232257266207,0.003339716106246898,0.03952619187555528,0.07694473415037367,0.11451162904994318,0.15176689857833167,0.18856700129211584,0.22490932883499812
1700000000190000000,10190000000,39,38,38,0,0,,,,0,rest,hold,200.0,dev-0123456789abcdef0123456789abcdef,synthetic-3-rest,29,protocol,synthetic-demo-contract-v1,True,-0.03816619173083284,-0.006381520245014007,0.029023288565099913,0.06596167788871453,0.10323598783559218,0.14029839209359196,0.1769513394124459,0.21316216904255655
1700000000195000000,10195000000,40,39,39,0,0,,,,0,rest,hold,200.0,dev-0123456789abcdef0123456789abcdef,synthetic-3-rest,29,protocol,synthetic-demo-contract-v1,True,-0.04614665683333387,-0.015473461300451926,0.019114097874635902,0.05553620612615483,0.09249376787367578,0.12935116603399555,0.16585394229054634,0.20193650533655902
1700000000200000000,10200000000,41,40,40,0,0,,,,0,rest,hold,200.0,dev-0123456789abcdef0123456789abcdef,synthetic-3-rest,29,protocol,synthetic-demo-contract-v1,True,-0.05345655764833982,-0.02386048513022159,0.009883848828010052,0.045757257425106605,0.08237524365085153,0.11901612751120713,0.1553663146182023,0.19132462589688162
1700000000205000000,10205000000,42,41,41,0,0,,,,0,rest,hold,200.0,dev-0123456789abcdef0123456789abcdef,synthetic-3-rest,29,protocol,synthetic-demo-contract-v1,True,-0.06004821236613464,-0.03147416661910474,0.001411446588957501,0.03670805599715544,0.07296527696372929,0.10937886994181713,0.14557463194657877,0.18141341409538028
1700000000210000000,10210000000,43,42,42,0,0,,,,0,rest,hold,200.0,dev-0123456789abcdef0123456789abcdef,synthetic-3-rest,29,protocol,synthetic-demo-contract-v1,True,-0.06588143990098812,-0.038253811976239734,-0.006231198335928081,0.028465410987940365,0.06434261459932601,0.1005189721892301,0.13655903805702968,0.17228364030077503
1700000000215000000,10215000000,44,43,43,0,0,,,,0,rest,hold,200.0,dev-0123456789abcdef0123456789abcdef,synthetic-3-rest,29,protocol,synthetic-demo-contract-v1,True,-0.0709235832018744,-0.04414691196324022,-0.01297977686687575,0.021099070342865497,0.05657923681574588,0.09250934756188019,0.12839299251120445,0.1640093047180518
1700000000220000000,10220000000,45,44,44,0,0,,,,0,rest,hold,200.0,dev-0123456789abcdef0123456789abcdef,synthetic-3-rest,29,protocol,synthetic-demo-contract-v1,True,-0.07514944937048872,-0.04910951086280378,-0.018778118935768008,0.014671134697561086,0.049739762005155,0.0854156479941289,0.12114267370722193,0.1566570366342647
1700000000225000000,10225000000,46,45,45,0,0,,,,0,rest,hold,200.0,dev-0123456789abcdef0123456789abcdef,synthetic-3-rest,29,protocol,synthetic-demo-contract-v1,True,-0.07854117381118225,-0.05310648916181075,-0.023578657375811253,0.009235536226807757,0.04388091245678762,0.07929572828131244,0.11486644230997713,0.15028555497552862
1700000000230000000,10230000000,47,46,46,0,0,,,,0,rest,hold,200.0,dev-0123456789abcdef0123456789abcdef,synthetic-3-rest,29,protocol,synthetic-demo-contract-v1,True,-0.08108801655140724,-0.056111758875598584,-0.027342814291040324,0.004837586833761502,0.03905104563276788,0.07419917474562977,0.10961436942510512,0.1449451945726823
1700000000235000000,10235000000,48,47,47,0,0,,,,0,rest,hold,200.0,dev-0123456789abcdef0123456789abcdef,synthetic-3-rest,29,protocol,synthetic-demo-contract-v1,True,-0.08278609957505426,-0.05810837138195399,-0.030041306797461455,0.0015135994724827743,0.03528975482813654,0.07016690217897939,0.1054278333518706,0.14067750198977108
1700000000240000000,10240000000,49,48,48,0,0,,,,0,rest,hold,200.0,dev-0123456789abcdef0123456789abcdef,synthetic-3-rest,29,protocol,synthetic-demo-contract-v1,True,-0.08363809449594467,-0.05908853855318247,-0.031654369769093235,-0.0007094142240000583,0.03262754251310324,0.06723082234683062,0.10233918818468478,0.13751490419463888
1700000000245000000,10245000000,50,49,49,0,0,,,,0,rest,hold,200.0,dev-0123456789abcdef0123456789abcdef,synthetic-3-rest,29,protocol,synthetic-demo-contract-v1,True,-0.0836528701607561,-0.059053568861724005,-0.0321718939812168,-0.0018139674852830946,0.031085569054937756,0.0654135867483795,0.10037150694073903,0.13548045274926965
1700000000250000000,10250000000,51,50,50,0,0,,,,0,rest,hold,200.0,dev-0123456789abcdef0123456789abcdef,synthetic-3-rest,29,protocol,synthetic-demo-contract-v1,True,-0.08284510981067222,-0.05801372097918998,-0.03159347881261763,-0.0017922412585757632,0.030675478894031334,0.06472840571743725,0.09953840127727046,0.1345876455740607
1700000000255000000,10255000000,52,51,51,0,0,,,,0,rest,hold,200.0,dev-0123456789abcdef0123456789abcdef,synthetic-3-rest,29,protocol,synthetic-demo-contract-v1,True,-0.08123490725465789,-0.0559879781812158,-0.029928399441270865,-0.0006461452048152714,0.03139930560864262,0.06517894532075585,0.09984391923129518,0.13484032770007556
1700000000260000000,10260000000,53,52,52,0,0,,,,0,rest,hold,200.0,dev-0123456789abcdef0123456789abcdef,synthetic-3-rest,29,protocol,synthetic-demo-contract-v1,True,-0.07884735112464918,-0.0530037476028791,-0.027195489236584765,0.0016127036427603676,0.03324945665098136,0.06675930287097345,0.10128252177246136,0.13623267177180617
1700000000265000000,10265000000,54,53,53,0,0,,,,0,rest,hold,200.0,dev-0123456789abcdef0123456789abcdef,synthetic-3-rest,29,protocol,synthetic-demo-contract-v1,True,-0.07571210570860458,-0.04909648905435827,-0.023422938808856004,0.004963084338930692,0.0362087778789597,0.06945406122532277,0.10383913831126983,0.13874923840544384
1700000000270000000,10270000000,55,54,54,0,0,,,,0,rest,hold,200.0,dev-0123456789abcdef0123456789abcdef,synthetic-3-rest,29,protocol,synthetic-demo-contract-v1,True,-0.07186299610974671,-0.04430927869782695,-0.018648013916052458,0.009374356691946856,0.04025069734859065,0.07323842139399561,0.10748930065562767,0.14236511584953798
1700000000275000000,10275000000,56,55,55,0,0,,,,0,rest,hold,200.0,dev-0123456789abcdef0123456789abcdef,synthetic-3-rest,29,protocol,synthetic-demo-contract-v1,True,-0.06733760458141927,-0.0386923133992619,-0.012916695142683683,0.014806725533384718,0.045339447177087204,0.07807841233892088,0.11219935426388247,0.14704613774163997
1700000000280000000,10280000000,57,56,56,0,0,,,,0,rest,hold,200.0,dev-0123456789abcdef0123456789abcdef,synthetic-3-rest,29,protocol,synthetic-demo-contract-v1,True,-0.062176883861808314,-0.03230236199905529,-0.006283242948904142,0.0212115823186315,0.05143036164161671,0.08393117620997333,0.11792674500743615,0.15274917711147123
1700000000285000000,10285000000,58,57,57,0,0,,,,0,rest,hold,200.0,dev-0123456789abcdef0123456789abcdef,synthetic-3-rest,29,protocol,synthetic-demo-contract-v1,True,-0.05642479220880831,-0.025202170090447815,0.0011903076659833538,0.028531921130879594,0.05847024904872627,0.09074532664649083,0.12462037903598416,0.15942251415361963
1700000000290000000,10290000000,59,58,58,0,0,,,,0,rest,hold,200.0,dev-0123456789abcdef0123456789abcdef,synthetic-3-rest,29,protocol,synthetic-demo-contract-v1,True,-0.050127953641878796,-0.01745982515344726,0.009434718038495736,0.03670282553334586,0.06639783429987689,0.09846137717252765,0.132221052738462,0.16700627468592585
1700000000295000000,10295000000,60,59,59,0,0,,,,0,rest,hold,200.0,dev-0123456789abcdef0123456789abcdef,synthetic-3-rest,29,protocol,synthetic-demo-contract-v1,True,-0.04333534566536188,-0.009148089063890965,0.018374176852621542,0.04565202211680828,0.07514426849434189,0.10701223613942654,0.14066194921784278,0.17543293562857132
1700000000300000000,10300000000,61,60,60,0,0,,,,0,rest,hold,200.0,dev-0123456789abcdef0123456789abcdef,synthetic-3-rest,29,protocol,synthetic-demo-contract-v1,True,-0.036098015507464866,-0.00034370508366037347,0.0279269853847579,0.055300496027509916,0.08463370135676351,0.11632376412377475,0.1498691971527346,0.18462789328820522
1700000000305000000,10305000000,62,61,61,0,0,,,,0,rest,hold,200.0,dev-0123456789abcdef0123456789abcdef,synthetic-3-rest,29,protocol,synthetic-demo-contract-v1,True,-0.02846882469184772,0.00887331355909166,0.03800629063416733,0.06556316323877713,0.09478391175749745,0.1263153891770905,0.15976248740775637,0.19451008971578237
1700000000310000000,10310000000,63,62,62,0,0,,,,0,rest,hold,200.0,dev-0123456789abcdef0123456789abcdef,synthetic-3-rest,29,protocol,synthetic-demo-contract-v1,True,-0.02050222059455494,0.018420406468257808,0.04852085960769329,0.07634959385273432,0.10550699111379286,0.13690077484986524,0.17025574228211465,0.2049926919303674
1700000000315000000,10315000000,64,63,63,0,0,,,,0,rest,hold,200.0,dev-0123456789abcdef0123456789abcdef,synthetic-3-rest,29,protocol,synthetic-demo-contract-v1,True,-0.012254032556461493,0.02821319337866346,0.05937588770786488,0.08756478029029852,0.11671007402282761,0.14798853548074517,0.18125783185554287,0.21598381836791616
1700000000320000000,10320000000,65,64,64,0,0,,,,0,rest,hold,200.0,dev-0123456789abcdef0123456789abcdef,synthetic-3-rest,29,protocol,synthetic-demo-contract-v1,True,-0.003781289146935458,0.03816619930192712,0.07047383392017963,0.09910994385179304,0.12829611008724198,0.15948299285520712,0.19267333150631258,0.22738730652751937
1700000000325000000,10325000000,66,65,65,0,0,,,,0,rest,hold,200.0,dev-0123456789abcdef0123456789abcdef,synthetic-3-rest,29,protocol,synthetic-demo-contract-v1,True,0.00485794766818569,0.04819357115505822,0.08171527531003048,0.1108833728101975,0.14016467055333015,0.17128496800023554,0.20440331434054745,0.23910351545097777
1700000000330000000,10330000000,67,66,66,0,0,,,,0,rest,hold,200.0,dev-0123456789abcdef0123456789abcdef,synthetic-3-rest,29,protocol,synthetic-demo-contract-v1,True,0.013604736391364914,0.05820977985525643,0.09299977322351116,0.12278128493691697,0.152212783094254,0.1832926015949994,0.21634617198829037,0.25103015638761556
1700000000335000000,10335000000,68,67,67,0,0,,,,0,rest,hold,200.0,dev-0123456789abcdef0123456789abcdef,synthetic-3-rest,29,protocol,synthetic-demo-contract-v1,True,0.022399403348738033,0.06813030226322084,0.10422674353962233,0.13469870715819127,0.16433578783792532,0.19540219624469715,0.22839845699201863,0.26306314476726456
1700000000340000000,10340000000,69,68,68,0,0,,,,0,rest,hold,200.0,dev-0123456789abcdef0123456789abcdef,synthetic-3-rest,29,protocol,synthetic-demo-contract-v1,True,0.031181689332475213,0.07787227779961353,0.11529632334397617,0.14653036490053928,0.17642820756347805,0.20750907368748467,0.24045573983943672,0.27509746643223454
1700000000345000000,10345000000,70,69,69,0,0,,,,0,rest,hold,200.0,dev-0123456789abcdef0123456789abcdef,synthetic-3-rest,29,protocol,synthetic-demo-contract-v1,True,0.03989090147417887,0.087355135037189,0.12611022648507655,0.15817157360707607,0.1883846248729756,0.21950843988416402,0.252413473575809,0.28702805096522166
1700000000350000000,10350000000,71,70,70,0,0,,,,0,rest,hold,200.0,dev-0123456789abcdef0123456789abcdef,synthetic-3-rest,29,protocol,synthetic-demo-contract-v1,True,0.04846607624604611,0.09650118407635523,0.13657258063212555,0.1695191248937482,0.20010055908713664,0.23129625087805653,0.2641678588727629,0.29875064489542297
1700000000355000000,10355000000,72,71,71,0,0,,,,0,rest,hold,200.0,dev-0123456789abcdef0123456789abcdef,synthetic-3-rest,29,protocol,synthetic-demo-contract-v1,True,0.05684615924469308,0.10523617103638312,0.14659073867595374,0.18047215986555776,0.2114733356158951,0.2427700723087118,0.27561670243084974,0.3101626775700452
1700000000360000000,10360000000,73,72,72,0,0,,,,0,rest,hold,200.0,dev-0123456789abcdef0123456789abcdef,synthetic-3-rest,29,protocol,synthetic-demo-contract-v1,True,0.0649702069812453,0.1134897915300193,0.15607605759938684,0.1909330222271958,0.2224029406165208,0.2538299255178175,0.2866602616521701,0.3211641125428626
1700000000365000000,10365000000,74,73,73,0,0,,,,0,rest,hold,200.0,dev-0123456789abcdef0123456789abcdef,synthetic-3-rest,29,protocol,synthetic-demo-contract-v1,True,0.07277761529006177,0.12119616052798186,0.16494463828689407,0.20080808399915234,0.2327928538733021,0.26437911329841357,0.297202068636536,0.3316582774549346
1700000000370000000,10370000000,75,74,74,0,0,,,,0,rest,hold,200.0,dev-0123456789abcdef0123456789abcdef,synthetic-3-rest,29,protocol,synthetic-demo-contract-v1,True,0.08020837819107743,0.1282942365541597,0.17311802014195277,0.21000853688775728,0.2425508530124357,0.27432501850832436,0.3071497267289694,0.3415526655640079
1700000000375000000,10375000000,76,75,75,0,0,,,,0,rest,hold,200.0,dev-0123456789abcdef0123456789abcdef,synthetic-3-rest,29,protocol,synthetic-demo-contract-v1,True,0.08720338011499024,0.13472819867515198,0.18052382482996965,0.2184511426536516,0.25158978240228835,0.28357986899419163,0.31641567307635626,0.35075970231696285
1700000000380000000,10380000000,77,76,76,0,0,,,,0,rest,hold,200.0,dev-0123456789abcdef0123456789abcdef,synthetic-3-rest,29,protocol,synthetic-demo-contract-v1,True,0.09370472334777022,0.1404477752524934,0.1870963439601836,0.22605893617533424,0.25982828038064987,0.292061462551749,0.32491790093487316,0.3591974706519635
1700000000385000000,10385000000,78,77,77,0,0,,,,0,rest,hold,200.0,dev-0123456789abcdef0123456789abcdef,synthetic-3-rest,29,protocol,synthetic-demo-contract-v1,True,0.09965609139574819,0.14540852390653827,0.19277706605669584,0.2327618753096194,0.2671914587945687,0.2996938459787041,0.33258063580501146,0.366790389061271
1700000000390000000,10390000000,79,78,78,0,0,,,,0,rest,hold,200.0,dev-0123456789abcdef0123456789abcdef,synthetic-3-rest,29,protocol,synthetic-demo-contract-v1,True,0.10500314774200092,0.14957206259227426,0.19751513874129825,0.23849743210558436,0.27361152923201487,0.30640794265605775,0.339334959854861,0.3734698368391457
1700000000395000000,10395000000,80,79,79,0,0,,,,0,rest,hold,200.0,dev-0123456789abcdef0123456789abcdef,synthetic-3-rest,29,protocol,synthetic-demo-contract-v1,True,0.10969396818807439,0.15290625210481698,0.20126776265348778,0.24321112042898033,0.2790283707647031,0.3121421235187478,0.3451193795215919,0.37917472137860925
1700000000400000000,10400000000,81,80,80,0,0,,,,0,rest,hold,200.0,dev-0123456789abcdef0123456789abcdef,synthetic-3-rest,29,protocol,synthetic-demo-contract-v1,True,0.11367950368287064,0.15538533071233776,0.2040005142601507,0.24685695559581805,0.28339003450428324,0.31684271674364917,0.34988033165222904,0.3838519828624282
1700000000405000000,10405000000,82,81,81,0,0,,,,0,rest,hold,200.0,dev-0123456789abcdef0123456789abcdef,synthetic-3-rest,29,protocol,synthetic-demo-contract-v1,True,0.11691406926411498,0.1569900019538833,0.2056875953529128,0.24939784219229125,0.2866531807958021,0.32046445198833684,0.35357262405395357,0.3874570322135148
1700000000410000000,10410000000,83,82,82,0,0,,,,0,rest,hold,200.0,dev-0123456789abcdef0123456789abcdef,synthetic-3-rest,29,protocol,synthetic-demo-contract-v1,True,0.11935585350862968,0.15770747693702578,0.206312007689032,0.25080588686841165,0.2887834454285205,0.3229708355534509,0.35615980686706344,0.38995411872372293
1700000000415000000,10415000000,84,83,83,0,0,,,,0,rest,hold,200.0,dev-0123456789abcdef0123456789abcdef,synthetic-3-rest,29,protocol,synthetic-demo-contract-v1,True,0.12096744173646837,0.15753147272446227,0.2058656518958711,0.25106263352949065,0.28975573183027137,0.32433445341054984,0.35761447174589944,0.39131662436314085
1700000000420000000,10420000000,85,84,84,0,0,,,,0,rest,hold,200.0,dev-0123456789abcdef0123456789abcdef,synthetic-3-rest,29,protocol,synthetic-demo-contract-v1,True,0.12171634517031947,0.15646216860936518,0.2043493504233875,0.25015921900748095,0.28955442682269994,0.32453719963130223,0.3579184764297538,0.39152728237964124
1700000000425000000,10425000000,86,85,85,0,0,,,,0,rest,hold,200.0,dev-0123456789abcdef0123456789abcdef,synthetic-3-rest,29,protocol,synthetic-demo-contract-v1,True,0.12157552734303026,0.15450612224709934,0.20177279498773215,0.24809644796758556,0.2881735381459128,0.32357042836786404,0.3570630929021055,0.3905783184255927
1700000000430000000,10430000000,87,86,86,0,0,,,,0,rest,hold,200.0,dev-0123456789abcdef0123456789abcdef,synthetic-3-rest,29,protocol,synthetic-demo-contract-v1,True,0.12052391829764933,0.15167614773728455,0.19815441959614666,0.24488478648871984,0.2856167526070423,0.321435028163251,0.35504907796736235,0.38847151309009303
1700000000435000000,10435000000,88,87,87,0,0,,,,0,rest,hold,200.0,dev-0123456789abcdef0123456789abcdef,synthetic-3-rest,29,protocol,synthetic-demo-contract-v1,True,0.11854690655792272,0.14799115783725747,0.19352120087324268,0.24054427444357113,0.28189741436269644,0.3181414180092713,0.35188666571444277,0.38521818536553404
1700000000440000000,10440000000,89,88,88,0,0,,,,0,rest,hold,200.0,dev-0123456789abcdef0123456789abcdef,synthetic-3-rest,29,protocol,synthetic-demo-contract-v1,True,0.11563679848097856,0.14347597253858818,0.18790838801604856,0.23510435748931022,0.2770384235047751,0.31370946521287796,0.3475954819807025,0.3808390972313765
1700000000445000000,10445000000,90,89,89,0,0,,,,0,rest,hold,200.0,dev-0123456789abcdef0123456789abcdef,synthetic-3-rest,29,protocol,synthetic-demo-contract-v1,True,0.11179323445222689,0.1381610962558634,0.18135916528482326,0.22860364015766205,0.2710720557772649,0.3081683257743298,0.3422043815725972,0.3753642801902993
1700000000450000000,10450000000,91,90,90,0,0,,,,0,rest,hold,200.0,dev-0123456789abcdef0123456789abcdef,synthetic-3-rest,29,protocol,synthetic-demo-contract-v1,True,0.10702355145510492,0.13208246586535805,0.17392425048378357,0.22108956219730144,0.26403970490292406,0.30155620861704446,0.335751209635763,0.36883278523698504
1700000000455000000,10455000000,92,91,91,0,0,,,,0,rest,hold,200.0,dev-0123456789abcdef0123456789abcdef,synthetic-3-rest,29,protocol,synthetic-demo-contract-v1,True,0.10134308185040833,0.12528117179481504,0.1656614333961863,0.2126180009667961,0.25599154963787174,0.2939200656342413,0.3282824891916511,0.36129235837239493
1700000000460000000,10460000000,93,92,92,0,0,,,,0,rest,hold,200.0,dev-0123456789abcdef0123456789abcdef,synthetic-3-rest,29,protocol,synthetic-demo-contract-v1,True,0.09477537873193004,0.11780315430895766,0.15663505860765456,0.2032528032971294,0.246986148293718,0.2853152101262757,0.31985303746532645,0.35279904439124676
1700000000465000000,10465000000,94,93,93,0,0,,,,0,rest,hold,200.0,dev-0123456789abcdef0123456789abcdef,synthetic-3-rest,29,protocol,synthetic-demo-contract-v1,True,0.08735235898247683,0.1096988770633894,0.146915457576685,0.19306525083396206,0.23708996406586902,0.27580486678995164,0.3105255142145194,0.3434167222624389
1700000000470000000,10470000000,95,94,94,0,0,,,,0,rest,hold,200.0,dev-0123456789abcdef0123456789abcdef,synthetic-3-rest,29,protocol,synthetic-demo-contract-v1,True,0.07911435612773869,0.10102297991712064,0.1365783351888465,0.18213346342628653,0.22637682507809542,0.26545965698225577,0.30036990582870376,0.33321657598651405
1700000000475000000,10475000000,96,95,95,0,0,,,,0,rest,hold,200.0,dev-0123456789abcdef0123456789abcdef,synthetic-3-rest,29,protocol,synthetic-demo-contract-v1,True,0.07011007626089119,0.09183391290597225,0.12570411635864512,0.170541745645294,0.2149273235926034,0.2543570235112499,0.2894629494942383,0.3222765053462213
1700000000480000000,10480000000,97,96,96,0,0,,,,0,rest,hold,200.0,dev-0123456789abcdef0123456789abcdef,synthetic-3-rest,29,protocol,synthetic-demo-contract-v1,True,0.0603964516697807,0.08219355319034856,0.1143772585183219,0.15837988199082326,0.20282815933728837,0.242580599701987,0.2778875022131538,0.3106804814614777
1700000000485000000,10485000000,98,97,97,0,0,,,,0,rest,hold,200.0,dev-0123456789abcdef0123456789abcdef,synthetic-3-rest,29,protocol,synthetic-demo-contract-v1,True,0.050038388318429314,0.07216680670585085,0.10268553605431577,0.14574238676869739,0.19017143236338396,0.2302195279411562,0.26573185991490955,0.29851785251441376
1700000000490000000,10490000000,99,98,98,0,0,,,,0,rest,hold,200.0,dev-0123456789abcdef0123456789abcdef,synthetic-3-rest,29,protocol,synthetic-demo-contract-v1,True,0.03910840498914574,0.061821196168190685,0.09071930291873966,0.13272771499709252,0.17705389126358284,0.2173677333170517,0.2530890323087256,0.2858826054200194
1700000000495000000,10495000000,100,99,99,0,0,,,,0,rest,hold,200.0,dev-0123456789abcdef0123456789abcdef,synthetic-3-rest,29,protocol,synthetic-demo-contract-v1,True,0.02768616365117431,0.05122643701861333,0.0785707397543433,0.119437441020665,0.16357614294940362,0.20412315833794736,0.24005597948551105,0.2728725895797575
1700000000500000000,10500000000,101,100,100,0,0,,,,0,rest,hold,200.0,dev-0123456789abcdef0123456789abcdef,synthetic-3-rest,29,protocol,synthetic-demo-contract-v1,True,0.015857892454458983,0.0404540028459316,0.06633309192707605,0.10597541177491301,0.14984183050412325,0.19058696502911676,0.22673281659006045,0.25958870916646015
1700000000505000000,10505000000,102,101,101,0,0,,,,0,rest,hold,200.0,dev-0123456789abcdef0123456789abcdef,synthetic-3-rest,29,protocol,synthetic-demo-contract-v1,True,0.0037157046185194676,0.02957668178899077,0.05409990486088332,0.09244688184796346,0.13595678589130336,0.1768627109739132,0.21322199314346463,0.2461340906462536
1700000000510000000,10510000000,103,102,102,0,0,,,,0,rest,hold,200.0,dev-0123456789abcdef0123456789abcdef,synthetic-3-rest,29,protocol,synthetic-demo-contract-v1,True,-0.00864318163883683,0.018668125411114452,0.04196426301574102,0.07895763763105322,0.122028164506689,0.16305550607540908,0.1996274538005205,0.23261323244510917
1700000000515000000,10515000000,104,103,103,0,0,,,,0,rest,hold,200.0,dev-0123456789abcdef0123456789abcdef,synthetic-3-rest,29,protocol,synthetic-demo-contract-v1,True,-0.0211173151463969,0.007802391547244729,0.03001803874350341,0.06561311793126937,0.10816356871129906,0.14927115697034496,0.1860537874756301,0.21913114381220536
1700000000520000000,10520000000,105,104,104,0,0,,,,0,rest,hold,200.0,dev-0123456789abcdef0123456789abcdef,synthetic-3-rest,29,protocol,synthetic-demo-contract-v1,True,-0.03360196703856647,-0.0029465173441587658,0.018351157098730374,0.052517538440014624,0.09447016757462079,0.13561530612529812,0.1726053718620495,0.20579248001843153
1700000000525000000,10525000000,106,105,105,0,0,,,,0,rest,hold,200.0,dev-0123456789abcdef0123456789abcdef,synthetic-3-rest,29,protocol,synthetic-demo-contract-v1,True,-0.04599015880042393,-0.013505118738798581,0.007050882475539252,0.03977302740813858,0.08105382008824688,0.12219257268529746,0.15938552040269244,0.19270068105540317
1700000000530000000,10530000000,107,106,106,0,0,,,,0,rest,hold,200.0,dev-0123456789abcdef0123456789abcdef,synthetic-3-rest,29,protocol,synthetic-demo-contract-v1,True,-0.05817375114007094,-0.023800915853037185,-0.003798867310737279,0.027478779774129464,0.06801820908173799,0.10910570212723192,0.1464956387457079,0.1799571209680307
1700000000535000000,10535000000,108,107,107,0,0,,,,0,rest,hold,200.0,dev-0123456789abcdef0123456789abcdef,synthetic-3-rest,29,protocol,synthetic-demo-contract-v1,True,-0.07004458036849018,-0.03376286294321352,-0.014118174173680543,0.01573023682623538,0.05546399298425528,0.09645473169454451,0.13403439763503527,0.16766027486233914
1700000000540000000,10540000000,109,108,108,0,0,,,,0,rest,hold,200.0,dev-0123456789abcdef0123456789abcdef,synthetic-3-rest,29,protocol,synthetic-demo-contract-v1,True,-0.08149562780441583,-0.04332182822856706,-0.023831735149553078,0.004618298254320915,0.04348798242825052,0.08433617845647251,0.12209692904574229,0.15590491048058042
1700000000545000000,10545000000,110,109,109,0,0,,,,0,rest,hold,200.0,dev-0123456789abcdef0123456789abcdef,synthetic-3-rest,29,protocol,synthetic-demo-contract-v1,True,-0.09242220678260758,-0.05241105244007996,-0.03286943541806748,-0.005771426835274991,0.03218234848650657,0.07284225664566323,0.11077405217742516,0.14478131102903408
1700000000550000000,10550000000,111,110,110,0,0,,,,0,rest,hold,200.0,dev-0123456789abcdef0123456789abcdef,synthetic-3-rest,29,protocol,synthetic-demo-contract-v1,True,-0.10272315114978138,-0.06096660085723285,-0.04116687473754298,-0.015359323706207587,0.02163386907271503,0.06206013068388321,0.10015153566788007,0.13437453568191862
1700000000555000000,10555000000,112,111,111,0,0,,,,0,rest,hold,200.0,dev-0123456789abcdef0123456789abcdef,synthetic-3-rest,29,protocol,synthetic-demo-contract-v1,True,-0.11230198870014145,-0.06892780654636789,-0.04866584351430176,-0.024072424733884486,0.011923219720784799,0.05207121000885069,0.0903094020858082,0.1247637238697813
1700000000560000000,10560000000,113,112,112,0,0,,,,0,rest,hold,200.0,dev-0123456789abcdef0123456789abcdef,synthetic-3-rest,29,protocol,synthetic-demo-contract-v1,True,-0.12106808284415956,-0.07623770236249791,-0.05531474518296437,-0.03184500569483523,0.0031243145917292745,0.04295049146835,0.08132128040796097,0.11602144909516088
1700000000565000000,10565000000,114,113,113,0,0,,,,0,rest,hold,200.0,dev-0123456789abcdef0123456789abcdef,synthetic-3-rest,29,protocol,synthetic-demo-contract-v1,True,-0.12893772592697325,-0.08284343912569768,-0.06106896205111982,-0.038619120679249254,-0.00469629685763472,0.03476595465367146,0.07325381178586865,0.10821312760531897
1700000000570000000,10570000000,115,114,114,0,0,,,,0,rest,hold,200.0,dev-0123456789abcdef0123456789abcdef,synthetic-3-rest,29,protocol,synthetic-demo-contract-v1,True,-0.13583516801838488,-0.08869668723873765,-0.06589116225435725,-0.04434507122622741,-0.011479972569441601,0.02757801510628587,0.06616611346341561,0.1013964867948073
1700000000575000000,10575000000,116,115,115,0,0,,,,0,rest,hold,200.0,dev-0123456789abcdef0123456789abcdef,synthetic-3-rest,29,protocol,synthetic-demo-contract-v1,True,-0.1416935656814476,-0.09375401887958923,-0.06975154597145343,-0.048981805841520586,-0.017176455468827657,0.021439039853146033,0.06010930522272933,0.09562109771338587
1700000000580000000,10580000000,117,116,116,0,0,,,,0,rest,hold,200.0,dev-0123456789abcdef0123456789abcdef,synthetic-3-rest,29,protocol,synthetic-demo-contract-v1,True,-0.14645583618225033,-0.09797726778613712,-0.07262802956022495,-0.05249724664918732,-0.021744282000625448,0.0163929292110803,0.055126102216171056,0.09092797552147358
1700000000585000000,10585000000,118,117,117,0,0,,,,0,rest,hold,200.0,dev-0123456789abcdef0123456789abcdef,synthetic-3-rest,29,protocol,synthetic-demo-contract-v1,True,-0.1500754038158858,-0.10133386355617865,-0.07450636678786879,-0.054868540546662056,-0.02515111825207654,0.012474768253632433,0.05125047749093621,0.08734925117029436
1700000000590000000,10590000000,119,118,118,0,0,,,,0,rest,hold,200.0,dev-0123456789abcdef0123456789abcdef,synthetic-3-rest,29,protocol,synthetic-demo-contract-v1,True,-0.1525168264738683,-0.10379713731867903,-0.07538020684125149,-0.056082232871886274,-0.027374020892742226,0.00971055075895625,0.04850739693449485,0.08490791699189783
1700000000595000000,10595000000,120,119,119,0,0,,,,0,rest,hold,200.0,dev-0123456789abcdef0123456789abcdef,synthetic-3-rest,29,protocol,synthetic-demo-contract-v1,True,-0.15375629224311207,-0.10534659559719298,-0.07525108930846186,-0.05613436224601057,-0.028399620783471292,0.008116977859710115,0.046912628768594554,0.083617648270163
1700000000600000000,10600000000,121,120,120,0,0,,,,0,rest,hold,200.0,dev-0123456789abcdef0123456789abcdef,synthetic-3-rest,29,protocol,synthetic-demo-contract-v1,True,-0.15378197767844093,-0.10596815918785847,-0.07412837681901102,-0.05503047592013787,-0.02822422774468368,0.007701333000268902,0.04647262910180445,0.0834827022328551
1700000000605000000,10605000000,122,121,121,0,0,,,,0,rest,hold,200.0,dev-0123456789abcdef0123456789abcdef,synthetic-3-rest,29,protocol,synthetic-demo-contract-v1,True,-0.15259426139833612,-0.10565436391649528,-0.07202912651257072,-0.05278556562403934,-0.026853855625100245,0.008461434178037078,0.04718450442069919,0.08449789526200419
1700000000610000000,10610000000,123,122,122,0,0,,,,0,rest,hold,200.0,dev-0123456789abcdef0123456789abcdef,synthetic-3-rest,29,protocol,synthetic-demo-contract-v1,True,-0.15020578878301144,-0.10440452022558497,-0.06897790197147763,-0.049423924583052795,-0.02430416746999742,0.010385663809403025,0.049036051262992784,0.0866486584706617
1700000000615000000,10615000000,124,123,123,0,0,,,,0,rest,hold,200.0,dev-0123456789abcdef0123456789abcdef,synthetic-3-rest,29,protocol,synthetic-demo-contract-v1,True,-0.1466413857683118,-0.10222482867513295,-0.0650065276970608,-0.04497892703084631,-0.020600341247674375,0.013453075922150337,0.052005872677490045,0.0899111711438239
1700000000620000000,10620000000,125,124,124,0,0,,,,0,rest,hold,200.0,dev-0123456789abcdef0123456789abcdef,synthetic-3-rest,29,protocol,synthetic-demo-contract-v1,True,-0.1419378219900037,-0.09912844862373166,-0.06015378863105933,-0.03949273219481756,-0.015776857248626652,0.01763357974020842,0.05606357044092154,0.09425257089539642
1700000000625000000,10625000000,126,125,125,0,0,,,,0,rest,hold,200.0,dev-0123456789abcdef0123456789abcdef,synthetic-3-rest,29,protocol,synthetic-demo-contract-v1,True,-0.1361434258014142,-0.09513551758888905,-0.054465077618172875,-0.03301591536215558,-0.009877208918524514,0.022888198098705896,0.06117001137579843,0.09963123875684418
1700000000630000000,10630000000,127,126,126,0,0,,,,0,rest,hold,200.0,dev-0123456789abcdef0123456789abcdef,synthetic-3-rest,29,protocol,synthetic-demo-contract-v1,True,-0.12931755592346503,-0.09027311906933037,-0.04799199407158699,-0.025607029242718023,-0.002953539518137765,0.029169398512566516,0.06727766550155748,0.10599715679191336
1700000000635000000,10635000000,128,127,127,0,0,,,,0,rest,hold,200.0,dev-0123456789abcdef0123456789abcdef,synthetic-3-rest,29,protocol,synthetic-demo-contract-v1,True,-0.1215299366508508,-0.08457519694611322,-0.04079189743791313,-0.017332099424802502,0.004933792384365596,0.03642149412539714,0.07433101315849791,0.11329233523065046
1700000000640000000,10640000000,129,128,128,0,0,,,,0,rest,hold,200.0,dev-0123456789abcdef0123456789abcdef,synthetic-3-rest,29,protocol,synthetic-demo-contract-v1,True,-0.11285986559353776,-0.07808241496266961,-0.03292741935944525,-0.008264058266760577,0.013716714995874296,0.04458111119208593,0.08226701767525525,0.12145130553987862
1700000000645000000,10645000000,130,129,129,0,0,,,,0,rest,hold,200.0,dev-0123456789abcdef0123456789abcdef,synthetic-3-rest,29,protocol,synthetic-demo-contract-v1,True,-0.10339530484304482,-0.07084196021405634,-0.024465938698371117,0.001517877923300815,0.023320008804886053,0.05357771920303915,0.0910156596104834,0.1304016753010654
1700000000650000000,10650000000,131,130,130,0,0,,,,0,rest,hold,200.0,dev-0123456789abcdef0123456789abcdef,synthetic-3-rest,29,protocol,synthetic-demo-contract-v1,True,-0.09323186818482163,-0.06290729004953996,-0.015479023818274356,0.011928883100011986,0.03366193083801965,0.06333421924485129,0.10050052809250856,0.14006474025468033
1700000000655000000,10655000000,132,131,131,0,0,,,,0,rest,hold,200.0,dev-0123456789abcdef0123456789abcdef,synthetic-3-rest,29,protocol,synthetic-demo-contract-v1,True,-0.0824717185015211,-0.05433782230609948,-0.006041846711981699,0.022879241343876484,0.044654892507454844,0.07376758571559365,0.11063946431111983,0.15035614839689654
1700000000660000000,10660000000,133,132,132,0,0,,,,0,rest,hold,200.0,dev-0123456789abcdef0123456789abcdef,synthetic-3-rest,29,protocol,synthetic-demo-contract-v1,True,-0.07122239080089915,-0.04519856933850035,0.003767426279144023,0.034275106260809006,0.05620618544800537,0.08478955607677564,0.12134525178727977,0.16118661058379052
1700000000665000000,10665000000,134,133,133,0,0,,,,0,rest,hold,200.0,dev-0123456789abcdef0123456789abcdef,synthetic-3-rest,29,protocol,synthetic-demo-contract-v1,True,-0.059595557334706915,-0.035559716888533766,0.013868262291300216,0.046019293483279364,0.06821874934651026,0.09630736293190591,0.13252634766285804,0.17246265171356162
1700000000670000000,10670000000,135,134,134,0,0,,,,0,rest,hold,200.0,dev-0123456789abcdef0123456789abcdef,synthetic-3-rest,29,protocol,synthetic-demo-contract-v1,True,-0.04770575203416848,-0.02549614943525836,0.024178403366575008,0.05801209957248278,0.08059197541976253,0.10822450237671088,0.1440876489167092,0.184087396221948
1700000000675000000,10675000000,136,135,135,0,0,,,,0,rest,hold,200.0,dev-0123456789abcdef0123456789abcdef,synthetic-3-rest,29,protocol,synthetic-demo-contract-v1,True,-0.03566907196149807,-0.015086924282467532,0.03461451649816301,0.07015214041202691,0.0932225389031062,0.1204415322712358,0.15593128712824922,0.19596138134269733
1700000000680000000,10680000000,137,136,136,0,0,,,,0,rest,hold,200.0,dev-0123456789abcdef0123456789abcdef,synthetic-3-rest,29,protocol,synthetic-demo-contract-v1,True,-0.023601873658653908,-0.004414697261343147,0.04509284730223382,0.08233720203321018,0.10600525367257373,0.13285689384168317,0.1679574451775002,0.2079833913560147
1700000000685000000,10685000000,138,137,137,0,0,,,,0,rest,hold,200.0,dev-0123456789abcdef0123456789abcdef,synthetic-3-rest,29,protocol,synthetic-demo-contract-v1,True,-0.01161948216280739,0.006434896452889973,0.05552987235787026,0.09446509672120725,0.11883394194098483,0.14536774983191195,0.18006518909326116,0.2200513058752606
1700000000690000000,10690000000,139,138,138,0,0,,,,0,rest,hold,200.0,dev-0123456789abcdef0123456789abcdef,synthetic-3-rest,29,protocol,synthetic-demo-contract-v1,True,0.00016506994309496963,0.017373902300082934,0.06584294532363552,0.10643451722097835,0.13160231184425916,0.15787083229251522,0.19215330814004647,0.2320629551071903
1700000000695000000,10695000000,140,139,139,0,0,,,,0,rest,hold,200.0,dev-0123456789abcdef0123456789abcdef,synthetic-3-rest,29,protocol,synthetic-demo-contract-v1,True,0.011642256757482452,0.02831274236671464,0.0759509320407628,0.11814588189165362,0.14420483566938636,0.1702632930204281,0.20412115617073345,0.24391697496471867
1700000000700000000,10700000000,141,140,140,0,0,,,,0,rest,hold,200.0,dev-0123456789abcdef0123456789abcdef,synthetic-3-rest,29,protocol,synthetic-demo-contract-v1,True,0.022707210824594565,0.03916094222056967,0.08577482996718334,0.12950216374806586,0.15653762147052222,0.1824435496446172,0.21586948726592115,0.25551365491395533
1700000000705000000,10705000000,142,141,141,0,0,,,,0,rest,hold,200.0,dev-0123456789abcdef0123456789abcdef,synthetic-3-rest,29,protocol,synthetic-demo-contract-v1,True,0.03326079788893434,0.049827882749331774,0.09523836745203763,0.14040969647718612,0.16849927087464153,0.1943121203937472,0.22730127873291253,0.2667557714991197
1700000000710000000,10710000000,143,142,142,0,0,,,,0,rest,hold,200.0,dev-0123456789abcdef0123456789abcdef,synthetic-3-rest,29,protocol,synthetic-demo-contract-v1,True,0.04321060150833589,0.06022357071866985,0.10426857855508441,0.15077895072400485,0.17999171599256014,0.20577244067938563,0.2383225346464687,0.2775494006093345
1700000000715000000,10715000000,144,143,143,0,0,,,,0,rest,hold,200.0,dev-0123456789abcdef0123456789abcdef,synthetic-3-rest,29,protocol,synthetic-demo-contract-v1,True,0.05247180600527618,0.07025942133328365,0.11279634933763832,0.1605252742040892,0.19092102852405934,0.21673165478251688,0.2488430632791856,0.28780470172925965
1700000000720000000,10720000000,145,144,144,0,0,,,,0,rest,hold,200.0,dev-0123456789abcdef0123456789abcdef,synthetic-3-rest,29,protocol,synthetic-demo-contract-v1,True,0.06096796801126339,0.0798490457132236,0.12075693179919071,0.16956958951623513,0.20119819437581174,0.22710137614053996,0.25877722199005077,0.29743666764954113
1700000000725000000,10725000000,146,145,145,0,0,,,,0,rest,hold,200.0,dev-0123456789abcdef0123456789abcdef,synthetic-3-rest,29,protocol,synthetic-demo-contract-v1,True,0.06863166876483713,0.08890903589496532,0.1280904219045654,0.17783904389559457,0.21073984739598262,0.23679840999481366,0.2680446234136544,0.3063658334012014
1700000000730000000,10730000000,147,146,146,0,0,,,,0,rest,hold,200.0,dev-0123456789abcdef0123456789abcdef,synthetic-3-rest,29,protocol,synthetic-demo-contract-v1,True,0.075405041324064,0.09735973973876161,0.13474219843801208,0.18526760556214525,0.2194689561673547,0.24574543247295672,0.27657079711732097,0.3145189385179716
1700000000735000000,10735000000,148,147,147,0,0,,,,0,rest,hold,200.0,dev-0123456789abcdef0123456789abcdef,synthetic-3-rest,29,protocol,synthetic-demo-contract-v1,True,0.08124016891222774,0.1051260179765023,0.1406633197307298,0.19179660177781158,0.22731545818883972,0.25387162054291434,0.28428780126640957,0.32182953711935225
1700000000740000000,10740000000,149,148,148,0,0,,,,0,rest,hold,200.0,dev-0123456789abcdef0123456789abcdef,synthetic-3-rest,29,protocol,synthetic-demo-contract-v1,True,0.08609935269282523,0.1121379755725016,0.14581087563454795,0.19737519422398495,0.2342168362100875,0.2611132276842541,0.2911347792560897,0.3282385507416647
1700000000745000000,10745000000,150,149,149,0,0,,,,0,rest,hold,200.0,dev-0123456789abcdef0123456789abcdef,synthetic-3-rest,29,protocol,synthetic-demo-contract-v1,True,0.08995524932917873,0.11833165959706689,0.15014829245442451,0.2019607878453212,0.24011863196196667,0.2674141005728387,0.2970584567275355,0.3336947593208963
1700000000750000000,10750000000,151,150,150,0,0,,,,0,rest,hold,200.0,dev-0123456789abcdef0123456789abcdef,synthetic-3-rest,29,protocol,synthetic-demo-contract-v1,True,0.09279088068800673,0.1236497159320739,0.1536455889036552,0.20551936987097807,0.24497489304306513,0.2727261325642394,0.3020135748839,0.33815522624582645
1700000000755000000,10755000000,152,151,151,0,0,,,,0,rest,hold,200.0,dev-0123456789abcdef0123456789abcdef,synthetic-3-rest,29,protocol,synthetic-demo-contract-v1,True,0.09459951995966376,0.12804199734051688,0.15627958150573723,0.20802577631603028,0.2487485492747193,0.2770096502849148,0.30596325655246576,0.3415856539484432
1700000000760000000,10760000000,153,152,152,0,0,,,,0,rest,hold,200.0,dev-0123456789abcdef0123456789abcdef,synthetic-3-rest,29,protocol,synthetic-demo-contract-v1,True,0.09538446025722895,0.1314661157383859,0.1580340382333214,0.20946388387867276,0.25141171541991586,0.28023373019397885,0.3088793019996289,0.3439606670765042
1700000000765000000,10765000000,154,153,153,0,0,,,,0,rest,hold,200.0,dev-0123456789abcdef0123456789abcdef,synthetic-3-rest,29,protocol,synthetic-demo-contract-v1,True,0.09515867339172854,0.13388793190617657,0.15889977954518075,0.20982672577775807,0.252945917769863,0.28237644255771455,0.31074241209019,0.34526402089544345
1700000000770000000,10770000000,155,154,154,0,0,,,,0,rest,hold,200.0,dev-0123456789abcdef0123456789abcdef,synthetic-3-rest,29,protocol,synthetic-demo-contract-v1,True,0.09394436797450993,0.13528197636656308,0.15887472635430583,0.20911653071492703,0.2533422427311041,0.2834250208790884,0.3115423369869549,0.34548873318870443
1700000000775000000,10775000000,156,155,155,0,0,,,,0,rest,hold,200.0,dev-0123456789abcdef0123456789abcdef,synthetic-3-rest,29,protocol,synthetic-demo-contract-v1,True,0.09177245724697755,0.1356317957306323,0.15796389483177353,0.20734468479065615,0.25260140619053156,0.28337595544040667,0.3112779492058586,0.34463713856180744
1700000000780000000,10780000000,157,156,156,0,0,,,,0,rest,hold,200.0,dev-0123456789abcdef0123456789abcdef,synthetic-3-rest,29,protocol,synthetic-demo-contract-v1,True,0.08868194806375515,0.13493021947273343,0.15617933831970693,0.2045316168485581,0.250733743090241,0.2822350102438563,0.30995724047059864,0.3427208647007907
1700000000785000000,10785000000,158,157,157,0,0,,,,0,rest,hold,200.0,dev-0123456789abcdef0123456789abcdef,synthetic-3-rest,29,protocol,synthetic-demo-contract-v1,True,0.08471926324365986,0.13317954282735364,0.1535400369902633,0.20070660836180743,0.2477591173034278,0.28001716326681186,0.3075972424438581,0.33976073078471586
1700000000790000000,10790000000,159,158,158,0,0,,,,0,rest,hold,200.0,dev-0123456789abcdef0123456789abcdef,synthetic-3-rest,29,protocol,synthetic-demo-contract-v1,True,0.07993751004437141,0.13039162230324197,0.15007173624406422,0.19590752960427713,0.2437067525610392,0.2767464705812507,0.30422387204439755,0.3357865688993472
1700000000795000000,10795000000,160,159,159,0,0,,,,0,rest,hold,200.0,dev-0123456789abcdef0123456789abcdef,synthetic-3-rest,29,protocol,synthetic-demo-contract-v1,True,0.07439570780706135,0.1265878811719555,0.14580673518879578,0.19018050446161647,0.23861498583120005,0.27245585551418533,0.29987170268532165,0.33083696993950823
1700000000800000000,10800000000,161,160,160,0,0,,,,0,rest,hold,200.0,dev-0123456789abcdef0123456789abcdef,synthetic-3-rest,29,protocol,synthetic-demo-contract-v1,True,0.06815798785727271,0.12179922320078801,0.14078362687493984,0.18357950682898364,0.23253094519415682,0.2671868246435274,0.29458366338352626,0.32495895611569486
1700000000805000000,10805000000,162,161,161,0,0,,,,0,rest,hold,200.0,dev-0123456789abcdef0123456789abcdef,synthetic-3-rest,29,protocol,synthetic-demo-contract-v1,True,0.061292778543734126,0.11606585385348223,0.13504699228889816,0.17616589210755718,0.22551015487932838,0.2609891130261412,0.28841066828858825,0.3182075827910616
1700000000810000000,10810000000,163,162,162,0,0,,,,0,rest,hold,200.0,dev-0123456789abcdef0123456789abcdef,synthetic-3-rest,29,protocol,synthetic-demo-contract-v1,True,0.053871987858093044,0.10943700916530745,0.12864705041241895,0.16800786784663044,0.21761607073287137,0.2539202616370902,0.28141117975623503,0.3106454729628428
1700000000815000000,10815000000,164,163,163,0,0,,,,0,rest,hold,200.0,dev-0123456789abcdef0123456789abcdef,synthetic-3-rest,29,protocol,synthetic-demo-contract-v1,True,0.045970195420812314,0.10197059350045694,0.12163926694956421,0.15917990807761945,0.2089195499589796,0.24604513055639984,0.2736507086422319,0.30234228826273346
1700000000820000000,10820000000,165,164,164,0,0,,,,0,rest,hold,200.0,dev-0123456789abcdef0123456789abcdef,synthetic-3-rest,29,protocol,synthetic-demo-contract-v1,True,0.03766386476096008,0.09373272840731055,0.11408392459695002,0.14976211634662956,0.19949825952121097,0.2374353519675163,0.2652012560125181,0.293374140879108
1700000000825000000,10825000000,166,165,165,0,0,,,,0,rest,hold,200.0,dev-0123456789abcdef0123456789abcdef,synthetic-3-rest,29,protocol,synthetic-demo-contract-v1,True,0.02903058578328599,0.08479721578859294,0.10604565798818287,0.13983954286953285,0.18943602809696325,0.22816872752564635,0.25614070095037117,0.28382295129578544
1700000000830000000,10830000000,167,166,166,0,0,,,,0,rest,hold,200.0,dev-0123456789abcdef0123456789abcdef,synthetic-3-rest,29,protocol,synthetic-demo-contract-v1,True,0.020148356131054725,0.07524491958642748,0.09759295667799882,0.1295014616044743,0.17882214694464343,0.21832857511030582,0.24655213958731545,0.27377575719331265
1700000000835000000,10835000000,168,167,167,0,0,,,,0,rest,hold,200.0,dev-0123456789abcdef0123456789abcdef,synthetic-3-rest,29,protocol,synthetic-demo-contract-v1,True,0.011094908846420084,0.06516307113429956,0.08879763974432517,0.11884061335832015,0.16775062546521066,0.2080030303909024,0.236523180887681,0.26332397926564777
1700000000840000000,10840000000,169,168,168,0,0,,,,0,rest,hold,200.0,dev-0123456789abcdef0123456789abcdef,synthetic-3-rest,29,protocol,synthetic-demo-contract-v1,True,0.001947092332570689,0.05464450423681341,0.07973430577623614,0.10795242131326965,0.1563194076141644,0.19728430900366525,0.22614520507388003,0.2525626500643441
1700000000845000000,10845000000,170,169,169,0,0,,,,0,rest,hold,200.0,dev-0123456789abcdef0123456789abcdef,synthetic-3-rest,29,protocol,synthetic-demo-contract-v1,True,-0.0072196928343267325,0.04378682689198839,0.07047976218153104,0.09693418557552423,0.144629555643584,0.18626793545966777,0.2155125908876135,0.24158961229085107
1700000000850000000,10850000000,171,170,170,0,0,,,,0,rest,hold,200.0,dev-0123456789abcdef0123456789abcdef,synthetic-3-rest,29,protocol,synthetic-demo-contract-v1,True,-0.016331997177322956,0.03269153735837601,0.06111243788851753,0.08588426350789381,0.13278440792383084,0.1750519451744395,0.2047219181388237,0.23050469321280642
1700000000855000000,10855000000,172,171,171,0,0,,,,0,rest,hold,200.0,dev-0123456789abcdef0123456789abcdef,synthetic-3-rest,29,protocol,synthetic-demo-contract-v1,True,-0.025318764083783404,0.021463092979884357,0.05171178363177166,0.0749012427113529,0.12088871780879579,0.16373606622755138,0.19387115219716988,0.2194088620800846
1700000000860000000,10860000000,173,172,172,0,0,,,,0,rest,hold,200.0,dev-0123456789abcdef0123456789abcdef,synthetic-3-rest,29,protocol,synthetic-demo-contract-v1,True,-0.03411170990772903,0.010207940805051257,0.04235766410044526,0.06408311356608891,0.10904778066529655,0.1524208876237665,0.18305881722841724,0.20840337755919774
1700000000865000000,10865000000,174,173,173,0,0,,,,0,rest,hold,200.0,dev-0123456789abcdef0123456789abcdef,synthetic-3-rest,29,protocol,synthetic-demo-contract-v1,True,-0.0426456436192926,-0.0009664804341375506,0.03312974628959038,0.05352644823034214,0.09736655628516323,0.1412070209346169,0.1723831650692367,0.1975889322892642
1700000000870000000,10870000000,175,174,174,0,0,,,,0,rest,hold,200.0,dev-0123456789abcdef0123456789abcdef,synthetic-3-rest,29,protocol,synthetic-demo-contract-v1,True,-0.05085872847796177,-0.01195275699366697,0.02410688842947386,0.04332559292552781,0.08594879393682898,0.1301942622496779,0.16194134666771592,0.18706480168841186
1700000000875000000,10875000000,176,175,175,0,0,,,,0,rest,hold,200.0,dev-0123456789abcdef0123456789abcdef,synthetic-3-rest,29,protocol,synthetic-demo-contract-v1,True,-0.05869268934820482,-0.022644525133442166,0.01536653387469017,0.033571880209549314,0.07489616729160578,0.11948076136004225,0.15182859299317378,0.17692800410599618
1700000000880000000,10880000000,177,176,176,0,0,,,,0,rest,hold,200.0,dev-0123456789abcdef0123456789abcdef,synthetic-3-rest,29,protocol,synthetic-demo-contract-v1,True,-0.06609297027021778,-0.03293749397137837,0.0069841143138055116,0.024352867758028605,0.06430742637840127,0.1091622050325742,0.14213741223781043,0.1672724793236102
1700000000885000000,10885000000,178,177,177,0,0,,,,0,rest,hold,200.0,dev-0123456789abcdef0123456789abcdef,synthetic-3-rest,29,protocol,synthetic-demo-contract-v1,True,-0.07300884772554297,-0.04273045558703287,-0.0009675333887539635,0.01575160993710743,0.05427757358013503,0.09933102111305549,0.13295680999504056,0.15818829225733982
1700000000890000000,10890000000,179,178,178,0,0,,,,0,rest,hold,200.0,dev-0123456789abcdef0123456789abcdef,synthetic-3-rest,29,protocol,synthetic-demo-contract-v1,True,-0.07939350568190374,-0.05192627182472196,-0.008418732483790107,0.007845968163601969,0.04489707048666479,0.09007561002030244,0.1243715389061715,0.14976086850627776
1700000000895000000,10895000000,180,179,179,0,0,,,,0,rest,hold,200.0,dev-0123456789abcdef0123456789abcdef,synthetic-3-rest,29,protocol,synthetic-demo-contract-v1,True,-0.08520407895273924,-0.06043282740603793,-0.01530350963123036,0.0007079657112121669,0.0362510821643199,0.08147960996326799,0.11646138402005925,0.14207026812970672
1700000000900000000,10900000000,181,180,180,0,0,,,,0,rest,hold,200.0,dev-0123456789abcdef0123456789abcdef,synthetic-3-rest,29,protocol,synthetic-demo-contract-v1,True,-0.09040167165817208,-0.06816393924232311,-0.02156011219867877,-0.00559680776190883,0.02841876509319847,0.07362120193090506,0.10930048981150124,0.13519050371970068
1700000000905000000,10905000000,182,181,181,0,0,,,,0,rest,hold,200.0,dev-0123456789abcdef0123456789abcdef,synthetic-3-rest,29,protocol,synthetic-demo-contract-v1,True,-0.09495135762356957,-0.07504021223654751,-0.027131495725327033,-0.011009737115231708,0.021472604662848165,0.06657246017259483,0.10295673445598114,0.1291889084698586
1700000000910000000,10910000000,183,182,182,0,0,,,,0,rest,hold,200.0,dev-0123456789abcdef0123456789abcdef,synthetic-3-rest,29,protocol,synthetic-demo-contract-v1,True,-0.09882216940230405,-0.08098983237736054,-0.03196577789708789,-0.01547966367419541,0.015477807707717797,0.06039875350792647,0.09749115656378363,0.12412555952742382
1700000000915000000,10915000000,184,183,183,0,0,,,,0,rest,hold,200.0,dev-0123456789abcdef0123456789abcdef,synthetic-3-rest,29,protocol,synthetic-demo-contract-v1,True,-0.10198708226804945,-0.08594928855044578,-0.036016655589437056,-0.018963304342313195,0.010491755109276966,0.05515820238176389,0.09295743913879717,0.1200527614586341
1700000000920000000,10920000000,185,184,184,0,0,,,,0,rest,hold,200.0,dev-0123456789abcdef0123456789abcdef,synthetic-3-rest,29,protocol,synthetic-demo-contract-v1,True,-0.10442299900068608,-0.08986401521695703,-0.03924378176964768,-0.021425604526422094,0.0065635189956693134,0.05090119611732837,0.08940145505011685,0.1170145941595318
1700000000925000000,10925000000,186,185,185,0,0,,,,0,rest,hold,200.0,dev-0123456789abcdef0123456789abcdef,synthetic-3-rest,29,protocol,synthetic-demo-contract-v1,True,-0.10611074060437181,-0.09268894892762813,-0.041613099308767616,-0.022840022082809736,0.0037334485363154438,0.04766997432033348,0.0868608777918499,0.11504652901079021
1700000000930000000,10930000000,187,186,186,0,0,,,,0,rest,hold,200.0,dev-0123456789abcdef0123456789abcdef,synthetic-3-rest,29,protocol,synthetic-demo-contract-v1,True,-0.10703504726608991,-0.09438899254480689,-0.04309712903460894,-0.023188740072070693,0.002032827762393382,0.045498275855152336,0.08536486076254349,0.11417511650976127
1700000000935000000,10935000000,188,187,187,0,0,,,,0,rest,hold,200.0,dev-0123456789abcdef0123456789abcdef,synthetic-3-rest,29,protocol,synthetic-demo-contract-v1,True,-0.10718459291075622,-0.09493938202268298,-0.043675209658775076,-0.022462806707503707,0.0014836082492994083,0.04441105825400682,0.08493378772494693,0.11441774802063193
1700000000940000000,10940000000,189,188,188,0,0,,,,0,rest,hold,200.0,dev-0123456789abcdef0123456789abcdef,synthetic-3-rest,29,protocol,synthetic-demo-contract-v1,True,-0.10655201566031441,-0.0943259516369337,-0.04333368753180287,-0.020662201490661947,0.002098218878928481,0.04442428983686987,0.08557909651411322,0.11578249366917134
1700000000945000000,10945000000,190,189,189,0,0,,,,0,rest,hold,200.0,dev-0123456789abcdef0123456789abcdef,synthetic-3-rest,29,protocol,synthetic-demo-contract-v1,True,-0.10513396538689787,-0.09254529464660209,-0.04206605451912948,-0.017795827143195487,0.003879454263025141,0.04554481621800084,0.08730317745207042,0.11826801777715831
1700000000950000000,10950000000,191,190,190,0,0,,,,0,rest,hold,200.0,dev-0123456789abcdef0123456789abcdef,synthetic-3-rest,29,protocol,synthetic-demo-contract-v1,True,-0.10293116839341508,-0.08960481750030497,-0.03987303264495151,-0.013881427561245881,0.006820442759190077,0.047770302259760554,0.09009934730550727,0.12186357258841149
1700000000955000000,10955000000,192,191,191,0,0,,,,0,rest,hold,200.0,dev-0123456789abcdef0123456789abcdef,synthetic-3-rest,29,protocol,synthetic-demo-contract-v1,True,-0.0999485080890535,-0.08552268685234951,-0.03676260451910191,-0.008945432632215432,0.010904694353766797,0.05108924991067754,0.09395189899429687,0.12654907038874894
1700000000960000000,10960000000,193,192,192,0,0,,,,0,rest,hold,200.0,dev-0123456789abcdef0123456789abcdef,synthetic-3-rest,29,protocol,synthetic-demo-contract-v1,True,-0.09619511938270937,-0.08032766981823443,-0.032749988941687985,-0.003022731358660373,0.016106228026184968,0.05548109173779889,0.09883622662842978,0.1322952334715363
1700000000965000000,10965000000,194,193,193,0,0,,,,0,rest,hold,200.0,dev-0123456789abcdef0123456789abcdef,synthetic-3-rest,29,protocol,synthetic-demo-contract-v1,True,-0.09168449342430218,-0.0740588690593432,-0.027857561469100383,0.00384362467467291,0.022389777552870485,0.06091635933835408,0.10471902482429278,0.13906382075415502
1700000000970000000,10970000000,195,194,194,0,0,,,,0,rest,hold,200.0,dev-0123456789abcdef0123456789abcdef,synthetic-3-rest,29,protocol,synthetic-demo-contract-v1,True,-0.08643458831132442,-0.06676535542949054,-0.022114720120710807,0.011602784881893986,0.0297110740609507,0.06735692519783082,0.11155856063339772,0.14680792921407185
1700000000975000000,10975000000,196,195,195,0,0,,,,0,rest,hold,200.0,dev-0123456789abcdef0123456789abcdef,synthetic-3-rest,29,protocol,synthetic-demo-contract-v1,True,-0.08046794047304917,-0.05850570202762508,-0.015557696805567083,0.020196527146806434,0.03801720300805684,0.07475631595582982,0.11930501581278233,0.1554723676915104
1700000000980000000,10980000000,197,196,196,0,0,,,,0,rest,hold,200.0,dev-0123456789abcdef0123456789abcdef,synthetic-3-rest,29,protocol,synthetic-demo-contract-v1,True,-0.07381177067249713,-0.04934742456811646,-0.008229315450043262,0.029559745503437367,0.04724703264976303,0.08306009445249647,0.1279008965813579,0.16499410000414713
1700000000985000000,10985000000,198,197,197,0,0,,,,0,rest,hold,200.0,dev-0123456789abcdef0123456789abcdef,synthetic-3-rest,29,protocol,synthetic-demo-contract-v1,True,-0.0664980779485268,-0.03936633398988064,-0.0001786982079374801,0.03962099385634117,0.05733171046571397,0.09220630736181164,0.13728150744535458,0.1753027537427924
1700000000990000000,10990000000,199,198,198,0,0,,,,0,rest,hold,200.0,dev-0123456789abcdef0123456789abcdef,synthetic-3-rest,29,protocol,synthetic-demo-contract-v1,True,-0.05856371437587701,-0.02864580816612699,0.00853907846885192,0.05030308111686883,0.06819522345412282,0.10212599467819017,0.14737548514333515,0.1863211905704247
1700000000995000000,10995000000,200,199,199,0,0,,,,0,rest,hold,200.0,dev-0123456789abcdef0123456789abcdef,synthetic-3-rest,29,protocol,synthetic-demo-contract-v1,True,-0.0500504332643915,-0.017275990436581942,0.01786337573111637,0.06152371271732374,0.07975501767673963,0.11274375681416728,0.15810538826146803,0.19796613333479002
1700000001000000000,11000000000,201,200,200,0,0,,,,0,rest,hold,200.0,dev-0123456789abcdef0123456789abcdef,synthetic-3-rest,29,protocol,synthetic-demo-contract-v1,True,-0.041004903360603806,-0.005352923453600676,0.0277284296564987,0.07319617309354977,0.09192267194691056,0.12397837459359051,0.16938833760697106,0.2101488448312633
1700000001005000000,11005000000,202,201,201,0,0,,,,0,rest,hold,200.0,dev-0123456789abcdef0123456789abcdef,synthetic-3-rest,29,protocol,synthetic-demo-contract-v1,True,-0.031478681761447094,0.007022372496360389,0.03806383108147052,0.08523004340101337,0.10460462010606535,0.13574347699061975,0.18113670200575163,0.22277585262178587
1700000001010000000,11010000000,203,202,202,0,0,,,,0,rest,hold,200.0,dev-0123456789abcdef0123456789abcdef,synthetic-3-rest,29,protocol,synthetic-demo-contract-v1,True,-0.02152813860263446,0.019744866971488143,0.04879504467368927,0.09753194845237742,0.11770291593254184,0.14794825107350254,0.19325882381273818,0.23574971393097457
1700000001015000000,11015000000,204,203,203,0,0,,,,0,rest,hold,200.0,dev-0123456789abcdef0123456789abcdef,synthetic-3-rest,29,protocol,synthetic-demo-contract-v1,True,-0.011214327140083318,0.03270652247958777,0.05984396364390938,0.11000632663805891,0.13111603437439073,0.16049818826673826,0.20565977809334843,0.2489698143051513
1700000001020000000,11020000000,205,204,204,0,0,,,,0,rest,hold,200.0,dev-0123456789abcdef0123456789abcdef,synthetic-3-rest,29,protocol,synthetic-demo-contract-v1,True,-0.0006027935937975787,0.04579732270398597,0.07112949618463346,0.12255621641708193,0.14473970249766133,0.1732958607487506,0.21824215915475711,0.26233319343689
1700000001025000000,11025000000,206,205,205,0,0,,,,0,rest,hold,200.0,dev-0123456789abcdef0123456789abcdef,synthetic-3-rest,29,protocol,synthetic-demo-contract-v1,True,0.010236677942389132,0.05890631513525221,0.08256817943483608,0.13508405284490577,0.15846775329606014,0.18624172155691315,0.23090688787836394,0.2757353913290317
1700000001030000000,11030000000,207,206,206,0,0,,,,0,rest,hold,200.0,dev-0123456789abcdef0123456789abcdef,synthetic-3-rest,29,protocol,synthetic-demo-contract-v1,True,0.021230389121518693,0.07192265730714484,0.09407481650912436,0.14749246753871045,0.17219299531889448,0.19923492177977756,0.24355403313206997,0.2890713077999388
1700000001035000000,11035000000,208,207,207,0,0,,,,0,rest,hold,200.0,dev-0123456789abcdef0123456789abcdef,synthetic-3-rest,29,protocol,synthetic-demo-contract-v1,True,0.03230112184491031,0.08473665587218362,0.10556313189812677,0.15968508546918248,0.18580809094335485,0.2121741380791348,0.25608364042401294,0.30223606821742516
1700000001040000000,11040000000,209,208,208,0,0,,,,0,rest,hold,200.0,dev-0123456789abcdef0123456789abcdef,synthetic-3-rest,29,protocol,synthetic-demo-contract-v1,True,0.043368604626874384,0.09724078791143353,0.11694644034720597,0.17156731201114833,0.19920643604560964,0.22495840370327072,0.2683965608993329,0.3151258882933597
1700000001045000000,11045000000,210,209,209,0,0,,,,0,rest,hold,200.0,dev-0123456789abcdef0123456789abcdef,synthetic-3-rest,29,protocol,synthetic-demo-contract-v1,True,0.05435005034331766,0.10933069415151468,0.1281383241549491,0.18304710378286018,0.21228303381340197,0.23748793612803282,0.28039527377876083,0.32763893077478
1700000001050000000,11050000000,211,210,210,0,0,,,,0,rest,hold,200.0,dev-0123456789abcdef0123456789abcdef,synthetic-3-rest,29,protocol,synthetic-demo-contract-v1,True,0.06516076335819947,0.12090613415523097,0.13905331370338897,0.19403571695442323,0.22493535549101187,0.24966495449433754,0.2919846953924348,0.3396761469305467
1700000001055000000,11055000000,212,211,211,0,0,,,,0,rest,hold,200.0,dev-0123456789abcdef0123456789abcdef,synthetic-3-rest,29,protocol,synthetic-demo-contract-v1,True,0.07571481246223684,0.13187189405470498,0.14960756594030658,0.20444842690830134,0.23706418095511658,0.26139448009916566,0.3030729680738245,0.35114209585452477
1700000001060000000,11060000000,213,212,212,0,0,,,,0,rest,hold,200.0,dev-0123456789abcdef0123456789abcdef,synthetic-3-rest,29,protocol,synthetic-demo-contract-v1,True,0.08592576449878671,0.1421386380004906,0.15971953548186896,0.214205213387265,0.248574412186427,0.2725851133412186,0.31357222234613724,0.3619457347860998
1700000001065000000,11065000000,214,213,213,0,0,,,,0,rest,hold,200.0,dev-0123456789abcdef0123456789abcdef,synthetic-3-rest,29,protocol,synthetic-demo-contract-v1,True,0.09570747202598534,0.15162369519844177,0.16931063299250507,0.2232314055652686,0.25937585292557586,0.28314978072097197,0.32339930605563394,0.3720011738849795
1700000001070000000,11070000000,215,214,214,0,0,,,,0,rest,hold,200.0,dev-0123456789abcdef0123456789abcdef,synthetic-3-rest,29,protocol,synthetic-demo-contract-v1,True,0.1049749069054762,0.16025177518874406,0.17830586552930108,0.23145828182192787,0.2693839480807369,0.2930064457462016,0.33247647438107214,0.3812283891877847
1700000001075000000,11075000000,216,215,215,0,0,,,,0,rest,hold,200.0,dev-0123456789abcdef0123456789abcdef,synthetic-3-rest,29,protocol,synthetic-demo-contract-v1,True,0.11364503034911401,0.16795560487811506,0.1866344536110081,0.2388236193885634,0.2785204767866097,0.3020787778961039,0.34073203497376964,0.3895538878165443
1700000001080000000,11080000000,217,216,216,0,0,,,,0,rest,hold,200.0,dev-0123456789abcdef0123456789abcdef,synthetic-3-rest,29,protocol,synthetic-demo-contract-v1,True,0.12163768872702034,0.1746764817555075,0.19423041988728557,0.24527218945979054,0.286714193396901,0.310296774147303,0.3481009428557879,0.3969113199010005
1700000001085000000,11085000000,218,217,217,0,0,,,,0,rest,hold,200.0,dev-0123456789abcdef0123456789abcdef,synthetic-3-rest,29,protocol,synthetic-demo-contract-v1,True,0.1288765233723525,0.18036473869189135,0.20103314444208556,0.2507561938257792,0.2939014111221722,0.3175973279604766,0.3545253401214281,0.40324203211443815
1700000001090000000,11090000000,219,218,218,0,0,,,,0,rest,hold,200.0,dev-0123456789abcdef0123456789abcdef,synthetic-3-rest,29,protocol,synthetic-demo-contract-v1,True,0.13528988173633363,0.1849801167334487,0.20698788196570633,0.2552356395726173,0.3000265234983022,0.32392474106367813,0.3599550359460964,0.40849555820291816
1700000001095000000,11095000000,220,219,219,0,0,,,,0,rest,hold,200.0,dev-0123456789abcdef0123456789abcdef,synthetic-3-rest,29,protocol,synthetic-demo-contract-v1,True,0.14081171657440494,0.18849204333215672,0.212046236272317,0.25867864891757425,0.30504245938398017,0.3292311738441236,0.36434792290287227,0.41263004240641143
1700000001100000000,11100000000,221,220,220,0,0,,,,0,rest,hold,200.0,dev-0123456789abcdef0123456789abcdef,synthetic-3-rest,29,protocol,synthetic-demo-contract-v1,True,0.14538245939979227,0.1908798145053731,0.21616658792252524,0.26106170178805577,0.3089110677343049,0.3334770306702242,0.3676703261166355,0.4156125922230822
1700000001105000000,11105000000,222,221,221,0,0,,,,0,rest,hold,200.0,dev-0123456789abcdef0123456789abcdef,synthetic-3-rest,29,protocol,synthetic-demo-contract-v1,True,0.1489498542390964,0.1921326804638956,0.2193144710323847,0.26236980931317166,0.3116034289772342,0.33663127700579676,0.36989728234401775,0.41741955755032384
1700000001110000000,11110000000,223,222,222,0,0,,,,0,rest,hold,200.0,dev-0123456789abcdef0123456789abcdef,synthetic-3-rest,29,protocol,synthetic-demo-contract-v1,True,0.15146973777579265,0.19224983528338704,0.22146289570922992,0.26259661697038866,0.31310009042548437,0.33867168574415335,0.37101274665007417,0.41803673384328244
1700000001115000000,11115000000,224,223,223,0,0,,,,0,rest,hold,200.0,dev-0123456789abcdef0123456789abcdef,synthetic-3-rest,29,protocol,synthetic-demo-contract-v1,True,0.15290675227699407,0.19124031220479198,0.22259261294869895,0.26174443671198,0.31339122378354745,0.3395850107765101,0.3710097249546204,0.41745948755852724
1700000001120000000,11120000000,225,224,224,0,0,,,,0,rest,hold,200.0,dev-0123456789abcdef0123456789abcdef,synthetic-3-rest,29,protocol,synthetic-demo-contract-v1,True,0.15323497826662263,0.18912278712363956,0.2226923192536479,0.25982420798205685,0.3124767034525727,0.3393670864119488,0.3698903313376139,0.41569280279204107
1700000001125000000,11125000000,226,225,225,0,0,,,,0,rest,hold,200.0,dev-0123456789abcdef0123456789abcdef,synthetic-3-rest,29,protocol,synthetic-demo-contract-v1,True,0.1524384747293063,0.18592529375485525,0.2217587986914759,0.2568553881200498,0.31036610498965006,0.33802285188006903,0.36766576961868486,0.4127512486715229
1700000001130000000,11130000000,227,226,226,0,0,,,,0,rest,hold,200.0,dev-0123456789abcdef0123456789abcdef,synthetic-3-rest,29,protocol,synthetic-demo-contract-v1,True,0.15051171569386135,0.1816848548285967,0.21979700058840648,0.25286577322579373,0.3070786237371372,0.3355663007673677,0.36435623935574096,0.4086588677177462
1700000001135000000,11135000000,228,227,227,0,0,,,,0,rest,hold,200.0,dev-0123456789abcdef0123456789abcdef,synthetic-3-rest,29,protocol,synthetic-demo-contract-v1,True,0.1474599133381974,0.17644703447433271,0.21682005156395706,0.2478912511300927,0.3026429142966418,0.3320203558591649,0.3599907670362423,0.40344898604298185
1700000001140000000,11140000000,229,228,228,0,0,,,,0,rest,hold,200.0,dev-0123456789abcdef0123456789abcdef,synthetic-3-rest,29,protocol,synthetic-demo-contract-v1,True,0.14329921925930444,0.1702654176765796,0.21284920113232525,0.24197548866817328,0.29709685217566284,0.32741667047541345,0.35460696385705726,0.39716394690087486
1700000001145000000,11145000000,230,229,229,0,0,,,,0,rest,hold,200.0,dev-0123456789abcdef0123456789abcdef,synthetic-3-rest,29,protocol,synthetic-demo-contract-v1,True,0.1380567972387466,0.1632010233292308,0.20791370063564804,0.23516955598726613,0.29048721957732393,0.3217953579959015,0.34825071209960323,0.38985476973632316
1700000001150000000,11150000000,231,230,230,0,0,,,,0,rest,hold,200.0,dev-0123456789abcdef0123456789abcdef,synthetic-3-rest,29,protocol,synthetic-demo-contract-v1,True,0.1317707626779753,0.15532165797028477,0.2020506158227092,0.22753149112935986,0.28286931792977804,0.3152046518631497,0.3409757827011573,0.3815807375005919
1700000001155000000,11155000000,232,231,231,0,0,,,,0,rest,hold,200.0,dev-0123456789abcdef0123456789abcdef,synthetic-3-rest,29,protocol,synthetic-demo-contract-v1,True,0.12448998584762674,0.14670121774032133,0.1953045739411899,0.21912580861184883,0.27430651035657005,0.30770049892483714,0.3328433871958811,0.3724089155910098
1700000001160000000,11160000000,233,232,232,0,0,,,,0,rest,hold,200.0,dev-0123456789abcdef0123456789abcdef,synthetic-3-rest,29,protocol,synthetic-demo-contract-v1,True,0.11627375815679078,0.1374189464729064,0.18772744676729347,0.2100229561784583,0.2648696978674992,0.2993460895271095,0.32392166774545317,0.3624136063412144
1700000001165000000,11165000000,234,233,233,0,0,,,,0,rest,hold,200.0,dev-0123456789abcdef0123456789abcdef,synthetic-3-rest,29,protocol,synthetic-demo-contract-v1,True,0.10719132276593256,0.12755865809120515,0.17937797154877655,0.20029872430692594,0.2546367335965813,0.29021132829112584,0.3142851294947424,0.35167574352236347
1700000001170000000,11170000000,235,234,234,0,0,,,,0,rest,hold,200.0,dev-0123456789abcdef0123456789abcdef,synthetic-3-rest,29,protocol,synthetic-demo-contract-v1,True,0.09732127300308915,0.11720793165172555,0.17032131238120862,0.19003361343512068,0.24369177992501898,0.28037224999335236,0.30401401996835414,0.3402822318135619
1700000001175000000,11175000000,236,235,235,0,0,,,,0,rest,hold,200.0,dev-0123456789abcdef0123456789abcdef,synthetic-3-rest,29,protocol,synthetic-demo-contract-v1,True,0.08675082415883711,0.10645728744393163,0.1606285650677964,0.1793121642006663,0.2321246137984435,0.26991038542142115,0.29319366066518276,0.3283252366568554
1700000001180000000,11180000000,237,236,236,0,0,,,,0,rest,hold,200.0,dev-0123456789abcdef0123456789abcdef,synthetic-3-rest,29,protocol,synthetic-demo-contract-v1,True,0.07557496629299205,0.0953993525253753,0.15037620902550303,0.16822225627811196,0.2200298859752158,0.2589120824881231,0.28191373640663275,0.3159014303247383
1700000001185000000,11185000000,238,237,237,0,0,,,,0,rest,hold,200.0,dev-0123456789abcdef0123456789abcdef,synthetic-3-rest,29,protocol,synthetic-demo-contract-v1,True,0.06389550764741818,0.08412802394908699,0.13964551028962524,0.15685438163999676,0.20750634032269347,0.24746778825288995,0.27026754834658384,0.3031112003927461
1700000001190000000,11190000000,239,238,238,0,0,,,,0,rest,hold,200.0,dev-0123456789abcdef0123456789abcdef,synthetic-3-rest,29,protocol,synthetic-demo-contract-v1,True,0.051820020088587056,0.07273763772757692,0.1285218801308261,0.1453008982620022,0.19465599960799673,0.23567129781997187,0.2583512368545824,0.29005782712338396
1700000001195000000,11195000000,240,239,239,0,0,,,,0,rest,hold,200.0,dev-0123456789abcdef0123456789abcdef,synthetic-3-rest,29,protocol,synthetic-demo-contract-v1,True,0.039460699666621024,0.0613221512812489,0.11709419422827652,0.13365527043630057,0.1815833245061721,0.2236189763527645,0.2462629807355741,0.2768466365277106
1700000001200000000,11200000000,241,240,240,0,0,,,,0,rest,hold,200.0,dev-0123456789abcdef0123456789abcdef,synthetic-3-rest,29,protocol,synthetic-demo-contract-v1,True,0.026933156843384896,0.04997434674469299,0.10545407773575484,0.12201130195021984,0.16839435276952244,0.21140896066222684,0.23410217944769532,0.26358413607525183
1700000001205000000,11205000000,242,241,241,0,0,,,,0,rest,hold,200.0,dev-0123456789abcdef0123456789abcdef,synthetic-3-rest,29,protocol,synthetic-demo-contract-v1,True,0.014355152183010648,0.03878506205934335,0.09369516193015236,0.11046236842880791,0.15519582566536738,0.19914034699221286,0.22196862512250487,0.2503771401697856
1700000001210000000,11210000000,243,242,242,0,0,,,,0,rest,hold,200.0,dev-0123456789abcdef0123456789abcdef,synthetic-3-rest,29,protocol,synthetic-demo-contract-v1,True,0.0018452942904043717,0.027842456273338093,0.08191231844009836,0.09910065512967207,0.14209430889432648,0.18691237173453903,0.2099616712784237,0.23733189259674484
1700000001215000000,11215000000,244,243,243,0,0,,,,0,rest,hold,200.0,dev-0123456789abcdef0123456789abcdef,synthetic-3-rest,29,protocol,synthetic-demo-contract-v1,True,-0.010478282492495225,0.01723131490758506,0.07020087731284397,0.08801640641680093,0.12919531524645717,0.17482359186079294,0.19817940514727878,0.2245531931767345
1700000001220000000,11220000000,245,244,244,0,0,,,,0,rest,hold,200.0,dev-0123456789abcdef0123456789abcdef,synthetic-3-rest,29,protocol,synthetic-demo-contract-v1,True,-0.02249924268099261,0.007032400640060792,0.05865583538710148,0.0772971930276648,0.11660243623792256,0.1629710718558875,0.18671783050551793,0.21214353582873968
1700000001225000000,11225000000,246,245,245,0,0,,,,0,rest,hold,200.0,dev-0123456789abcdef0123456789abcdef,synthetic-3-rest,29,protocol,synthetic-demo-contract-v1,True,-0.03410435843038382,-0.002678146082486025,0.0473710615954921,0.06702720308576979,0.10441648989635557,0.1514495838801657,0.17567006781604189,0.20020226515619724
1700000001230000000,11230000000,247,246,246,0,0,,,,0,rest,hold,200.0,dev-0123456789abcdef0123456789abcdef,synthetic-3-rest,29,protocol,synthetic-demo-contract-v1,True,-0.04518478455023372,-0.01182935256545481,0.03643850592042801,0.05728656260053595,0.09273469172940219,0.1403508277730182,0.1651255783444273,0.1888247585199746
1700000001235000000,11235000000,248,247,247,0,0,,,,0,rest,hold,200.0,dev-0123456789abcdef0123456789abcdef,synthetic-3-rest,29,protocol,synthetic-demo-contract-v1,True,-0.0556372822323511,-0.020355902265978797,0.025947418769886942,0.04815069093975986,0.08164985571916089,0.12976267734245736,0.1551694187157607,0.17810164035566775
1700000001240000000,11240000000,249,248,248,0,0,,,,0,rest,hold,200.0,dev-0123456789abcdef0123456789abcdef,synthetic-3-rest,29,protocol,synthetic-demo-contract-v1,True,-0.06536537470087594,-0.028198563510659965,0.015983587523338,0.03968969645920984,0.07124963193693146,0.11976845916327843,0.14588153212695038,0.1681180352301233
1700000001245000000,11245000000,250,249,249,0,0,,,,0,rest,hold,200.0,dev-0123456789abcdef0123456789abcdef,synthetic-3-rest,29,protocol,synthetic-demo-contract-v1,True,-0.07428041899406813,-0.03530455666257136,0.00662859692236932,0.03196781713174575,0.061615787069956275,0.11044626983325027,0.13733608212636358,0.15895286581593074
1700000001250000000,11250000000,251,250,250,0,0,,,,0,rest,hold,200.0,dev-0123456789abcdef0123456789abcdef,synthetic-3-rest,29,protocol,synthetic-demo-contract-v1,True,-0.08230257934633206,-0.0416278585497108,-0.002040880154891638,0.025042910637633833,0.052823533797126725,0.10186833731445336,0.12960083452040477,0.15067820159534132
1700000001255000000,11255000000,252,251,251,0,0,,,,0,rest,hold,200.0,dev-0123456789abcdef0123456789abcdef,synthetic-3-rest,29,protocol,synthetic-demo-contract-v1,True,-0.08936168913374894,-0.04712944362922858,-0.009953755191282212,0.018965997961712524,0.044940914546914394,0.09410043161815537,0.12273659256815776,0.1433586636897249
1700000001260000000,11260000000,253,252,252,0,0,,,,0,rest,hold,200.0,dev-0123456789abcdef0123456789abcdef,synthetic-3-rest,29,protocol,synthetic-demo-contract-v1,True,-0.0953979900507358,-0.05177746199729478,-0.017045153709041184,0.013780864095227273,0.03802824472135571,0.08720132967951785,0.11679669018371691,0.1370508907506253
1700000001265000000,11265000000,254,253,253,0,0,,,,0,rest,hold,200.0,dev-0123456789abcdef0123456789abcdef,synthetic-3-rest,29,protocol,synthetic-demo-contract-v1,True,-0.10036273906931188,-0.05554735495636967,-0.02325699634844232,0.009523718964283782,0.03213761997853052,0.08122233881643641,0.1118265473850194,0.1318030703475532
1700000001270000000,11270000000,255,254,254,0,0,,,,0,rest,hold,200.0,dev-0123456789abcdef0123456789abcdef,synthetic-3-rest,29,protocol,synthetic-demo-contract-v1,True,-0.10421867576259368,-0.0584219094137052,-0.028538525931122993,0.006222921206907407,0.027312491636647666,0.07620688267865945,0.10786329171181382,0.12765453974994048
1700000001275000000,11275000000,256,255,255,0,0,,,,0,rest,hold,200.0,dev-0123456789abcdef0123456789abcdef,synthetic-3-rest,29,protocol,synthetic-demo-contract-v1,True,-0.10694034471464897,-0.0603912529017467,-0.032846775510219306,0.0038987669008266213,0.02358731369999179,0.07219015307309597,0.10493544878815884,0.12463545943062852
1700000001280000000,11280000000,257,256,256,0,0,,,,0,rest,hold,200.0,dev-0123456789abcdef0123456789abcdef,synthetic-3-rest,29,protocol,synthetic-demo-contract-v1,True,-0.1085142699519622,-0.06145279147830413,-0.03614697287634666,0.002563344808583044,0.020987264415208144,0.06919883050320513,0.103062704631045,0.12276656202053224
1700000001285000000,11285000000,258,257,257,0,0,,,,0,rest,hold,200.0,dev-0123456789abcdef0123456789abcdef,synthetic-3-rest,29,protocol,synthetic-demo-contract-v1,True,-0.10893898057849481,-0.06161109317840418,-0.038412877501081764,0.002220459159853399,0.019528044650622266,0.06725087568913656,0.10225574171114715,0.12205897882366215
1700000001290000000,11290000000,259,258,258,0,0,,,,0,rest,hold,200.0,dev-0123456789abcdef0123456789abcdef,synthetic-3-rest,29,protocol,synthetic-demo-contract-v1,True,-0.10822488903724743,-0.06087772004811035,-0.0396270464538347,0.002865620437422215,0.019215754756586337,0.06635539374559271,0.10251615015927949,0.12251414536359405
1700000001295000000,11295000000,260,259,259,0,0,,,,0,rest,hold,200.0,dev-0123456789abcdef0123456789abcdef,synthetic-3-rest,29,protocol,synthetic-demo-contract-v1,True,-0.10639402561723081,-0.05927101209178646,-0.039781026419330706,0.004486104077587063,0.020046850916444522,0.066512572091098,0.1038364148878971,0.12412378678200245
1700000001300000000,11300000000,261,260,260,0,0,,,,0,rest,hold,200.0,dev-0123456789abcdef0123456789abcdef,synthetic-3-rest,29,protocol,synthetic-demo-contract-v1,True,-0.10347963493774315,-0.05681582670770362,-0.03887546956639213,0.007061076442455473,0.022008181340989273,0.06771369255050357,0.1061999787661678,0.12686998325239165
1700000001305000000,11305000000,262,261,261,0,0,,,,0,rest,hold,200.0,dev-0123456789abcdef0123456789abcdef,synthetic-3-rest,29,protocol,synthetic-demo-contract-v1,True,-0.09952564213553097,-0.05354323737295881,-0.03692017166902842,0.010561786875079734,0.02507710199965043,0.06994121749719004,0.10958138135493935,0.13072531491307604
1700000001310000000,11310000000,263,262,262,0,0,,,,0,rest,hold,200.0,dev-0123456789abcdef0123456789abcdef,synthetic-3-rest,29,protocol,synthetic-demo-contract-v1,True,-0.09458599832092315,-0.04949019546867453,-0.0339340315523656,0.01495182411310449,0.029221670924571938,0.07316894926765888,0.11394647207960255,0.13565308516821573
1700000001315000000,11315000000,264,263,263,0,0,,,,0,rest,hold,200.0,dev-0123456789abcdef0123456789abcdef,synthetic-3-rest,29,protocol,synthetic-demo-contract-v1,True,-0.08872391652560184,-0.0446991592125404,-0.029944931622770992,0.020187434816881258,0.03440091947461353,0.07736226147410893,0.11925269609961087,0.14160762055971052
1700000001320000000,11320000000,265,264,264,0,0,,,,0,rest,hold,200.0,dev-0123456789abcdef0123456789abcdef,synthetic-3-rest,29,protocol,synthetic-demo-contract-v1,True,-0.08201101081019362,-0.03921769369087525,-0.02498953993752992,0.026217901468005976,0.04056519831052622,0.0824784002452019,0.12544945052840167,0.14853464478131578
1700000001325000000,11325000000,266,265,265,0,0,,,,0,rest,hold,200.0,dev-0123456789abcdef0123456789abcdef,synthetic-3-rest,29,protocol,synthetic-demo-contract-v1,True,-0.0745263524113741,-0.03309804596017088,-0.01911303496830868,0.032985976417966356,0.04765659521534839,0.08846685284646247,0.1324785080717017,0.15637172379468858
1700000001330000000,11330000000,267,266,266,0,0,,,,0,rest,hold,200.0,dev-0123456789abcdef0123456789abcdef,synthetic-3-rest,29,protocol,synthetic-demo-contract-v1,True,-0.066355457767287,-0.026396699122793157,-0.012368754908010078,0.040428368417818966,0.055609421300536865,0.0952697805744117,0.14027450459054008,0.16504877842023202
1700000001335000000,11335000000,268,267,267,0,0,,,,0,rest,hold,200.0,dev-0123456789abcdef0123456789abcdef,synthetic-3-rest,29,protocol,synthetic-demo-contract-v1,True,-0.057589223953286015,-0.019173909177923994,-0.004817774056032445,0.048476277542128715,0.06435076157340473,0.10282251228721674,0.14876548656242136,0.17448866021844234
1700000001340000000,11340000000,269,268,268,0,0,,,,0,rest,hold,200.0,dev-0123456789abcdef0123456789abcdef,synthetic-3-rest,29,protocol,synthetic-demo-contract-v1,True,-0.04832282747892039,-0.011493228312114448,0.003471590514037044,0.05705597403707493,0.07380108530974333,0.1110540944337432,0.15787351391445148,0.18460778595457009
1700000001345000000,11345000000,270,269,269,0,0,,,,0,rest,hold,200.0,dev-0123456789abcdef0123456789abcdef,synthetic-3-rest,29,protocol,synthetic-demo-contract-v1,True,-0.038654602538590765,-0.0034210181294891586,0.012424338153961951,0.06608941627664772,0.0838749111814341,0.11988789297653861,0.16751531323989574,0.19531682545508627
1700000001350000000,11350000000,271,270,270,0,0,,,,0,rest,hold,200.0,dev-0123456789abcdef0123456789abcdef,synthetic-3-rest,29,protocol,synthetic-demo-contract-v1,True,-0.028684914674471162,0.004974043864672329,0.021959405239953357,0.075494902704948,0.09448152163652643,0.1292422421763399,0.17760297598857164,0.20652143722273478
1700000001355000000,11355000000,272,271,271,0,0,,,,0,rest,hold,200.0,dev-0123456789abcdef0123456789abcdef,synthetic-3-rest,29,protocol,synthetic-demo-contract-v1,True,-0.0185150454084598,0.013621461415763599,0.031990342121224494,0.08518775237907904,0.1055257206223615,0.13903113481967366,0.1880446958450966,0.21812304578146555
1700000001360000000,11360000000,273,272,272,0,0,,,,0,rest,hold,200.0,dev-0123456789abcdef0123456789abcdef,synthetic-3-rest,29,protocol,synthetic-demo-contract-v1,True,-0.008246102742333904,0.022449417408919013,0.04242604082617601,0.09508100850801719,0.11690862838426078,0.14916494813022482,0.19874553918050283,0.23001965437658234
1700000001365000000,11365000000,274,273,273,0,0,,,,0,rest,hold,200.0,dev-0123456789abcdef0123456789abcdef,synthetic-3-rest,29,protocol,synthetic-demo-contract-v1,True,0.002022028471045572,0.03138526981513296,0.053171507438726465,0.10508615920977385,0.12852850676598462,0.15955119931164732,0.20960824218479596,0.24210668636183655
1700000001370000000,11370000000,275,274,274,0,0,,,,0,rest,hold,200.0,dev-0123456789abcdef0123456789abcdef,synthetic-3-rest,29,protocol,synthetic-demo-contract-v1,True,0.012191683396424773,0.040356043231911755,0.06412867261279732,0.11511386958341603,0.14028160818618476,0.1700953244268416,0.22053402806304484,0.25427784836642403
1700000001375000000,11375000000,276,275,275,0,0,,,,0,rest,hold,200.0,dev-0123456789abcdef0123456789abcdef,synthetic-3-rest,29,protocol,synthetic-demo-contract-v1,True,0.02216834974172375,0.04928891376830146,0.07519723330416274,0.12507471911492357,0.15206304126945006,0.18070147412836202,0.23142343750737984,0.26642600815283896
1700000001380000000,11380000000,277,276,276,0,0,,,,0,rest,hold,200.0,dev-0123456789abcdef0123456789abcdef,synthetic-3-rest,29,protocol,synthetic-demo-contract-v1,True,0.03186152582725257,0.0581116852267341,0.08627551846994684,0.13487993840695534,0.1637676459729425,0.1912733196181463,0.2421771655433256,0.2784440799528556
1700000001385000000,11385000000,278,277,277,0,0,,,,0,rest,hold,200.0,dev-0123456789abcdef0123456789abcdef,synthetic-3-rest,29,protocol,synthetic-demo-contract-v1,True,0.04118549568760573,0.06675325472294699,0.09726137122054235,0.14444213924241248,0.1752908709711297,0.20171486213323986,0.2526968977921199,0.29022591000453674
1700000001390000000,11390000000,279,278,278,0,0,,,,0,rest,hold,200.0,dev-0123456789abcdef0123456789abcdef,synthetic-3-rest,29,protocol,synthetic-demo-contract-v1,True,0.05006001439667629,0.07514406605691965,0.10805303970970825,0.15367603205996866,0.18652964604243596,0.21193123922831977,0.26288613919161563,0.3016671550087058
1700000001395000000,11395000000,280,279,279,0,0,,,,0,rest,hold,200.0,dev-0123456789abcdef0123456789abcdef,synthetic-3-rest,29,protocol,synthetic-demo-contract-v1,True,0.05841089857201177,0.08321654929956773,0.11855006891846818,0.16249912503575598,0.19738324224288162,0.22182952115576807,0.2726510282770104,0.31266614627877054
1700000001400000000,11400000000,281,280,280,0,0,,,,0,rest,hold,200.0,dev-0123456789abcdef0123456789abcdef,synthetic-3-rest,29,protocol,synthetic-demo-contract-v1,True,0.0661705188094294,0.0909055451897903,0.12865418542896315,0.1708323991280623,0.20775411275260963,0.23131949072951985,0.2819011302385277,0.3231247324727235
1700000001405000000,11405000000,282,281,281,0,0,,,,0,rest,hold,200.0,dev-0123456789abcdef0123456789abcdef,synthetic-3-rest,29,protocol,synthetic-demo-contract-v1,True,0.07327819258702144,0.09814871304309636,0.13827016729678268,0.17860095364981135,0.2175487074408217,0.24031440019923253,0.29055020214539184,0.3329490939696538
1700000001410000000,11410000000,283,282,282,0,0,,,,0,rest,hold,200.0,dev-0123456789abcdef0123456789abcdef,synthetic-3-rest,29,protocol,synthetic-demo-contract-v1,True,0.07968047792466378,0.10488692095580612,0.14730669121491607,0.18573461718488293,0.22667825441169012,0.24873169885524715,0.2985169239525365,0.34205052218373827
1700000001415000000,11415000000,284,283,283,0,0,,,,0,rest,hold,200.0,dev-0123456789abcdef0123456789abcdef,synthetic-3-rest,29,protocol,synthetic-demo-contract-v1,True,0.08533136975766457,0.11106461714792223,0.1556771493191513,0.19216851895689313,0.23505950206653128,0.2564937253307584,0.30572558918665277,0.35034615739458097
1700000001420000000,11420000000,285,284,284,0,0,,,,0,rest,hold,200.0,dev-0123456789abcdef0123456789abcdef,synthetic-3-rest,29,protocol,synthetic-demo-contract-v1,True,0.0901924025500258,0.11663018132403,0.16330042821254762,0.19784361609036277,0.24261541554362467,0.2635283588634711,0.31210674953907275,0.3577596790115621
1700000001425000000,11425000000,286,285,285,0,0,,,,0,rest,hold,200.0,dev-0123456789abcdef0123456789abcdef,synthetic-3-rest,29,protocol,synthetic-demo-contract-v1,True,0.09423266410548439,0.12153625494662162,0.17010164308396544,0.20270717257152016,0.24927582177389487,0.26976962412237776,0.31759780797192766,0.364221942578809
1700000001430000000,11430000000,287,286,286,0,0,,,,0,rest,hold,200.0,dev-0123456789abcdef0123456789abcdef,synthetic-3-rest,29,protocol,synthetic-demo-contract-v1,True,0.09742872680777628,0.12574004931222083,0.1760128201602376,0.20671318611620979,0.25497799781508157,0.2751582445932232,0.322143555367849,0.3696715582632694
1700000001435000000,11435000000,288,287,287,0,0,,,,0,rest,hold,200.0,dev-0123456789abcdef0123456789abcdef,synthetic-3-rest,29,protocol,synthetic-demo-contract-v1,True,0.0997645036139303,0.12920363030046333,0.18097352116050647,0.20982275958222027,0.2596671975955388,0.27964213994553716,0.32569664621874256,0.37405540604761145
1700000001440000000,11440000000,289,288,288,0,0,,,,0,rest,hold,200.0,dev-0123456789abcdef0123456789abcdef,synthetic-3-rest,29,protocol,synthetic-demo-contract-v1,True,0.10123103701845558,0.1318941786331741,0.18493140391093937,0.2120044140192339,0.2632971127075253,0.2831768632712078,0.32821800935199147,0.3773290833683325
1700000001445000000,11445000000,290,289,289,0,0,,,,0,rest,hold,200.0,dev-0123456789abcdef0123456789abcdef,synthetic-3-rest,29,protocol,synthetic-demo-contract-v1,True,0.10182622988911051,0.13378422443830848,0.18784271382431772,0.21323434092781957,0.26583026343460725,0.2857259745855727,0.3296771902287171,0.37945728149328745
1700000001450000000,11450000000,291,290,290,0,0,,,,0,rest,hold,200.0,dev-0123456789abcdef0123456789abcdef,synthetic-3-rest,29,protocol,synthetic-demo-contract-v1,True,0.1015545275382557,0.1348518548665242,0.18967270154710905,0.21349659179550823,0.26723831677406545,0.2872613475127382,0.33005262191399504,0.38041408751728073
1700000001455000000,11455000000,292,291,291,0,0,,,,0,rest,hold,200.0,dev-0123456789abcdef0123456789abcdef,synthetic-3-rest,29,protocol,synthetic-demo-contract-v1,True,0.10042656063410814,0.13508089346057187,0.19039596272130546,0.21278320348896204,0.267502328818229,0.2877634066328873,0.3293318224085231,0.38018320946459616
1700000001460000000,11460000000,293,292,292,0,0,,,,0,rest,hold,200.0,dev-0123456789abcdef0123456789abcdef,synthetic-3-rest,29,protocol,synthetic-demo-contract-v1,True,0.09845875857487153,0.13446104993425573,0.1899966964938051,0.21109425860244094,0.2666129094834779,0.28722129354609577,0.32751151664031464,0.3787581226183695
1700000001465000000,11465000000,294,293,293,0,0,,,,0,rest,hold,200.0,dev-0123456789abcdef0123456789abcdef,synthetic-3-rest,29,protocol,synthetic-demo-contract-v1,True,0.0956729427517614,0.13298803898307807,0.1884688801262318,0.2084378803899475,0.2645703082170943,0.2856329602998374,0.3245976820384813,0.376142135843317
1700000001470000000,11470000000,295,294,294,0,0,,,,0,rest,hold,200.0,dev-0123456789abcdef0123456789abcdef,synthetic-3-rest,29,protocol,synthetic-demo-contract-v1,True,0.09209590872498524,0.13066366672750107,0.18581635780627806,0.20483016243735036,0.26138441996489964,0.28300518943100805,0.32060551724394143,0.37234837732522696
1700000001475000000,11475000000,296,295,295,0,0,,,,0,rest,hold,200.0,dev-0123456789abcdef0123456789abcdef,synthetic-3-rest,29,protocol,synthetic-demo-contract-v1,True,0.08775900574468644,0.12749588338653142,0.18205284253107895,0.20029503375719063,0.2570747113413119,0.2793535404829301,0.31555933414869397,0.367399699812382
1700000001480000000,11480000000,297,296,296,0,0,,,,0,rest,hold,200.0,dev-0123456789abcdef0123456789abcdef,synthetic-3-rest,29,protocol,synthetic-demo-contract-v1,True,0.08269772128551431,0.12349880079829964,0.17720183071664664,0.19486406050854752,0.25167006760264127,0.2747022234683395,0.3094923740908748,0.3613285061052634
1700000001485000000,11485000000,298,297,297,0,0,,,,0,rest,hold,200.0,dev-0123456789abcdef0123456789abcdef,synthetic-3-rest,29,protocol,synthetic-demo-contract-v1,True,0.07695127735116906,0.11869267344938243,0.17129642997776745,0.18857618605311832,0.24520856167867766,0.2690839003557604,0.3024465496618858,0.3541764961960576
1700000001490000000,11490000000,299,298,298,0,0,,,,0,rest,hold,200.0,dev-0123456789abcdef0123456789abcdef,synthetic-3-rest,29,protocol,synthetic-demo-contract-v1,True,0.07056224426925099,0.11310384174924255,0.16437910131257616,0.18147741155250474,0.23773714716149705,0.2625394162538942,0.2944721141992579,0.34599433810324226
1700000001495000000,11495000000,300,299,299,0,0,,,,0,rest,hold,200.0,dev-0123456789abcdef0123456789abcdef,synthetic-3-rest,29,protocol,synthetic-demo-contract-v1,True,0.06357617656472382,0.10676463639328204,0.15650131770788364,0.17362041978667309,0.2293112777786285,0.2551174625517519,0.285627261639465,0.3368412650735821
1700000001500000000,11500000000,301,300,300,0,0,,,,0,rest,hold,200.0,dev-0123456789abcdef0123456789abcdef,synthetic-3-rest,29,protocol,synthetic-demo-contract-v1,True,0.05604127430173599,0.09971324279991185,0.14772314194783914,0.16506414532589794,0.2199944564850595,0.2468741748363989,0.27597765998364954,0.32678460242904334
1700000001505000000,11505000000,302,301,301,0,0,,,,0,rest,hold,200.0,dev-0123456789abcdef0123456789abcdef,synthetic-3-rest,29,protocol,synthetic-demo-contract-v1,True,0.048008072049046446,0.09199352478537345,0.13811272715240283,0.1558732946146443,0.20985771789002272,0.23787266895069112,0.26559592218136785,0.3158992279144576
1700000001510000000,11510000000,303,302,302,0,0,,,,0,rest,hold,200.0,dev-0123456789abcdef0123456789abcdef,synthetic-3-rest,29,protocol,synthetic-demo-contract-v1,True,0.03952915638494906,0.0836548068557151,0.12774574428630958,0.14611781992246176,0.19897904828530316,0.22818251906579276,0.25456101875843945,0.3042669699484921
1700000001515000000,11515000000,304,303,303,0,0,,,,0,rest,hold,200.0,dev-0123456789abcdef0123456789abcdef,synthetic-3-rest,29,protocol,synthetic-demo-contract-v1,True,0.03065891164419325,0.07475161474839706,0.11670474155686004,0.13587235148090904,0.18744274805734973,0.21787918212331847,0.24295763700043277,0.29197594869106597
1700000001520000000,11520000000,305,304,304,0,0,,,,0,rest,hold,200.0,dev-0123456789abcdef0123456789abcdef,synthetic-3-rest,29,protocol,synthetic-demo-contract-v1,True,0.021453292451938107,0.06534337414582121,0.10507844125349829,0.12521559245401834,0.17533874174155428,0.2070433734456895,0.23087549194924403,0.27911986531064187
1700000001525000000,11525000000,306,305,305,0,0,,,,0,rest,hold,200.0,dev-0123456789abcdef0123456789abcdef,synthetic-3-rest,29,protocol,synthetic-demo-contract-v1,True,0.011969620516609408,0.055494067808070896,0.09296098016756935,0.1142296816802512,0.16276184140970118,0.19576039871703518,0.21840859487288353,0.26579724526089576
1700000001530000000,11530000000,307,306,306,0,0,,,,0,rest,hold,200.0,dev-0123456789abcdef0123456789abcdef,synthetic-3-rest,29,protocol,synthetic-demo-contract-v1,True,0.0022664021909226642,0.045271851729998064,0.08045110026124842,0.10299952937411436,0.1498109694672628,0.1841194478974162,0.2056544852246608,0.2521106417546622
1700000001535000000,11535000000,308,307,307,0,0,,,,0,rest,hold,200.0,dev-0123456789abcdef0123456789abcdef,synthetic-3-rest,29,protocol,synthetic-demo-contract-v1,True,-0.007596837518284027,0.0347486313152676,0.06765129672517545,0.09161213118362949,0.13658834727268038,0.1722128569472586,0.192713432414439,0.238165805950605
1700000001540000000,11540000000,309,308,308,0,0,,,,0,rest,hold,200.0,dev-0123456789abcdef0123456789abcdef,synthetic-3-rest,29,protocol,synthetic-demo-contract-v1,True,-0.017559709485096643,0.023999598973161895,0.05466693097024111,0.0801558661641806,0.12319865627331285,0.16013534350413852,0.17968761396900387,0.22407083064211883
1700000001545000000,11545000000,310,309,309,0,0,,,,0,rest,hold,200.0,dev-0123456789abcdef0123456789abcdef,synthetic-3-rest,29,protocol,synthetic-demo-contract-v1,True,-0.027561109041704616,0.013102734978105298,0.04160531643619539,0.06871978434863447,0.10974817857997102,0.14798322286820545,0.16668027685868408,0.20993527445622792
1700000001550000000,11550000000,311,310,310,0,0,,,,0,rest,hold,200.0,dev-0123456789abcdef0123456789abcdef,synthetic-3-rest,29,protocol,synthetic-demo-contract-v1,True,-0.03753936441520152,0.002138273881654858,0.028574785364965164,0.05739288966724786,0.09634392407205908,0.13585361081387798,0.15379488891153997,0.19586927373096275
1700000001555000000,11555000000,312,311,311,0,0,,,,0,rest,hold,200.0,dev-0123456789abcdef0123456789abcdef,synthetic-3-rest,29,protocol,synthetic-demo-contract-v1,True,-0.047432390970297084,-0.00881186077392855,0.01568374487702691,0.04626342399819791,0.08309275123685592,0.12384361985259731,0.14113428732342795,0.18198264934148303
1700000001560000000,11560000000,313,312,312,0,0,,,,0,rest,hold,200.0,dev-0123456789abcdef0123456789abcdef,synthetic-3-rest,29,protocol,synthetic-demo-contract-v1,True,-0.05717785713788341,-0.019664650228947374,0.0030397308029509467,0.0354181581105315,0.07010048899850516,0.11204955562356503,0.1287998313013421,0.16838401578727843
1700000001565000000,11565000000,314,313,313,0,0,,,,0,rest,hold,200.0,dev-0123456789abcdef0123456789abcdef,synthetic-3-rest,29,protocol,synthetic-demo-contract-v1,True,-0.06671336764881745,-0.03033659909616799,-0.009251532241945226,0.024941695196179458,0.05747106678441831,0.10056612008609835,0.1168905658483684,0.15517989983476826
1700000001570000000,11570000000,315,314,314,0,0,,,,0,rest,hold,200.0,dev-0123456789abcdef0123456789abcdef,synthetic-3-rest,29,protocol,synthetic-demo-contract-v1,True,-0.075976669243008,-0.040744374649683786,-0.021087056094559187,0.014915792577003963,0.04530566000904719,0.08948562812851062,0.10550240361152274,0.14247387593164387
1700000001575000000,11575000000,316,315,315,0,0,,,,0,rest,hold,200.0,dev-0123456789abcdef0123456789abcdef,synthetic-3-rest,29,protocol,synthetic-demo-contract-v1,True,-0.08490588339580403,-0.05080546226617723,-0.03236749126816399,0.00541870701768637,0.03370185802797264,0.07889724409483631,0.0947273315694364,0.1303657254720493
1700000001580000000,11580000000,317,316,316,0,0,,,,0,rest,hold,200.0,dev-0123456789abcdef0123456789abcdef,synthetic-3-rest,29,protocol,synthetic-demo-contract-v1,True,-0.09343976981103712,-0.060438832069316134,-0.04299799803744362,-0.0034754311231071627,0.022752861429976342,0.06888624456316579,0.08465264913641066,0.11895062679625348
1700000001585000000,11585000000,318,317,317,0,0,,,,0,rest,hold,200.0,dev-0123456789abcdef0123456789abcdef,synthetic-3-rest,29,protocol,synthetic-demo-contract-v1,True,-0.10151802349095207,-0.06956561145898107,-0.05288907853163658,-0.011697209910687057,0.01254671529279955,0.05953331348930089,0.07536024400446832,0.10831838255648946
1700000001590000000,11590000000,319,318,318,0,0,,,,0,rest,hold,200.0,dev-0123456789abcdef0123456789abcdef,synthetic-3-rest,29,protocol,synthetic-demo-contract-v1,True,-0.10908160712944268,-0.07810975787906153,-0.06195736232961968,-0.01918248930821613,0.003165584731577383,0.05091387555866747,0.06692591173770213,0.09855269077413716
1700000001595000000,11595000000,320,319,319,0,0,,,,0,rest,hold,200.0,dev-0123456789abcdef0123456789abcdef,synthetic-3-rest,29,protocol,synthetic-demo-contract-v1,True,-0.1160731194112322,-0.08599872589768477,-0.07012633846718525,-0.025872911709834218,-0.005314921280010749,0.04309747327024879,0.05941872477603524,0.08973046555498913
1700000001600000000,11600000000,321,320,320,0,0,,,,0,rest,hold,200.0,dev-0123456789abcdef0123456789abcdef,synthetic-3-rest,29,protocol,synthetic-demo-contract-v1,True,-0.12243719856332658,-0.09316412244864489,-0.07732702724921696,-0.03171636548753067,-0.012826372234193943,0.0361471929113442,0.05290045610134141,0.08192121302185629
1700000001605000000,11605000000,322,321,321,0,0,,,,0,rest,hold,200.0,dev-0123456789abcdef0123456789abcdef,synthetic-3-rest,29,protocol,synthetic-demo-contract-v1,True,-0.1281209592255286,-0.09954234391853758,-0.08349858580341947,-0.03666739788913562,-0.01930807942191213,0.030119144174302184,0.047425062371084736,0.07518646757065262
1700000001610000000,11610000000,323,322,322,0,0,,,,0,rest,hold,200.0,dev-0123456789abcdef0123456789abcdef,synthetic-3-rest,29,protocol,synthetic-demo-contract-v1,True,-0.13307445941477536,-0.10507518866616293,-0.08858884191268862,-0.040687574036304866,-0.02470759562359301,0.02506199771937276,0.04303823083686287,0.06957929306101374
1700000001615000000,11615000000,324,323,323,0,0,,,,0,rest,hold,200.0,dev-0123456789abcdef0123456789abcdef,synthetic-3-rest,29,protocol,synthetic-demo-contract-v1,True,-0.13725119308489628,-0.10971043853377192,-0.09255475131445548,-0.043745779208149274,-0.028981147032796018,0.02101658450522912,0.03977699384152131,0.06514385301957665
1700000001620000000,11620000000,325,324,324,0,0,,,,0,rest,hold,200.0,dev-0123456789abcdef0123456789abcdef,synthetic-3-rest,29,protocol,synthetic-demo-contract-v1,True,-0.1406086025604815,-0.11340240295751983,-0.09536277435131336,-0.04581846205468254,-0.032093993846946264,0.018015560194528393,0.03766941413314593,0.06191505336764327
1700000001625000000,11625000000,326,325,325,0,0,,,,0,rest,hold,200.0,dev-0123456789abcdef0123456789abcdef,synthetic-3-rest,29,protocol,synthetic-demo-contract-v1,True,-0.14310860398161337,-0.11611241940991351,-0.09698916859140451,-0.046889816860863895,-0.03402071654817446,0.01608313740037754,0.0367343436517939,0.059918260589719996
1700000001630000000,11630000000,327,326,326,0,0,,,,0,rest,hold,200.0,dev-0123456789abcdef0123456789abcdef,synthetic-3-rest,29,protocol,synthetic-demo-contract-v1,True,-0.14471811786457153,-0.11780930411190339,-0.09742019480248287,-0.046951903472833886,-0.034745425510642615,0.015234887975268242,0.03698125784011332,0.05916909764028833
1700000001635000000,11635000000,328,327,327,0,0,,,,0,rest,hold,200.0,dev-0123456789abcdef0123456789abcdef,synthetic-3-rest,29,protocol,synthetic-demo-contract-v1,True,-0.14540959598963868,-0.11846974723732279,-0.09665223445308553,-0.046004703999080375,-0.03426189220362647,0.015477616961618883,0.03841016690699027,0.05967331924819676
1700000001640000000,11640000000,329,328,328,0,0,,,,0,rest,hold,200.0,dev-0123456789abcdef0123456789abcdef,synthetic-3-rest,29,protocol,synthetic-demo-contract-v1,True,-0.14516153509552215,-0.11807864719721117,-0.09469181772039484,-0.04405611590670144,-0.032573600906806235,0.016809309227358297,0.041011604839193416,0.06142676762653045
1700000001645000000,11645000000,330,329,329,0,0,,,,0,rest,hold,200.0,dev-0123456789abcdef0123456789abcdef,synthetic-3-rest,29,protocol,synthetic-demo-contract-v1,True,-0.14395896731224245,-0.11662937903462474,-0.09155556179957074,-0.041121881642623134,-0.02969372051035065,0.019219149205951035,0.04476669631487735,0.06441540893606479
1700000001650000000,11650000000,331,330,330,0,0,,,,0,rest,hold,200.0,dev-0123456789abcdef0123456789abcdef,synthetic-3-rest,29,protocol,synthetic-demo-contract-v1,True,-0.1417939169185017,-0.11412399247910146,-0.0872700201258989,-0.037225455417512564,-0.025644996632039098,0.02268761355291528,0.04964730103006083,0.06861545018787973
1700000001655000000,11655000000,332,331,331,0,0,,,,0,rest,hold,200.0,dev-0123456789abcdef0123456789abcdef,synthetic-3-rest,29,protocol,synthetic-demo-contract-v1,True,-0.13866581287935675,-0.11057333580012768,-0.08187144393134925,-0.03239780829217231,-0.02045956494140998,0.027186635925267617,0.05561623431011267,0.07399353561084926
1700000001660000000,11660000000,333,332,332,0,0,,,,0,rest,hold,200.0,dev-0123456789abcdef0123456789abcdef,synthetic-3-rest,29,protocol,synthetic-demo-contract-v1,True,-0.1345818467148642,-0.10599710225572492,-0.07540545835347377,-0.026677173198436443,-0.014178687231320843,0.03267984249146272,0.06262756224813433,0.08050702085794857
1700000001665000000,11665000000,334,333,333,0,0,,,,0,rest,hold,200.0,dev-0123456789abcdef0123456789abcdef,synthetic-3-rest,29,protocol,synthetic-demo-contract-v1,True,-0.1295572655749568,-0.10042379664952217,-0.06792665608949494,-0.02010873200510294,-0.0068524124149792615,0.03912285619226172,0.0706269689961357,0.08810432278701269
1700000001670000000,11670000000,335,334,334,0,0,,,,0,rest,hold,200.0,dev-0123456789abcdef0123456789abcdef,synthetic-3-rest,29,protocol,synthetic-demo-contract-v1,True,-0.12361559095005309,-0.0938906202802518,-0.059498112334710335,-0.012744247200460046,0.0014608347538110546,0.04646366720242835,0.07955219323815424,0.09672534193197796
1700000001675000000,11675000000,336,335,335,0,0,,,,0,rest,hold,200.0,dev-0123456789abcdef0123456789abcdef,synthetic-3-rest,29,protocol,synthetic-demo-contract-v1,True,-0.1167887542258254,-0.08644327338342819,-0.05019082545498736,-0.004641641202870863,0.010694733842852307,0.05464306649393823,0.08933353030188024,0.10630195418482839
1700000001680000000,11680000000,337,336,336,0,0,,,,0,rest,hold,200.0,dev-0123456789abcdef0123456789abcdef,synthetic-3-rest,29,protocol,synthetic-demo-contract-v1,True,-0.10911714128435089,-0.0781356750170484,-0.04008308851151336,0.004135473273816649,0.020775613823319727,0.0635951388780752,0.09989439582169944,0.11675856764137457
1700000001685000000,11685000000,338,337,337,0,0,,,,0,rest,hold,200.0,dev-0123456789abcdef0123456789abcdef,synthetic-3-rest,29,protocol,synthetic-demo-contract-v1,True,-0.10064953954808649,-0.06902960122182678,-0.029259797375920705,0.013518307985796908,0.03162305857237435,0.07324781141068568,0.11115194635580701,0.12801274003024857
1700000001690000000,11690000000,339,338,338,0,0,,,,0,rest,hold,200.0,dev-0123456789abcdef0123456789abcdef,synthetic-3-rest,29,protocol,synthetic-demo-contract-v1,True,-0.09144298223883705,-0.0591942431813704,-0.017811701739665998,0.023433454884963012,0.04315056779923365,0.08352345258609051,0.12301775188744991,0.13997585164851784
1700000001695000000,11695000000,340,339,339,0,0,,,,0,rest,hold,200.0,dev-0123456789abcdef0123456789abcdef,synthetic-3-rest,29,protocol,synthetic-demo-contract-v1,True,-0.08156248615816467,-0.04870568800803284,-0.005834605827958228,0.03380347831096191,0.05526626793988822,0.09433951732447243,0.13539851470929395,0.1525538282731453
1700000001700000000,11700000000,341,340,340,0,0,,,,0,rest,hold,200.0,dev-0123456789abcdef0123456789abcdef,synthetic-3-rest,29,protocol,synthetic-demo-contract-v1,True,-0.0710806809618419,-0.03764632567472324,0.006571473929072656,0.04454753886920821,0.06787366715330298,0.10560923237850049,0.1481968288040131,0.1656479081089282
1700000001705000000,11705000000,342,341,341,0,0,,,,0,rest,hold,200.0,dev-0123456789abcdef0123456789abcdef,synthetic-3-rest,29,protocol,synthetic-demo-contract-v1,True,-0.060077329669228914,-0.026104186490365545,0.019303186640823145,0.05558204396609305,0.0808724481880167,0.1172423164506118,0.1613119734966175,0.1791554464738405
1700000001710000000,11710000000,343,342,342,0,0,,,,0,rest,hold,200.0,dev-0123456789abcdef0123456789abcdef,synthetic-3-rest,29,protocol,synthetic-demo-contract-v1,True,-0.048638741986430506,-0.0141722143655273,0.03225475218602228,0.06682131976466,0.09415929257561073,0.12914572902555538,0.17464073486763004,0.1929707516148821
1700000001715000000,11715000000,344,343,343,0,0,,,,0,rest,hold,200.0,dev-0123456789abcdef0123456789abcdef,synthetic-3-rest,29,protocol,synthetic-demo-contract-v1,True,-0.036857083895489015,-0.0019474819237121337,0.04531888576843079,0.07817829915795399,0.10762872934908004,0.1412244416858331,0.18807824818331814,0.20698594479407298
1700000001720000000,11720000000,345,344,344,0,0,,,,0,rest,hold,200.0,dev-0123456789abcdef0123456789abcdef,synthetic-3-rest,29,protocol,synthetic-demo-contract-v1,True,-0.024829588835020778,0.010469645728155945,0.05838773348566551,0.089565220234411,0.12117400128190339,0.15338222549256983,0.20151885442180106,0.2210918375872563
1700000001725000000,11725000000,346,345,345,0,0,,,,0,rest,hold,200.0,dev-0123456789abcdef0123456789abcdef,synthetic-3-rest,29,protocol,synthetic-demo-contract-v1,True,-0.012657677634470123,0.022976391059993353,0.07135381052211723,0.10089432963092515,0.1346879414992009,0.16552244788258344,0.21485696385342304,0.23517881919946454
1700000001730000000,11730000000,347,346,346,0,0,,,,0,rest,hold,200.0,dev-0123456789abcdef0123456789abcdef,synthetic-3-rest,29,protocol,synthetic-demo-contract-v1,True,-0.000445996128493927,0.03546847987447188,0.08411093357816744,0.11207858513517412,0.1480638532269755,0.1775488724550973,0.22798791957133077,0.24913774652087625
1700000001735000000,11735000000,348,347,347,0,0,,,,0,rest,hold,200.0,dev-0123456789abcdef0123456789abcdef,synthetic-3-rest,29,protocol,synthetic-demo-contract-v1,True,0.011698618965304185,0.047841084079288096,0.09655513922639854,0.12303235190967687,0.1611963854198132,0.18936645499931487,0.2408088538643065,0.26286082962755203
1700000001740000000,11740000000,349,348,348,0,0,,,,0,rest,hold,200.0,dev-0123456789abcdef0123456789abcdef,synthetic-3-rest,29,protocol,synthetic-demo-contract-v1,True,0.023668233806534697,0.05998978234143043,0.10858558004013984,0.1336720867656953,0.17398239704171262,0.2008821291470677,0.2532195303785827,0.2762425054712612
1700000001745000000,11745000000,350,349,349,0,0,,,,0,rest,hold,200.0,dev-0123456789abcdef0123456789abcdef,synthetic-3-rest,29,protocol,synthetic-demo-contract-v1,True,0.03535495738833118,0.07181152913061764,0.12010539056882079,0.14391700501504875,0.18632180286870206,0.21200557512273485,0.26512316512823386,0.2891802926025227
1700000001750000000,11750000000,351,350,350,0,0,,,,0,rest,hold,200.0,dev-0123456789abcdef0123456789abcdef,synthetic-3-rest,29,protocol,synthetic-demo-contract-v1,True,0.046652113105992016,0.08320562240339954,0.13102251553568928,0.15368972457129715,0.19811839383474844,0.22264996520480995,0.2764272195838456,0.30157561992958404
1700000001755000000,11755000000,352,351,351,0,0,,,,0,rest,hold,200.0,dev-0123456789abcdef0123456789abcdef,synthetic-3-rest,29,protocol,synthetic-demo-contract-v1,True,0.05745542643797548,0.09407466003160003,0.14125049300345044,0.16291688215744382,0.2092806251529716,0.2327326797087378,0.28704415929518884,0.31333462273220236
1700000001760000000,11760000000,353,352,352,0,0,,,,0,rest,hold,200.0,dev-0123456789abcdef0123456789abcdef,synthetic-3-rest,29,protocol,synthetic-demo-contract-v1,True,0.06766421256987003,0.10432547504248076,0.1507091856884364,0.1715297167037438,0.2197223657105333,0.2421759875472509,0.29689217178366495,0.3243688994209048
1700000001765000000,11765000000,354,353,353,0,0,,,,0,rest,hold,200.0,dev-0123456789abcdef0123456789abcdef,synthetic-3-rest,29,protocol,synthetic-demo-contract-v1,True,0.07718254738585073,0.1138700398156056,0.15932545409974938,0.1794646152846132,0.22936360255565766,0.2509076857204335,0.30589583777213436,0.334596222857719
1700000001770000000,11770000000,355,354,354,0,0,,,,0,rest,hold,200.0,dev-0123456789abcdef0123456789abcdef,synthetic-3-rest,29,protocol,synthetic-demo-contract-v1,True,0.08592040512087923,0.12262632957369385,0.1670337657314123,0.1866636172458138,0.23813109466632398,0.2588616924305666,0.31398675020059436,0.34394120043040094
1700000001775000000,11775000000,356,355,355,0,0,,,,0,rest,hold,200.0,dev-0123456789abcdef0123456789abcdef,synthetic-3-rest,29,protocol,synthetic-demo-contract-v1,True,0.09379474611714528,0.13051913581125557,0.17377673513756692,0.19307487250968702,0.24595897060927763,0.26597858890369835,0.32110407590300016,0.352335877495927
1700000001780000000,11780000000,357,356,356,0,0,,,,0,rest,hold,200.0,dev-0123456789abcdef0123456789abcdef,synthetic-3-rest,29,protocol,synthetic-demo-contract-v1,True,0.10073053856121887,0.13748082072337178,0.17950559036722621,0.19865305041446937,0.2527892651615885,0.2722061054275372,0.32719505528975423,0.35972027927687394
1700000001785000000,11785000000,358,357,357,0,0,,,,0,rest,hold,200.0,dev-0123456789abcdef0123456789abcdef,synthetic-3-rest,29,protocol,synthetic-demo-contract-v1,True,0.10666169879016743,0.1434520042241497,0.18418056191981655,0.20335969584077843,0.2585723904713017,0.2774995475802059,0.33221543588824587,0.3660428868025088
1700000001790000000,11790000000,359,358,358,0,0,,,,0,rest,hold,200.0,dev-0123456789abcdef0123456789abcdef,synthetic-3-rest,29,protocol,synthetic-demo-contract-v1,True,0.11153193573613279,0.1483821757751015,0.1877711910990607,0.20716352980096295,0.2632675378745175,0.28182215912265873,0.33612983613606,0.3712610430306587
1700000001795000000,11795000000,360,359,359,0,0,,,,0,rest,hold,200.0,dev-0123456789abcdef0123456789abcdef,synthetic-3-rest,29,protocol,synthetic-demo-contract-v1,True,0.11529548631524475,0.15223022397166064,0.19025655538386557,0.21004069211187376,0.26684300705911257,0.28514541855509323,0.3389120363936988,0.375341285862315
1700000001800000000,11800000000,361,360,360,0,0,,,,0,rest,hold,200.0,dev-0123456789abcdef0123456789abcdef,synthetic-3-rest,29,protocol,synthetic-demo-contract-v1,True,0.11791773003897567,0.15496487765357375,0.19162540919371468,0.2119749242351786,0.26927645986552384,0.2874492668900584,0.3405451947411583,0.3782596053636731
1700000001805000000,11805000000,362,361,361,0,0,,,,0,rest,hold,200.0,dev-0123456789abcdef0123456789abcdef,synthetic-3-rest,29,protocol,synthetic-demo-contract-v1,True,0.119375672810283,0.1565650532030366,0.19187623919542762,0.21295769084789568,0.27055509663755545,0.28872226476755697,0.34102198574051357,0.3800016231349027
1700000001810000000,11810000000,363,362,362,0,0,,,,0,rest,hold,200.0,dev-0123456789abcdef0123456789abcdef,synthetic-3-rest,29,protocol,synthetic-demo-contract-v1,True,0.11965829173531298,0.15702010366322486,0.191017234070869,0.21298823919563498,0.2706757536759804,0.28896167762556646,0.34034466097979543,0.3805626924063171
1700000001815000000,11815000000,364,363,363,0,0,,,,0,rest,hold,200.0,dev-0123456789abcdef0123456789abcdef,synthetic-3-rest,29,protocol,synthetic-demo-contract-v1,True,0.11876673480249057,0.15632996633820695,0.18906616943400298,0.21207359577815801,0.26964492099942344,0.2881734882380957,0.33852503085658653,0.3799479180953869
1700000001820000000,11820000000,365,364,364,0,0,,,,0,rest,hold,200.0,dev-0123456789abcdef0123456789abcdef,synthetic-3-rest,29,protocol,synthetic-demo-contract-v1,True,0.11671437142007747,0.15450520661128211,0.18605020934352717,0.21022850041741045,0.2674786802753114,0.28637233653724325,0.3355843677077022,0.3781720967169113
1700000001825000000,11825000000,366,365,365,0,0,,,,0,rest,hold,200.0,dev-0123456789abcdef0123456789abcdef,synthetic-3-rest,29,protocol,synthetic-demo-contract-v1,True,0.11352669202387891,0.15156695682994512,0.18200562659718772,0.20747527825816012,0.2642025634430856,0.2835813872406677,0.33155323103868234,0.37525957669815135
1700000001830000000,11830000000,367,366,366,0,0,,,,0,rest,hold,200.0,dev-0123456789abcdef0123456789abcdef,synthetic-3-rest,29,protocol,synthetic-demo-contract-v1,True,0.10924105723024445,0.14754675023879973,0.17697744470905336,0.20384365074682953,0.2598513332069593,0.279832126406402,0.32647121624826536,0.3712440403054145
1700000001835000000,11835000000,368,367,367,0,0,,,,0,rest,hold,200.0,dev-0123456789abcdef0123456789abcdef,synthetic-3-rest,29,protocol,synthetic-demo-contract-v1,True,0.10390629927644192,0.14248625108333135,0.1710190051550572,0.19937048712114733,0.25446868722086585,0.2751640886280745,0.32038662887329816,0.36616820903309577
1700000001840000000,11840000000,369,368,368,0,0,,,,0,rest,hold,200.0,dev-0123456789abcdef0123456789abcdef,synthetic-3-rest,29,protocol,synthetic-demo-contract-v1,True,0.09758218072126434,0.1364368831437525,0.16419146411887817,0.19409949841796587,0.24810688841852227,0.26962451716038915,0.3133560869934009,0.3600834749351588
1700000001845000000,11845000000,370,369,369,0,0,,,,0,rest,hold,200.0,dev-0123456789abcdef0123456789abcdef,synthetic-3-rest,29,protocol,synthetic-demo-contract-v1,True,0.09033871753437875,0.1294593600754626,0.15656322357404473,0.18808087646529692,0.24082632455156555,0.26326795982241796,0.3054440550271512,0.35304946098737744
1700000001850000000,11850000000,371,370,370,0,0,,,,0,rest,hold,200.0,dev-0123456789abcdef0123456789abcdef,synthetic-3-rest,29,protocol,synthetic-demo-contract-v1,True,0.08225537574571942,0.12162312201741689,0.14820930209374525,0.18137088076364127,0.23269500058343434,0.25615580406021843,0.2967223127176597,0.3451335141512904
1700000001855000000,11855000000,372,371,371,0,0,,,,0,rest,hold,200.0,dev-0123456789abcdef0123456789abcdef,synthetic-3-rest,29,protocol,synthetic-demo-contract-v1,True,0.07342015272047635,0.11300568396863214,0.1392106512824374,0.17403137657755474,0.22378796814123025,0.24835575505604787,0.2872693636404826,0.3364101353629624
1700000001860000000,11860000000,373,372,372,0,0,,,,0,rest,hold,200.0,dev-0123456789abcdef0123456789abcdef,synthetic-3-rest,29,protocol,synthetic-demo-contract-v1,True,0.06392855583803898,0.10369190241352395,0.12965342416882805,0.1661293279478675,0.21418669674768367,0.23994126124488155,0.2771697880665216,0.32696035118680566
1700000001865000000,11865000000,374,373,373,0,0,,,,0,rest,hold,200.0,dev-0123456789abcdef0123456789abcdef,synthetic-3-rest,29,protocol,synthetic-demo-contract-v1,True,0.053882492854896505,0.09377316758664257,0.11962820228441108,0.15773624969488284,0.20397839203616772,0.23099089203601292,0.26651354547264994,0.3168710323525493
1700000001870000000,11870000000,375,374,374,0,0,,,,0,rest,hold,200.0,dev-0123456789abcdef0123456789abcdef,synthetic-3-rest,29,protocol,synthetic-demo-contract-v1,True,0.0433890894963385,0.08334652959558035,0.10922918847256982,0.1489276228104733,0.1932552665895942,0.22158767293469864,0.2553952324095889,0.3062341648281237
1700000001875000000,11875000000,376,375,375,0,0,,,,0,rest,hold,200.0,dev-0123456789abcdef0123456789abcdef,synthetic-3-rest,29,protocol,synthetic-demo-contract-v1,True,0.03255945082842928,0.07251376735711838,0.09855337272782731,0.13978227792961284,0.18211376943530017,0.21181838361275224,0.24391330180652604,0.29514607946912735
1700000001880000000,11880000000,377,376,376,0,0,,,,0,rest,hold,200.0,dev-0123456789abcdef0123456789abcdef,synthetic-3-rest,29,protocol,synthetic-demo-contract-v1,True,0.021507383693556984,0.06138040993701395,0.08769967855139,0.13038175182720818,0.1706537805694542,0.2017728247847381,0.23216925011204395,0.2837066466234659
1700000001885000000,11885000000,378,377,377,0,0,,,,0,rest,hold,200.0,dev-0123456789abcdef0123456789abcdef,synthetic-3-rest,29,protocol,synthetic-demo-contract-v1,True,0.010348097938456348,0.05005472041046633,0.07676809742665298,0.12080962210215035,0.15897777717332454,0.19154306000548124,0.22026677893852817,0.27201844235499534
1700000001890000000,11890000000,379,378,378,0,0,,,,0,rest,hold,200.0,dev-0123456789abcdef0123456789abcdef,synthetic-3-rest,29,protocol,synthetic-demo-contract-v1,True,-0.0008030956832986835,0.038646652771755795,0.06585881906632202,0.11115082538553381,0.14718997841751452,0.18122263871278715,0.20831093809006723,0.2601858931801756
1700000001895000000,11895000000,380,379,379,0,0,,,,0,rest,hold,200.0,dev-0123456789abcdef0123456789abcdef,synthetic-3-rest,29,protocol,synthetic-demo-contract-v1,True,-0.011832073192548712,0.027266792712827406,0.055071365061479555,0.10149096454257756,0.13539547592703988,0.17090580699481853,0.19640725701016304,0.2483144063849489
1700000001900000000,11900000000,381,380,380,0,0,,,,0,rest,hold,200.0,dev-0123456789abcdef0123456789abcdef,synthetic-3-rest,29,protocol,synthetic-demo-contract-v1,True,-0.02262715333666579,0.01602529325827788,0.04450373347320572,0.09191561042693902,0.12369935709851604,0.16068671266328477,0.18466087178410534,0.2365094931039742
1700000001905000000,11905000000,382,381,381,0,0,,,,0,rest,hold,200.0,dev-0123456789abcdef0123456789abcdef,synthetic-3-rest,29,protocol,synthetic-demo-contract-v1,True,-0.03308030520743076,0.005030816286313825,0.03425156175070901,0.08250960379105614,0.1122058285196935,0.15065861126055943,0.17317565487072878,0.22487589139996944
1700000001910000000,11910000000,383,382,382,0,0,,,,0,rest,hold,200.0,dev-0123456789abcdef0123456789abcdef,synthetic-3-rest,29,protocol,synthetic-demo-contract-v1,True,-0.04308829189132053,-0.005610509118566929,0.02440731513841811,0.07335636295650164,0.10101734674062565,0.14091307962065108,0.1620533547191084,0.21351669657679292
1700000001915000000,11915000000,384,383,383,0,0,,,,0,rest,hold,200.0,dev-0123456789abcdef0123456789abcdef,synthetic-3-rest,29,protocol,synthetic-demo-contract-v1,True,-0.05255373573479401,-0.015796100743826758,0.015059507450933486,0.06453720280417062,0.09023376358499947,0.131539243540787,0.15139275234780297,0.20253250589619873
1700000001920000000,11920000000,385,384,384,0,0,,,,0,rest,hold,200.0,dev-0123456789abcdef0123456789abcdef,synthetic-3-rest,29,protocol,synthetic-demo-contract-v1,True,-0.06138609224338307,-0.025427899351074035,0.006291960752220599,0.05613067055561925,0.0799514930699297,0.12262302600259542,0.1412888418279814,0.1920205847452997
1700000001925000000,11925000000,386,385,385,0,0,,,,0,rest,hold,200.0,dev-0123456789abcdef0123456789abcdef,synthetic-3-rest,29,protocol,synthetic-demo-contract-v1,True,-0.06950252126182377,-0.03441329684299135,-0.001816889922147142,0.04821190368486108,0.07026270682397719,0.11424642221062879,0.13183204141842977,0.18207406112087188
1700000001930000000,11930000000,387,386,386,0,0,,,,0,rest,hold,200.0,dev-0123456789abcdef0123456789abcdef,synthetic-3-rest,29,protocol,synthetic-demo-contract-v1,True,-0.07682864587193147,-0.04266600709538203,-0.009194641109387674,0.040852015125344275,0.061254564657673045,0.10648680749258048,0.1231074418515109,0.17278115505914493
1700000001935000000,11935000000,388,387,387,0,0,,,,0,rest,hold,200.0,dev-0123456789abcdef0123456789abcdef,synthetic-3-rest,29,protocol,synthetic-demo-contract-v1,True,-0.08329919136148686,-0.05010687071886333,-0.015775509535021316,0.03411751072102736,0.053008486650356956,0.09941628383188032,0.11519409796666272,0.164224449347625
1700000001940000000,11940000000,389,388,388,0,0,,,,0,rest,hold,200.0,dev-0123456789abcdef0123456789abcdef,synthetic-3-rest,29,protocol,synthetic-demo-contract-v1,True,-0.08885849862500514,-0.05666458577494665,-0.021500860139931646,0.028069743615210155,0.04559947277415016,0.09310107048174532,0.10816436953452652,0.156480207511297
1700000001945000000,11945000000,390,389,389,0,0,,,,0,rest,hold,200.0,dev-0123456789abcdef0123456789abcdef,synthetic-3-rest,29,protocol,synthetic-demo-contract-v1,True,-0.09346090841868548,-0.0622763573179665,-0.026319669431307736,0.02276440997797172,0.039095475683127004,0.08760094374281643,0.10208331671309989,0.14961774467202565
1700000001950000000,11950000000,391,390,390,0,0,,,,0,rest,hold,200.0,dev-0123456789abcdef0123456789abcdef,synthetic-3-rest,29,protocol,synthetic-demo-contract-v1,True,-0.09707101496916042,-0.06688845955686515,-0.030188920671994555,0.018251090145039846,0.033556831856493184,0.08296873057729444,0.0970081551307261,0.14369885644041447
1700000001955000000,11955000000,392,391,391,0,0,,,,0,rest,hold,200.0,dev-0123456789abcdef0123456789abcdef,synthetic-3-rest,29,protocol,synthetic-demo-contract-v1,True,-0.09966378949111587,-0.07045670541762708,-0.03307392804942856,0.01457283888027647,0.029035755802492666,0.07924986028444099,0.09298777510296102,0.1387773105174608
1700000001960000000,11960000000,393,392,392,0,0,,,,0,rest,hold,200.0,dev-0123456789abcdef0123456789abcdef,synthetic-3-rest,29,protocol,synthetic-demo-contract-v1,True,-0.10122457616559986,-0.07294681932594373,-0.034948587610526084,0.011765828083492516,0.025575901508775506,0.07648197797910733,0.09006232896534802,0.13489840516302007
1700000001965000000,11965000000,394,393,393,0,0,,,,0,rest,hold,200.0,dev-0123456789abcdef0123456789abcdef,synthetic-3-rest,29,protocol,synthetic-demo-contract-v1,True,-0.10174896503360176,-0.07433471010761378,-0.03579555340656747,0.009859044848091547,0.02321199476938183,0.0746946231006173,0.0882628899462012,0.13209859813366795
1700000001970000000,11970000000,395,394,394,0,0,,,,0,rest,hold,200.0,dev-0123456789abcdef0123456789abcdef,synthetic-3-rest,29,protocol,synthetic-demo-contract-v1,True,-0.10124254803520329,-0.07460664200796312,-0.035606337956154456,0.00887404733240044,0.021969539432962846,0.0739089756381788,0.08761118541726622,0.13040520910866826
1700000001975000000,11975000000,396,395,395,0,0,,,,0,rest,hold,200.0,dev-0123456789abcdef0123456789abcdef,synthetic-3-rest,29,protocol,synthetic-demo-contract-v1,True,-0.09972056604321484,-0.07375930294779608,-0.034381336798730365,0.008824780447892115,0.021864600006133703,0.07413767219545758,0.08811940675034172,0.12983619801416993
1700000001980000000,11980000000,397,396,396,0,0,,,,0,rest,hold,200.0,dev-0123456789abcdef0123456789abcdef,synthetic-3-rest,29,protocol,synthetic-demo-contract-v1,True,-0.09720745617497639,-0.07179977024850581,-0.032129777569899334,0.009717452890531011,0.022903662415046162,0.0753846934357654,0.08979009737967757,0.13040002102757414
1700000001985000000,11985000000,398,397,397,0,0,,,,0,rest,hold,200.0,dev-0123456789abcdef0123456789abcdef,synthetic-3-rest,29,protocol,synthetic-demo-contract-v1,True,-0.09373630989422335,-0.06874537515965093,-0.028869594677089265,0.011550476551903908,0.025083574082545475,0.07764532385527523,0.09261612002833211,0.13209556540137593
1700000001990000000,11990000000,399,398,398,0,0,,,,0,rest,hold,200.0,dev-0123456789abcdef0123456789abcdef,synthetic-3-rest,29,protocol,synthetic-demo-contract-v1,True,-0.08934825341819881,-0.06462346859547792,-0.024627231284293324,0.014314468848529318,0.028391563822992377,0.08090618422974208,0.09658070340697043,0.1349121635940347
1700000001995000000,11995000000,400,399,399,0,0,,,,0,rest,hold,200.0,dev-0123456789abcdef0123456789abcdef,synthetic-3-rest,29,protocol,synthetic-demo-contract-v1,True,-0.08409176270981474,-0.059471091519977606,-0.019437370922326145,0.01799231800470491,0.03280534139739302,0.08514533647536761,0.10165756804114806,0.1388296865399378
1700000002000000000,12000000000,401,400,400,0,0,,,,0,rest,hold,200.0,dev-0123456789abcdef0123456789abcdef,synthetic-3-rest,29,protocol,synthetic-demo-contract-v1,True,-0.07802192585183435,-0.05333455440119531,-0.013342601621129806,0.022559310820434744,0.03829327591332586,0.09033246006172617,0.1078111302333091,0.14381871523670314
1700000002005000000,12005000000,402,401,401,0,0,,,,0,rest,hold,200.0,dev-0123456789abcdef0123456789abcdef,synthetic-3-rest,29,protocol,synthetic-demo-contract-v1,True,-0.07119966586593106,-0.04626893107352671,-0.006393016008368285,0.027983321955394703,0.04481465160274324,0.096429098519094,0.11499678252389971,0.14984078918134094
1700000002010000000,12010000000,403,402,402,0,0,,,,0,rest,hold,200.0,dev-0123456789abcdef0123456789abcdef,synthetic-3-rest,29,protocol,synthetic-demo-contract-v1,True,-0.06369093705536562,-0.03833747319147087,0.0013542486705078885,0.034225063266494576,0.05231999887140637,0.10338897399901482,0.12316124838740537,0.15684872955246917
1700000002015000000,12015000000,404,403,403,0,0,,,,0,rest,hold,200.0,dev-0123456789abcdef0123456789abcdef,synthetic-3-rest,29,protocol,synthetic-demo-contract-v1,True,-0.05556590772208926,-0.02961095222063316,0.00983552618539051,0.041238391254321535,0.060751497891783204,0.11115836728035927,0.13224300828895133,0.1647870344191092
1700000002020000000,12020000000,405,404,404,0,0,,,,0,rest,hold,200.0,dev-0123456789abcdef0123456789abcdef,synthetic-3-rest,29,protocol,synthetic-demo-contract-v1,True,-0.046898141648300404,-0.020166936583706708,0.018981187756695043,0.048970670206464104,0.07004345141185704,0.11967656006822186,0.1421727936404036,0.17359234266268084
1700000002025000000,12025000000,406,405,405,0,0,,,,0,rest,hold,200.0,dev-0123456789abcdef0123456789abcdef,synthetic-3-rest,29,protocol,synthetic-demo-contract-v1,True,-0.03776379005440939,-0.010089012154077988,0.02871625406304633,0.057363188177087104,0.08012282288033938,0.12887633591420974,0.15287414463642898,0.1831939627325056
1700000002030000000,12030000000,407,406,406,0,0,,,,0,rest,hold,200.0,dev-0123456789abcdef0123456789abcdef,synthetic-3-rest,29,protocol,synthetic-demo-contract-v1,True,-0.028240804869526716,0.000534045237853057,0.03896104726360971,0.06635162251583894,0.09090983544908701,0.13868453559842886,0.16426402742542268,0.19351446182118315
1700000002035000000,12035000000,408,407,407,0,0,,,,0,rest,hold,200.0,dev-0123456789abcdef0123456789abcdef,synthetic-3-rest,29,protocol,synthetic-demo-contract-v1,True,-0.018408183100411882,0.011609136254443451,0.04963187720102046,0.07586655125854534,0.10231862691043195,0.14902266235971398,0.17625350558180636,0.20447031054892564
1700000002040000000,12040000000,409,408,408,0,0,,,,0,rest,hold,200.0,dev-0123456789abcdef0123456789abcdef,synthetic-3-rest,29,protocol,synthetic-demo-contract-v1,True,-0.008345250886719408,0.02303973416832298,0.06064175572846089,0.08583400632045565,0.11425795516487562,0.159807531945225,0.18874846039903045,0.21597257778947618
1700000002045000000,12045000000,410,409,409,0,0,,,,0,rest,hold,200.0,dev-0123456789abcdef0123456789abcdef,synthetic-3-rest,29,protocol,synthetic-demo-contract-v1,True,0.0018690054865626061,0.03472680121222609,0.07190113293692046,0.09617606409306408,0.1266319483969906,0.17095196207690122,0.20165035412037072,0.2279276698583732
1700000002050000000,12050000000,411,410,410,0,0,,,,0,rest,hold,200.0,dev-0123456789abcdef0123456789abcdef,synthetic-3-rest,29,protocol,synthetic-demo-contract-v1,True,0.012156555753283997,0.04656971568832215,0.08331864894657345,0.10681146874041887,0.1393408937678076,0.18236549560346643,0.21485702987054162,0.24023810792037031
1700000002055000000,12055000000,412,411,411,0,0,,,,0,rest,hold,200.0,dev-0123456789abcdef0123456789abcdef,synthetic-3-rest,29,protocol,synthetic-demo-contract-v1,True,0.022440884600891303,0.058467200434860256,0.09480189486964061,0.11765628322288173,0.1522820581135427,0.1939551513255175,0.22826354174823274,0.2528033371598297
1700000002060000000,12060000000,413,412,412,0,0,,,,0,rest,hold,200.0,dev-0123456789abcdef0123456789abcdef,synthetic-3-rest,29,protocol,synthetic-demo-contract-v1,True,0.032647490452494786,0.07031824342354229,0.10625817655066533,0.1286245628477225,0.16535053387589457,0.20562619625004622,0.24176300829042638,0.26552056099846966
1700000002065000000,12065000000,414,413,413,0,0,,,,0,rest,hold,200.0,dev-0123456789abcdef0123456789abcdef,synthetic-3-rest,29,protocol,synthetic-demo-contract-v1,True,0.042704322645368956,0.0820230015371512,0.11759527474283808,0.13962904595852269,0.17844010328040716,0.21728293285139383,0.25524748232574357,0.2782855934409942
1700000002070000000,12070000000,415,414,414,0,0,,,,0,rest,hold,200.0,dev-0123456789abcdef0123456789abcdef,synthetic-3-rest,29,protocol,synthetic-demo-contract-v1,True,0.05254215698510708,0.0934836789480824,0.12872219548454913,0.1505818562307509,0.19144411362835673,0.2288294947896861,0.26860883009777636,0.2909937224826181
1700000002075000000,12075000000,416,415,415,0,0,,,,0,rest,hold,200.0,dev-0123456789abcdef0123456789abcdef,synthetic-3-rest,29,protocol,synthetic-demo-contract-v1,True,0.062094911011852987,0.10460537197787143,0.13954990459693434,0.16139521094029965,0.20425635647554344,0.24017064446631145,0.2817396124615323,0.30354057742452734
1700000002080000000,12080000000,417,416,416,0,0,,,,0,rest,hold,200.0,dev-0123456789abcdef0123456789abcdef,synthetic-3-rest,29,protocol,synthetic-demo-contract-v1,True,0.07129990157074413,0.11529687285777325,0.14999204042845743,0.1719821295159853,0.21677194343887585,0.25121256577945544,0.29453396093726925,0.3158229929144552
1700000002085000000,12085000000,418,417,417,0,0,,,,0,rest,hold,200.0,dev-0123456789abcdef0123456789abcdef,synthetic-3-rest,29,protocol,synthetic-demo-contract-v1,True,0.0800980484072725,0.12547142542253628,0.15996559922411305,0.18225713667673113,0.22888817139920806,0.2618636454814401,0.3068884414464953,0.32773986256024873
1700000002090000000,12090000000,419,418,418,0,0,,,,0,rest,hold,200.0,dev-0123456789abcdef0123456789abcdef,synthetic-3-rest,29,protocol,synthetic-demo-contract-v1,True,0.08843402848691634,0.135047426444233,0.169391587791489,0.19213695448934065,0.2405053699560892,0.27203523663311846,0.3187028986542275,0.33919297505404233
1700000002095000000,12095000000,420,419,419,0,0,,,,0,rest,hold,200.0,dev-0123456789abcdef0123456789abcdef,synthetic-3-rest,29,protocol,synthetic-demo-contract-v1,True,0.09625638654829273,0.14394906704056384,0.17819563847052555,0.20154117776335345,0.251527724136326,0.28164239779819966,0.3298812739990668,0.35008782589285037
1700000002100000000,12100000000,421,420,420,0,0,,,,0,rest,hold,200.0,dev-0123456789abcdef0123456789abcdef,synthetic-3-rest,29,protocol,synthetic-demo-contract-v1,True,0.10351760802529507,0.15210690936206633,0.1863085817847812,0.2103929273248847,0.26186406556231834,0.29060460182089537,0.340332390706942,0.36033439798674416
1700000002105000000,12105000000,422,421,421,0,0,,,,0,rest,hold,200.0,dev-0123456789abcdef0123456789abcdef,synthetic-3-rest,29,protocol,synthetic-demo-contract-v1,True,0.1101741609055939,0.15945839456441457,0.19366697255548224,0.21861947588058903,0.27142862554624314,0.29884640828195397,0.349970699353699,0.36984790470652584
1700000002110000000,12110000000,423,422,422,0,0,,,,0,rest,hold,200.0,dev-0123456789abcdef0123456789abcdef,synthetic-3-rest,29,protocol,synthetic-demo-contract-v1,True,0.11618651332450482,0.16594827889476224,0.20021356569167867,0.22615284139478253,0.28014174389027174,0.30629809402897273,0.358716977863905,0.3785494892368409
1700000002115000000,12115000000,424,423,423,0,0,,,,0,rest,hold,200.0,dev-0123456789abcdef0123456789abcdef,synthetic-3-rest,29,protocol,synthetic-demo-contract-v1,True,0.12151913372315702,0.17152899555406873,0.20589773832626773,0.23293034315566752,0.2879305275384989,0.31289623652435666,0.3664989802056809,0.3863668744653704
1700000002120000000,12120000000,425,424,424,0,0,,,,0,rest,hold,200.0,dev-0123456789abcdef0123456789abcdef,synthetic-3-rest,29,protocol,synthetic-demo-contract-v1,True,0.12614048023128863,0.176160940829884,0.21067585544416267,0.23889511599855404,0.2947294536400631,0.31858424514547906,0.3732520284609258,0.39323495805100694
1700000002125000000,12125000000,426,425,425,0,0,,,,0,rest,hold,200.0,dev-0123456789abcdef0123456789abcdef,synthetic-3-rest,29,protocol,synthetic-demo-contract-v1,True,0.1300229855756671,0.17981268381590643,0.2145115766411725,0.24399657848276016,0.300480912041697,0.3233128360033158,0.37891954341360407,0.3990963477703992
1700000002130000000,12130000000,427,426,426,0,0,,,,0,rest,hold,200.0,dev-0123456789abcdef0123456789abcdef,synthetic-3-rest,29,protocol,synthetic-demo-contract-v1,True,0.13314304327717663,0.18246109983590375,0.21737610215584052,0.24819085118194784,0.30513568272786834,0.3270404463144923,0.3834535093019953,0.40390183273913904
1700000002135000000,12135000000,428,427,427,0,0,,,,0,rest,hold,200.0,dev-0123456789abcdef0123456789abcdef,synthetic-3-rest,29,protocol,synthetic-demo-contract-v1,True,0.1354810001991136,0.18409142846096624,0.2192483568271158,0.25144112164211746,0.3086533442635574,0.3297335848633351,0.3868148689197853,0.4076107866369843
1700000002140000000,12140000000,429,428,428,0,0,,,,0,rest,hold,200.0,dev-0123456789abcdef0123456789abcdef,synthetic-3-rest,29,protocol,synthetic-demo-contract-v1,True,0.13702115966612502,0.18469725774205623,0.2201151111440713,0.25371795298436134,0.31100260986424694,0.3313671156211142,0.3889738458212659,0.4101914996315334
1700000002145000000,12145000000,430,429,429,0,0,,,,0,rest,hold,200.0,dev-0123456789abcdef0123456789abcdef,synthetic-3-rest,29,protocol,synthetic-demo-contract-v1,True,0.13775179841047455,0.1842804369665597,0.2199710390655906,0.25499953357734023,0.3121615883150585,0.33192447214467735,0.3899101909829365,0.4116214362869104
1700000002150000000,12150000000,431,430,430,0,0,,,,0,rest,hold,200.0,dev-0123456789abcdef0123456789abcdef,synthetic-3-rest,29,protocol,synthetic-demo-contract-v1,True,0.1376651995457839,0.1828509208812157,0.2188187127939463,0.2552718656738461,0.31211796758130494,0.3313978009515988,0.38961335189262736,0.41188741735844775
1700000002155000000,12155000000,432,431,431,0,0,,,,0,rest,hold,200.0,dev-0123456789abcdef0123456789abcdef,synthetic-3-rest,29,protocol,synthetic-demo-contract-v1,True,0.13675770264595452,0.18042654889845194,0.2166685351824927,0.25452889139300916,0.3108691195908773,0.3297880326589635,0.3880825626727743,0.4109857240059388
1700000002160000000,12160000000,433,432,432,0,0,,,,0,rest,hold,200.0,dev-0123456789abcdef0123456789abcdef,synthetic-3-rest,29,protocol,synthetic-demo-contract-v1,True,0.13502977084806758,0.17703276331390796,0.2135386109404661,0.25277255493083894,0.30842212531958185,0.3271048802731076,0.38532685449145776,0.4089221236015432
1700000002165000000,12165000000,434,433,433,0,0,,,,0,rest,hold,200.0,dev-0123456789abcdef0123456789abcdef,synthetic-3-rest,29,protocol,synthetic-demo-contract-v1,True,0.13248607373299803,0.1727022710059795,0.2094545582635793,0.250012800392893,0.3047937199684315,0.3233667646230548,0.38136498616796516,0.405711816958553
1700000002170000000,12170000000,435,434,434,0,0,,,,0,rest,hold,200.0,dev-0123456789abcdef0123456789abcdef,synthetic-3-rest,29,protocol,synthetic-demo-contract-v1,True,0.12913558359673524,0.16747465346083557,0.20444926296431104,0.24626750515986603,0.3000101586815211,0.3186006675359856,0.37622529553357104,0.40137930745856165
1700000002175000000,12175000000,436,435,435,0,0,,,,0,rest,hold,200.0,dev-0123456789abcdef0123456789abcdef,synthetic-3-rest,29,protocol,synthetic-demo-contract-v1,True,0.12499168163898905,0.16139593026694232,0.19856257759745158,0.24156234921565728,0.29410700390904343,0.31284191395383,0.3699454727575876,0.3959581932017373
1700000002180000000,12180000000,437,436,436,0,0,,,,0,rest,hold,200.0,dev-0123456789abcdef0123456789abcdef,synthetic-3-rest,29,protocol,synthetic-demo-contract-v1,True,0.12007226959243102,0.1545180814511627,0.19184096847174065,0.23593062138387455,0.28712883616682433,0.3061338847810052,0.3625722574881942,0.38949088394254855
1700000002185000000,12185000000,438,437,437,0,0,,,,0,rest,hold,200.0,dev-0123456789abcdef0123456789abcdef,synthetic-3-rest,29,protocol,synthetic-demo-contract-v1,True,0.11439988142289235,0.14689853418450494,0.1843371138047484,0.22941296392858262,0.27912889057608903,0.2985276628294747,0.3541610622818208,0.38202824519608863
1700000002190000000,12190000000,439,438,438,0,0,,,,0,rest,hold,200.0,dev-0123456789abcdef0123456789abcdef,synthetic-3-rest,29,protocol,synthetic-demo-contract-v1,True,0.10800178897272696,0.1385996194712111,0.17610945661334126,0.22205705747437238,0.270168622179869,0.2900816147839674,0.34477552539887063,0.3736291725030382
1700000002195000000,12195000000,440,439,439,0,0,,,,0,rest,hold,200.0,dev-0123456789abcdef0123456789abcdef,synthetic-3-rest,29,protocol,synthetic-demo-contract-v1,True,0.10091009481795356,0.1296880044525621,0.16722171623410897,0.2139172486853934,0.2603172036203644,0.28086091264265195,0.33448699662228115,0.36436009941919
1700000002200000000,12200000000,441,440,440,0,0,,,,0,rest,hold,200.0,dev-0123456789abcdef0123456789abcdef,synthetic-3-rest,29,protocol,synthetic-demo-contract-v1,True,0.09316180518303448,0.12023410591006185,0.15774236263550012,0.20505412360902647,0.249650959319928,0.2709369985924578,0.32337396030415855,0.3542944433436599
1700000002205000000,12205000000,442,441,441,0,0,,,,0,rest,hold,200.0,dev-0123456789abcdef0123456789abcdef,synthetic-3-rest,29,protocol,synthetic-demo-contract-v1,True,0.08479887551955716,0.11031149044574994,0.14774405791476086,0.19553403003353972,0.23825274083246942,0.2603869977493512,0.311521400359942,0.3435119938138392
1700000002210000000,12210000000,443,442,442,0,0,,,,0,rest,hold,200.0,dev-0123456789abcdef0123456789abcdef,synthetic-3-rest,29,protocol,synthetic-demo-contract-v1,True,0.07586822131678357,0.0999962666552392,0.13730306956711247,0.18542855262673677,0.2262112485176529,0.2492930836282544,0.29902011240499815,0.33209824837053054
1700000002215000000,12215000000,444,443,443,0,0,,,,0,rest,hold,200.0,dev-0123456789abcdef0123456789abcdef,synthetic-3-rest,29,protocol,synthetic-demo-contract-v1,True,0.06642168687879217,0.08936647439732695,0.12649866027134016,0.1748139450109229,0.21362030513332692,0.23774180160140734,0.2859659686613982,0.32014370152971017
1700000002220000000,12220000000,445,444,444,0,0,,,,0,rest,hold,200.0,dev-0123456789abcdef0123456789abcdef,synthetic-3-rest,29,protocol,synthetic-demo-contract-v1,True,0.05651596517575805,0.07850147600871231,0.11541245905468057,0.16377052328523034,0.20057808733847432,0.22582335595446407,0.2724591416492633,0.30774309278431755
1700000002225000000,12225000000,446,445,445,0,0,,,,0,rest,hold,200.0,dev-0123456789abcdef0123456789abcdef,synthetic-3-rest,29,protocol,synthetic-demo-contract-v1,True,0.0462124624521975,0.06748135401992393,0.10412781878053333,0.15238202582651025,0.1871863214463105,0.21363086645356294,0.2586032930142964,0.2949946198972012
1700000002230000000,12230000000,447,446,446,0,0,,,,0,rest,hold,200.0,dev-0123456789abcdef0123456789abcdef,synthetic-3-rest,29,protocol,synthetic-demo-contract-v1,True,0.0355771020445594,0.05638631960581208,0.09272916494537904,0.14073494448202187,0.17354945006219308,0.20125960059155126,0.24450473412826487,0.2819991240321244
1700000002235000000,12235000000,448,447,447,0,0,,,,0,rest,hold,200.0,dev-0123456789abcdef0123456789abcdef,synthetic-3-rest,29,protocol,synthetic-demo-contract-v1,True,0.024680062811574394,0.04529613565769022,0.08130134077681146,0.1289178325085997,0.15977377648124227,0.18880618788528447,0.23027156532984194,0.2688592535011349
1700000002240000000,12240000000,449,448,448,0,0,,,,0,rest,hold,200.0,dev-0123456789abcdef0123456789abcdef,synthetic-3-rest,29,protocol,synthetic-demo-contract-v1,True,0.013595448696256509,0.0342895580012767,0.06992895359353435,0.1170205948117888,0.14596659390399003,0.17636782274673127,0.216012800847449,0.25567861308170603
1700000002245000000,12245000000,450,449,449,0,0,,,,0,rest,hold,200.0,dev-0123456789abcdef0123456789abcdef,synthetic-3-rest,29,protocol,synthetic-demo-contract-v1,True,0.0024008871975584305,0.023443797911887276,0.05869572732166896,0.10513376619302303,0.1322353066536111,0.1640414625473728,0.20183748656227185,0.24256090597454896
1700000002250000000,12250000000,451,450,450,0,0,,,,0,rest,hold,200.0,dev-0123456789abcdef0123456789abcdef,synthetic-3-rest,29,protocol,synthetic-demo-contract-v1,True,-0.008822944092228252,0.01283400870222352,0.04768386596081974,0.09334778342172068,0.11868655064408656,0.15192302753705578,0.18785381782728963,0.22960907553171653
1700000002255000000,12255000000,452,451,451,0,0,,,,0,rest,hold,200.0,dev-0123456789abcdef0123456789abcdef,synthetic-3-rest,29,protocol,synthetic-demo-contract-v1,True,-0.01999286225848926,0.002532798785010413,0.03697343265968296,0.08175225701138748,0.10542532035468391,0.1401066092648977,0.17416826455669482,0.21692445388429218
1700000002260000000,12260000000,453,452,452,0,0,,,,0,rest,hold,200.0,dev-0123456789abcdef0123456789abcdef,synthetic-3-rest,29,protocol,synthetic-demo-contract-v1,True,-0.031023792986566663,-0.007390226751664668,0.02664174889608329,0.07043524859369424,0.092554109512221,0.12868369408101926,0.16088471073938365,0.20460592453947268
1700000002265000000,12265000000,454,453,453,0,0,,,,0,rest,hold,200.0,dev-0123456789abcdef0123456789abcdef,synthetic-3-rest,29,protocol,synthetic-demo-contract-v1,True,-0.04182944991711132,-0.01686889436887688,0.016762818061986914,0.05948255975179785,0.0801720725691714,0.11774240817435164,0.14810361541076977,0.1927491058987145
1700000002270000000,12270000000,455,454,454,0,0,,,,0,rest,hold,200.0,dev-0123456789abcdef0123456789abcdef,synthetic-3-rest,29,protocol,synthetic-demo-contract-v1,True,-0.052323074158547686,-0.025840858745492353,0.007406777532304147,0.04897703809411348,0.06837421389378837,0.10736679042464008,0.13592120194009719,0.18144556247290577
1700000002275000000,12275000000,456,455,455,0,0,,,,0,rest,hold,200.0,dev-0123456789abcdef0123456789abcdef,synthetic-3-rest,29,protocol,synthetic-demo-contract-v1,True,-0.06241822715985719,-0.03424796684412769,-0.00136061695084095,0.03899790622275263,0.057250611359404874,0.09763609911741021,0.12442868225706656,0.1707820503386174
1700000002280000000,12280000000,457,456,456,0,0,,,,0,rest,hold,200.0,dev-0123456789abcdef0123456789abcdef,synthetic-3-rest,29,protocol,synthetic-demo-contract-v1,True,-0.07202962869641331,-0.04203658861066006,-0.009478471017050384,0.029620119077817364,0.04688568073580441,0.08862415829096645,0.11371152235388228,0.16083980309331902
1700000002285000000,12285000000,458,457,457,0,0,,,,0,rest,hold,200.0,dev-0123456789abcdef0123456789abcdef,synthetic-3-rest,29,protocol,synthetic-demo-contract-v1,True,-0.0810740303739705,-0.049157913797884055,-0.0168911922596892,0.02091375492102448,0.03735748694847999,0.08039874915685107,0.10384875505921183,0.15169386422947503
1700000002290000000,12290000000,459,458,458,0,0,,,,0,rest,hold,200.0,dev-0123456789abcdef0123456789abcdef,synthetic-3-rest,29,protocol,synthetic-demo-contract-v1,True,-0.0894711138421964,-0.055568214627980235,-0.023548888720729626,0.01294344496127718,0.02873710788440479,0.07302105166222637,0.09491234569174854,0.14341247146038877
1700000002295000000,12295000000,460,459,459,0,0,,,,0,rest,hold,200.0,dev-0123456789abcdef0123456789abcdef,synthetic-3-rest,29,protocol,synthetic-demo-contract-v1,True,-0.0971444018581096,-0.061229074201231894,-0.02940772263412944,0.005767846322798229,0.021088055988832743,0.06654514084744287,0.08696661576628559,0.13605649809775883
1700000002300000000,12300000000,461,460,460,0,0,,,,0,rest,hold,200.0,dev-0123456789abcdef0123456789abcdef,synthetic-3-rest,29,protocol,synthetic-demo-contract-v1,True,-0.10402216947729973,-0.06610758071962963,-0.03443021713319621,-0.0005608372843094837,0.014465762420308417,0.06101754219814794,0.0800677294481099,0.12967895610583696
1700000002305000000,12305000000,462,461,461,0,0,,,,0,rest,hold,200.0,dev-0123456789abcdef0123456789abcdef,synthetic-3-rest,29,protocol,synthetic-demo-contract-v1,True,-0.11003834199953573,-0.07017648772433302,-0.038585513978501594,-0.005997283208195127,0.008917128014283073,0.05647684970228944,0.07426324693589706,0.12432456494362631
1700000002310000000,12310000000,463,462,462,0,0,,,,0,rest,hold,200.0,dev-0123456789abcdef0123456789abcdef,synthetic-3-rest,29,protocol,synthetic-demo-contract-v1,True,-0.11513336587379805,-0.07341434064658411,-0.041849580722851526,-0.010503422241348936,0.004480144753929457,0.05295340980246329,0.06959174840350942,0.1200293897591416
1700000002315000000,12315000000,464,463,463,0,0,,,,0,rest,hold,200.0,dev-0123456789abcdef0123456789abcdef,synthetic-3-rest,29,protocol,synthetic-demo-contract-v1,True,-0.11925503859030374,-0.07580557004465764,-0.04420536609625138,-0.014048752616092241,0.0011835908643707052,0.050469073887458527,0.06608253155160346,0.1168205519228051
1700000002320000000,12320000000,465,464,464,0,0,,,,0,rest,hold,200.0,dev-0123456789abcdef0123456789abcdef,synthetic-3-rest,29,protocol,synthetic-demo-contract-v1,True,-0.1223592836633148,-0.07734055194735545,-0.04564290276430301,-0.016610592943616498,-0.0009531979615597409,0.04903702139813196,0.06375538521553013,0.11471601428540343
1700000002325000000,12325000000,466,465,465,0,0,,,,0,rest,hold,200.0,dev-0123456789abcdef0123456789abcdef,synthetic-3-rest,29,protocol,synthetic-demo-contract-v1,True,-0.1244108571431534,-0.07801563575054464,-0.04615935698566913,-0.01817427192023807,-0.0019204793266958346,0.04866165503662439,0.06262044085165983,0.1137244429246771
1700000002330000000,12330000000,467,466,466,0,0,,,,0,rest,hold,200.0,dev-0123456789abcdef0123456789abcdef,synthetic-3-rest,29,protocol,synthetic-demo-contract-v1,True,-0.12538397268856535,-0.07783314012094829,-0.04575902506585723,-0.018733253133002895,-0.0017181756470308548,0.04933856896924539,0.06267810308507601,0.11384514650868753
1700000002335000000,12335000000,468,467,467,0,0,,,,0,rest,hold,200.0,dev-0123456789abcdef0123456789abcdef,synthetic-3-rest,29,protocol,synthetic-demo-contract-v1,True,-0.1252628330759117,-0.07680131735480648,-0.04445327687335991,-0.01828919382010965,-0.00035586584279683094,0.0510545903070858,0.06391905985283668,0.11506809375888793
1700000002340000000,12340000000,469,468,468,0,0,,,,0,rest,hold,200.0,dev-0123456789abcdef0123456789abcdef,synthetic-3-rest,29,protocol,synthetic-demo-contract-v1,True,-0.12404205710913632,-0.0749342866224112,-0.0422604470479544,-0.016851936975628617,0.0021473027181255367,0.053787893539598834,0.06632437202403253,0.11737400884667515
1700000002345000000,12345000000,470,469,469,0,0,,,,0,rest,hold,200.0,dev-0123456789abcdef0123456789abcdef,synthetic-3-rest,29,protocol,synthetic-demo-contract-v1,True,-0.1217269922086563,-0.07225193650735744,-0.039205674887634684,-0.014439436728389973,0.005762781287102772,0.05750818699006318,0.06986564172603119,0.12073454390948066
1700000002350000000,12350000000,471,470,470,0,0,,,,0,rest,hold,200.0,dev-0123456789abcdef0123456789abcdef,synthetic-3-rest,29,protocol,synthetic-demo-contract-v1,True,-0.11833390447822371,-0.0687797972261652,-0.03532069424818361,-0.011077617467320404,0.010452864422080998,0.06217696976305641,0.07450525796095887,0.12511252723156444
1700000002355000000,12355000000,472,471,471,0,0,,,,0,rest,hold,200.0,dev-0123456789abcdef0123456789abcdef,synthetic-3-rest,29,protocol,synthetic-demo-contract-v1,True,-0.1138900397521052,-0.06454888289424604,-0.030643575125888896,-0.006800167725554339,0.016171010264452543,0.06774785706777245,0.08019671746291716,0.13046228500589271
1700000002360000000,12360000000,473,472,472,0,0,,,,0,rest,hold,200.0,dev-0123456789abcdef0123456789abcdef,synthetic-3-rest,29,protocol,synthetic-demo-contract-v1,True,-0.10843355098245488,-0.059595504192360364,-0.02521841891749288,-0.0016482703689085247,0.022862233750326606,0.07416697123211766,0.08688501812989537,0.1367300339820524
1700000002365000000,12365000000,474,473,473,0,0,,,,0,rest,hold,200.0,dev-0123456789abcdef0123456789abcdef,synthetic-3-rest,29,protocol,synthetic-demo-contract-v1,True,-0.10201328930705335,-0.05396105178791083,-0.0190950096604363,0.004329728843522677,0.030463569498768477,0.08137339517570798,0.09450712176985117,0.14385434171612158
1700000002370000000,12370000000,475,474,474,0,0,,,,0,rest,hold,200.0,dev-0123456789abcdef0123456789abcdef,synthetic-3-rest,29,protocol,synthetic-demo-contract-v1,True,-0.09468845820643298,-0.047691750881436595,-0.012328423849144036,0.011078711752114253,0.03890460054418068,0.08929968458972942,0.10299248233288887,0.15176665057667127
1700000002375000000,12375000000,476,475,475,0,0,,,,0,rest,hold,200.0,dev-0123456789abcdef0123456789abcdef,synthetic-3-rest,29,protocol,synthetic-demo-contract-v1,True,-0.08652813228049322,-0.04083838728388407,-0.004978601697953997,0.018537234281051605,0.04810804853629421,0.09787243458245795,0.11226363526554378,0.16039186113129747
1700000002380000000,12380000000,477,476,476,0,0,,,,0,rest,hold,200.0,dev-0123456789abcdef0123456789abcdef,synthetic-3-rest,29,protocol,synthetic-demo-contract-v1,True,-0.0776106443103642,-0.03345600548754915,0.0028901170231016033,0.026638025388850715,0.05799042052366309,0.10701289609509096,0.12223684312323593,0.16964897004462148
1700000002385000000,12385000000,478,477,477,0,0,,,,0,rest,hold,200.0,dev-0123456789abcdef0123456789abcdef,synthetic-3-rest,29,protocol,synthetic-demo-contract-v1,True,-0.06802284638311293,-0.025603579275289046,0.011209489218445355,0.03530853452339599,0.06846270696933279,0.11663763697723149,0.13282279211711748,0.17945175716566908
1700000002390000000,12390000000,479,478,478,0,0,,,,0,rest,hold,200.0,dev-0123456789abcdef0123456789abcdef,synthetic-3-rest,29,protocol,synthetic-demo-contract-v1,True,-0.05785925290657444,-0.017343655520326826,0.019907893188671155,0.04447152321465569,0.07943112522436516,0.12665924223836925,0.1439273338555956,0.18970951607373093
1700000002395000000,12395000000,480,479,479,0,0,,,,0,rest,hold,200.0,dev-0123456789abcdef0123456789abcdef,synthetic-3-rest,29,protocol,synthetic-demo-contract-v1,True,-0.047221075291691735,-0.008741971963744441,0.028910878079233406,0.05404569606745821,0.09079790230957364,0.13698704766406386,0.1554522661721127,0.20032782199053165
1700000002400000000,12400000000,481,480,480,0,0,,,,0,rest,hold,200.0,dev-0123456789abcdef0123456789abcdef,synthetic-3-rest,29,protocol,synthetic-demo-contract-v1,True,-0.03621515989424705,0.00013295008123012653,0.03814173412527463,0.06394636608351574,0.10246209053130667,0.14752790070604602,0.16729614661237355,0.21120933065584818
1700000002405000000,12405000000,482,481,481,0,0,,,,0,rest,hold,200.0,dev-0123456789abcdef0123456789abcdef,synthetic-3-rest,29,protocol,synthetic-demo-contract-v1,True,-0.02495284245302864,0.009210236960319425,0.0475220796204237,0.07408614894910732,0.1143204091861178,0.158186942326463,0.17935513188875685,0.22225460150622137
1700000002410000000,12410000000,483,482,482,0,0,,,,0,rest,hold,200.0,dev-0123456789abcdef0123456789abcdef,synthetic-3-rest,29,protocol,synthetic-demo-contract-v1,True,-0.013548733706553484,0.01841711649260941,0.05697246042166547,0.08437568067489923,0.1262681053937973,0.16886840329981864,0.19152383639918477,0.23336293829410945
1700000002415000000,12415000000,484,483,483,0,0,,,,0,rest,hold,200.0,dev-0123456789abcdef0123456789abcdef,synthetic-3-rest,29,protocol,synthetic-demo-contract-v1,True,-0.002119452087998087,0.027679392778614843,0.06641295771309337,0.09472435276960775,0.13819982694046998,0.17947640835344514,0.20369620275414202,0.24443324013960396
1700000002420000000,12420000000,485,484,484,0,0,,,,0,rest,hold,200.0,dev-0123456789abcdef0123456789abcdef,synthetic-3-rest,29,protocol,synthetic-demo-contract-v1,True,0.009217679635175424,0.036921940153999876,0.07576379968890856,0.1050410589712585,0.15001049991441198,0.18991578145946597,0.21576637715990502,0.2553648559196907
1700000002425000000,12425000000,486,485,485,0,0,,,,0,rest,hold,200.0,dev-0123456789abcdef0123456789abcdef,synthetic-3-rest,29,protocol,synthetic-demo-contract-v1,True,0.020345956213129016,0.04606921416543974,0.08494597278097976,0.11523494745020084,0.16159620387783633,0.20009284557885262,0.22762958246924236,0.2660584348718325
1700000002430000000,12430000000,487,486,486,0,0,,,,0,rest,hold,200.0,dev-0123456789abcdef0123456789abcdef,synthetic-3-rest,29,protocol,synthetic-demo-contract-v1,True,0.031150612279510076,0.05504577715651462,0.09388182804892897,0.12521617233783724,0.17285503733845703,0.20991621020146115,0.23918298173316038,0.27641676631959916
1700000002435000000,12435000000,488,487,487,0,0,,,,0,rest,hold,200.0,dev-0123456789abcdef0123456789abcdef,synthetic-3-rest,29,protocol,synthetic-demo-contract-v1,True,0.041520127131997625,0.06377683575448519,0.1024956783712127,0.13489663842481003,0.18368796636492837,0.21929754012444877,0.2503265251684109,0.2863456015178545
1700000002440000000,12440000000,489,488,488,0,0,,,,0,rest,hold,200.0,dev-0123456789abcdef0123456789abcdef,synthetic-3-rest,29,protocol,synthetic-demo-contract-v1,True,0.05134749400218047,0.07218878724858513,0.11071438212414726,0.14419073291246143,0.19399964932967087,0.22815229906448764,0.2609637735948541,0.2957544507629611
1700000002445000000,12445000000,490,489,489,0,0,,,,0,rest,hold,200.0,dev-0123456789abcdef0123456789abcdef,synthetic-3-rest,29,protocol,synthetic-demo-contract-v1,True,0.06053143635691639,0.08020977155270691,0.11846790911223139,0.15301603819157766,0.2036992309599934,0.236400461905462,0.27100269159319096,0.3045573491183504
1700000002450000000,12450000000,491,490,490,0,0,,,,0,rest,hold,200.0,dev-0123456789abcdef0123456789abcdef,synthetic-3-rest,29,protocol,synthetic-demo-contract-v1,True,0.06897755452693284,0.08777022515596063,0.12568988461718963,0.1612940197621108,0.21270109913209806,0.24396718964110622,0.2803564038853712,0.3126735843658794
1700000002455000000,12455000000,492,491,491,0,0,,,,0,rest,hold,200.0,dev-0123456789abcdef0123456789abcdef,synthetic-3-rest,29,protocol,synthetic-demo-contract-v1,True,0.07659938698555788,0.09480343318979566,0.13231810756461904,0.16895068359581492,0.22092559815048163,0.2507834613792433,0.28894390874509385,0.32002838110655235
1700000002460000000,12460000000,493,492,492,0,0,,,,0,rest,hold,200.0,dev-0123456789abcdef0123456789abcdef,synthetic-3-rest,29,protocol,synthetic-demo-contract-v1,True,0.08331937188343122,0.10124607548650694,0.13829503896551193,0.17591719747917203,0.2282996926148973,0.25678665812841783,0.2966907426017608,0.3265535352978695
1700000002465000000,12465000000,494,493,493,0,0,,,,0,rest,hold,200.0,dev-0123456789abcdef0123456789abcdef,synthetic-3-rest,29,protocol,synthetic-demo-contract-v1,True,0.0890696959613921,0.10703876227721244,0.14356825697452086,0.18213047115473877,0.2347575763853278,0.2619210934857475,0.3035295904049386,0.33218799392612997
1700000002470000000,12470000000,495,494,494,0,0,,,,0,rest,hold,200.0,dev-0123456789abcdef0123456789abcdef,synthetic-3-rest,29,protocol,synthetic-demo-contract-v1,True,0.09379301968697164,0.1121265549841155,0.14809087511701285,0.1875336904031244,0.2402412216091446,0.26613848678361407,0.30940083676468577,0.3368783749672483
1700000002475000000,12475000000,496,495,495,0,0,,,,0,rest,hold,200.0,dev-0123456789abcdef0123456789abcdef,synthetic-3-rest,29,protocol,synthetic-demo-contract-v1,True,0.0974430693595179,0.11645946740787054,0.15182192047165338,0.19207680057255114,0.2447008632698779,0.26939837472861855,0.3142530533721265,0.34057942328510293
1700000002480000000,12480000000,497,496,496,0,0,,,,0,rest,hold,200.0,dev-0123456789abcdef0123456789abcdef,synthetic-3-rest,29,protocol,synthetic-demo-contract-v1,True,0.09998508897147879,0.11999294250183716,0.15472666885348588,0.19571693546559135,0.2480954152498055,0.27166845807517914,0.3180434187304761,0.3432543986481157
1700000002485000000,12485000000,498,497,497,0,0,,,,0,rest,hold,200.0,dev-0123456789abcdef0123456789abcdef,synthetic-3-rest,29,protocol,synthetic-demo-contract-v1,True,0.10139614676265149,0.12268829986605469,0.1567769343229718,0.19841878793003068,0.25039281446447825,0.2729248804140424,0.32073806678498357,0.34487539260825756
1700000002490000000,12490000000,499,498,498,0,0,,,,0,rest,hold,200.0,dev-0123456789abcdef0123456789abcdef,synthetic-3-rest,29,protocol,synthetic-demo-contract-v1,True,0.10166529362229951,0.12451314908940997,0.15795131064779502,0.20015491896935494,0.2515702902215969,0.27315243671830897,0.3223123616263046,0.3454235715772504
1700000002495000000,12495000000,500,499,499,0,0,,,,0,rest,hold,200.0,dev-0123456789abcdef0123456789abcdef,synthetic-3-rest,29,protocol,synthetic-demo-contract-v1,True,0.10079357274194435,0.12544176412264754,0.1582353626649264,0.20090600268442907,0.2516145565745143,0.27234470987175624,0.3227510960508875,0.3448893440475863
1700000002500000000,12500000000,501,500,500,0,0,,,,0,rest,hold,200.0,dev-0123456789abcdef0123456789abcdef,synthetic-3-rest,29,protocol,synthetic-demo-contract-v1,True,0.09879388215989122,0.12545541398065466,0.15762176582873702,0.20066100487750735,0.2505219260769021,0.2705041340013981,0.3220486123889768,0.3432724505359756
1700000002505000000,12505000000,502,501,501,0,0,,,,0,rest,hold,200.0,dev-0123456789abcdef0123456789abcdef,synthetic-3-rest,29,protocol,synthetic-demo-contract-v1,True,0.09569069402809638,0.12454264525211801,0.15611039258499498,0.19941729368860991,0.24829834399454545,0.26764198404344014,0.32020884465067156,0.3405819754687579
1700000002510000000,12510000000,503,502,502,0,0,,,,0,rest,hold,200.0,dev-0123456789abcdef0123456789abcdef,synthetic-3-rest,29,protocol,synthetic-demo-contract-v1,True,0.09151963653491829,0.12269951213954844,0.15370834457838412,0.19718068118817708,0.24495934268747177,0.26377829158402577,0.3172452816878375,0.3368362808773677
1700000002515000000,12515000000,504,503,503,0,0,,,,0,rest,hold,200.0,dev-0123456789abcdef0123456789abcdef,synthetic-3-rest,29,protocol,synthetic-demo-contract-v1,True,0.0863269463974808,0.11992975006315694,0.15042993008056088,0.1939653954142473,0.2405299165352157,0.25894168762834135,0.3131808517192396,0.33206286242172894
1700000002520000000,12520000000,505,504,504,0,0,,,,0,rest,hold,200.0,dev-0123456789abcdef0123456789abcdef,synthetic-3-rest,29,protocol,synthetic-demo-contract-v1,True,0.0801688016612727,0.11624488923752171,0.14629658641446586,0.18979398291263286,0.23504431843456594,0.25316917355870255,0.3080477292126889,0.3262981289051104
1700000002525000000,12525000000,506,505,505,0,0,,,,0,rest,hold,200.0,dev-0123456789abcdef0123456789abcdef,synthetic-3-rest,29,protocol,synthetic-demo-contract-v1,True,0.07311054618173102,0.11166430506869787,0.141336747546158,0.18469714240997848,0.2285457795471642,0.24650582213911248,0.30188706575595275,0.3195871070801213
1700000002530000000,12530000000,507,506,506,0,0,,,,0,rest,hold,200.0,dev-0123456789abcdef0123456789abcdef,synthetic-3-rest,29,protocol,synthetic-demo-contract-v1,True,0.06522581858621956,0.10621520271869073,0.13558565741535542,0.1787134908175411,0.2210861546085158,0.2390044110055353,0.2947486471724282,0.3119830741669157
1700000002535000000,12535000000,508,507,507,0,0,,,,0,rest,hold,200.0,dev-0123456789abcdef0123456789abcdef,synthetic-3-rest,29,protocol,synthetic-demo-contract-v1,True,0.05659559970246194,0.09993253374026134,0.1290851299774664,0.17188926332331209,0.21272549572507868,0.23072499164293797,0.2866904797429963,0.3035471211061456
1700000002540000000,12540000000,509,508,508,0,0,,,,0,rest,hold,200.0,dev-0123456789abcdef0123456789abcdef,synthetic-3-rest,29,protocol,synthetic-demo-contract-v1,True,0.04730719337318051,0.0928588432930557,0.1218832573304336,0.16427794987708128,0.20353155817701102,0.22173439738731238,0.2777783089770397,0.2943476501457415
1700000002545000000,12545000000,510,509,509,0,0,,,,0,rest,hold,200.0,dev-0123456789abcdef0123456789abcdef,synthetic-3-rest,29,protocol,synthetic-demo-contract-v1,True,0.03745315624346772,0.08504404710634274,0.1140340676964162,0.15593987090271033,0.19357924230605209,0.21210569449899322,0.26808507492861183,0.2844598109074711
1700000002550000000,12550000000,511,510,510,0,0,,,,0,rest,hold,200.0,dev-0123456789abcdef0123456789abcdef,synthetic-3-rest,29,protocol,synthetic-demo-contract-v1,True,0.027130192499351082,0.07654513804751555,0.10559713541828383,0.14694169557979916,0.1829499760962106,0.2019175808283725,0.257690308573593,0.2739648795918621
1700000002555000000,12555000000,512,511,511,0,0,,,,0,rest,hold,200.0,dev-0123456789abcdef0123456789abcdef,synthetic-3-rest,29,protocol,synthetic-demo-contract-v1,True,0.016438029650480666,0.06742582288143978,0.09663714551117261,0.13735590651882246,0.17173104354505464,0.19125373703260812,0.24667947424609538,0.26294958645419364
1700000002560000000,12560000000,513,512,512,0,0,,,,0,rest,hold,200.0,dev-0123456789abcdef0123456789abcdef,synthetic-3-rest,29,protocol,synthetic-demo-contract-v1,True,0.005478291289532223,0.057756090555532935,0.08722341567705527,0.12726021510569077,0.16001486437145668,0.1802021356985522,0.23514326357347048,0.2515053971159988
1700000002565000000,12565000000,514,513,513,0,0,,,,0,rest,hold,200.0,dev-0123456789abcdef0123456789abcdef,synthetic-3-rest,29,protocol,synthetic-demo-contract-v1,True,-0.005646617666461663,0.04761171411019097,0.07742937904244096,0.11673693220968166,0.147898231007893,0.16885431407952645,0.22317684674537852,0.23972775366222884
1700000002570000000,12570000000,515,514,514,0,0,,,,0,rest,hold,200.0,dev-0123456789abcdef0123456789abcdef,synthetic-3-rest,29,protocol,synthetic-demo-contract-v1,True,-0.0168345984293526,0.03707368908440375,0.06733203121298713,0.10587229932922178,0.13548150917848148,0.15730461645878407,0.21087908730022484,0.22771528181068484
1700000002575000000,12575000000,516,515,515,0,0,,,,0,rest,hold,200.0,dev-0123456789abcdef0123456789abcdef,synthetic-3-rest,29,protocol,synthetic-demo-contract-v1,True,-0.027984904582693045,0.026227612052400606,0.05701134555123545,0.09475578558991779,0.12286780866506869,0.1456494124080831,0.19835172690912825,0.2155689707248413
1700000002580000000,12580000000,517,516,516,0,0,,,,0,rest,hold,200.0,dev-0123456789abcdef0123456789abcdef,synthetic-3-rest,29,protocol,synthetic-demo-contract-v1,True,-0.03899913434287551,0.015163003678692534,0.04654966087190277,0.08347935630544664,0.11016213111017896,0.13398629741343626,0.18569854688085718,0.20339133227121736
1700000002585000000,12585000000,518,517,517,0,0,,,,0,rest,hold,200.0,dev-0123456789abcdef0123456789abcdef,synthetic-3-rest,29,protocol,synthetic-demo-contract-v1,True,-0.04978215739064218,0.003972581405873147,0.03603104601064324,0.07213671906198857,0.09747050189565493,0.12241328249026492,0.17302451329905338,0.1912855466962564
1700000002590000000,12590000000,519,518,518,0,0,,,,0,rest,hold,200.0,dev-0123456789abcdef0123456789abcdef,synthetic-3-rest,29,protocol,synthetic-demo-contract-v1,True,-0.06024296630914561,-0.007248512418286215,0.025540645954276,0.060822553488515244,0.08489909326767699,0.11102797950548657,0.16043491283391617,0.17935460181368584
1700000002595000000,12595000000,520,519,519,0,0,,,,0,rest,hold,200.0,dev-0123456789abcdef0123456789abcdef,synthetic-3-rest,29,protocol,synthetic-demo-contract-v1,True,-0.07029544427822,-0.018403520520579808,0.015164014420720344,0.049631731026601546,0.07255334595145117,0.09992678896369757,0.14803448634330338,0.16770043285057767
1700000002600000000,12600000000,521,520,520,0,0,,,,0,rest,hold,200.0,dev-0123456789abcdef0123456789abcdef,synthetic-3-rest,29,protocol,synthetic-demo-contract-v1,True,-0.07985904238375542,-0.029394911742219462,0.004986437943140477,0.03865853111318092,0.06053709651169413,0.0892040969982977,0.13592656739241443,0.15642307009839865
1700000002605000000,12605000000,522,521,521,0,0,,,,0,rest,hold,200.0,dev-0123456789abcdef0123456789abcdef,synthetic-3-rest,29,protocol,synthetic-demo-contract-v1,True,-0.08885936167127272,-0.0401252455629771,-0.0049077433570517675,0.02799586023674039,0.04895171766792312,0.07895148823617383,0.12421223277669166,0.14561980145415693
1700000002610000000,12610000000,523,522,522,0,0,,,,0,rest,hold,200.0,dev-0123456789abcdef0123456789abcdef,synthetic-3-rest,29,protocol,synthetic-demo-contract-v1,True,-0.09722863686848532,-0.05049805207710012,-0.014435813031450436,0.01773448032129559,0.03789527866687499,0.06925698107698766,0.112989472029699,0.1353843568168035
1700000002615000000,12615000000,524,523,523,0,0,,,,0,rest,hold,200.0,dev-0123456789abcdef0123456789abcdef,synthetic-3-rest,29,protocol,synthetic-demo-contract-v1,True,-0.10490612048735425,-0.06041871901197285,-0.023517348270452963,0.007962252833047198,0.02746173264908724,0.06020429174630377,0.10235238273746257,0.12580612112638637
1700000002620000000,12620000000,525,524,524,0,0,,,,0,rest,hold,200.0,dev-0123456789abcdef0123456789abcdef,synthetic-3-rest,29,protocol,synthetic-demo-contract-v1,True,-0.11183836775736498,-0.06979537709123695,-0.032074877231820266,-0.0012365951078583959,0.01774013772405963,0.05187213324715509,0.09239039826435516,0.11696938259946316
1700000002625000000,12625000000,526,525,525,0,0,,,,0,rest,hold,200.0,dev-0123456789abcdef0123456789abcdef,synthetic-3-rest,29,protocol,synthetic-demo-contract-v1,True,-0.11797942450538601,-0.07853977484806039,-0.040034518419899384,-0.009782176492797397,0.008813918190318723,0.04433355504908931,0.08318755422488074,0.10895262242586765
1700000002630000000,12630000000,527,526,526,0,0,,,,0,rest,hold,200.0,dev-0123456789abcdef0123456789abcdef,synthetic-3-rest,29,protocol,synthetic-demo-contract-v1,True,-0.1232909216524662,-0.0865681338962614,-0.04732659687542084,-0.01759961616545321,0.0007601720055230646,0.03765532901970983,0.07482179971302451,0.10182785185157575
1700000002635000000,12635000000,528,527,527,0,0,,,,0,rest,hold,200.0,dev-0123456789abcdef0123456789abcdef,synthetic-3-rest,29,protocol,synthetic-demo-contract-v1,True,-0.12774208141623689,-0.09380197567088118,-0.05388623205061367,-0.024619682901277067,-0.006350969769950035,0.03189738672381447,0.06736435892869842,0.09566000218276208
1700000002640000000,12640000000,529,528,528,0,0,,,,0,rest,hold,200.0,dev-0123456789abcdef0123456789abcdef,synthetic-3-rest,29,protocol,synthetic-demo-contract-v1,True,-0.13130964156415656,-0.10016891075784091,-0.05965389240187843,-0.03077937650159826,-0.012456926261394136,0.0271123127927113,0.060879148422483695,0.09050637281055415
1700000002645000000,12645000000,530,529,529,0,0,,,,0,rest,hold,200.0,dev-0123456789abcdef0123456789abcdef,synthetic-3-rest,29,protocol,synthetic-demo-contract-v1,True,-0.13397770513664062,-0.10560338214570225,-0.06457591193215996,-0.03602246493597261,-0.017503187978260018,0.023344898604543304,0.055422254718708194,0.08641614187796315
1700000002650000000,12650000000,531,530,530,0,0,,,,0,rest,hold,200.0,dev-0123456789abcdef0123456789abcdef,synthetic-3-rest,29,protocol,synthetic-demo-contract-v1,True,-0.1357375239331752,-0.11004735405097413,-0.06860496415670665,-0.04029996696612952,-0.02144377161336027,0.020631760019308547,0.0510414765767546,0.08342994369395994
1700000002655000000,12655000000,532,531,531,0,0,,,,0,rest,hold,200.0,dev-0123456789abcdef0123456789abcdef,synthetic-3-rest,29,protocol,synthetic-demo-contract-v1,True,-0.13658722471628695,-0.11345093839018443,-0.07170048924796678,-0.043570576123605605,-0.02424160468147845,0.01900102238385175,0.047775935615538355,0.08157951644898502
1700000002660000000,12660000000,533,532,532,0,0,,,,0,rest,hold,200.0,dev-0123456789abcdef0123456789abcdef,synthetic-3-rest,29,protocol,synthetic-demo-contract-v1,True,-0.13653148752997737,-0.11577295149403802,-0.07382907043651166,-0.0458010223873551,-0.02586883681522452,0.01847207546675243,0.045655758460718385,0.08088742320581685
1700000002665000000,12665000000,534,533,533,0,0,,,,0,rest,hold,200.0,dev-0123456789abcdef0123456789abcdef,synthetic-3-rest,29,protocol,synthetic-demo-contract-v1,True,-0.13558118574789546,-0.116981394276988,-0.07496475610324588,-0.046966368413491506,-0.02630707514142811,0.019055400405332684,0.044701832983076145,0.08136684853448861
1700000002670000000,12670000000,535,534,534,0,0,,,,0,rest,hold,200.0,dev-0123456789abcdef0123456789abcdef,synthetic-3-rest,29,protocol,synthetic-demo-contract-v1,True,-0.1337529974638877,-0.1170538497836532,-0.07508932439151011,-0.04705023770270516,-0.025547541788070484,0.02075247015176578,0.04492564058455889,0.08302147253486629
1700000002675000000,12675000000,536,535,535,0,0,,,,0,rest,hold,200.0,dev-0123456789abcdef0123456789abcdef,synthetic-3-rest,29,protocol,synthetic-demo-contract-v1,True,-0.13106899762017543,-0.11597779282473997,-0.07419248759348722,-0.046044972647534536,-0.023591152214605494,0.02355572429735039,0.0463291658607145,0.0858454233506962
1700000002680000000,12680000000,537,536,536,0,0,,,,0,rest,hold,200.0,dev-0123456789abcdef0123456789abcdef,synthetic-3-rest,29,protocol,synthetic-demo-contract-v1,True,-0.12755623984727668,-0.11375080728118778,-0.07227203402062841,-0.0439517209769616,-0.02044851371215245,0.02744861853850504,0.048904884329893206,0.08982330862973387
1700000002685000000,12685000000,538,537,537,0,0,,,,0,rest,hold,200.0,dev-0123456789abcdef0123456789abcdef,synthetic-3-rest,29,protocol,synthetic-demo-contract-v1,True,-0.12324633638023327,-0.11038070758684448,-0.06933390554940161,-0.04078044970505914,-0.0161398440790943,0.03240574842998541,0.05263582827588608,0.09493032573130734
1700000002690000000,12690000000,539,538,538,0,0,,,,0,rest,hold,200.0,dev-0123456789abcdef0123456789abcdef,synthetic-3-rest,29,protocol,synthetic-demo-contract-v1,True,-0.11817504363687627,-0.10588556188673207,-0.06539220953796711,-0.03654988628877642,-0.010694811136614048,0.03839304645538393,0.057495730106945156,0.10113244983078375
1700000002695000000,12695000000,540,539,539,0,0,,,,0,rest,hold,200.0,dev-0123456789abcdef0123456789abcdef,synthetic-3-rest,29,protocol,synthetic-demo-contract-v1,True,-0.1123818601184089,-0.1002936153987024,-0.06046916433257202,-0.03128738730248806,-0.004152294402232536,0.04536805083721014,0.06344924199568484,0.10838669842526241
1700000002700000000,12700000000,541,540,540,0,0,,,,0,rest,hold,200.0,dev-0123456789abcdef0123456789abcdef,synthetic-3-rest,29,protocol,synthetic-demo-contract-v1,True,-0.10590964224603722,-0.09364311356907393,-0.054594978120450416,-0.025028735538645076,0.003439929117934847,0.05328024391381094,0.07045222993645199,0.11664147011175727
1700000002705000000,12705000000,542,541,541,0,0,,,,0,rest,hold,200.0,dev-0123456789abcdef0123456789abcdef,synthetic-3-rest,29,protocol,synthetic-demo-contract-v1,True,-0.09880424260760319,-0.08598202569515631,-0.04780766143445806,-0.017817867039745187,0.012025572431034508,0.062071457333033896,0.07845213974458955,0.1258369548934213
1700000002710000000,12710000000,543,542,542,0,0,,,,0,rest,hold,200.0,dev-0123456789abcdef0123456789abcdef,synthetic-3-rest,29,protocol,synthetic-demo-contract-v1,True,-0.09111417388482419,-0.07736767077653761,-0.04015277416911836,-0.009706530151937332,0.02154029616115817,0.07167634075760577,0.08738843193058375,0.1359056126760553
1700000002715000000,12715000000,544,543,543,0,0,,,,0,rest,hold,200.0,dev-0123456789abcdef0123456789abcdef,synthetic-3-rest,29,protocol,synthetic-demo-contract-v1,True,-0.082890300495473,-0.06786624843943655,-0.031683108523499176,-0.000753879259981171,0.03191223248381224,0.0820228902493272,0.09719308181629625,0.14677271605117984
1700000002720000000,12720000000,545,544,544,0,0,,,,0,rest,hold,200.0,dev-0123456789abcdef0123456789abcdef,synthetic-3-rest,29,protocol,synthetic-demo-contract-v1,True,-0.07418555874669322,-0.05755227884106084,-0.0224583098385975,0.008973993587817032,0.04306257107253488,0.09303303200278032,0.10779114072500012,0.15835695292804067
1700000002725000000,12725000000,546,545,545,0,0,,,,0,rest,hold,200.0,dev-0123456789abcdef0123456789abcdef,synthetic-3-rest,29,protocol,synthetic-demo-contract-v1,True,-0.06505470508648338,-0.04650795649068989,-0.0125444378408897,0.019404585432240874,0.054906202227046695,0.10462325663836902,0.1191013535761146,0.17057108407942606
1700000002730000000,12730000000,547,546,546,0,0,,,,0,rest,hold,200.0,dev-0123456789abcdef0123456789abcdef,synthetic-3-rest,29,protocol,synthetic-demo-contract-v1,True,-0.05555409088996706,-0.03482242390822756,-0.002013471334475733,0.03045956330664526,0.06735241188024092,0.11670529884304501,0.13103682775352493,0.18332265020927607
1700000002735000000,12735000000,548,547,547,0,0,,,,0,rest,hold,200.0,dev-0123456789abcdef0123456789abcdef,synthetic-3-rest,29,protocol,synthetic-demo-contract-v1,True,-0.045741461153591484,-0.022590971966831044,0.009057240103062778,0.0420553946040661,0.08030562275306335,0.12918685676855168,0.143505747697009,0.1965147227375777
1700000002740000000,12740000000,549,548,548,0,0,,,,0,rest,hold,200.0,dev-0123456789abcdef0123456789abcdef,synthetic-3-rest,29,protocol,synthetic-demo-contract-v1,True,-0.035675773519939474,-0.009914174622262519,0.02058557337606251,0.054104021797856366,0.09366617554531001,0.1419723452644775,0.15641212929288012,0.2100466921332622
1700000002745000000,12745000000,550,549,549,0,0,,,,0,rest,hold,200.0,dev-0123456789abcdef0123456789abcdef,synthetic-3-rest,29,protocol,synthetic-demo-contract-v1,True,-0.025417033241438184,0.003103033493319924,0.03248527357013112,0.06651357602428326,0.10733114371992179,0.15496367673980865,0.16965660781575098,0.22381508731198302
1700000002750000000,12750000000,551,550,550,0,0,,,,0,rest,hold,200.0,dev-0123456789abcdef0123456789abcdef,synthetic-3-rest,29,protocol,synthetic-demo-contract-v1,True,-0.015026139032953195,0.01635232745119,0.04466663515787637,0.07918912369860269,0.12119517516101447,0.1680610632141982,0.18313725290078514,0.23771441935516505
1700000002755000000,12755000000,552,551,551,0,0,,,,0,rest,hold,200.0,dev-0123456789abcdef0123456789abcdef,synthetic-3-rest,29,protocol,synthetic-demo-contract-v1,True,-0.004564734277126855,0.029723000633245816,0.0570372173796022,0.09203344004680918,0.13515135376406176,0.1811638329408869,0.1967504038072731,0.2516380426018755
1700000002760000000,12760000000,553,552,552,0,0,,,,0,rest,hold,200.0,dev-0123456789abcdef0123456789abcdef,synthetic-3-rest,29,protocol,synthetic-demo-contract-v1,True,0.005904942255544294,0.043103001343679115,0.06950258811426031,0.10494780319609429,0.1490920738521776,0.19417125485863432,0.21039151807162748,0.26547902601758483
1700000002765000000,12765000000,554,553,553,0,0,,,,0,rest,hold,200.0,dev-0123456789abcdef0123456789abcdef,synthetic-3-rest,29,protocol,synthetic-demo-contract-v1,True,0.016320212119696895,0.056379986839644215,0.08196709024688487,0.11783280228009681,0.1629099202065881,0.2069833640611137,0.22395602654215993,0.2791310276549069
1700000002770000000,12770000000,555,554,554,0,0,,,,0,rest,hold,200.0,dev-0123456789abcdef0123456789abcdef,synthetic-3-rest,29,protocol,synthetic-demo-contract-v1,True,0.026618125203525377,0.06944238395202917,0.09433462427746112,0.1305891528820902,0.17649854645310953,0.21950178145967944,0.2373401877402173,0.2924891649917797
1700000002775000000,12775000000,556,555,555,0,0,,,,0,rest,hold,200.0,dev-0123456789abcdef0123456789abcdef,synthetic-3-rest,29,protocol,synthetic-demo-contract-v1,True,0.03673564561573784,0.08218044534674676,0.10650944070577972,0.14311851306159998,0.18975354456013588,0.23163052085936292,0.2504419345027785,0.30545087396253784
1700000002780000000,12780000000,557,556,556,0,0,,,,0,rest,hold,200.0,dev-0123456789abcdef0123456789abcdef,synthetic-3-rest,29,protocol,synthetic-demo-contract-v1,True,0.04660986056684538,0.09448729048096392,0.11839693556990137,0.15532429318830404,0.20257329827708617,0.24327677676797127,0.26316170593024685,0.31791674958661587
1700000002785000000,12785000000,558,557,557,0,0,,,,0,rest,hold,200.0,dev-0123456789abcdef0123456789abcdef,synthetic-3-rest,29,protocol,synthetic-demo-contract-v1,True,0.05617821671574588,0.10625992043792494,0.1299044424147211,0.1671124528418732,0.21485981347495275,0.2543516864135415,0.27540325778940516,0.3297913612475859
1700000002790000000,12790000000,559,558,558,0,0,,,,0,rest,hold,200.0,dev-0123456789abcdef0123456789abcdef,synthetic-3-rest,29,protocol,synthetic-demo-contract-v1,True,0.06537878764476966,0.11740019607738637,0.14094201392354566,0.17839227812753894,0.2265195185414336,0.26477105965488773,0.2870744447042686,0.34098403588067433
1700000002795000000,12795000000,560,559,559,0,0,,,,0,rest,hold,200.0,dev-0123456789abcdef0123456789abcdef,synthetic-3-rest,29,protocol,synthetic-demo-contract-v1,True,0.07415057517399855,0.12781576931338215,0.151423186460723,0.18907713290391778,0.23746402823042415,0.2744560707317468,0.2980879677052093,0.35140960258801895
1700000002800000000,12800000000,561,560,560,0,0,,,,0,rest,hold,200.0,dev-0123456789abcdef0123456789abcdef,synthetic-3-rest,29,protocol,synthetic-demo-contract-v1,True,0.0824338461509719,0.13742095782303967,0.161265720848124,0.19908517762110195,0.24761086466754456,0.2833339061131295,0.3083620809974467,0.36098909251578515
1700000002805000000,12805000000,562,561,561,0,0,,,,0,rest,hold,200.0,dev-0123456789abcdef0123456789abcdef,synthetic-3-rest,29,protocol,synthetic-demo-contract-v1,True,0.09017050517974164,0.14613755409359286,0.17039231283267744,0.2083400497215319,0.2568841295671943,0.291338363062173,0.3178212521511748,0.36965038819307316
1700000002810000000,12810000000,563,562,562,0,0,,,,0,rest,hold,200.0,dev-0123456789abcdef0123456789abcdef,synthetic-3-rest,29,protocol,synthetic-demo-contract-v1,True,0.09730450251135386,0.1538955604225955,0.17873126689599012,0.21677149986185212,0.26521512211956333,0.29841039394024543,0.3263967703045084,0.37732881694645154
1700000002815000000,12815000000,564,563,563,0,0,,,,0,rest,hold,200.0,dev-0123456789abcdef0123456789abcdef,synthetic-3-rest,29,protocol,synthetic-demo-contract-v1,True,0.10378227503569216,0.1606338422901736,0.1862171273094026,0.22431597856838106,0.2725428974547402,0.3044985917189183,0.3340272974038286,0.383967683462514
1700000002820000000,12820000000,565,564,564,0,0,,,,0,rest,hold,200.0,dev-0123456789abcdef0123456789abcdef,synthetic-3-rest,29,protocol,synthetic-demo-contract-v1,True,0.10955321702297152,0.16630069341227796,0.1927912606471286,0.23091716833912498,0.278814761081772,0.3095596126519839,0.3406593579803156,0.3895187370702492
1700000002825000000,12825000000,566,565,565,0,0,,,,0,rest,hold,200.0,dev-0123456789abcdef0123456789abcdef,synthetic-3-rest,29,protocol,synthetic-demo-contract-v1,True,0.11457017599349079,0.17085430674964897,0.1984023843344563,0.23652645664828353,0.2839866952292691,0.3135585325770372,0.34624776347261704,0.39394256985120435
1700000002830000000,12830000000,567,566,566,0,0,,,,0,rest,hold,200.0,dev-0123456789abcdef0123456789abcdef,synthetic-3-rest,29,protocol,synthetic-demo-contract-v1,True,0.11878996787786968,0.17426314677690602,0.20300703622476923,0.24110334579133597,0.2880237135765313,0.31646913386298636,0.35075596764944955,0.3972089422539742
1700000002835000000,12835000000,568,567,567,0,0,,,,0,rest,hold,200.0,dev-0123456789abcdef0123456789abcdef,synthetic-3-rest,29,protocol,synthetic-demo-contract-v1,True,0.12217390449747,0.1765062193973266,0.20656998066525334,0.24461579602608233,0.29090014145549836,0.3182741205916492,0.3541563502579096,0.3992970334857363
1700000002840000000,12840000000,569,568,568,0,0,,,,0,rest,hold,200.0,dev-0123456789abcdef0123456789abcdef,synthetic-3-rest,29,protocol,synthetic-demo-contract-v1,True,0.12468832537527728,0.1775732370084753,0.20906454702306204,0.24704049901329753,0.292599819219293,0.31896526015369236,0.35643042661870983,0.40019561457253366
1700000002845000000,12845000000,570,569,569,0,0,,,,0,rest,hold,200.0,dev-0123456789abcdef0123456789abcdef,synthetic-3-rest,29,protocol,synthetic-demo-contract-v1,True,0.12630512500825927,0.1774646773683089,0.21047289719729845,0.24836307913537545,0.29311622710759777,0.31854345004663626,0.3575689815034736,0.39990314261663695
1700000002850000000,12850000000,571,570,570,0,0,,,,0,rest,hold,200.0,dev-0123456789abcdef0123456789abcdef,synthetic-3-rest,29,protocol,synthetic-demo-contract-v1,True,0.12700226601758838,0.17619173606692834,0.21078621923292917,0.24857822086777237,0.2924525305873454,0.31701870928047754,0.35757212625654244,0.39842777542835184
1700000002855000000,12855000000,572,571,571,0,0,,,,0,rest,hold,200.0,dev-0123456789abcdef0123456789abcdef,synthetic-3-rest,29,protocol,synthetic-demo-contract-v1,True,0.126764268064348,0.17377617356190111,0.21000484477575312,0.24768972099128986,0.2906215458038926,0.31441009441959294,0.35644927875929705,0.3957873063657463
1700000002860000000,12860000000,573,572,572,0,0,,,,0,rest,hold,200.0,dev-0123456789abcdef0123456789abcdef,synthetic-3-rest,29,protocol,synthetic-demo-contract-v1,True,0.12558266209292201,0.17025005887120978,0.20813828875748125,0.2457104650581385,0.28764562543751143,0.31074554091278733,0.3542190664734837,0.392009019873517
1700000002865000000,12865000000,574,573,573,0,0,,,,0,rest,hold,200.0,dev-0123456789abcdef0123456789abcdef,synthetic-3-rest,29,protocol,synthetic-demo-contract-v1,True,0.12345639935563049,0.1656554131239018,0.20520521037124106,0.2426623281561355,0.2835564659172775,0.3060616309815409,0.35090915343621665,0.387129468866196
1700000002870000000,12870000000,575,574,574,0,0,,,,0,rest,hold,200.0,dev-0123456789abcdef0123456789abcdef,synthetic-3-rest,29,protocol,synthetic-demo-contract-v1,True,0.12039220478921221,0.1600437572313107,0.20123329508446952,0.23857600064799223,0.27839483759377975,0.3004032899445167,0.3465559927079004,0.38119417574568853
1700000002875000000,12875000000,576,575,575,0,0,,,,0,rest,hold,200.0,dev-0123456789abcdef0123456789abcdef,synthetic-3-rest,29,protocol,synthetic-demo-contract-v1,True,0.11640486466077368,0.15347556894886402,0.19625905813210423,0.23349074019118235,0.2722102401082079,0.2938234134492366,0.3412045063901317,0.37425725947344113
1700000002880000000,12880000000,577,576,576,0,0,,,,0,rest,hold,200.0,dev-0123456789abcdef0123456789abcdef,synthetic-3-rest,29,protocol,synthetic-demo-contract-v1,True,0.11151743897721021,0.14601965553829224,0.1903275706319245,0.22745405196304547,0.2650604858130067,0.286382428654574,0.3349076959285736,0.3663809917281475
1700000002885000000,12885000000,578,577,577,0,0,,,,0,rest,hold,200.0,dev-0123456789abcdef0123456789abcdef,synthetic-3-rest,29,protocol,synthetic-demo-contract-v1,True,0.10576138995242565,0.1377524491017431,0.18349211015941772,0.22052129962034617,0.25701121469331867,0.27814779295560554,0.32772618599092107,0.3576352857657466
1700000002890000000,12890000000,579,578,578,0,0,,,,0,rest,hold,200.0,dev-0123456789abcdef0123456789abcdef,synthetic-3-rest,29,protocol,synthetic-demo-contract-v1,True,0.09917661884068489,0.12875723243323156,0.17581373830524635,0.21275525010739718,0.24813534480399052,0.2691934343608864,0.31972770575765846,0.3480971221547482
1700000002895000000,12895000000,580,579,579,0,0,,,,0,rest,hold,200.0,dev-0123456789abcdef0123456789abcdef,synthetic-3-rest,29,protocol,synthetic-demo-contract-v1,True,0.09181140465720275,0.11912330391048767,0.1673608084078142,0.20422555598708445,0.2385124627693022,0.2595991381170501,0.31098651197882987,0.3378499160820284
1700000002900000000,12900000000,581,580,580,0,0,,,,0,rest,hold,200.0,dev-0123456789abcdef0123456789abcdef,synthetic-3-rest,29,protocol,synthetic-demo-contract-v1,True,0.0837222396992779,0.10894509052436764,0.15820840730021046,0.195008179499911,0.22822815938737157,0.24944988462273393,0.30158275862920286,0.3269828314078038
1700000002905000000,12905000000,582,581,581,0,0,,,,0,rest,hold,200.0,dev-0123456789abcdef0123456789abcdef,synthetic-3-rest,29,protocol,synthetic-demo-contract-v1,True,0.07497355832962932,0.09832121860779015,0.14843773552880862,0.18518476305305479,0.21737331583438652,0.23883514407955375,0.29160181843316735,0.31559004708963256
1700000002910000000,12910000000,583,582,582,0,0,,,,0,rest,hold,200.0,dev-0123456789abcdef0123456789abcdef,synthetic-3-rest,29,protocol,synthetic-demo-contract-v1,True,0.06563735716100956,0.08735355217713334,0.13813543108389956,0.1748419513000266,0.20604334637155422,0.22784813368871018,0.28113356192571215,0.3037699819902023
1700000002915000000,12915000000,584,583,583,0,0,,,,0,rest,hold,200.0,dev-0123456789abcdef0123456789abcdef,synthetic-3-rest,29,protocol,synthetic-demo-contract-v1,True,0.05579270655768896,0.07614620903336014,0.12739284222531308,0.16407067038799633,0.19433740381669407,0.21658504351490893,0.2702716000637535,0.29162448442922306
1700000002920000000,12920000000,585,584,584,0,0,,,,0,rest,hold,200.0,dev-0123456789abcdef0123456789abcdef,synthetic-3-rest,29,protocol,synthetic-demo-contract-v1,True,0.04552515521236753,0.06480456488634238,0.1163052554825382,0.15296537032053587,0.1823575543496925,0.20514423740193827,0.25911249670001385,0.2792579931329939
1700000002925000000,12925000000,586,585,585,0,0,,,,0,rest,hold,200.0,dev-0123456789abcdef0123456789abcdef,synthetic-3-rest,29,protocol,synthetic-demo-contract-v1,True,0.03492603143198108,0.05343425576401309,0.10497108535434566,0.14162323670518043,0.1702079284740413,0.19362543553426373,0.24775495747711387,0.2667766764737194
1700000002930000000,12930000000,587,586,586,0,0,,,,0,rest,hold,200.0,dev-0123456789abcdef0123456789abcdef,synthetic-3-rest,29,protocol,synthetic-demo-contract-v1,True,0.024091646637095548,0.04214018884973626,0.09349103262279337,0.13014337842506174,0.15799385515338,0.1821288853946746,0.23629900189061048,0.2542875570725139
1700000002935000000,12935000000,588,587,587,0,0,,,,0,rest,hold,200.0,dev-0123456789abcdef0123456789abcdef,synthetic-3-rest,29,protocol,synthetic-demo-contract-v1,True,0.013122408410867006,0.031025571659629297,0.08196721852657739,0.11862599798946409,0.14582098628066478,0.17075452796797508,0.2248451254047692,0.24189762896364753
1700000002940000000,12940000000,589,588,588,0,0,,,,0,rest,hold,200.0,dev-0123456789abcdef0123456789abcdef,synthetic-3-rest,29,protocol,synthetic-demo-contract-v1,True,0.002121852188895856,0.020190969130933534,0.07050230230535826,0.10717155147753743,0.13379441871714126,0.1596011660840886,0.21349345858279226,0.22971297458193515
1700000002945000000,12945000000,590,589,589,0,0,,,,0,rest,hold,200.0,dev-0123456789abcdef0123456789abcdef,synthetic-3-rest,29,protocol,synthetic-demo-contract-v1,True,-0.008804397674259692,0.009733397748736395,0.059198589826987766,0.09587990509115826,0.1220178211581252,0.14876564178042642,0.20234293021349936,0.21783788883976124
1700000002950000000,12950000000,591,590,590,0,0,,,,0,rest,hold,200.0,dev-0123456789abcdef0123456789abcdef,synthetic-3-rest,29,protocol,synthetic-demo-contract-v1,True,-0.019549725226080394,-0.00025453470167426627,0.04815714114098053,0.08484949537599547,0.11059257304245951,0.13834202949296778,0.1914904413788556,0.2063740175049559
1700000002955000000,12955000000,592,591,591,0,0,,,,0,rest,hold,200.0,dev-0123456789abcdef0123456789abcdef,synthetic-3-rest,29,protocol,synthetic-demo-contract-v1,True,-0.030007665064154473,-0.009685435797691109,0.03747688486230751,0.07417650015369082,0.09961692262273393,0.12842085175875456,0.18103005731158786,0.19541951697600435
1700000002960000000,12960000000,593,592,592,0,0,,,,0,rest,hold,200.0,dev-0123456789abcdef0123456789abcdef,synthetic-3-rest,29,protocol,synthetic-demo-contract-v1,True,-0.040073074629736,-0.018477874305442364,0.027253747278599725,0.06395402713280447,0.0891851711548741,0.11908832393054326,0.171052223740355,0.18506824237794114
1700000002965000000,12965000000,594,593,593,0,0,,,,0,rest,hold,200.0,dev-0123456789abcdef0123456789abcdef,synthetic-3-rest,29,protocol,synthetic-demo-contract-v1,True,-0.04964332107224323,-0.026557058693145376,0.017579803990496894,0.05427132703211957,0.07938688994964763,0.11042563416848396,0.1616430142126396,0.1754089706719728
1700000002970000000,12970000000,595,594,594,0,0,,,,0,rest,hold,200.0,dev-0123456789abcdef0123456789abcdef,synthetic-3-rest,29,protocol,synthetic-demo-contract-v1,True,-0.058619466465715316,-0.033855442690348514,0.008542461739542553,0.045213037858201716,0.07030617675696998,0.10250826468600115,0.15288341462462807,0.1665246651864542
1700000002975000000,12975000000,596,595,595,0,0,,,,0,rest,hold,200.0,dev-0123456789abcdef0123456789abcdef,synthetic-3-rest,29,protocol,synthetic-demo-contract-v1,True,-0.0669074347784395,-0.04031325313326571,0.00022367785149635284,0.036858466731133785,0.06202095762874285,0.09540535988977096,0.14484865087491008,0.15849178763853358
1700000002980000000,12980000000,597,596,596,0,0,,,,0,rest,hold,200.0,dev-0123456789abcdef0123456789abcdef,synthetic-3-rest,29,protocol,synthetic-demo-contract-v1,True,-0.0744191438929346,-0.04587893625351919,-0.007300775573172233,0.029280915350060943,0.0546023400300323,0.08917914666960729,0.13760756519748535,0.1513796633273744
1700000002985000000,12985000000,598,597,597,0,0,,,,0,rest,hold,200.0,dev-0123456789abcdef0123456789abcdef,synthetic-3-rest,29,protocol,synthetic-demo-contract-v1,True,-0.08107358615122022,-0.05050951950830041,-0.01396199595322902,0.022547054836061634,0.04811402254485317,0.0838844116663812,0.13122204632238826,0.14524990474459873
1700000002990000000,12990000000,599,598,598,0,0,,,,0,rest,hold,200.0,dev-0123456789abcdef0123456789abcdef,synthetic-3-rest,29,protocol,synthetic-demo-contract-v1,True,-0.0867978413606877,-0.054170887002362396,-0.019698576664472868,0.016716355286693116,0.04261176605510113,0.07956803987825209,0.12574651816254825,0.14015589836898815
1700000002995000000,12995000000,600,599,599,0,0,,,,0,rest,hold,200.0,dev-0123456789abcdef0123456789abcdef,synthetic-3-rest,29,protocol,synthetic-demo-contract-v1,True,-0.09152800693437309,-0.05683796750451308,-0.0244571697694251,0.011840574927652016,0.03814293076314505,0.07626861846134865,0.12122749123706265,0.136142358894469
1700000003000000000,13000000000,601,600,600,0,0,,,,0,rest,hold,200.0,dev-0123456789abcdef0123456789abcdef,synthetic-3-rest,29,protocol,synthetic-demo-contract-v1,True,-0.09521003084620955,-0.058494835001772855,-0.028192979732219285,0.00796331325604667,0.03474608288449574,0.07401610904477694,0.11770318051796554,0.13324495458729818
1700000003005000000,13005000000,602,601,601,0,0,,,,0,rest,hold,200.0,dev-0123456789abcdef0123456789abcdef,synthetic-3-rest,29,protocol,synthetic-demo-contract-v1,True,-0.09780043434208356,-0.05913472265196036,-0.03087018340920672,0.00511963204078904,0.03245067426124337,0.07283159131581889,0.11520319283412717,0.13149000688464701
1700000003010000000,13010000000,603,602,602,0,0,,,,0,rest,hold,200.0,dev-0123456789abcdef0123456789abcdef,synthetic-3-rest,29,protocol,synthetic-demo-contract-v1,True,-0.09926691284147804,-0.05875995187954016,-0.0324622722496736,0.0033357474829755224,0.03127679754437988,0.0727270800440821,0.11374828638673556,0.13089426673727503
1700000003015000000,13015000000,604,603,603,0,0,,,,0,rest,hold,200.0,dev-0123456789abcdef0123456789abcdef,synthetic-3-rest,29,protocol,synthetic-demo-contract-v1,True,-0.09958880516792949,-0.057381779200153055,-0.032952313325836605,0.0026287962475167953,0.03123501896869644,0.07370541710802166,0.11335020433072086,0.13146476956873096
1700000003020000000,13020000000,605,604,604,0,0,,,,0,rest,hold,200.0,dev-0123456789abcdef0123456789abcdef,synthetic-3-rest,29,protocol,synthetic-demo-contract-v1,True,-0.09875742313121312,-0.0550201641472751,-0.03233312653082822,0.0030066774615835658,0.032326290102778,0.07576023946862807,0.11401158376042733,0.13319877007765085
1700000003025000000,13025000000,606,605,605,0,0,,,,0,rest,hold,200.0,dev-0123456789abcdef0123456789abcdef,synthetic-3-rest,29,protocol,synthetic-demo-contract-v1,True,-0.096776235518268,-0.051703462401678904,-0.030607376031100086,0.0044679721408338886,0.03454193930405028,0.07887602340830825,0.11572594081096536,0.13608375745360757
1700000003030000000,13030000000,607,606,606,0,0,,,,0,rest,hold,200.0,dev-0123456789abcdef0123456789abcdef,synthetic-3-rest,29,protocol,synthetic-demo-contract-v1,True,-0.09366090269866706,-0.04746804888364657,-0.02778757482874981,0.007001940856156902,0.037863742950223864,0.0830282047232097,0.11847773195416314,0.1400975509159663
1700000003035000000,13035000000,608,607,607,0,0,,,,0,rest,hold,200.0,dev-0123456789abcdef0123456789abcdef,synthetic-3-rest,29,protocol,synthetic-demo-contract-v1,True,-0.08943916027688628,-0.04235787615310096,-0.023896002072588497,0.01058859979727186,0.04226407585928901,0.08818337392968098,0.12224249093514118,0.14520847482478086
1700000003040000000,13040000000,609,608,608,0,0,,,,0,rest,hold,200.0,dev-0123456789abcdef0123456789abcdef,synthetic-3-rest,29,protocol,synthetic-demo-contract-v1,True,-0.08415055248914016,-0.036423973969056805,-0.018964533547048235,0.015198874730460589,0.047706139655873336,0.09429954492539039,0.12698704016749876,0.15137561195835494
1700000003045000000,13045000000,610,609,609,0,0,,,,0,rest,hold,200.0,dev-0123456789abcdef0123456789abcdef,synthetic-3-rest,29,protocol,synthetic-demo-contract-v1,True,-0.07784601830766288,-0.02972389628330845,-0.013034386557903996,0.020794831691547597,0.0541442671976874,0.10132649493796046,0.13266977478711858,0.15854913290907002
1700000003050000000,13050000000,611,610,610,0,0,,,,0,rest,hold,200.0,dev-0123456789abcdef0123456789abcdef,synthetic-3-rest,29,protocol,synthetic-demo-contract-v1,True,-0.07058733544044037,-0.022321122281527595,-0.006155781215808629,0.02732998260753662,0.061524300547290224,0.10920617300386687,0.13924101696182356,0.16667069892277694
1700000003055000000,13055000000,612,611,611,0,0,,,,0,rest,hold,200.0,dev-0123456789abcdef0123456789abcdef,synthetic-3-rest,29,protocol,synthetic-demo-contract-v1,True,-0.06244642956065168,-0.014284418336682375,0.0016124791145304372,0.03474966340651775,0.0697840393666665,0.11787317365264381,0.1466434374714956,0.1756739349025742
1700000003060000000,13060000000,613,612,612,0,0,,,,0,rest,hold,200.0,dev-0123456789abcdef0123456789abcdef,synthetic-3-rest,29,protocol,synthetic-demo-contract-v1,True,-0.05350455812989946,-0.00568716790480726,0.010203504687359756,0.042991481560979275,0.07885375603015507,0.12725527193084735,0.15481254101565664,0.18548496872015954
1700000003065000000,13065000000,614,613,613,0,0,,,,0,rest,hold,200.0,dev-0123456789abcdef0123456789abcdef,synthetic-3-rest,29,protocol,synthetic-demo-contract-v1,True,-0.043851380057240305,0.0033933235272685814,0.019542889344160333,0.05198582941974413,0.08865677319994487,0.13727401539126216,0.16367721117753625,0.19602303243193242
1700000003070000000,13070000000,615,614,614,0,0,,,,0,rest,hold,200.0,dev-0123456789abcdef0123456789abcdef,synthetic-3-rest,29,protocol,synthetic-demo-contract-v1,True,-0.0335839241294886,0.012876541336274893,0.029549348671902686,0.06165645912335642,0.0991100990921173,0.14784536819962754,0.17316031047961242,0.20720112048704162
1700000003075000000,13075000000,616,615,615,0,0,,,,0,rest,hold,200.0,dev-0123456789abcdef0123456789abcdef,synthetic-3-rest,29,protocol,synthetic-demo-contract-v1,True,-0.02280547062785847,0.0226794854766607,0.04013542081059767,0.07192111437178728,0.11012511518446655,0.15888040207775406,0.18317933050971114,0.21892669954497082
1700000003080000000,13080000000,617,616,616,0,0,,,,0,rest,hold,200.0,dev-0123456789abcdef0123456789abcdef,synthetic-3-rest,29,protocol,synthetic-demo-contract-v1,True,-0.01162436178653729,0.03271739815158657,0.05120822378309488,0.08269221382620025,0.1216083106838696,0.17028602841177665,0.19364708668263148,0.23110246409475232
1700000003085000000,13085000000,618,617,617,0,0,,,,0,rest,hold,200.0,dev-0123456789abcdef0123456789abcdef,synthetic-3-rest,29,protocol,synthetic-demo-contract-v1,True,-0.00015275772925558832,0.04290448880756405,0.06267026268848679,0.09387758048248733,0.1334620576844715,0.1819657655107637,0.20447245183343177,0.243627131690103
1700000003090000000,13090000000,619,618,618,0,0,,,,0,rest,hold,200.0,dev-0123456789abcdef0123456789abcdef,synthetic-3-rest,29,protocol,synthetic-demo-contract-v1,True,0.011494644775748075,0.053154650113842475,0.07442027962885522,0.10538121095720314,0.14558542061159505,0.19382053470683863,0.2155611225180087,0.25639627128779524
1700000003095000000,13095000000,620,619,619,0,0,,,,0,rest,hold,200.0,dev-0123456789abcdef0123456789abcdef,synthetic-3-rest,29,protocol,synthetic-demo-contract-v1,True,0.023201912984715828,0.06338215893967786,0.08635413883199959,0.117104078279768,0.15787499326278284,0.20574947874575217,0.2268164116270122,0.2693031579030461
1700000003100000000,13100000000,621,620,620,0,0,,,,0,rest,hold,200.0,dev-0123456789abcdef0123456789abcdef,synthetic-3-rest,29,protocol,synthetic-demo-contract-v1,True,0.03485318038921952,0.07350235674521806,0.09836573909431448,0.1289449614914767,0.1702257565291429,0.21765079572856766,0.23814006070273663,0.2822396465779473
1700000003105000000,13105000000,622,621,621,0,0,,,,0,rest,hold,200.0,dev-0123456789abcdef0123456789abcdef,synthetic-3-rest,29,protocol,synthetic-demo-contract-v1,True,0.04633393275544006,0.08343230424723061,0.11034794540151079,0.14080129511453057,0.18253194970908818,0.22942258173236618,0.24943306518721628,0.2950970584987729
1700000003110000000,13110000000,623,622,622,0,0,,,,0,rest,hold,200.0,dev-0123456789abcdef0123456789abcdef,synthetic-3-rest,29,protocol,synthetic-demo-contract-v1,True,0.057532260735068175,0.09309140570123373,0.12219353139304732,0.152570031375049,0.1946879482139721,0.2409636751617023,0.26059650572455956,0.3077670719966479
1700000003115000000,13115000000,624,623,623,0,0,,,,0,rest,hold,200.0,dev-0123456789abcdef0123456789abcdef,synthetic-3-rest,29,protocol,synthetic-demo-contract-v1,True,0.06834006252528461,0.10240199864868214,0.13379612422099954,0.16414850794451175,0.20658914041202892,0.2521744958636702,0.2715323785925339,0.3201426111244394
1700000003120000000,13120000000,625,624,624,0,0,,,,0,rest,hold,200.0,dev-0123456789abcdef0123456789abcdef,synthetic-3-rest,29,protocol,synthetic-demo-contract-v1,True,0.07865418105180799,0.1112899055035244,0.14505114331692842,0.1754353139054721,0.2181327963638803,0.2629578720780685,0.2821444183479306,0.3321187245212151
1700000003125000000,13125000000,626,625,625,0,0,,,,0,rest,hold,200.0,dev-0123456789abcdef0123456789abcdef,synthetic-3-rest,29,protocol,synthetic-demo-contract-v1,True,0.08837746138754893,0.1196849438884907,0.15585672462152914,0.1863311466501608,0.22921892126949275,0.2732198483898831,0.2923389058371123,0.34359344735392894
1700000003130000000,13130000000,627,626,626,0,0,,,,0,rest,hold,200.0,dev-0123456789abcdef0123456789abcdef,synthetic-3-rest,29,protocol,synthetic-demo-contract-v1,True,0.09741971557569623,0.127521393170171,0.16611462195136856,0.19673965248504688,0.23975108657250177,0.28287046800355314,0.3020254548469645,0.354468639263695
1700000003135000000,13135000000,628,627,627,0,0,,,,0,rest,hold,200.0,dev-0123456789abcdef0123456789abcdef,synthetic-3-rest,29,protocol,synthetic-demo-contract-v1,True,0.1056985836716382,0.13473841517559856,0.17573107737372673,0.20656824383991648,0.24963723185202902,0.29182452286584604,0.31111777085103315,0.36465079143977774
1700000003140000000,13140000000,629,628,628,0,0,,,,0,rest,hold,200.0,dev-0123456789abcdef0123456789abcdef,synthetic-3-rest,29,protocol,synthetic-demo-contract-v1,True,0.11314028162155432,0.141280427594676,0.18461765273280123,0.2157288861657551,0.25879043087310977,0.3000022654250781,0.3195343755395336,0.3740517961967786
1700000003145000000,13145000000,630,629,629,0,0,,,,0,rest,hold,200.0,dev-0123456789abcdef0123456789abcdef,synthetic-3-rest,29,protocol,synthetic-demo-contract-v1,True,0.11968022852260626,0.1470974290758055,0.1926920148158693,0.22413884785018018,0.26712961546261116,0.30733007612672447,0.3271992911081969,0.3825896727373457
1700000003150000000,13150000000,631,630,630,0,0,,,,0,rest,hold,200.0,dev-0123456789abcdef0123456789abcdef,synthetic-3-rest,29,protocol,synthetic-demo-contract-v1,True,0.12526354782421442,0.15214527550054743,0.1998786670631982,0.23172140678035258,0.2745802512255491,0.31374108110657617,0.3340426786171285,0.3901892431414866
1700000003155000000,13155000000,632,631,631,0,0,,,,0,rest,hold,200.0,dev-0123456789abcdef0123456789abcdef,synthetic-3-rest,29,protocol,synthetic-demo-contract-v1,True,0.12984543909460228,0.15638590737190336,0.20610962120680015,0.23840650753882772,0.28107495951420675,0.3191757149496187,0.3400014251142603,0.3967827530313547
1700000003160000000,13160000000,633,632,632,0,0,,,,0,rest,hold,200.0,dev-0123456789abcdef0123456789abcdef,synthetic-3-rest,29,protocol,synthetic-demo-contract-v1,True,0.13339141905369753,0.15978752866545748,0.2113250027660464,0.244131363624739,0.28655408050611786,0.32358222383239094,0.34501967464537225,0.40231043181383286
1700000003165000000,13165000000,634,633,633,0,0,,,,0,rest,hold,200.0,dev-0123456789abcdef0123456789abcdef,synthetic-3-rest,29,protocol,synthetic-demo-contract-v1,True,0.1358774326248685,0.16232473786948762,0.21547358492759172,0.24884099954766592,0.2909661727330903,0.32691710485499903,0.34904929874044416,0.4067209878985842
1700000003170000000,13170000000,635,634,634,0,0,,,,0,rest,hold,200.0,dev-0123456789abcdef0123456789abcdef,synthetic-3-rest,29,protocol,synthetic-demo-contract-v1,True,0.13728983674714973,0.16397861227657248,0.21851324598745536,0.25248872814079265,0.2942684449280687,0.3291454778922609,0.3520503024704378,0.4099720348224634
1700000003175000000,13175000000,636,635,635,0,0,,,,0,rest,hold,200.0,dev-0123456789abcdef0123456789abcdef,synthetic-3-rest,29,protocol,synthetic-demo-contract-v1,True,0.13762526158147417,0.16473674688329776,0.2204113462283369,0.25503655897934957,0.29642711661539245,0.33024138684731547,0.3539911627052944,0.4120304447778744
1700000003180000000,13180000000,637,636,636,0,0,,,,0,rest,hold,200.0,dev-0123456789abcdef0123456789abcdef,synthetic-3-rest,29,protocol,synthetic-demo-contract-v1,True,0.13689035550618164,0.16459324950536952,0.22114502083875917,0.25645553436531954,0.29741770445827936,0.33018802777088435,0.35484909576846796,0.41287262663813445
1700000003185000000,13185000000,638,637,637,0,0,,,,0,rest,hold,200.0,dev-0123456789abcdef0123456789abcdef,synthetic-3-rest,29,protocol,synthetic-demo-contract-v1,True,0.135101421898959,0.16354869392270255,0.2207013862455732,0.25672598994522383,0.29722523199033307,0.32897790191048804,0.35461025227106985,0.4124847261923184
1700000003190000000,13190000000,639,638,638,0,0,,,,0,rest,hold,200.0,dev-0123456789abcdef0123456789abcdef,synthetic-3-rest,29,protocol,synthetic-demo-contract-v1,True,0.1322839571180082,0.16161003303349844,0.21907765802048138,0.2558377376593468,0.2958443609904274,0.3266128923713126,0.35326983751473695,0.4108627469402586
1700000003195000000,13195000000,640,639,639,0,0,,,,0,rest,hold,200.0,dev-0123456789abcdef0123456789abcdef,synthetic-3-rest,29,protocol,synthetic-demo-contract-v1,True,0.12847210030236136,0.15879047411949246,0.21628117932713986,0.2537901693727477,0.2932794434072774,0.3231042636990426,0.3508321564716608,0.4080125904501536
1700000003200000000,13200000000,641,640,640,0,0,,,,0,rest,hold,200.0,dev-0123456789abcdef0123456789abcdef,synthetic-3-rest,29,protocol,synthetic-demo-contract-v1,True,0.12370800659187964,0.1551093184086103,0.212329359690473,0.25059228020531654,0.28954449339599786,0.3184725843296255,0.3473105829776566,0.4039500159412151
1700000003205000000,13205000000,642,641,641,0,0,,,,0,rest,hold,200.0,dev-0123456789abcdef0123456789abcdef,synthetic-3-rest,29,protocol,synthetic-demo-contract-v1,True,0.11804115610837099,0.15059176716912664,0.20724952468641492,0.24626261125435825,0.2846630796885636,0.31274757248638946,0.34272745340451893,0.39870051941652673
1700000003210000000,13210000000,643,642,642,0,0,,,,0,rest,hold,200.0,dev-0123456789abcdef0123456789abcdef,synthetic-3-rest,29,protocol,synthetic-demo-contract-v1,True,0.11152761153210977,0.14526869658451458,0.2010786779606998,0.24082911208300392,0.27866813917789074,0.3059678667359739,0.33711388570597034,0.3922991333313637
1700000003215000000,13215000000,644,643,643,0,0,,,,0,rest,hold,200.0,dev-0123456789abcdef0123456789abcdef,synthetic-3-rest,29,protocol,synthetic-demo-contract-v1,True,0.10422923734950193,0.1391764036444514,0.1938631777819225,0.2343289240253894,0.2716017132457859,0.29818072303591653,0.33050952535202044,0.3847901484341692
1700000003220000000,13220000000,645,644,644,0,0,,,,0,rest,hold,200.0,dev-0123456789abcdef0123456789abcdef,synthetic-3-rest,29,protocol,synthetic-demo-contract-v1,True,0.09621289383949289,0.132356325249278,0.18565833110943517,0.22680808602928082,0.2635146090029286,0.2894416407133752,0.3229622202744116,0.37622676005587796
1700000003225000000,13225000000,646,645,645,0,0,,,,0,rest,hold,200.0,dev-0123456789abcdef0123456789abcdef,synthetic-3-rest,29,protocol,synthetic-demo-contract-v1,True,0.08754961861521143,0.12485473266722713,0.17652790890346087,0.21832116541296268,0.25446598822907884,0.2798139204013402,0.31452762753595603,0.36667064174304087
1700000003230000000,13230000000,647,646,646,0,0,,,,0,rest,hold,200.0,dev-0123456789abcdef0123456789abcdef,synthetic-3-rest,29,protocol,synthetic-demo-contract-v1,True,0.07831380805470725,0.11672240341074855,0.16654358711608058,0.20893081655012774,0.24452288739867487,0.2693681575209118,0.3052687550040546,0.35619144972612615
1700000003235000000,13235000000,648,647,647,0,0,,,,0,rest,hold,200.0,dev-0123456789abcdef0123456789abcdef,synthetic-3-rest,29,protocol,synthetic-demo-contract-v1,True,0.0685824102564461,0.10801427251525941,0.15578431847094718,0.19870727110886743,0.23375967274607948,0.2581816754312389,0.29525544184889757,0.34486626228161893
1700000003240000000,13240000000,649,648,648,0,0,,,,0,rest,hold,200.0,dev-0123456789abcdef0123456789abcdef,synthetic-3-rest,29,protocol,synthetic-demo-contract-v1,True,0.05843414026138148,0.09878906511541011,0.14433564076036418,0.18772776405330746,0.22225743486110178,0.24633790286799506,0.28456378219518313,0.3327789585803339
1700000003245000000,13245000000,650,649,649,0,0,,,,0,rest,hold,200.0,dev-0123456789abcdef0123456789abcdef,synthetic-3-rest,29,protocol,synthetic-demo-contract-v1,True,0.04794872721768981,0.08910891212536168,0.1322889279551257,0.1760759001641129,0.21010332780477964,0.23392570075280786,0.27327549672854995,0.32001954211043465
1700000003250000000,13250000000,651,650,650,0,0,,,,0,rest,hold,200.0,dev-0123456789abcdef0123456789abcdef,synthetic-3-rest,29,protocol,synthetic-demo-contract-v1,True,0.03720620195331987,0.07903895074505649,0.11974059092996478,0.16384096634221373,0.19738985819353722,0.22103864387594488,0.2614772574903185,0.30668341421784207
1700000003255000000,13255000000,652,651,651,0,0,,,,0,rest,hold,200.0,dev-0123456789abcdef0123456789abcdef,synthetic-3-rest,29,protocol,synthetic-demo-contract-v1,True,0.02628623209468619,0.06864691143824334,0.10679123505098279,0.15111719542432672,0.18421413011296459,0.20777426332933632,0.24925997148297718,0.29287060371531104
1700000003260000000,13260000000,653,652,652,0,0,,,,0,rest,hold,200.0,dev-0123456789abcdef0123456789abcdef,synthetic-3-rest,29,protocol,synthetic-demo-contract-v1,True,0.015267510458348009,0.05800269296389812,0.09354478224707176,0.13800298765521757,0.17067705208723352,0.194233255893602,0.23671802905097325,0.27868495887112316
1700000003265000000,13265000000,654,653,653,0,0,,,,0,rest,hold,200.0,dev-0123456789abcdef0123456789abcdef,synthetic-3-rest,29,protocol,synthetic-demo-contract-v1,True,0.004227200978750295,0.0471779269939078,0.0801075654917288,0.12460009632652312,0.15688251264351902,0.18051866685840876,0.2239485232938874,0.26423330839612186
1700000003270000000,13270000000,655,654,654,0,0,,,,0,rest,hold,200.0,dev-0123456789abcdef0123456789abcdef,synthetic-3-rest,29,protocol,synthetic-demo-contract-v1,True,-0.006759555048028844,0.036245533819126756,0.06658740385209518,0.11101278440213697,0.14293653127011335,0.16673505297787997,0.21105044700953016,0.24962459830111053
1700000003275000000,13275000000,656,655,655,0,0,,,,0,rest,hold,200.0,dev-0123456789abcdef0123456789abcdef,synthetic-3-rest,29,protocol,synthetic-demo-contract-v1,True,-0.017620071094201703,0.02527927063533753,0.05309266641671419,0.09734695920305356,0.12894639177016068,0.15298763243015082,0.19812387385100869,0.2349690116934932
1700000003280000000,13280000000,657,656,656,0,0,,,,0,rest,hold,200.0,dev-0123456789abcdef0123456789abcdef,synthetic-3-rest,29,protocol,synthetic-demo-contract-v1,True,-0.028284486017807052,0.014353273911577386,0.03973133349108388,0.08370929241784587,0.1150197651583391,0.139381428761025,0.1852691305127298,0.22037707872074985
1700000003285000000,13285000000,658,657,657,0,0,,,,0,rest,hold,200.0,dev-0123456789abcdef0123456789abcdef,synthetic-3-rest,29,protocol,synthetic-demo-contract-v1,True,-0.03868607463029927,0.003541597376408496,0.026610063450122724,0.07020633283691069,0.10126382933415788,0.1260204158450824,0.1725859668345479,0.20595878394775022
1700000003290000000,13290000000,659,658,658,0,0,,,,0,rest,hold,200.0,dev-0123456789abcdef0123456789abcdef,synthetic-3-rest,29,protocol,synthetic-demo-contract-v1,True,-0.04876150092099279,-0.007082252786888352,0.013833273559558162,0.05694361927816823,0.08778439279224795,0.11300667089318893,0.1601727307303405,0.19182267847453066
1700000003295000000,13295000000,660,659,659,0,0,,,,0,rest,hold,200.0,dev-0123456789abcdef0123456789abcdef,synthetic-3-rest,29,protocol,synthetic-demo-contract-v1,True,-0.058451017760042995,-0.017445783868481564,0.0015022429248188265,0.04402480117818446,0.07468502959666318,0.10043954247295517,0.1481255548068612,0.17807500406059582
1700000003300000000,13300000000,661,660,660,0,0,,,,0,rest,hold,200.0,dev-0123456789abcdef0123456789abcdef,synthetic-3-rest,29,protocol,synthetic-demo-contract-v1,True,-0.06769861786459025,-0.027477981919011317,-0.01028575450181955,0.031550774265776224,0.06206623275327315,0.08841484038898857,0.13653756144131501,0.16481883642164147
1700000003305000000,13305000000,662,661,661,0,0,,,,0,rest,hold,200.0,dev-0123456789abcdef0123456789abcdef,synthetic-3-rest,29,protocol,synthetic-demo-contract-v1,True,-0.07645214160524455,-0.03710977451639966,-0.021438279224993556,0.019618838615315586,0.05002459296244359,0.07702405409360627,0.1254980929324144,0.15215325470550387
1700000003310000000,13310000000,663,662,662,0,0,,,,0,rest,hold,200.0,dev-0123456789abcdef0123456789abcdef,synthetic-3-rest,29,protocol,synthetic-demo-contract-v1,True,-0.08466334783774984,-0.04627448900385361,-0.0318685105589391,0.008321886195158331,0.03865200952463557,0.0663536060674563,0.11509197313098292,0.14017254393746445
1700000003315000000,13315000000,664,663,663,0,0,,,,0,rest,hold,200.0,dev-0123456789abcdef0123456789abcdef,synthetic-3-rest,29,protocol,synthetic-demo-contract-v1,True,-0.09228795435722885,-0.05490830404931469,-0.041495979201115404,-0.0022523752155976587,0.028034939906127362,0.05648414632520397,0.10539880669430247,0.12896543695265714
1700000003320000000,13320000000,665,664,664,0,0,,,,0,rest,hold,200.0,dev-0123456789abcdef0123456789abcdef,synthetic-3-rest,29,protocol,synthetic-demo-contract-v1,True,-0.09928565478434714,-0.06295069222786141,-0.05024724169360259,-0.01202215516954477,0.018253694152868413,0.04748989386629704,0.09649232179542944,0.11861440200738549
1700000003325000000,13325000000,666,665,665,0,0,,,,0,rest,hold,200.0,dev-0123456789abcdef0123456789abcdef,synthetic-3-rest,29,protocol,synthetic-demo-contract-v1,True,-0.10562011870309106,-0.07034485117662721,-0.05805649098985553,-0.020912264536841037,0.009381779970170007,0.03943803050758598,0.08843976175724935,0.1091949818843767
1700000003330000000,13330000000,667,666,666,0,0,,,,0,rest,hold,200.0,dev-0123456789abcdef0123456789abcdef,synthetic-3-rest,29,protocol,synthetic-demo-contract-v1,True,-0.111258981682226,-0.07703812072137545,-0.06486609794557124,-0.028854744528504825,0.0014853038676422483,0.03238815210644016,0.08130133067416537,0.10077518988254858
1700000003335000000,13335000000,668,667,667,0,0,,,,0,rest,hold,200.0,dev-0123456789abcdef0123456789abcdef,synthetic-3-rest,29,protocol,synthetic-demo-contract-v1,True,-0.1161738314351563,-0.082982383230107,-0.0706270791982322,-0.035789435410444055,-0.005377566694117708,0.026391781713397934,0.07512969763532375,0.09341496761317271
1700000003340000000,13340000000,669,668,668,0,0,,,,0,rest,hold,200.0,dev-0123456789abcdef0123456789abcdef,synthetic-3-rest,29,protocol,synthetic-demo-contract-v1,True,-0.12034019581832511,-0.08813444431718848,-0.07529948758404675,-0.041664480066656864,-0.011157075722264572,0.021491948686181355,0.06996956367591022,0.08716570901525444
1700000003345000000,13345000000,670,669,669,0,0,,,,0,rest,hold,200.0,dev-0123456789abcdef0123456789abcdef,synthetic-3-rest,29,protocol,synthetic-demo-contract-v1,True,-0.12373753765294784,-0.09245639090672424,-0.07885272195686248,-0.046436758116613255,-0.01581228178327239,0.017722837256322007,0.06585729506141938,0.08206985445779458
1700000003350000000,13350000000,671,670,670,0,0,,,,0,rest,hold,200.0,dev-0123456789abcdef0123456789abcdef,synthetic-3-rest,29,protocol,synthetic-demo-contract-v1,True,-0.1263492604990377,-0.09591592357162998,-0.08126575401443788,-0.05007224687537276,-0.01931138844716465,0.015109507470002087,0.06282062595811931,0.0781605582197185
1700000003355000000,13355000000,672,671,671,0,0,,,,0,rest,hold,200.0,dev-0123456789abcdef0123456789abcdef,synthetic-3-rest,29,protocol,synthetic-demo-contract-v1,True,-0.1281627285376012,-0.09848666000011116,-0.08252727049606774,-0.05254630606048377,-0.021631999364026433,0.013667690830812764,0.06087843296589599,0.07546143203452772
1700000003360000000,13360000000,673,672,672,0,0,,,,0,rest,hold,200.0,dev-0123456789abcdef0123456789abcdef,synthetic-3-rest,29,protocol,synthetic-demo-contract-v1,True,-0.12916930265264787,-0.10014840640893317,-0.08263572988486571,-0.053843883792007954,-0.02276129587468855,0.013403662358765667,0.060040583391989595,0.07398636676104856
1700000003365000000,13365000000,674,673,673,0,0,,,,0,rest,hold,200.0,dev-0123456789abcdef0123456789abcdef,synthetic-3-rest,29,protocol,synthetic-demo-contract-v1,True,-0.12936439367734007,-0.10088739372746264,-0.08159933352077521,-0.05395964209568204,-0.02269613569706566,0.014314190152132318,0.06030785853079859,0.07373943359919463
1700000003370000000,13370000000,675,674,674,0,0,,,,0,rest,hold,200.0,dev-0123456789abcdef0123456789abcdef,synthetic-3-rest,29,protocol,synthetic-demo-contract-v1,True,-0.1287475326077387,-0.10069647542195989,-0.07943591179937594,-0.05289800079861694,-0.021443071881237105,0.016386562901714703,0.061671952591055304,0.07471486561574613
1700000003375000000,13375000000,676,675,675,0,0,,,,0,rest,hold,200.0,dev-0123456789abcdef0123456789abcdef,synthetic-3-rest,29,protocol,synthetic-demo-contract-v1,True,-0.12732245642355564,-0.09957528391949431,-0.07617272688969835,-0.0506730993963219,-0.019018291884642456,0.019598695166166344,0.06411554728239637,0.07689711968511785
1700000003380000000,13380000000,677,676,676,0,0,,,,0,rest,hold,200.0,dev-0123456789abcdef0123456789abcdef,synthetic-3-rest,29,protocol,synthetic-demo-contract-v1,True,-0.12509720701855412,-0.09753034272791204,-0.07184619414455037,-0.04730867716335842,-0.015447477278253949,0.023919309577294455,0.06761246144392973,0.08026101828941325
1700000003385000000,13385000000,678,677,677,0,0,,,,0,rest,hold,200.0,dev-0123456789abcdef0123456789abcdef,synthetic-3-rest,29,protocol,synthetic-demo-contract-v1,True,-0.12208423966366434,-0.09457513153457375,-0.06650152509258377,-0.04283787247168257,-0.01076558524985095,0.029308194511139782,0.07212787447304118,0.08477196996616701
1700000003390000000,13390000000,679,678,678,0,0,,,,0,rest,hold,200.0,dev-0123456789abcdef0123456789abcdef,synthetic-3-rest,29,protocol,synthetic-demo-contract-v1,True,-0.11830053643221954,-0.09073010180337503,-0.06019229558601102,-0.03730294296486651,-0.005016553716154573,0.03571653513924854,0.0776186216985744,0.09038626654645658
1700000003395000000,13395000000,680,679,679,0,0,,,,0,rest,hold,200.0,dev-0123456789abcdef0123456789abcdef,synthetic-3-rest,29,protocol,synthetic-demo-contract-v1,True,-0.11376771913577935,-0.0860226406772374,-0.052979943325400916,-0.030754908907041856,0.0017470675137767257,0.043087315170078605,0.08403355924377715,0.09705145469585492
1700000003400000000,13400000000,681,680,680,0,0,,,,0,rest,hold,200.0,dev-0123456789abcdef0123456789abcdef,synthetic-3-rest,29,protocol,synthetic-demo-contract-v1,True,-0.10851215557522491,-0.08048698133137443,-0.04493319958766325,-0.023253122676922373,0.00946455647099734,0.051355786007849596,0.09131399534596783,0.10470677866114177
1700000003405000000,13405000000,682,681,681,0,0,,,,0,rest,hold,200.0,dev-0123456789abcdef0123456789abcdef,synthetic-3-rest,29,protocol,synthetic-demo-contract-v1,True,-0.10256505232649235,-0.07416405830972303,-0.036127460539846806,-0.014864768004019532,0.018067526016839818,0.06044999950022159,0.09939418454660084,0.11328369054186524
1700000003410000000,13410000000,683,682,682,0,0,,,,0,rest,hold,200.0,dev-0123456789abcdef0123456789abcdef,synthetic-3-rest,29,protocol,synthetic-demo-contract-v1,True,-0.09596252687140637,-0.06710130681070647,-0.02664410402504095,-0.005664293140885224,0.027480493897453474,0.07029139992149654,0.1082018806418369,0.12270642385248824
1700000003415000000,13415000000,684,683,683,0,0,,,,0,rest,hold,200.0,dev-0123456789abcdef0123456789abcdef,synthetic-3-rest,29,protocol,synthetic-demo-contract-v1,True,-0.088745651665512,-0.05935240536566285,-0.016569758153214008,0.004267217273236624,0.03762151114880639,0.08079547034894545,0.11765894379423553,0.13289262562254697
1700000003420000000,13420000000,685,684,684,0,0,,,,0,rest,hold,200.0,dev-0123456789abcdef0123456789abcdef,synthetic-3-rest,29,protocol,synthetic-demo-contract-v1,True,-0.0809604627162922,-0.050976961869652386,-0.005995528415598903,0.014842726380403425,0.04840284365663608,0.09187242814042751,0.12768199675487288,0.14375404180327353
1700000003425000000,13425000000,686,685,685,0,0,,,,0,rest,hold,200.0,dev-0123456789abcdef0123456789abcdef,synthetic-3-rest,29,protocol,synthetic-demo-contract-v1,True,-0.07265792543201259,-0.04204014347496656,0.004983809636751485,0.025969979549489597,0.059731701237107915,0.10342796381534494,0.138183124735738,0.15519725031335976
1700000003430000000,13430000000,687,686,686,0,0,,,,0,rest,hold,200.0,dev-0123456789abcdef0123456789abcdef,synthetic-3-rest,29,protocol,synthetic-demo-contract-v1,True,-0.0638938508942101,-0.03261225143661835,0.01627064485380649,0.03755228291645729,0.07151100821176574,0.11536401728157816,0.14907061310813272,0.16712443566759594
1700000003435000000,13435000000,688,687,687,0,0,,,,0,rest,hold,200.0,dev-0123456789abcdef0123456789abcdef,synthetic-3-rest,29,protocol,synthetic-demo-contract-v1,True,-0.0547287563014828,-0.022768242599798524,0.02776538460254623,0.04948931946017291,0.08364020910798692,0.1275795850413516,0.16024971678703254,0.17943419879320768
1700000003440000000,13440000000,689,688,688,0,0,,,,0,rest,hold,200.0,dev-0123456789abcdef0123456789abcdef,synthetic-3-rest,29,protocol,synthetic-demo-contract-v1,True,-0.04522766412009783,-0.012587199834554138,0.03936732093505517,0.06167799573350953,0.09601610282634285,0.13997155175150083,0.17162345489652658,0.19202239535254478
1700000003445000000,13445000000,690,689,689,0,0,,,,0,rest,hold,200.0,dev-0123456789abcdef0123456789abcdef,synthetic-3-rest,29,protocol,synthetic-demo-contract-v1,True,-0.03545983544481037,-0.0021517543449214426,0.05097550115641433,0.07401331210662243,0.10853369838146597,0.15243553931053874,0.18309342409979765,0.2047829956597453
1700000003450000000,13450000000,691,690,690,0,0,,,,0,rest,hold,200.0,dev-0123456789abcdef0123456789abcdef,synthetic-3-rest,29,protocol,synthetic-demo-contract-v1,True,-0.025498434203738374,0.008452536599865506,0.06248959516017202,0.08638924917692406,0.1210870851452036,0.16486676649796847,0.19456062382043593,0.21760895910502973
1700000003455000000,13455000000,692,691,691,0,0,,,,0,rest,hold,200.0,dev-0123456789abcdef0123456789abcdef,synthetic-3-rest,29,protocol,synthetic-demo-contract-v1,True,-0.01542012011297995,0.01913785235415386,0.07381075198761482,0.09869966286006197,0.1335703104013277,0.17716091210156884,0.2059262864813643,0.23039311588463743
1700000003460000000,13460000000,693,692,692,0,0,,,,0,rest,hold,200.0,dev-0123456789abcdef0123456789abcdef,synthetic-3-rest,29,protocol,synthetic-demo-contract-v1,True,-0.00530456967494025,0.02981480725546578,0.08484243822256904,0.11083918059951174,0.1458782569610632,0.18921497443684016,0.21709270584435073,0.24302904877826273
1700000003465000000,13465000000,694,693,693,0,0,,,,0,rest,hold,200.0,dev-0123456789abcdef0123456789abcdef,synthetic-3-rest,29,protocol,synthetic-demo-contract-v1,True,0.004766074008549313,0.040393179342298705,0.09549125105374082,0.12270409111975726,0.1579075135884822,0.2009281201895277,0.22796405654715152,0.25541196771939817
1700000003470000000,13470000000,695,694,694,0,0,,,,0,rest,hold,200.0,dev-0123456789abcdef0123456789abcdef,synthetic-3-rest,29,protocol,synthetic-demo-contract-v1,True,0.014707820301582582,0.05078266359086107,0.10566769911909542,0.13419322019969213,0.16955723104452405,0.21220251559706732,0.2384471980067982,0.26743956996734963
1700000003475000000,13475000000,696,695,695,0,0,,,,0,rest,hold,200.0,dev-0123456789abcdef0123456789abcdef,synthetic-3-rest,29,protocol,synthetic-demo-contract-v1,True,0.024435515109056803,0.06089364335022396,0.11528694458822814,0.14520878505841303,0.18072995667752972,0.22294413312723144,0.24845245598581547,0.27901287881228054
1700000003480000000,13480000000,697,696,696,0,0,,,,0,rest,hold,200.0,dev-0123456789abcdef0123456789abcdef,synthetic-3-rest,29,protocol,synthetic-demo-contract-v1,True,0.0338635845364543,0.07063797322780213,0.1242695003352823,0.15565722012398747,0.19133244066566515,0.2330635270109665,0.25789437530210224,0.2900370539253747
1700000003485000000,13485000000,698,697,697,0,0,,,,0,rest,hold,200.0,dev-0123456789abcdef0123456789abcdef,synthetic-3-rest,29,protocol,synthetic-demo-contract-v1,True,0.04290683119443556,0.0799297663111227,0.13254187650257973,0.16544996719561994,0.201276407251066,0.2424765712398767,0.26669243740140147,0.30042216670364896
1700000003490000000,13490000000,699,698,698,0,0,,,,0,rest,hold,200.0,dev-0123456789abcdef0123456789abcdef,synthetic-3-rest,29,protocol,synthetic-demo-contract-v1,True,0.05148127476625097,0.08868617831475194,0.14003717124909867,0.17450422330892376,0.21047928459502174,0.2511051539449408,0.27477173680173805,0.3100839342511082
1700000003495000000,13495000000,700,699,699,0,0,,,,0,rest,hold,200.0,dev-0123456789abcdef0123456789abcdef,synthetic-3-rest,29,protocol,synthetic-demo-contract-v1,True,0.05950502712002901,0.09682818101950706,0.1466956010131904,0.18274363997012402,0.2188648872255714,0.2588778224292938,0.28206361075946884,0.31894440598233137
1700000003500000000,13500000000,701,700,700,0,0,,,,0,rest,hold,200.0,dev-0123456789abcdef0123456789abcdef,synthetic-3-rest,29,protocol,synthetic-demo-contract-v1,True,0.06689919104886537,0.10428131723043593,0.1524649661902013,0.19009896783503907,0.2263640454407525,0.26573037353141526,0.28850621689391187,0.3269325972284172
1700000003505000000,13505000000,702,701,701,0,0,,,,0,rest,hold,200.0,dev-0123456789abcdef0123456789abcdef,synthetic-3-rest,29,protocol,synthetic-demo-contract-v1,True,0.07358877068785001,0.1109764294252402,0.1573010487273585,0.19650864136915225,0.23291517646919108,0.2716063844425351,0.29404505393870206,0.33398506466523353
1700000003510000000,13510000000,703,702,702,0,0,,,,0,rest,hold,200.0,dev-0123456789abcdef0123456789abcdef,synthetic-3-rest,29,protocol,synthetic-demo-contract-v1,True,0.07950358081427907,0.11685035429947006,0.16116793876450236,0.2019192985319963,0.23846479267103626,0.2764576795897542,0.29863342125940867,0.3400464188663823
1700000003515000000,13515000000,704,703,703,0,0,,,,0,rest,hold,200.0,dev-0123456789abcdef0123456789abcdef,synthetic-3-rest,29,protocol,synthetic-demo-contract-v1,True,0.08457914160760407,0.12184657554161304,0.16403828809416915,0.20628623107827884,0.24296794258258808,0.28024472972040715,0.3022328132847761,0.34506976980434767
1700000003520000000,13520000000,705,704,704,0,0,,,,0,rest,hold,200.0,dev-0123456789abcdef0123456789abcdef,synthetic-3-rest,29,protocol,synthetic-demo-contract-v1,True,0.08875754504728037,0.12591582739140092,0.16589348887198116,0.20957376165488667,0.246388581162915,0.28293697987914956,0.3048132455388751,0.3490171016785032
1700000003525000000,13525000000,706,705,705,0,0,,,,0,rest,hold,200.0,dev-0123456789abcdef0123456789abcdef,synthetic-3-rest,29,protocol,synthetic-demo-contract-v1,True,0.09198827897350995,0.1290166418484639,0.16672377667227503,0.21175554449221626,0.24869986618580067,0.2845131035526417,0.3063535095290959,0.35185957403349594
1700000003530000000,13530000000,707,706,706,0,0,,,,0,rest,hold,200.0,dev-0123456789abcdef0123456789abcdef,synthetic-3-rest,29,protocol,synthetic-demo-contract-v1,True,0.09422899493710873,0.13111583280473085,0.16652825764833376,0.21281478713492913,0.2498843783306642,0.2849611808627407,0.3068413543355575,0.35357774674116865
1700000003535000000,13535000000,708,707,707,0,0,,,,0,rest,hold,200.0,dev-0123456789abcdef0123456789abcdef,synthetic-3-rest,29,protocol,synthetic-demo-contract-v1,True,0.09544620632452472,0.13218891087022447,0.16531486021546454,0.21274439132566975,0.24993426315656628,0.2842787993127545,0.30627359335620286,0.35416172704852583
1700000003540000000,13540000000,709,708,708,0,0,,,,0,rest,hold,200.0,dev-0123456789abcdef0123456789abcdef,synthetic-3-rest,29,protocol,synthetic-demo-contract-v1,True,0.09561590386163839,0.13222042324449193,0.1631002123227072,0.21154701183990451,0.2488512937889087,0.2824730762275217,0.3046561352836338,0.3536112375381744
1700000003545000000,13545000000,710,709,709,0,0,,,,0,rest,hold,200.0,dev-0123456789abcdef0123456789abcdef,synthetic-3-rest,29,protocol,synthetic-demo-contract-v1,True,0.09472407646938025,0.13120421364983123,0.1599094460094908,0.20923503276497277,0.24664685380358056,0.2795606026715705,0.30200393901938627,0.3519356045008021
1700000003550000000,13550000000,711,710,710,0,0,,,,0,rest,hold,200.0,dev-0123456789abcdef0123456789abcdef,synthetic-3-rest,29,protocol,synthetic-demo-contract-v1,True,0.0927671265544535,0.12914359808155876,0.15577593155168143,0.2058304614157926,0.24334184045270316,0.2755673092751059,0.29834089286368415,0.3491536668762256
1700000003555000000,13555000000,712,711,711,0,0,,,,0,rest,hold,200.0,dev-0123456789abcdef0123456789abcdef,synthetic-3-rest,29,protocol,synthetic-demo-contract-v1,True,0.0897521701536791,0.12605145293748396,0.150740944082081,0.20136474077748695,0.2389664890343323,0.27052825503977745,0.29369961894845276,0.34529360657492364
1700000003560000000,13560000000,713,712,712,0,0,,,,0,rest,hold,200.0,dev-0123456789abcdef0123456789abcdef,synthetic-3-rest,29,protocol,synthetic-demo-contract-v1,True,0.08569721389022336,0.12195021295510663,0.14485326611874935,0.19587848205555225,0.23356011986005307,0.26448734082979314,0.28812120450333706,0.34039270164034907
1700000003565000000,13565000000,714,713,713,0,0,,,,0,rest,hold,200.0,dev-0123456789abcdef0123456789abcdef,synthetic-3-rest,29,protocol,synthetic-demo-contract-v1,True,0.08063120241953181,0.11687177730145733,0.13816872994613846,0.18942111959120683,0.22717080991396804,0.2574969498737647,0.2816548621534542,0.334497004348356
1700000003570000000,13570000000,715,714,714,0,0,,,,0,rest,hold,200.0,dev-0123456789abcdef0123456789abcdef,synthetic-3-rest,29,protocol,synthetic-demo-contract-v1,True,0.07459393191364981,0.1108573231167106,0.13074970426491941,0.1820504910574648,0.21985499191884345,0.24961751820358288,0.2743575220385823,0.327660946958511
1700000003575000000,13575000000,716,715,715,0,0,,,,0,rest,hold,200.0,dev-0123456789abcdef0123456789abcdef,synthetic-3-rest,29,protocol,synthetic-demo-contract-v1,True,0.06763582712303728,0.10395702679776986,0.12266452995302805,0.17383234648471857,0.21167698412503488,0.24091703853371277,0.2662933591115538,0.319946878427838
1700000003580000000,13580000000,717,716,716,0,0,,,,0,rest,hold,200.0,dev-0123456789abcdef0123456789abcdef,synthetic-3-rest,29,protocol,synthetic-demo-contract-v1,True,0.05981758163045438,0.09622969431030341,0.1139869101596689,0.16483979026770618,0.2027084547102309,0.231470501632737,0.25753325951399086,0.3114245359656595
1700000003585000000,13585000000,718,717,717,0,0,,,,0,rest,hold,200.0,dev-0123456789abcdef0123456789abcdef,synthetic-3-rest,29,protocol,synthetic-demo-contract-v1,True,0.05120966303565619,0.08774230282528586,0.10479526028328427,0.15515266087368704,0.19302782521841846,0.22135927975436243,0.24815423043582469,0.3021704558441103
1700000003590000000,13590000000,719,718,718,0,0,,,,0,rest,hold,200.0,dev-0123456789abcdef0123456789abcdef,synthetic-3-rest,29,protocol,synthetic-demo-contract-v1,True,0.041891686944581175,0.07856945697654731,0.09517202366159176,0.14485685349948837,0.18271961797021116,0.21067045717306987,0.23823875833691988,0.29226732837805414
1700000003595000000,13595000000,720,719,719,0,0,,,,0,rest,hold,200.0,dev-0123456789abcdef0123456789abcdef,synthetic-3-rest,29,protocol,synthetic-demo-contract-v1,True,0.031951665744117806,0.06879276401677192,0.08520295902515189,0.13404359140840097,0.17187375283969186,0.19949611330625716,0.22787412084074357,0.2818033024465104
1700000003600000000,13600000000,721,720,720,0,0,,,,0,rest,hold,200.0,dev-0123456789abcdef0123456789abcdef,synthetic-3-rest,29,protocol,synthetic-demo-contract-v1,True,0.021485140185140222,0.05850013309843155,0.07497640593447091,0.12280865211260371,0.1605847992114055,0.18793256429651856,0.2171516579977766,0.2708712453415298
1700000003605000000,13605000000,722,721,721,0,0,,,,0,rest,hold,200.0,dev-0123456789abcdef0123456789abcdef,synthetic-3-rest,29,protocol,synthetic-demo-contract-v1,True,0.010594203734834037,0.047785004810994985,0.06458253453366601,0.11125155494906205,0.14895118930151358,0.17607956927126225,0.20616600895693182,0.2595679640962336
1700000003610000000,13610000000,723,722,722,0,0,,,,0,rest,hold,200.0,dev-0123456789abcdef0123456789abcdef,synthetic-3-rest,29,protocol,synthetic-demo-contract-v1,True,-0.0006135685412259895,0.036745517954775084,0.054112586011318964,0.09947471692362667,0.13707439934652957,0.16403950778954426,0.195014320373961,0.24799339475863488
1700000003615000000,13615000000,724,723,723,0,0,,,,0,rest,hold,200.0,dev-0123456789abcdef0123456789abcdef,synthetic-3-rest,29,protocol,synthetic-demo-contract-v1,True,-0.012026273179867132,0.025483621313526987,0.04365811016155368,0.08758258396638073,0.12505810542865614,0.15191653522517917,0.18379543312407648,0.2362497663391152
1700000003620000000,13620000000,725,724,724,0,0,,,,0,rest,hold,200.0,dev-0123456789abcdef0123456789abcdef,synthetic-3-rest,29,protocol,synthetic-demo-contract-v1,True,-0.023528898792617096,0.014104138891942456,0.033310206386614936,0.07568074494900243,0.11300732091648134,0.1398157230190236,0.1726090540699289,0.22444074636503264
1700000003625000000,13625000000,726,725,725,0,0,,,,0,rest,hold,200.0,dev-0123456789abcdef0123456789abcdef,synthetic-3-rest,29,protocol,synthetic-demo-contract-v1,True,-0.03500459780411138,0.002713797700725721,0.0231587743775961,0.06387503596020165,0.10102752265185604,0.12784219086021226,0.1615549197640389,0.2126705751241304
1700000003630000000,13630000000,727,726,726,0,0,,,,0,rest,hold,200.0,dev-0123456789abcdef0123456789abcdef,synthetic-3-rest,29,protocol,synthetic-demo-contract-v1,True,-0.04633599250991446,-0.008579772307657175,0.01329178055434391,0.05227064241698369,0.08922377310699318,0.11610023792508638,0.15073195903578865,0.20104319576807952
1700000003635000000,13635000000,728,727,727,0,0,,,,0,rest,hold,200.0,dev-0123456789abcdef0123456789abcdef,synthetic-3-rest,29,protocol,synthetic-demo-contract-v1,True,-0.05740649783696747,-0.019669056132913972,0.00379454614103753,0.040971206606789476,0.07769984576927497,0.10469248031284857,0.1402374614263624,0.18966138747774877
1700000003640000000,13640000000,729,728,728,0,0,,,,0,rest,hold,200.0,dev-0123456789abcdef0123456789abcdef,synthetic-3-rest,29,protocol,synthetic-demo-contract-v1,True,-0.06810164280418489,-0.030447679124362,-0.005250937496684574,0.030077948208508027,0.06655736098488098,0.09371900176872927,0.13016625839068738,0.17862590886264734
1700000003645000000,13645000000,730,729,729,0,0,,,,0,rest,hold,200.0,dev-0123456789abcdef0123456789abcdef,synthetic-3-rest,29,protocol,synthetic-demo-contract-v1,True,-0.07831037258787177,-0.04081142936435434,-0.013766660921142742,0.019688805229174787,0.055894939406147884,0.08327652467882013,0.12060992408357805,0.16803465867846978
1700000003650000000,13650000000,731,730,730,0,0,,,,0,rest,hold,200.0,dev-0123456789abcdef0123456789abcdef,synthetic-3-rest,29,protocol,synthetic-demo-contract-v1,True,-0.08792631329936056,-0.05065926644755459,-0.021679211100569088,0.009897602618945529,0.045807380042389774,0.07345760815671133,0.11165600238889431,0.157981860799674
1700000003655000000,13655000000,732,731,731,0,0,,,,0,rest,hold,200.0,dev-0123456789abcdef0123456789abcdef,synthetic-3-rest,29,protocol,synthetic-demo-contract-v1,True,-0.09684898207805558,-0.05989430611410793,-0.028920343667876127,0.0007932555911403733,0.03638486971093761,0.06434987982198223,0.10338726663685946,0.14855728017977088
1700000003660000000,13660000000,733,732,732,0,0,,,,0,rest,hold,200.0,dev-0123456789abcdef0123456789abcdef,synthetic-3-rest,29,protocol,synthetic-demo-contract-v1,True,-0.10498492588407868,-0.06842477036446552,-0.03542750873549786,-0.007540985621268932,0.027712230425957083,0.05603530759613108,0.0958810181873874,0.13984547627209137
1700000003665000000,13665000000,734,733,733,0,0,,,,0,rest,hold,200.0,dev-0123456789abcdef0123456789abcdef,synthetic-3-rest,29,protocol,synthetic-demo-contract-v1,True,-0.1122487734276089,-0.07616489297374036,-0.04114432647305637,-0.015028243193725126,0.01986821094951319,0.04858951751510652,0.08920842973872334,0.131925100070584
1700000003670000000,13670000000,735,734,734,0,0,,,,0,rest,hold,200.0,dev-0123456789abcdef0123456789abcdef,synthetic-3-rest,29,protocol,synthetic-demo-contract-v1,True,-0.11856418597882151,-0.08303577073169839,-0.04602100911064159,-0.02159866535016543,0.012924828364754837,0.04208116318170981,0.0834339388533281,0.12486824056609454
1700000003675000000,13675000000,736,735,735,0,0,,,,0,rest,hold,200.0,dev-0123456789abcdef0123456789abcdef,synthetic-3-rest,29,protocol,synthetic-demo-contract-v1,True,-0.12386469434013257,-0.08896615125671002,-0.05001472650666451,-0.027190020699548005,0.00694676511813461,0.036571352058970406,0.07861469677989286,0.11873982600175087
1700000003680000000,13680000000,737,736,736,0,0,,,,0,rest,hold,200.0,dev-0123456789abcdef0123456789abcdef,synthetic-3-rest,29,protocol,synthetic-demo-contract-v1,True,-0.12809441100428254,-0.09389314886278549,-0.053089912911272484,-0.031748228256893773,0.0019908265196109994,0.03211313334056039,0.07480007719499146,0.11359708485487248
1700000003685000000,13685000000,738,737,737,0,0,,,,0,rest,hold,200.0,dev-0123456789abcdef0123456789abcdef,synthetic-3-rest,29,protocol,synthetic-demo-contract-v1,True,-0.1312086084368899,-0.09776288069128078,-0.05521851305976525,-0.03522781868286863,-0.0018945368093794008,0.028751051630250685,0.07203124899396517,0.10948907097608336
1700000003690000000,13690000000,739,738,738,0,0,,,,0,rest,hold,200.0,dev-0123456789abcdef0123456789abcdef,synthetic-3-rest,29,protocol,synthetic-demo-contract-v1,True,-0.1331741564767001,-0.10053101614483653,-0.05638016624101684,-0.037592322859622836,-0.00466963758669061,0.02652077012339496,0.07034081673218237,0.10645625678306893
1700000003695000000,13695000000,740,739,739,0,0,,,,0,rest,hold,200.0,dev-0123456789abcdef0123456789abcdef,synthetic-3-rest,29,protocol,synthetic-demo-contract-v1,True,-0.13396981400444827,-0.10216323357107576,-0.05656232749914812,-0.03881458453694747,-0.006303888234384021,0.025448766413974533,0.06975253175930653,0.10453019784121872
1700000003700000000,13700000000,741,740,740,0,0,,,,0,rest,hold,200.0,dev-0123456789abcdef0123456789abcdef,synthetic-3-rest,29,protocol,synthetic-demo-contract-v1,True,-0.13358637225406167,-0.10263557912708243,-0.05576032563846655,-0.038876994426652184,-0.006776062170111251,0.02555210345542263,0.07028107650512913,0.10373327157081183
1700000003705000000,13705000000,742,741,741,0,0,,,,0,rest,hold,200.0,dev-0123456789abcdef0123456789abcdef,synthetic-3-rest,29,protocol,synthetic-demo-contract-v1,True,-0.1320266493886694,-0.10193472380114015,-0.05397735820778305,-0.037771643788864204,-0.006074477857202366,0.026838277587217418,0.07193192377078841,0.10407849220540627
1700000003710000000,13710000000,743,742,742,0,0,,,,0,rest,hold,200.0,dev-0123456789abcdef0123456789abcdef,synthetic-3-rest,29,protocol,synthetic-demo-contract-v1,True,-0.1293053381991545,-0.10005811566330276,-0.051224424136673656,-0.035500396236049725,-0.0041971040835379475,0.02930514490712684,0.07470127225876064,0.10556940349376186
1700000003715000000,13715000000,744,743,743,0,0,,,,0,rest,hold,200.0,dev-0123456789abcdef0123456789abcdef,synthetic-3-rest,29,protocol,synthetic-demo-contract-v1,True,-0.12544871096579926,-0.09701402554808838,-0.04752019517927253,-0.03207487717315431,-0.0011515855897719866,0.03294092662619831,0.07857605894402168,0.10820004999318879
1700000003720000000,13720000000,745,744,744,0,0,,,,0,rest,hold,200.0,dev-0123456789abcdef0123456789abcdef,synthetic-3-rest,29,protocol,synthetic-demo-contract-v1,True,-0.12049418761615681,-0.0928214855274275,-0.042890827787153196,-0.02751638098945925,0.0030448111747668812,0.03772429339539165,0.08353404825244586,0.11195502715101799
1700000003725000000,13725000000,746,745,745,0,0,,,,0,rest,hold,200.0,dev-0123456789abcdef0123456789abcdef,synthetic-3-rest,29,protocol,synthetic-demo-contract-v1,True,-0.11448977527873463,-0.08751012069612647,-0.03736971747842697,-0.02185569681362247,0.00836533173056773,0.04362452794448368,0.08954399737610802,0.11680960971831451
1700000003730000000,13730000000,747,746,746,0,0,,,,0,rest,hold,200.0,dev-0123456789abcdef0123456789abcdef,synthetic-3-rest,29,protocol,synthetic-demo-contract-v1,True,-0.10749338913911524,-0.08111987595157719,-0.030997198192248672,-0.015132854332012247,0.014773945586892412,0.05060176473084411,0.09656589642394545,0.12272995739139801
1700000003735000000,13735000000,748,747,747,0,0,,,,0,rest,hold,200.0,dev-0123456789abcdef0123456789abcdef,synthetic-3-rest,29,protocol,synthetic-demo-contract-v1,True,-0.09957206612264122,-0.0737006405903082,-0.023820189513624718,-0.007396791845982238,0.022225634860298722,0.05860730466320129,0.10455128148545755,0.1296733959375837
1700000003740000000,13740000000,749,748,748,0,0,,,,0,rest,hold,200.0,dev-0123456789abcdef0123456789abcdef,synthetic-3-rest,29,protocol,synthetic-demo-contract-v1,True,-0.0908010843294537,-0.06531177465258814,-0.015891795020261293,0.0012950505995110969,0.03066675711920428,0.06758400234873269,0.11344361807988171,0.1375887714370388
1700000003745000000,13745000000,750,749,749,0,0,,,,0,rest,hold,200.0,dev-0123456789abcdef0123456789abcdef,synthetic-3-rest,29,protocol,synthetic-demo-contract-v1,True,-0.08126300231132072,-0.05602154200928212,-0.007270855338844398,0.010877209551244297,0.04003547946798464,0.0774667227158987,0.12317875187868188,0.14641687466803724
1700000003750000000,13750000000,751,750,750,0,0,,,,0,rest,hold,200.0,dev-0123456789abcdef0123456789abcdef,synthetic-3-rest,29,protocol,synthetic-demo-contract-v1,True,-0.07104663318797265,-0.045906456189947306,0.0019785401992053475,0.02127674387967605,0.050262280295698,0.08818286329514895,0.13368542302994446,0.15609093208303648
1700000003755000000,13755000000,752,751,751,0,0,,,,0,rest,hold,200.0,dev-0123456789abcdef0123456789abcdef,synthetic-3-rest,29,protocol,synthetic-demo-contract-v1,True,-0.060245969240957715,-0.035050545885655794,0.011787579144546242,0.032413843272446015,0.06127051455569766,0.09965293789979374,0.14488583988415726,0.166537159272828
1700000003760000000,13760000000,753,752,752,0,0,,,,0,rest,hold,200.0,dev-0123456789abcdef0123456789abcdef,synthetic-3-rest,29,protocol,synthetic-demo-contract-v1,True,-0.04895907298801678,-0.02354454791326202,0.022083284369402066,0.04420249432625498,0.07297703791767668,0.1117912169443215,0.15669630742618146,0.17767537229999636
1700000003765000000,13765000000,754,753,753,0,0,,,,0,rest,hold,200.0,dev-0123456789abcdef0123456789abcdef,synthetic-3-rest,29,protocol,synthetic-demo-contract-v1,True,-0.03728695082857412,-0.011485036189803694,0.03278910077481756,0.05655119858993003,0.08529288464739035,0.12450641917137896,0.16902790526208433,0.1894196518052913
1700000003770000000,13770000000,755,754,754,0,0,,,,0,rest,hold,200.0,dev-0123456789abcdef0123456789abcdef,synthetic-3-rest,29,protocol,synthetic-demo-contract-v1,True,-0.025332425164158536,0.0010265040725198715,0.04382550552349878,0.06936373647572328,0.09812399362558265,0.1377024491354961,0.18178720959582878,0.20167905435536737
1700000003775000000,13775000000,756,755,755,0,0,,,,0,rest,hold,200.0,dev-0123456789abcdef0123456789abcdef,synthetic-3-rest,29,protocol,synthetic-demo-contract-v1,True,-0.013199020444870617,0.013884647186156505,0.05511063693665772,0.08253997057186846,0.11137197651993967,0.15127917441469654,0.19487705326281973,0.2143583651110292
1700000003780000000,13780000000,757,756,756,0,0,,,,0,rest,hold,200.0,dev-0123456789abcdef0123456789abcdef,synthetic-3-rest,29,protocol,synthetic-demo-contract-v1,True,-0.0009898778874396913,0.026981032617894463,0.06656093711203451,0.09597668156057183,0.1249349217757171,0.16513323619370834,0.20819731756828982,0.22735888555508327
1700000003785000000,13785000000,758,757,757,0,0,,,,0,rest,hold,200.0,dev-0123456789abcdef0123456789abcdef,synthetic-3-rest,29,protocol,synthetic-demo-contract-v1,True,0.011193287330055422,0.04020539490176721,0.07809180327680362,0.10956842967452803,0.13870822779476472,0.17915888658713264,0.22164574941096818,0.24057924973078249
1700000003790000000,13790000000,759,758,758,0,0,,,,0,rest,hold,200.0,dev-0123456789abcdef0123456789abcdef,synthetic-3-rest,29,protocol,synthetic-demo-contract-v1,True,0.023251173745049147,0.05344660710848559,0.08961824288296255,0.12320843441408437,0.15258545843152402,0.19324884584999552,0.23511879695874627,0.25391626220812
1700000003795000000,13795000000,760,759,759,0,0,,,,0,rest,hold,200.0,dev-0123456789abcdef0123456789abcdef,synthetic-3-rest,29,protocol,synthetic-demo-contract-v1,True,0.035087814847410165,0.06659372706802262,0.10105552748319556,0.1367894650979701,0.16645921375010508,0.20729517245832776,0.2485124569848265,0.26726575081770015
1700000003800000000,13800000000,761,760,760,0,0,,,,0,rest,hold,200.0,dev-0123456789abcdef0123456789abcdef,synthetic-3-rest,29,protocol,synthetic-demo-contract-v1,True,0.04661142406307683,0.0795370355888479,0.11231984049126166,0.15020473473444348,0.18022200886046305,0.22119013893533435,0.26172312687163785,0.28052342707223876
1700000003805000000,13805000000,762,761,761,0,0,,,,0,rest,hold,200.0,dev-0123456789abcdef0123456789abcdef,synthetic-3-rest,29,protocol,synthetic-demo-contract-v1,True,0.057735155295249876,0.09216905608602814,0.1233289140311948,0.16334878967722874,0.19376715358475974,0.23482710624995878,0.2746484542462147,0.29358574713461866
1700000003810000000,13810000000,763,762,762,0,0,,,,0,rest,hold,200.0,dev-0123456789abcdef0123456789abcdef,synthetic-3-rest,29,protocol,synthetic-demo-contract-v1,True,0.0683777725507344,0.10438554531821881,0.13400265021281654,0.17611838757207934,0.20698962569803733,0.24810138962487904,0.2871881772254231,0.3063507661896104
1700000003815000000,13815000000,764,763,763,0,0,,,,0,rest,hold,200.0,dev-0123456789abcdef0123456789abcdef,synthetic-3-rest,29,protocol,synthetic-demo-contract-v1,True,0.07846422395324251,0.11608644533585308,0.14426372233548243,0.1884133562046735,0.21978693054024423,0.26091110865997214,0.2992449483221268,0.3187189791337066
1700000003820000000,13820000000,765,764,764,0,0,,,,0,rest,hold,200.0,dev-0123456789abcdef0123456789abcdef,synthetic-3-rest,29,protocol,synthetic-demo-contract-v1,True,0.08792611724165708,0.12717678725370968,0.15403815171579802,0.20013742602786566,0.23205993990899967,0.27315801480448987,0.31072513519354084,0.33059414061352155
1700000003825000000,13825000000,766,765,765,0,0,,,,0,rest,hold,200.0,dev-0123456789abcdef0123456789abcdef,synthetic-3-rest,29,protocol,synthetic-demo-contract-v1,True,0.09670209563420663,0.13756753807345534,0.1632558560564558,0.21119902937474347,0.24371370331349873,0.2847482893957193,0.3215395915997342,0.3418840576170561
1700000003830000000,13830000000,767,766,766,0,0,,,,0,rest,hold,200.0,dev-0123456789abcdef0123456789abcdef,synthetic-3-rest,29,protocol,synthetic-demo-contract-v1,True,0.10473811467450767,0.14717638248707351,0.17185116552003205,0.22151205965125467,0.2546582248979626,0.29559330572199144,0.3316043921817399,0.3525013480521103
1700000003835000000,13835000000,768,767,767,0,0,,,,0,rest,hold,200.0,dev-0123456789abcdef0123456789abcdef,synthetic-3-rest,29,protocol,synthetic-demo-contract-v1,True,0.11198762232980376,0.1559284323810417,0.1797633029416122,0.23099658414608884,0.26480919962641547,0.3056103488618564,0.34084152496329634,0.36236415903058655
1700000003840000000,13840000000,769,768,768,0,0,,,,0,rest,hold,200.0,dev-0123456789abcdef0123456789abcdef,synthetic-3-rest,29,protocol,synthetic-demo-contract-v1,True,0.11841164615461554,0.16375685762310616,0.18693682490503982,0.23957950449291868,0.2740887026568015,0.31472328739646355,0.3491795358253097,0.37139683891382047
1700000003845000000,13845000000,770,769,769,0,0,,,,0,rest,hold,200.0,dev-0123456789abcdef0123456789abcdef,synthetic-3-rest,29,protocol,synthetic-demo-contract-v1,True,0.12397879273656986,0.17060343263733885,0.1933220207171515,0.24719515926764826,0.28242582621885026,0.3228631914859479,0.3565541195949304,0.3795305575596954
1700000003850000000,13850000000,771,770,770,0,0,,,,0,rest,hold,200.0,dev-0123456789abcdef0123456789abcdef,synthetic-3-rest,29,protocol,synthetic-demo-contract-v1,True,0.12866516588080956,0.17641899424689197,0.19887526664012106,0.2537858636970921,0.2897572587434052,0.32996889223962417,0.3629086528284122,0.38670386964386466
1700000003855000000,13855000000,772,771,771,0,0,,,,0,rest,hold,200.0,dev-0123456789abcdef0123456789abcdef,synthetic-3-rest,29,protocol,synthetic-demo-contract-v1,True,0.13245421104443644,0.18116380727519724,0.20355933308165972,0.25930238199137207,0.2960278014676789,0.33598747779054383,0.3681946638451776,0.3928632164014586
1700000003860000000,13860000000,773,772,772,0,0,,,,0,rest,hold,200.0,dev-0123456789abcdef0123456789abcdef,synthetic-3-rest,29,protocol,synthetic-demo-contract-v1,True,0.13533649438624604,0.18480783543244483,0.2073436427937303,0.26370432838552577,0.3011908182569801,0.3408747220033689,0.3723722360856486,0.3979633616480807
1700000003865000000,13865000000,774,773,773,0,0,,,,0,rest,hold,200.0,dev-0123456789abcdef0123456789abcdef,synthetic-3-rest,29,protocol,synthetic-demo-contract-v1,True,0.13730942543765723,0.18733091606232766,0.21020447849033394,0.26696049358162577,0.30520861493479545,0.34459544229647243,0.37541034141336294,0.4019677584856188
1700000003870000000,13870000000,775,774,774,0,0,,,,0,rest,hold,200.0,dev-0123456789abcdef0123456789abcdef,synthetic-3-rest,29,protocol,synthetic-demo-contract-v1,True,0.1383769328207962,0.18872283837134474,0.21212513866130506,0.26904909391583,0.3080527449950165,0.34712378364005403,0.3772871005580397,0.404848843674767
1700000003875000000,13875000000,776,775,775,0,0,,,,0,rest,hold,200.0,dev-0123456789abcdef0123456789abcdef,synthetic-3-rest,29,protocol,synthetic-demo-contract-v1,True,0.13854910263664452,0.1889833257968434,0.21309604072952842,0.2699579412298539,0.30970423917782697,0.34844342639712045,0.37798996849589833,0.4065882572574198
1700000003880000000,13880000000,777,776,776,0,0,,,,0,rest,hold,200.0,dev-0123456789abcdef0123456789abcdef,synthetic-3-rest,29,protocol,synthetic-demo-contract-v1,True,0.13784178912227515,0.1881219241782381,0.21311477107125573,0.26968453209782267,0.3101537570193074,0.34854771629849063,0.37751584318173126,0.4071769856333091
1700000003885000000,13885000000,778,777,777,0,0,,,,0,rest,hold,200.0,dev-0123456789abcdef0123456789abcdef,synthetic-3-rest,29,protocol,synthetic-demo-contract-v1,True,0.13627620693839912,0.18615779836669932,0.21218608179087056,0.26823605574154136,0.30940165912892,0.3474397154813569,0.37587109667884905,0.4066154269311861
1700000003890000000,13890000000,779,778,778,0,0,,,,0,rest,hold,200.0,dev-0123456789abcdef0123456789abcdef,synthetic-3-rest,29,protocol,synthetic-demo-contract-v1,True,0.1338785140082438,0.18311944083109516,0.21032183451035694,0.26562932065420103,0.3074579996034532,0.3451321741681814,0.37307152837289326,0.40491337816030676
1700000003895000000,13895000000,780,779,779,0,0,,,,0,rest,hold,200.0,dev-0123456789abcdef0123456789abcdef,synthetic-3-rest,29,protocol,synthetic-demo-contract-v1,True,0.1306793932018454,0.17904429668182872,0.20754089179764984,0.2618906006385216,0.3043424386452939,0.34164742321349534,0.36914224059834083,0.40208994427755806
1700000003900000000,13900000000,781,780,780,0,0,,,,0,rest,hold,200.0,dev-0123456789abcdef0123456789abcdef,synthetic-3-rest,29,protocol,synthetic-demo-contract-v1,True,0.1267136403656958,0.17397831033018113,0.2038689572148922,0.2570554016445414,0.3000840761116044,0.33701718839513295,0.36411743764699267,0.39817336995389413
1700000003905000000,13905000000,782,781,781,0,0,,,,0,rest,hold,200.0,dev-0123456789abcdef0123456789abcdef,synthetic-3-rest,29,protocol,synthetic-demo-contract-v1,True,0.12201976525929152,0.16797539972063347,0.19933836531539798,0.25116815145894267,0.2947212073737121,0.3312823279682944,0.3580401497605937,0.393200795465486
1700000003910000000,13910000000,783,782,782,0,0,,,,0,rest,hold,200.0,dev-0123456789abcdef0123456789abcdef,synthetic-3-rest,29,protocol,synthetic-demo-contract-v1,True,0.1166396109032408,0.1610968647102752,0.1939878232548436,0.24428181494629514,0.28830100350731314,0.32449249563024607,0.3509618843296836,0.38721793876475064
1700000003915000000,13915000000,784,783,783,0,0,,,,0,rest,hold,200.0,dev-0123456789abcdef0123456789abcdef,synthetic-3-rest,29,protocol,synthetic-demo-contract-v1,True,0.11061799569633336,0.15341073671700928,0.18786210600610884,0.23645743816748205,0.2808791184587366,0.31670573165534976,0.34294220712277845,0.38027870639907513
1700000003920000000,13920000000,785,784,784,0,0,,,,0,rest,hold,200.0,dev-0123456789abcdef0123456789abcdef,synthetic-3-rest,29,protocol,synthetic-demo-contract-v1,True,0.10400238145105972,0.14499107721219204,0.1810117074764556,0.22776362529652514,0.27251922643527804,0.30798798554935625,0.33404825694898493,0.37244473653543636
1700000003925000000,13925000000,786,785,785,0,0,,,,0,rest,hold,200.0,dev-0123456789abcdef0123456789abcdef,synthetic-3-rest,29,protocol,synthetic-demo-contract-v1,True,0.0968425692592594,0.13591723299036423,0.17349245011875475,0.21827595281907733,0.2632924933435502,0.2984125741337138,0.3243541977083991,0.3637848779123945
1700000003930000000,13930000000,787,786,786,0,0,,,,0,rest,hold,200.0,dev-0123456789abcdef0123456789abcdef,synthetic-3-rest,29,protocol,synthetic-demo-contract-v1,True,0.0891904238629732,0.12627305640692313,0.16536505590372483,0.20807632601929077,0.25327698664418546,0.2880595795004222,0.3139406123035971,0.35437460907244595
1700000003935000000,13935000000,788,787,787,0,0,,,,0,rest,hold,200.0,dev-0123456789abcdef0123456789abcdef,synthetic-3-rest,29,protocol,synthetic-demo-contract-v1,True,0.08109962600080937,0.11614609893327651,0.15669468177609452,0.19725228324214641,0.24255702849945665,0.2770151917712598,0.3028938433677919,0.3442954027229784
1700000003940000000,13940000000,789,788,788,0,0,,,,0,rest,hold,200.0,dev-0123456789abcdef0123456789abcdef,synthetic-3-rest,29,protocol,synthetic-demo-contract-v1,True,0.07262545105703797,0.10562678643906781,0.14755042295305337,0.1858962538517675,0.23122249755843197,0.265371002048139,0.2913052862069671,0.33363404052911805
1700000003945000000,13945000000,790,789,789,0,0,,,,0,rest,hold,200.0,dev-0123456789abcdef0123456789abcdef,synthetic-3-rest,29,protocol,synthetic-demo-contract-v1,True,0.06382457128707306,0.0948075845743295,0.1380047876369295,0.17410477618899106,0.2193680851481081,0.25322325135000734,0.27927063975068245,0.3224818840526724
1700000003950000000,13950000000,791,790,790,0,0,,,,0,rest,hold,200.0,dev-0123456789abcdef0123456789abcdef,synthetic-3-rest,29,protocol,synthetic-demo-contract-v1,True,0.054754877954827856,0.08378216249422878,0.12813314690470157,0.16197768216047667,0.20709251201519546,0.24067204169286593,0.2668891216560839,0.3109341079148605
1700000003955000000,13955000000,792,791,791,0,0,,,,0,rest,hold,200.0,dev-0123456789abcdef0123456789abcdef,synthetic-3-rest,29,protocol,synthetic-demo-contract-v1,True,0.04547531891745756,0.07264456294974456,0.11801316370364287,0.14961725536410747,0.19449771208868,0.227820515780098,0.2542626540089732,0.299088901573507
1700000003960000000,13960000000,793,792,792,0,0,,,,0,rest,hold,200.0,dev-0123456789abcdef0123456789abcdef,synthetic-3-rest,29,protocol,synthetic-demo-contract-v1,True,0.03604574655086557,0.06148838646466329,0.10772420502426655,0.13712736986926413,0.1816879900053565,0.21477401202789956,0.24149502631218522,0.28704664636535326
1700000003965000000,13965000000,794,793,793,0,0,,,,0,rest,hold,200.0,dev-0123456789abcdef0123456789abcdef,synthetic-3-rest,29,protocol,synthetic-demo-contract-v1,True,0.026526770440672226,0.050405996938973296,0.09734674143786201,0.12461261692382779,0.16876915935680725,0.20163920185291734,0.22869104264276507,0.27490907466878356
1700000003970000000,13970000000,795,794,794,0,0,,,,0,rest,hold,200.0,dev-0123456789abcdef0123456789abcdef,synthetic-3-rest,29,protocol,synthetic-demo-contract-v1,True,0.01697960898002324,0.0394877555685334,0.08696173827580168,0.11217742695153213,0.15584766877524495,0.188523216294796,0.21595565999416874,0.26277841819013487
1700000003975000000,13975000000,796,795,795,0,0,,,,0,rest,hold,200.0,dev-0123456789abcdef0123456789abcdef,synthetic-3-rest,29,protocol,synthetic-demo-contract-v1,True,0.007465933924739772,0.028821289458564804,0.07665004279068834,0.09992519423263216,0.1430297230756951,0.17553276913377905,0.2033931248965583,0.2507565524663882
1700000003980000000,13980000000,797,796,796,0,0,,,,0,rest,hold,200.0,dev-0123456789abcdef0123456789abcdef,synthetic-3-rest,29,protocol,synthetic-demo-contract-v1,True,-0.0019522979392181984,0.018490800742759064,0.06649177167497879,0.08795741162775571,0.1304204067124811,0.16277328369222266,0.19110611542670164,0.23894414470782543
1700000003985000000,13985000000,798,797,797,0,0,,,,0,rest,hold,200.0,dev-0123456789abcdef0123456789abcdef,synthetic-3-rest,29,protocol,synthetic-demo-contract-v1,True,-0.011213031562984161,0.008576421409638728,0.05656570332063331,0.07637282260965932,0.11812281678856215,0.15034803047863393,0.17919489567884453,0.22743981207593356
1700000003990000000,13990000000,799,798,798,0,0,,,,0,rest,hold,200.0,dev-0123456789abcdef0123456789abcdef,synthetic-3-rest,29,protocol,synthetic-demo-contract-v1,True,-0.020254323898668655,-0.000846381607544678,0.0469486791832764,0.06526659771116608,0.10623721277696899,0.13835728274372816,0.1677564896693566,0.21633929740453722
1700000003995000000,13995000000,800,799,799,0,0,,,,0,rest,hold,200.0,dev-0123456789abcdef0123456789abcdef,synthetic-3-rest,29,protocol,synthetic-demo-contract-v1,True,-0.029014582060328288,-0.009707347191916498,0.03771501856644365,0.05472954228148795,0.09486018997529361,0.126897496870993,0.15688388149198856,0.2057346692267999
1700000004000000000,14000000000,801,800,800,0,0,,,,0,rest,hold,200.0,dev-0123456789abcdef0123456789abcdef,synthetic-3-rest,29,protocol,synthetic-demo-contract-v1,True,-0.037432832959684234,-0.017941903456621548,0.028935951065584234,0.044847342169119175,0.08408388351780395,0.1160605243203154,0.14666524832823735,0.195713552768327
1700000004005000000,14005000000,802,801,801,0,0,,,,0,rest,hold,200.0,dev-0123456789abcdef0123456789abcdef,synthetic-3-rest,29,protocol,synthetic-demo-contract-v1,True,-0.045449027028947916,-0.025491591306136395,0.02067907080791264,0.03569985362009585,0.07399520951706696,0.10593286158419682,0.1371832326504809,0.18635839830896453
1700000004010000000,14010000000,803,802,802,0,0,,,,0,rest,hold,200.0,dev-0123456789abcdef0123456789abcdef,synthetic-3-rest,29,protocol,synthetic-demo-contract-v1,True,-0.053004377557702625,-0.032304426331510816,0.013007816493228642,0.02736044329845975,0.06467514959997324,0.09659494430400807,0.12851425963631422,0.17774579300507365
1700000004015000000,14015000000,804,803,803,0,0,,,,0,rest,hold,200.0,dev-0123456789abcdef0123456789abcdef,synthetic-3-rest,29,protocol,synthetic-demo-contract-v1,True,-0.060041735990558176,-0.03833519790561135,0.005980981082973173,0.019895383904617717,0.05619808474437599,0.08812049133124801,0.12072790544356872,0.1699458219027173
1700000004020000000,14020000000,805,804,804,0,0,,,,0,rest,hold,200.0,dev-0123456789abcdef0123456789abcdef,synthetic-3-rest,29,protocol,synthetic-demo-contract-v1,True,-0.06650600228515903,-0.04354570500478633,-0.0003477451994257155,0.013363310390569212,0.04863118391501043,0.08057590410871232,0.1138863215797194,0.163021483463189
1700000004025000000,14025000000,806,805,805,0,0,,,,0,rest,hold,200.0,dev-0123456789abcdef0123456789abcdef,synthetic-3-rest,29,protocol,synthetic-demo-contract-v1,True,-0.07234456814558256,-0.047904928916416116,-0.005930195103499368,0.0078147412529683,0.0420338525445194,0.07401972629241624,0.10804372014037814,0.15702816446923382
1700000004030000000,14030000000,807,806,806,0,0,,,,0,rest,hold,200.0,dev-0123456789abcdef0123456789abcdef,synthetic-3-rest,29,protocol,synthetic-demo-contract-v1,True,-0.07750778965526925,-0.051389143590784156,-0.010724104602877009,0.003291668829963611,0.03645724541080854,0.06850216804058262,0.10324592419290761,0.15201317868670453
1700000004035000000,14035000000,808,807,807,0,0,,,,0,rest,hold,200.0,dev-0123456789abcdef0123456789abcdef,synthetic-3-rest,29,protocol,synthetic-demo-contract-v1,True,-0.08194948456770151,-0.05398196495433137,-0.01469345020131668,-0.00017277805940593173,0.031943847929812044,0.06406469886518529,0.09952998704708312,0.14801537312649743
1700000004040000000,14040000000,809,808,808,0,0,,,,0,rest,hold,200.0,dev-0123456789abcdef0123456789abcdef,synthetic-3-rest,29,protocol,synthetic-demo-contract-v1,True,-0.08562744830342969,-0.055674341014380235,-0.017808740612416163,-0.0025545964088004164,0.028527129317425626,0.06073971237876173,0.09692388358954225,0.14506480518976708
1700000004045000000,14045000000,810,809,809,0,0,,,,0,rest,hold,200.0,dev-0123456789abcdef0123456789abcdef,synthetic-3-rest,29,protocol,synthetic-demo-contract-v1,True,-0.0885039815792666,-0.056464485048506076,-0.02004726043281543,-0.0038390941629720477,0.026231270480476174,0.05855026567905029,0.09544627626707831,0.14318249339024428
1700000004050000000,14050000000,811,810,810,0,0,,,,0,rest,hold,200.0,dev-0123456789abcdef0123456789abcdef,synthetic-3-rest,29,protocol,synthetic-demo-contract-v1,True,-0.0905464215884472,-0.056357754581386046,-0.02139326374902471,-0.004020996765513634,0.02507096887915824,0.05750989550140693,0.09510635769062645,0.1423802437359566
1700000004055000000,14055000000,812,811,811,0,0,,,,0,rest,hold,200.0,dev-0123456789abcdef0123456789abcdef,synthetic-3-rest,29,protocol,synthetic-demo-contract-v1,True,-0.09172766778626451,-0.05536647920583084,-0.02183811595603159,-0.003104474344249578,0.025051321967360016,0.05762251263884541,0.09590377120199431,0.14266055322373816
1700000004060000000,14060000000,813,812,812,0,0,,,,0,rest,hold,200.0,dev-0123456789abcdef0123456789abcdef,synthetic-3-rest,29,protocol,synthetic-demo-contract-v1,True,-0.09202669263821948,-0.0535097406012764,-0.021380382419621428,-0.00110308943160904,0.026167790168065315,0.058882375487173275,0.09782861010425802,0.14401659125890715
1700000004065000000,14065000000,814,813,813,0,0,,,,0,rest,hold,200.0,dev-0123456789abcdef0123456789abcdef,synthetic-3-rest,29,protocol,synthetic-demo-contract-v1,True,-0.09142902717799255,-0.050813108341837644,-0.020025862981924394,0.0019603342139435636,0.028406239683867844,0.061274142923297054,0.1008614956095253,0.14643225916465807
1700000004070000000,14070000000,815,814,814,0,0,,,,0,rest,hold,200.0,dev-0123456789abcdef0123456789abcdef,synthetic-3-rest,29,protocol,synthetic-demo-contract-v1,True,-0.08992721091766205,-0.04730833526755855,-0.017787571688911288,0.006053920456577764,0.03174306478301611,0.0647730060736944,0.1049737329097912,0.1498823272964462
1700000004075000000,14075000000,816,815,815,0,0,,,,0,rest,hold,200.0,dev-0123456789abcdef0123456789abcdef,synthetic-3-rest,29,protocol,synthetic-demo-contract-v1,True,-0.08752119556554239,-0.04303301631809407,-0.014685661507103615,0.011137025421806638,0.03614538854477207,0.06934489788264793,0.11012754413323574,0.15433264863132337
1700000004080000000,14080000000,817,816,816,0,0,,,,0,rest,hold,200.0,dev-0123456789abcdef0123456789abcdef,synthetic-3-rest,29,protocol,synthetic-demo-contract-v1,True,-0.08421869214629525,-0.0380302147999685,-0.010747294192248152,0.017160595410983796,0.041571340399618524,0.07494677875140306,0.11627637631480219,0.15974044706614549
1700000004085000000,14085000000,818,817,817,0,0,,,,0,rest,hold,200.0,dev-0123456789abcdef0123456789abcdef,synthetic-3-rest,29,protocol,synthetic-demo-contract-v1,True,-0.08003545148734767,-0.032348060079744154,-0.006006455872560311,0.0240675949654796,0.047970408165367774,0.08152699589521736,0.12336528189151241,0.16605467803711577
1700000004090000000,14090000000,819,818,818,0,0,,,,0,rest,hold,200.0,dev-0123456789abcdef0123456789abcdef,synthetic-3-rest,29,protocol,synthetic-demo-contract-v1,True,-0.07499546863410418,-0.026039320669609553,-0.0005037193107445691,0.031793501370043,0.05528386166473471,0.08902571346042305,0.13133136863479236,0.1732164584713909
1700000004095000000,14095000000,820,819,819,0,0,,,,0,rest,hold,200.0,dev-0123456789abcdef0123456789abcdef,synthetic-3-rest,29,protocol,synthetic-demo-contract-v1,True,-0.06913110257805295,-0.019160956603381366,0.005714045790377566,0.04026686133277834,0.06344524441850272,0.09737540986307447,0.14010431535902418,0.1811595625044324
1700000004100000000,14100000000,821,820,820,0,0,,,,0,rest,hold,200.0,dev-0123456789abcdef0123456789abcdef,synthetic-3-rest,29,protocol,synthetic-demo-contract-v1,True,-0.062483103715863235,-0.0117736548944489,0.012594012677030052,0.04940990506405777,0.07238092934599248,0.10650143825933907,0.14960694920240178,0.18981097884929626
1700000004105000000,14105000000,822,821,821,0,0,,,,0,rest,hold,200.0,dev-0123456789abcdef0123456789abcdef,synthetic-3-rest,29,protocol,synthetic-demo-contract-v1,True,-0.05510054268869301,-0.003941351728093661,0.020077785476698588,0.05913921250272612,0.08201073387566506,0.11632264553991989,0.15975587976732333,0.19909152519053958
1700000004110000000,14110000000,823,822,822,0,0,,,,0,rest,hold,200.0,dev-0123456789abcdef0123456789abcdef,synthetic-3-rest,29,protocol,synthetic-demo-contract-v1,True,-0.0470406356593647,0.004269255125709692,0.028101832641171574,0.06936642600912482,0.09224858937783877,0.12675204476083934,0.17046218493731136,0.2089165145002667
1700000004115000000,14115000000,824,823,823,0,0,,,,0,rest,hold,200.0,dev-0123456789abcdef0123456789abcdef,synthetic-3-rest,29,protocol,synthetic-demo-contract-v1,True,-0.038368462647142214,0.012789200380718558,0.03659796300021383,0.0799990034642521,0.10300325938265506,0.13769753548473748,0.18163214275963654,0.21919646774090928
1700000004120000000,14120000000,825,824,824,0,0,,,,0,rest,hold,200.0,dev-0123456789abcdef0123456789abcdef,synthetic-3-rest,29,protocol,synthetic-demo-contract-v1,True,-0.029156577228232377,0.02154774868936708,0.045493841173216566,0.09094100538590111,0.11417910064333515,0.14906266611406455,0.19316800340100412,0.2298378670322681
1700000004125000000,14125000000,826,825,825,0,0,,,,0,rest,hold,200.0,dev-0123456789abcdef0123456789abcdef,synthetic-3-rest,29,protocol,synthetic-demo-contract-v1,True,-0.019484507694544906,0.030472892603137253,0.054713538752057755,0.10209390939849017,0.12567686075070042,0.16074743195336183,0.20496879485094147,0.2407439430222975
1700000004130000000,14130000000,827,826,826,0,0,,,,0,rest,hold,200.0,dev-0123456789abcdef0123456789abcdef,synthetic-3-rest,29,protocol,synthetic-demo-contract-v1,True,-0.009438151610749117,0.03949184837548147,0.06417811735565562,0.1133574451758418,0.1373945057029399,0.17264910244516046,0.2169311557668009,0.25181548991502917
1700000004135000000,14135000000,828,827,827,0,0,,,,0,rest,hold,200.0,dev-0123456789abcdef0123456789abcdef,synthetic-3-rest,29,protocol,synthetic-demo-contract-v1,True,0.0008909324141934613,0.048531547161795294,0.07380623936790062,0.12463044281688983,0.14922807058699003,0.1846630707850975,0.22895018862767869,0.2629517013770877
1700000004140000000,14140000000,829,828,828,0,0,,,,0,rest,hold,200.0,dev-0123456789abcdef0123456789abcdef,synthetic-3-rest,29,protocol,synthetic-demo-contract-v1,True,0.011406330056013787,0.05751911938273056,0.08351480190870335,0.1358116875146125,0.16107252633689412,0.19668371893880535,0.24092032619414977,0.27405102036858436
1700000004145000000,14145000000,830,829,829,0,0,,,,0,rest,hold,200.0,dev-0123456789abcdef0123456789abcdef,synthetic-3-rest,29,protocol,synthetic-demo-contract-v1,True,0.02200766619422595,0.06638237021878157,0.09321958935524627,0.1468007733389942,0.1728226554015863,0.20860529095735691,0.2527362041578145,0.2850119958261267
1700000004150000000,14150000000,831,830,830,0,0,,,,0,rest,hold,200.0,dev-0123456789abcdef0123456789abcdef,synthetic-3-rest,29,protocol,synthetic-demo-contract-v1,True,0.0325915801648531,0.07505024439163403,0.10283593952961267,0.15749894897570388,0.1843739290807912,0.22032276742055976,0.26429353281021073,0.2957341390662442
1700000004155000000,14155000000,832,831,831,0,0,,,,0,rest,hold,200.0,dev-0123456789abcdef0123456789abcdef,synthetic-3-rest,29,protocol,synthetic-demo-contract-v1,True,0.0430527704586286,0.08345327855801805,0.11227941850213365,0.16780994834326915,0.19562337927389054,0.23173273382888002,0.27548996056524594,0.30611877277733524
1700000004160000000,14160000000,833,832,832,0,0,,,,0,rest,hold,200.0,dev-0123456789abcdef0123456789abcdef,synthetic-3-rest,29,protocol,synthetic-demo-contract-v1,True,0.053285096492213774,0.09152403979187784,0.12146649882890279,0.17764079915178396,0.2064704574325726,0.24273423581508408,0.2862259222327276,0.3160698655270835
1700000004165000000,14165000000,834,833,833,0,0,,,,0,rest,hold,200.0,dev-0123456789abcdef0123456789abcdef,synthetic-3-rest,29,protocol,synthetic-demo-contract-v1,True,0.06318272377405736,0.09919754875876959,0.1303152359489656,0.1869026026645235,0.21681787361369323,0.2532296141556013,0.29640546506252435,0.3254948448299239
1700000004170000000,14170000000,835,834,834,0,0,,,,0,rest,hold,200.0,dev-0123456789abcdef0123456789abcdef,synthetic-3-rest,29,protocol,synthetic-demo-contract-v1,True,0.07264129768665627,0.10641168629112702,0.13874593741312657,0.19551127817830158,0.2265724086930179,0.2631253127281095,0.3059370457582486,0.33430538199444026
1700000004175000000,14175000000,836,835,835,0,0,,,,0,rest,hold,200.0,dev-0123456789abcdef0123456789abcdef,synthetic-3-rest,29,protocol,synthetic-demo-contract-v1,True,0.08155913023740545,0.11310758215393463,0.14668181960349488,0.20338826604680235,0.23564569302210325,0.27233265278460994,0.3147342918947276,0.34241814220219635
1700000004180000000,14180000000,837,836,836,0,0,,,,0,rest,hold,200.0,dev-0123456789abcdef0123456789abcdef,synthetic-3-rest,29,protocol,synthetic-demo-contract-v1,True,0.08983838351098127,0.11922998484756492,0.15404964663173307,0.21046118343066653,0.24395494508760976,0.2807685671863887,0.3227167214629488,0.34975549355545504
1700000004185000000,14185000000,838,837,837,0,0,,,,0,rest,hold,200.0,dev-0123456789abcdef0123456789abcdef,synthetic-3-rest,29,protocol,synthetic-demo-contract-v1,True,0.09738623320293385,0.12472761132910928,0.16078034617527953,0.21666442736578562,0.25142366406266353,0.28835628857661266,0.3298104146073668,0.3562461691693013
1700000004190000000,14190000000,839,838,838,0,0,,,,0,rest,hold,200.0,dev-0123456789abcdef0123456789abcdef,synthetic-3-rest,29,protocol,synthetic-demo-contract-v1,True,0.10411599553737666,0.12955347554691643,0.1668095971247651,0.2219397201933465,0.2579822705205753,0.2950259858449678,0.33594863201049624,0.3618258767708822
1700000004195000000,14195000000,840,839,839,0,0,,,,0,rest,hold,200.0,dev-0123456789abcdef0123456789abcdef,synthetic-3-rest,29,protocol,synthetic-demo-contract-v1,True,0.10994820107707882,0.1336651946776808,0.17207838407259912,0.22623659288793938,0.263568690009337,0.30071534366379415,0.3410723748155486,0.3664378507017927
1700000004200000000,14200000000,841,840,840,0,0,,,,0,rest,hold,200.0,dev-0123456789abcdef0123456789abcdef,synthetic-3-rest,29,protocol,synthetic-demo-contract-v1,True,0.11481159942204398,0.137025271934044,0.17653351387180571,0.22951280234914787,0.26812887465718166,0.30537008034298985,0.3451308814558381,0.3700333416953848
1700000004205000000,14205000000,842,841,841,0,0,,,,0,rest,hold,200.0,dev-0123456789abcdef0123456789abcdef,synthetic-3-rest,29,protocol,synthetic-demo-contract-v1,True,0.11864407955781364,0.13960135477670332,0.18012808973494343,0.23173467928297448,0.2716172584912528,0.3089443997577269,0.3480820572758756,0.3725720403150498
1700000004210000000,14210000000,843,842,842,0,0,,,,0,rest,hold,200.0,dev-0123456789abcdef0123456789abcdef,synthetic-3-rest,29,protocol,synthetic-demo-contract-v1,True,0.12139349164700175,0.14136646732232208,0.18282193862428842,0.23287740388747627,0.27399714269890074,0.311401373644617,0.34989283337930566,0.3740224304881197
1700000004215000000,14215000000,844,843,843,0,0,,,,0,rest,hold,200.0,dev-0123456789abcdef0123456789abcdef,synthetic-3-rest,29,protocol,synthetic-demo-contract-v1,True,0.12301835734153238,0.14229921569122825,0.18458198800486117,0.2329252071670003,0.275241007639692,0.31271325113385556,0.35053945171852274,0.37436207014833256
1700000004220000000,14220000000,845,844,844,0,0,,,,0,rest,hold,200.0,dev-0123456789abcdef0123456789abcdef,synthetic-3-rest,29,protocol,synthetic-demo-contract-v1,True,0.12348845720859522,0.1423839649914943,0.18538258838955882,0.23187149632633142,0.27533074902120336,0.312861692982439,0.35000767404524674,0.3735777966031112
1700000004225000000,14225000000,846,845,845,0,0,,,,0,rest,hold,200.0,dev-0123456789abcdef0123456789abcdef,synthetic-3-rest,29,protocol,synthetic-demo-contract-v1,True,0.12278528558577374,0.14161098659308988,0.1852057784983717,0.22971890333453981,0.274257836278013,0.311837928591819,0.34829291296553605,0.37166585486517423
1700000004230000000,14230000000,847,846,846,0,0,,,,0,rest,hold,200.0,dev-0123456789abcdef0123456789abcdef,synthetic-3-rest,29,protocol,synthetic-demo-contract-v1,True,0.12090236508152133,0.13997657431207688,0.18404149027885602,0.2264792563929573,0.27202339183584756,0.30964283452728325,0.3454002839815521,0.36863194782609543
1700000004235000000,14235000000,848,847,847,0,0,,,,0,rest,hold,200.0,dev-0123456789abcdef0123456789abcdef,synthetic-3-rest,29,protocol,synthetic-demo-contract-v1,True,0.11784541498404337,0.13748312810492377,0.18188769148981315,0.22217347468712917,0.2686381905962956,0.3062869339007131,0.34134457805062274,0.36449120779707445
1700000004240000000,14240000000,849,848,848,0,0,,,,0,rest,hold,200.0,dev-0123456789abcdef0123456789abcdef,synthetic-3-rest,29,protocol,synthetic-demo-contract-v1,True,0.11363236999968387,0.1341392038714045,0.1787504640312136,0.2168313874433144,0.2641225796364337,0.30179031662786476,0.33615015484443167,0.35926808959400536
1700000004245000000,14245000000,850,849,849,0,0,,,,0,rest,hold,200.0,dev-0123456789abcdef0123456789abcdef,synthetic-3-rest,29,protocol,synthetic-demo-contract-v1,True,0.1082932479739321,0.12995952798548077,0.1746440167073006,0.21049147894082734,0.2585063187767234,0.29618248122063323,0.3298507575421617,0.35299618599455806
1700000004250000000,14250000000,851,850,850,0,0,,,,0,rest,hold,200.0,dev-0123456789abcdef0123456789abcdef,synthetic-3-rest,29,protocol,synthetic-demo-contract-v1,True,0.10186986751541227,0.12496497522088154,0.16959063163264454,0.20320056174693774,0.2518283433241533,0.2895020994185421,0.3224892506357488,0.3457179670390082
1700000004255000000,14255000000,852,851,851,0,0,,,,0,rest,hold,200.0,dev-0123456789abcdef0123456789abcdef,synthetic-3-rest,29,protocol,synthetic-demo-contract-v1,True,0.09441541870619918,0.11918250881522176,0.16362054402862297,0.19501338103604512,0.24413645094042713,0.28179670559666237,0.31411728285778245,0.33748444527864385
1700000004260000000,14260000000,853,852,852,0,0,,,,0,rest,hold,200.0,dev-0123456789abcdef0123456789abcdef,synthetic-3-rest,29,protocol,synthetic-demo-contract-v1,True,0.08599389230100188,0.11264508152634299,0.15677175570608728,0.1859921534245317,0.23548691521176635,0.2731223135041456,0.3047948779578403,0.32835476969052857
1700000004265000000,14265000000,854,853,853,0,0,,,,0,rest,hold,200.0,dev-0123456789abcdef0123456789abcdef,synthetic-3-rest,29,protocol,synthetic-demo-contract-v1,True,0.07667937495428957,0.10539149667930242,0.14908978308425747,0.1762060442922711,0.2259440291023339,0.2635429634834077,0.2945899566460201,0.3183957515700361
1700000004270000000,14270000000,855,854,854,0,0,,,,0,rest,hold,200.0,dev-0123456789abcdef0123456789abcdef,synthetic-3-rest,29,protocol,synthetic-demo-contract-v1,True,0.06655522003104157,0.09746622838376648,0.1406273411516307,0.1657305880669096,0.21557958205252667,0.2531302038899484,0.2835777935883877,0.3076813262781073
1700000004275000000,14275000000,856,855,855,0,0,,,,0,rest,hold,200.0,dev-0123456789abcdef0123456789abcdef,synthetic-3-rest,29,protocol,synthetic-demo-contract-v1,True,0.05571310541818555,0.08891920032020371,0.1314439653269959,0.15464705641349286,0.20447227503151755,0.24196251097205385,0.27184041387319996,0.29629195525379626
1700000004280000000,14280000000,857,856,856,0,0,,,,0,rest,hold,200.0,dev-0123456789abcdef0123456789abcdef,synthetic-3-rest,29,protocol,synthetic-demo-contract-v1,True,0.04425199142765988,0.07980552274933535,0.1216055737227565,0.14304177969603096,0.19270707836600887,0.23012465197383944,0.25946593386478234,0.28431397320002927
1700000004285000000,14285000000,858,857,857,0,0,,,,0,rest,hold,200.0,dev-0123456789abcdef0123456789abcdef,synthetic-3-rest,29,protocol,synthetic-demo-contract-v1,True,0.03227699333944075,0.07018518769198462,0.11118397284374475,0.13100542745573152,0.1803745376399064,0.21770699669009122,0.24654785181968739,0.2718388858074268
1700000004290000000,14290000000,859,858,858,0,0,,,,0,rest,hold,200.0,dev-0123456789abcdef0123456789abcdef,synthetic-3-rest,29,protocol,synthetic-demo-contract-v1,True,0.01989818434895737,0.06012272255422483,0.10025631026777203,0.11863225397986876,0.1675700333887033,0.2048047831233891,0.23318429405353502,0.2589626237937976
1700000004295000000,14295000000,860,859,859,0,0,,,,0,rest,hold,200.0,dev-0123456789abcdef0123456789abcdef,synthetic-3-rest,29,protocol,synthetic-demo-contract-v1,True,0.007229345637505515,0.04968680283300557,0.08890447834436346,0.1060193153128568,0.15439300069407966,0.1915173432694553,0.21947722281317086,0.24578475940194275
1700000004300000000,14300000000,861,860,860,0,0,,,,0,rest,hold,200.0,dev-0123456789abcdef0123456789abcdef,synthetic-3-rest,29,protocol,synthetic-demo-contract-v1,True,-0.005613319038866879,0.03894982492719446,0.07721447341097745,0.09326566428507745,0.1409461151156549,0.1779472953827073,0.20553161232470002,0.23240769181288312
1700000004305000000,14305000000,862,861,861,0,0,,,,0,rest,hold,200.0,dev-0123456789abcdef0123456789abcdef,synthetic-3-rest,29,protocol,synthetic-demo-contract-v1,True,-0.01851248645764881,0.02798744049398249,0.06527571545677772,0.08047153030342442,0.12733445167500584,0.1641997093477103,0.19145459975070536,0.21893580819270428
1700000004310000000,14310000000,863,862,862,0,0,,,,0,rest,hold,200.0,dev-0123456789abcdef0123456789abcdef,synthetic-3-rest,29,protocol,synthetic-demo-contract-v1,True,-0.031351016855133605,0.016878054226229084,0.0531803335584822,0.06773749075926044,0.11366462382982859,0.15038125200152785,0.1773546179975281,0.20547462729686666
1700000004315000000,14315000000,864,863,863,0,0,,,,0,rest,hold,200.0,dev-0123456789abcdef0123456789abcdef,synthetic-3-rest,29,protocol,synthetic-demo-contract-v1,True,-0.0440132389854124,0.005702287377131023,0.04102242276688027,0.055163640963738284,0.10004390954163886,0.13659931941506429,0.16334051746415648,0.19212993270432255
1700000004320000000,14320000000,865,864,864,0,0,,,,0,rest,hold,200.0,dev-0123456789abcdef0123456789abcdef,synthetic-3-rest,29,protocol,synthetic-demo-contract-v1,True,-0.05638620011410195,-0.005457590181583273,0.02889727843234425,0.04284876951679617,0.08657937164715197,0.12296116324690694,0.14952068391662982,0.17900690284373252
1700000004325000000,14325000000,866,865,865,0,0,,,,0,rest,hold,200.0,dev-0123456789abcdef0123456789abcdef,synthetic-3-rest,29,protocol,synthetic-demo-contract-v1,True,-0.06836086450830423,-0.01651825611924328,0.01690061421982171,0.03088954595501124,0.07337697979083498,0.109573018330298,0.13600215970541865,0.16620924500495923
1700000004330000000,14330000000,867,866,866,0,0,,,,0,rest,hold,200.0,dev-0123456789abcdef0123456789abcdef,synthetic-3-rest,29,protocol,synthetic-demo-contract-v1,True,-0.07983324500534901,-0.02739595631695334,0.005127770275060048,0.01937972740532487,0.060540741163432776,0.09653923864208547,0.1228897755174349,0.15383834050031164
1700000004335000000,14335000000,868,867,867,0,0,,,,0,rest,hold,200.0,dev-0123456789abcdef0123456789abcdef,synthetic-3-rest,29,protocol,synthetic-demo-contract-v1,True,-0.09070545350378396,-0.0380071458964848,-0.006327081838355064,0.00840939079773867,0.04817184721880949,0.08396144873207614,0.11028529976954168,0.14199240805210248
1700000004340000000,14340000000,869,868,868,0,0,,,,0,rest,hold,200.0,dev-0123456789abcdef0123456789abcdef,synthetic-3-rest,29,protocol,synthetic-demo-contract-v1,True,-0.10088665769606169,-0.04826914602732469,-0.017371730709489563,-0.0019358030380517682,0.03636784340973016,0.07193771756266173,0.09828661260726348,0.1307656923365832
1700000004345000000,14345000000,870,869,869,0,0,,,,0,rest,hold,200.0,dev-0123456789abcdef0123456789abcdef,synthetic-3-rest,29,protocol,synthetic-demo-contract-v1,True,-0.11029393302474536,-0.058100811531517735,-0.02791670639179342,-0.011575307347330813,0.025221828793405964,0.060561761523062356,0.08698691127210573,0.12024768441051122
1700000004350000000,14350000000,871,870,870,0,0,,,,0,rest,hold,200.0,dev-0123456789abcdef0123456789abcdef,synthetic-3-rest,29,protocol,synthetic-demo-contract-v1,True,-0.11885300066111856,-0.06742320393997298,-0.03787604470403092,-0.020434343781549874,0.014821692111144313,0.04992218314140099,0.07647395334494905,0.11052238048698487
1700000004355000000,14355000000,872,871,871,0,0,,,,0,rest,hold,200.0,dev-0123456789abcdef0123456789abcdef,synthetic-3-rest,29,protocol,synthetic-demo-contract-v1,True,-0.1264988442422385,-0.076160264329446,-0.04716802784199881,-0.02844450774781817,0.005249390645562449,0.04010175172332382,0.06682934406372856,0.10166758521412113
1700000004360000000,14360000000,873,872,872,0,0,,,,0,rest,hold,200.0,dev-0123456789abcdef0123456789abcdef,synthetic-3-rest,29,protocol,synthetic-demo-contract-v1,True,-0.13317620012362344,-0.0842394799937016,-0.05571589475608931,-0.0355443198586541,-0.003419722194220578,0.03117673180021714,0.058127873553331814,0.09375426524597692
1700000004365000000,14365000000,874,873,873,0,0,,,,0,rest,hold,200.0,dev-0123456789abcdef0123456789abcdef,synthetic-3-rest,29,protocol,synthetic-demo-contract-v1,True,-0.13883991797231615,-0.09159253878188006,-0.06344851494257163,-0.04167971902392657,-0.011117515011134591,0.023216264876223774,0.0504369093974649,0.08684595848296632
1700000004370000000,14370000000,875,874,874,0,0,,,,0,rest,hold,200.0,dev-0123456789abcdef0123456789abcdef,synthetic-3-rest,29,protocol,synthetic-demo-contract-v1,True,-0.14345519060110978,-0.09815596477790647,-0.07030101954776964,-0.046804493222769146,-0.0177836371821041,0.01628180952447226,0.043815849529457405,0.08099824390227271
1700000004375000000,14375000000,876,875,875,0,0,,,,0,rest,hold,200.0,dev-0123456789abcdef0123456789abcdef,synthetic-3-rest,29,protocol,synthetic-demo-contract-v1,True,-0.1469976539917114,-0.10387172890236016,-0.07621538399272124,-0.05088064452083778,-0.023366013633162687,0.010426644402722398,0.03831563992523979,0.07625827640106021
1700000004380000000,14380000000,877,876,876,0,0,,,,0,rest,hold,200.0,dev-0123456789abcdef0123456789abcdef,synthetic-3-rest,29,protocol,synthetic-demo-contract-v1,True,-0.14945336043579588,-0.10868782799702562,-0.08114095668927926,-0.05387868545295168,-0.02782127154560627,0.005695438241107842,0.03397836105123815,0.07266439054091645
1700000004385000000,14385000000,878,877,877,0,0,,,,0,rest,hold,200.0,dev-0123456789abcdef0123456789abcdef,synthetic-3-rest,29,protocol,synthetic-demo-contract-v1,True,-0.15081862960352668,-0.11255882600625271,-0.08503492883454587,-0.055777864468380706,-0.031115095472936907,0.0021238903039296755,0.030836886456884715,0.07024577651513787
1700000004390000000,14390000000,879,878,878,0,0,,,,0,rest,hold,200.0,dev-0123456789abcdef0123456789abcdef,synthetic-3-rest,29,protocol,synthetic-demo-contract-v1,True,-0.1510997840965848,-0.11544635100093963,-0.0878627407358446,-0.05656631873082421,-0.03322250793925982,-0.0002615557518329814,0.028914616310573404,0.06902223106599342
1700000004395000000,14395000000,880,879,879,0,0,,,,0,rest,hold,200.0,dev-0123456789abcdef0123456789abcdef,synthetic-3-rest,29,protocol,synthetic-demo-contract-v1,True,-0.15031277762760187,-0.11731954200219863,-0.0895984206296013,-0.05624115317252134,-0.03412807320491164,-0.0014439223017726783,0.028225288063994415,0.0690039854618107
1700000004400000000,14400000000,881,880,880,0,0,,,,0,rest,hold,200.0,dev-0123456789abcdef0123456789abcdef,synthetic-3-rest,29,protocol,synthetic-demo-contract-v1,True,-0.14848272536417353,-0.11815543985319246,-0.09022485251041824,-0.05480844531682669,-0.03382602251930783,-0.0014158307655408302,0.02877286579793318,0.07019161200874219
1700000004405000000,14405000000,882,881,881,0,0,,,,0,rest,hold,200.0,dev-0123456789abcdef0123456789abcdef,synthetic-3-rest,29,protocol,synthetic-demo-contract-v1,True,-0.14564334716143137,-0.11793931675878315,-0.08973397007682477,-0.05228317600085089,-0.0323202998291026,-0.00017955614282337377,0.030551509157970443,0.07257600992459574
1700000004410000000,14410000000,883,882,882,0,0,,,,0,rest,hold,200.0,dev-0123456789abcdef0123456789abcdef,synthetic-3-rest,29,protocol,synthetic-demo-contract-v1,True,-0.141836335364956,-0.116664939561817,-0.08812687452268274,-0.048689086744243396,-0.029624527566350048,0.002252997343661002,0.033545622136415085,0.07613847074753788
1700000004415000000,14415000000,884,883,883,0,0,,,,0,rest,hold,200.0,dev-0123456789abcdef0123456789abcdef,synthetic-3-rest,29,protocol,synthetic-demo-contract-v1,True,-0.13711065958287488,-0.11433476234930841,-0.085413874552784,-0.04405846511680165,-0.02576189280107314,0.005860399268072698,0.03772998130254668,0.08085082279615934
1700000004420000000,14420000000,885,884,884,0,0,,,,0,rest,hold,200.0,dev-0123456789abcdef0123456789abcdef,synthetic-3-rest,29,protocol,synthetic-demo-contract-v1,True,-0.1315218212944427,-0.11096004457746221,-0.08161444767212152,-0.0384318600512844,-0.020764954699994814,0.010611873808779636,0.043069942432255016,0.08667565354478439
1700000004425000000,14425000000,886,885,885,0,0,,,,0,rest,hold,200.0,dev-0123456789abcdef0123456789abcdef,synthetic-3-rest,29,protocol,synthetic-demo-contract-v1,True,-0.12513107137945026,-0.10656089156631605,-0.07675712248480036,-0.031857729623728286,-0.01467537488277753,0.016467556829550527,0.04952172384574866,0.09356660813436345
1700000004430000000,14430000000,887,886,886,0,0,,,,0,rest,hold,200.0,dev-0123456789abcdef0123456789abcdef,synthetic-3-rest,29,protocol,synthetic-demo-contract-v1,True,-0.11800460362063878,-0.10116621493653546,-0.07087928243439687,-0.024392024376911965,-0.007543572903527628,0.023378827095674824,0.057032764133495534,0.10146876161018638
1700000004435000000,14435000000,888,887,887,0,0,,,,0,rest,hold,200.0,dev-0123456789abcdef0123456789abcdef,synthetic-3-rest,29,protocol,synthetic-demo-contract-v1,True,-0.11021273695712375,-0.09481361133540649,-0.06402689211655889,-0.01609770978895147,0.0005716902966229429,0.03128870887841129,0.06554215134104442,0.11031906186810508
1700000004440000000,14440000000,889,888,888,0,0,,,,0,rest,hold,200.0,dev-0123456789abcdef0123456789abcdef,synthetic-3-rest,29,protocol,synthetic-demo-contract-v1,True,-0.10182909876247304,-0.08754915861810189,-0.056254147990311254,-0.0070442319839578394,0.009603797525528469,0.04013234261629772,0.07498112009793702,0.12004683970608489
1700000004445000000,14445000000,890,889,889,0,0,,,,0,rest,hold,200.0,dev-0123456789abcdef0123456789abcdef,synthetic-3-rest,29,protocol,synthetic-demo-contract-v1,True,-0.09292982070292034,-0.07942712950487697,-0.04762305600047678,0.002693068758707569,0.019478825058182287,0.04983751974452585,0.08527361261931206,0.13057438182248982
1700000004450000000,14450000000,891,890,890,0,0,,,,0,rest,hold,200.0,dev-0123456789abcdef0123456789abcdef,synthetic-3-rest,29,protocol,synthetic-demo-contract-v1,True,-0.08359275781957169,-0.07050962361518706,-0.03820293929340347,0.013033591719523487,0.030116152397541188,0.06032527727840141,0.09633689898563984,0.14181756208118335
1700000004455000000,14455000000,892,891,891,0,0,,,,0,rest,hold,200.0,dev-0123456789abcdef0123456789abcdef,synthetic-3-rest,29,protocol,synthetic-demo-contract-v1,True,-0.07389674039741848,-0.06086611967548919,-0.02806987985549008,0.023892151323077968,0.04142912704298003,0.07151054724812135,0.10808225162053217,0.15368652588054094
1700000004460000000,14460000000,893,892,892,0,0,,,,0,rest,hold,200.0,dev-0123456789abcdef0123456789abcdef,synthetic-3-rest,29,protocol,synthetic-demo-contract-v1,True,-0.06392086696042681,-0.05057295059771716,-0.017306098522508057,0.035179688903755224,0.05332577877743257,0.08330285563383523,0.12041566844287713,0.1660864220229606
1700000004465000000,14465000000,894,893,893,0,0,,,,0,rest,hold,200.0,dev-0123456789abcdef0123456789abcdef,synthetic-3-rest,29,protocol,synthetic-demo-contract-v1,True,-0.05374384539560993,-0.03971270501907473,-0.0059992783915830804,0.04680401468046096,0.06570957757559495,0.09560706504570364,0.1332386387710909,0.1789181760868735
1700000004470000000,14470000000,895,894,894,0,0,,,,0,rest,hold,200.0,dev-0123456789abcdef0123456789abcdef,synthetic-3-rest,29,protocol,synthetic-demo-contract-v1,True,-0.04344338779098152,-0.028373559769317772,0.0057581627889887466,0.058670573733739094,0.07848022887567715,0.10832415503691502,0.14644894570753134,0.19207929895805864
1700000004475000000,14475000000,896,895,895,0,0,,,,0,rest,hold,200.0,dev-0123456789abcdef0123456789abcdef,synthetic-3-rest,29,protocol,synthetic-demo-contract-v1,True,-0.033095663105221086,-0.016648548577767982,0.017869845179490668,0.07068322959640336,0.09153449964894807,0.12135203363118545,0.15994149843283056,0.20546472388401835
1700000004480000000,14480000000,897,896,896,0,0,,,,0,rest,hold,200.0,dev-0123456789abcdef0123456789abcdef,synthetic-3-rest,29,protocol,synthetic-demo-contract-v1,True,-0.02277481030373779,-0.004634773137642316,0.03023623783899377,0.08274505893995285,0.10476706844725826,0.13458637339262566,0.17360918759551566,0.21896766517668068
1700000004485000000,14485000000,898,897,897,0,0,,,,0,rest,hold,200.0,dev-0123456789abcdef0123456789abcdef,synthetic-3-rest,29,protocol,synthetic-demo-contract-v1,True,-0.01255251312919417,0.007567436601247798,0.04275550123608783,0.09475915076459392,0.11807139241109382,0.14792146516723817,0.18734375679394796,0.23248049150691133
1700000004490000000,14490000000,899,898,898,0,0,,,,0,rest,hold,200.0,dev-0123456789abcdef0123456789abcdef,synthetic-3-rest,29,protocol,synthetic-demo-contract-v1,True,-0.002497636256466095,0.01985540534911317,0.05532435403895604,0.10662940348088021,0.1313405840808969,0.16125108248307501,0.20103668301662678,0.2458956066104997
1700000004495000000,14495000000,900,899,899,0,0,,,,0,rest,hold,200.0,dev-0123456789abcdef0123456789abcdef,synthetic-3-rest,29,protocol,synthetic-demo-contract-v1,True,0.007324078757507537,0.032125030420930796,0.06783895667580532,0.11826131330602092,0.14446829077378912,0.17446934951163287,0.21458005883458128,0.25910633016073487
1700000004500000000,14500000000,901,900,900,0,0,,,,0,rest,hold,200.0,dev-0123456789abcdef0123456789abcdef,synthetic-3-rest,29,protocol,synthetic-demo-contract-v1,True,0.016850260551337183,0.04427172599069269,0.08019580395516966,0.12956274748718397,0.1573495692669476,0.1874716054669063,0.22786746912634603,0.27200777155777656
1700000004505000000,14505000000,902,901,901,0,0,,,,0,rest,hold,200.0,dev-0123456789abcdef0123456789abcdef,synthetic-3-rest,29,protocol,synthetic-demo-contract-v1,True,0.026022101987539698,0.05619138448894051,0.09229261890296517,0.1404446960068023,0.16988174856797467,0.20015525835093767,0.24079485516207136,0.2844976894399148
1700000004510000000,14510000000,903,902,902,0,0,,,,0,rest,hold,200.0,dev-0123456789abcdef0123456789abcdef,synthetic-3-rest,29,protocol,synthetic-demo-contract-v1,True,0.03478450600196298,0.06778134562682014,0.10402923991110478,0.1508219956195525,0.1819652736512544,0.2124206210453181,0.25326135897817986,0.29647732983596903
1700000004515000000,14515000000,904,903,903,0,0,,,,0,rest,hold,200.0,dev-0123456789abcdef0123456789abcdef,synthetic-3-rest,29,protocol,synthetic-demo-contract-v1,True,0.04308618891973522,0.07894136328270565,0.11530849330230573,0.1606140203156907,0.1935045231968616,0.22417172289631812,0.26517014113696,0.3078522360507532
1700000004520000000,14520000000,905,904,904,0,0,,,,0,rest,hold,200.0,dev-0123456789abcdef0123456789abcdef,synthetic-3-rest,29,protocol,synthetic-demo-contract-v1,True,0.050879747472090675,0.0895745603483147,0.12603704349768727,0.16974533259838637,0.20440859458352253,0.23531709014566368,0.27642916518497185,0.3185330236050712
1700000004525000000,14525000000,906,905,905,0,0,,,,0,rest,hold,200.0,dev-0123456789abcdef0123456789abcdef,synthetic-3-rest,29,protocol,synthetic-demo-contract-v1,True,0.05812169614162997,0.09958836160399066,0.1361262131278895,0.17814629030125304,0.21459204965790102,0.2457704888179705,0.2869519423985883,0.32843611383648064
1700000004530000000,14530000000,907,906,906,0,0,,,,0,rest,hold,200.0,dev-0123456789abcdef0123456789abcdef,synthetic-3-rest,29,protocol,synthetic-demo-contract-v1,True,0.06477248165578964,0.10889539477952805,0.1454927656537256,0.1857536040533356,0.2239756151267065,0.2554516239872169,0.2966582307319758,0.33748442010458723
1700000004535000000,14535000000,908,907,907,0,0,,,,0,rest,hold,200.0,dev-0123456789abcdef0123456789abcdef,synthetic-3-rest,29,protocol,synthetic-demo-contract-v1,True,0.07079648143903883,0.1174143501583494,0.15405964335723257,0.1925108409191315,0.2324868317931297,0.26428678970579733,0.3054746822596687,0.3456079809321602
1700000004540000000,14540000000,909,908,908,0,0,,,,0,rest,hold,200.0,dev-0123456789abcdef0123456789abcdef,synthetic-3-rest,29,protocol,synthetic-demo-contract-v1,True,0.07616199262780413,0.12507078939839866,0.16175665392628225,0.19836887019728042,0.2400606472819214,0.27220946428778,0.31333543382960627,0.35274453484781865
1700000004545000000,14545000000,910,909,909,0,0,,,,0,rest,hold,200.0,dev-0123456789abcdef0123456789abcdef,synthetic-3-rest,29,protocol,synthetic-demo-contract-v1,True,0.0808412178567879,0.13179789467044548,0.16852109928254733,0.20328624784931612,0.24663994736435693,0.27916084608944186,0.320182636109414,0.3588400321736731
1700000004550000000,14550000000,911,910,910,0,0,,,,0,rest,hold,200.0,dev-0123456789abcdef0123456789abcdef,synthetic-3-rest,29,protocol,synthetic-demo-contract-v1,True,0.08481025345428846,0.13753714975011633,0.17429834079023696,0.20722953654537937,0.25217602150170976,0.28509032542142015,0.3259669167151584,0.36384907951838447
1700000004555000000,14555000000,912,911,911,0,0,,,,0,rest,hold,200.0,dev-0123456789abcdef0123456789abcdef,synthetic-3-rest,29,protocol,synthetic-demo-contract-v1,True,0.08804908495411472,0.1422389453386859,0.17904229552733275,0.21017355885257716,0.2566289587693715,0.28995588875372824,0.33064777365350934,0.36773531328824455
1700000004560000000,14560000000,913,912,912,0,0,,,,0,rest,hold,200.0,dev-0123456789abcdef0123456789abcdef,synthetic-3-rest,29,protocol,synthetic-demo-contract-v1,True,0.09054159396328887,0.145863101623053,0.1827158588974073,0.21210158164929152,0.259967970898976,0.2937244519331475,0.3341938958807847,0.3704716991116064
1700000004565000000,14565000000,914,913,913,0,0,,,,0,rest,hold,200.0,dev-0123456789abcdef0123456789abcdef,synthetic-3-rest,29,protocol,synthetic-demo-contract-v1,True,0.09227557944154019,0.14837930190958393,0.18529124950320425,0.21300543042048253,0.26217163977802244,0.29637211971748945,0.33658340838100737,0.3720407546804729
1700000004570000000,14570000000,915,914,914,0,0,,,,0,rest,hold,200.0,dev-0123456789abcdef0123456789abcdef,synthetic-3-rest,29,protocol,synthetic-demo-contract-v1,True,0.09324279537691058,0.14976743207067578,0.1867502728873113,0.21288553267020383,0.2632280873706305,0.297884369538145,0.3378040397849919,0.3724346941423322
1700000004575000000,14575000000,916,915,915,0,0,,,,0,rest,hold,200.0,dev-0123456789abcdef0123456789abcdef,synthetic-3-rest,29,protocol,synthetic-demo-contract-v1,True,0.09343900570980573,0.15001782151678927,0.18708450146422673,0.21175089027325458,0.2631350666639623,0.2982561580261417,0.3378532111884165,0.371655492820152
1700000004580000000,14580000000,917,916,916,0,0,,,,0,rest,hold,200.0,dev-0123456789abcdef0123456789abcdef,synthetic-3-rest,29,protocol,synthetic-demo-contract-v1,True,0.09286405619526897,0.14913138243929927,0.18629536871543903,0.20961898117336028,0.2618999728972993,0.2974919494725373,0.3367380454736946,0.36971487169357437
1700000004585000000,14585000000,918,917,917,0,0,,,,0,rest,hold,200.0,dev-0123456789abcdef0123456789abcdef,synthetic-3-rest,29,protocol,synthetic-demo-contract-v1,True,0.09152196173045898,0.14711964514881376,0.1843941764879103,0.20651559141565307,0.25953977498932596,0.29560566603611743,0.33447529709284424,0.36663420173436045
1700000004590000000,14590000000,919,918,918,0,0,,,,0,rest,hold,200.0,dev-0123456789abcdef0123456789abcdef,synthetic-3-rest,29,protocol,synthetic-demo-contract-v1,True,0.08942100654175927,0.14400468844699985,0.18140201501950665,0.2024745790717555,0.2560808677384289,0.29262056015476795,0.33109120292114397,0.36244432884857825
1700000004595000000,14595000000,920,919,919,0,0,,,,0,rest,hold,200.0,dev-0123456789abcdef0123456789abcdef,synthetic-3-rest,29,protocol,synthetic-demo-contract-v1,True,0.08657385355343981,0.1398189651042393,0.1773495961051615,0.19753757217179463,0.25155884602531764,0.28856901025626547,0.3266212554387777,0.3571853208314906
1700000004600000000,14600000000,921,920,920,0,0,,,,0,rest,hold,200.0,dev-0123456789abcdef0123456789abcdef,synthetic-3-rest,29,protocol,synthetic-demo-contract-v1,True,0.08299765827590067,0.1346050236570906,0.1722770006075266,0.19175360329467722,0.24601820289160925,0.2834922414943078,0.321109900134599,0.3509061383831924
1700000004605000000,14605000000,922,921,921,0,0,,,,0,rest,hold,200.0,dev-0123456789abcdef0123456789abcdef,synthetic-3-rest,29,protocol,synthetic-demo-contract-v1,True,0.07871418168286504,0.1284151288748268,0.16623334229813067,0.18517868398156043,0.239511953996875,0.2774399738512215,0.3146101596473473,0.3436642328584718
1700000004610000000,14610000000,923,922,922,0,0,,,,0,rest,hold,200.0,dev-0123456789abcdef0123456789abcdef,synthetic-3-rest,29,protocol,synthetic-demo-contract-v1,True,0.0737498958175772,0.12131078435952461,0.15927635078224864,0.17787532262353942,0.23210119156481812,0.2704700005448687,0.3071831877600281,0.33552507402798026
1700000004615000000,14615000000,924,923,923,0,0,,,,0,rest,hold,200.0,dev-0123456789abcdef0123456789abcdef,synthetic-3-rest,29,protocol,synthetic-demo-contract-v1,True,0.06813607529915153,0.11336216182574199,0.1514718770055069,0.16991198992920906,0.2238545715117217,0.26264770024893025,0.2988977569377883,0.32656161170459586
1700000004620000000,14620000000,925,924,924,0,0,,,,0,rest,hold,200.0,dev-0123456789abcdef0123456789abcdef,synthetic-3-rest,29,protocol,synthetic-demo-contract-v1,True,0.06190886750924058,0.10464744264057475,0.14289332555564654,0.1613625364973579,0.21484773800229093,0.2540454871783098,0.289829683643788,0.31685367563415184
1700000004625000000,14625000000,926,925,925,0,0,,,,0,rest,hold,200.0,dev-0123456789abcdef0123456789abcdef,synthetic-3-rest,29,protocol,synthetic-demo-contract-v1,True,0.05510933403966466,0.09525207818008549,0.1336210186519173,0.15230556740120274,0.20516269019486688,0.2447422036003474,0.28006119617675235,0.30648731855886324
1700000004630000000,14630000000,927,926,926,0,0,,,,0,rest,hold,200.0,dev-0123456789abcdef0123456789abcdef,synthetic-3-rest,29,protocol,synthetic-demo-contract-v1,True,0.04778345598296164,0.08526797646190648,0.12374149735087062,0.14282377903038435,0.19488709641558197,0.23482245980379934,0.2696802502440192,0.29555410783078073
1700000004635000000,14635000000,928,927,927,0,0,,,,0,rest,hold,200.0,dev-0123456789abcdef0123456789abcdef,synthetic-3-rest,29,protocol,synthetic-demo-contract-v1,True,0.03998209585467845,0.0747926233350107,0.11334676608460657,0.13300326373265964,0.1841135614352775,0.22437592698716058,0.2587797979110136,0.2841503713774102
1700000004640000000,14640000000,929,928,928,0,0,,,,0,rest,hold,200.0,dev-0123456789abcdef0123456789abcdef,synthetic-3-rest,29,protocol,synthetic-demo-contract-v1,True,0.03176090934885173,0.06392814723619199,0.10253348718015932,0.12293278804660832,0.172938852910396,0.2134965889124061,0.2474570159487295,0.2723764041988277
1700000004645000000,14645000000,930,929,929,0,0,,,,0,rest,hold,200.0,dev-0123456789abcdef0123456789abcdef,synthetic-3-rest,29,protocol,synthetic-demo-contract-v1,True,0.023180200742024627,0.0527803371497715,0.09140213248153047,0.11270305051787506,0.161463093386434,0.20228195850651534,0.2358124999319143,0.2603356419021129
1700000004650000000,14650000000,931,930,930,0,0,,,,0,rest,hold,200.0,dev-0123456789abcdef0123456789abcdef,synthetic-3-rest,29,protocol,synthetic-demo-contract-v1,True,0.014304716567066701,0.04145762392463856,0.08005609960410975,0.10240592524285083,0.14978892454694848,0.19083226587831198,0.22394943071936357,0.2481338080518629
1700000004655000000,14655000000,932,931,931,0,0,,,,0,rest,hold,200.0,dev-0123456789abcdef0123456789abcdef,synthetic-3-rest,29,protocol,synthetic-demo-contract-v1,True,0.005203373162589392,0.030070035504818134,0.06860080069103605,0.0921336973844017,0.13802065062044885,0.17924962445010728,0.21197272017199922,0.23587804233292042
1700000004660000000,14660000000,933,932,932,0,0,,,,0,rest,hold,200.0,dev-0123456789abcdef0123456789abcdef,synthetic-3-rest,29,protocol,synthetic-demo-contract-v1,True,-0.004051085151088993,0.018728136911263626,0.05714273180885032,0.08197829695340265,0.12626336802963548,0.167637182080268,0.19998814313216917,0.22367601668120565
1700000004665000000,14665000000,934,933,933,0,0,,,,0,rest,hold,200.0,dev-0123456789abcdef0123456789abcdef,synthetic-3-rest,29,protocol,synthetic-demo-contract-v1,True,-0.01338249923423053,0.007541965970286875,0.04578853131299506,0.07203053714734631,0.11462208848111856,0.15609826417286138,0.1881014627976543,0.2116350466395322
1700000004670000000,14670000000,935,934,934,0,0,,,,0,rest,hold,200.0,dev-0123456789abcdef0123456789abcdef,synthetic-3-rest,29,protocol,synthetic-demo-contract-v1,True,-0.022711780194851584,-0.0033800241839246825,0.034644035630247795,0.0623793634832711,0.10320086274792353,0.14473551583290578,0.17641755667523606,0.1998612052365653
1700000004675000000,14675000000,936,935,935,0,0,,,,0,rest,hold,200.0,dev-0123456789abcdef0123456789abcdef,synthetic-3-rest,29,protocol,synthetic-demo-contract-v1,True,-0.03195746544328133,-0.013932004899020682,0.02381334094383323,0.05311111985738601,0.09210191239141755,0.1336500501300877,0.16503955029103343,0.18845844666839884
1700000004680000000,14680000000,937,936,936,0,0,,,,0,rest,hold,200.0,dev-0123456789abcdef0123456789abcdef,synthetic-3-rest,29,protocol,synthetic-demo-contract-v1,True,-0.041036343277031824,-0.024011783371100083,0.013397879227073708,0.044308837508941795,0.08142477660365233,0.12294060947991002,0.15406796576810028,0.17752774698355953
1700000004685000000,14685000000,938,937,937,0,0,,,,0,rest,hold,200.0,dev-0123456789abcdef0123456789abcdef,synthetic-3-rest,29,protocol,synthetic-demo-contract-v1,True,-0.04986414197584026,-0.03352177521269953,0.0034955169534229722,0.03605155266273757,0.07126548122629082,0.11270274703981696,0.1435998922567576,0.16716626883446428
1700000004690000000,14690000000,939,938,938,0,0,,,,0,rest,hold,200.0,dev-0123456789abcdef0123456789abcdef,synthetic-3-rest,29,protocol,synthetic-demo-contract-v1,True,-0.05835627783359587,-0.04236992830364374,-0.005800315384627961,0.028413658374786138,0.061715736819073296,0.10302803484962497,0.13372818502066672,0.15746655716236724
1700000004695000000,14695000000,940,939,939,0,0,,,,0,rest,hold,200.0,dev-0123456789abcdef0123456789abcdef,synthetic-3-rest,29,protocol,synthetic-demo-contract-v1,True,-0.06642865504414003,-0.05047058857443944,-0.014401455086172927,0.021464295811393762,0.05286217241082532,0.09400330522209784,0.1245406997433566,0.14851577243035474
1700000004700000000,14700000000,941,940,940,0,0,,,,0,rest,hold,200.0,dev-0123456789abcdef0123456789abcdef,synthetic-3-rest,29,protocol,synthetic-demo-contract-v1,True,-0.07399850892493955,-0.05774529904399328,-0.022225792864409972,0.015266789855784163,0.04478561127129992,0.08570993161261413,0.11611956832779081,0.14039496771206839
1700000004705000000,14705000000,942,941,941,0,0,,,,0,rest,hold,200.0,dev-0123456789abcdef0123456789abcdef,synthetic-3-rest,29,protocol,synthetic-demo-contract-v1,True,-0.08098528263878753,-0.06412352420099084,-0.029198005177443025,0.009878133561200528,0.03756039469498862,0.07822315486877174,0.10854052211789389,0.13317841558494056
1700000004710000000,14710000000,943,942,942,0,0,,,,0,rest,hold,200.0,dev-0123456789abcdef0123456789abcdef,synthetic-3-rest,29,protocol,synthetic-demo-contract-v1,True,-0.08731152638942768,-0.06954329267139486,-0.03525022664382203,0.005348525558497878,0.03125375939150172,0.07161146038436272,0.10187226807879082,0.1269329903689676
1700000004715000000,14715000000,944,943,943,0,0,,,,0,rest,hold,200.0,dev-0123456789abcdef0123456789abcdef,synthetic-3-rest,29,protocol,synthetic-demo-contract-v1,True,-0.0929038070507718,-0.07395175204265587,-0.0403226564611177,0.0017209640828985966,0.025925273634274985,0.0659360112603647,0.09617592303489421,0.12171761079856562
1700000004720000000,14720000000,945,944,944,0,0,,,,0,rest,hold,200.0,dev-0123456789abcdef0123456789abcdef,synthetic-3-rest,29,protocol,synthetic-demo-contract-v1,True,-0.09769361536639135,-0.07730563070662962,-0.04436409334426835,-0.0009690991873402876,0.021626336834006776,0.061250142112062936,0.09150451058564726,0.11758274771972069
1700000004725000000,14725000000,946,945,945,0,0,,,,0,rest,hold,200.0,dev-0123456789abcdef0123456789abcdef,synthetic-3-rest,29,protocol,synthetic-demo-contract-v1,True,-0.10161825724805973,-0.07957160262559292,-0.047332394149929576,-0.002694042784229765,0.018399746679309187,0.05759891765989619,0.08790252480159706,0.11457000087146146
1700000004730000000,14730000000,947,946,946,0,0,,,,0,rest,hold,200.0,dev-0123456789abcdef0123456789abcdef,synthetic-3-rest,29,protocol,synthetic-demo-contract-v1,True,-0.10462171532711849,-0.08072655200621694,-0.049194852047487594,-0.0034342944163638168,0.016279337428930087,0.05501875970630302,0.08540556425282134,0.11271174824407039
1700000004735000000,14735000000,948,947,947,0,0,,,,0,rest,hold,200.0,dev-0123456789abcdef0123456789abcdef,synthetic-3-rest,29,protocol,synthetic-demo-contract-v1,True,-0.1066554667837647,-0.08075773597166555,-0.04992849083027126,-0.003178483602771864,0.015289692352130695,0.05353714553610664,0.0840400393420742,0.11203087091101444
1700000004740000000,14740000000,949,948,948,0,0,,,,0,rest,hold,200.0,dev-0123456789abcdef0123456789abcdef,synthetic-3-rest,29,protocol,synthetic-demo-contract-v1,True,-0.10767924360565603,-0.07966284443859979,-0.049520272724866234,-0.0019235268741466778,0.015445932701315907,0.05317238018854059,0.08382295531118696,0.11254055561229484
1700000004745000000,14745000000,950,949,949,0,0,,,,0,rest,hold,200.0,dev-0123456789abcdef0123456789abcdef,synthetic-3-rest,29,protocol,synthetic-demo-contract-v1,True,-0.10766172181230721,-0.07744995752035348,-0.04796721784516285,0.0003253550059595881,0.01675358496878984,0.053933444439682926,0.08476177266617319,0.1142441767287967
1700000004750000000,14750000000,951,950,950,0,0,,,,0,rest,hold,200.0,dev-0123456789abcdef0123456789abcdef,synthetic-3-rest,29,protocol,synthetic-demo-contract-v1,True,-0.10658112682421876,-0.07413740187650443,-0.0452764342433785,0.003554687791758775,0.019208527532827722,0.05581991970991649,0.08685434612932136,0.11713525863557528
1700000004755000000,14755000000,952,951,951,0,0,,,,0,rest,hold,200.0,dev-0123456789abcdef0123456789abcdef,synthetic-3-rest,29,protocol,synthetic-demo-contract-v1,True,-0.10442574304913925,-0.06975350849951796,-0.041465058325232694,0.007742861915481666,0.022797017142422153,0.05882199047716528,0.09008894258053841,0.12119751876216661
1700000004760000000,14760000000,953,952,952,0,0,,,,0,rest,hold,200.0,dev-0123456789abcdef0123456789abcdef,synthetic-3-rest,29,protocol,synthetic-demo-contract-v1,True,-0.10119431689079153,-0.0643362754585326,-0.036560106213011166,0.012860316947254754,0.027495795030525398,0.06292052413834241,0.09444433780067638,0.126404991025421
1700000004765000000,14765000000,954,953,953,0,0,,,,0,rest,hold,200.0,dev-0123456789abcdef0123456789abcdef,synthetic-3-rest,29,protocol,synthetic-demo-contract-v1,True,-0.09689634374154774,-0.05793294009687278,-0.030598237450794916,0.018869790707335642,0.03327227178777599,0.06808722762389523,0.09988999118183924,0.13272222864043462
1700000004770000000,14770000000,955,954,954,0,0,,,,0,rest,hold,200.0,dev-0123456789abcdef0123456789abcdef,synthetic-3-rest,29,protocol,synthetic-demo-contract-v1,True,-0.09155223107894582,-0.05059946609241589,-0.02362543324298922,0.025726630861121064,0.04008478947804486,0.07428487943883647,0.10638629692910782,0.14010458466337344
1700000004775000000,14775000000,956,955,955,0,0,,,,0,rest,hold,200.0,dev-0123456789abcdef0123456789abcdef,synthetic-3-rest,29,protocol,synthetic-demo-contract-v1,True,-0.08519333152156068,-0.04239995162843664,-0.015696592193016397,0.03337916632411527,0.04788295883900441,0.08146763518338128,0.11388490964996535,0.14849856798167627
1700000004780000000,14780000000,957,956,956,0,0,,,,0,rest,hold,200.0,dev-0123456789abcdef0123456789abcdef,synthetic-3-rest,29,protocol,synthetic-demo-contract-v1,True,-0.07786184158370309,-0.03340596567794984,-0.006875047256357702,0.04176913532397013,0.05660806879060309,0.08958140400238543,0.12232914161714852,0.15784227184755617
1700000004785000000,14785000000,958,957,957,0,0,,,,0,rest,hold,200.0,dev-0123456789abcdef0123456789abcdef,synthetic-3-rest,29,protocol,synthetic-demo-contract-v1,True,-0.06961056386868968,-0.023695820069041397,0.002767991665920657,0.050832166513564335,0.06619356487691118,0.09856429283013513,0.1316544284026708,0.1680658714549652
1700000004790000000,14790000000,959,958,958,0,0,,,,0,rest,hold,200.0,dev-0123456789abcdef0123456789abcdef,synthetic-3-rest,29,protocol,synthetic-demo-contract-v1,True,-0.06050253252227496,-0.013353785565563506,0.013154064397139276,0.060498309106552406,0.07656559269730066,0.10834711474053906,0.14178885902027688,0.1790921864932219
1700000004795000000,14795000000,960,959,959,0,0,,,,0,rest,hold,200.0,dev-0123456789abcdef0123456789abcdef,synthetic-3-rest,29,protocol,synthetic-demo-contract-v1,True,-0.05061050389473158,-0.0024692606617278826,0.024198150700751476,0.07069260761809922,0.08764360184591556,0.11885395718687376,0.15265376618507065,0.19083730407686442
1700000004800000000,14800000000,961,960,960,0,0,,,,0,rest,hold,200.0,dev-0123456789abcdef0123456789abcdef,synthetic-3-rest,29,protocol,synthetic-demo-contract-v1,True,-0.04001631649403428,0.008864097853393966,0.035809417756463964,0.08133571644177383,0.09934100537843059,0.1300028054243562,0.1641643718069679,0.2032112569555002
1700000004805000000,14805000000,962,961,961,0,0,,,,0,rest,hold,200.0,dev-0123456789abcdef0123456789abcdef,synthetic-3-rest,29,protocol,synthetic-demo-contract-v1,True,-0.028810126415259204,0.020549273257059485,0.047892018102849404,0.09234454918150742,0.111565889366266,0.14170621595695104,0.17623048238294906,0.21611875145349568
1700000004810000000,14810000000,963,962,962,0,0,,,,0,rest,hold,200.0,dev-0123456789abcdef0123456789abcdef,synthetic-3-rest,29,protocol,synthetic-demo-contract-v1,True,-0.0170895264645056,0.032486806736955365,0.06034593080787183,0.103632957387469,0.12422176668445754,0.15387203444060943,0.18875722854547028,0.22945993918097368
1700000004815000000,14815000000,964,963,963,0,0,,,,0,rest,hold,200.0,dev-0123456789abcdef0123456789abcdef,synthetic-3-rest,29,protocol,synthetic-demo-contract-v1,True,-0.00495855912197383,0.0445757252468018,0.07306783825199029,0.1151124331188985,0.13720836881386148,0.1664041521120907,0.20164584266434163,0.24313122619828392
1700000004820000000,14820000000,965,964,964,0,0,,,,0,rest,hold,200.0,dev-0123456789abcdef0123456789abcdef,synthetic-3-rest,29,protocol,synthetic-demo-contract-v1,True,0.0074733647270780286,0.056714469981122,0.08595203060284154,0.12669282957682593,0.15042246912408072,0.17920329449838093,0.2147944680896003,0.25702611300859685
1700000004825000000,14825000000,966,965,965,0,0,,,,0,rest,hold,200.0,dev-0123456789abcdef0123456789abcdef,synthetic-3-rest,29,protocol,synthetic-demo-contract-v1,True,0.020092627756350595,0.06880181626063091,0.09889132982878458,0.13828309391673696,0.16375873084326176,0.19216783589927766,0.22809899336616296,0.2710360585003155
1700000004830000000,14830000000,967,966,966,0,0,,,,0,rest,hold,200.0,dev-0123456789abcdef0123456789abcdef,synthetic-3-rest,29,protocol,synthetic-demo-contract-v1,True,0.03278263391761586,0.08073777590360126,0.1117780249426375,0.1497920062663932,0.17711057271671923,0.20519463292693838,0.24145390454925952,0.2850513607645019
1700000004835000000,14835000000,968,967,967,0,0,,,,0,rest,hold,200.0,dev-0123456789abcdef0123456789abcdef,synthetic-3-rest,29,protocol,synthetic-demo-contract-v1,True,0.0454250858047126,0.09242447353699867,0.12450481008805078,0.16112891893782377,0.19037104520998413,0.2181798702328913,0.2547531486045736,0.29896204757421724
1700000004840000000,14840000000,969,968,968,0,0,,,,0,rest,hold,200.0,dev-0123456789abcdef0123456789abcdef,synthetic-3-rest,29,protocol,synthetic-demo-contract-v1,True,0.05790129463657998,0.10376698876725957,0.1369657170795113,0.17220448983500436,0.2034337100244353,0.23101991145629075,0.2678910007896985,0.31265876923356917
1700000004845000000,14845000000,970,969,969,0,0,,,,0,rest,hold,200.0,dev-0123456789abcdef0123456789abcdef,synthetic-3-rest,29,protocol,synthetic-demo-contract-v1,True,0.07009350519060985,0.11467415667672855,0.1490570340828914,0.1829314041198735,0.21619351566608905,0.24361214838804635,0.2807629288848549,0.3260336864852217
1700000004850000000,14850000000,971,970,970,0,0,,,,0,rest,hold,200.0,dev-0123456789abcdef0123456789abcdef,synthetic-3-rest,29,protocol,synthetic-demo-contract-v1,True,0.0818862176601381,0.12505931972908474,0.16067820227546564,0.193225078308206,0.22854766184032685,0.2558558413638726,0.29326644717073574,0.33898134620600057
1700000004855000000,14855000000,972,971,971,0,0,,,,0,rest,hold,200.0,dev-0123456789abcdef0123456789abcdef,synthetic-3-rest,29,protocol,synthetic-demo-contract-v1,True,0.09316748834580789,0.1348410248464543,0.17173268255097243,0.2030043411226954,0.24039644553735717,0.2676529439753906,0.30530195313985203,0.3513995377209767
1700000004860000000,14860000000,973,972,972,0,0,,,,0,rest,hold,200.0,dev-0123456789abcdef0123456789abcdef,synthetic-3-rest,29,protocol,synthetic-demo-contract-v1,True,0.10383019132202287,0.14394366015221718,0.18212878463398416,0.21219208563184802,0.25164408182409276,0.27890890532133367,0.3167735400739216,0.3631901227260123
1700000004865000000,14865000000,974,973,973,0,0,,,,0,rest,hold,200.0,dev-0123456789abcdef0123456789abcdef,synthetic-3-rest,29,protocol,synthetic-demo-contract-v1,True,0.11377322374369944,0.1522980266464052,0.19178045133551716,0.22071588744821358,0.26219949256666214,0.2895334432095828,0.327589778822463,0.3742598320259224
1700000004870000000,14870000000,975,974,974,0,0,,,,0,rest,hold,200.0,dev-0123456789abcdef0123456789abcdef,synthetic-3-rest,29,protocol,synthetic-demo-contract-v1,True,0.1229026382667119,0.15984184088448583,0.20060799111479266,0.22850858404607904,0.2719770565723626,0.2994412819636867,0.3376644623752545,0.38452102256846693
1700000004875000000,14875000000,976,975,975,0,0,,,,0,rest,hold,200.0,dev-0123456789abcdef0123456789abcdef,synthetic-3-rest,29,protocol,synthetic-demo-contract-v1,True,0.13113268713392845,0.16652016555424304,0.20853875260583843,0.23550881058442052,0.28089731495809656,0.30855284878250905,0.3469173071313388,0.39389238858087755
1700000004880000000,14880000000,977,976,976,0,0,,,,0,rest,hold,200.0,dev-0123456789abcdef0123456789abcdef,synthetic-3-rest,29,protocol,synthetic-demo-contract-v1,True,0.13838676380914164,0.17228576567881876,0.215507735317466,0.24166148798307238,0.2888876259218127,0.3167949229464121,0.35527460512742576,0.40229962099306865
1700000004885000000,14885000000,978,977,977,0,0,,,,0,rest,hold,200.0,dev-0123456789abcdef0123456789abcdef,synthetic-3-rest,29,protocol,synthetic-demo-contract-v1,True,0.1445982296001397,0.1770993890060422,0.22145813131553724,0.24691825939561607,0.295882763510995,0.32410123255494266,0.3626698218957457,0.4096760097568269
1700000004890000000,14890000000,979,978,978,0,0,,,,0,rest,hold,200.0,dev-0123456789abcdef0123456789abcdef,synthetic-3-rest,29,protocol,synthetic-demo-contract-v1,True,0.149711114472298,0.18092996996473032,0.22634179334153973,0.2512378716481599,0.301825455444428,0.3304129939161464,0.36904413507230804,0.4159629841396839
1700000004895000000,14895000000,980,979,979,0,0,,,,0,rest,hold,200.0,dev-0123456789abcdef0123456789abcdef,synthetic-3-rest,29,protocol,synthetic-demo-contract-v1,True,0.1536806831843065,0.18375475736783772,0.23011962550501883,0.25458649866543737,0.3066668555464539,0.3356793891827407,0.3743469093673648,0.42111058658193934
1700000004900000000,14900000000,981,980,980,0,0,,,,0,rest,hold,200.0,dev-0123456789abcdef0123456789abcdef,synthetic-3-rest,29,protocol,synthetic-demo-contract-v1,True,0.1564738599439478,0.1855593668110116,0.2327618934028593,0.2569380043808563,0.3103669468926541,0.3398579783415689,0.37853610403664956,0.4250778762512939
1700000004905000000,14905000000,982,981,981,0,0,,,,0,rest,hold,200.0,dev-0123456789abcdef0123456789abcdef,synthetic-3-rest,29,protocol,synthetic-demo-contract-v1,True,0.15806950694759736,0.18633775944463907,0.23424845125880608,0.2582741431212631,0.3128948723377488,0.3429150422056945,0.38157860955021566,0.4278332590071639
1700000004910000000,14910000000,983,982,982,0,0,,,,0,rest,hold,200.0,dev-0123456789abcdef0123456789abcdef,synthetic-3-rest,29,protocol,synthetic-demo-contract-v1,True,0.1584585543942191,0.1860921494802626,0.23456888443503227,0.2585846959663645,0.31422918969592484,0.3448258536287942,0.38345051074090447,0.4293547410913397
1700000004915000000,14915000000,984,983,983,0,0,,,,0,rest,hold,200.0,dev-0123456789abcdef0123456789abcdef,synthetic-3-rest,29,protocol,synthetic-demo-contract-v1,True,0.15764398181382316,0.18483284342139628,0.2337225664367604,0.25786754210272383,0.3143580494657307,0.3455748747543772,0.3841372743217443,0.4296301044881593
1700000004920000000,14920000000,985,984,984,0,0,,,,0,rest,hold,200.0,dev-0123456789abcdef0123456789abcdef,synthetic-3-rest,29,protocol,synthetic-demo-contract-v1,True,0.15564065278225145,0.1825780145785066,0.2317186303037274,0.2561286647188765,0.31327929363102724,0.3451558787229434,0.38363385928590354,0.42865700254067995
1700000004925000000,14925000000,986,985,985,0,0,,,,0,rest,hold,200.0,dev-0123456789abcdef0123456789abcdef,synthetic-3-rest,29,protocol,synthetic-demo-contract-v1,True,0.15247500726986446,0.17935341693340925,0.2285758550514418,0.2533820915171126,0.31100047472095826,0.3435719948834265,0.3819447493390667,0.4264429750641303
1700000004930000000,14930000000,987,986,986,0,0,,,,0,rest,hold,200.0,dev-0123456789abcdef0123456789abcdef,synthetic-3-rest,29,protocol,synthetic-demo-contract-v1,True,0.14818461795357776,0.17519204285585793,0.22432246858358976,0.24964977044459838,0.3075387949701283,0.34083567718601415,0.3790839071569777,0.4230053828588334
1700000004935000000,14935000000,988,987,987,0,0,,,,0,rest,hold,200.0,dev-0123456789abcdef0123456789abcdef,synthetic-3-rest,29,protocol,synthetic-demo-contract-v1,True,0.14281761877409624,0.17013372954202732,0.2189958692376366,0.24496138176753973,0.3029209660797134,0.33696859606649493,0.3750746509051292,0.41837126218635423
1700000004940000000,14940000000,989,988,988,0,0,,,,0,rest,hold,200.0,dev-0123456789abcdef0123456789abcdef,synthetic-3-rest,29,protocol,synthetic-demo-contract-v1,True,0.1364320158100836,0.16422471933940608,0.21264226884190146,0.23935408812284606,0.2971829907356371,0.33200145476242926,0.3699494540978438,0.4125771004294247
1700000004945000000,14945000000,990,989,989,0,0,,,,0,rest,hold,200.0,dev-0123456789abcdef0123456789abcdef,synthetic-3-rest,29,protocol,synthetic-demo-contract-v1,True,0.12909489213862765,0.15751717934486517,0.20531626084767315,0.2328722246781651,0.2903698676857935,0.3259737316234648,0.3637496705050002,0.40566853480278803
1700000004950000000,14950000000,991,990,990,0,0,,,,0,rest,hold,200.0,dev-0123456789abcdef0123456789abcdef,synthetic-3-rest,29,protocol,synthetic-demo-contract-v1,True,0.12088151973080025,0.15006868581302918,0.19708031774820384,0.22556693200931136,0.2825352228093009,0.3189333505869473,0.35652518643124737,0.39769997661323175
1700000004955000000,14955000000,992,991,991,0,0,,,,0,rest,hold,200.0,dev-0123456789abcdef0123456789abcdef,synthetic-3-rest,29,protocol,synthetic-demo-contract-v1,True,0.11187439257062576,0.14194167899213134,0.1880042226018639,0.21749573476013992,0.2737408692216213,0.310936282580502,0.3483340032895604,0.3887341641774487
1700000004960000000,14960000000,993,992,992,0,0,,,,0,rest,hold,200.0,dev-0123456789abcdef0123456789abcdef,synthetic-3-rest,29,protocol,synthetic-demo-contract-v1,True,0.10216219606848435,0.13320289401700586,0.17816444003421422,0.20872206958033995,0.26405630004517333,0.3020460811807486,0.33924175396362477,0.3788416480910889
1700000004965000000,14965000000,994,993,993,0,0,,,,0,rest,hold,200.0,dev-0123456789abcdef0123456789abcdef,synthetic-3-rest,29,protocol,synthetic-demo-contract-v1,True,0.09183872845374554,0.12392277343716884,0.1676434325983658,0.19931476623794003,0.25355811803082406,0.29233335639697405,0.3293211569969593,0.3681002130965197
1700000004970000000,14970000000,995,994,994,0,0,,,,0,rest,hold,200.0,dev-0123456789abcdef0123456789abcdef,synthetic-3-rest,29,protocol,synthetic-demo-contract-v1,True,0.08100179016947467,0.11417486684643106,0.15652892882058056,0.189347486172453,0.24232940673686065,0.2818751909560563,0.3186514131565067,0.3565942413158935
1700000004975000000,14975000000,996,995,995,0,0,,,,0,rest,hold,200.0,dev-0123456789abcdef0123456789abcdef,synthetic-3-rest,29,protocol,synthetic-demo-contract-v1,True,0.06975205735276449,0.10403522291422519,0.14491314964500215,0.178898123088687,0.23045904845443413,0.2707545039360572,0.30731754939045697,0.3444140220959125
1700000004980000000,14980000000,997,996,996,0,0,,,,0,rest,hold,200.0,dev-0123456789abcdef0123456789abcdef,synthetic-3-rest,29,protocol,synthetic-demo-contract-v1,True,0.0581919552711734,0.09358177890331779,0.1328920003145011,0.16804817048760567,0.21804099450790682,0.25905936702669946,0.29540971563032276,0.3316550141470826
1700000004985000000,14985000000,998,997,997,0,0,,,,0,rest,hold,200.0,dev-0123456789abcdef0123456789abcdef,synthetic-3-rest,29,protocol,synthetic-demo-contract-v1,True,0.04642454710783437,0.08289375250012025,0.12056423498166667,0.15688206128713994,0.2051734939516226,0.24688227908206756,0.28302244027243484,0.31841706604991454
1700000004990000000,14990000000,999,998,998,0,0,,,,0,rest,hold,200.0,dev-0123456789abcdef0123456789abcdef,synthetic-3-rest,29,protocol,synthetic-demo-contract-v1,True,0.03455245275854708,0.07205104048871379,0.10803060153299592,0.14548648490039628,0.19195828702787915,0.23431940497096948,0.27025385051069833,0.3048036015400249
1700000004995000000,14995000000,1000,999,999,0,0,,,,0,rest,hold,200.0,dev-0123456789abcdef0123456789abcdef,synthetic-3-rest,29,protocol,synthetic-demo-contract-v1,True,0.022676811341999926,0.061133628474830476,0.09539297422934645,0.13394968730978926,0.17849977004164266,0.22146978502081036,0.2572048639780454,0.29092077627080687
