host_wall_timestamp_ns,host_monotonic_ns,host_receive_index,sample_index,session_sample_index,generation,connection_generation,device_packet_sequence,device_sample_counter,device_time_ticks,sample_in_packet,action_label,action_phase,sample_rate_hz,device_id,session_id,quality_flags,sample_rate_source_kind,sample_rate_evidence_ref,sample_rate_confirmed,channel_1,channel_2,channel_3,channel_4,channel_5,channel_6,channel_7,channel_8
1700000000000000000,10000000000,1,0,0,0,0,,,,0,open_hand,hold,200.0,dev-0123456789abcdef0123456789abcdef,synthetic-2-open_hand,29,protocol,synthetic-demo-contract-v1,True,0.015353321736559365,0.050737154779973356,0.08612098782338734,0.12150482086680132,0.1568886539102153,0.1922724869536293,0.22765631999704328,0.2630401530404573
1700000000005000000,10005000000,2,1,1,0,0,,,,0,open_hand,hold,200.0,dev-0123456789abcdef0123456789abcdef,synthetic-2-open_hand,29,protocol,synthetic-demo-contract-v1,True,0.24669378196839634,0.28764856362108776,0.3286423941890969,0.3696636536872275,0.41070491037260975,0.451761191916286,0.4928290467544587,0.5339060044712074
1700000000010000000,10010000000,3,2,2,0,0,,,,0,open_hand,hold,200.0,dev-0123456789abcdef0123456789abcdef,synthetic-2-open_hand,29,protocol,synthetic-demo-contract-v1,True,0.47792754536831655,0.524460884360817,0.5710685501240105,0.6177289939185772,0.6644282093641823,0.7111567177799154,0.7579078842088742,0.8046769295932586
1700000000015000000,10015000000,4,3,3,0,0,,,,0,open_hand,hold,200.0,dev-0123456789abcdef0123456789abcdef,synthetic-2-open_hand,29,protocol,synthetic-demo-contract-v1,True,0.7089959474511598,0.7611239599146205,0.8133541873142524,0.8656584481354348,0.9180178408667083,0.9704192971064283,1.0228535275380373,1.0753137642954764
1700000000020000000,10020000000,5,4,4,0,0,,,,0,open_hand,hold,200.0,dev-0123456789abcdef0123456789abcdef,synthetic-2-open_hand,29,protocol,synthetic-demo-contract-v1,True,0.9398418254543962,0.9975885757898701,1.055454721122132,1.113410177992955,1.1714335832315743,1.2295096157038705,1.2876271071514742,1.3457777714231716
1700000000025000000,10025000000,6,5,5,0,0,,,,0,open_hand,hold,200.0,dev-0123456789abcdef0123456789abcdef,synthetic-2-open_hand,29,protocol,synthetic-demo-contract-v1,True,1.1704101653976235,1.233806843815889,1.297326509604849,1.3609430957938182,1.424635864747958,1.4883889553646794,1.5521903208701402,1.6160307671317138
1700000000030000000,10030000000,7,6,6,0,0,,,,0,open_hand,hold,200.0,dev-0123456789abcdef0123456789abcdef,synthetic-2-open_hand,29,protocol,synthetic-demo-contract-v1,True,1.4006487126957934,1.4697325706206674,1.5389271050272397,1.6082170557066007,1.6775859222603449,1.7470193343109088,1.8165055641344081,1.886035245427014
1700000000035000000,10035000000,8,7,7,0,0,,,,0,open_hand,hold,200.0,dev-0123456789abcdef0123456789abcdef,synthetic-2-open_hand,29,protocol,synthetic-demo-contract-v1,True,1.6305085354544577,1.7053216062688983,1.7802154956481653,1.855193039399234,1.9302459560425,2.005363644766046,2.080536057766449,2.1557545004735372
1700000000040000000,10040000000,9,8,8,0,0,,,,0,open_hand,hold,200.0,dev-0123456789abcdef0123456789abcdef,synthetic-2-open_hand,29,protocol,synthetic-demo-contract-v1,True,1.859944530512,1.940532168765232,2.0211523356647247,2.101833334895278,2.182579280156911,2.263385787086109,2.344245972822343,2.42515274625813
1700000000045000000,10045000000,10,9,9,0,0,,,,0,open_hand,hold,200.0,dev-0123456789abcdef0123456789abcdef,synthetic-2-open_hand,29,protocol,synthetic-demo-contract-v1,True,2.088915863428145,2.175325140479431,2.261700161326481,2.3481017075146386,2.4345504675554266,2.521050799898521,2.6076005520804264,2.6941952332070023
1700000000050000000,10050000000,11,10,10,0,0,,,,0,open_hand,hold,200.0,dev-0123456789abcdef0123456789abcdef,synthetic-2-open_hand,29,protocol,synthetic-demo-contract-v1,True,2.3173863349270594,2.4096643329609777,2.5018235913818043,2.5939635618236676,2.6861254892081146,2.7783249857157157,2.870566227725319,2.9628483613637075
1700000000055000000,10055000000,12,11,11,0,0,,,,0,open_hand,hold,200.0,dev-0123456789abcdef0123456789abcdef,synthetic-2-open_hand,29,protocol,synthetic-demo-contract-v1,True,2.545324667760444,2.64351671707332,2.7414895101884826,2.839386093591658,2.937271846583101,3.0351760315114884,3.133110734801805,3.2310797897478047
1700000000060000000,10060000000,13,12,12,0,0,,,,0,open_hand,hold,200.0,dev-0123456789abcdef0123456789abcdef,synthetic-2-open_hand,29,protocol,synthetic-demo-contract-v1,True,2.7727047095316935,2.8768526158852135,2.980667232008883,3.084338430831,3.18795869684,3.2915731237715615,3.3952032200291287,3.4988585415271043
1700000000065000000,10065000000,14,13,13,0,0,,,,0,open_hand,hold,200.0,dev-0123456789abcdef0123456789abcdef,synthetic-2-open_hand,29,protocol,synthetic-demo-contract-v1,True,2.999505548684404,3.109645858300692,3.219328645213931,3.328791763085821,3.43815697014325,3.547487057555622,3.656814345584262,3.766155104650849
1700000000070000000,10070000000,15,14,14,0,0,,,,0,open_hand,hold,200.0,dev-0123456789abcdef0123456789abcdef,synthetic-2-open_hand,29,protocol,synthetic-demo-contract-v1,True,3.2257115425736664,3.341873891981784,3.4574483353376215,3.5727194582282,3.687839478548967,3.8028903391361233,3.9179163874822995,4.032941527606936
1700000000075000000,10075000000,16,15,15,0,0,,,,0,open_hand,hold,200.0,dev-0123456789abcdef0123456789abcdef,synthetic-2-open_hand,29,protocol,synthetic-demo-contract-v1,True,3.451312258271733,3.573517854710222,3.695003686151987,3.8160971661208545,3.9369810159693697,4.057757281809058,4.178483328203093,4.29919150998314
1700000000080000000,10080000000,17,16,16,0,0,,,,0,open_hand,hold,200.0,dev-0123456789abcdef0123456789abcdef,synthetic-2-open_hand,29,protocol,synthetic-demo-contract-v1,True,3.6763023284758667,3.8045626039371454,3.9319749581688863,4.058902908609982,4.185558448772209,4.312064094503877,4.438490943235657,4.564880487530333
1700000000085000000,10085000000,18,17,17,0,0,,,,0,open_hand,hold,200.0,dev-0123456789abcdef0123456789abcdef,synthetic-2-open_hand,29,protocol,synthetic-demo-contract-v1,True,3.900681226550494,4.034996704873747,4.1683453442166,4.30111715542036,4.433550796628405,4.565788962853185,4.697916881235478,4.82998571144472
1700000000090000000,10090000000,19,18,18,0,0,,,,0,open_hand,hold,200.0,dev-0123456789abcdef0123456789abcdef,synthetic-2-open_hand,29,protocol,synthetic-demo-contract-v1,True,4.124452966314656,4.264812378071795,4.404101001983439,4.5427228856362305,4.6809393032790325,4.818912122418021,4.956740737514718,5.094486321606181
1700000000095000000,10095000000,20,19,19,0,0,,,,0,open_hand,hold,200.0,dev-0123456789abcdef0123456789abcdef,synthetic-2-open_hand,29,protocol,synthetic-demo-contract-v1,True,4.347625733647087,4.494005408021746,4.639231063664202,4.783705634564561,4.9277074969523404,5.07141592380079,5.214944120611125,5.358363413530711
1700000000100000000,10100000000,21,20,20,0,0,,,,0,open_hand,hold,200.0,dev-0123456789abcdef0123456789abcdef,synthetic-2-open_hand,29,protocol,synthetic-demo-contract-v1,True,4.570211458295602,4.72257501484901,4.8737276230857125,5.02405352589125,5.173841240222328,5.323284889415533,5.472510711708307,5.62160009881676
1700000000105000000,10105000000,22,21,21,0,0,,,,0,open_hand,hold,200.0,dev-0123456789abcdef0123456789abcdef,synthetic-2-open_hand,29,protocol,synthetic-demo-contract-v1,True,4.792225335418212,4.950523691707154,5.107585700921877,5.263757289154423,5.419328769162043,5.574505761723554,5.7294263167076664,5.884181558887737
1700000000110000000,10110000000,23,22,22,0,0,,,,0,open_hand,hold,200.0,dev-0123456789abcdef0123456789abcdef,synthetic-2-open_hand,29,protocol,synthetic-demo-contract-v1,True,5.0136853073276155,5.177857010942866,5.340803188833993,5.502810262671384,5.664160721706868,5.825067542781609,5.985678910780676,6.146095091856214
1700000000115000000,10115000000,24,23,23,0,0,,,,0,open_hand,hold,200.0,dev-0123456789abcdef0123456789abcdef,synthetic-2-open_hand,29,protocol,synthetic-demo-contract-v1,True,5.234611516639254,5.404583402533658,5.573380773585732,5.741208382165695,5.908330155204997,6.074961524989458,6.2412586752590915,6.407330152359053
1700000000120000000,10120000000,25,24,24,0,0,,,,0,open_hand,hold,200.0,dev-0123456789abcdef0123456789abcdef,synthetic-2-open_hand,29,protocol,synthetic-demo-contract-v1,True,5.455025742521647,5.630713908669629,5.805321842381951,5.9789501554476665,6.151832553193941,6.324181312963535,6.496158026750188,6.667878384237
1700000000125000000,10125000000,26,25,25,0,0,,,,0,open_hand,hold,200.0,dev-0123456789abcdef0123456789abcdef,synthetic-2-open_hand,29,protocol,synthetic-demo-contract-v1,True,0.17495083200606842,0.21876191865898698,0.26163237086379426,0.3035366236039132,0.3446658215025459,0.3852228365034665,0.425371638393811,0.4652336459569592
1700000000130000000,10130000000,27,26,26,0,0,,,,0,open_hand,hold,200.0,dev-0123456789abcdef0123456789abcdef,synthetic-2-open_hand,29,protocol,synthetic-demo-contract-v1,True,0.394410138325995,0.44374288857932764,0.4923207953573021,0.5399713092489229,0.5868302738373581,0.6330843546580472,0.6788964532080841,0.7243920287001555
1700000000135000000,10135000000,28,27,27,0,0,,,,0,open_hand,hold,200.0,dev-0123456789abcdef0123456789abcdef,synthetic-2-open_hand,29,protocol,synthetic-demo-contract-v1,True,0.6134269780250139,0.6681740502689736,0.7223978711173241,0.7757601524827952,0.8283286070698758,0.8802664509367993,0.9317316895006555,0.9828518670646119
1700000000140000000,10140000000,29,28,28,0,0,,,,0,open_hand,hold,200.0,dev-0123456789abcdef0123456789abcdef,synthetic-2-open_hand,29,protocol,synthetic-demo-contract-v1,True,0.8320241181001099,0.8920741143526226,0.9518765184309186,1.0109114352837376,1.0691658664967911,1.126772019752221,1.1838788383524315,1.2406137423557542
1700000000145000000,10145000000,30,29,29,0,0,,,,0,open_hand,hold,200.0,dev-0123456789abcdef0123456789abcdef,synthetic-2-open_hand,29,protocol,synthetic-demo-contract-v1,True,1.0502233037452704,1.115462972021826,1.1807716585435915,1.245435695140728,1.309349401398463,1.3726062442160527,1.4353416532106305,1.4976804784643512
1700000000150000000,10150000000,31,30,30,0,0,,,,0,open_hand,hold,200.0,dev-0123456789abcdef0123456789abcdef,synthetic-2-open_hand,29,protocol,synthetic-demo-contract-v1,True,1.2680448363427816,1.338361400243113,1.4091000414464292,1.4793456288004296,1.5488888112711736,1.6177765654501652,1.6861261316575893,1.7540571303563728
1700000000155000000,10155000000,32,31,31,0,0,,,,0,open_hand,hold,200.0,dev-0123456789abcdef0123456789abcdef,synthetic-2-open_hand,29,protocol,synthetic-demo-contract-v1,True,1.4855072102353877,1.560790774945915,1.63688006761171,1.7126559870622982,1.7877958831559286,1.8622926436088225,1.9362404894509455,2.009750965224576
1700000000160000000,10160000000,33,32,32,0,0,,,,0,open_hand,hold,200.0,dev-0123456789abcdef0123456789abcdef,synthetic-2-open_hand,29,protocol,synthetic-demo-contract-v1,True,1.7026268155246327,1.7827727965509013,1.8641316057884836,1.9453834616064845,2.0260845205303273,2.106166310843898,2.1856951269594878,2.2647714363766362
1700000000165000000,10165000000,34,33,33,0,0,,,,0,open_hand,hold,200.0,dev-0123456789abcdef0123456789abcdef,synthetic-2-open_hand,29,protocol,synthetic-demo-contract-v1,True,1.9194177127057155,2.004329231940087,2.090875808967726,2.1775465648801204,2.263770664270095,2.349411516477962,2.434502588146986,2.5191301499593197
1700000000170000000,10170000000,35,34,34,0,0,,,,0,open_hand,hold,200.0,dev-0123456789abcdef0123456789abcdef,synthetic-2-open_hand,29,protocol,synthetic-demo-contract-v1,True,2.135891483396579,2.2254816766473873,2.317134930599215,2.4091655040986573,2.500872206223015,2.5920442646818564,2.682677512283571,2.7728408246424965
1700000000175000000,10175000000,36,35,35,0,0,,,,0,open_hand,hold,200.0,dev-0123456789abcdef0123456789abcdef,synthetic-2-open_hand,29,protocol,synthetic-demo-contract-v1,True,2.352057159780617,2.44625134066742,2.542932143089683,2.6402620504398957,2.7374088959699976,2.8340825449832496,2.930236578590634,3.0259192444105567
1700000000180000000,10180000000,37,36,36,0,0,,,,0,open_hand,hold,200.0,dev-0123456789abcdef0123456789abcdef,synthetic-2-open_hand,29,protocol,synthetic-demo-contract-v1,True,2.5679212336919877,2.666658860847384,2.7682913605349566,2.8708594045190883,2.973402241375678,3.0755462559606372,3.1771984440506165,3.2783832046320467
1700000000185000000,10185000000,38,37,37,0,0,,,,0,open_hand,hold,200.0,dev-0123456789abcdef0123456789abcdef,synthetic-2-open_hand,29,protocol,synthetic-demo-contract-v1,True,2.7834877445647606,2.8867241423488244,2.9932370675386837,3.100982059234052,3.2088754035541727,3.3164571225031114,3.4235836746374466,3.5302524516008797
1700000000190000000,10190000000,39,38,38,0,0,,,,0,open_hand,hold,200.0,dev-0123456789abcdef0123456789abcdef,synthetic-2-open_hand,29,protocol,synthetic-demo-contract-v1,True,2.9987584437770405,3.1064662311505558,3.2177941558483667,3.330655661059678,3.443853086894253,3.556838607039949,3.6694146702465,3.7815486157643075
1700000000195000000,10195000000,40,39,39,0,0,,,,0,open_hand,hold,200.0,dev-0123456789abcdef0123456789abcdef,synthetic-2-open_hand,29,protocol,synthetic-demo-contract-v1,True,3.2137330312835335,3.325903219019337,3.441987770397347,3.5599068708517874,3.6783614248022305,3.7967158151654714,3.9147155836249437,4.032295138873879
1700000000200000000,10200000000,41,40,40,0,0,,,,0,open_hand,hold,200.0,dev-0123456789abcdef0123456789abcdef,synthetic-2-open_hand,29,protocol,synthetic-demo-contract-v1,True,3.4284094588783165,3.545052181809601,3.6658431661809994,3.788763225191262,3.9124278618301735,4.036115396103695,4.159512233623857,4.282517195315703
1700000000205000000,10205000000,42,41,41,0,0,,,,0,open_hand,hold,200.0,dev-0123456789abcdef0123456789abcdef,synthetic-2-open_hand,29,protocol,synthetic-demo-contract-v1,True,3.6427842929957306,3.7639291513768067,3.8893855772189156,4.01725299926116,4.1460810328617805,4.2750654384739155,4.403832013112724,4.532241607895572
1700000000210000000,10210000000,43,42,42,0,0,,,,0,open_hand,hold,200.0,dev-0123456789abcdef0123456789abcdef,synthetic-2-open_hand,29,protocol,synthetic-demo-contract-v1,True,3.8568531286707692,3.9825491208098116,4.112640098664418,4.24540507220258,4.379350640028259,4.513595361832457,4.64770379191455,4.78149675837259
1700000000215000000,10215000000,44,43,43,0,0,,,,0,open_hand,hold,200.0,dev-0123456789abcdef0123456789abcdef,synthetic-2-open_hand,29,protocol,synthetic-demo-contract-v1,True,4.070611045167534,4.200926082115403,4.335631582921004,4.4732487958399805,4.612267328022095,4.751735804477464,4.891157815136024,5.030312493052107
1700000000220000000,10220000000,45,44,44,0,0,,,,0,open_hand,hold,200.0,dev-0123456789abcdef0123456789abcdef,synthetic-2-open_hand,29,protocol,synthetic-demo-contract-v1,True,4.284053092868134,4.419073094931784,4.558384550414787,4.70081386760408,4.84486255846764,4.989518508012579,5.134225597281638,5.278720023764647
1700000000225000000,10225000000,46,45,45,0,0,,,,0,open_hand,hold,200.0,dev-0123456789abcdef0123456789abcdef,synthetic-2-open_hand,29,protocol,synthetic-demo-contract-v1,True,4.497174800313732,4.637002384316226,4.780923115455349,4.9281302084110905,5.077168483994193,5.22697619917184,5.376939812553628,5.526751824572303
1700000000230000000,10230000000,47,46,46,0,0,,,,0,open_hand,hold,200.0,dev-0123456789abcdef0123456789abcdef,synthetic-2-open_hand,29,protocol,synthetic-demo-contract-v1,True,4.709972689818704,4.854725465153765,5.003270927397576,5.1552278461816305,5.30921782263989,5.464142469412004,5.619334181750732,5.774441524557563
1700000000235000000,10235000000,48,47,47,0,0,,,,0,open_hand,hold,200.0,dev-0123456789abcdef0123456789abcdef,synthetic-2-open_hand,29,protocol,synthetic-demo-contract-v1,True,4.922444789847946,5.072253290276621,5.225451127096689,5.382136805602208,5.541043733193437,5.701051652779855,5.86144335618832,6.0218237970617965
1700000000240000000,10240000000,49,48,48,0,0,,,,0,open_hand,hold,200.0,dev-0123456789abcdef0123456789abcdef,synthetic-2-open_hand,29,protocol,synthetic-demo-contract-v1,True,5.134591132360967,5.289596418975151,5.4474863184306646,5.608887004647181,5.772679692055706,5.937738702560856,6.103302799070133,6.2689342457515105
1700000000245000000,10245000000,50,49,49,0,0,,,,0,open_hand,hold,200.0,dev-0123456789abcdef0123456789abcdef,synthetic-2-open_hand,29,protocol,synthetic-demo-contract-v1,True,5.346414223584589,5.506765202227255,5.669398554451397,5.835508158290964,6.004159372174818,6.174239067211893,6.344948664747886,6.515809287900051
1700000000250000000,10250000000,51,50,50,0,0,,,,0,open_hand,hold,200.0,dev-0123456789abcdef0123456789abcdef,synthetic-2-open_hand,29,protocol,synthetic-demo-contract-v1,True,0.05791947717362417,0.08626998067971381,0.1162093375208936,0.14952968974954287,0.18551652457675738,0.2230885660747707,0.2614176763092113,0.29998603528060896
1700000000255000000,10255000000,52,51,51,0,0,,,,0,open_hand,hold,200.0,dev-0123456789abcdef0123456789abcdef,synthetic-2-open_hand,29,protocol,synthetic-demo-contract-v1,True,0.26911559944584773,0.3031212911868024,0.3379396325942601,0.3759806494982283,0.4167848629791988,0.45932326535882473,0.5027470019368766,0.5465021730731697
1700000000260000000,10260000000,53,52,52,0,0,,,,0,open_hand,hold,200.0,dev-0123456789abcdef0123456789abcdef,synthetic-2-open_hand,29,protocol,synthetic-demo-contract-v1,True,0.48001491731920953,0.519830077552076,0.5596098926294669,0.6023896422199084,0.647997951939226,0.6954793548703144,0.7439741304828987,0.7928958371933401
1700000000265000000,10265000000,54,53,53,0,0,,,,0,open_hand,hold,200.0,dev-0123456789abcdef0123456789abcdef,synthetic-2-open_hand,29,protocol,synthetic-demo-contract-v1,True,0.6906336407165212,0.7364079010313956,0.7812400949375261,0.8287847617459408,0.8791890989465981,0.9315930259535894,0.9851367467001644,1.0392054904549666
1700000000270000000,10270000000,55,54,54,0,0,,,,0,open_hand,hold,200.0,dev-0123456789abcdef0123456789abcdef,synthetic-2-open_hand,29,protocol,synthetic-demo-contract-v1,True,0.9009920525126616,0.9528671461401415,1.0028497871374764,1.0551935339610357,1.1103912508332399,1.1677003510942048,1.2262726065713971,1.2854697979808678
1700000000275000000,10275000000,56,55,55,0,0,,,,0,open_hand,hold,200.0,dev-0123456789abcdef0123456789abcdef,synthetic-2-open_hand,29,protocol,synthetic-demo-contract-v1,True,1.1111146205551041,1.1692212173656744,1.2244581412506659,1.2816428675551472,1.3416368948272632,1.4038371656175097,1.4674194131708842,1.5317275022770551
1700000000280000000,10280000000,57,56,56,0,0,,,,0,open_hand,hold,200.0,dev-0123456789abcdef0123456789abcdef,synthetic-2-open_hand,29,protocol,synthetic-demo-contract-v1,True,1.3210300278606681,1.3854847225164828,1.4460840143596962,1.5081590124202937,1.572957964536341,1.6400389518977592,1.7086146934882838,1.7780172983853813
1700000000285000000,10285000000,58,57,57,0,0,,,,0,open_hand,hold,200.0,dev-0123456789abcdef0123456789abcdef,synthetic-2-open_hand,29,protocol,synthetic-demo-contract-v1,True,1.5307711187478634,1.6016736386401407,1.667746014170489,1.7347675254093018,1.8043857511010655,1.8763407264727467,1.9498956766361564,2.024377709527709
1700000000290000000,10290000000,59,58,58,0,0,,,,0,open_hand,hold,200.0,dev-0123456789abcdef0123456789abcdef,synthetic-2-open_hand,29,protocol,synthetic-demo-contract-v1,True,1.7403747603713036,1.8178054567100643,1.8894625677523373,1.9614932430975167,2.035950819714378,2.1127769304373576,2.191299173853621,2.2708469636514153
1700000000295000000,10295000000,60,59,59,0,0,,,,0,open_hand,hold,200.0,dev-0123456789abcdef0123456789abcdef,synthetic-2-open_hand,29,protocol,synthetic-demo-contract-v1,True,1.9498816208476548,2.033899301611951,2.111251991691289,2.188360261118301,2.26768293165866,2.34938132346657,2.4328614607078114,2.517462871281366
1700000000300000000,10300000000,61,60,60,0,0,,,,0,open_hand,hold,200.0,dev-0123456789abcdef0123456789abcdef,synthetic-2-open_hand,29,protocol,synthetic-demo-contract-v1,True,2.1593358668663765,2.2499760243495266,2.3331325618772913,2.415391919579389,2.4996109719679893,2.586186881794346,2.674618161882652,2.764262705077469
1700000000305000000,10305000000,62,61,61,0,0,,,,0,open_hand,hold,200.0,dev-0123456789abcdef0123456789abcdef,synthetic-2-open_hand,29,protocol,synthetic-demo-contract-v1,True,2.3687847853283195,2.466058263829763,2.555122581155343,2.642610794010457,2.731762882779682,2.8232257004497785,2.916604138930948,3.0112830814894793
1700000000310000000,10310000000,63,62,62,0,0,,,,0,open_hand,hold,200.0,dev-0123456789abcdef0123456789abcdef,synthetic-2-open_hand,29,protocol,synthetic-demo-contract-v1,True,2.5782783351175267,2.682170476073141,2.777240443105379,2.870038691243222,2.964165602397083,3.060528900025957,3.1588533813510082,3.2585598448920634
1700000000315000000,10315000000,64,63,63,0,0,,,,0,open_hand,hold,200.0,dev-0123456789abcdef0123456789abcdef,synthetic-2-open_hand,29,protocol,synthetic-demo-contract-v1,True,2.7878686365543337,2.8983389292172284,2.9995046902742,3.0976966495844036,3.1968450100447026,3.29812653823039,3.401398901332957,3.506127954573101
1700000000320000000,10320000000,65,64,64,0,0,,,,0,open_hand,hold,200.0,dev-0123456789abcdef0123456789abcdef,synthetic-2-open_hand,29,protocol,synthetic-demo-contract-v1,True,2.9976094073717907,3.1145916632336212,3.2219340652648416,3.325604942609423,3.429825876257841,3.536047526438774,3.6442726325028474,3.7540213749370226
1700000000325000000,10325000000,66,65,65,0,0,,,,0,open_hand,hold,200.0,dev-0123456789abcdef0123456789abcdef,synthetic-2-open_hand,29,protocol,synthetic-demo-contract-v1,True,3.207555355175907,3.3309584138504724,3.444547553193138,3.553783085880998,3.6631318188118245,3.774319551446422,3.887505332974427,4.002272969272551
1700000000330000000,10330000000,67,66,66,0,0,,,,0,open_hand,hold,200.0,dev-0123456789abcdef0123456789abcdef,synthetic-2-open_hand,29,protocol,synthetic-demo-contract-v1,True,3.417761537270577,3.5474705007564484,3.6673644141466837,3.7822498458820695,3.8967852640613874,4.0129690025841125,4.1311264929993845,4.250914397420689
1700000000335000000,10335000000,68,67,67,0,0,,,,0,open_hand,hold,200.0,dev-0123456789abcdef0123456789abcdef,synthetic-2-open_hand,29,protocol,synthetic-demo-contract-v1,True,3.6282826994312236,3.7641606807477683,3.890404204426232,4.011023250446863,4.130807413528659,4.252020904337494,4.375164247486877,4.499976017664185
1700000000340000000,10340000000,69,68,68,0,0,,,,0,open_hand,hold,200.0,dev-0123456789abcdef0123456789abcdef,synthetic-2-open_hand,29,protocol,synthetic-demo-contract-v1,True,3.8391726056829483,3.9810629670588478,4.113686785511973,4.240120599977298,4.365218215548998,4.491498854581766,4.61964529364248,4.74948679314404
1700000000345000000,10345000000,70,69,69,0,0,,,,0,open_hand,hold,200.0,dev-0123456789abcdef0123456789abcdef,synthetic-2-open_hand,29,protocol,synthetic-demo-contract-v1,True,4.050483371369375,4.198212416679765,4.337232319875033,4.469558478744412,4.600036341757692,4.73142496851626,4.864594813955285,4.999474203092078
1700000000350000000,10350000000,71,70,70,0,0,,,,0,open_hand,hold,200.0,dev-0123456789abcdef0123456789abcdef,synthetic-2-open_hand,29,protocol,synthetic-demo-contract-v1,True,4.262264811782737,4.415644888001464,4.5610612529456525,4.699352765595691,4.835279168177497,4.971819828356835,5.110036404739957,5.249964159151035
1700000000355000000,10355000000,72,71,71,0,0,,,,0,open_hand,hold,200.0,dev-0123456789abcdef0123456789abcdef,synthetic-2-open_hand,29,protocol,synthetic-demo-contract-v1,True,4.474563818364112,4.633396771633787,4.785194280751344,4.929518643418934,5.070962760647256,5.212702438818058,5.3559920104181815,5.5009809270353625
1700000000360000000,10360000000,73,72,72,0,0,,,,0,open_hand,hold,200.0,dev-0123456789abcdef0123456789abcdef,synthetic-2-open_hand,29,protocol,synthetic-demo-contract-v1,True,4.687423773980378,4.85150469770413,5.009652302948477,5.1600706067512645,5.307101864315568,5.4540901883918425,5.602481863701173,5.752547053766845
1700000000365000000,10365000000,74,73,73,0,0,,,,0,open_hand,hold,200.0,dev-0123456789abcdef0123456789abcdef,synthetic-2-open_hand,29,protocol,synthetic-demo-contract-v1,True,4.900884018051256,5.070005223358205,5.234456361186147,5.391022466967437,5.543709896910616,5.695998816404757,5.849524431811909,6.004683300699338
1700000000370000000,10370000000,75,74,74,0,0,,,,0,open_hand,hold,200.0,dev-0123456789abcdef0123456789abcdef,synthetic-2-open_hand,29,protocol,synthetic-demo-contract-v1,True,5.114979371350741,5.288934504542814,5.4596275629596,5.622387354534395,5.7807989454880655,5.938442385812945,6.097136368862582,6.257408582526613
1700000000375000000,10375000000,76,75,75,0,0,,,,0,open_hand,hold,200.0,dev-0123456789abcdef0123456789abcdef,synthetic-2-open_hand,29,protocol,synthetic-demo-contract-v1,True,-0.17026027083873646,-0.12917204355241785,-0.0898130086714434,-0.05832228212160462,-0.03162023364681103,-0.006066738328750924,0.020332474479570595,0.04823991244633394
1700000000380000000,10380000000,77,76,76,0,0,,,,0,open_hand,hold,200.0,dev-0123456789abcdef0123456789abcdef,synthetic-2-open_hand,29,protocol,synthetic-demo-contract-v1,True,0.04518973013917333,0.09071990721368157,0.13615560109115687,0.17390531847609259,0.20646178785119332,0.23748209519207747,0.2691256587449868,0.3021923536318622
1700000000385000000,10385000000,78,77,77,0,0,,,,0,open_hand,hold,200.0,dev-0123456789abcdef0123456789abcdef,synthetic-2-open_hand,29,protocol,synthetic-demo-contract-v1,True,0.2613485067834368,0.31114324967891915,0.3625541022137689,0.4065812218513846,0.4450531157210262,0.4815978132898538,0.5185269135008534,0.5567789771418051
1700000000390000000,10390000000,79,78,78,0,0,,,,0,open_hand,hold,200.0,dev-0123456789abcdef0123456789abcdef,synthetic-2-open_hand,29,protocol,synthetic-demo-contract-v1,True,0.47822952181524236,0.5321290960173467,0.5894028315182018,0.6397157842343189,0.6841605407125806,0.7262876134884545,0.7685452900390888,0.8120108263752044
1700000000395000000,10395000000,80,79,79,0,0,,,,0,open_hand,hold,200.0,dev-0123456789abcdef0123456789abcdef,synthetic-2-open_hand,29,protocol,synthetic-demo-contract-v1,True,0.6958404931066751,0.7537064401463827,0.8167216138180184,0.873318634716476,0.9237895481751638,0.9715569640521736,1.0191878831779828,1.0678968881579651
1700000000400000000,10400000000,81,80,80,0,0,,,,0,open_hand,hold,200.0,dev-0123456789abcdef0123456789abcdef,synthetic-2-open_hand,29,protocol,synthetic-demo-contract-v1,True,0.9141834080754664,0.9759018327147484,1.044529613872376,1.1073986528178585,1.1639443293361385,1.2174096091853195,1.270459821703714,1.3244440705237284
1700000000405000000,10405000000,82,81,81,0,0,,,,0,open_hand,hold,200.0,dev-0123456789abcdef0123456789abcdef,synthetic-2-open_hand,29,protocol,synthetic-demo-contract-v1,True,1.1332546267248698,1.1987390733511567,1.2728451806867054,1.3419639414626026,1.4046277940026324,1.463847579131686,1.5223642651338214,1.5816571872299017
1700000000410000000,10410000000,83,82,82,0,0,,,,0,open_hand,hold,200.0,dev-0123456789abcdef0123456789abcdef,synthetic-2-open_hand,29,protocol,synthetic-demo-contract-v1,True,1.3530450707881108,1.4222389246484937,1.5016856858324872,1.577021795443854,1.6458415844359495,1.7108712049928672,1.7749024067384664,1.8395389490271132
1700000000415000000,10415000000,84,83,83,0,0,,,,0,open_hand,hold,200.0,dev-0123456789abcdef0123456789abcdef,synthetic-2-open_hand,29,protocol,synthetic-demo-contract-v1,True,1.5735404947703668,1.6464188520842078,1.7310673575814646,1.8125786655409313,1.8875860901675596,1.9584791380736857,2.0280734827348823,2.0980899616779713
1700000000420000000,10420000000,85,84,84,0,0,,,,0,open_hand,hold,200.0,dev-0123456789abcdef0123456789abcdef,synthetic-2-open_hand,29,protocol,synthetic-demo-contract-v1,True,1.794721833101544,1.8712927937388701,1.9610051127511736,2.048640118533547,2.129860463547047,2.2066683735539296,2.2818747875506618,2.3573087306988305
1700000000425000000,10425000000,86,85,85,0,0,,,,0,open_hand,hold,200.0,dev-0123456789abcdef0123456789abcdef,synthetic-2-open_hand,29,protocol,synthetic-demo-contract-v1,True,2.0165656161521417,2.096870963276438,2.191512388237299,2.28521079343738,2.372662635835936,2.4554342782781142,2.5363016950325834,2.6171916727762987
1700000000430000000,10430000000,87,86,86,0,0,,,,0,open_hand,hold,200.0,dev-0123456789abcdef0123456789abcdef,synthetic-2-open_hand,29,protocol,synthetic-demo-contract-v1,True,2.2390444465517008,2.3231596891976873,2.4226009742629007,2.5222943543618253,2.6159893336864997,2.704770622449059,2.7913476854595216,2.877733133788604
1700000000435000000,10435000000,88,87,87,0,0,,,,0,open_hand,hold,200.0,dev-0123456789abcdef0123456789abcdef,synthetic-2-open_hand,29,protocol,synthetic-demo-contract-v1,True,2.4621275261112396,2.550161292879407,2.6542808514042253,2.7598934404633866,2.859836095871345,2.9546696150067526,3.047004378200757,3.1389254133406816
1700000000440000000,10440000000,89,88,88,0,0,,,,0,open_hand,hold,200.0,dev-0123456789abcdef0123456789abcdef,synthetic-2-open_hand,29,protocol,synthetic-demo-contract-v1,True,2.685781222710518,2.7778740073738666,2.8865600334570654,2.998009613536065,3.104197290157269,3.20512194247111,3.303261569844673,3.4007587957010856
1700000000445000000,10445000000,90,89,89,0,0,,,,0,open_hand,hold,200.0,dev-0123456789abcdef0123456789abcdef,synthetic-2-open_hand,29,protocol,synthetic-demo-contract-v1,True,2.909969665786928,3.0062919383739324,3.1194444181862595,3.236643303842466,3.3490661302454368,3.456116811025869,3.5601072776075036,3.663221587008574
1700000000450000000,10450000000,91,90,90,0,0,,,,0,open_hand,hold,200.0,dev-0123456789abcdef0123456789abcdef,synthetic-2-open_hand,29,protocol,synthetic-demo-contract-v1,True,3.1346553585696246,3.2354050681577404,3.3529376479540294,3.47579375484541,3.594434692728896,3.707641991620879,3.8175277878174607,3.9263001585965465
1700000000455000000,10455000000,92,91,91,0,0,,,,0,open_hand,hold,200.0,dev-0123456789abcdef0123456789abcdef,synthetic-2-open_hand,29,protocol,synthetic-demo-contract-v1,True,3.3597997949501313,3.465199302722031,3.5870409821508953,3.7154589675489977,3.8402939340475677,3.9596838678714295,4.075507709256332,4.1899789962645695
1700000000460000000,10460000000,93,92,92,0,0,,,,0,open_hand,hold,200.0,dev-0123456789abcdef0123456789abcdef,synthetic-2-open_hand,29,protocol,synthetic-demo-contract-v1,True,3.5853640688737474,3.695656561704321,3.821753183256563,3.955635645199583,4.086633707449718,4.21222748653582,4.334030031128417,4.454240755307882
1700000000465000000,10465000000,94,93,93,0,0,,,,0,open_hand,hold,200.0,dev-0123456789abcdef0123456789abcdef,synthetic-2-open_hand,29,protocol,synthetic-demo-contract-v1,True,3.8113094643747223,3.9267549100904406,4.057070418238543,4.196319139130627,4.333442779997339,4.465256610356228,4.593076185415601,4.719066321098328
1700000000470000000,10470000000,95,94,94,0,0,,,,0,open_hand,hold,200.0,dev-0123456789abcdef0123456789abcdef,synthetic-2-open_hand,29,protocol,synthetic-demo-contract-v1,True,4.03759801485704,4.158468730114654,4.292986176854614,4.4375033965602855,4.5807088496803265,4.71875377305272,4.8526261133674,4.984434874993443
1700000000475000000,10475000000,96,95,95,0,0,,,,0,open_hand,hold,200.0,dev-0123456789abcdef0123456789abcdef,synthetic-2-open_hand,29,protocol,synthetic-demo-contract-v1,True,4.264193020931898,4.390768931193754,4.529491208263202,4.679180911166626,4.828418562730711,4.972700336266133,5.112658335865896,5.250323965334655
1700000000480000000,10480000000,97,96,96,0,0,,,,0,open_hand,hold,200.0,dev-0123456789abcdef0123456789abcdef,synthetic-2-open_hand,29,protocol,synthetic-demo-contract-v1,True,4.491059517047779,4.6236231952027955,4.7665734771652195,4.921342677272171,5.076557531253086,5.227076548252234,5.373150027397851,5.516709583280625
1700000000485000000,10485000000,98,97,97,0,0,,,,0,open_hand,hold,200.0,dev-0123456789abcdef0123456789abcdef,synthetic-2-open_hand,29,protocol,synthetic-demo-contract-v1,True,4.718164678270347,4.8569962539065665,5.004218140503831,5.1639781484670095,5.325110351310494,5.481861604137063,5.634077093359615,5.783566243207918
1700000000490000000,10490000000,99,98,98,0,0,,,,0,open_hand,hold,200.0,dev-0123456789abcdef0123456789abcdef,synthetic-2-open_hand,29,protocol,synthetic-demo-contract-v1,True,4.945478159864161,5.09085019491508,5.242407545537505,5.407075201487734,5.574060621626099,5.737033707551443,5.895414250414992,6.050867067398162
1700000000495000000,10495000000,100,99,99,0,0,,,,0,open_hand,hold,200.0,dev-0123456789abcdef0123456789abcdef,synthetic-2-open_hand,29,protocol,synthetic-demo-contract-v1,True,5.172972363769751,5.325144792140154,5.481121249878849,5.650620106148135,5.823390963079838,5.992570133471346,6.157135109621874,6.318583874719085
1700000000500000000,10500000000,101,100,100,0,0,,,,0,open_hand,hold,200.0,dev-0123456789abcdef0123456789abcdef,synthetic-2-open_hand,29,protocol,synthetic-demo-contract-v1,True,-0.09937737237154282,-0.07766214360072023,-0.05466393614022584,-0.01790249791303891,0.023083039195521262,0.06094729209986475,0.09421226204015838,0.12418727299590802
1700000000505000000,10505000000,102,101,101,0,0,,,,0,open_hand,hold,200.0,dev-0123456789abcdef0123456789abcdef,synthetic-2-open_hand,29,protocol,synthetic-demo-contract-v1,True,0.12840733365141113,0.15738560154770473,0.18502611534541957,0.226490383058322,0.27311757782748425,0.31714079363591635,0.35661736653129,0.39264675475990135
1700000000510000000,10510000000,103,102,102,0,0,,,,0,open_hand,hold,200.0,dev-0123456789abcdef0123456789abcdef,synthetic-2-open_hand,29,protocol,synthetic-demo-contract-v1,True,0.35630793632469404,0.3927430213237335,0.4251629368774484,0.4712800894418488,0.5234743942665729,0.5736255137843813,0.619321239458581,0.661430796052258
1700000000515000000,10515000000,104,103,103,0,0,,,,0,open_hand,hold,200.0,dev-0123456789abcdef0123456789abcdef,synthetic-2-open_hand,29,protocol,synthetic-demo-contract-v1,True,0.5843089096551068,0.6283642719687861,0.6657155747850824,0.7164463095928858,0.7741324159929532,0.8303756598720367,0.8822939459973593,0.9305069579539723
1700000000520000000,10520000000,105,104,104,0,0,,,,0,open_hand,hold,200.0,dev-0123456789abcdef0123456789abcdef,synthetic-2-open_hand,29,protocol,synthetic-demo-contract-v1,True,0.8123976163551541,0.8642030556344048,0.906650719662137,0.9619670905882641,1.0250697093077135,1.0873648374432336,1.1455048927648281,1.1998419905060531
1700000000525000000,10525000000,106,105,105,0,0,,,,0,open_hand,hold,200.0,dev-0123456789abcdef0123456789abcdef,synthetic-2-open_hand,29,protocol,synthetic-demo-contract-v1,True,1.0405641030070745,1.100212999613887,1.1479328573734124,1.2078188588511993,1.2762635080764952,1.344566117218733,1.4089229214813153,1.4694019386792136
1700000000530000000,10530000000,107,106,106,0,0,,,,0,open_hand,hold,200.0,dev-0123456789abcdef0123456789abcdef,synthetic-2-open_hand,29,protocol,synthetic-demo-contract-v1,True,1.2688008268004483,1.336348026535995,1.389524439526808,1.4539764510601876,1.5276902448163092,1.601952102310316,1.6725164033773048,1.7391522500481411
1700000000535000000,10535000000,108,107,107,0,0,,,,0,open_hand,hold,200.0,dev-0123456789abcdef0123456789abcdef,synthetic-2-open_hand,29,protocol,synthetic-demo-contract-v1,True,1.4971023208742582,1.5725627108306033,1.6313860721312055,1.7004131556621898,1.7793255843512785,1.8594949955926365,1.9362533340641956,2.009057883822569
1700000000540000000,10540000000,109,108,108,0,0,,,,0,open_hand,hold,200.0,dev-0123456789abcdef0123456789abcdef,synthetic-2-open_hand,29,protocol,synthetic-demo-contract-v1,True,1.7254648065828866,1.8088126170184176,1.8734767209571144,1.9471007652206707,2.031144460254283,2.1171666671421874,2.20010142859114,2.279083420885661
1700000000545000000,10545000000,110,109,109,0,0,,,,0,open_hand,hold,200.0,dev-0123456789abcdef0123456789abcdef,synthetic-2-open_hand,29,protocol,synthetic-demo-contract-v1,True,1.9538857621200165,2.04505461568511,2.1157539319296874,2.194009639735046,2.2831211142793935,2.374938721661115,2.464028216415443,2.5491931744896177
1700000000550000000,10550000000,111,110,110,0,0,,,,0,open_hand,hold,200.0,dev-0123456789abcdef0123456789abcdef,synthetic-2-open_hand,29,protocol,synthetic-demo-contract-v1,True,2.18236345785199,2.2812471733695827,2.3581740647143166,2.441108780970697,2.535229138974664,2.6327825658108757,2.7280011360199166,2.819351301259
1700000000555000000,10555000000,112,111,111,0,0,,,,0,open_hand,hold,200.0,dev-0123456789abcdef0123456789abcdef,synthetic-2-open_hand,29,protocol,synthetic-demo-contract-v1,True,2.4108964694140242,2.517350613020652,2.600692537505572,2.6883659177388433,2.787441523646367,2.890669475387287,2.9919876289170984,3.0895219121539257
1700000000560000000,10560000000,113,112,112,0,0,,,,0,open_hand,hold,200.0,dev-0123456789abcdef0123456789abcdef,synthetic-2-open_hand,29,protocol,synthetic-demo-contract-v1,True,2.6394831800945093,2.7533273421496376,2.843264080902638,2.9357476019642337,3.039730703824266,3.148570662274352,3.25595523278743,3.3596691830480974
1700000000565000000,10565000000,114,113,113,0,0,,,,0,open_hand,hold,200.0,dev-0123456789abcdef0123456789abcdef,synthetic-2-open_hand,29,protocol,synthetic-demo-contract-v1,True,2.8681212842646344,2.9891420463206995,3.085842998650068,3.1832193152767285,3.292068614353134,3.4064573411192294,3.519871673506217,3.6297574645804582
1700000000570000000,10570000000,115,114,114,0,0,,,,0,open_hand,hold,200.0,dev-0123456789abcdef0123456789abcdef,synthetic-2-open_hand,29,protocol,synthetic-demo-contract-v1,True,3.096807303598142,3.224761846168202,3.3283834329429958,3.4307455857615383,3.544426746208738,3.6643007956748783,3.7837049558224205,3.8997513909442265
1700000000575000000,10575000000,116,115,115,0,0,,,,0,open_hand,hold,200.0,dev-0123456789abcdef0123456789abcdef,synthetic-2-open_hand,29,protocol,synthetic-demo-contract-v1,True,3.325536127569261,3.4601564167023864,3.5708396319417903,3.678290114402991,3.796776207106952,3.9220724447601927,4.047423452461043,4.169615987282968
1700000000580000000,10580000000,117,116,116,0,0,,,,0,open_hand,hold,200.0,dev-0123456789abcdef0123456789abcdef,synthetic-2-open_hand,29,protocol,synthetic-demo-contract-v1,True,3.5543005892210466,3.6952980682522423,3.813166217113237,3.925815910659357,4.0490877859430014,4.179743907789789,4.310995991429962,4.439316775370348
1700000000585000000,10585000000,118,117,117,0,0,,,,0,open_hand,hold,200.0,dev-0123456789abcdef0123456789abcdef,synthetic-2-open_hand,29,protocol,synthetic-demo-contract-v1,True,3.783091086471566,3.9301617889884595,4.055318448013956,4.17328543651235,4.301332021064121,4.437287069827016,4.5743919413215055,4.70881987725805
1700000000590000000,10590000000,119,118,118,0,0,,,,0,open_hand,hold,200.0,dev-0123456789abcdef0123456789abcdef,synthetic-2-open_hand,29,protocol,synthetic-demo-contract-v1,True,4.011895258286422,4.164725249560618,4.297252482157053,4.420660758245425,4.553479272343577,4.6946741461142825,4.837581294408828,4.978092116585239
1700000000595000000,10595000000,120,119,119,0,0,,,,0,open_hand,hold,200.0,dev-0123456789abcdef0123456789abcdef,synthetic-2-open_hand,29,protocol,synthetic-demo-contract-v1,True,4.2406977239121355,4.398968770961935,4.538925627654548,4.667903705120881,4.8054997969873,4.951877746034363,5.100534747347129,5.247101117252579
1700000000600000000,10600000000,121,120,120,0,0,,,,0,open_hand,hold,200.0,dev-0123456789abcdef0123456789abcdef,synthetic-2-open_hand,29,protocol,synthetic-demo-contract-v1,True,4.469479892059063,4.632875257293082,4.780296586405368,4.914976034047678,5.0573638289665706,5.20887093645496,5.363223779299933,5.515815399174421
1700000000605000000,10605000000,122,121,121,0,0,,,,0,open_hand,hold,200.0,dev-0123456789abcdef0123456789abcdef,synthetic-2-open_hand,29,protocol,synthetic-demo-contract-v1,True,4.698219845471498,4.866430095625084,5.021325685700756,5.161839599261033,5.309041661931717,5.465627304406601,5.625620727321008,5.78420447083406
1700000000610000000,10610000000,123,122,122,0,0,,,,0,open_hand,hold,200.0,dev-0123456789abcdef0123456789abcdef,synthetic-2-open_hand,29,protocol,synthetic-demo-contract-v1,True,4.92689230475607,5.099621025651973,5.261975096244558,5.408456525971459,5.560503735422992,5.722121019040869,5.887698858832935,6.052238918379081
1700000000615000000,10615000000,124,123,123,0,0,,,,0,open_hand,hold,200.0,dev-0123456789abcdef0123456789abcdef,synthetic-2-open_hand,29,protocol,synthetic-demo-contract-v1,True,5.155468673689362,5.332437982268982,5.5022090347334975,5.654789386886153,5.811720724155768,5.978326892812033,6.149432441053814,6.319890491006591
1700000000620000000,10620000000,125,124,124,0,0,,,,0,open_hand,hold,200.0,dev-0123456789abcdef0123456789abcdef,synthetic-2-open_hand,29,protocol,synthetic-demo-contract-v1,True,5.383917166525857,5.564872914605026,5.741993949310595,5.9008013804597335,6.062663630118821,6.234220441820552,6.410796807234161,6.587132182401533
1700000000625000000,10625000000,126,125,125,0,0,,,,0,open_hand,hold,200.0,dev-0123456789abcdef0123456789abcdef,synthetic-2-open_hand,29,protocol,synthetic-demo-contract-v1,True,0.1122030161122137,0.15941958537257955,0.20629868639113644,0.2339565096949944,0.2633038771864662,0.30227794525153734,0.3467684195764705,0.39143830800535695
1700000000630000000,10630000000,127,126,126,0,0,,,,0,open_hand,hold,200.0,dev-0123456789abcdef0123456789abcdef,synthetic-2-open_hand,29,protocol,synthetic-demo-contract-v1,True,0.34028875991903346,0.39107335466923054,0.4450946375630365,0.4792197602879679,0.5136134079086107,0.5574765038353774,0.6073249287204308,0.6577845779068491
1700000000635000000,10635000000,128,127,127,0,0,,,,0,open_hand,hold,200.0,dev-0123456789abcdef0123456789abcdef,synthetic-2-open_hand,29,protocol,synthetic-demo-contract-v1,True,0.5681345994609412,0.6223309525684736,0.6833558654794685,0.7240572768953738,0.7635647821073369,0.8122940972511632,0.8674452296870586,0.9236481651620061
1700000000640000000,10640000000,129,128,128,0,0,,,,0,open_hand,hold,200.0,dev-0123456789abcdef0123456789abcdef,synthetic-2-open_hand,29,protocol,synthetic-demo-contract-v1,True,0.7956988270238724,0.8531902449701758,0.9210592078888354,0.9684365362969554,1.0131312768750256,1.0667096403866725,1.127109514185277,1.1890077693653358
1700000000645000000,10645000000,130,129,129,0,0,,,,0,open_hand,hold,200.0,dev-0123456789abcdef0123456789abcdef,synthetic-2-open_hand,29,protocol,synthetic-demo-contract-v1,True,1.0229383121865454,1.0836499972412736,1.1581843591826988,1.2123265162301102,1.2622869875374354,1.3207030383613283,1.386299319194512,1.4538436753108341
1700000000650000000,10650000000,131,130,130,0,0,,,,0,open_hand,hold,200.0,dev-0123456789abcdef0123456789abcdef,synthetic-2-open_hand,29,protocol,synthetic-demo-contract-v1,True,1.2498090393406471,1.3137096401640656,1.394713929083468,1.4556978586898908,1.5110069291160353,1.5742552402110037,1.6449975717467977,1.7181378065971065
1700000000655000000,10655000000,132,131,131,0,0,,,,0,open_hand,hold,200.0,dev-0123456789abcdef0123456789abcdef,synthetic-2-open_hand,29,protocol,synthetic-demo-contract-v1,True,1.4762666863075524,1.5433690426232007,1.6306334783375456,1.6985230265136304,1.7592671377974358,1.8273482911258012,1.9031886298415541,1.981873774047558
1700000000660000000,10660000000,133,132,132,0,0,,,,0,open_hand,hold,200.0,dev-0123456789abcdef0123456789abcdef,synthetic-2-open_hand,29,protocol,synthetic-demo-contract-v1,True,1.7022672332412234,1.7726282953046748,1.8659315315233729,1.9407764521060906,2.0070447718943405,2.0799653831241636,2.1608583194357207,2.245036918833285
1700000000665000000,10665000000,134,133,133,0,0,,,,0,open_hand,hold,200.0,dev-0123456789abcdef0123456789abcdef,synthetic-2-open_hand,29,protocol,synthetic-demo-contract-v1,True,1.9277675903159854,2.0014875094534257,2.1005995673245272,2.1824346772077736,2.254318211762272,2.332090904038935,2.417993967461154,2.5076143502031254
1700000000670000000,10670000000,135,134,134,0,0,,,,0,open_hand,hold,200.0,dev-0123456789abcdef0123456789abcdef,synthetic-2-open_hand,29,protocol,synthetic-demo-contract-v1,True,2.1527262322384737,2.2299466344442,2.334631986852849,2.423476482665573,2.501067158119669,2.5837104846834333,2.6745844308302473,2.769594977742303
1700000000675000000,10675000000,136,135,135,0,0,,,,0,open_hand,hold,200.0,dev-0123456789abcdef0123456789abcdef,synthetic-2-open_hand,29,protocol,synthetic-demo-contract-v1,True,2.377103827404778,2.4580052975679654,2.568026060832753,2.6638830072307735,2.7472727282060103,2.834811044058296,2.9306201213994667,3.030969538098072
1700000000680000000,10680000000,137,136,136,0,0,,,,0,open_hand,hold,200.0,dev-0123456789abcdef0123456789abcdef,synthetic-2-open_hand,29,protocol,synthetic-demo-contract-v1,True,2.6008638495513834,2.6856626690289445,2.800781856672773,2.903637854484,2.992917549203615,3.085380832452975,3.1860930268690426,3.2917306161278086
1700000000685000000,10685000000,138,137,137,0,0,,,,0,open_hand,hold,200.0,dev-0123456789abcdef0123456789abcdef,synthetic-2-open_hand,29,protocol,synthetic-demo-contract-v1,True,2.8239731600215667,2.9129173546918734,3.032902146651463,3.1427271870694096,3.2379858483437967,3.335409472289333,3.4409967276052913,3.5518726604419006
1700000000690000000,10690000000,139,138,138,0,0,,,,0,open_hand,hold,200.0,dev-0123456789abcdef0123456789abcdef,synthetic-2-open_hand,29,protocol,synthetic-demo-contract-v1,True,3.046402549282215,3.1397673186226807,3.264392298629711,3.381139807510532,3.4824635391172913,3.5848879965490252,3.695326409380034,3.8113919933306564
1700000000695000000,10695000000,140,139,139,0,0,,,,0,open_hand,hold,200.0,dev-0123456789abcdef0123456789abcdef,synthetic-2-open_hand,29,protocol,synthetic-demo-contract-v1,True,3.2681272270693236,3.3662098369363513,3.4952601508681957,3.6188672249768827,3.7263383030124118,3.833808884621249,3.94907887202935,4.070286815081132
1700000000700000000,10700000000,141,140,140,0,0,,,,0,open_hand,hold,200.0,dev-0123456789abcdef0123456789abcdef,synthetic-2-open_hand,29,protocol,synthetic-demo-contract-v1,True,3.489127251498877,3.592241483911709,3.72551587267518,3.8559037074729194,3.9695996662122335,4.082166095403186,4.202252534041346,4.328557202706238
1700000000705000000,10705000000,142,141,141,0,0,,,,0,open_hand,hold,200.0,dev-0123456789abcdef0123456789abcdef,synthetic-2-open_hand,29,protocol,synthetic-demo-contract-v1,True,3.709387888634152,3.81785815076318,3.955171812734516,4.092246319028295,4.212239070694381,4.329955097482117,4.454847433089912,4.58620510312475
1700000000710000000,10710000000,143,142,142,0,0,,,,0,open_hand,hold,200.0,dev-0123456789abcdef0123456789abcdef,synthetic-2-open_hand,29,protocol,synthetic-demo-contract-v1,True,3.9288998953274192,4.04305509688323,4.184242337065123,4.32789494157952,4.454249939193552,4.577172896225854,4.706865222538414,4.843234320846758
1700000000715000000,10715000000,144,143,143,0,0,,,,0,open_hand,hold,200.0,dev-0123456789abcdef0123456789abcdef,synthetic-2-open_hand,29,protocol,synthetic-demo-contract-v1,True,4.147659719626906,4.267827032795454,4.412743658640349,4.562852281347341,4.695627733507853,4.82381805760685,4.958309163944059,5.0996505002346755
1700000000720000000,10720000000,145,144,144,0,0,,,,0,open_hand,hold,200.0,dev-0123456789abcdef0123456789abcdef,synthetic-2-open_hand,29,protocol,synthetic-demo-contract-v1,True,4.365669614628837,4.492168233496237,4.640693660747643,4.797123859630127,4.936370005655143,5.069890728585309,5.20918411560026,5.35546110242519
1700000000725000000,10725000000,146,145,145,0,0,,,,0,open_hand,hold,200.0,dev-0123456789abcdef0123456789abcdef,synthetic-2-open_hand,29,protocol,synthetic-demo-contract-v1,True,4.582937663327465,4.716072680321659,4.868111716195325,5.03071798805042,5.176476441414873,5.31539265387777,5.459496517160676,5.6106753770122895
1700000000730000000,10730000000,147,146,146,0,0,,,,0,open_hand,hold,200.0,dev-0123456789abcdef0123456789abcdef,synthetic-2-open_hand,29,protocol,synthetic-demo-contract-v1,True,4.799477713739256,4.939534228964333,5.095018504473964,5.263645728408476,5.415948895824065,5.560327188940047,5.709254370394791,5.865304328605823
1700000000735000000,10735000000,148,147,147,0,0,,,,0,open_hand,hold,200.0,dev-0123456789abcdef0123456789abcdef,synthetic-2-open_hand,29,protocol,synthetic-demo-contract-v1,True,5.015309225316172,5.162546800790545,5.321435828954872,5.4959208374120525,5.654791420233179,5.8046993089973515,5.958467216130945,6.119360678393987
1700000000740000000,10740000000,149,148,148,0,0,,,,0,open_hand,hold,200.0,dev-0123456789abcdef0123456789abcdef,synthetic-2-open_hand,29,protocol,synthetic-demo-contract-v1,True,5.230457029381927,5.385104594178831,5.547386436158105,5.727559696664769,5.893010280568099,6.048515613959493,6.207146107448556,6.372858820851359
1700000000745000000,10745000000,150,149,149,0,0,,,,0,open_hand,hold,200.0,dev-0123456789abcdef0123456789abcdef,synthetic-2-open_hand,29,protocol,synthetic-demo-contract-v1,True,5.444951007989593,5.60720231222399,5.7728938390478595,5.958581228405266,6.130613966488421,6.291784329065804,6.455303579187011,6.625814775746882
1700000000750000000,10750000000,151,150,150,0,0,,,,0,open_hand,hold,200.0,dev-0123456789abcdef0123456789abcdef,synthetic-2-open_hand,29,protocol,synthetic-demo-contract-v1,True,0.15882569717535197,0.1913354028316028,0.22298214621536772,0.2765067975948742,0.31761319117914494,0.34701530111250284,0.3779536138443471,0.4157461356184571
1700000000755000000,10755000000,152,151,151,0,0,,,,0,open_hand,hold,200.0,dev-0123456789abcdef0123456789abcdef,synthetic-2-open_hand,29,protocol,synthetic-demo-contract-v1,True,0.3721198220395411,0.4125003069723911,0.44767589868960844,0.5063601010518983,0.5540208815625843,0.5892199901247768,0.6251116039443247,0.667672008892299
1700000000760000000,10760000000,153,152,152,0,0,,,,0,open_hand,hold,200.0,dev-0123456789abcdef0123456789abcdef,synthetic-2-open_hand,29,protocol,synthetic-demo-contract-v1,True,0.5848757723931104,0.6331947106776644,0.6719999159759971,0.7356670444247453,0.7898521587693855,0.8309114563468455,0.8717943109558924,0.9191129588361648
1700000000765000000,10765000000,154,153,153,0,0,,,,0,open_hand,hold,200.0,dev-0123456789abcdef0123456789abcdef,synthetic-2-open_hand,29,protocol,synthetic-demo-contract-v1,True,0.7971390288389217,0.8534177962395495,0.8959791527647336,0.9644556078834907,1.0251243087617754,1.072104342435807,1.118019820854462,1.1700909385458955
1700000000770000000,10770000000,155,154,154,0,0,,,,0,open_hand,hold,200.0,dev-0123456789abcdef0123456789abcdef,synthetic-2-open_hand,29,protocol,synthetic-demo-contract-v1,True,1.008957550089886,1.0731704880348234,1.1196385675754508,1.1927557014889563,1.2598567430580176,1.3128148507588866,1.363807496419637,1.4206292221742713
1700000000775000000,10775000000,156,155,155,0,0,,,,0,open_hand,hold,200.0,dev-0123456789abcdef0123456789abcdef,synthetic-2-open_hand,29,protocol,synthetic-demo-contract-v1,True,1.2203811330413086,1.2924556884198215,1.3430030044158212,1.4205990112695621,1.4940709495642956,1.553060715709029,1.6091779263693393,1.6707523326201466
1700000000780000000,10780000000,157,156,156,0,0,,,,0,open_hand,hold,200.0,dev-0123456789abcdef0123456789abcdef,synthetic-2-open_hand,29,protocol,synthetic-demo-contract-v1,True,1.431460757598419,1.511278499245764,1.5660970883311043,1.6480188370983218,1.7277904335783714,1.7928611709703532,1.854152871435462,1.9204859659040212
1700000000785000000,10785000000,158,157,157,0,0,,,,0,open_hand,hold,200.0,dev-0123456789abcdef0123456789abcdef,synthetic-2-open_hand,29,protocol,synthetic-demo-contract-v1,True,1.6422479285024028,1.729646424717565,1.7889451355119435,1.8750499235149558,1.9610406490880452,2.0322369116828973,2.098755207491412,2.169856912463739
1700000000790000000,10790000000,159,158,158,0,0,,,,0,open_hand,hold,200.0,dev-0123456789abcdef0123456789abcdef,synthetic-2-open_hand,29,protocol,synthetic-demo-contract-v1,True,1.8527940263945164,1.9475695515621403,2.0115710784117162,2.101728284680683,2.193848920546199,2.2712100514751636,2.343008865847064,2.4188929756107678
1700000000795000000,10795000000,160,159,159,0,0,,,,0,open_hand,hold,200.0,dev-0123456789abcdef0123456789abcdef,synthetic-2-open_hand,29,protocol,synthetic-demo-contract-v1,True,2.063149680108389,2.165060702780816,2.2339984061051896,2.3280910246855435,2.4262443553626607,2.5098040743531786,2.586938770831848,2.667622887393568
1700000000800000000,10800000000,161,160,160,0,0,,,,0,open_hand,hold,200.0,dev-0123456789abcdef0123456789abcdef,synthetic-2-open_hand,29,protocol,synthetic-demo-contract-v1,True,2.273364171690628,2.382135561629977,2.4562501198999627,2.5541761544498405,2.658257747410848,2.748043781456052,2.8305707747918847,2.9160762221198873
1700000000805000000,10805000000,162,161,161,0,0,,,,0,open_hand,hold,200.0,dev-0123456789abcdef0123456789abcdef,synthetic-2-open_hand,29,protocol,synthetic-demo-contract-v1,True,2.483484884929523,2.5988127628989157,2.678348703993976,2.78002240647228,2.8899214719036963,2.985955232710153,3.073931590632245,3.1642833077943635
1700000000810000000,10810000000,163,162,162,0,0,,,,0,open_hand,hold,200.0,dev-0123456789abcdef0123456789abcdef,synthetic-2-open_hand,29,protocol,synthetic-demo-contract-v1,True,2.693556807235837,2.815113949027495,2.90031611075905,3.005669048677705,3.12126937204839,3.2235656834370516,3.31704872204064,3.4122751357316923
1700000000815000000,10815000000,164,163,163,0,0,,,,0,open_hand,hold,200.0,dev-0123456789abcdef0123456789abcdef,synthetic-2-open_hand,29,protocol,synthetic-demo-contract-v1,True,2.903622093587565,3.031063789121378,3.1221737600246544,3.2311556986068783,3.352336637942408,3.4609035159939965,3.5599503915339974,3.660083268608668
1700000000820000000,10820000000,165,164,164,0,0,,,,0,open_hand,hold,200.0,dev-0123456789abcdef0123456789abcdef,synthetic-2-open_hand,29,protocol,synthetic-demo-contract-v1,True,3.1137196999453898,3.2466899594713508,3.343942551540601,3.4565221391698913,3.5831596782240838,3.6979981665499992,3.8026654664746116,3.9077397472208126
1700000000825000000,10825000000,166,165,165,0,0,,,,0,open_hand,hold,200.0,dev-0123456789abcdef0123456789abcdef,synthetic-2-open_hand,29,protocol,synthetic-demo-contract-v1,True,3.3238850920940153,3.46202308475709,3.5656428896144488,3.6818081371535665,3.813775985038766,3.9348800471252168,4.045223383207709,4.155276996210892
1700000000830000000,10830000000,167,166,166,0,0,,,,0,open_hand,hold,200.0,dev-0123456789abcdef0123456789abcdef,synthetic-2-open_hand,29,protocol,synthetic-demo-contract-v1,True,3.5341500342963847,3.6770966397058906,3.7872947187515953,3.9070532656322037,4.044223992926507,4.171580463046302,4.287654069477444,4.402727729037576
1700000000835000000,10835000000,168,167,167,0,0,,,,0,open_hand,hold,200.0,dev-0123456789abcdef0123456789abcdef,synthetic-2-open_hand,29,protocol,synthetic-demo-contract-v1,True,3.744542460494918,3.8919468115740092,4.008917568975248,4.132296731380455,4.274542932278558,4.408131525995461,4.529987865283453,4.650124852452632
1700000000840000000,10840000000,169,168,168,0,0,,,,0,open_hand,hold,200.0,dev-0123456789abcdef0123456789abcdef,synthetic-2-open_hand,29,protocol,synthetic-demo-contract-v1,True,3.955086429090242,4.106612324413426,4.230530609371791,4.357577208327767,4.504772678047603,4.644566062856046,4.772255442345202,4.897501370754608
1700000000845000000,10845000000,170,169,169,0,0,,,,0,open_hand,hold,200.0,dev-0123456789abcdef0123456789abcdef,synthetic-2-open_hand,29,protocol,synthetic-demo-contract-v1,True,4.165802160608071,4.321134226670446,4.452152708296049,4.5829326780261015,4.734953594430222,4.880917520582366,5.014487722346371,5.144890290085669
1700000000850000000,10850000000,171,170,170,0,0,,,,0,open_hand,hold,200.0,dev-0123456789abcdef0123456789abcdef,synthetic-2-open_hand,29,protocol,synthetic-demo-contract-v1,True,4.376706155864068,4.535555644225801,4.673802498581979,4.808400278027389,4.965126376269361,5.117219867346004,5.256715794136422,5.392324523036441
1700000000855000000,10855000000,172,171,171,0,0,,,,0,open_hand,hold,200.0,dev-0123456789abcdef0123456789abcdef,synthetic-2-open_hand,29,protocol,synthetic-demo-contract-v1,True,4.587811390589456,4.749921501519954,4.8954984460386735,5.034016158985086,5.195331887949359,5.3535074902349455,5.498970830071395,5.63983679382114
1700000000860000000,10860000000,173,172,172,0,0,,,,0,open_hand,hold,200.0,dev-0123456789abcdef0123456789abcdef,synthetic-2-open_hand,29,protocol,synthetic-demo-contract-v1,True,4.7991275809202385,4.964278213903718,5.117258919469811,5.2598153512061545,5.425611000576061,5.589815089805231,5.7412840016805795,5.88745954428206
1700000000865000000,10865000000,174,173,173,0,0,,,,0,open_hand,hold,200.0,dev-0123456789abcdef0123456789abcdef,synthetic-2-open_hand,29,protocol,synthetic-demo-contract-v1,True,5.010661512712128,5.178673354805568,5.339102260437582,5.4858316412866195,5.656004428249726,5.826177571807464,5.98368639485037,6.135224840978683
1700000000870000000,10870000000,175,174,174,0,0,,,,0,open_hand,hold,200.0,dev-0123456789abcdef0123456789abcdef,synthetic-2-open_hand,29,protocol,synthetic-demo-contract-v1,True,5.2224174263508285,5.393155301705842,5.561046850999704,5.712097459366477,5.886552564248498,6.062629936432066,6.226208924720824,6.38316428361224
1700000000875000000,10875000000,176,175,175,0,0,,,,0,open_hand,hold,200.0,dev-0123456789abcdef0123456789abcdef,synthetic-2-open_hand,29,protocol,synthetic-demo-contract-v1,True,-0.06560255239033173,-0.02972713475162226,0.00811117768045691,0.026143777439262876,0.06729531794526618,0.11170716543764947,0.14388225049472783,0.16880891503149703
1700000000880000000,10880000000,177,176,176,0,0,,,,0,open_hand,hold,200.0,dev-0123456789abcdef0123456789abcdef,synthetic-2-open_hand,29,protocol,synthetic-demo-contract-v1,True,0.14660205418625374,0.18507490609650493,0.23031388999310065,0.2530000190487355,0.29827195328052,0.34844410754610466,0.3867366903627527,0.41718913305996425
1700000000885000000,10885000000,178,177,177,0,0,,,,0,open_hand,hold,200.0,dev-0123456789abcdef0123456789abcdef,synthetic-2-open_hand,29,protocol,synthetic-demo-contract-v1,True,0.3590305668456907,0.4001099443484816,0.4526738519110414,0.4801939806011836,0.5295209296084921,0.5853753625056933,0.6298021367519593,0.6658346043785394
1700000000890000000,10890000000,179,178,178,0,0,,,,0,open_hand,hold,200.0,dev-0123456789abcdef0123456789abcdef,synthetic-2-open_hand,29,protocol,synthetic-demo-contract-v1,True,0.571681653624181,0.6154257664640149,0.6752101847875989,0.707751764417643,0.761079745723358,0.8225351642396478,0.873107972108169,0.9147741806909274
1700000000895000000,10895000000,180,179,179,0,0,,,,0,open_hand,hold,200.0,dev-0123456789abcdef0123456789abcdef,synthetic-2-open_hand,29,protocol,synthetic-demo-contract-v1,True,0.7845538353130267,0.8310690347163721,0.897942300347824,0.9356977235469105,0.9929847878566624,1.0599572635122545,1.1166829854256901,1.1640358173919818
1700000000900000000,10900000000,181,180,180,0,0,,,,0,open_hand,hold,200.0,dev-0123456789abcdef0123456789abcdef,synthetic-2-open_hand,29,protocol,synthetic-demo-contract-v1,True,0.997645980453924,1.0470849041725752,1.1208899225190223,1.1640544182585943,1.2252711824165043,1.2976748105570133,1.3605552897404116,1.4136464949514138
1700000000905000000,10905000000,182,181,181,0,0,,,,0,open_hand,hold,200.0,dev-0123456789abcdef0123456789abcdef,synthetic-2-open_hand,29,protocol,synthetic-demo-contract-v1,True,1.2109577783316134,1.263516652117515,1.3440730970276151,1.39284258403659,1.4579726542135496,1.5357202381221757,1.6047522408044412,1.6636321432171985
1700000000910000000,10910000000,183,182,182,0,0,,,,0,open_hand,hold,200.0,dev-0123456789abcdef0123456789abcdef,synthetic-2-open_hand,29,protocol,synthetic-demo-contract-v1,True,1.4244901789440645,1.480405324677667,1.567512187866599,1.6220811107981505,1.6911213908887233,1.774125145397591,1.8493003571621072,1.9140175688344068
1700000000915000000,10915000000,184,183,183,0,0,,,,0,open_hand,hold,200.0,dev-0123456789abcdef0123456789abcdef,synthetic-2-open_hand,29,protocol,synthetic-demo-contract-v1,True,1.638245789653285,1.6977894051689217,1.791227859927964,1.8517870329731212,1.924747914222745,2.0129201832932653,2.094225241848332,2.1648263859662022
1700000000920000000,10920000000,185,184,184,0,0,,,,0,open_hand,hold,200.0,dev-0123456789abcdef0123456789abcdef,synthetic-2-open_hand,29,protocol,synthetic-demo-contract-v1,True,1.8522292191566214,1.915704508394283,2.015241047295525,2.0819755299926834,2.158880958968708,2.252134941544299,2.33955150593102,2.416080950494368
1700000000925000000,10925000000,186,185,185,0,0,,,,0,open_hand,hold,200.0,dev-0123456789abcdef0123456789abcdef,synthetic-2-open_hand,29,protocol,synthetic-demo-contract-v1,True,2.0664473605498306,2.134183104755429,2.2395729069031445,2.3126599366579574,2.3935473598059382,2.491797838118811,2.585302694119182,2.667802297866978
1700000000930000000,10930000000,187,186,186,0,0,,,,0,open_hand,hold,200.0,dev-0123456789abcdef0123456789abcdef,synthetic-2-open_hand,29,protocol,synthetic-demo-contract-v1,True,2.280909606556015,2.3532542776228507,2.4642447574786015,2.543851762786692,2.628771946966709,2.73193601140502,2.8315012126579644,2.920010084750735
1700000000935000000,10935000000,188,187,187,0,0,,,,0,open_hand,hold,200.0,dev-0123456789abcdef0123456789abcdef,synthetic-2-open_hand,29,protocol,synthetic-demo-contract-v1,True,2.4956279914420003,2.572943516938892,2.6892780039116193,2.7755607214717095,2.8645774510373316,2.9725752156508576,3.078168259730617,3.172722534635121
1700000000940000000,10940000000,189,188,188,0,0,,,,0,open_hand,hold,200.0,dev-0123456789abcdef0123456789abcdef,synthetic-2-open_hand,29,protocol,synthetic-demo-contract-v1,True,2.7106172557061754,2.7932725515137182,2.914694047403011,3.007794765228314,3.1009844173820675,3.2137397201241704,3.3253237585855757,3.425956387524797
1700000000945000000,10945000000,190,189,189,0,0,,,,0,open_hand,hold,200.0,dev-0123456789abcdef0123456789abcdef,synthetic-2-open_hand,29,protocol,synthetic-demo-contract-v1,True,2.925894831267225,3.0142592219238735,3.140514181967699,3.2405601292599866,3.3380111305825606,3.455452212453889,3.5729862936043113,3.6797268538457524
1700000000950000000,10950000000,191,190,190,0,0,,,,0,open_hand,hold,200.0,dev-0123456789abcdef0123456789abcdef,synthetic-2-open_hand,29,protocol,synthetic-demo-contract-v1,True,3.141480746577754,3.2359173953451434,3.366759478074776,3.4738613810327608,3.575673549227477,3.6977337066023255,3.8211730495223515,3.934047572679536
1700000000955000000,10955000000,192,191,191,0,0,,,,0,open_hand,hold,200.0,dev-0123456789abcdef0123456789abcdef,synthetic-2-open_hand,29,protocol,synthetic-demo-contract-v1,True,3.3573974527958046,3.4582569230546296,3.593450654409999,3.707701475319007,3.813985251327111,3.9406034559061425,4.0698997540118835,4.188930574428457
1700000000960000000,10960000000,193,192,192,0,0,,,,0,open_hand,hold,200.0,dev-0123456789abcdef0123456789abcdef,synthetic-2-open_hand,29,protocol,synthetic-demo-contract-v1,True,3.5736695738356676,3.681283640730602,3.820607938937608,3.9420818138510945,4.0529573905664,4.184078871608473,4.3191806238295625,4.44438624800313
1700000000965000000,10965000000,194,193,193,0,0,,,,0,open_hand,hold,200.0,dev-0123456789abcdef0123456789abcdef,synthetic-2-open_hand,29,protocol,synthetic-demo-contract-v1,True,3.7903235847525174,3.9049994110718966,4.04825092061656,4.177002308714754,4.292598663547372,4.428175447287276,4.5690283147276345,4.700423312611918
1700000000970000000,10970000000,195,194,194,0,0,,,,0,open_hand,hold,200.0,dev-0123456789abcdef0123456789abcdef,synthetic-2-open_hand,29,protocol,synthetic-demo-contract-v1,True,4.007387424459701,4.12940220766081,4.276398393288866,4.412461448610746,4.532915288109079,4.672906689565234,4.819453875320076,4.957048794220027
1700000000975000000,10975000000,196,195,195,0,0,,,,0,open_hand,hold,200.0,dev-0123456789abcdef0123456789abcdef,synthetic-2-open_hand,29,protocol,synthetic-demo-contract-v1,True,4.224890050201345,4.354486238413628,4.505068193402547,4.64845636712178,4.77391099274989,4.918284055464523,5.070466705088335,5.214268006733922
1700000000980000000,10980000000,197,196,196,0,0,,,,0,open_hand,hold,200.0,dev-0123456789abcdef0123456789abcdef,synthetic-2-open_hand,29,protocol,synthetic-demo-contract-v1,True,4.442860942476962,4.580242106410078,4.734277033356888,4.8849829121391055,5.015587017114168,5.164316896745637,5.3220745167032355,5.472084537954761
1700000000985000000,10985000000,198,197,197,0,0,,,,0,open_hand,hold,200.0,dev-0123456789abcdef0123456789abcdef,synthetic-2-open_hand,29,protocol,synthetic-demo-contract-v1,True,4.6613295702127635,4.806657005375442,4.964040332361418,5.122035715629728,5.257942123443133,5.411012411543263,5.574283302830838,5.730500240332308
1700000000990000000,10990000000,199,198,198,0,0,,,,0,open_hand,hold,200.0,dev-0123456789abcdef0123456789abcdef,synthetic-2-open_hand,29,protocol,synthetic-demo-contract-v1,True,4.8803248268737,5.0337149466146895,5.194372046780908,5.359608262960164,5.500972618828658,5.6583756035839645,5.827097307580348,5.9895152265386775
1700000000995000000,10995000000,200,199,199,0,0,,,,0,open_hand,hold,200.0,dev-0123456789abcdef0123456789abcdef,synthetic-2-open_hand,29,protocol,synthetic-demo-contract-v1,True,5.099874448892409,5.261397013774139,5.425284501995758,5.597692961035885,5.744672388049222,5.906409249240569,6.080519002741789,6.249127869869032
1700000001000000000,11000000000,201,200,200,0,0,,,,0,open_hand,hold,200.0,dev-0123456789abcdef0123456789abcdef,synthetic-2-open_hand,29,protocol,synthetic-demo-contract-v1,True,-0.17999557175810757,-0.14781835856104203,-0.11821177216088025,-0.07621879543376676,-0.0609670632903436,-0.032386127353601225,0.009549068949841744,0.046834809464196395
1700000001005000000,11005000000,202,201,201,0,0,,,,0,open_hand,hold,200.0,dev-0123456789abcdef0123456789abcdef,synthetic-2-open_hand,29,protocol,synthetic-demo-contract-v1,True,0.040738431188533424,0.0810449132700904,0.11389179967895006,0.1628634398222424,0.18404344435104394,0.21698772905934782,0.26418638189822924,0.30763096033801296
1700000001010000000,11010000000,203,202,202,0,0,,,,0,open_hand,hold,200.0,dev-0123456789abcdef0123456789abcdef,synthetic-2-open_hand,29,protocol,synthetic-demo-contract-v1,True,0.26209723522644324,0.3104608751462928,0.34660168719422085,0.40242922531863595,0.42969082714452733,0.46702679663121494,0.5194280037161776,0.5690095281801409
1700000001015000000,11015000000,204,203,203,0,0,,,,0,open_hand,hold,200.0,dev-0123456789abcdef0123456789abcdef,synthetic-2-open_hand,29,protocol,synthetic-demo-contract-v1,True,0.48409819591345,0.5404018586094593,0.5799221128501193,0.6424672889206072,0.6759598097332774,0.7177247767019632,0.7752691796049118,0.8309620288930529
1700000001020000000,11020000000,205,204,204,0,0,,,,0,open_hand,hold,200.0,dev-0123456789abcdef0123456789abcdef,synthetic-2-open_hand,29,protocol,synthetic-demo-contract-v1,True,0.7067547548088847,0.7708388098167354,0.81385492200745,0.8829655809499654,0.9228330057406119,0.9690731027017683,1.0317033398178417,1.0934783128100418
1700000001025000000,11025000000,206,205,205,0,0,,,,0,open_hand,hold,200.0,dev-0123456789abcdef0123456789abcdef,synthetic-2-open_hand,29,protocol,synthetic-demo-contract-v1,True,0.9300759989638915,1.001741619182292,1.0483994665074134,1.1239113229430207,1.170291006419713,1.2210609577061031,1.2887221070530914,1.356546593529297
1700000001030000000,11030000000,207,206,206,0,0,,,,0,open_hand,hold,200.0,dev-0123456789abcdef0123456789abcdef,synthetic-2-open_hand,29,protocol,synthetic-demo-contract-v1,True,1.1540662814513554,1.233079446945227,1.283552503455453,1.3652910517932846,1.4183124768817148,1.4736753006508436,1.5463153093113817,1.620153481287497
1700000001035000000,11035000000,208,207,207,0,0,,,,0,open_hand,hold,200.0,dev-0123456789abcdef0123456789abcdef,synthetic-2-open_hand,29,protocol,synthetic-demo-contract-v1,True,1.3787249112640425,1.4648210400267938,1.5193081107882156,1.6070906590947494,1.6668742593044001,1.7269009011756584,1.8044709982560148,1.8842840207849056
1700000001040000000,11040000000,209,208,208,0,0,,,,0,open_hand,hold,200.0,dev-0123456789abcdef0123456789abcdef,synthetic-2-open_hand,29,protocol,synthetic-demo-contract-v1,True,1.6040459195795238,1.696935035737899,1.755657621047488,1.8492954255852465,1.915951482493524,1.9807203830250013,2.0631754730948795,2.1489217333627226
1700000001045000000,11045000000,210,209,209,0,0,,,,0,open_hand,hold,200.0,dev-0123456789abcdef0123456789abcdef,synthetic-2-open_hand,29,protocol,synthetic-demo-contract-v1,True,1.830017907915765,1.929390248163273,1.9925895746060187,2.091890050673241,2.1655176771430944,2.2351142758970357,2.3224133099870747,2.4140486634224056
1700000001050000000,11050000000,211,210,210,0,0,,,,0,open_hand,hold,200.0,dev-0123456789abcdef0123456789abcdef,synthetic-2-open_hand,29,protocol,synthetic-demo-contract-v1,True,2.0566239821116805,2.162155933377549,2.230089693394544,2.334858677114415,2.415544896119841,2.490061075592003,2.582167396958938,2.679645428965887
1700000001055000000,11055000000,212,211,211,0,0,,,,0,open_hand,hold,200.0,dev-0123456789abcdef0123456789abcdef,synthetic-2-open_hand,29,protocol,synthetic-demo-contract-v1,True,2.283841774394627,2.395202030035405,2.468140875969316,2.578184910985621,2.666003839080746,2.7455373122731044,2.842418974296073,2.9456912761250833
1700000001060000000,11060000000,213,212,212,0,0,,,,0,open_hand,hold,200.0,dev-0123456789abcdef0123456789abcdef,synthetic-2-open_hand,29,protocol,synthetic-demo-contract-v1,True,2.511643554075602,2.628499372316726,2.706723214537525,2.821851837182342,2.9168639807209242,3.001517626615136,3.1031476803594744,3.212164137538858
1700000001065000000,11065000000,214,213,213,0,0,,,,0,open_hand,hold,200.0,dev-0123456789abcdef0123456789abcdef,synthetic-2-open_hand,29,protocol,synthetic-demo-contract-v1,True,2.7399964256776066,2.8620198726913535,2.9458140343267076,3.0658420307407614,3.1680937019423596,3.2579748535790456,3.3643316027549983,3.4790406944256347
1700000001070000000,11070000000,215,214,214,0,0,,,,0,open_hand,hold,200.0,dev-0123456789abcdef0123456789abcdef,synthetic-2-open_hand,29,protocol,synthetic-demo-contract-v1,True,2.96886261158845,3.0957366724887927,3.185387955446424,3.310137564356125,3.419660423232009,3.5148801135145473,3.625947334766492,3.7462964421902796
1700000001075000000,11075000000,216,215,215,0,0,,,,0,open_hand,hold,200.0,dev-0123456789abcdef0123456789abcdef,synthetic-2-open_hand,29,protocol,synthetic-demo-contract-v1,True,3.1981998146708253,3.3296242588078693,3.4254169771488048,3.554720012534403,3.6715307395404926,3.772202910258029,3.887970036943737,4.0139057593945555
1700000001080000000,11080000000,217,216,216,0,0,,,,0,open_hand,hold,200.0,dev-0123456789abcdef0123456789abcdef,synthetic-2-open_hand,29,protocol,synthetic-demo-contract-v1,True,3.427961654693491,3.5636585468711397,3.6658705841520796,3.799570452873746,3.9236705559600193,4.029911235859583,4.150373503717229,4.281841979911603
1700000001085000000,11085000000,218,217,217,0,0,,,,0,open_hand,hold,200.0,dev-0123456789abcdef0123456789abcdef,synthetic-2-open_hand,29,protocol,synthetic-demo-contract-v1,True,3.6580981709995006,3.797816927509718,3.906715874450591,4.044669465024963,4.176045223512035,4.287971681541018,4.413130234892648,4.550077468076338
1700000001090000000,11090000000,219,218,218,0,0,,,,0,open_hand,hold,200.0,dev-0123456789abcdef0123456789abcdef,synthetic-2-open_hand,29,protocol,synthetic-demo-contract-v1,True,3.8885563825300764,4.032078280047035,4.147917707799137,4.289997127925891,4.4286196743714195,4.546349554456639,4.6762115118589005,4.818583696635566
1700000001095000000,11095000000,220,219,219,0,0,,,,0,open_hand,hold,200.0,dev-0123456789abcdef0123456789abcdef,synthetic-2-open_hand,29,protocol,synthetic-demo-contract-v1,True,4.119280895202104,4.2664229514255485,4.389438873831402,4.5355330159423515,4.68135855587445,4.805008999800285,4.939587478324726,5.087331327293959
1700000001100000000,11100000000,221,220,220,0,0,,,,0,open_hand,hold,200.0,dev-0123456789abcdef0123456789abcdef,synthetic-2-open_hand,29,protocol,synthetic-demo-contract-v1,True,4.350214545716077,4.500832702979564,4.631240278554625,4.781256194578062,4.934226362682218,5.063913127776044,5.203227225380362,5.356290293644717
1700000001105000000,11105000000,222,221,221,0,0,,,,0,open_hand,hold,200.0,dev-0123456789abcdef0123456789abcdef,synthetic-2-open_hand,29,protocol,synthetic-demo-contract-v1,True,4.581299070168251,4.735290626791279,4.873281147757998,5.027145216437013,5.187187566499305,5.323024144926096,5.467098880662546,5.6254298862670815
1700000001110000000,11110000000,223,222,222,0,0,,,,0,open_hand,hold,200.0,dev-0123456789abcdef0123456789abcdef,synthetic-2-open_hand,29,protocol,synthetic-demo-contract-v1,True,4.812475785369971,4.969781034067419,5.115519245683117,5.273178118134131,5.44020674277908,5.582303489287604,5.731169701383379,5.894718839766442
1700000001115000000,11115000000,224,223,223,0,0,,,,0,open_hand,hold,200.0,dev-0123456789abcdef0123456789abcdef,synthetic-2-open_hand,29,protocol,synthetic-demo-contract-v1,True,5.043686270548106,5.204289318432681,5.357911107133367,5.519332418853425,5.69324869388177,5.84171196883151,5.995406170966398,6.164125421527084
1700000001120000000,11120000000,225,224,224,0,0,,,,0,open_hand,hold,200.0,dev-0123456789abcdef0123456789abcdef,synthetic-2-open_hand,29,protocol,synthetic-demo-contract-v1,True,5.274873037117897,5.438801797446195,5.600412281047485,5.765585121247176,5.946278568188974,6.101209902619631,6.259774099016578,6.4336175219422875
1700000001125000000,11125000000,226,225,225,0,0,,,,0,open_hand,hold,200.0,dev-0123456789abcdef0123456789abcdef,synthetic-2-open_hand,29,protocol,synthetic-demo-contract-v1,True,0.005980174482682009,0.03580553600206535,0.06797758343252039,0.0994127153549287,0.14926197471836333,0.17325726410261666,0.19923872433506692,0.24066274588173936
1700000001130000000,11130000000,227,226,226,0,0,,,,0,open_hand,hold,200.0,dev-0123456789abcdef0123456789abcdef,synthetic-2-open_hand,29,protocol,synthetic-demo-contract-v1,True,0.2369539603188026,0.2702881555691615,0.31056135744459484,0.3457911861976055,0.4021650928245725,0.4328138259704266,0.4637648206744234,0.5102285051520521
1700000001135000000,11135000000,228,227,227,0,0,,,,0,open_hand,hold,200.0,dev-0123456789abcdef0123456789abcdef,synthetic-2-open_hand,29,protocol,synthetic-demo-contract-v1,True,0.4677434245377834,0.5047376334539083,0.5531177383235224,0.5921960256696476,0.6549547766161864,0.6923393059586992,0.7283168049157662,0.7797821117024953
1700000001140000000,11140000000,229,228,228,0,0,,,,0,open_hand,hold,200.0,dev-0123456789abcdef0123456789abcdef,synthetic-2-open_hand,29,protocol,synthetic-demo-contract-v1,True,0.698300857067088,0.7391420964295577,0.7956009208304979,0.8386022493115406,0.9075986537642249,0.95179351300917,0.9928588473360084,1.0492908713250206
1700000001145000000,11145000000,230,229,229,0,0,,,,0,open_hand,hold,200.0,dev-0123456789abcdef0123456789abcdef,synthetic-2-open_hand,29,protocol,synthetic-demo-contract-v1,True,0.9285822507356265,0.9734896131635327,1.037965426807372,1.084984418496412,1.1600652184238918,1.2111364931798914,1.257354983621015,1.3187221775951572
1700000001150000000,11150000000,231,230,230,0,0,,,,0,open_hand,hold,200.0,dev-0123456789abcdef0123456789abcdef,synthetic-2-open_hand,29,protocol,synthetic-demo-contract-v1,True,1.158547671867688,1.20776798988974,1.2801663704719075,1.3313166685083009,1.4123239180384621,1.4703286747015765,1.5217692282693267,1.5880436057985043
1700000001155000000,11155000000,232,231,231,0,0,,,,0,open_hand,hold,200.0,dev-0123456789abcdef0123456789abcdef,synthetic-2-open_hand,29,protocol,synthetic-demo-contract-v1,True,1.388161552652103,1.4419645737149092,1.52215971908589,1.5775727429266606,1.6643452338414941,1.729331011579873,1.7860656890210287,1.8572230065862696
1700000001160000000,11160000000,233,232,232,0,0,,,,0,open_hand,hold,200.0,dev-0123456789abcdef0123456789abcdef,synthetic-2-open_hand,29,protocol,synthetic-demo-contract-v1,True,1.6173929009325154,1.6760660678180237,1.7639025466818044,1.8237260346623623,1.9161007549207965,1.9881051251497996,2.0502086819375367,2.126228599102691
1700000001165000000,11165000000,234,233,233,0,0,,,,0,open_hand,hold,200.0,dev-0123456789abcdef0123456789abcdef,synthetic-2-open_hand,29,protocol,synthetic-demo-contract-v1,True,1.8462154247274527,1.910058362601763,2.0053532786083728,2.06974963391556,2.1675632457542537,2.2466134429978357,2.31416284675049,2.39502906332715
1700000001170000000,11170000000,235,234,234,0,0,,,,0,open_hand,hold,200.0,dev-0123456789abcdef0123456789abcdef,synthetic-2-open_hand,29,protocol,synthetic-demo-contract-v1,True,2.0746075705017173,2.143926386587819,2.246471924754768,2.315616383246146,2.4187067071735098,2.5048193346793086,2.577893262091776,2.6635936313744497
1700000001175000000,11175000000,236,235,235,0,0,,,,0,open_hand,hold,200.0,dev-0123456789abcdef0123456789abcdef,synthetic-2-open_hand,29,protocol,synthetic-demo-contract-v1,True,2.302552475938551,2.3776539805181387,2.4872202994364963,2.561298939863859,2.6695064307561296,2.762687243673599,2.841365560211854,2.9318921774980202
1700000001180000000,11180000000,237,236,236,0,0,,,,0,open_hand,hold,200.0,dev-0123456789abcdef0123456789abcdef,synthetic-2-open_hand,29,protocol,synthetic-demo-contract-v1,True,2.5300378396700087,2.6112237977368173,2.7275622260713708,2.8067698451584047,2.9199390466899344,3.0201828150372667,3.104546040790202,3.199895306542733
1700000001185000000,11185000000,238,237,237,0,0,,,,0,open_hand,hold,200.0,dev-0123456789abcdef0123456789abcdef,synthetic-2-open_hand,29,protocol,synthetic-demo-contract-v1,True,2.7570557120762818,2.844617233488672,2.967463724939932,3.0520016014010247,3.1699825651944438,3.2772730182353613,3.3674017834397767,3.467574440596661
1700000001190000000,11190000000,239,238,238,0,0,,,,0,open_hand,hold,200.0,dev-0123456789abcdef0123456789abcdef,synthetic-2-open_hand,29,protocol,synthetic-demo-contract-v1,True,2.983602212829808,3.077814385287328,3.2068931825091074,3.2969667554588145,3.41961641162334,3.5339262646538447,3.629900758506986,3.7349019035943183
1700000001195000000,11195000000,240,239,239,0,0,,,,0,open_hand,hold,200.0,dev-0123456789abcdef0123456789abcdef,synthetic-2-open_hand,29,protocol,synthetic-demo-contract-v1,True,3.2096771823051116,3.3107940459857015,3.4458215009986914,3.5416379892726777,3.668821455408512,3.7901125193210663,3.8920119357698377,4.001851003627936
1700000001200000000,11200000000,241,240,240,0,0,,,,0,open_hand,hold,200.0,dev-0123456789abcdef0123456789abcdef,synthetic-2-open_hand,29,protocol,synthetic-demo-contract-v1,True,3.435283775271107,3.5435337306331083,3.684222227084863,3.7859882167600207,3.9175800330400175,4.045803406393414,4.153705390639575,4.268396112727825
1700000001205000000,11205000000,242,241,241,0,0,,,,0,open_hand,hold,200.0,dev-0123456789abcdef0123456789abcdef,synthetic-2-open_hand,29,protocol,synthetic-demo-contract-v1,True,3.660428006402949,3.7760097376347797,3.9220716588610878,4.029990686715242,4.1658759653073,4.300972307989643,4.414952407475433,4.534512743878214
1700000001210000000,11210000000,243,242,242,0,0,,,,0,open_hand,hold,200.0,dev-0123456789abcdef0123456789abcdef,synthetic-2-open_hand,29,protocol,synthetic-demo-contract-v1,True,3.8851182580726022,4.00819724415009,4.159348930411406,4.273619091195535,4.413694569054744,4.555594455989511,4.67572557962795,4.800177625040828
1700000001215000000,11215000000,244,243,243,0,0,,,,0,open_hand,hold,200.0,dev-0123456789abcdef0123456789abcdef,synthetic-2-open_hand,29,protocol,synthetic-demo-contract-v1,True,4.109364761582675,4.240070435084634,4.396036073591774,4.5168476787976095,4.661022663729145,4.80964701644536,4.935998905833724,5.06536876996506
1700000001220000000,11220000000,245,244,244,0,0,,,,0,open_hand,hold,200.0,dev-0123456789abcdef0123456789abcdef,synthetic-2-open_hand,29,protocol,synthetic-demo-contract-v1,True,4.3331790634824525,4.471602664457592,4.63211805685872,4.759651372153369,4.907848573017713,5.063109166289763,5.19574788259348,5.330065545570789
1700000001225000000,11225000000,246,245,245,0,0,,,,0,open_hand,hold,200.0,dev-0123456789abcdef0123456789abcdef,synthetic-2-open_hand,29,protocol,synthetic-demo-contract-v1,True,4.556573488839029,4.702766647368661,4.867582801228376,5.002005888900388,5.15416212189271,5.315962162058255,5.454949592175866,5.594248735697757
1700000001230000000,11230000000,247,246,246,0,0,,,,0,open_hand,hold,200.0,dev-0123456789abcdef0123456789abcdef,synthetic-2-open_hand,29,protocol,synthetic-demo-contract-v1,True,4.7795606133254775,4.933534680257149,5.102421173689926,5.243887865316926,5.399954629392685,5.5681894003831935,5.713582785901496,5.857900601023936
1700000001235000000,11235000000,248,247,247,0,0,,,,0,open_hand,hold,200.0,dev-0123456789abcdef0123456789abcdef,synthetic-2-open_hand,29,protocol,synthetic-demo-contract-v1,True,5.002152755732487,5.1638788866479794,5.3366269586329675,5.48527498175196,5.645218897480483,5.8197764700529,5.971627962375324,6.121004934964352
1700000001240000000,11240000000,249,248,248,0,0,,,,0,open_hand,hold,200.0,dev-0123456789abcdef0123456789abcdef,synthetic-2-open_hand,29,protocol,synthetic-demo-contract-v1,True,5.224361502015279,5.393771485123398,5.570196808075302,5.726146088929077,5.889949196324703,6.070711195468953,6.229067440350528,6.383547115371607
1700000001245000000,11245000000,250,249,249,0,0,,,,0,open_hand,hold,200.0,dev-0123456789abcdef0123456789abcdef,synthetic-2-open_hand,29,protocol,synthetic-demo-contract-v1,True,5.446197271264322,5.623185075852278,5.803130171693679,5.966481334159516,6.134141246354186,6.32098367137394,6.485885425923512,6.6455141518695395
1700000001250000000,11250000000,251,250,250,0,0,,,,0,open_hand,hold,200.0,dev-0123456789abcdef0123456789abcdef,synthetic-2-open_hand,29,protocol,synthetic-demo-contract-v1,True,0.16766893305119449,0.2145929416577539,0.2604292078625112,0.2937622864649749,0.32779219743440596,0.3830862887616708,0.4170680737775603,0.44439472866243507
1700000001255000000,11255000000,252,251,251,0,0,,,,0,open_hand,hold,200.0,dev-0123456789abcdef0123456789abcdef,synthetic-2-open_hand,29,protocol,synthetic-demo-contract-v1,True,0.38878348446943295,0.44296935931403275,0.4920986770920588,0.5329720595851329,0.5709006055104144,0.6320137519217349,0.6726035422118168,0.7051792426734635
1700000001260000000,11260000000,253,252,252,0,0,,,,0,open_hand,hold,200.0,dev-0123456789abcdef0123456789abcdef,synthetic-2-open_hand,29,protocol,synthetic-demo-contract-v1,True,0.6095457938874985,0.6707899165393953,0.723145819426105,0.7715954318288291,0.8134664070534134,0.8802630866100315,0.9274820417126862,0.9653598368780506
1700000001265000000,11265000000,254,253,253,0,0,,,,0,open_hand,hold,200.0,dev-0123456789abcdef0123456789abcdef,synthetic-2-open_hand,29,protocol,synthetic-demo-contract-v1,True,0.8299584169840574,0.8980318299983339,0.9535802175075955,1.0096189617216558,1.0554908916372368,1.1278336393764767,1.181695876846394,1.224930428710262
1700000001270000000,11270000000,255,254,254,0,0,,,,0,open_hand,hold,200.0,dev-0123456789abcdef0123456789abcdef,synthetic-2-open_hand,29,protocol,synthetic-demo-contract-v1,True,1.0500214890742157,1.124674259544024,1.183413647147527,1.2470310984064772,1.296976672957138,1.3747270681200698,1.4352394812741445,1.4838867334331916
1700000001275000000,11275000000,256,255,255,0,0,,,,0,open_hand,hold,200.0,dev-0123456789abcdef0123456789abcdef,synthetic-2-open_hand,29,protocol,synthetic-demo-contract-v1,True,1.2697326960913553,1.3506986139244075,1.4126599173360854,1.4838222857672811,1.5379276585865966,1.6209473239798509,1.6881094457150636,1.7422262823776837
1700000001280000000,11280000000,257,256,256,0,0,,,,0,open_hand,hold,200.0,dev-0123456789abcdef0123456789abcdef,synthetic-2-open_hand,29,protocol,synthetic-demo-contract-v1,True,1.4890873248965102,1.57608884324138,1.6413347017145494,1.719985059270691,1.778349018748528,1.8665006247077367,1.940304538706788,1.9999484359674873
1700000001285000000,11285000000,258,257,257,0,0,,,,0,open_hand,hold,200.0,dev-0123456789abcdef0123456789abcdef,synthetic-2-open_hand,29,protocol,synthetic-demo-contract-v1,True,1.7080783918805786,1.800831713592146,1.8694553635809457,1.955514134553357,2.0182471543556035,2.111395419705594,2.191825720039082,2.257054391463074
1700000001290000000,11290000000,259,258,258,0,0,,,,0,open_hand,hold,200.0,dev-0123456789abcdef0123456789abcdef,synthetic-2-open_hand,29,protocol,synthetic-demo-contract-v1,True,1.9266968471391333,2.02491705953268,2.0970407765313652,2.1904064868270314,2.2576296645506053,2.3556423469440206,2.442676146762117,2.5135471853708418
1700000001295000000,11295000000,260,259,259,0,0,,,,0,open_hand,hold,200.0,dev-0123456789abcdef0123456789abcdef,synthetic-2-open_hand,29,protocol,synthetic-demo-contract-v1,True,2.1449318498697942,2.248338010282414,2.324111142842045,2.4246614202261387,2.4965053139521722,2.5992541820140005,2.6928611716979756,2.769431690479257
1700000001300000000,11300000000,261,260,260,0,0,,,,0,open_hand,hold,200.0,dev-0123456789abcdef0123456789abcdef,synthetic-2-open_hand,29,protocol,synthetic-demo-contract-v1,True,2.362771109101522,2.471091185932543,2.550687811674836,2.6582806262846654,2.734883999784181,2.8422457795946765,2.9423883344113224,3.0247146074985283
1700000001305000000,11305000000,262,261,261,0,0,,,,0,open_hand,hold,200.0,dev-0123456789abcdef0123456789abcdef,synthetic-2-open_hand,29,protocol,synthetic-demo-contract-v1,True,2.5802012824454854,2.6931768603225827,2.7767930991410386,2.891268230799672,2.972776719038769,3.0846340076508336,3.191267344623108,3.2794044512957705
1700000001310000000,11310000000,263,262,262,0,0,,,,0,open_hand,hold,200.0,dev-0123456789abcdef0123456789abcdef,synthetic-2-open_hand,29,protocol,synthetic-demo-contract-v1,True,2.7972084242874935,2.9145990877049526,3.0024501121864717,3.1236308284171526,3.210195535793831,3.326437674702128,3.4395100580792812,3.5335115317331054
1700000001315000000,11315000000,264,263,263,0,0,,,,0,open_hand,hold,200.0,dev-0123456789abcdef0123456789abcdef,synthetic-2-open_hand,29,protocol,synthetic-demo-contract-v1,True,3.01377847374854,3.1353657908184545,3.2276825781650778,3.3553775043615834,3.4471535487761695,3.567677450532518,3.687130444914873,3.7870479291318273
1700000001320000000,11320000000,265,264,264,0,0,,,,0,open_hand,hold,200.0,dev-0123456789abcdef0123456789abcdef,synthetic-2-open_hand,29,protocol,synthetic-demo-contract-v1,True,3.2298977718453328,3.3554888085310393,3.4525146818507726,3.586519842822697,3.6836648592316057,3.808375780732669,3.934144550582257,4.040027464401559
1700000001325000000,11325000000,266,265,265,0,0,,,,0,open_hand,hold,200.0,dev-0123456789abcdef0123456789abcdef,synthetic-2-open_hand,29,protocol,synthetic-demo-contract-v1,True,3.445553596605181,3.5749839017817977,3.6769709114990743,3.8170719216107627,3.9197445391335592,4.048556795490087,4.18057044944074,4.292465663889141
1700000001330000000,11330000000,267,266,266,0,0,,,,0,open_hand,hold,200.0,dev-0123456789abcdef0123456789abcdef,synthetic-2-open_hand,29,protocol,synthetic-demo-contract-v1,True,3.6607347044435032,3.793870717143266,3.9010759154133194,4.0470502927944185,4.1554085997324055,4.288246213061551,4.426428191132948,4.544379719017911
1700000001335000000,11335000000,268,267,267,0,0,,,,0,open_hand,hold,200.0,dev-0123456789abcdef0123456789abcdef,synthetic-2-open_hand,29,protocol,synthetic-demo-contract-v1,True,3.8754318659066254,4.012172707928484,4.124854370296875,4.276473949141534,4.390673960419307,4.527471238379617,4.671739739901319,4.795788440803839
1700000001340000000,11340000000,269,268,268,0,0,,,,0,open_hand,hold,200.0,dev-0123456789abcdef0123456789abcdef,synthetic-2-open_hand,29,protocol,synthetic-demo-contract-v1,True,4.089638383922106,4.229917013373938,4.348330862485115,4.505364276293179,4.625558417850872,4.766260457259897,4.916528907025631,5.046712209350776
1700000001345000000,11345000000,270,269,269,0,0,,,,0,open_hand,hold,200.0,dev-0123456789abcdef0123456789abcdef,synthetic-2-open_hand,29,protocol,synthetic-demo-contract-v1,True,4.3033505829828025,4.447134297029939,4.571529782951425,4.733744990712145,4.860080615254966,5.004643726688106,5.160821276589497,5.297172918442723
1700000001350000000,11350000000,271,270,270,0,0,,,,0,open_hand,hold,200.0,dev-0123456789abcdef0123456789abcdef,synthetic-2-open_hand,29,protocol,synthetic-demo-contract-v1,True,4.516568258213817,4.663858546075168,4.794475236772656,4.961642063559858,5.094260011813643,5.242652061675663,5.404644124810103,5.547193915366473
1700000001355000000,11355000000,272,271,271,0,0,,,,0,open_hand,hold,200.0,dev-0123456789abcdef0123456789abcdef,synthetic-2-open_hand,29,protocol,synthetic-demo-contract-v1,True,4.729295074022877,4.880126833832883,5.0171909675241295,5.189083630767767,5.328116851996833,5.480317519179928,5.648026333191134,5.796799936113287
1700000001360000000,11360000000,273,272,272,0,0,,,,0,open_hand,hold,200.0,dev-0123456789abcdef0123456789abcdef,synthetic-2-open_hand,29,protocol,synthetic-demo-contract-v1,True,4.9415389029994685,5.095979048294267,5.239700296855069,5.4160998896804555,5.5616721347002445,5.717673079589752,5.890998295783575,6.046017036123201
1700000001365000000,11365000000,274,273,273,0,0,,,,0,open_hand,hold,200.0,dev-0123456789abcdef0123456789abcdef,synthetic-2-open_hand,29,protocol,synthetic-demo-contract-v1,True,5.1533120968867125,5.311457589941191,5.462026079275177,5.642722982756616,5.794947582023219,5.954752526279273,6.133591820862812,6.294872516750246
1700000001370000000,11370000000,275,274,274,0,0,,,,0,open_hand,hold,200.0,dev-0123456789abcdef0123456789abcdef,synthetic-2-open_hand,29,protocol,synthetic-demo-contract-v1,True,5.364631682779168,5.526607042599222,5.684190671964678,5.8689868689198645,6.027965607507202,6.191590323732427,6.375840027353198,6.543394847641148
1700000001375000000,11375000000,276,275,275,0,0,,,,0,open_hand,hold,200.0,dev-0123456789abcdef0123456789abcdef,synthetic-2-open_hand,29,protocol,synthetic-demo-contract-v1,True,0.07551947917244635,0.10397382143479213,0.1312159192064215,0.18242718325295038,0.2107492836432449,0.24072149473792492,0.2927772363527108,0.329113585233938
1700000001380000000,11380000000,277,276,276,0,0,,,,0,open_hand,hold,200.0,dev-0123456789abcdef0123456789abcdef,synthetic-2-open_hand,29,protocol,synthetic-demo-contract-v1,True,0.2860021280770243,0.31860580253275006,0.3531231508322072,0.40808108582545993,0.44332230844769144,0.4771814971491396,0.5344388581305631,0.5770592875963374
1700000001385000000,11385000000,278,277,277,0,0,,,,0,open_hand,hold,200.0,dev-0123456789abcdef0123456789abcdef,synthetic-2-open_hand,29,protocol,synthetic-demo-contract-v1,True,0.496111041076582,0.5330519387466476,0.5749331938789675,0.6334871005355619,0.6757089708990036,0.7135061006958382,0.7758612749894426,0.8247634258365838
1700000001390000000,11390000000,279,278,278,0,0,,,,0,open_hand,hold,200.0,dev-0123456789abcdef0123456789abcdef,synthetic-2-open_hand,29,protocol,synthetic-demo-contract-v1,True,0.7058822589269532,0.7473618667004535,0.7966663964664991,0.8586849449300162,0.9079341150257406,0.9497312643248813,1.0170817204014342,1.0722582923317812
1700000001395000000,11395000000,280,279,279,0,0,,,,0,open_hand,hold,200.0,dev-0123456789abcdef0123456789abcdef,synthetic-2-open_hand,29,protocol,synthetic-demo-contract-v1,True,0.9153562260202605,0.9615855099340226,1.0183426627391292,1.0837153520426233,1.1400231024359553,1.185893014535048,1.2581381548424961,1.319576906030463
1700000001400000000,11400000000,281,280,280,0,0,,,,0,open_hand,hold,200.0,dev-0123456789abcdef0123456789abcdef,synthetic-2-open_hand,29,protocol,synthetic-demo-contract-v1,True,1.1245774827451185,1.1757726832238715,1.239981497561437,1.3086198853589281,1.3720017730818677,1.4220273251571702,1.49906913876457,1.5667529150971584
1700000001405000000,11405000000,282,281,281,0,0,,,,0,open_hand,hold,200.0,dev-0123456789abcdef0123456789abcdef,synthetic-2-open_hand,29,protocol,synthetic-demo-contract-v1,True,1.3335942804231051,1.389972703075082,1.4616020595246706,1.5334407480736012,1.603896404060514,1.6581699990148266,1.7399137031568879,1.8138204971770522
1700000001410000000,11410000000,283,282,282,0,0,,,,0,open_hand,hold,200.0,dev-0123456789abcdef0123456789abcdef,synthetic-2-open_hand,29,protocol,synthetic-demo-contract-v1,True,1.5424581250605778,1.604234009270118,1.6832232207076259,1.7582205878559902,1.8357336662611954,1.8943565518831504,1.9807112181588375,2.0608142575684374
1700000001415000000,11415000000,284,283,283,0,0,,,,0,open_hand,hold,200.0,dev-0123456789abcdef0123456789abcdef,synthetic-2-open_hand,29,protocol,synthetic-demo-contract-v1,True,1.751223257591591,1.8186038021776965,1.9048636315447742,1.983002298378364,2.0675405786838508,2.1306220991439253,2.221501260195668,2.3077691255994446
1700000001420000000,11420000000,285,284,284,0,0,,,,0,open_hand,hold,200.0,dev-0123456789abcdef0123456789abcdef,synthetic-2-open_hand,29,protocol,synthetic-demo-contract-v1,True,1.9599460795729722,2.03312770027255,2.126541789086641,2.2078288188900297,2.2993444602688657,2.3670012455142855,2.4623234781154606,2.554720249513524
1700000001425000000,11425000000,286,285,285,0,0,,,,0,open_hand,hold,200.0,dev-0123456789abcdef0123456789abcdef,synthetic-2-open_hand,29,protocol,synthetic-demo-contract-v1,True,2.168684534400322,2.24784942199883,2.348276106893545,2.4327429331384702,2.5311728790982166,2.60352797820407,2.7032174588109905,2.8017028901752434
1700000001430000000,11430000000,287,286,286,0,0,,,,0,open_hand,hold,200.0,dev-0123456789abcdef0123456789abcdef,synthetic-2-open_hand,29,protocol,synthetic-demo-contract-v1,True,2.377497455021331,2.462810495731114,2.5700849847844696,2.6577870689457805,2.763053598849992,2.8402355638334718,2.9442225928134365,3.048752313914196
1700000001435000000,11435000000,288,287,287,0,0,,,,0,open_hand,hold,200.0,dev-0123456789abcdef0123456789abcdef,synthetic-2-open_hand,29,protocol,synthetic-demo-contract-v1,True,2.5864438898117763,2.678050001153255,2.7919868766682447,2.8830030997449043,2.99501452241317,3.077156449418114,3.185377940346265,3.2959036848300807
1700000001440000000,11440000000,289,288,288,0,0,,,,0,open_hand,hold,200.0,dev-0123456789abcdef0123456789abcdef,synthetic-2-open_hand,29,protocol,synthetic-demo-contract-v1,True,2.7955824187359015,2.8936043448935562,3.0140003547142578,3.108432149365488,3.2270836325967163,3.3143221677033345,3.426722098327054,3.5431919568863317
1700000001445000000,11445000000,290,289,289,0,0,,,,0,open_hand,hold,200.0,dev-0123456789abcdef0123456789abcdef,synthetic-2-open_hand,29,protocol,synthetic-demo-contract-v1,True,3.0049704721271895,3.1095070727323395,3.2361441681743006,3.3341144013337547,3.4592889298964944,3.5517632471034113,3.668293068802508,3.7906517661230303
1700000001450000000,11450000000,291,290,290,0,0,,,,0,open_hand,hold,200.0,dev-0123456789abcdef0123456789abcdef,synthetic-2-open_hand,29,protocol,synthetic-demo-contract-v1,True,3.2146636643934303,3.325788720143078,3.458437295245042,3.5600889139148206,3.691658367314758,3.789509126474809,3.910128129297445,4.038317323322111
1700000001455000000,11455000000,292,291,291,0,0,,,,0,open_hand,hold,200.0,dev-0123456789abcdef0123456789abcdef,synthetic-2-open_hand,29,protocol,synthetic-demo-contract-v1,True,3.4247151546720676,3.54247670234948,3.6808989864611625,3.786393442079768,3.9242197822599847,4.027588074925591,4.152263705552176,4.286222307459199
1700000001460000000,11460000000,293,292,292,0,0,,,,0,open_hand,hold,200.0,dev-0123456789abcdef0123456789abcdef,synthetic-2-open_hand,29,protocol,synthetic-demo-contract-v1,True,3.6351750459436123,3.7595952444872145,3.903548798230983,4.013064267523837,4.157000825589092,4.266027116835929,4.394735247114366,4.5343997602766395
1700000001465000000,11465000000,294,293,293,0,0,,,,0,open_hand,hold,200.0,dev-0123456789abcdef0123456789abcdef,synthetic-2-open_hand,29,protocol,synthetic-demo-contract-v1,True,3.8460898333629356,3.9771653518595316,4.126406615267965,4.24013603779696,4.390028887889386,4.5048519622374075,4.637577106241332,4.782881982311447
1700000001470000000,11470000000,295,294,294,0,0,,,,0,open_hand,hold,200.0,dev-0123456789abcdef0123456789abcdef,synthetic-2-open_hand,29,protocol,synthetic-demo-contract-v1,True,4.057501911605644,4.195204819680176,4.34949266083097,4.467641615534059,4.623331023133624,4.744086942671749,4.880822420556698,5.031700430710001
1700000001475000000,11475000000,296,295,295,0,0,,,,0,open_hand,hold,200.0,dev-0123456789abcdef0123456789abcdef,synthetic-2-open_hand,29,protocol,synthetic-demo-contract-v1,True,4.269449149868915,4.413728281113866,4.57282749386152,4.695611938690737,4.856933869877964,4.983754952622688,5.124502999891557,5.280885619158352
1700000001480000000,11480000000,297,296,296,0,0,,,,0,open_hand,hold,200.0,dev-0123456789abcdef0123456789abcdef,synthetic-2-open_hand,29,protocol,synthetic-demo-contract-v1,True,4.481964541836687,4.632747291863251,4.796431992295378,4.924075892601058,5.090863570208931,5.223877396588408,5.368649217724722,5.530467020252892
1700000001485000000,11485000000,298,297,297,0,0,,,,0,open_hand,hold,200.0,dev-0123456789abcdef0123456789abcdef,synthetic-2-open_hand,29,protocol,synthetic-demo-contract-v1,True,4.695075936444776,4.852270449020329,5.020327322026055,5.153060194578746,5.325145686681646,5.464474141836068,5.613289907619533,5.780472970631045
1700000001490000000,11490000000,299,298,298,0,0,,,,0,open_hand,hold,200.0,dev-0123456789abcdef0123456789abcdef,synthetic-2-open_hand,29,protocol,synthetic-demo-contract-v1,True,4.908805853692304,5.072303541407871,5.244534891206782,5.382589291682287,5.559805117526855,5.705563476854828,5.858452265035768,6.03093057917533
1700000001495000000,11495000000,300,299,299,0,0,,,,0,open_hand,hold,200.0,dev-0123456789abcdef0123456789abcdef,synthetic-2-open_hand,29,protocol,synthetic-demo-contract-v1,True,5.123171388073905,5.292849728190192,5.4690762897925245,5.612685272159044,5.794866010438728,5.94716207549958,6.104161754875022,6.28186563859687
1700000001500000000,11500000000,301,300,300,0,0,,,,0,open_hand,hold,200.0,dev-0123456789abcdef0123456789abcdef,synthetic-2-open_hand,29,protocol,synthetic-demo-contract-v1,True,-0.16181579951355027,-0.12359025786075653,-0.08102678555821143,-0.06913220902553478,-0.019648324711755392,0.0017849667942018673,0.025442025096070388,0.07080254069608195
1700000001505000000,11505000000,302,301,301,0,0,,,,0,open_hand,hold,200.0,dev-0123456789abcdef0123456789abcdef,synthetic-2-open_hand,29,protocol,synthetic-demo-contract-v1,True,0.05385059772932117,0.09798211360765506,0.14424737911669128,0.16215400972093963,0.2162844961383249,0.24444551034100018,0.2723148267136838,0.3227641955887804
1700000001510000000,11510000000,303,302,302,0,0,,,,0,open_hand,hold,200.0,dev-0123456789abcdef0123456789abcdef,synthetic-2-open_hand,29,protocol,synthetic-demo-contract-v1,True,0.2701716970037145,0.32006341098994967,0.3699204119360133,0.39405855108763455,0.4526858429659452,0.4876553772619039,0.5197999404700197,0.5752719551755415
1700000001515000000,11515000000,304,303,303,0,0,,,,0,open_hand,hold,200.0,dev-0123456789abcdef0123456789abcdef,synthetic-2-open_hand,29,protocol,synthetic-demo-contract-v1,True,0.48714367115877744,0.5426484932508459,0.5960137390471736,0.6265934679590871,0.6895759835233924,0.7314245365772257,0.7679151104422047,0.8283455411207024
1700000001520000000,11520000000,305,304,304,0,0,,,,0,open_hand,hold,200.0,dev-0123456789abcdef0123456789abcdef,synthetic-2-open_hand,29,protocol,synthetic-demo-contract-v1,True,0.7047580688640984,0.7657307699682855,0.8225484564862666,0.8597682270970906,0.9269739957949306,0.9757612469093698,1.0166759848232283,1.0820029775949305
1700000001525000000,11525000000,306,305,305,0,0,,,,0,open_hand,hold,200.0,dev-0123456789abcdef0123456789abcdef,synthetic-2-open_hand,29,protocol,synthetic-demo-contract-v1,True,0.9230022024408902,0.9893024642804586,1.049545191188064,1.093589707248853,1.16489768152641,1.2206720533818511,1.266096064085806,1.3362605290219258
1700000001530000000,11530000000,307,306,306,0,0,,,,0,open_hand,hold,200.0,dev-0123456789abcdef0123456789abcdef,synthetic-2-open_hand,29,protocol,synthetic-demo-contract-v1,True,1.1418595947874106,1.213354874141398,1.2770239524875608,1.3280622114153386,1.4033634813233995,1.466161789568465,1.5161866567106217,1.5911326430555357
1700000001535000000,11535000000,308,307,307,0,0,,,,0,open_hand,hold,200.0,dev-0123456789abcdef0123456789abcdef,synthetic-2-open_hand,29,protocol,synthetic-demo-contract-v1,True,1.3613104757138677,1.437878627378223,1.5050039756189348,1.5631874929081926,1.6423863918280475,1.7122335843334295,1.7669568426314133,1.8466318989983832
1700000001540000000,11540000000,309,308,308,0,0,,,,0,open_hand,hold,200.0,dev-0123456789abcdef0123456789abcdef,synthetic-2-open_hand,29,protocol,synthetic-demo-contract-v1,True,1.5813323170808704,1.662863926203278,1.7335035588645067,1.798964794722595,1.8819798854958765,1.9588888733908514,2.0184134445198656,2.10276896185713
1700000001545000000,11545000000,310,309,309,0,0,,,,0,open_hand,hold,200.0,dev-0123456789abcdef0123456789abcdef,synthetic-2-open_hand,29,protocol,synthetic-demo-contract-v1,True,1.8019003954318904,1.8883007770635398,1.9625398961334704,2.035390901657749,2.122155833500926,2.2061274154009993,2.270561007003318,2.359552542212702
1700000001550000000,11550000000,311,310,310,0,0,,,,0,open_hand,hold,200.0,dev-0123456789abcdef0123456789abcdef,synthetic-2-open_hand,29,protocol,synthetic-demo-contract-v1,True,2.0229883703382736,2.114179202003967,2.1921289068561145,2.2724602045272335,2.3629244323008822,2.4539473124115374,2.5234017838780365,2.6169893620662967
1700000001555000000,11555000000,312,311,311,0,0,,,,0,open_hand,hold,200.0,dev-0123456789abcdef0123456789abcdef,synthetic-2-open_hand,29,protocol,synthetic-demo-contract-v1,True,2.244568866444418,2.3404894280761543,2.4222850651624777,2.5101647757190166,2.604294134393043,2.7023450344441518,2.7769357333503506,2.875084126803774
1700000001560000000,11560000000,313,312,312,0,0,,,,0,open_hand,hold,200.0,dev-0123456789abcdef0123456789abcdef,synthetic-2-open_hand,29,protocol,synthetic-demo-contract-v1,True,2.4666140472152613,2.5672220517330255,2.653021230373753,2.7484944552901616,2.8462715837869648,2.9513154480208525,3.031160521307458,3.1338395034022235
1700000001565000000,11565000000,314,313,313,0,0,,,,0,open_hand,hold,200.0,dev-0123456789abcdef0123456789abcdef,synthetic-2-open_hand,29,protocol,synthetic-demo-contract-v1,True,2.6890961686475956,2.794368175607655,2.8843484808692885,2.987436946714823,3.088861556710473,3.2008518484195627,3.286071532589243,3.393256104983054
1700000001570000000,11570000000,315,314,314,0,0,,,,0,open_hand,hold,200.0,dev-0123456789abcdef0123456789abcdef,synthetic-2-open_hand,29,protocol,synthetic-demo-contract-v1,True,2.9119881017054468,3.021919515572482,3.1162759534013182,3.2269779213465926,3.3320669080523477,3.450945995445522,3.5416618902022456,3.6533324817960784
1700000001575000000,11575000000,316,315,315,0,0,,,,0,open_hand,hold,200.0,dev-0123456789abcdef0123456789abcdef,synthetic-2-open_hand,29,protocol,synthetic-demo-contract-v1,True,3.135263812967272,3.2498684765059758,3.3488106899130656,3.467101130607993,3.5758885240273566,3.7015881525032968,3.7979224823869737,3.9140651186986637
1700000001580000000,11580000000,317,316,316,0,0,,,,0,open_hand,hold,200.0,dev-0123456789abcdef0123456789abcdef,synthetic-2-open_hand,29,protocol,synthetic-demo-contract-v1,True,3.3588987939141086,3.478208195748958,3.58195749387396,3.7077885248814244,3.820325281527637,3.952767128753955,4.054841997420328,4.1754484391733
1700000001585000000,11585000000,318,317,317,0,0,,,,0,open_hand,hold,200.0,dev-0123456789abcdef0123456789abcdef,synthetic-2-open_hand,29,protocol,synthetic-demo-contract-v1,True,3.582870430423387,3.7069325538032163,3.8157187980784193,3.9490203780472273,4.065374014598572,4.204470324142932,4.312406966005957,4.437474815905838
1700000001590000000,11590000000,319,318,318,0,0,,,,0,open_hand,hold,200.0,dev-0123456789abcdef0123456789abcdef,synthetic-2-open_hand,29,protocol,synthetic-demo-contract-v1,True,3.807158305339706,3.9360361524018157,4.050094545762986,4.190775416596118,4.311029488447641,4.456683777086459,4.570601811077222,4.700134587925387
1700000001595000000,11595000000,320,319,319,0,0,,,,0,open_hand,hold,200.0,dev-0123456789abcdef0123456789abcdef,synthetic-2-open_hand,29,protocol,synthetic-demo-contract-v1,True,4.031744428444383,4.16551426065432,4.285082086781211,4.433030952234952,4.557284381361166,4.709392214607815,4.829408904809992,4.9634160842853365
1700000001600000000,11600000000,321,320,320,0,0,,,,0,open_hand,hold,200.0,dev-0123456789abcdef0123456789abcdef,synthetic-2-open_hand,29,protocol,synthetic-demo-contract-v1,True,4.256613389710343,4.395362730531866,4.520676090438137,4.675763016906664,4.804129274866843,4.9625791047192225,5.088808632616061,5.227305654243418
1700000001605000000,11605000000,322,321,321,0,0,,,,0,open_hand,hold,200.0,dev-0123456789abcdef0123456789abcdef,synthetic-2-open_hand,29,protocol,synthetic-demo-contract-v1,True,4.481752433375676,4.625577883497697,4.7568684764278455,4.91894649915716,5.051552652439413,5.216226710850657,5.348779463862469,5.491787703877068
1700000001610000000,11610000000,323,322,322,0,0,,,,0,open_hand,hold,200.0,dev-0123456789abcdef0123456789abcdef,synthetic-2-open_hand,29,protocol,synthetic-demo-contract-v1,True,4.707151452064253,4.856156370599841,4.993648365140292,5.16255528080365,5.299540907003338,5.470316148133279,5.6092980290377445,5.756844739048872
1700000001615000000,11615000000,324,323,323,0,0,,,,0,open_hand,hold,200.0,dev-0123456789abcdef0123456789abcdef,synthetic-2-open_hand,29,protocol,synthetic-demo-contract-v1,True,4.932802901890194,5.087095008815695,5.23100204840939,5.406562372890074,5.548078357439804,5.724827441352206,5.8703392030628745,6.0224574146153085
1700000001620000000,11620000000,325,324,324,0,0,,,,0,open_hand,hold,200.0,dev-0123456789abcdef0123456789abcdef,synthetic-2-open_hand,29,protocol,synthetic-demo-contract-v1,True,5.158701641169955,5.318390596866177,5.468912981565645,5.650940049955536,5.797147274256534,5.979739584391269,6.131876194423147,6.288604589750907
1700000001625000000,11625000000,326,325,325,0,0,,,,0,open_hand,hold,200.0,dev-0123456789abcdef0123456789abcdef,synthetic-2-open_hand,29,protocol,synthetic-demo-contract-v1,True,-0.11515530300364202,-0.08746028590749287,-0.06763820256453458,-0.016840018309544666,-0.0032720854724059816,0.047530601000595314,0.06888063977646094,0.09276338923883634
1700000001630000000,11630000000,327,326,326,0,0,,,,0,open_hand,hold,200.0,dev-0123456789abcdef0123456789abcdef,synthetic-2-open_hand,29,protocol,synthetic-demo-contract-v1,True,0.11123096547003777,0.14453850630607115,0.1713263426988569,0.2281933611118711,0.24679856615742768,0.30317760672670374,0.33132270367491395,0.3599092705584543
1700000001635000000,11635000000,328,327,327,0,0,,,,0,open_hand,hold,200.0,dev-0123456789abcdef0123456789abcdef,synthetic-2-open_hand,29,protocol,synthetic-demo-contract-v1,True,0.33786085280340034,0.37688246277554216,0.41078173677960544,0.47351102845343657,0.4973356014687165,0.5591568718537877,0.5941711830189851,0.6275160965800177
1700000001640000000,11640000000,329,328,328,0,0,,,,0,open_hand,hold,200.0,dev-0123456789abcdef0123456789abcdef,synthetic-2-open_hand,29,protocol,synthetic-demo-contract-v1,True,0.5647358657816325,0.6095661887018723,0.6507004532006175,0.7190835900362398,0.7483135400580639,0.8154438852141572,0.8573936158479211,0.8955562136571871
1700000001645000000,11645000000,330,329,329,0,0,,,,0,open_hand,hold,200.0,dev-0123456789abcdef0123456789abcdef,synthetic-2-open_hand,29,protocol,synthetic-demo-contract-v1,True,0.7918581611581327,0.8425831776475098,0.8910524230943232,0.96488153146303,0.9997051208070621,1.072013418735123,1.1209563940558087,1.1640005348887557
1700000001650000000,11650000000,331,330,330,0,0,,,,0,open_hand,hold,200.0,dev-0123456789abcdef0123456789abcdef,synthetic-2-open_hand,29,protocol,synthetic-demo-contract-v1,True,1.0192300644557148,1.0759255884294703,1.1318051603170287,1.21087532455977,1.251481382879599,1.3288395925989087,1.3848248796104097,1.4328186283025843
1700000001655000000,11655000000,332,331,331,0,0,,,,0,open_hand,hold,200.0,dev-0123456789abcdef0123456789abcdef,synthetic-2-open_hand,29,protocol,synthetic-demo-contract-v1,True,1.2468535693215985,1.3095840309558513,1.372923907379654,1.4570355275738545,1.503611755479641,1.5858959409013424,1.6489635238412113,1.7019788096969717
1700000001660000000,11660000000,333,332,332,0,0,,,,0,open_hand,hold,200.0,dev-0123456789abcdef0123456789abcdef,synthetic-2-open_hand,29,protocol,synthetic-demo-contract-v1,True,1.4747298290295867,1.5435473653823373,1.6143718011781998,1.7033328782268482,1.7560641560875754,1.8431554777039703,1.9133359893542528,1.9714482398576787
1700000001665000000,11665000000,334,333,333,0,0,,,,0,open_hand,hold,200.0,dev-0123456789abcdef0123456789abcdef,synthetic-2-open_hand,29,protocol,synthetic-demo-contract-v1,True,1.7028586519277709,1.7778025187907733,1.856110057288369,1.9497383793103291,2.0088050968380213,2.10059076338283,2.177905274124272,2.2411930258527177
1700000001670000000,11670000000,335,334,334,0,0,,,,0,open_hand,hold,200.0,dev-0123456789abcdef0123456789abcdef,synthetic-2-open_hand,29,protocol,synthetic-demo-contract-v1,True,1.9312380125902042,2.012334323348512,2.0980981713825595,2.1962233766053165,2.261799798648094,2.358173971185218,2.4426338373094496,2.511178326091781
1700000001675000000,11675000000,336,335,335,0,0,,,,0,open_hand,hold,200.0,dev-0123456789abcdef0123456789abcdef,synthetic-2-open_hand,29,protocol,synthetic-demo-contract-v1,True,2.1598635901470327,2.2471253795987516,2.3402941361365137,2.4427596289979516,2.5150123126529964,2.6158769539134035,2.707483726330667,2.781368458822937
1700000001680000000,11680000000,337,336,336,0,0,,,,0,open_hand,hold,200.0,dev-0123456789abcdef0123456789abcdef,synthetic-2-open_hand,29,protocol,synthetic-demo-contract-v1,True,2.388728344745111,2.4821559481631503,2.582654671819422,2.6893193707554883,2.7684056484557282,2.8736713106612197,2.972416704755581,3.051727013725993
1700000001685000000,11685000000,338,337,337,0,0,,,,0,open_hand,hold,200.0,dev-0123456789abcdef0123456789abcdef,synthetic-2-open_hand,29,protocol,synthetic-demo-contract-v1,True,2.617822142340885,2.717403872714369,2.8251354686074994,2.935875366016441,3.0219419086502435,3.131528453535778,3.2373943805281242,3.3222169662497905
1700000001690000000,11690000000,339,338,338,0,0,,,,0,open_hand,hold,200.0,dev-0123456789abcdef0123456789abcdef,synthetic-2-open_hand,29,protocol,synthetic-demo-contract-v1,True,2.847131437064282,2.9528445366043266,3.0676914385286094,3.182400955635816,3.2755824290326654,3.3894196743020997,3.502378334086037,3.5928007943296834
1700000001695000000,11695000000,340,339,339,0,0,,,,0,open_hand,hold,200.0,dev-0123456789abcdef0123456789abcdef,synthetic-2-open_hand,29,protocol,synthetic-demo-contract-v1,True,3.076639019236301,3.188450855021294,3.3102769748362304,3.4288700966100123,3.5292879238738006,3.647316210893246,3.767330245912929,3.8634405971116426
1700000001700000000,11700000000,341,340,340,0,0,,,,0,open_hand,hold,200.0,dev-0123456789abcdef0123456789abcdef,synthetic-2-open_hand,29,protocol,synthetic-demo-contract-v1,True,3.306323835797197,3.4241933040032917,3.552846216526064,3.6752573943851754,3.7830186355882462,3.905189313732419,4.032212023076908,4.134098215300799
1700000001705000000,11705000000,342,341,341,0,0,,,,0,open_hand,hold,200.0,dev-0123456789abcdef0123456789abcdef,synthetic-2-open_hand,29,protocol,synthetic-demo-contract-v1,True,3.5361608884338214,3.660039987065261,3.795353315649026,3.921538128426872,4.036734488101372,4.163010311816544,4.296985924315125,4.404735352744925
1700000001710000000,11710000000,343,342,342,0,0,,,,0,open_hand,hold,200.0,dev-0123456789abcdef0123456789abcdef,synthetic-2-open_hand,29,protocol,synthetic-demo-contract-v1,True,3.766121213113497,3.895956739611898,4.037752705040947,4.167688271497083,4.290395243185531,4.420750678512974,4.561614683232547,4.675313698857297
1700000001715000000,11715000000,344,343,343,0,0,,,,0,open_hand,hold,200.0,dev-0123456789abcdef0123456789abcdef,synthetic-2-open_hand,29,protocol,synthetic-demo-contract-v1,True,3.9961719430701272,4.131907270716044,4.279999364082329,4.413684503145992,4.543960659011258,4.678382097022151,4.826061629193776,4.945795051478672
1700000001720000000,11720000000,345,344,344,0,0,,,,0,open_hand,hold,200.0,dev-0123456789abcdef0123456789abcdef,synthetic-2-open_hand,29,protocol,synthetic-demo-contract-v1,True,4.22627645557986,4.367853341253409,4.522049080121291,4.659504217980408,4.797390650138272,4.935876525459312,5.090290805498914,5.216141439774742
1700000001725000000,11725000000,346,345,345,0,0,,,,0,open_hand,hold,200.0,dev-0123456789abcdef0123456789abcdef,synthetic-2-open_hand,29,protocol,synthetic-demo-contract-v1,True,4.456394601143387,4.603754976807298,4.763858703238868,4.9051255293171225,5.050645448154844,5.193206261507673,5.354267084447958,5.486315246763447
1700000001730000000,11730000000,347,346,346,0,0,,,,0,open_hand,hold,200.0,dev-0123456789abcdef0123456789abcdef,synthetic-2-open_hand,29,protocol,synthetic-demo-contract-v1,True,4.6864830119949445,4.839570713200997,5.005386392107779,5.150527268867871,5.3036857621627576,5.450344006593966,5.617956278913285,5.756279331065917
1700000001735000000,11735000000,348,347,347,0,0,,,,0,open_hand,hold,200.0,dev-0123456789abcdef0123456789abcdef,synthetic-2-open_hand,29,protocol,synthetic-demo-contract-v1,True,4.91649548521899,5.075257871989315,5.246591848792768,5.395688983132388,5.556472938298867,5.707262929534711,5.881325250056044,6.025997147475632
1700000001740000000,11740000000,349,348,348,0,0,,,,0,open_hand,hold,200.0,dev-0123456789abcdef0123456789abcdef,synthetic-2-open_hand,29,protocol,synthetic-demo-contract-v1,True,5.146383434207639,5.310772862752561,5.487436540461299,5.6405909271968815,5.808969117482927,5.963936729598309,6.144342010839852,6.2954328659425585
1700000001745000000,11745000000,350,349,349,0,0,,,,0,open_hand,hold,200.0,dev-0123456789abcdef0123456789abcdef,synthetic-2-open_hand,29,protocol,synthetic-demo-contract-v1,True,5.376096400767173,5.546071508593929,5.727883906116604,5.885214056647303,6.061137390585427,6.22033969892393,6.4069758250139,6.564551488572662
1700000001750000000,11750000000,351,350,350,0,0,,,,0,open_hand,hold,200.0,dev-0123456789abcdef0123456789abcdef,synthetic-2-open_hand,29,protocol,synthetic-demo-contract-v1,True,0.10558261890905443,0.1436093908515385,0.1928995466289048,0.21704001830958924,0.2629419502181171,0.28894678423325515,0.34419730125736736,0.3708189642481824
1700000001755000000,11755000000,352,351,351,0,0,,,,0,open_hand,hold,200.0,dev-0123456789abcdef0123456789abcdef,synthetic-2-open_hand,29,protocol,synthetic-demo-contract-v1,True,0.3347896202663065,0.3783422087056393,0.43245139652319803,0.4610511405228997,0.5143482383641357,0.5447336477656102,0.6059784821977695,0.6392023004804914
1700000001760000000,11760000000,353,352,352,0,0,,,,0,open_hand,hold,200.0,dev-0123456789abcdef0123456789abcdef,synthetic-2-open_hand,29,protocol,synthetic-demo-contract-v1,True,0.5636648701819251,0.6127261490948372,0.6715098761810943,0.7047304236367029,0.765323089083794,0.8001767273608128,0.8672929280375282,0.9071696721150695
1700000001765000000,11765000000,354,353,353,0,0,,,,0,open_hand,hold,200.0,dev-0123456789abcdef0123456789abcdef,synthetic-2-open_hand,29,protocol,synthetic-demo-contract-v1,True,0.7921564228408516,0.8467182621569815,0.9100480233275005,0.9480615313987392,1.0158348655561587,1.0552532956073095,1.1281157945453855,1.174690526517345
1700000001770000000,11770000000,355,354,354,0,0,,,,0,open_hand,hold,200.0,dev-0123456789abcdef0123456789abcdef,synthetic-2-open_hand,29,protocol,synthetic-demo-contract-v1,True,1.0202135833746222,1.0802768372837803,1.1480416028978426,1.1910287838685873,1.2658535907454413,1.3099415179660274,1.3884239051923988,1.4417356848785492
1700000001775000000,11775000000,356,355,355,0,0,,,,0,open_hand,hold,200.0,dev-0123456789abcdef0123456789abcdef,synthetic-2-open_hand,29,protocol,synthetic-demo-contract-v1,True,1.2477875646674446,1.313361774825312,1.3854691946153812,1.4336171524512584,1.515351071014607,1.5642205097727848,1.6481958172358442,1.7082774392925286
1700000001780000000,11780000000,357,356,356,0,0,,,,0,open_hand,hold,200.0,dev-0123456789abcdef0123456789abcdef,synthetic-2-open_hand,29,protocol,synthetic-demo-contract-v1,True,1.4748321266383235,1.5459349485024039,1.6223122578481863,1.6758122575973569,1.764301012046404,1.8180703920142802,1.9074118815784247,1.9742896452674723
1700000001785000000,11785000000,358,357,357,0,0,,,,0,open_hand,hold,200.0,dev-0123456789abcdef0123456789abcdef,synthetic-2-open_hand,29,protocol,synthetic-demo-contract-v1,True,1.7013041860652949,1.777960553681155,1.8585551735587003,1.9176003696615402,2.012679126473942,2.071472345764724,2.1660542962546425,2.2397478093507837
1700000001790000000,11790000000,359,358,358,0,0,,,,0,open_hand,hold,200.0,dev-0123456789abcdef0123456789abcdef,synthetic-2-open_hand,29,protocol,synthetic-demo-contract-v1,True,1.9271643855489689,2.0094054368332586,2.0941852634025384,2.1589684133497618,2.2604632326686374,2.324408665162099,2.424107153420821,2.5046291715607416
1700000001795000000,11795000000,360,359,359,0,0,,,,0,open_hand,hold,200.0,dev-0123456789abcdef0123456789abcdef,synthetic-2-open_hand,29,protocol,synthetic-demo-contract-v1,True,2.1523776109729855,2.240239401745845,2.3291927862744934,2.399903976118945,2.5076333441826275,2.5768628087950516,2.6815564797501006,2.7689127823351605
1700000001800000000,11800000000,361,360,360,0,0,,,,0,open_hand,hold,200.0,dev-0123456789abcdef0123456789abcdef,synthetic-2-open_hand,29,protocol,synthetic-demo-contract-v1,True,2.3769134477932363,2.470435488351691,2.5635709128356883,2.6403953208210087,2.7541717493952107,2.8288194493636016,2.938390270158558,3.0325795737249295
1700000001805000000,11805000000,362,361,361,0,0,,,,0,open_hand,hold,200.0,dev-0123456789abcdef0123456789abcdef,synthetic-2-open_hand,29,protocol,synthetic-demo-contract-v1,True,2.6007465676562442,2.6999702204201466,2.797315678783687,2.880431402807304,3.000063080968113,3.0802645214692634,3.1945985148133684,3.2956124245789074
1700000001810000000,11810000000,363,362,362,0,0,,,,0,open_hand,hold,200.0,dev-0123456789abcdef0123456789abcdef,synthetic-2-open_hand,29,protocol,synthetic-demo-contract-v1,True,2.8238570381863988,2.9288238187755877,3.030425917844509,3.120001891630552,3.245294374772175,3.3311852673830376,3.4501732193985433,3.5579962194863426
1700000001815000000,11815000000,364,363,363,0,0,,,,0,open_hand,hold,200.0,dev-0123456789abcdef0123456789abcdef,synthetic-2-open_hand,29,protocol,synthetic-demo-contract-v1,True,3.0462305502646476,3.156980377186918,3.262903175669268,3.3590971973999766,3.489855118007797,3.5815702806330223,3.705108418638067,3.819717901263422
1700000001820000000,11820000000,365,364,364,0,0,,,,0,open_hand,hold,200.0,dev-0123456789abcdef0123456789abcdef,synthetic-2-open_hand,29,protocol,synthetic-demo-contract-v1,True,3.2678585587179514,3.384427998591603,3.494751606006295,3.5977085017626247,3.733737286302973,3.831409547247351,3.9594001831002568,4.080766516791913
1700000001825000000,11825000000,366,365,365,0,0,,,,0,open_hand,hold,200.0,dev-0123456789abcdef0123456789abcdef,synthetic-2-open_hand,29,protocol,synthetic-demo-contract-v1,True,3.4887383340168876,3.611158889872779,3.725977850689847,3.8358277934006444,3.9769353696353953,4.080694484482803,4.213046619330641,4.341133256039937
1700000001830000000,11830000000,367,366,366,0,0,,,,0,open_hand,hold,200.0,dev-0123456789abcdef0123456789abcdef,synthetic-2-open_hand,29,protocol,synthetic-demo-contract-v1,True,3.7088729243044622,3.837169413989873,3.956590905136982,4.073447907851613,4.219446386988599,4.329417976864897,4.466047863383616,4.600811484117621
1700000001835000000,11835000000,368,367,367,0,0,,,,0,open_hand,hold,200.0,dev-0123456789abcdef0123456789abcdef,synthetic-2-open_hand,29,protocol,synthetic-demo-contract-v1,True,3.9282710288174245,4.0624600988628385,4.18660197117309,4.310562571377704,4.461269889715947,4.57757440936168,4.718406067845428,4.8597967662437505
1700000001840000000,11840000000,369,368,368,0,0,,,,0,open_hand,hold,200.0,dev-0123456789abcdef0123456789abcdef,synthetic-2-open_hand,29,protocol,synthetic-demo-contract-v1,True,4.146946785477175,4.287035603018561,4.416024299112585,4.547166448530569,4.702407953650023,4.825159697510788,4.970125382462697,5.118086885523353
1700000001845000000,11845000000,370,369,369,0,0,,,,0,open_hand,hold,200.0,dev-0123456789abcdef0123456789abcdef,synthetic-2-open_hand,29,protocol,synthetic-demo-contract-v1,True,4.3649194770859205,4.510904638615793,4.644873021103163,4.783255192983205,4.942865160058261,5.072171314317902,5.221211928511424,5.375681853460439
1700000001850000000,11850000000,371,370,370,0,0,,,,0,open_hand,hold,200.0,dev-0123456789abcdef0123456789abcdef,synthetic-2-open_hand,29,protocol,synthetic-demo-contract-v1,True,4.582213162131608,4.734079853062952,4.873164977798929,5.018825501128472,5.182648565607911,5.318608313744342,5.471673767061431,5.6325839131547095
1700000001855000000,11855000000,372,371,371,0,0,,,,0,open_hand,hold,200.0,dev-0123456789abcdef0123456789abcdef,synthetic-2-open_hand,29,protocol,synthetic-demo-contract-v1,True,4.798856237650663,4.956577671022074,5.1009185404591335,5.2538751678775055,5.421767661564436,5.564471350602507,5.721520861310197,5.888797535155932
1700000001860000000,11860000000,373,372,372,0,0,,,,0,open_hand,hold,200.0,dev-0123456789abcdef0123456789abcdef,synthetic-2-open_hand,29,protocol,synthetic-demo-contract-v1,True,5.014880942891571,5.178418099143394,5.328153430575036,5.488403144030414,5.660234322506568,5.809762696680104,5.970765033178083,6.144329405974705
1700000001865000000,11865000000,374,373,373,0,0,,,,0,open_hand,hold,200.0,dev-0123456789abcdef0123456789abcdef,synthetic-2-open_hand,29,protocol,synthetic-demo-contract-v1,True,5.230322813638615,5.399624496389954,5.5548905391073164,5.722409594537381,5.898062744898258,6.054486252917696,6.219419914373926,6.39918840927342
1700000001870000000,11870000000,375,374,374,0,0,,,,0,open_hand,hold,200.0,dev-0123456789abcdef0123456789abcdef,synthetic-2-open_hand,29,protocol,synthetic-demo-contract-v1,True,5.445220097971411,5.62022331328253,5.781151747371397,5.955895956921177,6.135269375912175,6.298647557469156,6.467500892155923,6.653385599786335
1700000001875000000,11875000000,376,375,375,0,0,,,,0,open_hand,hold,200.0,dev-0123456789abcdef0123456789abcdef,synthetic-2-open_hand,29,protocol,synthetic-demo-contract-v1,True,0.15961314493357145,0.2027438038148891,0.23195975153822662,0.2763649990926407,0.32187283295095653,0.3547537894810372,0.3900250500274396,0.44443417004266944
1700000001880000000,11880000000,377,376,376,0,0,,,,0,open_hand,hold,200.0,dev-0123456789abcdef0123456789abcdef,synthetic-2-open_hand,29,protocol,synthetic-demo-contract-v1,True,0.37354377804924593,0.42221771415159504,0.45733789262486346,0.5088208757595738,0.5578938143607122,0.5978137684348882,0.6370111036210861,0.6973494099914004
1700000001885000000,11885000000,378,377,377,0,0,,,,0,open_hand,hold,200.0,dev-0123456789abcdef0123456789abcdef,synthetic-2-open_hand,29,protocol,synthetic-demo-contract-v1,True,0.5870546658498926,0.6411789525196885,0.6823099937336611,0.7407691826069445,0.7933550018759046,0.8403379489058471,0.8834793320366799,0.9496486596509329
1700000001890000000,11890000000,379,378,378,0,0,,,,0,open_hand,hold,200.0,dev-0123456789abcdef0123456789abcdef,synthetic-2-open_hand,29,protocol,synthetic-demo-contract-v1,True,0.8001887015514468,0.8596632449373699,0.9069002061628049,0.9722170074128852,1.0282809553757346,1.0823384106018759,1.1294515049100244,1.2013512549310015
1700000001895000000,11895000000,380,379,379,0,0,,,,0,open_hand,hold,200.0,dev-0123456789abcdef0123456789abcdef,synthetic-2-open_hand,29,protocol,synthetic-demo-contract-v1,True,1.012988403754527,1.0777077815835798,1.1311328658559092,1.2031729772606836,1.262698000568823,1.3238288435602785,1.3749508054992998,1.4524784667977628
1700000001900000000,11900000000,381,380,380,0,0,,,,0,open_hand,hold,200.0,dev-0123456789abcdef0123456789abcdef,synthetic-2-open_hand,29,protocol,synthetic-demo-contract-v1,True,1.2254953495333167,1.2953508587000098,1.3550323614866873,1.43364730101217,1.4966341102554968,1.564824528392015,1.6200017500845851,1.7030534339762038
1700000001905000000,11905000000,382,381,381,0,0,,,,0,open_hand,hold,200.0,dev-0123456789abcdef0123456789abcdef,synthetic-2-open_hand,29,protocol,synthetic-demo-contract-v1,True,1.4377496505427854,1.5126315209302852,1.5786230152884362,1.6636518062225383,1.7301187798449316,1.8053423114795526,1.8646301039834772,1.9531010894064735
1700000001910000000,11910000000,383,382,382,0,0,,,,0,open_hand,hold,200.0,dev-0123456789abcdef0123456789abcdef,synthetic-2-open_hand,29,protocol,synthetic-demo-contract-v1,True,1.6497894818241643,1.7295892089398046,1.8019289775396772,1.8931999697006476,1.9631828978276589,2.0454005750505715,2.1088627944919156,2.2026480806924877
1700000001915000000,11915000000,384,383,383,0,0,,,,0,open_hand,hold,200.0,dev-0123456789abcdef0123456789abcdef,synthetic-2-open_hand,29,protocol,synthetic-demo-contract-v1,True,1.861650671844766,1.946263417025222,2.0249741354094715,2.1223069409521975,2.1958586119225156,2.2850192020677915,2.352727821064297,2.4517226848021823
1700000001920000000,11920000000,385,384,384,0,0,,,,0,open_hand,hold,200.0,dev-0123456789abcdef0123456789abcdef,synthetic-2-open_hand,29,protocol,synthetic-demo-contract-v1,True,2.073366360993677,2.1626933652169122,2.247782036651134,2.350989557785459,2.428179191630696,2.524219535894288,2.5962541630506006,2.7003547172988456
1700000001925000000,11925000000,386,385,385,0,0,,,,0,open_hand,hold,200.0,dev-0123456789abcdef0123456789abcdef,synthetic-2-open_hand,29,protocol,synthetic-demo-contract-v1,True,2.2849667342967144,2.3789176901045104,2.470375828414318,2.579266353410289,2.660178887938369,2.763024334713984,2.8394716853107482,2.9485754364021544
1700000001930000000,11930000000,387,386,386,0,0,,,,0,open_hand,hold,200.0,dev-0123456789abcdef0123456789abcdef,synthetic-2-open_hand,29,protocol,synthetic-demo-contract-v1,True,2.496478832542126,2.594974158279027,2.692778211225373,2.807157554420456,2.8918927909131367,3.001457720708395,3.082411042027677,3.1964174421956626
1700000001935000000,11935000000,388,387,387,0,0,,,,0,open_hand,hold,200.0,dev-0123456789abcdef0123456789abcdef,synthetic-2-open_hand,29,protocol,synthetic-demo-contract-v1,True,2.7079264443550377,2.810899405890574,2.9150114079673295,3.034685069116291,3.1233566859385347,3.2395451240129707,3.3251035790406656,3.443914571314542
1700000001940000000,11940000000,389,388,388,0,0,,,,0,open_hand,hold,200.0,dev-0123456789abcdef0123456789abcdef,synthetic-2-open_hand,29,protocol,synthetic-demo-contract-v1,True,2.9193300800575406,3.0267287073746623,3.1370971474767413,3.2618724656989464,3.3546069093249504,3.4773132214996085,3.5675812350194533,3.691101787463288
1700000001945000000,11945000000,390,389,389,0,0,,,,0,open_hand,hold,200.0,dev-0123456789abcdef0123456789abcdef,synthetic-2-open_hand,29,protocol,synthetic-demo-contract-v1,True,3.1307070264373045,3.2424957759094233,3.359056662167482,3.488744939948161,3.585680204024716,3.714789870455805,3.809876441797488,3.938015068127814
1700000001950000000,11950000000,391,390,390,0,0,,,,0,open_hand,hold,200.0,dev-0123456789abcdef0123456789abcdef,synthetic-2-open_hand,29,protocol,synthetic-demo-contract-v1,True,3.342071479855812,3.4582325976387316,3.5809106988942268,3.715329272081885,3.8166135761639635,3.9520040372553886,4.052022024179445,4.184691287859757
1700000001955000000,11955000000,392,391,391,0,0,,,,0,open_hand,hold,200.0,dev-0123456789abcdef0123456789abcdef,synthetic-2-open_hand,29,protocol,synthetic-demo-contract-v1,True,3.5534347534923127,3.6739693011403873,3.8026795420831716,3.9416537725874625,4.047444153084265,4.188985721140798,4.294051099533904,4.43116809852299
1700000001960000000,11960000000,393,392,392,0,0,,,,0,open_hand,hold,200.0,dev-0123456789abcdef0123456789abcdef,synthetic-2-open_hand,29,protocol,synthetic-demo-contract-v1,True,3.7648055529748663,3.889734063043034,4.024383047986963,4.167748216909494,4.2782090435632885,4.425765873262132,4.535996977476884,4.677483806903068
1700000001965000000,11965000000,394,393,393,0,0,,,,0,open_hand,hold,200.0,dev-0123456789abcdef0123456789abcdef,synthetic-2-open_hand,29,protocol,synthetic-demo-contract-v1,True,3.976190313226862,4.105553050109362,4.24604068876692,4.39364376897809,4.508945200855892,4.662376311143639,4.777893059945734,4.923677250089713
1700000001970000000,11970000000,395,394,394,0,0,,,,0,open_hand,hold,200.0,dev-0123456789abcdef0123456789abcdef,synthetic-2-open_hand,29,protocol,synthetic-demo-contract-v1,True,4.187593588085415,4.321450397515671,4.467671604970495,4.6193728936620655,4.739689289165643,4.898849628773874,5.019772741955976,5.169787669050395
1700000001975000000,11975000000,396,395,395,0,0,,,,0,open_hand,hold,200.0,dev-0123456789abcdef0123456789abcdef,synthetic-2-open_hand,29,protocol,synthetic-demo-contract-v1,True,4.399018483152807,4.537448222478127,4.689294664857093,4.844969258333617,4.970477554121759,5.135219102540983,5.2616693133257675,5.415854580819496
1700000001980000000,11980000000,397,396,396,0,0,,,,0,open_hand,hold,200.0,dev-0123456789abcdef0123456789abcdef,synthetic-2-open_hand,29,protocol,synthetic-demo-contract-v1,True,4.610467121446307,4.753566671813309,4.910928528932449,5.070467623833411,5.201345697798458,5.371518593259709,5.503615861644152,5.661917649732583
1700000001985000000,11985000000,398,397,397,0,0,,,,0,open_hand,hold,200.0,dev-0123456789abcdef0123456789abcdef,synthetic-2-open_hand,29,protocol,synthetic-demo-contract-v1,True,4.8219411307333315,4.969824001483593,5.132591717981843,5.295903725226526,5.432328758772856,5.607782444561274,5.74564517675002,5.908016558138753
1700000001990000000,11990000000,399,398,398,0,0,,,,0,open_hand,hold,200.0,dev-0123456789abcdef0123456789abcdef,synthetic-2-open_hand,29,protocol,synthetic-demo-contract-v1,True,5.033442140991967,5.186236685674942,5.354302682846382,5.521314142839458,5.663460997674175,5.844045377941178,5.98778965697866,6.15419087702598
1700000001995000000,11995000000,400,399,399,0,0,,,,0,open_hand,hold,200.0,dev-0123456789abcdef0123456789abcdef,synthetic-2-open_hand,29,protocol,synthetic-demo-contract-v1,True,5.244972280230515,5.40281955249386,5.57607987416502,5.74673616416556,5.8947757886317556,6.080342384783238,6.230081217422526,6.4004799369948255
1700000002000000000,12000000000,401,400,400,0,0,,,,0,open_hand,hold,200.0,dev-0123456789abcdef0123456789abcdef,synthetic-2-open_hand,29,protocol,synthetic-demo-contract-v1,True,-0.04346534306198709,-0.017914057041601875,0.0229418103082098,0.059707637319520536,0.07630551698215784,0.1292086157003043,0.14755120044163345,0.18442270001477368
1700000002005000000,12005000000,402,401,401,0,0,,,,0,open_hand,hold,200.0,dev-0123456789abcdef0123456789abcdef,synthetic-2-open_hand,29,protocol,synthetic-demo-contract-v1,True,0.16813381772002586,0.19904788960207911,0.2449071417568865,0.2852668168102984,0.30808148354729586,0.36567926755329555,0.39023028864775017,0.4310576323948404
1700000002010000000,12010000000,403,402,402,0,0,,,,0,open_hand,hold,200.0,dev-0123456789abcdef0123456789abcdef,synthetic-2-open_hand,29,protocol,synthetic-demo-contract-v1,True,0.3797761691943544,0.41621631071449217,0.46699471023271394,0.5109522024849436,0.5401338157460984,0.6022894685299499,0.6331484205745834,0.6779225793958903
1700000002015000000,12015000000,404,403,403,0,0,,,,0,open_hand,hold,200.0,dev-0123456789abcdef0123456789abcdef,synthetic-2-open_hand,29,protocol,synthetic-demo-contract-v1,True,0.5914703539693574,0.6336012160130997,0.6892236009614096,0.7368023725726267,0.7724913857523746,0.8390741616832369,0.8763347092341149,0.9250546419065591
1700000002020000000,12020000000,405,404,404,0,0,,,,0,open_hand,hold,200.0,dev-0123456789abcdef0123456789abcdef,synthetic-2-open_hand,29,protocol,synthetic-demo-contract-v1,True,0.8032275714876709,0.8512119193806637,0.911613186549465,0.9628558118276331,1.0051817358614252,1.0760679873461896,1.1198173637467705,1.1724900555974471
1700000002025000000,12025000000,406,405,405,0,0,,,,0,open_hand,hold,200.0,dev-0123456789abcdef0123456789abcdef,synthetic-2-open_hand,29,protocol,synthetic-demo-contract-v1,True,1.015061835670876,1.0690572542143393,1.1341831610745963,1.189150735831769,1.2382310111781536,1.313305164855156,1.3636236142205072,1.4202640729597162
1700000002030000000,12030000000,407,406,406,0,0,,,,0,open_hand,hold,200.0,dev-0123456789abcdef0123456789abcdef,synthetic-2-open_hand,29,protocol,synthetic-demo-contract-v1,True,1.226990162622401,1.2871457869170786,1.356953563130134,1.415724912569661,1.4716638996902072,1.5508193740268474,1.6077796400411393,1.668410848624198
1700000002035000000,12035000000,408,407,407,0,0,,,,0,open_hand,hold,200.0,dev-0123456789abcdef0123456789abcdef,synthetic-2-open_hand,29,protocol,synthetic-demo-contract-v1,True,1.4390326831096167,1.5054860241197225,1.5799447867215506,1.642615482434326,1.7055035797414633,1.7886436368459961,1.852310501723339,1.9169633283457095
1700000002040000000,12040000000,409,408,408,0,0,,,,0,open_hand,hold,200.0,dev-0123456789abcdef0123456789abcdef,synthetic-2-open_hand,29,protocol,synthetic-demo-contract-v1,True,1.6512126761218555,1.724086609352112,1.8031775790874645,1.8698587778546734,1.9397716748743083,2.026810199829872,2.0972400764588914,2.1659531420245517
1700000002045000000,12045000000,410,409,409,0,0,,,,0,open_hand,hold,200.0,dev-0123456789abcdef0123456789abcdef,synthetic-2-open_hand,29,protocol,synthetic-demo-contract-v1,True,1.8635565214565342,1.9429565050814468,2.0266730247053903,2.097490143760784,2.17448821596396,2.265350417543119,2.3425909974858374,2.41541050112309
1700000002050000000,12050000000,411,410,410,0,0,,,,0,open_hand,hold,200.0,dev-0123456789abcdef0123456789abcdef,synthetic-2-open_hand,29,protocol,synthetic-demo-contract-v1,True,2.0760935709870374,2.1621051563029194,2.2504525149420145,2.3255437601167035,2.4096716105249367,2.504294637741439,2.588384597389358,2.665364100820031
1700000002055000000,12055000000,412,411,411,0,0,,,,0,open_hand,hold,200.0,dev-0123456789abcdef0123456789abcdef,synthetic-2-open_hand,29,protocol,synthetic-demo-contract-v1,True,2.2888559399785215,2.3815426321969313,2.474537703016152,2.554052467753834,2.6453386190289363,2.743672088625351,2.834640855432507,2.915841027228545
1700000002060000000,12060000000,413,412,412,0,0,,,,0,open_hand,hold,200.0,dev-0123456789abcdef0123456789abcdef,synthetic-2-open_hand,29,protocol,synthetic-demo-contract-v1,True,2.501878221506326,2.6012797427537193,2.6989504441571883,2.783047598730591,2.8815043380351097,2.983510768685606,3.0813783490023323,3.1668666699867223
1700000002065000000,12065000000,414,413,413,0,0,,,,0,open_hand,hold,200.0,dev-0123456789abcdef0123456789abcdef,synthetic-2-open_hand,29,protocol,synthetic-demo-contract-v1,True,2.7151971286617096,2.8213281277039006,2.923712721059996,3.012558812426089,3.1181821898983824,3.223837339619777,3.3286142092445354,3.418464640510195
1700000002070000000,12070000000,415,414,414,0,0,,,,0,open_hand,hold,200.0,dev-0123456789abcdef0123456789abcdef,synthetic-2-open_hand,29,protocol,synthetic-demo-contract-v1,True,2.928851070767621,3.041700315575159,3.148846554956189,3.2426139385469535,3.3553839187891223,3.464677022795014,3.5763640809476667,3.670656696177072
1700000002075000000,12075000000,416,415,415,0,0,,,,0,open_hand,hold,200.0,dev-0123456789abcdef0123456789abcdef,synthetic-2-open_hand,29,protocol,synthetic-demo-contract-v1,True,3.1428796712417895,3.2624097512135566,3.374373902838368,3.473238828187481,3.593119592728474,3.70605349972499,3.8246420867259587,3.923462670694703
1700000002080000000,12080000000,417,416,416,0,0,,,,0,open_hand,hold,200.0,dev-0123456789abcdef0123456789abcdef,synthetic-2-open_hand,29,protocol,synthetic-demo-contract-v1,True,3.35732323600639,3.4834707906543105,3.6003165415858858,3.7044572140343046,3.8313976113180868,3.947988817019557,4.073460795538263,4.176900410876339
1700000002085000000,12085000000,418,417,417,0,0,,,,0,open_hand,hold,200.0,dev-0123456789abcdef0123456789abcdef,synthetic-2-open_hand,29,protocol,synthetic-demo-contract-v1,True,3.5722221824270872,3.704898662792846,3.8266959399449187,3.936290580748032,4.070224718821004,4.190503296253731,4.3228311955692815,4.430985720033531
1700000002090000000,12090000000,419,418,418,0,0,,,,0,open_hand,hold,200.0,dev-0123456789abcdef0123456789abcdef,synthetic-2-open_hand,29,protocol,synthetic-demo-contract-v1,True,3.7876164396470053,3.926709397883324,4.0535331195095825,4.168758046486436,4.309606022232187,4.433615449188218,4.572762671488329,4.685732308167148
1700000002095000000,12095000000,420,419,419,0,0,,,,0,open_hand,hold,200.0,dev-0123456789abcdef0123456789abcdef,synthetic-2-open_hand,29,protocol,synthetic-demo-contract-v1,True,4.00354483184494,4.148919723469627,4.280848506032005,4.401876256457249,4.549545013962638,4.677341898756928,4.823262986090211,4.941151749116411
1700000002100000000,12100000000,421,420,420,0,0,,,,0,open_hand,hold,200.0,dev-0123456789abcdef0123456789abcdef,synthetic-2-open_hand,29,protocol,synthetic-demo-contract-v1,True,4.2200444563780675,4.3715469289236575,4.508661772555192,4.635659289304114,4.790043598750368,4.921697306217764,5.07433826631263,5.197253444801252
1700000002105000000,12105000000,422,421,421,0,0,,,,0,open_hand,hold,200.0,dev-0123456789abcdef0123456789abcdef,synthetic-2-open_hand,29,protocol,synthetic-demo-contract-v1,True,4.437150068958585,4.594608700318731,4.736991676011124,4.870118577037555,5.0311021244045335,5.166694304841569,5.325992993614639,5.454044596668792
1700000002110000000,12110000000,423,422,422,0,0,,,,0,open_hand,hold,200.0,dev-0123456789abcdef0123456789abcdef,synthetic-2-open_hand,29,protocol,synthetic-demo-contract-v1,True,4.6548934879569694,4.818122927893039,4.965855889055767,5.105262839124682,5.272719415985983,5.4123434404904955,5.578229998691239,5.711530184429987
1700000002115000000,12115000000,424,423,423,0,0,,,,0,open_hand,hold,200.0,dev-0123456789abcdef0123456789abcdef,synthetic-2-open_hand,29,protocol,synthetic-demo-contract-v1,True,4.87330302962266,5.04210748885106,5.195270829020746,5.3410980312476335,5.514892813027952,5.658653119411297,5.8310504604901086,5.969712952147287
1700000002120000000,12120000000,425,424,424,0,0,,,,0,open_hand,hold,200.0,dev-0123456789abcdef0123456789abcdef,synthetic-2-open_hand,29,protocol,synthetic-demo-contract-v1,True,5.092402985472124,5.26658000870174,5.42525148594704,5.577627309132453,5.757618209404982,5.905629563541419,6.084453909487886,6.22859340170899
1700000002125000000,12125000000,426,425,425,0,0,,,,0,open_hand,hold,200.0,dev-0123456789abcdef0123456789abcdef,synthetic-2-open_hand,29,protocol,synthetic-demo-contract-v1,True,-0.18778684767524317,-0.1459423952662766,-0.11918874827228329,-0.09764899226196838,-0.04910990453430435,-0.03422322640395824,0.013438235175057229,0.025669793700579625
1700000002130000000,12130000000,427,426,426,0,0,,,,0,open_hand,hold,200.0,dev-0123456789abcdef0123456789abcdef,synthetic-2-open_hand,29,protocol,synthetic-demo-contract-v1,True,0.03274842448480506,0.07955661557372289,0.11196175242385037,0.14026663598014835,0.19470160205625958,0.21409650017307424,0.267999697690768,0.28593815565810243
1700000002135000000,12135000000,428,427,427,0,0,,,,0,open_hand,hold,200.0,dev-0123456789abcdef0123456789abcdef,synthetic-2-open_hand,29,protocol,synthetic-demo-contract-v1,True,0.2540184563917408,0.3055923210584092,0.34371268582937436,0.3788688870491917,0.4390445460754474,0.4630882230800408,0.5231329435413066,0.5468922976633214
1700000002140000000,12140000000,429,428,428,0,0,,,,0,open_hand,hold,200.0,dev-0123456789abcdef0123456789abcdef,synthetic-2-open_hand,29,protocol,synthetic-demo-contract-v1,True,0.47602740271632504,0.5321786568685113,0.5760716663467815,0.6181496642633264,0.6839094772194669,0.7127491390525893,0.7788310253289958,0.8085238352155184
1700000002145000000,12145000000,430,429,429,0,0,,,,0,open_hand,hold,200.0,dev-0123456789abcdef0123456789abcdef,synthetic-2-open_hand,29,protocol,synthetic-demo-contract-v1,True,0.6987737413918267,0.7593279285224456,0.8090440791960104,0.8580981222822939,0.9292857255945459,0.9630741579986986,1.0350854254114914,1.0708222192899992
1700000002150000000,12150000000,431,430,430,0,0,,,,0,open_hand,hold,200.0,dev-0123456789abcdef0123456789abcdef,synthetic-2-open_hand,29,protocol,synthetic-demo-contract-v1,True,0.9222501834697138,0.9870505294032439,1.0426329459140729,1.0987007233920707,1.175161449897628,1.21405590786602,1.2918860834051467,1.3337747734690655
1700000002155000000,12155000000,432,431,431,0,0,,,,0,open_hand,hold,200.0,dev-0123456789abcdef0123456789abcdef,synthetic-2-open_hand,29,protocol,synthetic-demo-contract-v1,True,1.1464436720088458,1.2153546674954152,1.2768388030135285,1.3399413084581173,1.4215236858900575,1.4656847481922162,1.549221427440099,1.5973667380073362
1700000002160000000,12160000000,433,432,432,0,0,,,,0,open_hand,hold,200.0,dev-0123456789abcdef0123456789abcdef,synthetic-2-open_hand,29,protocol,synthetic-demo-contract-v1,True,1.3713354704807714,1.4442461054374292,1.5116595955548053,1.5818011820359954,1.6683583949155563,1.7179487923598993,1.8070784090690668,1.8615813206699705
1700000002165000000,12165000000,434,433,433,0,0,,,,0,open_hand,hold,200.0,dev-0123456789abcdef0123456789abcdef,synthetic-2-open_hand,29,protocol,synthetic-demo-contract-v1,True,1.5969013394360516,1.6737279183516092,1.7470905872517857,1.8242592110236755,1.9156505122417906,1.97083393853899,2.0654425417264766,2.126399754159641
1700000002170000000,12170000000,435,434,434,0,0,,,,0,open_hand,hold,200.0,dev-0123456789abcdef0123456789abcdef,synthetic-2-open_hand,29,protocol,synthetic-demo-contract-v1,True,1.823111798462749,1.9038002736984994,1.9831242885736255,2.067291936140831,2.1633839950341365,2.224323909260251,2.324297942629487,2.391801359926128
1700000002175000000,12175000000,436,435,435,0,0,,,,0,open_hand,hold,200.0,dev-0123456789abcdef0123456789abcdef,synthetic-2-open_hand,29,protocol,synthetic-demo-contract-v1,True,2.049932468812989,2.1344602371202925,2.2197504041301515,2.3108736954277074,2.411541869800444,2.47840029952458,2.5836273780076873,2.6577636181311877
1700000002180000000,12180000000,437,436,436,0,0,,,,0,open_hand,hold,200.0,dev-0123456789abcdef0123456789abcdef,synthetic-2-open_hand,29,protocol,synthetic-demo-contract-v1,True,2.2773244905102574,2.3657016078919346,2.456955800435458,2.554976758870538,2.660106279176434,2.7330426333135596,2.8434123115436942,2.9242622435209946
1700000002185000000,12185000000,438,437,437,0,0,,,,0,open_hand,hold,200.0,dev-0123456789abcdef0123456789abcdef,synthetic-2-open_hand,29,protocol,synthetic-demo-contract-v1,True,2.50524500631054,2.597514787194344,2.694724494936778,2.7995714731828034,2.909058527952502,2.9882284283280782,3.103632955902615,3.191271266939075
1700000002190000000,12190000000,439,438,438,0,0,,,,0,open_hand,hold,200.0,dev-0123456789abcdef0123456789abcdef,synthetic-2-open_hand,29,protocol,synthetic-demo-contract-v1,True,2.7336477036034563,2.8298866819677087,2.9330376669756073,3.0446264157024063,3.1583791282736713,3.243933268743538,3.364268327224209,3.4587631221941457
1700000002195000000,12195000000,440,439,439,0,0,,,,0,open_hand,hold,200.0,dev-0123456789abcdef0123456789abcdef,synthetic-2-open_hand,29,protocol,synthetic-demo-contract-v1,True,2.9624834042314103,3.0628006466013553,3.1718736911182384,3.2901085563048595,3.4080478439751674,3.5001308857327906,3.6252963024477562,3.726708737980002
1700000002200000000,12200000000,441,440,440,0,0,,,,0,open_hand,hold,200.0,dev-0123456789abcdef0123456789abcdef,synthetic-2-open_hand,29,protocol,synthetic-demo-contract-v1,True,3.191700691297578,3.2962364641774684,3.4112081930557703,3.53598342618216,3.6580437340459255,3.756793245471319,3.886693679335883,3.9950776345282484
1700000002205000000,12205000000,442,441,441,0,0,,,,0,open_hand,hold,200.0,dev-0123456789abcdef0123456789abcdef,synthetic-2-open_hand,29,protocol,synthetic-demo-contract-v1,True,3.4212465613457703,3.5301703684176187,3.6510141280322848,3.7822152922967187,3.9083451952413046,4.0138906443038405,4.148436239060087,4.26383802465964
1700000002210000000,12210000000,443,442,442,0,0,,,,0,open_hand,hold,200.0,dev-0123456789abcdef0123456789abcdef,synthetic-2-open_hand,29,protocol,synthetic-demo-contract-v1,True,3.6510670898404958,3.764575106892044,3.89126188151701,4.028767336289727,4.158930003893737,4.2713918107174305,4.410498811207267,4.532956918885892
1700000002215000000,12215000000,444,443,443,0,0,,,,0,open_hand,hold,200.0,dev-0123456789abcdef0123456789abcdef,synthetic-2-open_hand,29,protocol,synthetic-demo-contract-v1,True,3.8811080976630805,3.9994200454512217,4.131919391594844,4.275601836604033,4.409775356996043,4.529264013733732,4.672855341063329,4.802400234201249
1700000002220000000,12220000000,445,444,444,0,0,,,,0,open_hand,hold,200.0,dev-0123456789abcdef0123456789abcdef,synthetic-2-open_hand,29,protocol,synthetic-demo-contract-v1,True,4.111315806373548,4.234671313236447,4.37295229231236,4.522680352572856,4.660857912656043,4.787473177301978,4.935478959026721,5.072132906191721
1700000002225000000,12225000000,446,445,445,0,0,,,,0,open_hand,hold,200.0,dev-0123456789abcdef0123456789abcdef,synthetic-2-open_hand,29,protocol,synthetic-demo-contract-v1,True,4.341637470267356,4.470291987030461,4.61432407698645,4.769963909227806,4.912153830042985,5.045984000245616,5.198342052001728,5.342119004080013
1700000002230000000,12230000000,447,446,446,0,0,,,,0,open_hand,hold,200.0,dev-0123456789abcdef0123456789abcdef,synthetic-2-open_hand,29,protocol,synthetic-demo-contract-v1,True,4.572021973775081,4.7062423131295965,4.855996280262428,5.017413181592333,5.163638808965768,5.304760081288388,5.461416336618365,5.612321848315488
1700000002235000000,12235000000,448,447,447,0,0,,,,0,open_hand,hold,200.0,dev-0123456789abcdef0123456789abcdef,synthetic-2-open_hand,29,protocol,synthetic-demo-contract-v1,True,4.80242038350109,4.942479964364444,5.0979286775008035,5.264988677249829,5.41528812923971,5.56376404866099,5.724672934122784,5.882704130311317
1700000002240000000,12240000000,449,448,448,0,0,,,,0,open_hand,hold,200.0,dev-0123456789abcdef0123456789abcdef,synthetic-2-open_hand,29,protocol,synthetic-demo-contract-v1,True,5.032786445158773,5.178960329375355,5.3400794998791765,5.512650916008994,5.667076690012757,5.822957693767061,5.988082446779342,6.153228033925163
1700000002245000000,12245000000,450,449,449,0,0,,,,0,open_hand,hold,200.0,dev-0123456789abcdef0123456789abcdef,synthetic-2-open_hand,29,protocol,synthetic-demo-contract-v1,True,5.26307701681525,5.415636830770021,5.5824056634202455,5.760360605532042,5.918979049233072,6.0823021083672755,6.251615035622617,6.423855358275337
1700000002250000000,12250000000,451,450,450,0,0,,,,0,open_hand,hold,200.0,dev-0123456789abcdef0123456789abcdef,synthetic-2-open_hand,29,protocol,synthetic-demo-contract-v1,True,-0.006747568815884283,0.01496126836047609,0.04986301000098091,0.09557881184379044,0.12096946344806493,0.15425782472294275,0.19024049939508522,0.2320476414814207
1700000002255000000,12255000000,452,451,451,0,0,,,,0,open_hand,hold,200.0,dev-0123456789abcdef0123456789abcdef,synthetic-2-open_hand,29,protocol,synthetic-demo-contract-v1,True,0.2232767811734548,0.2518841833027531,0.29240655826322426,0.3432671237007274,0.3730219281298224,0.41378495812583477,0.4539283545034305,0.5027662849168264
1700000002260000000,12260000000,453,452,452,0,0,,,,0,open_hand,hold,200.0,dev-0123456789abcdef0123456789abcdef,synthetic-2-open_hand,29,protocol,synthetic-demo-contract-v1,True,0.45311812447826255,0.4888552386497852,0.534990762234154,0.5908878098683856,0.6251102187235332,0.6733433512289522,0.7176479158239372,0.773472677560647
1700000002265000000,12265000000,454,453,453,0,0,,,,0,open_hand,hold,200.0,dev-0123456789abcdef0123456789abcdef,synthetic-2-open_hand,29,protocol,synthetic-demo-contract-v1,True,0.6827486046691151,0.7258236115820051,0.7775697753775248,0.8384039684319913,0.8772079326140205,0.9328927195838564,0.9813683781849302,1.0441283200375306
1700000002270000000,12270000000,455,454,454,0,0,,,,0,open_hand,hold,200.0,dev-0123456789abcdef0123456789abcdef,synthetic-2-open_hand,29,protocol,synthetic-demo-contract-v1,True,0.9121444879385565,0.9627383924040394,1.0200977177342636,1.0857796673485003,1.129288532200603,1.1923927977838822,1.2450588983517668,1.3146949479370034
1700000002275000000,12275000000,456,455,455,0,0,,,,0,open_hand,hold,200.0,dev-0123456789abcdef0123456789abcdef,synthetic-2-open_hand,29,protocol,synthetic-demo-contract-v1,True,1.1412861163884214,1.1995489852928576,1.2625289437748517,1.332980075537152,1.3813253892625112,1.4518034856092235,1.5086886773375865,1.5851346540078448
1700000002280000000,12280000000,457,456,456,0,0,,,,0,open_hand,hold,200.0,dev-0123456789abcdef0123456789abcdef,synthetic-2-open_hand,29,protocol,synthetic-demo-contract-v1,True,1.3701577804400014,1.4362055057541645,1.504818308576185,1.5799715838994628,1.6332918307858604,1.7110849935694328,1.772227042860759,1.8554100088286063
1700000002285000000,12285000000,458,457,457,0,0,,,,0,open_hand,hold,200.0,dev-0123456789abcdef0123456789abcdef,synthetic-2-open_hand,29,protocol,synthetic-demo-contract-v1,True,1.5987475145900925,1.6726591697902802,1.746921429952577,1.826721915757392,1.8851611864089493,1.970197987241422,2.035643531767884,2.125484179562249
1700000002290000000,12290000000,459,458,458,0,0,,,,0,open_hand,hold,200.0,dev-0123456789abcdef0123456789abcdef,synthetic-2-open_hand,29,protocol,synthetic-demo-contract-v1,True,1.8270468222859766,1.9088626699033968,1.9887949442138522,2.0732002262990634,2.1369068376253955,2.2291037298064205,2.2989079722391472,2.395321046410992
1700000002295000000,12295000000,460,459,459,0,0,,,,0,open_hand,hold,200.0,dev-0123456789abcdef0123456789abcdef,synthetic-2-open_hand,29,protocol,synthetic-demo-contract-v1,True,2.0550503371199587,2.144770533251288,2.230396753292842,2.3193771907242215,2.3885022688647077,2.4877642221977694,2.561990565591064,2.664885316396989
1700000002300000000,12300000000,461,460,460,0,0,,,,0,open_hand,hold,200.0,dev-0123456789abcdef0123456789abcdef,synthetic-2-open_hand,29,protocol,synthetic-demo-contract-v1,True,2.2827554288198924,2.380339457534992,2.4716862610788555,2.5652250808851718,2.6399211205472195,2.7461423402824883,2.82486196748988,2.9341426341050374
1700000002305000000,12305000000,462,461,461,0,0,,,,0,open_hand,hold,200.0,dev-0123456789abcdef0123456789abcdef,synthetic-2-open_hand,29,protocol,synthetic-demo-contract-v1,True,2.5101617636105487,2.6155286205260033,2.7126245969120872,2.8107178303226457,2.8911372441853764,3.0042019685136343,3.087493368387494,3.203059689035476
1700000002310000000,12310000000,463,462,462,0,0,,,,0,open_hand,hold,200.0,dev-0123456789abcdef0123456789abcdef,synthetic-2-open_hand,29,protocol,synthetic-demo-contract-v1,True,2.737270829419178,2.850299959528716,2.953174824334773,3.0558310876986003,3.1421247595762036,3.2619081295070607,3.3498565729904315,3.4716043192283883
1700000002315000000,12315000000,464,463,463,0,0,,,,0,open_hand,hold,200.0,dev-0123456789abcdef0123456789abcdef,synthetic-2-open_hand,29,protocol,synthetic-demo-contract-v1,True,2.9640854370790755,3.0846184175164555,3.1933021333565965,3.30054225872849,3.392858114100688,3.51922710901551,3.611924078571389,3.7397456108343254
1700000002320000000,12320000000,465,464,464,0,0,,,,0,open_hand,hold,200.0,dev-0123456789abcdef0123456789abcdef,synthetic-2-open_hand,29,protocol,synthetic-demo-contract-v1,True,3.190609209133724,3.3184521531696087,3.432974014672588,3.5448305368132,3.6433121441151832,3.7761265757948004,3.8736691519321242,4.007453993321924
1700000002325000000,12325000000,466,465,465,0,0,,,,0,open_hand,hold,200.0,dev-0123456789abcdef0123456789abcdef,synthetic-2-open_hand,29,protocol,synthetic-demo-contract-v1,True,3.416846068051881,3.551772712574366,3.672160414469117,3.788676922664424,3.8934621383878425,4.032575695881038,4.135065904825949,4.274701330028843
1700000002330000000,12330000000,467,466,466,0,0,,,,0,open_hand,hold,200.0,dev-0123456789abcdef0123456789abcdef,synthetic-2-open_hand,29,protocol,synthetic-demo-contract-v1,True,3.642799735627014,3.7845551609025203,3.910833868665501,4.0320642333062455,4.143283903500106,4.288545240824272,4.396089367647992,4.541461003779493
1700000002335000000,12335000000,468,467,467,0,0,,,,0,open_hand,hold,200.0,dev-0123456789abcdef0123456789abcdef,synthetic-2-open_hand,29,protocol,synthetic-demo-contract-v1,True,3.868473255053403,4.016778172977741,4.148969615662422,4.274977100918905,4.3927538310994505,4.544007689452565,4.6567155612015485,4.807707997310834
1700000002340000000,12340000000,469,468,468,0,0,,,,0,open_hand,hold,200.0,dev-0123456789abcdef0123456789abcdef,synthetic-2-open_hand,29,protocol,synthetic-demo-contract-v1,True,4.093868546652123,4.248424082232879,4.386545686901368,4.517401962067725,4.641848966855511,4.798937322771015,4.9169215663494805,5.0734189682661555
1700000002345000000,12345000000,470,469,469,0,0,,,,0,open_hand,hold,200.0,dev-0123456789abcdef0123456789abcdef,synthetic-2-open_hand,29,protocol,synthetic-demo-contract-v1,True,4.318986007473559,4.479478888166913,4.623542974778692,4.7593270379299915,4.890547080937539,5.053310311632555,5.176685591360579,5.338572318536085
1700000002350000000,12350000000,471,470,470,0,0,,,,0,open_hand,hold,200.0,dev-0123456789abcdef0123456789abcdef,synthetic-2-open_hand,29,protocol,synthetic-demo-contract-v1,True,4.54382416404468,4.70993222300981,4.859945277700866,5.000742306194801,5.138826739797274,5.3071047968513225,5.435987036762297,5.603148257745976
1700000002355000000,12355000000,472,471,471,0,0,,,,0,open_hand,hold,200.0,dev-0123456789abcdef0123456789abcdef,synthetic-2-open_hand,29,protocol,synthetic-demo-contract-v1,True,4.7683793863785,4.939777278889625,5.095739322311248,5.241639465364846,5.386667379008118,5.560300961464704,5.694806557513113,5.867128860709355
1700000002360000000,12360000000,473,472,472,0,0,,,,0,open_hand,hold,200.0,dev-0123456789abcdef0123456789abcdef,synthetic-2-open_hand,29,protocol,synthetic-demo-contract-v1,True,4.992645670043969,5.169010697359724,5.330914763160253,5.482011892234498,5.6340493768793936,5.812881094886845,5.953126122310283,6.130498118688101
1700000002365000000,12365000000,474,473,473,0,0,,,,0,open_hand,hold,200.0,dev-0123456789abcdef0123456789abcdef,synthetic-2-open_hand,29,protocol,synthetic-demo-contract-v1,True,5.216614491633591,5.3976324236762485,5.565464160327241,5.721854593354714,5.880954128533476,6.064829648733932,6.21092906985159,6.393241984321378
1700000002370000000,12370000000,475,474,474,0,0,,,,0,open_hand,hold,200.0,dev-0123456789abcdef0123456789abcdef,synthetic-2-open_hand,29,protocol,synthetic-demo-contract-v1,True,5.44027474139389,5.625645528708894,5.799382935731196,5.961164151322461,6.127364120104536,6.316133284140093,6.46820016187326,6.6553484101070515
1700000002375000000,12375000000,476,475,475,0,0,,,,0,open_hand,hold,200.0,dev-0123456789abcdef0123456789abcdef,synthetic-2-open_hand,29,protocol,synthetic-demo-contract-v1,True,0.16361273513227864,0.21555600181420706,0.2576693090854565,0.28743866674978136,0.3232630026903433,0.37928091042182627,0.3999256327902314,0.45430738034130436
1700000002380000000,12380000000,477,476,476,0,0,,,,0,open_hand,hold,200.0,dev-0123456789abcdef0123456789abcdef,synthetic-2-open_hand,29,protocol,synthetic-demo-contract-v1,True,0.3866123058169879,0.44237251839298675,0.49032421465682136,0.5256776967757542,0.5686356656637505,0.6292637149883621,0.6560932357696909,0.7151109364442602
1700000002385000000,12385000000,478,477,477,0,0,,,,0,open_hand,hold,200.0,dev-0123456789abcdef0123456789abcdef,synthetic-2-open_hand,29,protocol,synthetic-demo-contract-v1,True,0.6092549735793846,0.668606186186271,0.7223512001790677,0.7633821909830808,0.8134683089280801,0.8785751844350412,0.9116922850739896,0.9752531956216036
1700000002390000000,12390000000,479,478,478,0,0,,,,0,open_hand,hold,200.0,dev-0123456789abcdef0123456789abcdef,synthetic-2-open_hand,29,protocol,synthetic-demo-contract-v1,True,0.8315201911451232,0.8942702746326631,0.9537563094429536,1.0005544255702306,1.0577485136812326,1.127211116796529,1.1667136945150478,1.2347303628344757
1700000002395000000,12395000000,480,479,479,0,0,,,,0,open_hand,hold,200.0,dev-0123456789abcdef0123456789abcdef,synthetic-2-open_hand,29,protocol,synthetic-demo-contract-v1,True,1.0533856600967986,1.119379931809458,1.1845479502371483,1.2371979366100851,1.3014653112369132,1.3751696249761156,1.4211500118688765,1.4935407360720079
1700000002400000000,12400000000,481,480,480,0,0,,,,0,open_hand,hold,200.0,dev-0123456789abcdef0123456789abcdef,synthetic-2-open_hand,29,protocol,synthetic-demo-contract-v1,True,1.2748277118394242,1.343951893608243,1.4147367494456295,1.4733174531972124,1.5446092494383452,1.622451131406426,1.6749954491060954,1.751684704942912
1700000002405000000,12405000000,482,481,481,0,0,,,,0,open_hand,hold,200.0,dev-0123456789abcdef0123456789abcdef,synthetic-2-open_hand,29,protocol,synthetic-demo-contract-v1,True,1.4958217457325858,1.568004189850574,1.644335397215319,1.708918831248643,1.7871724561902937,1.8690583540352794,1.9282459083022132,2.009164742624318
1700000002410000000,12410000000,483,482,482,0,0,,,,0,open_hand,hold,200.0,dev-0123456789abcdef0123456789abcdef,synthetic-2-open_hand,29,protocol,synthetic-demo-contract-v1,True,1.7163427155985203,1.7915558520303099,1.873358482191993,1.9440089886778533,2.0291486996293786,2.1149962837680265,2.1808990031000195,2.265985391227571
1700000002415000000,12415000000,484,483,483,0,0,,,,0,open_hand,hold,200.0,dev-0123456789abcdef0123456789abcdef,synthetic-2-open_hand,29,protocol,synthetic-demo-contract-v1,True,1.9363656547394217,2.01462662727672,2.1018223198818844,2.1785958426090843,2.270533444450632,2.360272153534292,2.4329540756056747,2.5221532406618223
1700000002420000000,12420000000,485,484,484,0,0,,,,0,open_hand,hold,200.0,dev-0123456789abcdef0123456789abcdef,synthetic-2-open_hand,29,protocol,synthetic-demo-contract-v1,True,2.1558662287222368,2.2372367029682376,2.329744776230323,2.4126882492398494,2.5113239039101796,2.60489539918241,2.6844122086100253,2.777676901096988
1700000002425000000,12425000000,486,485,485,0,0,,,,0,open_hand,hold,200.0,dev-0123456789abcdef0123456789abcdef,synthetic-2-open_hand,29,protocol,synthetic-demo-contract-v1,True,2.374821304533132,2.4594064461934426,2.557145088516983,2.6462959468942038,2.75151908702984,2.848877612438856,2.9352762330372455,3.032566969147836
1700000002430000000,12430000000,487,486,486,0,0,,,,0,open_hand,hold,200.0,dev-0123456789abcdef0123456789abcdef,synthetic-2-open_hand,29,protocol,synthetic-demo-contract-v1,True,2.5932095242803834,2.68115616195741,2.784043685649846,2.879429502738776,2.991119840539418,3.0922324862024433,3.1855507305341644,3.2868359879206253
1700000002435000000,12435000000,488,487,487,0,0,,,,0,open_hand,hold,200.0,dev-0123456789abcdef0123456789abcdef,synthetic-2-open_hand,29,protocol,synthetic-demo-contract-v1,True,2.8110118714425423,2.9025058736727933,3.0104620098972843,3.1121002635586454,3.2301288851065277,3.3349757524738113,3.435242031125537,3.5404984010827447
1700000002440000000,12440000000,489,488,488,0,0,,,,0,open_hand,hold,200.0,dev-0123456789abcdef0123456789abcdef,synthetic-2-open_hand,29,protocol,synthetic-demo-contract-v1,True,3.028212217722325,3.1234751290617333,3.236422342030299,3.3443203109116166,3.4685508454218303,3.57712511324965,3.68435820587302,3.7935705011341314
1700000002445000000,12445000000,490,489,489,0,0,,,,0,open_hand,hold,200.0,dev-0123456789abcdef0123456789abcdef,synthetic-2-open_hand,29,protocol,synthetic-demo-contract-v1,True,3.244797838874787,3.3440828341335243,3.4619476317559954,3.5761024208982883,3.7063922737296515,3.8187001647380665,3.932909054488742,4.046070372076849
1700000002450000000,12450000000,491,490,490,0,0,,,,0,open_hand,hold,200.0,dev-0123456789abcdef0123456789abcdef,synthetic-2-open_hand,29,protocol,synthetic-demo-contract-v1,True,3.4607598884249158,3.5643471174013928,3.6870613352100716,3.807460028702442,3.9436616664198794,4.059722315276337,4.180906087868051,4.29801782669601
1700000002455000000,12455000000,492,491,491,0,0,,,,0,open_hand,hold,200.0,dev-0123456789abcdef0123456789abcdef,synthetic-2-open_hand,29,protocol,synthetic-demo-contract-v1,True,3.6760938189639694,3.7842852259676674,3.911787261141951,4.038407197972607,4.180369473326734,4.3002146973549555,4.4283625055202664,4.549434338681186
1700000002460000000,12460000000,493,492,492,0,0,,,,0,open_hand,hold,200.0,dev-0123456789abcdef0123456789abcdef,synthetic-2-open_hand,29,protocol,synthetic-demo-contract-v1,True,3.8907997417001483,4.003913454548642,4.1361494272730654,4.268958595032143,4.416528099413286,4.540202074172224,4.675293167890985,4.800342969832512
1700000002465000000,12465000000,494,493,493,0,0,,,,0,open_hand,hold,200.0,dev-0123456789abcdef0123456789abcdef,synthetic-2-open_hand,29,protocol,synthetic-demo-contract-v1,True,4.104882716117743,4.223247107937472,4.36017192813869,4.499129467822816,4.652151898557314,4.779710741161642,4.921714563584741,5.050768292609843
1700000002470000000,12470000000,495,494,494,0,0,,,,0,open_hand,hold,200.0,dev-0123456789abcdef0123456789abcdef,synthetic-2-open_hand,29,protocol,synthetic-demo-contract-v1,True,4.318352962945881,4.442300496824498,4.583878815538869,4.728935629406453,4.887257159193945,5.018768422949887,5.167644771512432,5.300736308296468
1700000002475000000,12475000000,496,495,495,0,0,,,,0,open_hand,hold,200.0,dev-0123456789abcdef0123456789abcdef,synthetic-2-open_hand,29,protocol,synthetic-demo-contract-v1,True,4.531225995126303,4.661086966318825,4.807293992526779,4.958393445771845,5.121862081613341,5.257404166216252,5.413103418003929,5.550274361061075
1700000002480000000,12480000000,497,496,496,0,0,,,,0,open_hand,hold,200.0,dev-0123456789abcdef0123456789abcdef,synthetic-2-open_hand,29,protocol,synthetic-demo-contract-v1,True,4.7435226630690455,4.879618955951843,5.030441121655931,5.187519827620475,5.35598674675713,5.495648228934941,5.658111628942677,5.7994110482127565
1700000002485000000,12485000000,498,497,497,0,0,,,,0,open_hand,hold,200.0,dev-0123456789abcdef0123456789abcdef,synthetic-2-open_hand,29,protocol,synthetic-demo-contract-v1,True,4.955269112163221,5.097908089401639,5.2533435479935715,5.416332225735644,5.589653076405106,5.733531966489683,5.902691976995639,6.048176126953928
1700000002490000000,12490000000,499,498,498,0,0,,,,0,open_hand,hold,200.0,dev-0123456789abcdef0123456789abcdef,synthetic-2-open_hand,29,protocol,synthetic-demo-contract-v1,True,5.166496652233167,5.315965291665549,5.476024237189206,5.644848629476037,5.822884784693551,5.971087715155535,6.146868424028801,6.29660041794502
1700000002495000000,12495000000,500,499,499,0,0,,,,0,open_hand,hold,200.0,dev-0123456789abcdef0123456789abcdef,synthetic-2-open_hand,29,protocol,synthetic-demo-contract-v1,True,5.377241540363271,5.5338009309345075,5.698505728667321,5.873087567877356,6.055707320957974,6.20834867344575,6.390666258815413,6.544715706002646
1700000002500000000,12500000000,501,500,500,0,0,,,,0,open_hand,hold,200.0,dev-0123456789abcdef0123456789abcdef,synthetic-2-open_hand,29,protocol,synthetic-demo-contract-v1,True,0.08754468022267144,0.11392498199500437,0.14581010379465623,0.18856811279499608,0.23814780394596033,0.25784878182202586,0.30911203016117406,0.33005463825974235
1700000002505000000,12505000000,502,501,501,0,0,,,,0,open_hand,hold,200.0,dev-0123456789abcdef0123456789abcdef,synthetic-2-open_hand,29,protocol,synthetic-demo-contract-v1,True,0.2974512426689691,0.33134720760901254,0.36795896865791133,0.4163098834775481,0.47023494749950545,0.494622601264422,0.5522334755876752,0.5776506201217834
1700000002510000000,12510000000,503,502,502,0,0,,,,0,open_hand,hold,200.0,dev-0123456789abcdef0123456789abcdef,synthetic-2-open_hand,29,protocol,synthetic-demo-contract-v1,True,0.5070102139649696,0.548577354005351,0.5899734508799379,0.6438330519254822,0.7019989778605282,0.7312051911928336,0.7950594457323965,0.8250377093576781
1700000002515000000,12515000000,504,503,503,0,0,,,,0,open_hand,hold,200.0,dev-0123456789abcdef0123456789abcdef,synthetic-2-open_hand,29,protocol,synthetic-demo-contract-v1,True,0.7162738793724404,0.7656253563624904,0.8118742097042685,0.8711583483623287,0.9334715428076712,0.9676319872251707,1.0376198246404431,1.0722505086673064
1700000002520000000,12520000000,505,504,504,0,0,,,,0,open_hand,hold,200.0,dev-0123456789abcdef0123456789abcdef,synthetic-2-open_hand,29,protocol,synthetic-demo-contract-v1,True,0.9252972511632245,0.9825015499770222,1.0336814583915153,1.098307066127231,1.164685612886713,1.2039386792483981,1.2799454461399333,1.3193240570699036
1700000002525000000,12525000000,506,505,505,0,0,,,,0,open_hand,hold,200.0,dev-0123456789abcdef0123456789abcdef,synthetic-2-open_hand,29,protocol,synthetic-demo-contract-v1,True,1.1341374511846418,1.1992168826966814,1.2554149977992144,1.3253010652881074,1.3956753750503663,1.4401610902673874,1.5220680065093002,1.5662937204585416
1700000002530000000,12530000000,507,506,506,0,0,,,,0,open_hand,hold,200.0,dev-0123456789abcdef0123456789abcdef,synthetic-2-open_hand,29,protocol,synthetic-demo-contract-v1,True,1.3428530590109675,1.4157831241540573,1.4770942598613408,1.552162774274145,1.6264761190757384,1.6763350564833768,1.764019973660888,1.8131950816659947
1700000002535000000,12535000000,508,507,507,0,0,,,,0,open_hand,hold,200.0,dev-0123456789abcdef0123456789abcdef,synthetic-2-open_hand,29,protocol,synthetic-demo-contract-v1,True,1.551503437387531,1.6322130673674569,1.6987383595467889,1.7789151888347612,1.8571241171786546,1.9124963090386407,2.0058344930808256,2.0600638303861016
1700000002540000000,12540000000,509,508,508,0,0,,,,0,open_hand,hold,200.0,dev-0123456789abcdef0123456789abcdef,synthetic-2-open_hand,29,protocol,synthetic-demo-contract-v1,True,1.7601480471151345,1.8485207183785584,1.9203661537594854,2.0055818676496817,2.0876564972931604,2.1486803578470104,2.2475452907802866,2.3069356532925376
1700000002545000000,12545000000,510,509,509,0,0,,,,0,open_hand,hold,200.0,dev-0123456789abcdef0123456789abcdef,synthetic-2-open_hand,29,protocol,synthetic-demo-contract-v1,True,1.968845763721021,2.0647214697708347,2.141996305547847,2.23218692394108,2.318111110531361,2.3849223779112405,2.489186573527798,2.5538461246935964
1700000002550000000,12550000000,511,510,510,0,0,,,,0,open_hand,hold,200.0,dev-0123456789abcdef0123456789abcdef,synthetic-2-open_hand,29,protocol,synthetic-demo-contract-v1,True,2.177654208214619,2.280832254155665,2.363647351919315,2.4587550124737114,2.548526393383005,2.6212570985080483,2.7307929266461506,2.800830598057302
1700000002555000000,12555000000,512,511,511,0,0,,,,0,open_hand,hold,200.0,dev-0123456789abcdef0123456789abcdef,synthetic-2-open_hand,29,protocol,synthetic-demo-contract-v1,True,2.386629103932644,2.4968716740206567,2.585337773507444,2.6853113113721476,2.778941225255434,2.8577186956000418,2.972399209670583,3.0479240987357357
1700000002560000000,12560000000,513,512,512,0,0,,,,0,open_hand,hold,200.0,dev-0123456789abcdef0123456789abcdef,synthetic-2-open_hand,29,protocol,synthetic-demo-contract-v1,True,2.5958236709450215,2.7128601047024095,2.8070860643153193,2.9118814982353416,3.009394781992495,3.094340687810978,3.214040450177283,3.2951612182111987
1700000002565000000,12565000000,514,513,513,0,0,,,,0,open_hand,hold,200.0,dev-0123456789abcdef0123456789abcdef,synthetic-2-open_hand,29,protocol,synthetic-demo-contract-v1,True,2.8052880687312234,2.928819767667818,3.0289107997600104,3.138491720087193,3.239926386045347,3.331155836276922,3.455751736102716,3.542576010179509
1700000002570000000,12570000000,515,514,514,0,0,,,,0,open_hand,hold,200.0,dev-0123456789abcdef0123456789abcdef,synthetic-2-open_hand,29,protocol,synthetic-demo-contract-v1,True,3.0150688968615365,3.1447747717575645,3.2508307012684203,3.365168556766927,3.4705753539984596,3.568196048661034,3.6975681068847464,3.7902018887774793
1700000002575000000,12575000000,516,515,515,0,0,,,,0,open_hand,hold,200.0,dev-0123456789abcdef0123456789abcdef,synthetic-2-open_hand,29,protocol,synthetic-demo-contract-v1,True,3.225208762249447,3.360751120555344,3.4728646957249825,3.591938977434468,3.701380842180423,3.8054922875942405,3.939524443766089,4.038071529252606
1700000002580000000,12580000000,517,516,516,0,0,,,,0,open_hand,hold,200.0,dev-0123456789abcdef0123456789abcdef,synthetic-2-open_hand,29,protocol,synthetic-demo-contract-v1,True,3.435745920203307,3.5767766845885296,3.6950319681453947,3.8188302899425928,3.93238169111098,4.043074483777891,4.181655359608967,4.286216771362983
1700000002585000000,12585000000,518,517,517,0,0,,,,0,open_hand,hold,200.0,dev-0123456789abcdef0123456789abcdef,synthetic-2-open_hand,29,protocol,synthetic-demo-contract-v1,True,3.6467139950251166,3.7928811376320257,3.91735200604719,4.045870082908929,4.16361626955299,4.280971453957994,4.423995088577176,4.534668525784773
1700000002590000000,12590000000,519,518,518,0,0,,,,0,open_hand,hold,200.0,dev-0123456789abcdef0123456789abcdef,synthetic-2-open_hand,29,protocol,synthetic-demo-contract-v1,True,3.8581417843116155,4.009095856967994,4.139844634106076,4.273086160405834,4.395122318950515,4.519210823953842,4.666577376047791,4.78345668379308
1700000002595000000,12595000000,520,519,519,0,0,,,,0,open_hand,hold,200.0,dev-0123456789abcdef0123456789abcdef,synthetic-2-open_hand,29,protocol,synthetic-demo-contract-v1,True,4.070053149440297,4.2254537880409,4.362530037825164,4.500506469274008,4.62693679904182,4.7578189568970295,4.909435369119597,5.0326100304698365
1700000002600000000,12600000000,521,520,520,0,0,,,,0,open_hand,hold,200.0,dev-0123456789abcdef0123456789abcdef,synthetic-2-open_hand,29,protocol,synthetic-demo-contract-v1,True,4.282466993004433,4.441989274530673,4.5854287751007385,4.728159019155483,4.859095735438701,4.996820886810009,5.15260150808883,5.28215616167952
1700000002605000000,12605000000,522,521,521,0,0,,,,0,open_hand,hold,200.0,dev-0123456789abcdef0123456789abcdef,synthetic-2-open_hand,29,protocol,synthetic-demo-contract-v1,True,4.49539732223161,4.658737855437477,4.808561774740975,4.956071795432339,5.091634069961094,5.236240257626916,5.396107419265006,5.532121405040043
1700000002610000000,12610000000,523,522,522,0,0,,,,0,open_hand,hold,200.0,dev-0123456789abcdef0123456789abcdef,synthetic-2-open_hand,29,protocol,synthetic-demo-contract-v1,True,4.708853395714767,4.875736031320733,5.0319503211809655,5.184272665348292,5.324585514508453,5.476099267733146,5.639983809500439,5.782530745102126
1700000002615000000,12615000000,524,523,523,0,0,,,,0,open_hand,hold,200.0,dev-0123456789abcdef0123456789abcdef,synthetic-2-open_hand,29,protocol,synthetic-demo-contract-v1,True,4.9228399491378205,5.093021002353831,5.255616024835981,5.41278927768011,5.5579824092367796,5.7164186200746245,5.884260362806413,6.033407752935966
1700000002620000000,12620000000,525,524,524,0,0,,,,0,open_hand,hold,200.0,dev-0123456789abcdef0123456789abcdef,synthetic-2-open_hand,29,protocol,synthetic-demo-contract-v1,True,5.13735749412316,5.310630381336301,5.479580777742732,5.6416489564137065,5.7918555857926375,5.957217477862746,6.128965639426959,6.284774520309081
1700000002625000000,12625000000,526,525,525,0,0,,,,0,open_hand,hold,200.0,dev-0123456789abcdef0123456789abcdef,synthetic-2-open_hand,29,protocol,synthetic-demo-contract-v1,True,-0.14759731710295448,-0.10889811476056807,-0.07113330564734625,-0.041621411035183485,-0.023765763667006598,0.011013425876824797,0.049126977737677005,0.0741515986237247
1700000002630000000,12630000000,527,526,526,0,0,,,,0,open_hand,hold,200.0,dev-0123456789abcdef0123456789abcdef,synthetic-2-open_hand,29,protocol,synthetic-demo-contract-v1,True,0.06796873019023121,0.10947300924250342,0.15349603755941144,0.18800450956544648,0.21114578903249023,0.2528224373427444,0.2947703993321265,0.3265579427667452
1700000002635000000,12635000000,528,527,527,0,0,,,,0,open_hand,hold,200.0,dev-0123456789abcdef0123456789abcdef,synthetic-2-open_hand,29,protocol,synthetic-demo-contract-v1,True,0.2840458826908057,0.3282806875388375,0.3784911302617811,0.4180523785137937,0.44661579074779684,0.49515884634423746,0.5409205176517974,0.5795108600085371
1700000002640000000,12640000000,529,528,528,0,0,,,,0,open_hand,hold,200.0,dev-0123456789abcdef0123456789abcdef,synthetic-2-open_hand,29,protocol,synthetic-demo-contract-v1,True,0.500621925466589,0.5475609454486732,0.6038742529804045,0.6485470580564532,0.682667797472426,0.7380353257023001,0.787600450507841,0.8330259640716802
1700000002645000000,12645000000,530,529,529,0,0,,,,0,open_hand,hold,200.0,dev-0123456789abcdef0123456789abcdef,synthetic-2-open_hand,29,protocol,synthetic-demo-contract-v1,True,0.7176827140934604,0.7673485475651513,0.8296675282594461,0.8795124857363859,0.9193232731748511,0.981462870238407,1.0348317368333244,1.087117134473332
1700000002650000000,12650000000,531,530,530,0,0,,,,0,open_hand,hold,200.0,dev-0123456789abcdef0123456789abcdef,synthetic-2-open_hand,29,protocol,synthetic-demo-contract-v1,True,0.9352127207774167,0.9876766467773825,1.055892792789415,1.1109715460977567,1.156601497568291,1.2254507853187244,1.2826342579939352,1.3417964812289056
1700000002655000000,12655000000,532,531,531,0,0,,,,0,open_hand,hold,200.0,dev-0123456789abcdef0123456789abcdef,synthetic-2-open_hand,29,protocol,synthetic-demo-contract-v1,True,1.1531955825509157,1.2085764390586982,1.2825714583825962,1.3429459416886371,1.3945194833124448,1.470006680559455,1.5310261639728213,1.5970743149879485
1700000002660000000,12660000000,533,532,532,0,0,,,,0,open_hand,hold,200.0,dev-0123456789abcdef0123456789abcdef,synthetic-2-open_hand,29,protocol,synthetic-demo-contract-v1,True,1.3716146396620577,1.4300768288777979,1.5097243631151254,1.5754560643440825,1.6330919030960143,1.715136468557792,1.7800238047315586,1.8529591226564581
1700000002665000000,12665000000,534,533,533,0,0,,,,0,open_hand,hold,200.0,dev-0123456789abcdef0123456789abcdef,synthetic-2-open_hand,29,protocol,synthetic-demo-contract-v1,True,1.5904534525574319,1.6522041099859723,1.737371614117348,1.8085208677647353,1.8723310269944322,1.960844368498826,2.0296416670342023,2.1094575485432485
1700000002670000000,12670000000,535,534,534,0,0,,,,0,open_hand,hold,200.0,dev-0123456789abcdef0123456789abcdef,synthetic-2-open_hand,29,protocol,synthetic-demo-contract-v1,True,1.8096962863799753,1.8749816661563061,1.965532423644546,2.0421577424294477,2.1122466704401788,2.2071329144761114,2.2798923170050007,2.3665743810514055
1700000002675000000,12675000000,536,535,535,0,0,,,,0,open_hand,hold,200.0,dev-0123456789abcdef0123456789abcdef,synthetic-2-open_hand,29,protocol,synthetic-demo-contract-v1,True,2.0293285526511085,2.098429696203326,2.194224940191361,2.276382393894096,2.3528461530838074,2.4540029683525444,2.5307863486726907,2.624312544919455
1700000002680000000,12680000000,537,536,536,0,0,,,,0,open_hand,hold,200.0,dev-0123456789abcdef0123456789abcdef,synthetic-2-open_hand,29,protocol,synthetic-demo-contract-v1,True,2.249337198766207,2.3225649672976334,2.4234660765235296,2.5112087255325335,2.59413426876268,2.7014537369786744,2.7823323387353995,2.8826730990005776
1700000002685000000,12685000000,538,537,537,0,0,,,,0,open_hand,hold,200.0,dev-0123456789abcdef0123456789abcdef,synthetic-2-open_hand,29,protocol,synthetic-demo-contract-v1,True,2.4697110370843327,2.5474006002143357,2.653271336588393,2.7466487267693487,2.836113266731928,2.949482793577622,3.0345368077601367,3.1416552395521724
1700000002690000000,12690000000,539,538,538,0,0,,,,0,open_hand,hold,200.0,dev-0123456789abcdef0123456789abcdef,synthetic-2-open_hand,29,protocol,synthetic-demo-contract-v1,True,2.690441006713326,2.772945889722225,2.8836546433297454,2.9827123678376912,3.0787828442486087,3.1980861030993615,3.2874041880096776,3.401256308992272
1700000002695000000,12695000000,540,539,539,0,0,,,,0,open_hand,hold,200.0,dev-0123456789abcdef0123456789abcdef,synthetic-2-open_hand,29,protocol,synthetic-demo-contract-v1,True,2.9115203625527246,2.9992061628392097,3.1146281694721183,3.2194075020689805,3.322140150536015,3.4472580513422355,3.5409367980674884,3.6614718100638446
1700000002700000000,12700000000,541,540,540,0,0,,,,0,open_hand,hold,200.0,dev-0123456789abcdef0123456789abcdef,synthetic-2-open_hand,29,protocol,synthetic-demo-contract-v1,True,3.132944787729362,3.22618267715571,3.3462021733537184,3.4567397766849086,3.5661798020908737,3.6969914776361343,3.7951348244081604,3.9222954253328512
1700000002705000000,12705000000,542,541,541,0,0,,,,0,open_hand,hold,200.0,dev-0123456789abcdef0123456789abcdef,synthetic-2-open_hand,29,protocol,synthetic-demo-contract-v1,True,3.35471242721179,3.4538725608697214,3.5783848418759048,3.6947125530161022,3.8108939092323673,3.947277710879851,4.049996310036891,4.183719041931209
1700000002710000000,12710000000,543,542,542,0,0,,,,0,open_hand,hold,200.0,dev-0123456789abcdef0123456789abcdef,synthetic-2-open_hand,29,protocol,synthetic-demo-contract-v1,True,3.5768238420857106,3.6822687955932603,3.811182142599943,3.9333268370163874,4.056272113728746,4.198106608724457,4.305517150296699,4.445732781441434
1700000002715000000,12715000000,544,543,543,0,0,,,,0,open_hand,hold,200.0,dev-0123456789abcdef0123456789abcdef,synthetic-2-open_hand,29,protocol,synthetic-demo-contract-v1,True,3.7992818856787594,3.911360242389151,4.044597686959444,4.172581220877318,4.302301637275468,4.449466599695339,4.561691095916663,4.708325034805903
1700000002720000000,12720000000,545,544,544,0,0,,,,0,open_hand,hold,200.0,dev-0123456789abcdef0123456789abcdef,synthetic-2-open_hand,29,protocol,synthetic-demo-contract-v1,True,4.02209150440412,4.141131710888522,4.278632606469756,4.412471836474941,4.548967340538429,4.701344728047444,4.818509763348435,4.971482502130246
1700000002725000000,12725000000,546,545,545,0,0,,,,0,open_hand,hold,200.0,dev-0123456789abcdef0123456789abcdef,synthetic-2-open_hand,29,protocol,synthetic-demo-contract-v1,True,4.245259467814026,4.371564070732332,4.513285443704646,4.652992321300289,4.796251792417608,4.953726701151441,5.075962652411699,5.235190237237525
1700000002730000000,12730000000,547,546,546,0,0,,,,0,open_hand,hold,200.0,dev-0123456789abcdef0123456789abcdef,synthetic-2-open_hand,29,protocol,synthetic-demo-contract-v1,True,4.468794033883023,4.602634403984087,4.748552059677165,4.89413379743761,5.0441353491305305,5.206596939212659,5.334037171242463,5.49943169681754
1700000002735000000,12735000000,548,547,547,0,0,,,,0,open_hand,hold,200.0,dev-0123456789abcdef0123456789abcdef,synthetic-2-open_hand,29,protocol,synthetic-demo-contract-v1,True,4.692704556945356,4.83431619658459,4.984425559106958,5.135884864060435,5.292596242661905,5.459938627129867,5.5927186685107975,5.764188794003841
1700000002740000000,12740000000,549,548,548,0,0,,,,0,open_hand,hold,200.0,dev-0123456789abcdef0123456789abcdef,synthetic-2-open_hand,29,protocol,synthetic-demo-contract-v1,True,4.917001046962286,5.066579566372018,5.2208962348823995,5.378231603816249,5.541610678075758,5.71373376830698,5.851990472847438,6.029441956199877
1700000002745000000,12745000000,550,549,549,0,0,,,,0,open_hand,hold,200.0,dev-0123456789abcdef0123456789abcdef,synthetic-2-open_hand,29,protocol,synthetic-demo-contract-v1,True,5.141693689867653,5.2993915246801375,5.457951532834676,5.621157603366556,5.791152939139923,5.967963240237536,6.111833939391206,6.295170186965165
1700000002750000000,12750000000,551,550,550,0,0,,,,0,open_hand,hold,200.0,dev-0123456789abcdef0123456789abcdef,synthetic-2-open_hand,29,protocol,synthetic-demo-contract-v1,True,-0.13320766038839182,-0.1047837319381346,-0.07942396226533421,-0.04785601175849384,-0.00880449832996805,0.035106851689329734,0.0472285033420307,0.09885113176252462
1700000002755000000,12755000000,552,551,551,0,0,,,,0,open_hand,hold,200.0,dev-0123456789abcdef0123456789abcdef,synthetic-2-open_hand,29,protocol,synthetic-demo-contract-v1,True,0.09230599317498077,0.12901549627165612,0.1587514812043152,0.19616947205782487,0.24170915396138015,0.290143401324508,0.30815174037719684,0.365461147358102
1700000002760000000,12760000000,553,552,552,0,0,,,,0,open_hand,hold,200.0,dev-0123456789abcdef0123456789abcdef,synthetic-2-open_hand,29,protocol,synthetic-demo-contract-v1,True,0.3182422602468885,0.3632487522848069,0.39745677200517177,0.44071042003678934,0.4926631236426563,0.5455507375988966,0.5695794337616732,0.6324753746574143
1700000002765000000,12765000000,554,553,553,0,0,,,,0,open_hand,hold,200.0,dev-0123456789abcdef0123456789abcdef,synthetic-2-open_hand,29,protocol,synthetic-demo-contract-v1,True,0.5446068394369991,0.5978737798398789,0.6366680489300521,0.6857409266461966,0.7440252102556205,0.8013058197930786,0.8314856479570573,0.8998678147527369
1700000002770000000,12770000000,555,554,554,0,0,,,,0,open_hand,hold,200.0,dev-0123456789abcdef0123456789abcdef,synthetic-2-open_hand,29,protocol,synthetic-demo-contract-v1,True,0.7714030128274993,0.8328468937666025,0.8763587562826339,0.9312329070778621,0.995761922839481,1.0573847800366503,1.0938428085077874,1.1676114079499493
1700000002775000000,12775000000,556,555,555,0,0,,,,0,open_hand,hold,200.0,dev-0123456789abcdef0123456789abcdef,synthetic-2-open_hand,29,protocol,synthetic-demo-contract-v1,True,0.998631170359551,1.068123358209155,1.1164997416867835,1.1771562021611988,1.2478386217783304,1.3137629861961528,1.3566217879581635,1.4356781155365184
1700000002780000000,12780000000,557,556,556,0,0,,,,0,open_hand,hold,200.0,dev-0123456789abcdef0123456789abcdef,synthetic-2-open_hand,29,protocol,synthetic-demo-contract-v1,True,1.2262883750007687,1.3036577677757353,1.3570593757255212,1.4234786962047714,1.5002196641544019,1.570415105506135,1.6197919975292585,1.704039004046476
1700000002785000000,12785000000,558,557,557,0,0,,,,0,open_hand,hold,200.0,dev-0123456789abcdef0123456789abcdef,synthetic-2-open_hand,29,protocol,synthetic-demo-contract-v1,True,1.4543679788652206,1.5394044266411364,1.5980036926716696,1.6701664471525584,1.752868551839375,1.8273151688317004,1.8833214842613009,1.9726643317732186
1700000002790000000,12790000000,559,558,558,0,0,,,,0,open_hand,hold,200.0,dev-0123456789abcdef0123456789abcdef,synthetic-2-open_hand,29,protocol,synthetic-demo-contract-v1,True,1.6828592994710838,1.775317720699358,1.8392965513411756,1.9171838283408265,2.005748081550379,2.084436635459491,2.1471770333045295,2.2415236372765937
1700000002795000000,12795000000,560,559,559,0,0,,,,0,open_hand,hold,200.0,dev-0123456789abcdef0123456789abcdef,synthetic-2-open_hand,29,protocol,synthetic-demo-contract-v1,True,1.9117473641434455,2.011352478007065,2.0808998148786424,2.164493681046073,2.258820496096816,2.3417524583223743,2.411324275020073,2.5105858296271193
1700000002800000000,12800000000,561,560,560,0,0,,,,0,open_hand,hold,200.0,dev-0123456789abcdef0123456789abcdef,synthetic-2-open_hand,29,protocol,synthetic-demo-contract-v1,True,2.1410127292245673,2.2474643129734746,2.322773548075399,2.4120574769252165,2.5120476360484996,2.599235149570924,2.675727796532081,2.7798192801272594
1700000002805000000,12805000000,562,561,561,0,0,,,,0,open_hand,hold,200.0,dev-0123456789abcdef0123456789abcdef,synthetic-2-open_hand,29,protocol,synthetic-demo-contract-v1,True,2.370631379268606,2.4836099500346784,2.5648762306259845,2.659835489367061,2.7653910910649446,2.8568568464121444,2.940351257353368,3.0491919152474884
1700000002810000000,12810000000,563,562,562,0,0,,,,0,open_hand,hold,200.0,dev-0123456789abcdef0123456789abcdef,synthetic-2-open_hand,29,protocol,synthetic-demo-contract-v1,True,2.6005747098023266,2.7197475228958425,2.8071649845515116,2.9077869726996477,3.018812350139634,3.1145893771425897,3.205157508689127,3.318671310513345
1700000002815000000,12815000000,564,563,563,0,0,,,,0,open_hand,hold,200.0,dev-0123456789abcdef0123456789abcdef,synthetic-2-open_hand,29,protocol,synthetic-demo-contract-v1,True,2.8308095955603005,2.955836845827897,3.0495958138602415,3.155870348132335,3.2722729500318097,3.372404327309102,3.4701087160071276,3.588224785078929
1700000002820000000,12820000000,565,564,564,0,0,,,,0,open_hand,hold,200.0,dev-0123456789abcdef0123456789abcdef,synthetic-2-open_hand,29,protocol,synthetic-demo-contract-v1,True,3.061298544386292,3.1918396539596814,3.292123854378615,3.4040433952546945,3.525734621181425,3.630273105935719,3.7351664844481336,3.857819496722151
1700000002825000000,12825000000,566,565,565,0,0,,,,0,open_hand,hold,200.0,dev-0123456789abcdef0123456789abcdef,synthetic-2-open_hand,29,protocol,synthetic-demo-contract-v1,True,3.291999935267014,3.427719810005011,3.5347036315716562,3.652263447867321,3.7791594304301452,3.888167011759751,4.000291986637169,4.127422536997595
1700000002830000000,12830000000,567,566,566,0,0,,,,0,open_hand,hold,200.0,dev-0123456789abcdef0123456789abcdef,synthetic-2-open_hand,29,protocol,synthetic-demo-contract-v1,True,3.5228683372652716,3.663443475398993,3.7772893240815413,3.900487592882793,4.032509919902674,4.146057299423814,4.265446092444962,4.397001026284172
1700000002835000000,12835000000,568,567,567,0,0,,,,0,open_hand,hold,200.0,dev-0123456789abcdef0123456789abcdef,synthetic-2-open_hand,29,protocol,synthetic-demo-contract-v1,True,3.753854904481147,3.898979244380595,4.019835030648114,4.148672871008535,4.285749241437543,4.403915245573285,4.530589500239138,4.666522208466557
1700000002840000000,12840000000,569,568,568,0,0,,,,0,open_hand,hold,200.0,dev-0123456789abcdef0123456789abcdef,synthetic-2-open_hand,29,protocol,synthetic-demo-contract-v1,True,3.984907840625881,4.134298240140343,4.262295038036196,4.3967764779076965,4.538841285994957,4.661712214810621,4.795682869156904,4.935953544991993
1700000002845000000,12845000000,570,569,569,0,0,,,,0,open_hand,hold,200.0,dev-0123456789abcdef0123456789abcdef,synthetic-2-open_hand,29,protocol,synthetic-demo-contract-v1,True,4.215972925374703,4.369374172743914,4.504624087582065,4.644755964529303,4.791750807510685,4.9194197254588845,5.060686951924883,5.205262808047208
1700000002850000000,12850000000,571,570,570,0,0,,,,0,open_hand,hold,200.0,dev-0123456789abcdef0123456789abcdef,synthetic-2-open_hand,29,protocol,synthetic-demo-contract-v1,True,4.446994093401077,4.604183359135004,4.746777637985593,4.892569435305024,5.044443540709183,5.177009515086902,5.325562727747554,5.474418172603952
1700000002855000000,12855000000,572,571,571,0,0,,,,0,open_hand,hold,200.0,dev-0123456789abcdef0123456789abcdef,synthetic-2-open_hand,29,protocol,synthetic-demo-contract-v1,True,4.677914055911421,4.838704706105151,4.988712122015181,5.1401757429268935,5.296886312435673,5.43445360574755,5.590271534783431,5.743388307086057
1700000002860000000,12860000000,573,572,572,0,0,,,,0,open_hand,hold,200.0,dev-0123456789abcdef0123456789abcdef,synthetic-2-open_hand,29,protocol,synthetic-demo-contract-v1,True,4.908674953618348,5.072919657684772,5.2303851948591795,5.387534678447972,5.5490471461154804,5.6917243688788925,5.8547752017277235,6.012142462415893
1700000002865000000,12865000000,574,573,573,0,0,,,,0,open_hand,hold,200.0,dev-0123456789abcdef0123456789abcdef,synthetic-2-open_hand,29,protocol,synthetic-demo-contract-v1,True,5.139219029429962,5.3068121089500915,5.471755971949291,5.634607155486043,5.8008953589990435,5.948794589815164,6.119036178021697,6.280650559203536
1700000002870000000,12870000000,575,574,574,0,0,,,,0,open_hand,hold,200.0,dev-0123456789abcdef0123456789abcdef,synthetic-2-open_hand,29,protocol,synthetic-demo-contract-v1,True,5.3694893087061475,5.540368288746169,5.712785254197252,5.881355387358698,6.052401651902409,6.205637531851068,6.383017662212375,6.548883272848088
1700000002875000000,12875000000,576,575,575,0,0,,,,0,open_hand,hold,200.0,dev-0123456789abcdef0123456789abcdef,synthetic-2-open_hand,29,protocol,synthetic-demo-contract-v1,True,0.09943027474901912,0.13607661428931558,0.17843573872476196,0.2152430560360462,0.2535381912052779,0.2747269997985128,0.321683727991614,0.3543121163271295
1700000002880000000,12880000000,577,576,576,0,0,,,,0,open_hand,hold,200.0,dev-0123456789abcdef0123456789abcdef,synthetic-2-open_hand,29,protocol,synthetic-demo-contract-v1,True,0.3289885272573599,0.3689275210254456,0.4186722133260816,0.4612354718642063,0.5042786829211713,0.5310374029697423,0.5849994474507458,0.6219095204573234
1700000002885000000,12885000000,578,577,577,0,0,,,,0,open_hand,hold,200.0,dev-0123456789abcdef0123456789abcdef,synthetic-2-open_hand,29,protocol,synthetic-demo-contract-v1,True,0.558113411783075,0.6014132714781587,0.6584617330815996,0.7067997230882942,0.754598438707033,0.787043817515086,0.8479310110961679,0.8891489114167596
1700000002890000000,12890000000,579,578,578,0,0,,,,0,open_hand,hold,200.0,dev-0123456789abcdef0123456789abcdef,synthetic-2-open_hand,29,protocol,synthetic-demo-contract-v1,True,0.7867576087750399,0.8335277471159453,0.8977737777363191,0.9519048142868287,1.004474433731781,1.0427220480370358,1.1104458441821665,1.1560047853276154
1700000002895000000,12895000000,580,579,579,0,0,,,,0,open_hand,hold,200.0,dev-0123456789abcdef0123456789abcdef,synthetic-2-open_hand,29,protocol,synthetic-demo-contract-v1,True,1.014877671571319,1.0652662274974567,1.1365803886676364,1.1965217929197596,1.2538853563748305,1.298048688395431,1.3725127189300634,1.4224527797061153
1700000002900000000,12900000000,581,580,580,0,0,,,,0,open_hand,hold,200.0,dev-0123456789abcdef0123456789abcdef,synthetic-2-open_hand,29,protocol,synthetic-demo-contract-v1,True,1.2424345036889144,1.2966251611137447,1.3748562844893286,1.44062386328877,1.5028116497759718,1.553001181611075,1.6341018622172845,1.6884697415956267
1700000002905000000,12905000000,582,581,581,0,0,,,,0,open_hand,hold,200.0,dev-0123456789abcdef0123456789abcdef,synthetic-2-open_hand,29,protocol,synthetic-demo-contract-v1,True,1.4693937669409431,1.5276019324343866,1.6125789545706883,1.6841864873102173,1.751235545306832,1.807557878767282,1.895185058336178,1.9540337922079267
1700000002910000000,12910000000,583,582,582,0,0,,,,0,open_hand,hold,200.0,dev-0123456789abcdef0123456789abcdef,synthetic-2-open_hand,29,protocol,synthetic-demo-contract-v1,True,1.695726213260639,1.7581946296792534,1.8497287299885106,1.9271874716071282,1.9991410880811467,2.0616980968007934,2.155735746440286,2.219124387907267
1700000002915000000,12915000000,584,583,583,0,0,,,,0,open_hand,hold,200.0,dev-0123456789abcdef0123456789abcdef,synthetic-2-open_hand,29,protocol,synthetic-demo-contract-v1,True,1.921407934602415,1.9884018177792042,2.086288831672275,2.1696070405360772,2.2465141546658933,2.315402175065226,2.4157291123151885,2.4837223773817763
1700000002920000000,12920000000,585,584,584,0,0,,,,0,open_hand,hold,200.0,dev-0123456789abcdef0123456789abcdef,synthetic-2-open_hand,29,protocol,synthetic-demo-contract-v1,True,2.1464205268923444,2.2182223208583185,2.322245395746514,2.411427894876511,2.493342463197667,2.568651530541912,2.6751421741319867,2.747810054856967
1700000002925000000,12925000000,586,585,585,0,0,,,,0,open_hand,hold,200.0,dev-0123456789abcdef0123456789abcdef,synthetic-2-open_hand,29,protocol,synthetic-demo-contract-v1,True,2.3707511656812708,2.4476550183695354,2.5575874763160997,2.6526352560231667,2.7396155761482603,2.8214287115647143,2.9339538618637966,3.011371209216635
1700000002930000000,12930000000,587,586,586,0,0,,,,0,open_hand,hold,200.0,dev-0123456789abcdef0123456789abcdef,synthetic-2-open_hand,29,protocol,synthetic-demo-contract-v1,True,2.594392592879436,2.6766986587481347,2.7923070261772507,2.893216895635577,2.9853248960199545,3.073717449917307,3.1921450900693014,3.274391168907264
1700000002935000000,12935000000,588,587,587,0,0,,,,0,open_hand,hold,200.0,dev-0123456789abcdef0123456789abcdef,synthetic-2-open_hand,29,protocol,synthetic-demo-contract-v1,True,2.8173430156869093,2.9053516941175728,3.026398856166422,3.1331631508112094,3.2304636542843115,3.3255027111535225,3.4496988237722177,3.536856842512998
1700000002940000000,12940000000,589,588,588,0,0,,,,0,open_hand,hold,200.0,dev-0123456789abcdef0123456789abcdef,synthetic-2-open_hand,29,protocol,synthetic-demo-contract-v1,True,3.039605920544355,3.1336121391952787,3.25986057407859,3.3724669249596557,3.4750268939081463,3.5767707429839795,3.7066001371915696,3.7987567548995997
1700000002945000000,12945000000,590,589,589,0,0,,,,0,open_hand,hold,200.0,dev-0123456789abcdef0123456789abcdef,synthetic-2-open_hand,29,protocol,synthetic-demo-contract-v1,True,3.261189806578859,3.361477457108183,3.4926925042927626,3.611123674663261,3.719011445836556,3.8275091215651846,3.9628362651045856,4.060081078837176
1700000002950000000,12950000000,591,590,590,0,0,,,,0,open_hand,hold,200.0,dev-0123456789abcdef0123456789abcdef,synthetic-2-open_hand,29,protocol,synthetic-demo-contract-v1,True,3.482107844576595,3.588944474346068,3.7248975894337897,3.849131382913871,3.9624158998254027,4.077706795520978,4.218396646651932,4.320821662023099
1700000002955000000,12955000000,592,591,591,0,0,,,,0,open_hand,hold,200.0,dev-0123456789abcdef0123456789abcdef,synthetic-2-open_hand,29,protocol,synthetic-demo-contract-v1,True,3.7023774689463345,3.81600932656306,3.9564812755733207,4.0864905192149665,4.205240570034272,4.327354127520555,4.47327296142365,4.580972049438329
1700000002960000000,12960000000,593,592,592,0,0,,,,0,open_hand,hold,200.0,dev-0123456789abcdef0123456789abcdef,synthetic-2-open_hand,29,protocol,synthetic-demo-contract-v1,True,3.922019911416432,4.042667436391879,4.187451382627077,4.323203987132435,4.447487455805659,4.576442933232482,4.727459157693447,4.840527500982189
1700000002965000000,12965000000,594,593,593,0,0,,,,0,open_hand,hold,200.0,dev-0123456789abcdef0123456789abcdef,synthetic-2-open_hand,29,protocol,synthetic-demo-contract-v1,True,4.141059686307071,4.268913523870652,4.417817961738778,4.5592770599648835,4.689160198066894,4.824966517470212,4.980951472698852,5.099485004342667
1700000002970000000,12970000000,595,594,594,0,0,,,,0,open_hand,hold,200.0,dev-0123456789abcdef0123456789abcdef,synthetic-2-open_hand,29,protocol,synthetic-demo-contract-v1,True,4.35952403811719,4.494741649507128,4.647593141551594,4.794717305284824,4.930264031798166,5.072919707341769,5.233748444894969,5.357843283071368
1700000002975000000,12975000000,596,595,595,0,0,,,,0,open_hand,hold,200.0,dev-0123456789abcdef0123456789abcdef,synthetic-2-open_hand,29,protocol,synthetic-demo-contract-v1,True,4.577442362843489,4.720145289429211,4.876790965354522,5.029534499174707,5.1708057350128644,5.32029888221444,5.485850918140128,5.615602799844301
1700000002980000000,12980000000,597,596,596,0,0,,,,0,open_hand,hold,200.0,dev-0123456789abcdef0123456789abcdef,synthetic-2-open_hand,29,protocol,synthetic-demo-contract-v1,True,4.794845614893893,4.945117441502978,5.105427221152997,5.2637405310459,5.410793574695543,5.5671020003047875,5.737262037802336,5.872765754901897
1700000002985000000,12985000000,598,597,597,0,0,,,,0,open_hand,hold,200.0,dev-0123456789abcdef0123456789abcdef,synthetic-2-open_hand,29,protocol,synthetic-demo-contract-v1,True,5.011765711660832,5.169650760749053,5.333519266749427,5.497349299984018,5.65023725013811,5.813328621704939,5.987987238806248,6.12933607967376
1700000002990000000,12990000000,599,598,598,0,0,,,,0,open_hand,hold,200.0,dev-0123456789abcdef0123456789abcdef,synthetic-2-open_hand,29,protocol,synthetic-demo-contract-v1,True,5.228234947776961,5.393737721863728,5.561085851930059,5.730376603609666,5.889147834106516,6.058979927658107,6.2380342256708445,6.385319425605726
1700000002995000000,12995000000,600,599,599,0,0,,,,0,open_hand,hold,200.0,dev-0123456789abcdef0123456789abcdef,synthetic-2-open_hand,29,protocol,synthetic-demo-contract-v1,True,5.444285430788591,5.617370806161524,5.788146939839688,5.962840020479838,6.127537712258406,6.304058735899683,6.4874129446184705,6.640723148218952
1700000003000000000,13000000000,601,600,600,0,0,,,,0,open_hand,hold,200.0,dev-0123456789abcdef0123456789abcdef,synthetic-2-open_hand,29,protocol,synthetic-demo-contract-v1,True,0.15994854945628162,0.20304270980828054,0.23972352958539644,0.28225878708122465,0.31542052121723607,0.3610695118850795,0.4111355478658304,0.43305628644272526
1700000003005000000,13005000000,602,601,601,0,0,,,,0,open_hand,hold,200.0,dev-0123456789abcdef0123456789abcdef,synthetic-2-open_hand,29,protocol,synthetic-demo-contract-v1,True,0.3752544851387293,0.4257465698158728,0.4658374820456468,0.5136536704826629,0.5528110856901375,0.6050183757317332,0.6592163502370618,0.6873295372746021
1700000003010000000,13010000000,603,602,602,0,0,,,,0,open_hand,hold,200.0,dev-0123456789abcdef0123456789abcdef,synthetic-2-open_hand,29,protocol,synthetic-demo-contract-v1,True,0.5902317757508685,0.6479762039276149,0.6915113507722902,0.744546837719748,0.7897253549959611,0.8484131047104719,0.9066717782679341,0.9410552258332822
1700000003015000000,13015000000,604,603,603,0,0,,,,0,open_hand,hold,200.0,dev-0123456789abcdef0123456789abcdef,synthetic-2-open_hand,29,protocol,synthetic-demo-contract-v1,True,0.8049069406300066,0.8697263602427314,0.9167682197619962,0.974961722980298,1.0261803393464262,1.0912631311306997,1.1535203119983475,1.194247270881306
1700000003020000000,13020000000,605,604,604,0,0,,,,0,open_hand,hold,200.0,dev-0123456789abcdef0123456789abcdef,synthetic-2-open_hand,29,protocol,synthetic-demo-contract-v1,True,1.0193041733185717,1.0909929722137541,1.1416315497414458,1.204922893645102,1.2621940461975412,1.333579535474636,1.3997824196776796,1.446921145906148
1700000003025000000,13025000000,606,605,605,0,0,,,,0,open_hand,hold,200.0,dev-0123456789abcdef0123456789abcdef,synthetic-2-open_hand,29,protocol,synthetic-demo-contract-v1,True,1.23344510780599,1.3117734145056852,1.366125034459371,1.434455916214411,1.4977854169607343,1.5753750346480986,1.6454804856338618,1.699093835859611
1700000003030000000,13030000000,607,606,606,0,0,,,,0,open_hand,hold,200.0,dev-0123456789abcdef0123456789abcdef,synthetic-2-open_hand,29,protocol,synthetic-demo-contract-v1,True,1.447348662195428,1.5320667551328004,1.59027246831005,1.6635872231173088,1.7329742643337285,1.8166639652290664,1.890638731582372,1.9507837896665279
1700000003035000000,13035000000,608,607,607,0,0,,,,0,open_hand,hold,200.0,dev-0123456789abcdef0123456789abcdef,synthetic-2-open_hand,29,protocol,synthetic-demo-contract-v1,True,1.6610309621060109,1.7518739992893682,1.8140976264294537,1.892343981358886,1.967781210480476,2.05746226161044,2.1352831316754726,2.202010868624685
1700000003040000000,13040000000,609,608,608,0,0,,,,0,open_hand,hold,200.0,dev-0123456789abcdef0123456789abcdef,synthetic-2-open_hand,29,protocol,synthetic-demo-contract-v1,True,1.874505344421594,1.9711983203644454,2.0376241582092227,2.1207539639094994,2.2022276262576814,2.297787428949966,2.379441321614843,2.4527962908284677
1700000003045000000,13045000000,610,609,609,0,0,,,,0,open_hand,hold,200.0,dev-0123456789abcdef0123456789abcdef,synthetic-2-open_hand,29,protocol,synthetic-demo-contract-v1,True,2.087782440288159,2.190045273777409,2.260875494967709,2.348845424682056,2.436335571653092,2.53765851085826,2.6231425021723136,2.703162571759161
1700000003050000000,13050000000,611,610,610,0,0,,,,0,open_hand,hold,200.0,dev-0123456789abcdef0123456789abcdef,synthetic-2-open_hand,29,protocol,synthetic-demo-contract-v1,True,2.300870334578309,2.4084229894876903,2.483874772303878,2.576646977877692,2.670127737567914,2.777096051774959,2.866417337483385,2.9531334611948075
1700000003055000000,13055000000,612,611,611,0,0,,,,0,open_hand,hold,200.0,dev-0123456789abcdef0123456789abcdef,synthetic-2-open_hand,29,protocol,synthetic-demo-contract-v1,True,2.513774797417887,2.626342339316319,2.706644767441996,2.8041874824084463,2.9036273890430593,3.016122054003499,3.109297848496815,3.202733876602357
1700000003060000000,13060000000,613,612,612,0,0,,,,0,open_hand,hold,200.0,dev-0123456789abcdef0123456789abcdef,synthetic-2-open_hand,29,protocol,synthetic-demo-contract-v1,True,2.7264995818394797,2.8438170755638064,2.929207851655208,3.031495932028062,3.136858309996473,3.254759929396399,3.3518173019804425,3.4519898331841805
1700000003065000000,13065000000,614,613,613,0,0,,,,0,open_hand,hold,200.0,dev-0123456789abcdef0123456789abcdef,synthetic-2-open_hand,29,protocol,synthetic-demo-contract-v1,True,2.939046780222041,3.060863937813532,3.1515859576374052,3.2586013517199715,3.3698447495071546,3.493034445705453,3.5940100954987093,3.700928370760088
1700000003070000000,13070000000,615,614,614,0,0,,,,0,open_hand,hold,200.0,dev-0123456789abcdef0123456789abcdef,synthetic-2-open_hand,29,protocol,synthetic-demo-contract-v1,True,3.151417230923796,3.2775027252658915,3.3738005614778515,3.4855327008056376,3.602611369650731,3.7309716676345728,3.8359116387908894,3.9495774776746515
1700000003075000000,13075000000,616,615,615,0,0,,,,0,open_hand,hold,200.0,dev-0123456789abcdef0123456789abcdef,synthetic-2-open_hand,29,protocol,synthetic-demo-contract-v1,True,3.363610965442684,3.4937563324489664,3.595872678684667,3.71231878314762,3.8351831948620636,3.968598892657114,4.077558231990834,4.197966011927858
1700000003080000000,13080000000,617,616,616,0,0,,,,0,open_hand,hold,200.0,dev-0123456789abcdef0123456789abcdef,synthetic-2-open_hand,29,protocol,synthetic-demo-contract-v1,True,3.575627685566852,3.7096507466888102,3.817822873504154,3.938988164731094,4.0675855627725985,4.20594458168434,4.318986941139029,4.446123619734985
1700000003085000000,13085000000,618,617,617,0,0,,,,0,open_hand,hold,200.0,dev-0123456789abcdef0123456789abcdef,synthetic-2-open_hand,29,protocol,synthetic-demo-contract-v1,True,3.7874672593250507,3.925215006288228,4.039671280595509,4.165569098815867,4.2998440764442085,4.443038284696859,4.560235471445883,4.694080651728913
1700000003090000000,13090000000,619,618,618,0,0,,,,0,open_hand,hold,200.0,dev-0123456789abcdef0123456789abcdef,synthetic-2-open_hand,29,protocol,synthetic-demo-contract-v1,True,3.9991302241266222,4.140481118948489,4.261437637947274,4.3920894587593935,4.531984557897556,4.679910561476572,4.801342038771513,4.941868077025073
1700000003095000000,13095000000,620,619,619,0,0,,,,0,open_hand,hold,200.0,dev-0123456789abcdef0123456789abcdef,synthetic-2-open_hand,29,protocol,synthetic-demo-contract-v1,True,4.210618285301754,4.355483940564642,4.483141329764891,4.618576678520585,4.764033002811526,4.9165928976024205,5.042345239791605,5.1895173953755664
1700000003100000000,13100000000,621,620,620,0,0,,,,0,open_hand,hold,200.0,dev-0123456789abcdef0123456789abcdef,synthetic-2-open_hand,29,protocol,synthetic-demo-contract-v1,True,4.421934798318654,4.570261015122888,4.704801437920222,4.8450577007656195,4.996015536251521,5.153117615899181,5.283283921321586,5.437060547645033
1700000003105000000,13105000000,622,621,621,0,0,,,,0,open_hand,hold,200.0,dev-0123456789abcdef0123456789abcdef,synthetic-2-open_hand,29,protocol,synthetic-demo-contract-v1,True,4.633085223263797,4.7848523770182965,4.926436800435287,5.071558932411015,5.227958369268281,5.389517783554268,5.524197049271827,5.684529824846092
1700000003110000000,13110000000,623,622,622,0,0,,,,0,open_hand,hold,200.0,dev-0123456789abcdef0123456789abcdef,synthetic-2-open_hand,29,protocol,synthetic-demo-contract-v1,True,4.844077540718516,4.999300317684266,5.1480660753756675,5.298106207357255,5.459887756195764,5.62582711514308,5.765123577705523,5.931957775977199
1700000003115000000,13115000000,624,623,623,0,0,,,,0,open_hand,hold,200.0,dev-0123456789abcdef0123456789abcdef,synthetic-2-open_hand,29,protocol,synthetic-demo-contract-v1,True,5.054922618938465,5.213649118972192,5.36970780845484,5.524724756088681,5.691829952466528,5.862079871828498,6.006102318467692,6.1793771149099275
1700000003120000000,13120000000,625,624,624,0,0,,,,0,open_hand,hold,200.0,dev-0123456789abcdef0123456789abcdef,synthetic-2-open_hand,29,protocol,synthetic-demo-contract-v1,True,5.265634523226523,5.427944756232607,5.59138050260038,5.75143918174329,5.923811172756067,6.098310757024622,6.247171811848853,6.426820626576505
1700000003125000000,13125000000,626,625,625,0,0,,,,0,open_hand,hold,200.0,dev-0123456789abcdef0123456789abcdef,synthetic-2-open_hand,29,protocol,synthetic-demo-contract-v1,True,-0.023769240435804185,0.0047345745195537785,0.038102687707008344,0.06577344219005622,0.10585754926380432,0.14705480883861086,0.1633701987402562,0.21182107271148898
1700000003130000000,13130000000,627,626,626,0,0,,,,0,open_hand,hold,200.0,dev-0123456789abcdef0123456789abcdef,synthetic-2-open_hand,29,protocol,synthetic-demo-contract-v1,True,0.18673244590794166,0.21906694176072256,0.25989298880022627,0.2927508375922107,0.3379950899379717,0.3833472896273293,0.4047350947290468,0.4594110974040834
1700000003135000000,13135000000,628,627,627,0,0,,,,0,open_hand,hold,200.0,dev-0123456789abcdef0123456789abcdef,synthetic-2-open_hand,29,protocol,synthetic-demo-contract-v1,True,0.39716440603728903,0.43349088310039063,0.48177019085766015,0.5198940028829911,0.570249636454245,0.6197235730272033,0.6463034665715316,0.7071231327194175
1700000003140000000,13140000000,629,628,628,0,0,,,,0,open_hand,hold,200.0,dev-0123456789abcdef0123456789abcdef,synthetic-2-open_hand,29,protocol,synthetic-demo-contract-v1,True,0.6075551824315091,0.6480557009248796,0.7037532985832536,0.7472249045364564,0.8026468217640601,0.8562190288362772,0.8881115114709817,0.9549893046484754
1700000003145000000,13145000000,630,629,629,0,0,,,,0,open_hand,hold,200.0,dev-0123456789abcdef0123456789abcdef,synthetic-2-open_hand,29,protocol,synthetic-demo-contract-v1,True,0.8179369663179917,0.8628105853160756,0.9258615895010242,0.9747648409802194,1.0352120270375353,1.092868906146533,1.1301945395728903,1.2030413396469237
1700000003150000000,13150000000,631,630,630,0,0,,,,0,open_hand,hold,200.0,dev-0123456789abcdef0123456789abcdef,synthetic-2-open_hand,29,protocol,synthetic-demo-contract-v1,True,1.0283454447447724,1.0778042198441193,1.1481146588297841,1.2025344459699523,1.267970337838163,1.3297082151422042,1.37258686007577,1.4513104720231425
1700000003155000000,13155000000,632,631,631,0,0,,,,0,open_hand,hold,200.0,dev-0123456789abcdef0123456789abcdef,synthetic-2-open_hand,29,protocol,synthetic-demo-contract-v1,True,1.2388195662466668,1.2930843877027696,1.3705324547164681,1.430553694227297,1.5009464993814778,1.5667716079956915,1.6153216713391343,1.6998273524350307
1700000003160000000,13160000000,633,632,632,0,0,,,,0,open_hand,hold,200.0,dev-0123456789abcdef0123456789abcdef,synthetic-2-open_hand,29,protocol,synthetic-demo-contract-v1,True,1.4494012283643436,1.5086975832088694,1.593135302542225,1.6588419086336834,1.7341648707478285,1.8040932593068677,1.858430955352615,1.9486219577538422
1700000003165000000,13165000000,634,633,633,0,0,,,,0,open_hand,hold,200.0,dev-0123456789abcdef0123456789abcdef,synthetic-2-open_hand,29,protocol,synthetic-demo-contract-v1,True,1.6601348919037502,1.7246886336303409,1.8159439171704175,1.8874177682724633,1.9676493779398603,2.0417067465437406,2.101945376911158,2.1977235025512702
1700000003170000000,13170000000,635,634,634,0,0,,,,0,open_hand,hold,200.0,dev-0123456789abcdef0123456789abcdef,synthetic-2-open_hand,29,protocol,synthetic-demo-contract-v1,True,1.8710671283563773,1.9411003361760304,2.0389794021771444,2.1162993166207125,2.2014234656982192,2.2796449309526414,2.345894187821049,2.447160352463306
1700000003175000000,13175000000,636,635,635,0,0,,,,0,open_hand,hold,200.0,dev-0123456789abcdef0123456789abcdef,synthetic-2-open_hand,29,protocol,synthetic-demo-contract-v1,True,2.082246108307533,2.157973114777508,2.262263235290699,2.345503969209863,2.435510048014058,2.5179398394141312,2.5903051364402616,2.6969599396809936
1700000003180000000,13180000000,637,636,636,0,0,,,,0,open_hand,hold,200.0,dev-0123456789abcdef0123456789abcdef,synthetic-2-open_hand,29,protocol,synthetic-demo-contract-v1,True,2.293721039911291,2.3753447010206066,2.4858172394641236,2.575048520100812,2.6699314573038997,2.756622547726632,2.8352043828343434,2.9471486808141383
1700000003185000000,13185000000,638,637,637,0,0,,,,0,open_hand,hold,200.0,dev-0123456789abcdef0123456789abcdef,synthetic-2-open_hand,29,protocol,synthetic-demo-contract-v1,True,2.5055415675814716,2.593249843247278,2.7096635392122113,2.8049491465539247,2.904709392241098,2.9957230658033147,3.080616419805959,3.197751897369271
1700000003190000000,13190000000,639,638,638,0,0,,,,0,open_hand,hold,200.0,dev-0123456789abcdef0123456789abcdef,synthetic-2-open_hand,29,protocol,synthetic-demo-contract-v1,True,2.7177571419158166,2.8117200474512516,2.9338245020581804,3.0352214113169906,3.1398648642680165,3.2352702252688466,3.3265640000322163,3.4487937390776837
1700000003195000000,13195000000,640,639,639,0,0,,,,0,open_hand,hold,200.0,dev-0123456789abcdef0123456789abcdef,synthetic-2-open_hand,29,protocol,synthetic-demo-contract-v1,True,2.9304163725178127,3.03078335314033,3.158322665153364,3.265880262004358,3.375418142844274,3.475291569941425,3.5730680695194295,3.700297110303309
1700000003200000000,13200000000,641,640,640,0,0,,,,0,open_hand,hold,200.0,dev-0123456789abcdef0123456789abcdef,synthetic-2-open_hand,29,protocol,synthetic-demo-contract-v1,True,3.143566375793653,3.2504641468404283,3.383180647352335,3.4969400270972226,3.611388699517949,3.7158132496816205,3.8201477075596957,3.952283599753299
1700000003205000000,13205000000,642,641,641,0,0,,,,0,open_hand,hold,200.0,dev-0123456789abcdef0123456789abcdef,synthetic-2-open_hand,29,protocol,synthetic-demo-contract-v1,True,3.35725212997243,3.470783015379787,3.608421047243677,3.728414408158222,3.847795150939029,3.9568599180834556,4.067820073348187,4.204773413706796
1700000003210000000,13210000000,643,642,642,0,0,,,,0,open_hand,hold,200.0,dev-0123456789abcdef0123456789abcdef,synthetic-2-open_hand,29,protocol,synthetic-demo-contract-v1,True,3.5715158495217474,3.691756640523893,3.8340663278498197,3.960316467921864,4.084655200966492,4.198454634474316,4.316100359394054,4.457785312969189
1700000003215000000,13215000000,644,643,643,0,0,,,,0,open_hand,hold,200.0,dev-0123456789abcdef0123456789abcdef,synthetic-2-open_hand,29,protocol,synthetic-demo-contract-v1,True,3.7863963908101126,3.9133977359415772,4.060138688915564,4.192658613995547,4.3219855820524575,4.440618770679103,4.565001751831723,4.711336553750387
1700000003220000000,13220000000,645,644,644,0,0,,,,0,open_hand,hold,200.0,dev-0123456789abcdef0123456789abcdef,synthetic-2-open_hand,29,protocol,synthetic-demo-contract-v1,True,4.001928700307908,4.135715026879403,4.286659927901272,4.425452577982828,4.5598019961181855,4.683371922990341,4.8145353977130885,4.965442832656266
1700000003225000000,13225000000,646,645,645,0,0,,,,0,open_hand,hold,200.0,dev-0123456789abcdef0123456789abcdef,synthetic-2-open_hand,29,protocol,synthetic-demo-contract-v1,True,4.2181433158316315,4.358713272314057,4.513651290980702,4.658709389920614,4.798119055167141,4.926731829769812,5.064710379334839,5.220118235972334
1700000003230000000,13230000000,647,646,646,0,0,,,,0,open_hand,hold,200.0,dev-0123456789abcdef0123456789abcdef,synthetic-2-open_hand,29,protocol,synthetic-demo-contract-v1,True,4.435065930337253,4.582393328750358,4.741133315512754,4.892439348003864,5.036950221909476,5.170714295088776,5.315533695628981,5.475375193408118
1700000003235000000,13235000000,648,647,647,0,0,,,,0,open_hand,hold,200.0,dev-0123456789abcdef0123456789abcdef,synthetic-2-open_hand,29,protocol,synthetic-demo-contract-v1,True,4.652717026578048,4.806752254244902,4.96912566560863,5.12665198365459,5.276307750699843,5.415333118793042,5.56701025061874,5.7312244364595015
1700000003240000000,13240000000,649,648,648,0,0,,,,0,open_hand,hold,200.0,dev-0123456789abcdef0123456789abcdef,synthetic-2-open_hand,29,protocol,synthetic-demo-contract-v1,True,4.871111589584058,5.031783450671153,5.197646962549175,5.361356022075184,5.516202629116046,5.660600033356006,5.819142848916261,5.987674961534479
1700000003245000000,13245000000,650,649,649,0,0,,,,0,open_hand,hold,200.0,dev-0123456789abcdef0123456789abcdef,synthetic-2-open_hand,29,protocol,synthetic-demo-contract-v1,True,5.0902589024219935,5.2574768417097735,5.426714611919645,5.59655933850874,5.756644520529514,5.90652464785765,6.071932198213499,6.244733997975493
1700000003250000000,13250000000,651,650,650,0,0,,,,0,open_hand,hold,200.0,dev-0123456789abcdef0123456789abcdef,synthetic-2-open_hand,29,protocol,synthetic-demo-contract-v1,True,-0.18983757091403722,-0.15368091644398452,-0.11865537058076017,-0.08023108949019513,-0.052358291960555574,-0.03438560059983185,0.0003769186928578817,0.03990698109869752
1700000003255000000,13255000000,652,651,651,0,0,,,,0,open_hand,hold,200.0,dev-0123456789abcdef0123456789abcdef,synthetic-2-open_hand,29,protocol,synthetic-demo-contract-v1,True,0.03081978668351061,0.07329380489178837,0.11155146736924844,0.15599076660731295,0.18920104016067146,0.2128745122417638,0.25447355926012527,0.2981975303571798
1700000003260000000,13260000000,653,652,652,0,0,,,,0,open_hand,hold,200.0,dev-0123456789abcdef0123456789abcdef,synthetic-2-open_hand,29,protocol,synthetic-demo-contract-v1,True,0.25222280735220565,0.30088187228010216,0.34234784398562235,0.39272993181611454,0.43132787867047695,0.46080796489919185,0.5092166204789096,0.557107432721406
1700000003265000000,13265000000,654,653,653,0,0,,,,0,open_hand,hold,200.0,dev-0123456789abcdef0123456789abcdef,synthetic-2-open_hand,29,protocol,synthetic-demo-contract-v1,True,0.47435768860419353,0.5290616768099871,0.5737445774984442,0.6299903705238745,0.6740260490315065,0.7094154654370325,0.7645985840631471,0.8166366313560177
1700000003270000000,13270000000,655,654,654,0,0,,,,0,open_hand,hold,200.0,dev-0123456789abcdef0123456789abcdef,synthetic-2-open_hand,29,protocol,synthetic-demo-contract-v1,True,0.6972052290850711,0.7578094375555541,0.8057504271918501,0.8677749273452193,0.9172977938165233,0.9586954351276173,1.020609948762595,1.076783219657503
1700000003275000000,13275000000,656,655,655,0,0,,,,0,open_hand,hold,200.0,dev-0123456789abcdef0123456789abcdef,synthetic-2-open_hand,29,protocol,synthetic-demo-contract-v1,True,0.9207411450835707,0.9870995172175543,1.0383719434033754,1.1060852665941592,1.1611437295657103,1.2086440006301449,1.2772392724554469,1.337543440702376
1700000003280000000,13280000000,657,656,656,0,0,,,,0,open_hand,hold,200.0,dev-0123456789abcdef0123456789abcdef,synthetic-2-open_hand,29,protocol,synthetic-demo-contract-v1,True,1.1449364615732747,1.216904745192436,1.2716133284617197,1.3449218110782586,1.4055628075085291,1.4592549948009919,1.5344732202424738,1.5989116921402708
1700000003285000000,13285000000,658,657,657,0,0,,,,0,open_hand,hold,200.0,dev-0123456789abcdef0123456789abcdef,synthetic-2-open_hand,29,protocol,synthetic-demo-contract-v1,True,1.3697579701383022,1.4471967432642248,1.5054763104571542,1.584283680963157,1.6505522785796196,1.710519966209759,1.7922966183184394,1.8608805365508572
1700000003290000000,13290000000,659,658,658,0,0,,,,0,open_hand,hold,200.0,dev-0123456789abcdef0123456789abcdef,synthetic-2-open_hand,29,protocol,synthetic-demo-contract-v1,True,1.5951687448604734,1.6779462491391144,1.7399600316300978,1.8241686334932443,1.8961076631518612,1.9624281973973383,2.0506925133790266,2.1234407172677536
1700000003295000000,13295000000,660,659,659,0,0,,,,0,open_hand,hold,200.0,dev-0123456789abcdef0123456789abcdef,synthetic-2-open_hand,29,protocol,synthetic-demo-contract-v1,True,1.8211287061515413,1.9091234331408922,1.9750609530319827,2.0645730043831376,2.142222725899406,2.2149667318734876,2.3096422373051833,2.3865811796567074
1700000003300000000,13300000000,661,660,660,0,0,,,,0,open_hand,hold,200.0,dev-0123456789abcdef0123456789abcdef,synthetic-2-open_hand,29,protocol,synthetic-demo-contract-v1,True,2.0475952216227316,2.140698203555494,2.2107727769598684,2.305491651714647,2.3888894561893275,2.4681204098122254,2.569125476851735,2.650289097819245
1700000003305000000,13305000000,662,661,661,0,0,,,,0,open_hand,hold,200.0,dev-0123456789abcdef0123456789abcdef,synthetic-2-open_hand,29,protocol,synthetic-demo-contract-v1,True,2.274523732412893,2.3726404963521914,2.447086388494051,2.5469179031848133,2.636098054382395,2.7218719123640107,2.829120348053272,2.9145499066768155
1700000003310000000,13310000000,663,662,662,0,0,,,,0,open_hand,hold,200.0,dev-0123456789abcdef0123456789abcdef,synthetic-2-open_hand,29,protocol,synthetic-demo-contract-v1,True,2.5018683929595613,2.60492054531339,2.6839898172782375,2.7888435075522673,2.883836924401678,2.976201814464431,3.0896034750478902,3.1793473393743046
1700000003315000000,13315000000,664,663,663,0,0,,,,0,open_hand,hold,200.0,dev-0123456789abcdef0123456789abcdef,synthetic-2-open_hand,29,protocol,synthetic-demo-contract-v1,True,2.7295827120026277,2.837509128969538,2.9214682204767337,3.0312585911212477,3.13209267290197,3.231088645980042,3.350550073008137,3.4446634699254886
1700000003320000000,13320000000,665,664,664,0,0,,,,0,open_hand,hold,200.0,dev-0123456789abcdef0123456789abcdef,synthetic-2-open_hand,29,protocol,synthetic-demo-contract-v1,True,2.9576201826620676,3.0703777911547134,3.159503887625133,3.274151620085351,3.3808501153439248,3.4865089609935134,3.611934034858806,3.710478761006923
1700000003325000000,13325000000,666,665,665,0,0,,,,0,open_hand,hold,200.0,dev-0123456789abcdef0123456789abcdef,synthetic-2-open_hand,29,protocol,synthetic-demo-contract-v1,True,3.1859348897277577,3.3034990324649924,3.398076267862536,3.517509369526321,3.6300922892441037,3.7424374149922905,3.8737280214527248,3.976772116790624
1700000003330000000,13330000000,667,666,666,0,0,,,,0,open_hand,hold,200.0,dev-0123456789abcdef0123456789abcdef,synthetic-2-open_hand,29,protocol,synthetic-demo-contract-v1,True,3.4144820828347693,3.5368464704085443,3.6371620197972736,3.7613168998272646,3.8798004748363373,3.9988468496880594,4.135903554868709,4.2435209406900185
1700000003335000000,13335000000,668,667,667,0,0,,,,0,open_hand,hold,200.0,dev-0123456789abcdef0123456789abcdef,synthetic-2-open_hand,29,protocol,synthetic-demo-contract-v1,True,3.6432187049603355,3.770394966575272,3.8767350840170343,4.005557541214709,4.129954223340923,4.255708385158326,4.398431114490139,4.510701197877876
1700000003340000000,13340000000,669,668,668,0,0,,,,0,open_hand,hold,200.0,dev-0123456789abcdef0123456789abcdef,synthetic-2-open_hand,29,protocol,synthetic-demo-contract-v1,True,3.872103866653372,4.004120719716301,4.116766778011235,4.250212887090418,4.380531392996602,4.512991518966841,4.661280235518362,4.778287482419499
1700000003345000000,13345000000,670,669,669,0,0,,,,0,open_hand,hold,200.0,dev-0123456789abcdef0123456789abcdef,synthetic-2-open_hand,29,protocol,synthetic-demo-contract-v1,True,4.1010992575738126,4.238001324200705,4.357225913031236,4.495262796752154,4.631508192966164,4.770664231886427,4.924419609572194,5.046253088849238
1700000003350000000,13350000000,671,670,670,0,0,,,,0,open_hand,hold,200.0,dev-0123456789abcdef0123456789abcdef,synthetic-2-open_hand,29,protocol,synthetic-demo-contract-v1,True,4.330169488253189,4.472015793899402,4.598078932175401,4.740685408033271,4.882859235180285,5.028693099816257,5.18781718702318,5.3145700880035855
1700000003355000000,13355000000,672,671,671,0,0,,,,0,open_hand,hold,200.0,dev-0123456789abcdef0123456789abcdef,synthetic-2-open_hand,29,protocol,synthetic-demo-contract-v1,True,4.559282356462538,4.706144552125032,4.839290068754079,4.986457160314667,5.134557594136127,5.2870434114559695,5.451440280716056,5.583209406909692
1700000003360000000,13360000000,673,672,672,0,0,,,,0,open_hand,hold,200.0,dev-0123456789abcdef0123456789abcdef,synthetic-2-open_hand,29,protocol,synthetic-demo-contract-v1,True,4.788409034158528,4.940369388822521,5.080821523766869,5.2325528282800065,5.3865748746176045,5.545679291271338,5.715255670724841,5.852140912514181
1700000003365000000,13365000000,674,673,673,0,0,,,,0,open_hand,hold,200.0,dev-0123456789abcdef0123456789abcdef,synthetic-2-open_hand,29,protocol,synthetic-demo-contract-v1,True,5.0175241726413615,5.174673386749205,5.322633661113861,5.478945566696922,5.638881287253506,5.804563827260671,5.979229709797305,6.1213334990236685
1700000003370000000,13370000000,675,674,674,0,0,,,,0,open_hand,hold,200.0,dev-0123456789abcdef0123456789abcdef,synthetic-2-open_hand,29,protocol,synthetic-demo-contract-v1,True,5.246605925264399,5.4090408188969805,5.564685218966369,5.725606966413931,5.891445731778115,6.0636592030078695,6.243328429144013,6.390755178615509
1700000003375000000,13375000000,676,675,675,0,0,,,,0,open_hand,hold,200.0,dev-0123456789abcdef0123456789abcdef,synthetic-2-open_hand,29,protocol,synthetic-demo-contract-v1,True,-0.02436411124921756,0.0059570198842021855,0.03193353554335663,0.060007121666091505,0.09423588780712944,0.13542683348729667,0.18251764423288513,0.1978731752649651
1700000003380000000,13380000000,677,676,676,0,0,,,,0,open_hand,hold,200.0,dev-0123456789abcdef0123456789abcdef,synthetic-2-open_hand,29,protocol,synthetic-demo-contract-v1,True,0.204598965861452,0.2404082344740942,0.27433478737945605,0.3071147086826482,0.3472183128897528,0.3948275040673014,0.4467630602559367,0.46765402142342044
1700000003385000000,13385000000,678,677,677,0,0,,,,0,open_hand,hold,200.0,dev-0123456789abcdef0123456789abcdef,synthetic-2-open_hand,29,protocol,synthetic-demo-contract-v1,True,0.43348315378742047,0.4748814467527882,0.5168442380310553,0.5543970754882337,0.6003585475463424,0.6543215121436102,0.7110303769417887,0.7375636572711917
1700000003390000000,13390000000,679,678,678,0,0,,,,0,open_hand,hold,200.0,dev-0123456789abcdef0123456789abcdef,synthetic-2-open_hand,29,protocol,synthetic-demo-contract-v1,True,0.6622792641736986,0.7093641938176911,0.759416495050203,0.8018203426864955,0.8536212269503555,0.9138688108209065,0.9752853923953803,1.0075675322584106
1700000003395000000,13395000000,680,679,679,0,0,,,,0,open_hand,hold,200.0,dev-0123456789abcdef0123456789abcdef,synthetic-2-open_hand,29,protocol,synthetic-demo-contract-v1,True,0.8909805820915608,0.9438443680807863,1.0020057729633063,1.0493495149123488,1.106970198863851,1.1734291540508364,1.2394941056552182,1.2776307086379797
1700000003400000000,13400000000,681,680,680,0,0,,,,0,open_hand,hold,200.0,dev-0123456789abcdef0123456789abcdef,synthetic-2-open_hand,29,protocol,synthetic-demo-contract-v1,True,1.1195824725310108,1.178310012477517,1.2445661599238846,1.2969486025372812,1.360368647387857,1.4329622426273647,1.503622817668139,1.547717966685969
1700000003405000000,13405000000,682,681,681,0,0,,,,0,open_hand,hold,200.0,dev-0123456789abcdef0123456789abcdef,synthetic-2-open_hand,29,protocol,synthetic-demo-contract-v1,True,1.3480819440610354,1.4127491129874927,1.4870518856670576,1.5445807531125728,1.6137792220431204,1.6924278704361906,1.7676382303922578,1.8177939112972106
1700000003410000000,13410000000,683,682,682,0,0,,,,0,open_hand,hold,200.0,dev-0123456789abcdef0123456789abcdef,synthetic-2-open_hand,29,protocol,synthetic-demo-contract-v1,True,1.576477180179167,1.647149392916131,1.7294175883780611,1.792208391938481,1.8671641716530842,1.9517860703533914,2.031507543749996,2.087823079636912
1700000003415000000,13415000000,684,683,683,0,0,,,,0,open_hand,hold,200.0,dev-0123456789abcdef0123456789abcdef,synthetic-2-open_hand,29,protocol,synthetic-demo-contract-v1,True,1.8047670495266201,1.8814981133562723,1.971618578098525,2.0397933710547784,2.120485482460152,2.2109972591900937,2.295198550165187,2.3577700495233023
1700000003420000000,13420000000,685,684,684,0,0,,,,0,open_hand,hold,200.0,dev-0123456789abcdef0123456789abcdef,synthetic-2-open_hand,29,protocol,synthetic-demo-contract-v1,True,2.032950606567201,2.1157818841459277,2.2136110943320686,2.287297125860158,2.3737050198684786,2.4700223810843567,2.55867972643089,2.627599548211378
1700000003425000000,13425000000,686,685,685,0,0,,,,0,open_hand,hold,200.0,dev-0123456789abcdef0123456789abcdef,synthetic-2-open_hand,29,protocol,synthetic-demo-contract-v1,True,2.2610265945088845,2.349986489464453,2.4553525555746933,2.534680838485954,2.6267846731720947,2.7288230487488536,2.82192032266777,2.897276561243914
1700000003430000000,13430000000,687,686,686,0,0,,,,0,open_hand,hold,200.0,dev-0123456789abcdef0123456789abcdef,synthetic-2-open_hand,29,protocol,synthetic-demo-contract-v1,True,2.4889929621827287,2.5840967319672434,2.696801798584592,2.781905606974166,2.8796865025963987,2.987361681993134,3.084890448146612,3.166766441032999
1700000003435000000,13435000000,688,687,687,0,0,,,,0,open_hand,hold,200.0,dev-0123456789abcdef0123456789abcdef,synthetic-2-open_hand,29,protocol,synthetic-demo-contract-v1,True,2.716846406286014,2.8180962990523857,2.9379193053194177,3.028932619241732,3.132372887954234,3.2456016429522854,3.3475611537626535,3.4360350148335166
1700000003440000000,13440000000,689,688,688,0,0,,,,0,open_hand,hold,200.0,dev-0123456789abcdef0123456789abcdef,synthetic-2-open_hand,29,protocol,synthetic-demo-contract-v1,True,2.9445819498515475,3.0519676544863823,3.178667415605283,3.2757233307530282,3.384806678195153,3.503507367469602,3.609904510963918,3.7050486917692282
1700000003445000000,13445000000,690,689,689,0,0,,,,0,open_hand,hold,200.0,dev-0123456789abcdef0123456789abcdef,synthetic-2-open_hand,29,protocol,synthetic-demo-contract-v1,True,3.172192567034,3.2856919581958595,3.4190105237591655,3.5222396447713438,3.636951341108158,3.7610444920992006,3.87189368695043,3.973774568572348
1700000003450000000,13450000000,691,690,690,0,0,,,,0,open_hand,hold,200.0,dev-0123456789abcdef0123456789abcdef,synthetic-2-open_hand,29,protocol,synthetic-demo-contract-v1,True,3.399668863323049,3.5192490165648227,3.658915257563299,3.7684440940182204,3.88877111242467,4.018179976215605,4.133503015976242,4.242180533699005
1700000003455000000,13455000000,692,691,691,0,0,,,,0,open_hand,hold,200.0,dev-0123456789abcdef0123456789abcdef,synthetic-2-open_hand,29,protocol,synthetic-demo-contract-v1,True,3.626998819121673,3.752617265069673,3.8983506381840005,4.014300022537314,4.140231143559446,4.2748822187405535,4.394708066601215,4.510235369485355
1700000003460000000,13460000000,693,692,692,0,0,,,,0,open_hand,hold,200.0,dev-0123456789abcdef0123456789abcdef,synthetic-2-open_hand,29,protocol,synthetic-demo-contract-v1,True,3.8541676032906356,3.985773784545181,4.1372882198364245,4.259771766537506,4.391297647223197,4.531121169023113,4.655485704754763,4.777908852012814
1700000003465000000,13465000000,694,693,693,0,0,,,,0,open_hand,hold,200.0,dev-0123456789abcdef0123456789abcdef,synthetic-2-open_hand,29,protocol,synthetic-demo-contract-v1,True,4.081157461783981,4.218694351812116,4.375702208217945,4.504824832978346,4.641938040141457,4.786868431436888,4.915814152488897,5.04517184835553
1700000003470000000,13470000000,695,694,694,0,0,,,,0,open_hand,hold,200.0,dev-0123456789abcdef0123456789abcdef,synthetic-2-open_hand,29,protocol,synthetic-demo-contract-v1,True,4.307947684915799,4.4513535248204334,4.613569556964023,4.749426074659976,4.892121082120163,5.042097363288061,5.175673042313147,5.311996410889055
1700000003475000000,13475000000,696,695,695,0,0,,,,0,open_hand,hold,200.0,dev-0123456789abcdef0123456789abcdef,synthetic-2-open_hand,29,protocol,synthetic-demo-contract-v1,True,4.534514655137832,4.683724761879718,4.8508700416184425,4.993543860589346,5.1418170107091825,5.296783165659603,5.4350434670189065,5.578355868346091
1700000003480000000,13480000000,697,696,696,0,0,,,,0,open_hand,hold,200.0,dev-0123456789abcdef0123456789abcdef,synthetic-2-open_hand,29,protocol,synthetic-demo-contract-v1,True,4.760831975504804,4.915780573970361,5.08758631085205,5.237148240414964,5.39099767073085,5.5509029668503596,5.693908024915704,5.844224913313186
1700000003485000000,13485000000,698,697,697,0,0,,,,0,open_hand,hold,200.0,dev-0123456789abcdef0123456789abcdef,synthetic-2-open_hand,29,protocol,synthetic-demo-contract-v1,True,4.986870677294598,5.14749270856379,5.323703914907751,5.480211101753294,5.639636637961245,5.804435898102559,5.952250860416588,6.10957968587134
1700000003490000000,13490000000,699,698,698,0,0,,,,0,open_hand,hold,200.0,dev-0123456789abcdef0123456789abcdef,synthetic-2-open_hand,29,protocol,synthetic-demo-contract-v1,True,5.2125995035683905,5.3788323628369445,5.559211311491346,5.722706319271223,5.887709336277376,6.0573631613473475,6.2100576999241985,6.374397853093623
1700000003495000000,13495000000,700,699,699,0,0,,,,0,open_hand,hold,200.0,dev-0123456789abcdef0123456789abcdef,synthetic-2-open_hand,29,protocol,synthetic-demo-contract-v1,True,5.437985263836393,5.60977042365378,5.794099849565374,5.9646098944402155,6.135193147613572,6.3096680887352035,6.4673158829832875,6.638658684124059
1700000003500000000,13500000000,701,700,700,0,0,,,,0,open_hand,hold,200.0,dev-0123456789abcdef0123456789abcdef,synthetic-2-open_hand,29,protocol,synthetic-demo-contract-v1,True,0.16299325347083035,0.20277773121295004,0.25336373173326454,0.29340008493865144,0.332067514104914,0.37383619375612587,0.3990143886791716,0.4398431205742261
1700000003505000000,13505000000,702,701,701,0,0,,,,0,open_hand,hold,200.0,dev-0123456789abcdef0123456789abcdef,synthetic-2-open_hand,29,protocol,synthetic-demo-contract-v1,True,0.38758773011078895,0.4328253628337526,0.4869999561214444,0.5340575227488116,0.5783140318344241,0.6248552137933414,0.6551438572750818,0.7029338419871869
1700000003510000000,13510000000,703,702,702,0,0,,,,0,open_hand,hold,200.0,dev-0123456789abcdef0123456789abcdef,synthetic-2-open_hand,29,protocol,synthetic-demo-contract-v1,True,0.6117324380619662,0.6623849329783493,0.720008238874574,0.7740653200732599,0.8239165356434922,0.8752151439934023,0.9106966070942487,0.9654153261324148
1700000003515000000,13515000000,704,703,703,0,0,,,,0,open_hand,hold,200.0,dev-0123456789abcdef0123456789abcdef,synthetic-2-open_hand,29,protocol,synthetic-demo-contract-v1,True,0.8353911706340774,0.8914289052937483,0.9523909185719662,1.0134091622817376,1.068861174511709,1.1249082623751898,1.1656666466652204,1.2272739039104539
1700000003520000000,13520000000,705,704,704,0,0,,,,0,open_hand,hold,200.0,dev-0123456789abcdef0123456789abcdef,synthetic-2-open_hand,29,protocol,synthetic-demo-contract-v1,True,1.0585283595011965,1.1199309122066647,1.1841528440485931,1.2520773871928463,1.3131364770622227,1.373929146139805,1.4200496821608786,1.4884978086618548
1700000003525000000,13525000000,706,705,705,0,0,,,,0,open_hand,hold,200.0,dev-0123456789abcdef0123456789abcdef,synthetic-2-open_hand,29,protocol,synthetic-demo-contract-v1,True,1.2811096795336427,1.3478660774226,1.4153012472604147,1.490061050094359,1.5567334068019467,1.6222746791827913,1.6738431201732487,1.7490772196916522
1700000003530000000,13530000000,707,706,706,0,0,,,,0,open_hand,hold,200.0,dev-0123456789abcdef0123456789abcdef,synthetic-2-open_hand,29,protocol,synthetic-demo-contract-v1,True,1.503102657147257,1.5752113365701323,1.6458456029689894,1.7273539740108383,1.7996454067618275,1.8699440508491574,1.9270460658772277,2.009004299838093
1700000003535000000,13535000000,708,707,707,0,0,,,,0,open_hand,hold,200.0,dev-0123456789abcdef0123456789abcdef,synthetic-2-open_hand,29,protocol,synthetic-demo-contract-v1,True,1.7244772700555602,1.8019457511945356,1.875797477133052,1.9639527848365326,2.041868433260705,2.116938746010169,2.1796593166468936,2.2682732269324926
1700000003540000000,13540000000,709,708,708,0,0,,,,0,open_hand,hold,200.0,dev-0123456789abcdef0123456789abcdef,synthetic-2-open_hand,29,protocol,synthetic-demo-contract-v1,True,1.9452065263959109,2.028050811342121,2.1051703659836933,2.199856931064247,2.2834009785766085,2.363262526578578,2.4316853511980465,2.5268802190159447
1700000003545000000,13545000000,710,709,709,0,0,,,,0,open_hand,hold,200.0,dev-0123456789abcdef0123456789abcdef,synthetic-2-open_hand,29,protocol,synthetic-demo-contract-v1,True,2.1652670115308537,2.2535107220878414,2.3339795278240376,2.4350686879560564,2.524244082371202,2.6089214046157276,2.6831283143400806,2.784823553198033
1700000003550000000,13550000000,711,710,710,0,0,,,,0,open_hand,hold,200.0,dev-0123456789abcdef0123456789abcdef,synthetic-2-open_hand,29,protocol,synthetic-demo-contract-v1,True,2.384639391394004,2.4783126695420976,2.562241809633209,2.669593146118309,2.7644013317762086,2.8539236072196,2.9339939974291664,3.0421035780626973
1700000003555000000,13555000000,712,711,711,0,0,,,,0,open_hand,hold,200.0,dev-0123456789abcdef0123456789abcdef,synthetic-2-open_hand,29,protocol,synthetic-demo-contract-v1,True,2.603308862044676,2.7024470621257555,2.7899754705676276,2.903438184560308,3.003878850114429,3.0982795334171485,3.1842898146230985,3.2987227195468445
1700000003560000000,13560000000,713,712,712,0,0,,,,0,open_hand,hold,200.0,dev-0123456789abcdef0123456789abcdef,synthetic-2-open_hand,29,protocol,synthetic-demo-contract-v1,True,2.821265536101164,2.925907743221321,3.0172000044402365,3.1366144284323134,3.242685274292088,3.342001703317101,3.4340247750459185,3.5546854802382044
1700000003565000000,13565000000,714,713,713,0,0,,,,0,open_hand,hold,200.0,dev-0123456789abcdef0123456789abcdef,synthetic-2-open_hand,29,protocol,synthetic-demo-contract-v1,True,3.0385047579188957,3.148692171688305,3.2439359632204705,3.369135191753023,3.480831720963269,3.585104699810549,3.683209450977722,3.809998432060109
1700000003570000000,13570000000,715,714,714,0,0,,,,0,open_hand,hold,200.0,dev-0123456789abcdef0123456789abcdef,synthetic-2-open_hand,29,protocol,synthetic-demo-contract-v1,True,3.2550273407425063,3.3708015671662883,3.4702047835352188,3.601016405548485,3.718331741630586,3.827605103136046,3.931855942191767,4.064670202332418
1700000003575000000,13575000000,716,715,715,0,0,,,,0,open_hand,hold,200.0,dev-0123456789abcdef0123456789abcdef,synthetic-2-open_hand,29,protocol,synthetic-demo-contract-v1,True,3.470839720562732,3.592241017573457,3.6960286180647075,3.83227653193239,3.9552012669086993,4.069521418653369,4.179977836567202,4.31871145321948
1700000003580000000,13580000000,717,716,716,0,0,,,,0,open_hand,hold,200.0,dev-0123456789abcdef0123456789abcdef,synthetic-2-open_hand,29,protocol,synthetic-demo-contract-v1,True,3.6859540230195567,3.8130195467341332,3.9214301736182264,4.062936464760991,4.191458540238243,4.310873998195477,4.4275901671114575,4.572134854597855
1700000003585000000,13585000000,718,717,717,0,0,,,,0,open_hand,hold,200.0,dev-0123456789abcdef0123456789abcdef,synthetic-2-open_hand,29,protocol,synthetic-demo-contract-v1,True,3.9003880413797494,4.03315014062798,4.146432557544582,4.293019417593587,4.4271240413969215,4.551684955391466,4.674709365531531,4.82495505039842
1700000003590000000,13590000000,719,718,718,0,0,,,,0,open_hand,hold,200.0,dev-0123456789abcdef0123456789abcdef,synthetic-2-open_hand,29,protocol,synthetic-demo-contract-v1,True,4.114165125345668,4.252649731337661,4.371059133982733,4.522550799780657,4.662220400211407,4.791978075374292,4.921353212498169,5.077188618499331
1700000003595000000,13595000000,720,719,719,0,0,,,,0,open_hand,hold,200.0,dev-0123456789abcdef0123456789abcdef,synthetic-2-open_hand,29,protocol,synthetic-demo-contract-v1,True,4.327313982188007,4.4715391383717575,4.595333391291236,4.751558081585582,4.89677230092797,5.031778719305632,5.167540784751215,5.328854024268081
1700000003600000000,13600000000,721,720,720,0,0,,,,0,open_hand,hold,200.0,dev-0123456789abcdef0123456789abcdef,synthetic-2-open_hand,29,protocol,synthetic-demo-contract-v1,True,4.539868393402978,4.689842967646714,4.8192788218132,4.98007064932178,5.130806377751027,5.271113724166586,5.413292399198289,5.579971567872489
1700000003605000000,13605000000,722,721,721,0,0,,,,0,open_hand,hold,200.0,dev-0123456789abcdef0123456789abcdef,synthetic-2-open_hand,29,protocol,synthetic-demo-contract-v1,True,4.751866851739577,4.907589469015856,5.042918814938647,5.208119651554161,5.364351102106731,5.510011298276598,5.658629554162385,5.8305633255018074
1700000003610000000,13610000000,723,722,722,0,0,,,,0,open_hand,hold,200.0,dev-0123456789abcdef0123456789abcdef,synthetic-2-open_hand,29,protocol,synthetic-demo-contract-v1,True,4.963352124991936,5.124810353826266,5.2662765642211395,5.435737837471776,5.597436662233008,5.748500913014351,5.903574867937097,6.080653084660101
1700000003615000000,13615000000,724,723,723,0,0,,,,0,open_hand,hold,200.0,dev-0123456789abcdef0123456789abcdef,synthetic-2-open_hand,29,protocol,synthetic-demo-contract-v1,True,5.174370754373854,5.34154057455609,5.489374989092961,5.662959388586631,5.830094835737749,5.986613191223114,6.148152014810854,6.330266273714737
1700000003620000000,13620000000,725,724,724,0,0,,,,0,open_hand,hold,200.0,dev-0123456789abcdef0123456789abcdef,synthetic-2-open_hand,29,protocol,synthetic-demo-contract-v1,True,5.384972496558733,5.557818069127076,5.712236671505534,5.889819744951705,6.062358855802967,6.224379792789292,6.392385658723982,6.5794298859028695
1700000003625000000,13625000000,726,725,725,0,0,,,,0,open_hand,hold,200.0,dev-0123456789abcdef0123456789abcdef,synthetic-2-open_hand,29,protocol,synthetic-demo-contract-v1,True,0.09520971955274646,0.136183472991505,0.1598838076022968,0.20385542711882382,0.24426327174439966,0.2743332978866774,0.3113013847244254,0.36567239801843837
1700000003630000000,13630000000,727,726,726,0,0,,,,0,open_hand,hold,200.0,dev-0123456789abcdef0123456789abcdef,synthetic-2-open_hand,29,protocol,synthetic-demo-contract-v1,True,0.3051367634501301,0.3516798025513884,0.3823381743123907,0.43010385507403154,0.4758438046630422,0.5115070883801365,0.5549256283898398,0.6140236840211319
1700000003635000000,13635000000,728,727,727,0,0,,,,0,open_hand,hold,200.0,dev-0123456789abcdef0123456789abcdef,synthetic-2-open_hand,29,protocol,synthetic-demo-contract-v1,True,0.5148092777794021,0.5668521138738648,0.6046211105382256,0.6561031653943867,0.7071371989472817,0.7484352278812645,0.7982856033851874,0.8620149238269831
1700000003640000000,13640000000,729,728,728,0,0,,,,0,open_hand,hold,200.0,dev-0123456789abcdef0123456789abcdef,synthetic-2-open_hand,29,protocol,synthetic-demo-contract-v1,True,0.7242835475746725,0.7817471410139669,0.8267535124011157,0.8818920278657797,0.9381810704016242,0.985152340944944,1.0414092273263735,1.109678507557805
1700000003645000000,13645000000,730,729,729,0,0,,,,0,open_hand,hold,200.0,dev-0123456789abcdef0123456789abcdef,synthetic-2-open_hand,29,protocol,synthetic-demo-contract-v1,True,0.9336158204885378,0.9964129185389654,1.0487558418090872,1.1075094627863151,1.1690137517901986,1.2216934918897808,1.2843250461214488,1.3570479355432512
1700000003650000000,13650000000,731,730,730,0,0,,,,0,open_hand,hold,200.0,dev-0123456789abcdef0123456789abcdef,synthetic-2-open_hand,29,protocol,synthetic-demo-contract-v1,True,1.1428616471988653,1.2108983930631265,1.2706481474225682,1.3329946601545382,1.3996741365904384,1.4580940637172155,1.5270621569618539,1.6041577143850896
1700000003655000000,13655000000,732,731,731,0,0,,,,0,open_hand,hold,200.0,dev-0123456789abcdef0123456789abcdef,synthetic-2-open_hand,29,protocol,synthetic-demo-contract-v1,True,1.3520752470523758,1.4252530287445841,1.492450096919077,1.558386801906354,1.6302015217544126,1.6943896375937177,1.7696501301368555,1.851043249408028
1700000003660000000,13660000000,733,732,732,0,0,,,,0,open_hand,hold,200.0,dev-0123456789abcdef0123456789abcdef,synthetic-2-open_hand,29,protocol,synthetic-demo-contract-v1,True,1.561308910339836,1.6395264117650468,1.7141810192996128,1.7837248883194392,1.8606354502722633,1.9306158733480352,2.0121189298448896,2.097740733835191
1700000003665000000,13665000000,734,733,733,0,0,,,,0,open_hand,hold,200.0,dev-0123456789abcdef0123456789abcdef,synthetic-2-open_hand,29,protocol,synthetic-demo-contract-v1,True,1.7706124478221301,1.8537678588072417,1.9358599558391696,2.009047569649744,2.091015554324226,2.1668083914210627,2.254498834175923,2.3442870350390277
1700000003670000000,13670000000,735,734,734,0,0,,,,0,open_hand,hold,200.0,dev-0123456789abcdef0123456789abcdef,synthetic-2-open_hand,29,protocol,synthetic-demo-contract-v1,True,1.980032697139401,2.06802603446448,2.1575057181634922,2.2343929840019237,2.3213813997948,2.40300265668971,2.496820354439284,2.590719578230006
1700000003675000000,13675000000,736,735,735,0,0,,,,0,open_hand,hold,200.0,dev-0123456789abcdef0123456789abcdef,synthetic-2-open_hand,29,protocol,synthetic-demo-contract-v1,True,2.1896130945569414,2.2823485823627907,2.3791369518352634,2.4597986023648066,2.5517723329049162,2.6392338645681783,2.7391141540115282,2.837076227955813
1700000003680000000,13680000000,737,736,736,0,0,,,,0,open_hand,hold,200.0,dev-0123456789abcdef0123456789abcdef,synthetic-2-open_hand,29,protocol,synthetic-demo-contract-v1,True,2.3993933191557217,2.496781774551219,2.600772203756732,2.685301081665111,2.7822273296956164,2.8755368297705655,2.981410966878996,3.0833951677928777
1700000003685000000,13685000000,738,737,737,0,0,,,,0,open_hand,hold,200.0,dev-0123456789abcdef0123456789abcdef,synthetic-2-open_hand,29,protocol,synthetic-demo-contract-v1,True,2.6094090150898874,2.711370183423666,2.8224299916433506,2.910936126608417,3.0127848490700764,3.111945878097875,3.223741516049759,3.329714778620047
1700000003690000000,13690000000,739,738,738,0,0,,,,0,open_hand,hold,200.0,dev-0123456789abcdef0123456789abcdef,synthetic-2-open_hand,29,protocol,synthetic-demo-contract-v1,True,2.819691595938289,2.9261563800805273,3.0441288737947216,3.1367383609864903,3.2434826900697975,3.3484947415902573,3.4661364320094195,3.5760735158706813
1700000003695000000,13695000000,740,739,739,0,0,,,,0,open_hand,hold,200.0,dev-0123456789abcdef0123456789abcdef,synthetic-2-open_hand,29,protocol,synthetic-demo-contract-v1,True,3.030268133504999,3.1411806626261076,3.2658875173857713,3.362741209035708,3.4743578540260085,3.585216457362103,3.7086261713951707,3.8225097861648196
1700000003700000000,13700000000,741,740,740,0,0,,,,0,open_hand,hold,200.0,dev-0123456789abcdef0123456789abcdef,synthetic-2-open_hand,29,protocol,synthetic-demo-contract-v1,True,3.2411613317085433,3.3564808174345875,3.4877247635222686,3.5889767873331477,3.7054464121887545,3.8221432704133527,3.9512409360621246,4.069061823726873
1700000003705000000,13705000000,742,741,741,0,0,,,,0,open_hand,hold,200.0,dev-0123456789abcdef0123456789abcdef,synthetic-2-open_hand,29,protocol,synthetic-demo-contract-v1,True,3.452389584476421,3.5720919159105775,3.7096596873505625,3.8154758076161084,3.936783379394398,4.059306540685445,4.194010592715643,4.315767566996888
1700000003710000000,13710000000,743,742,742,0,0,,,,0,open_hand,hold,200.0,dev-0123456789abcdef0123456789abcdef,synthetic-2-open_hand,29,protocol,synthetic-demo-contract-v1,True,3.6639671148653123,3.7880461487277755,3.9317116515810167,4.0422674908082525,4.168402594287376,4.2967366546046515,4.436964593282897,4.562664535844511
1700000003715000000,13715000000,744,743,743,0,0,,,,0,open_hand,hold,200.0,dev-0123456789abcdef0123456789abcdef,synthetic-2-open_hand,29,protocol,synthetic-demo-contract-v1,True,3.8759041909927507,4.0043726989594255,4.153900351877206,4.269379492432288,4.400336606564633,4.534462941329567,4.680131896196354,4.809789709794486
1700000003720000000,13720000000,745,744,744,0,0,,,,0,open_hand,hold,200.0,dev-0123456789abcdef0123456789abcdef,synthetic-2-open_hand,29,protocol,synthetic-demo-contract-v1,True,4.088207412826241,4.221097654926029,4.376245852677365,4.496837839486118,4.632616571661404,4.772513593893089,4.923540888761202,5.057179407670835
1700000003725000000,13725000000,746,745,745,0,0,,,,0,open_hand,hold,200.0,dev-0123456789abcdef0123456789abcdef,synthetic-2-open_hand,29,protocol,synthetic-demo-contract-v1,True,4.3008800624620624,4.4382439629881905,4.598768612149411,4.724666878757735,4.865272153245445,5.010915595402881,5.167219310778025,5.3048691690637515
1700000003730000000,13730000000,747,746,746,0,0,,,,0,open_hand,hold,200.0,dev-0123456789abcdef0123456789abcdef,synthetic-2-open_hand,29,protocol,synthetic-demo-contract-v1,True,4.513922509267054,4.655831419914746,4.82148949513423,4.95288923645462,5.098331433833679,5.249694650437784,5.41119417959104,5.552893638018648
1700000003735000000,13735000000,748,747,747,0,0,,,,0,open_hand,hold,200.0,dev-0123456789abcdef0123456789abcdef,synthetic-2-open_hand,29,protocol,synthetic-demo-contract-v1,True,4.727332660178076,4.873876703867928,5.044429773102129,5.181525788927289,5.331820833791088,5.488875121751509,5.655491716731283,5.801286449340927
1700000003740000000,13740000000,749,748,748,0,0,,,,0,open_hand,hold,200.0,dev-0123456789abcdef0123456789abcdef,synthetic-2-open_hand,29,protocol,synthetic-demo-contract-v1,True,4.941106444577444,5.092393442476982,5.267611110331981,5.410595644174426,5.565765038916791,5.728479972368992,5.900137276322813,6.050080117902643
1700000003745000000,13745000000,750,749,749,0,0,,,,0,open_hand,hold,200.0,dev-0123456789abcdef0123456789abcdef,synthetic-2-open_hand,29,protocol,synthetic-demo-contract-v1,True,5.155238322506115,5.311392315928589,5.491055535719464,5.640116133729987,5.8001869367671635,5.968530713135514,6.145155275418732,6.299305931328524
1700000003750000000,13750000000,751,750,750,0,0,,,,0,open_hand,hold,200.0,dev-0123456789abcdef0123456789abcdef,synthetic-2-open_hand,29,protocol,synthetic-demo-contract-v1,True,-0.1302781954469145,-0.10661880750536266,-0.06021460017268357,-0.04239718554868642,-0.01489243818913802,0.021547355753839377,0.06556912643216135,0.0864938464287798
1700000003755000000,13755000000,752,751,751,0,0,,,,0,open_hand,hold,200.0,dev-0123456789abcdef0123456789abcdef,synthetic-2-open_hand,29,protocol,synthetic-demo-contract-v1,True,0.08454997157766786,0.1133652934534354,0.16382331700410308,0.1880694796524685,0.22054604945618583,0.2625483713207475,0.3114011718255767,0.33667238973471303
1700000003760000000,13760000000,753,752,752,0,0,,,,0,open_hand,hold,200.0,dev-0123456789abcdef0123456789abcdef,synthetic-2-open_hand,29,protocol,synthetic-demo-contract-v1,True,0.2997159824847384,0.33384738394631197,0.388192092615795,0.4190281789594668,0.4565195989377074,0.504050654351171,0.5576726212198498,0.5873685624804836
1700000003765000000,13765000000,754,753,753,0,0,,,,0,open_hand,hold,200.0,dev-0123456789abcdef0123456789abcdef,synthetic-2-open_hand,29,protocol,synthetic-demo-contract-v1,True,0.5152135585800934,0.5548279859540806,0.6129146356539185,0.6504892462042475,0.6930434449969246,0.74606949225613,0.8044034910820519,0.8386077503604756
1700000003770000000,13770000000,755,754,754,0,0,,,,0,open_hand,hold,200.0,dev-0123456789abcdef0123456789abcdef,synthetic-2-open_hand,29,protocol,synthetic-demo-contract-v1,True,0.7310374335772848,0.7763056092824993,0.8380138572020143,0.8824613346227749,0.9301308382411704,0.9886185402196199,1.0516125471484885,1.0904136383765635
1700000003775000000,13775000000,756,755,755,0,0,,,,0,open_hand,hold,200.0,dev-0123456789abcdef0123456789abcdef,synthetic-2-open_hand,29,protocol,synthetic-demo-contract-v1,True,0.9471837590975046,0.9982769962170911,1.0635125554561518,1.1149514585799216,1.1677930340165528,1.2317098013998686,1.299317249736551,1.3428081310733202
1700000003780000000,13780000000,757,756,756,0,0,,,,0,open_hand,hold,200.0,dev-0123456789abcdef0123456789abcdef,synthetic-2-open_hand,29,protocol,synthetic-demo-contract-v1,True,1.1636504564842645,1.220737375348891,1.2894332882023238,1.3479650410101538,1.406039289584592,1.4753536123618756,1.5475337020957494,1.5958112784418357
1700000003785000000,13785000000,758,757,757,0,0,,,,0,open_hand,hold,200.0,dev-0123456789abcdef0123456789abcdef,synthetic-2-open_hand,29,protocol,synthetic-demo-contract-v1,True,1.3804375069246042,1.4436807199861794,1.5157982338510798,1.5815059657386679,1.6448768693487685,1.7195586336309998,1.796276601944699,1.8494412077543774
1700000003790000000,13790000000,759,758,758,0,0,,,,0,open_hand,hold,200.0,dev-0123456789abcdef0123456789abcdef,synthetic-2-open_hand,29,protocol,synthetic-demo-contract-v1,True,1.5975471732042845,1.6671000065542017,1.7426290423151598,1.8155766338327624,1.884311057836683,1.9643318452416354,2.0455591963368667,2.1037140615727217
1700000003795000000,13795000000,760,759,759,0,0,,,,0,open_hand,hold,200.0,dev-0123456789abcdef0123456789abcdef,synthetic-2-open_hand,29,protocol,synthetic-demo-contract-v1,True,1.8149841478984705,1.8909874684453591,1.969946677186809,2.05017802312786,2.1243451801062716,2.2096785471407703,2.2953932399935457,2.358643942152696
1700000003800000000,13800000000,761,760,760,0,0,,,,0,open_hand,hold,200.0,dev-0123456789abcdef0123456789abcdef,synthetic-2-open_hand,29,protocol,synthetic-demo-contract-v1,True,2.0327556243813953,2.1153348409151245,2.197771250825496,2.2853097500766357,2.364980629210614,2.4556023642934424,2.5457889572377037,2.614242862446263
1700000003805000000,13805000000,762,761,761,0,0,,,,0,open_hand,hold,200.0,dev-0123456789abcdef0123456789abcdef,synthetic-2-open_hand,29,protocol,synthetic-demo-contract-v1,True,2.2508712886960542,2.3401335928218527,2.4261218541020395,2.5209701330830936,2.606216900325645,2.7021052563258636,2.7967550076571395,2.870520703880564
1700000003810000000,13810000000,763,762,762,0,0,,,,0,open_hand,hold,200.0,dev-0123456789abcdef0123456789abcdef,synthetic-2-open_hand,29,protocol,synthetic-demo-contract-v1,True,2.469343232024008,2.5653751412783246,2.655016382659754,2.7571562565058483,2.8480516311186386,2.9491875315323117,3.0482984556196877,3.1274851810707074
1700000003815000000,13815000000,764,763,763,0,0,,,,0,open_hand,hold,200.0,dev-0123456789abcdef0123456789abcdef,synthetic-2-open_hand,29,protocol,synthetic-demo-contract-v1,True,2.688185785200974,2.7910510456147772,2.8844713616456,2.9938640345459846,3.090480647912749,3.1968478650636696,3.300424743757017,3.3851418135997906
1700000003820000000,13820000000,765,764,764,0,0,,,,0,open_hand,hold,200.0,dev-0123456789abcdef0123456789abcdef,synthetic-2-open_hand,29,protocol,synthetic-demo-contract-v1,True,2.9074152784011433,3.0171531774421827,3.1145017709332583,3.231088274274313,3.3334980171844344,3.4450833211089114,3.5531376705269495,3.6434939049759176
1700000003825000000,13825000000,766,765,765,0,0,,,,0,open_hand,hold,200.0,dev-0123456789abcdef0123456789abcdef,synthetic-2-open_hand,29,protocol,synthetic-demo-contract-v1,True,3.1270497307274585,3.2436738640440383,3.34512087290437,3.468822737099989,3.577096101916076,3.6938893788756277,3.806439371956974,3.9025425288516273
1700000003830000000,13830000000,767,766,766,0,0,,,,0,open_hand,hold,200.0,dev-0123456789abcdef0123456789abcdef,synthetic-2-open_hand,29,protocol,synthetic-demo-contract-v1,True,3.347108475963464,3.470606002808254,3.5763400448734366,3.707060198036883,3.8212656223158152,3.9432599621720676,4.0603303076640405,4.162286522566634
1700000003835000000,13835000000,768,767,767,0,0,,,,0,open_hand,hold,200.0,dev-0123456789abcdef0123456789abcdef,synthetic-2-open_hand,29,protocol,synthetic-demo-contract-v1,True,3.56761173213339,3.697943144929717,3.8081686182353773,3.945792502184944,4.06599572041036,4.19318747239089,4.31480925123742,4.4227224880498
1700000003840000000,13840000000,769,768,768,0,0,,,,0,open_hand,hold,200.0,dev-0123456789abcdef0123456789abcdef,synthetic-2-open_hand,29,protocol,synthetic-demo-contract-v1,True,3.7885801237523813,3.925679547160816,4.040613726382694,4.1850106179105175,4.311274028014344,4.44366282469395,4.56987328506274,4.683844800091195
1700000003845000000,13845000000,770,769,769,0,0,,,,0,open_hand,hold,200.0,dev-0123456789abcdef0123456789abcdef,synthetic-2-open_hand,29,protocol,synthetic-demo-contract-v1,True,4.010034166702728,4.153810190952651,4.273680163381618,4.4247046862812685,4.557086737581624,4.694675487197876,4.825517799656012,4.945645621969931
1700000003850000000,13850000000,771,770,770,0,0,,,,0,open_hand,hold,200.0,dev-0123456789abcdef0123456789abcdef,synthetic-2-open_hand,29,protocol,synthetic-demo-contract-v1,True,4.231993726522789,4.382330768904921,4.507370255314199,4.66486406638722,4.803418675449582,4.94621352296185,5.081736497566688,5.20811492839819
1700000003855000000,13855000000,772,771,771,0,0,,,,0,open_hand,hold,200.0,dev-0123456789abcdef0123456789abcdef,synthetic-2-open_hand,29,protocol,synthetic-demo-contract-v1,True,4.454477461525562,4.61123763901835,4.741683746086841,4.905477376258582,5.050253376996917,5.198263634581809,5.338521401898471,5.471240535716781
1700000003860000000,13860000000,773,772,772,0,0,,,,0,open_hand,hold,200.0,dev-0123456789abcdef0123456789abcdef,synthetic-2-open_hand,29,protocol,synthetic-demo-contract-v1,True,4.677502262560309,4.840527747810858,4.976617699376496,5.146532529172643,5.297573163248448,5.450811211199189,5.59586286948582,5.735008139252605
1700000003865000000,13865000000,774,773,773,0,0,,,,0,open_hand,hold,200.0,dev-0123456789abcdef0123456789abcdef,synthetic-2-open_hand,29,protocol,synthetic-demo-contract-v1,True,4.901082701384919,5.07019852390827,5.2121664182349585,5.388016765224932,5.545359218476784,5.703840377737142,5.853749608752714,5.999401357723651
1700000003870000000,13870000000,775,774,774,0,0,,,,0,open_hand,hold,200.0,dev-0123456789abcdef0123456789abcdef,synthetic-2-open_hand,29,protocol,synthetic-demo-contract-v1,True,5.1252304995255615,5.300247744243729,5.448321383701309,5.629916678123453,5.793591668370258,5.957334046182915,6.1121687022685185,6.264401784552866
1700000003875000000,13875000000,776,775,775,0,0,,,,0,open_hand,hold,200.0,dev-0123456789abcdef0123456789abcdef,synthetic-2-open_hand,29,protocol,synthetic-demo-contract-v1,True,-0.15004597083499943,-0.10682662451159163,-0.08992878641569776,-0.040281762752163275,-0.00775034164098142,0.023773968741521004,0.04610563400350782,0.06748904592823819
1700000003880000000,13880000000,777,776,776,0,0,,,,0,open_hand,hold,200.0,dev-0123456789abcdef0123456789abcdef,synthetic-2-open_hand,29,protocol,synthetic-demo-contract-v1,True,0.07525785702853795,0.12397339378215749,0.14740164237283165,0.20240680509705516,0.2413114317161965,0.2781407926930363,0.3055443212739335,0.33364086542316795
1700000003885000000,13885000000,778,777,777,0,0,,,,0,open_hand,hold,200.0,dev-0123456789abcdef0123456789abcdef,synthetic-2-open_hand,29,protocol,synthetic-demo-contract-v1,True,0.3011423414380433,0.3551455862288346,0.3852955230154969,0.44546715032865886,0.4907544070785286,0.5329141167934566,0.56546715135344,0.600333134968268
1700000003890000000,13890000000,779,778,778,0,0,,,,0,open_hand,hold,200.0,dev-0123456789abcdef0123456789abcdef,synthetic-2-open_hand,29,protocol,synthetic-demo-contract-v1,True,0.527603291696296,0.5866873379613488,0.6237328510828118,0.6888834566688572,0.7405552550603107,0.7880725490672402,0.8258550227141533,0.8675399919437682
1700000003895000000,13895000000,780,779,779,0,0,,,,0,open_hand,hold,200.0,dev-0123456789abcdef0123456789abcdef,synthetic-2-open_hand,29,protocol,synthetic-demo-contract-v1,True,0.7546316977659128,0.8185954088599977,0.8626908115899206,0.9326393280448939,0.990689973665768,1.0435937658480712,1.0866873908470183,1.1352339021403373
1700000003900000000,13900000000,781,780,780,0,0,,,,0,open_hand,hold,200.0,dev-0123456789abcdef0123456789abcdef,synthetic-2-open_hand,29,protocol,synthetic-demo-contract-v1,True,0.9822135368438035,1.0508657042202416,1.1021438485169053,1.176717790358507,1.241133962237523,1.2994545719330044,1.3479423185968165,1.4033857483156709
1700000003905000000,13905000000,782,781,781,0,0,,,,0,open_hand,hold,200.0,dev-0123456789abcdef0123456789abcdef,synthetic-2-open_hand,29,protocol,synthetic-demo-contract-v1,True,1.2103296619309363,1.283493043809069,1.342063756820625,1.4211012903809608,1.4918620937125215,1.5556309617238948,1.609596530932985,1.6719649240546686
1700000003910000000,13910000000,783,782,782,0,0,,,,0,open_hand,hold,200.0,dev-0123456789abcdef0123456789abcdef,synthetic-2-open_hand,29,protocol,synthetic-demo-contract-v1,True,1.4389557758885632,1.5164709338202305,1.582419796489432,1.6657716923055164,1.7428487849911678,1.8120981812387336,1.8716254740628042,1.9409394326225045
1700000003915000000,13915000000,784,783,783,0,0,,,,0,open_hand,hold,200.0,dev-0123456789abcdef0123456789abcdef,synthetic-2-open_hand,29,protocol,synthetic-demo-contract-v1,True,1.6680624927885424,1.7497913462365233,1.8231788279529284,1.9107102725416067,1.9940680652601668,2.0688307908840846,2.134003378778819,2.2102759904824207
1700000003920000000,13920000000,785,784,784,0,0,,,,0,open_hand,hold,200.0,dev-0123456789abcdef0123456789abcdef,synthetic-2-open_hand,29,protocol,synthetic-demo-contract-v1,True,1.897615486641091,1.9834445100319738,2.0643054679259882,2.1558977133758086,2.2454936421443126,2.3258027288881413,2.3967033279175207,2.479940135133723
1700000003925000000,13925000000,786,785,785,0,0,,,,0,open_hand,hold,200.0,dev-0123456789abcdef0123456789abcdef,synthetic-2-open_hand,29,protocol,synthetic-demo-contract-v1,True,2.1275757258532724,2.2174187184992276,2.3057622645424685,2.401314096157641,2.4970989655969653,2.5829873753019785,2.659697327791514,2.74989633691036
1700000003930000000,13930000000,787,786,786,0,0,,,,0,open_hand,hold,200.0,dev-0123456789abcdef0123456789abcdef,synthetic-2-open_hand,29,protocol,synthetic-demo-contract-v1,True,2.3578997900706984,2.4517001567698413,2.547509890421836,2.6469388946925956,2.7488572894726833,2.840357616484113,2.9229563834424805,3.0201081143665234
1700000003935000000,13935000000,788,787,787,0,0,,,,0,open_hand,hold,200.0,dev-0123456789abcdef0123456789abcdef,synthetic-2-open_hand,29,protocol,synthetic-demo-contract-v1,True,2.588540264418014,2.686272753310911,2.7895073521141596,2.892750969540641,3.0007417307583824,3.0978859099906146,3.186450577547577,3.2905381528631943
1700000003940000000,13940000000,789,788,788,0,0,,,,0,open_hand,hold,200.0,dev-0123456789abcdef0123456789abcdef,synthetic-2-open_hand,29,protocol,synthetic-demo-contract-v1,True,2.8194462046137234,2.92111805883467,3.0317122141875728,3.138728563925204,3.2527253264707863,3.3555443497994095,3.450149152797155,3.561148425958223
1700000003945000000,13945000000,790,789,789,0,0,,,,0,open_hand,hold,200.0,dev-0123456789abcdef0123456789abcdef,synthetic-2-open_hand,29,protocol,synthetic-demo-contract-v1,True,3.0505636650233194,3.1562151556539817,3.274080836059988,3.3848493019554557,3.5047810882579795,3.6133047318032845,3.714020597547366,3.8319003191927625
1700000003950000000,13950000000,791,790,790,0,0,,,,0,open_hand,hold,200.0,dev-0123456789abcdef0123456789abcdef,synthetic-2-open_hand,29,protocol,synthetic-demo-contract-v1,True,3.2818362804599546,3.391540600061983,3.5165686195350845,3.6310901898534875,3.756882054770835,3.871138619511133,3.9780327345369795,4.102754755858384
1700000003955000000,13955000000,792,791,791,0,0,,,,0,open_hand,hold,200.0,dev-0123456789abcdef0123456789abcdef,synthetic-2-open_hand,29,protocol,synthetic-demo-contract-v1,True,3.513205891469621,3.6270683998157116,3.7591302648834146,3.877427620857683,4.0090013418960595,4.129017409901282,4.242152812443961,4.373672324322299
1700000003960000000,13960000000,793,792,792,0,0,,,,0,open_hand,hold,200.0,dev-0123456789abcdef0123456789abcdef,synthetic-2-open_hand,29,protocol,synthetic-demo-contract-v1,True,3.74461320196973,3.8627700282689994,4.001720033214075,4.123837384444544,4.261112190966108,4.386912399374123,4.506347600043879,4.644613406482519
1700000003965000000,13965000000,794,793,793,0,0,,,,0,open_hand,hold,200.0,dev-0123456789abcdef0123456789abcdef,synthetic-2-open_hand,29,protocol,synthetic-demo-contract-v1,True,3.975998457463777,4.098614476137655,4.244292012812122,4.370294680473665,4.513188015082222,4.644794849753909,4.770583482719334,4.915538306920931
1700000003970000000,13970000000,795,794,794,0,0,,,,0,open_hand,hold,200.0,dev-0123456789abcdef0123456789abcdef,synthetic-2-open_hand,29,protocol,synthetic-demo-contract-v1,True,4.207302131643483,4.33456834129858,4.486800387072435,4.616774138814751,4.765202443705052,4.902636054291189,5.034826561057147,5.1864073823197
1700000003975000000,13975000000,796,795,795,0,0,,,,0,open_hand,hold,200.0,dev-0123456789abcdef0123456789abcdef,synthetic-2-open_hand,29,protocol,synthetic-demo-contract-v1,True,4.438465609021849,4.570595956433101,4.729199701642654,4.8632498449620245,5.017129365682514,5.160407403618026,5.299042751258233,5.457181170705491
1700000003980000000,13980000000,797,796,796,0,0,,,,0,open_hand,hold,200.0,dev-0123456789abcdef0123456789abcdef,synthetic-2-open_hand,29,protocol,synthetic-demo-contract-v1,True,4.669431851319342,4.806659553732783,4.971445128396467,5.109695372080708,5.268942970896897,5.418080451608103,5.563197887074045,5.727820520086634
1700000003985000000,13985000000,798,797,797,0,0,,,,0,open_hand,hold,200.0,dev-0123456789abcdef0123456789abcdef,synthetic-2-open_hand,29,protocol,synthetic-demo-contract-v1,True,4.900146035649329,5.04271946530226,5.213492723893562,5.356083819862897,5.520617790722107,5.675626981092486,5.827257822973005,5.998286716050402
1700000003990000000,13990000000,799,798,798,0,0,,,,0,open_hand,hold,200.0,dev-0123456789abcdef0123456789abcdef,synthetic-2-open_hand,29,protocol,synthetic-demo-contract-v1,True,5.130556153111353,5.2787343573277274,5.4552996800438,5.60238786049694,5.772128737487993,5.933019069380003,6.091188538230881,6.268541607891313
1700000003995000000,13995000000,800,799,799,0,0,,,,0,open_hand,hold,200.0,dev-0123456789abcdef0123456789abcdef,synthetic-2-open_hand,29,protocol,synthetic-demo-contract-v1,True,5.360613557190394,5.514661495540074,5.6968245647797024,5.8485797919760145,6.023451143151089,6.190229153528056,6.354956241630319,6.538547732846399
1700000004000000000,14000000000,801,800,800,0,0,,,,0,open_hand,hold,200.0,dev-0123456789abcdef0123456789abcdef,synthetic-2-open_hand,29,protocol,synthetic-demo-contract-v1,True,0.09027345236097223,0.11295703899705131,0.16302755065227353,0.18213159888882485,0.22456079737052606,0.25973009530605395,0.2935274764469923,0.3457684380200984
1700000004005000000,14005000000,802,801,801,0,0,,,,0,open_hand,hold,200.0,dev-0123456789abcdef0123456789abcdef,synthetic-2-open_hand,29,protocol,synthetic-demo-contract-v1,True,0.3194953144864257,0.34857635874712156,0.40387062939905494,0.4280150207491225,0.475433985183978,0.5164952457889922,0.5568692253931606,0.6151679995895285
1700000004010000000,14010000000,803,802,802,0,0,,,,0,open_hand,hold,200.0,dev-0123456789abcdef0123456789abcdef,synthetic-2-open_hand,29,protocol,synthetic-demo-contract-v1,True,0.5482432359616962,0.583974377525873,0.6443178106885975,0.6737016278318134,0.726047524471312,0.7729985095133318,0.8199490151836227,0.8842117388903673
1700000004015000000,14015000000,804,803,803,0,0,,,,0,open_hand,hold,200.0,dev-0123456789abcdef0123456789abcdef,synthetic-2-open_hand,29,protocol,synthetic-demo-contract-v1,True,0.776486190045055,0.8191059262808922,0.8843353034203673,0.9191629043929019,0.9763788033835507,1.029214408121313,1.0827350203845238,1.152866134994563
1700000004020000000,14020000000,805,804,804,0,0,,,,0,open_hand,hold,200.0,dev-0123456789abcdef0123456789abcdef,synthetic-2-open_hand,29,protocol,synthetic-demo-contract-v1,True,1.0041982104298823,1.053926113028131,1.123891678151368,1.1643703390592386,1.2264058179015558,1.2851181434131338,1.3451961662020169,1.4210989334033628
1700000004025000000,14025000000,806,805,805,0,0,,,,0,open_hand,hold,200.0,dev-0123456789abcdef0123456789abcdef,synthetic-2-open_hand,29,protocol,synthetic-demo-contract-v1,True,1.2313584837893263,1.2883906993168652,1.3629580094281548,1.409295522082995,1.476107209672919,1.5406856597191887,1.6073022298655233,1.688879250492752
1700000004030000000,14030000000,807,806,806,0,0,,,,0,open_hand,hold,200.0,dev-0123456789abcdef0123456789abcdef,synthetic-2-open_hand,29,protocol,synthetic-demo-contract-v1,True,1.4579513547502967,1.5224564794249205,1.6015079970229673,1.653910249065947,1.725462304256931,1.7958937054968442,1.869023940259308,1.9561776733632446
1700000004035000000,14035000000,808,807,807,0,0,,,,0,open_hand,hold,200.0,dev-0123456789abcdef0123456789abcdef,synthetic-2-open_hand,29,protocol,synthetic-demo-contract-v1,True,1.683966244483849,1.7560816573235078,1.8395180653028116,1.8981866306710107,1.9744511498865178,2.05071989404818,2.1303330754563663,2.2229663547620695
1700000004040000000,14040000000,809,808,808,0,0,,,,0,open_hand,hold,200.0,dev-0123456789abcdef0123456789abcdef,synthetic-2-open_hand,29,protocol,synthetic-demo-contract-v1,True,1.9093974858014406,1.9892262164431116,2.0769674401976976,2.142097207753935,2.2230545568327833,2.3051427632467405,2.3912025578101432,2.48921910276299
1700000004045000000,14045000000,810,809,809,0,0,,,,0,open_hand,hold,200.0,dev-0123456789abcdef0123456789abcdef,synthetic-2-open_hand,29,protocol,synthetic-demo-contract-v1,True,2.134244079286323,2.2218522773387233,2.313838203476054,2.385615071267537,2.4712541374326253,2.5591418341528382,2.6516065462625065,2.7549114649073125
1700000004050000000,14050000000,811,810,810,0,0,,,,0,open_hand,hold,200.0,dev-0123456789abcdef0123456789abcdef,synthetic-2-open_hand,29,protocol,synthetic-demo-contract-v1,True,2.3585093765332577,2.4539244384933614,2.5501153242787655,2.628713986215319,2.719032346813034,2.8126976683883242,2.9115205255305865,3.0200208065289598
1700000004055000000,14055000000,812,811,811,0,0,,,,0,open_hand,hold,200.0,dev-0123456789abcdef0123456789abcdef,synthetic-2-open_hand,29,protocol,synthetic-demo-contract-v1,True,2.5822006979865044,2.685410095711257,2.7857866681053762,2.8713685188614773,2.966372524317406,3.0657919241332108,3.1709213918406784,3.284526383006742
1700000004060000000,14060000000,813,812,812,0,0,,,,0,open_hand,hold,200.0,dev-0123456789abcdef0123456789abcdef,synthetic-2-open_hand,29,protocol,synthetic-demo-contract-v1,True,2.8053288941270704,2.916279735833146,3.020842983683933,3.1135541663410775,3.2132589356098844,3.318407410598124,3.429787534884341,3.5484094057081226
1700000004065000000,14065000000,814,813,813,0,0,,,,0,open_hand,hold,200.0,dev-0123456789abcdef0123456789abcdef,synthetic-2-open_hand,29,protocol,synthetic-demo-contract-v1,True,3.0279078598398956,3.1465072008514974,3.255277868386858,3.3552474877581733,3.4596768154035455,3.5705281408184213,3.6880989156800963,3.811653101410677
1700000004070000000,14070000000,815,814,814,0,0,,,,0,open_hand,hold,200.0,dev-0123456789abcdef0123456789abcdef,synthetic-2-open_hand,29,protocol,synthetic-demo-contract-v1,True,3.2499540126684314,3.376069918908187,3.489087713076487,3.596426235811628,3.7056124107277193,3.822139382608049,3.9458371400337984,4.074242765010106
1700000004075000000,14075000000,816,815,815,0,0,,,,0,open_hand,hold,200.0,dev-0123456789abcdef0123456789abcdef,synthetic-2-open_hand,29,protocol,synthetic-demo-contract-v1,True,3.4714857463201105,3.6049490991147,3.722271627472832,3.8370694879488836,3.9510530246189908,4.0732277075040075,4.2029855273017365,4.336165805346966
1700000004080000000,14080000000,817,816,816,0,0,,,,0,open_hand,hold,200.0,dev-0123456789abcdef0123456789abcdef,synthetic-2-open_hand,29,protocol,synthetic-demo-contract-v1,True,3.6925228712085127,3.83312988763871,3.9548313473303005,4.077157776017403,4.195987060089908,4.323781037525562,4.459529174172832,4.597411784008045
1700000004085000000,14085000000,818,817,817,0,0,,,,0,open_hand,hold,200.0,dev-0123456789abcdef0123456789abcdef,synthetic-2-open_hand,29,protocol,synthetic-demo-contract-v1,True,3.913086053998218,4.06060148304296,4.186771124887284,4.316673213362463,4.44040406419949,4.573788689566478,4.715455013199913,4.857972446982656
1700000004090000000,14090000000,819,818,818,0,0,,,,0,open_hand,hold,200.0,dev-0123456789abcdef0123456789abcdef,synthetic-2-open_hand,29,protocol,synthetic-demo-contract-v1,True,4.1331962680529895,4.287357209434661,4.418097604210704,4.555599618308669,4.684294772020539,4.823241417233404,4.970751865824949,5.1178417490787265
1700000004095000000,14095000000,820,819,819,0,0,,,,0,open_hand,hold,200.0,dev-0123456789abcdef0123456789abcdef,synthetic-2-open_hand,29,protocol,synthetic-demo-contract-v1,True,4.35287426637863,4.513394546577219,4.648819683194895,4.793922632961213,4.927651150270854,5.072131449939342,5.225410489659209,5.377015871028536
1700000004100000000,14100000000,821,820,820,0,0,,,,0,open_hand,hold,200.0,dev-0123456789abcdef0123456789abcdef,synthetic-2-open_hand,29,protocol,synthetic-demo-contract-v1,True,4.57214008810519,4.73871511672213,4.878948364089136,5.031629836271689,5.170466440349151,5.320452529058024,5.479423619796612,5.635493229239033
1700000004105000000,14105000000,822,821,821,0,0,,,,0,open_hand,hold,200.0,dev-0123456789abcdef0123456789abcdef,synthetic-2-open_hand,29,protocol,synthetic-demo-contract-v1,True,4.791012608780579,4.96332462852791,5.108496594519434,5.2687108503321936,5.4127352004918645,5.568199940942851,5.732786003956986,5.893274478166934
1700000004110000000,14110000000,823,822,822,0,0,,,,0,open_hand,hold,200.0,dev-0123456789abcdef0123456789abcdef,synthetic-2-open_hand,29,protocol,synthetic-demo-contract-v1,True,5.009509143765096,5.1872327790357815,5.337479101036856,5.505157438890421,5.654453346744746,5.815370546613358,5.985494431275441,6.150362505324009
1700000004115000000,14115000000,824,823,823,0,0,,,,0,open_hand,hold,200.0,dev-0123456789abcdef0123456789abcdef,synthetic-2-open_hand,29,protocol,synthetic-demo-contract-v1,True,5.227645112844099,5.410453115259241,5.5659122172660185,5.740963597117338,5.895618192423021,6.061962807912384,6.237547754574565,6.406762418943119
1700000004120000000,14120000000,825,824,824,0,0,,,,0,open_hand,hold,200.0,dev-0123456789abcdef0123456789abcdef,synthetic-2-open_hand,29,protocol,synthetic-demo-contract-v1,True,5.445433772838397,5.6330028575076625,5.793813708743178,5.976125631707528,6.136228485716628,6.307976809939023,6.488946905977628,6.6624815283605585
1700000004125000000,14125000000,826,825,825,0,0,,,,0,open_hand,hold,200.0,dev-0123456789abcdef0123456789abcdef,synthetic-2-open_hand,29,protocol,synthetic-demo-contract-v1,True,0.16288602351623627,0.21740268709418795,0.24620259652337798,0.2981422304500799,0.32628444508255977,0.36591427956549066,0.41469490574333984,0.4550293171949654
1700000004130000000,14130000000,827,826,826,0,0,,,,0,open_hand,hold,200.0,dev-0123456789abcdef0123456789abcdef,synthetic-2-open_hand,29,protocol,synthetic-demo-contract-v1,True,0.38001029052748286,0.4386765015671692,0.4730989816007992,0.5320145204744412,0.5657877920549951,0.6107785998506715,0.6647968642257676,0.7094174094274517
1700000004135000000,14135000000,828,827,827,0,0,,,,0,open_hand,hold,200.0,dev-0123456789abcdef0123456789abcdef,synthetic-2-open_hand,29,protocol,synthetic-demo-contract-v1,True,0.5968124874222032,0.6593511410450053,0.6995238721263108,0.7652461144505002,0.8047417810958007,0.8550748201691084,0.9142599768868898,0.9631595285114991
1700000004140000000,14140000000,829,828,828,0,0,,,,0,open_hand,hold,200.0,dev-0123456789abcdef0123456789abcdef,synthetic-2-open_hand,29,protocol,synthetic-demo-contract-v1,True,0.8132960571164991,0.879456089619728,0.9254990153222129,0.9978431441046341,1.0431512261034281,1.0988096618818513,1.1630935123137078,1.2162714496646545
1700000004145000000,14145000000,830,829,829,0,0,,,,0,open_hand,hold,200.0,dev-0123456789abcdef0123456789abcdef,synthetic-2-open_hand,29,protocol,synthetic-demo-contract-v1,True,1.0294620914628827,1.0990231561191546,1.151046735887336,1.2298142805028,1.2810225231971089,1.341991519384596,1.4113087932167698,1.4687709455167985
1700000004150000000,14150000000,831,830,830,0,0,,,,0,open_hand,hold,200.0,dev-0123456789abcdef0123456789abcdef,synthetic-2-open_hand,29,protocol,synthetic-demo-contract-v1,True,1.245309525905887,1.3180861387761937,1.3761897825576985,1.4611707406473151,1.5183636693959286,1.5846304563792228,1.6589191704123998,1.720677725311959
1700000004155000000,14155000000,832,831,831,0,0,,,,0,open_hand,hold,200.0,dev-0123456789abcdef0123456789abcdef,synthetic-2-open_hand,29,protocol,synthetic-demo-contract-v1,True,1.460835404590235,1.5366804785429145,1.6009511843403206,1.6919262800347459,1.7551842768186576,1.8267381972269372,1.905939989816593,1.972013367881973
1700000004160000000,14160000000,833,832,832,0,0,,,,0,open_hand,hold,200.0,dev-0123456789abcdef0123456789abcdef,synthetic-2-open_hand,29,protocol,synthetic-demo-contract-v1,True,1.6760352097720392,1.7548429059036985,1.8253541177727195,1.922097170927596,1.9914955820403808,2.0683281132548874,2.1523885525045268,2.222801248630878
1700000004165000000,14165000000,834,833,833,0,0,,,,0,open_hand,hold,200.0,dev-0123456789abcdef0123456789abcdef,synthetic-2-open_hand,29,protocol,synthetic-demo-contract-v1,True,1.890903247994155,1.9726110860843695,2.0494217863800683,2.151702166201128,2.2273104502558008,2.309415203903211,2.3982840679156365,2.473066460788539
1700000004170000000,14170000000,835,834,834,0,0,,,,0,open_hand,hold,200.0,dev-0123456789abcdef0123456789abcdef,synthetic-2-open_hand,29,protocol,synthetic-demo-contract-v1,True,2.1054330842536872,2.1900232675223337,2.273177313308509,2.38076244873786,2.4626433739167526,2.5500160726160193,2.6436476003103344,2.7228357312107017
1700000004175000000,14175000000,836,835,835,0,0,,,,0,open_hand,hold,200.0,dev-0123456789abcdef0123456789abcdef,synthetic-2-open_hand,29,protocol,synthetic-demo-contract-v1,True,2.319618014337927,2.407117938356969,2.496643647909042,2.609301566454863,2.697510465532677,2.7901488973976964,2.888502008610327,2.9721373310203094
1700000004180000000,14180000000,837,836,836,0,0,,,,0,open_hand,hold,200.0,dev-0123456789abcdef0123456789abcdef,synthetic-2-open_hand,29,protocol,synthetic-demo-contract-v1,True,2.5334515646565317,2.623933495521754,2.7198434868345607,2.8373453531621333,2.9319294443477157,3.0298333959751327,3.1328718797803314,3.221000981401477
1700000004185000000,14185000000,838,837,837,0,0,,,,0,open_hand,hold,200.0,dev-0123456789abcdef0123456789abcdef,synthetic-2-open_hand,29,protocol,synthetic-demo-contract-v1,True,2.7469280082698324,2.8405079307726804,2.942799209995523,3.0649218355627017,3.1659196166362524,3.2690907855268736,3.3767834559342997,3.4694577548729075
1700000004190000000,14190000000,839,838,838,0,0,,,,0,open_hand,hold,200.0,dev-0123456789abcdef0123456789abcdef,synthetic-2-open_hand,29,protocol,synthetic-demo-contract-v1,True,2.960042885418992,3.056878537675572,3.1655328315004607,3.292061126816083,3.399501849390352,3.5079437369617845,3.6202645553743533,3.7175399723817804
1700000004195000000,14195000000,840,839,839,0,0,,,,0,open_hand,hold,200.0,dev-0123456789abcdef0123456789abcdef,synthetic-2-open_hand,29,protocol,synthetic-demo-contract-v1,True,3.1727935167113954,3.2730816432028553,3.388065965488632,3.51879530719483,3.632698537207086,3.7464163237524004,3.8633444877950125,3.9652810965721152
1700000004200000000,14200000000,841,840,840,0,0,,,,0,open_hand,hold,200.0,dev-0123456789abcdef0123456789abcdef,synthetic-2-open_hand,29,protocol,synthetic-demo-contract-v1,True,3.385179497207474,3.489152367164109,3.6104198065465067,3.7451582924684845,3.8655335622211546,3.984533965351598,4.1060539639090825,4.212715621593265
1700000004205000000,14205000000,842,841,841,0,0,,,,0,open_hand,hold,200.0,dev-0123456789abcdef0123456789abcdef,synthetic-2-open_hand,29,protocol,synthetic-demo-contract-v1,True,3.597203159991527,3.7051244122212594,3.8326151241903426,3.9711856907492162,4.098032246968337,4.222323365245654,4.348424999774646,4.459878959824664
1700000004210000000,14210000000,843,842,842,0,0,,,,0,open_hand,hold,200.0,dev-0123456789abcdef0123456789abcdef,synthetic-2-open_hand,29,protocol,synthetic-demo-contract-v1,True,3.8088699983821193,3.9210298867258175,4.054672270696162,4.196914648627728,4.330221300107531,4.459812443721624,4.5904908161246905,4.706807325901883
1700000004215000000,14215000000,844,843,843,0,0,,,,0,open_hand,hold,200.0,dev-0123456789abcdef0123456789abcdef,synthetic-2-open_hand,29,protocol,synthetic-demo-contract-v1,True,4.020189036735981,4.136899162070537,4.2766112013690325,4.4223836875160325,4.562128754973585,4.69703026545261,4.832285733022138,4.95353761843681
1700000004220000000,14220000000,845,844,844,0,0,,,,0,open_hand,hold,200.0,dev-0123456789abcdef0123456789abcdef,synthetic-2-open_hand,29,protocol,synthetic-demo-contract-v1,True,4.231173140806749,4.3527607656796015,4.49845150616762,4.647632531194346,4.7937839009791725,4.93400696203036,5.073845060183122,5.200107299830941
1700000004225000000,14225000000,846,845,845,0,0,,,,0,open_hand,hold,200.0,dev-0123456789abcdef0123456789abcdef,synthetic-2-open_hand,29,protocol,synthetic-demo-contract-v1,True,4.441839259816052,4.568641310179125,4.720212451440164,4.872701925632089,5.025217207931319,5.170773649600882,5.315204983330355,5.446554274585751
1700000004230000000,14230000000,847,846,846,0,0,,,,0,open_hand,hold,200.0,dev-0123456789abcdef0123456789abcdef,synthetic-2-open_hand,29,protocol,synthetic-demo-contract-v1,True,4.652208593754979,4.784565458702371,4.9419130303859875,5.097633452216924,5.256460243376651,5.407362341784923,5.556402446956028,5.692916766517408
1700000004235000000,14235000000,848,847,847,0,0,,,,0,open_hand,hold,200.0,dev-0123456789abcdef0123456789abcdef,synthetic-2-open_hand,29,protocol,synthetic-demo-contract-v1,True,4.86230668093148,5.000555925701047,5.163572020734622,5.322469335580624,5.487545583138476,5.6438058580915795,5.797475033890175,5.939233195285313
1700000004240000000,14240000000,849,848,848,0,0,,,,0,open_hand,hold,200.0,dev-0123456789abcdef0123456789abcdef,synthetic-2-open_hand,29,protocol,synthetic-demo-contract-v1,True,5.0721634023829285,5.21663351206423,5.385208048033621,5.547252247255303,5.718506715258003,5.880137728059014,6.038460842085162,6.185542052644318
1700000004245000000,14245000000,850,849,849,0,0,,,,0,open_hand,hold,200.0,dev-0123456789abcdef0123456789abcdef,synthetic-2-open_hand,29,protocol,synthetic-demo-contract-v1,True,5.2818129014508015,5.432817172799272,5.606839652858014,5.772025106428462,5.94937793760128,6.11639209138211,6.27939835904056,6.431881778829879
1700000004250000000,14250000000,851,850,850,0,0,,,,0,open_hand,hold,200.0,dev-0123456789abcdef0123456789abcdef,synthetic-2-open_hand,29,protocol,synthetic-demo-contract-v1,True,-0.008706581468372757,0.011624115012501875,0.053485360199670234,0.08433087908936883,0.1301942494419898,0.16510359431178398,0.19532633430439603,0.21579063948306076
1700000004255000000,14255000000,852,851,851,0,0,,,,0,open_hand,hold,200.0,dev-0123456789abcdef0123456789abcdef,synthetic-2-open_hand,29,protocol,synthetic-demo-contract-v1,True,0.20064704274028694,0.2280699234501617,0.2751637492644151,0.3092123768726895,0.36099123737792366,0.40130728263501103,0.4362836504969833,0.462306603518697
1700000004260000000,14260000000,853,852,852,0,0,,,,0,open_hand,hold,200.0,dev-0123456789abcdef0123456789abcdef,synthetic-2-open_hand,29,protocol,synthetic-demo-contract-v1,True,0.4099193839134459,0.4446687104290981,0.49689352189915353,0.5342120569079091,0.5918049559854548,0.6375384915681452,0.6773091933121509,0.7089672223351502
1700000004265000000,14265000000,854,853,853,0,0,,,,0,open_hand,hold,200.0,dev-0123456789abcdef0123456789abcdef,synthetic-2-open_hand,29,protocol,synthetic-demo-contract-v1,True,0.6191591700075799,0.6614332866089251,0.7186935678902124,0.7593718239745582,0.8226718036609533,0.8738327329183594,0.918441720957304,0.9558095107576523
1700000004270000000,14270000000,855,854,854,0,0,,,,0,open_hand,hold,200.0,dev-0123456789abcdef0123456789abcdef,synthetic-2-open_hand,29,protocol,synthetic-demo-contract-v1,True,0.8284177764749545,0.8783753487387772,0.9405830254177393,0.984732836244116,1.053628394140831,1.1102255798893506,1.1597197334988876,1.2028698300997052
1700000004275000000,14275000000,856,855,855,0,0,,,,0,open_hand,hold,200.0,dev-0123456789abcdef0123456789abcdef,synthetic-2-open_hand,29,protocol,synthetic-demo-contract-v1,True,1.0377486956005177,1.0955056802570942,1.1625813350184449,1.2103353158595,1.284711424232083,1.3467525499271777,1.4011813425828819,1.4501837737180368
1700000004280000000,14280000000,857,856,856,0,0,,,,0,open_hand,hold,200.0,dev-0123456789abcdef0123456789abcdef,synthetic-2-open_hand,29,protocol,synthetic-demo-contract-v1,True,1.247206955024687,1.312834360436288,1.384708285499635,1.436218365562835,1.5159575383227386,1.583448986020495,1.6428641420013632,1.6977860554265365
1700000004285000000,14285000000,858,857,857,0,0,,,,0,open_hand,hold,200.0,dev-0123456789abcdef0123456789abcdef,synthetic-2-open_hand,29,protocol,synthetic-demo-contract-v1,True,1.456848495735851,1.530370977648305,1.6069840503599757,1.6624197925318724,1.747403190275958,1.820349936886053,1.8848050795755589,1.9457104011232091
1700000004290000000,14290000000,859,858,858,0,0,,,,0,open_hand,hold,200.0,dev-0123456789abcdef0123456789abcdef,synthetic-2-open_hand,29,protocol,synthetic-demo-contract-v1,True,1.66672952067062,1.7481248422839288,1.829429213405518,1.888975940525656,1.9790845033425326,2.0574900364852597,2.127040330823447,2.193989443971751
1700000004295000000,14295000000,860,859,859,0,0,,,,0,open_hand,hold,200.0,dev-0123456789abcdef0123456789abcdef,synthetic-2-open_hand,29,protocol,synthetic-demo-contract-v1,True,1.8769058256918238,1.9661051948886816,2.0520647824013976,2.115921531371249,2.21103712875383,2.2949033833305634,2.3696051748756366,2.4426546234657667
1700000004300000000,14300000000,861,860,860,0,0,,,,0,open_hand,hold,200.0,dev-0123456789abcdef0123456789abcdef,synthetic-2-open_hand,29,protocol,synthetic-demo-contract-v1,True,2.0874321251110532,2.1843214051808624,2.2749121897683935,2.3432895167462413,2.4432961036805674,2.532623420051367,2.612533873097108,2.6917360886890394
1700000004305000000,14305000000,862,861,861,0,0,,,,0,open_hand,hold,200.0,dev-0123456789abcdef0123456789abcdef,synthetic-2-open_hand,29,protocol,synthetic-demo-contract-v1,True,2.2983613840759705,2.4027831577909424,2.4979932795170776,2.571110941127065,2.675895709261987,2.770682813698032,2.855859550864367,2.941262606069707
1700000004310000000,14310000000,863,862,862,0,0,,,,0,open_hand,hold,200.0,dev-0123456789abcdef0123456789abcdef,synthetic-2-open_hand,29,protocol,synthetic-demo-contract-v1,True,2.5097441700493617,2.6215006208033365,2.721330279808202,2.7994148166815926,2.9088693294247734,3.009113337269085,3.099614082937697,3.1912614719096486
1700000004315000000,14315000000,864,863,863,0,0,,,,0,open_hand,hold,200.0,dev-0123456789abcdef0123456789abcdef,synthetic-2-open_hand,29,protocol,synthetic-demo-contract-v1,True,2.721628035268857,2.8404845934877576,2.9449457607338636,3.028228010787078,3.142249311221336,3.247945752951117,3.3438279828565665,3.4417584299530897
1700000004320000000,14320000000,865,864,864,0,0,,,,0,open_hand,hold,200.0,dev-0123456789abcdef0123456789abcdef,synthetic-2-open_hand,29,protocol,synthetic-demo-contract-v1,True,2.9340569414999473,3.059746629972817,3.168862577127096,3.2575751467518987,3.376066827422606,3.487209697562712,3.588530296772786,3.69277759424024
1700000004325000000,14325000000,866,865,865,0,0,,,,0,open_hand,hold,200.0,dev-0123456789abcdef0123456789abcdef,synthetic-2-open_hand,29,protocol,synthetic-demo-contract-v1,True,3.1470707375921085,3.27929913603368,3.393103796425255,3.4874785182129546,3.6103517421012894,3.7269335706932623,3.8337485021208932,3.9443413774729446
1700000004330000000,14330000000,867,866,866,0,0,,,,0,open_hand,hold,200.0,dev-0123456789abcdef0123456789abcdef,synthetic-2-open_hand,29,protocol,synthetic-demo-contract-v1,True,3.3607046993346628,3.4991554366315585,3.6176926118320725,3.7179580175708375,3.8451324799374462,3.9671444260245985,4.079508411508448,4.196470425099826
1700000004335000000,14335000000,868,867,867,0,0,,,,0,open_hand,hold,200.0,dev-0123456789abcdef0123456789abcdef,synthetic-2-open_hand,29,protocol,synthetic-demo-contract-v1,True,3.574989139905757,3.7193298123482945,3.8426522412416633,3.9490310787129954,4.080435899969306,4.20786786631781,4.325834082190514,4.449183555308314
1700000004340000000,14340000000,869,868,868,0,0,,,,0,open_hand,hold,200.0,dev-0123456789abcdef0123456789abcdef,synthetic-2-open_hand,29,protocol,synthetic-demo-contract-v1,True,3.7899490978390773,3.9398375033961925,4.068005812602407,4.180712634162223,4.316287174498383,4.449127942539693,4.572747731472673,4.702497705090372
1700000004345000000,14345000000,870,869,869,0,0,,,,0,open_hand,hold,200.0,dev-0123456789abcdef0123456789abcdef,synthetic-2-open_hand,29,protocol,synthetic-demo-contract-v1,True,4.005604107926103,4.160694680443101,4.293776236606598,4.4130150866748314,4.552709673839339,4.6909470575927665,4.820269658365581,4.956427882527758
1700000004350000000,14350000000,871,870,870,0,0,,,,0,open_hand,hold,200.0,dev-0123456789abcdef0123456789abcdef,synthetic-2-open_hand,29,protocol,synthetic-demo-contract-v1,True,4.221968058857429,4.381918382066537,4.519986067790444,4.645948295200888,4.789724857581546,4.933345875099766,5.0684181717912775,5.210987125421277
1700000004355000000,14355000000,872,871,871,0,0,,,,0,open_hand,hold,200.0,dev-0123456789abcdef0123456789abcdef,synthetic-2-open_hand,29,protocol,synthetic-demo-contract-v1,True,4.439049139717575,4.603526419229364,4.746657355315806,4.879519575008983,5.027352173001358,5.176343233678114,5.317209525617514,5.466186466366903
1700000004360000000,14360000000,873,872,872,0,0,,,,0,open_hand,hold,200.0,dev-0123456789abcdef0123456789abcdef,synthetic-2-open_hand,29,protocol,synthetic-demo-contract-v1,True,4.656849875717947,4.825537247743908,4.973811484877561,5.113733711671035,5.265608961231507,5.419956067121984,5.566657860771138,5.722034904359822
1700000004365000000,14365000000,874,873,873,0,0,,,,0,open_hand,hold,200.0,dev-0123456789abcdef0123456789abcdef,synthetic-2-open_hand,29,protocol,synthetic-demo-contract-v1,True,4.8753672518171,5.047969810252272,5.2014690133363155,5.348592988499696,5.504510371757224,5.664199330889317,5.816775154655294,5.978539382985531
1700000004370000000,14370000000,875,874,874,0,0,,,,0,open_hand,hold,200.0,dev-0123456789abcdef0123456789abcdef,synthetic-2-open_hand,29,protocol,synthetic-demo-contract-v1,True,5.094592921171565,5.270843349789085,5.42964949781354,5.584097226932857,5.744069285767839,5.909085935268731,6.067571178068033,6.235704775235166
1700000004375000000,14375000000,876,875,875,0,0,,,,0,open_hand,hold,200.0,dev-0123456789abcdef0123456789abcdef,synthetic-2-open_hand,29,protocol,synthetic-demo-contract-v1,True,-0.1854865062817047,-0.14332280249960327,-0.1166286788972142,-0.09225616073258057,-0.06570375115215529,-0.03287331442352007,-0.005946540208252492,0.0310338749603181
1700000004380000000,14380000000,877,876,876,0,0,,,,0,open_hand,hold,200.0,dev-0123456789abcdef0123456789abcdef,synthetic-2-open_hand,29,protocol,synthetic-demo-contract-v1,True,0.03511089864494368,0.0804905375607324,0.11265151534549728,0.14452789305884337,0.17519941344320727,0.21333022970693988,0.2462272589940886,0.28952739496078544
1700000004385000000,14385000000,878,877,877,0,0,,,,0,open_hand,hold,200.0,dev-0123456789abcdef0123456789abcdef,synthetic-2-open_hand,29,protocol,synthetic-demo-contract-v1,True,0.256362813087485,0.3048021527520342,0.34250558599101644,0.3819421864244569,0.416784491487176,0.4602030133313178,0.49909554555154817,0.5486839716770767
1700000004390000000,14390000000,879,878,878,0,0,,,,0,open_hand,hold,200.0,dev-0123456789abcdef0123456789abcdef,synthetic-2-open_hand,29,protocol,synthetic-demo-contract-v1,True,0.47824314813503355,0.5296301545364692,0.5729473381073548,0.6199773334181654,0.6590547175155205,0.7077492430087378,0.7526589883769346,0.8085001764381451
1700000004395000000,14395000000,880,879,879,0,0,,,,0,open_hand,hold,200.0,dev-0123456789abcdef0123456789abcdef,synthetic-2-open_hand,29,protocol,synthetic-demo-contract-v1,True,0.7007225821442895,0.7549917017639899,0.8039887071308847,0.8586218585822618,0.9020108225441689,0.9559708574416051,1.0069159518016695,1.068970533193783
1700000004400000000,14400000000,881,880,880,0,0,,,,0,open_hand,hold,200.0,dev-0123456789abcdef0123456789abcdef,synthetic-2-open_hand,29,protocol,synthetic-demo-contract-v1,True,0.9237691304926307,0.9809027124000318,1.0356395961392264,1.097862299729238,1.145651018923177,1.2048675070733639,1.261862500033258,1.3300875426404872
1700000004405000000,14405000000,882,881,881,0,0,,,,0,open_hand,hold,200.0,dev-0123456789abcdef0123456789abcdef,synthetic-2-open_hand,29,protocol,synthetic-demo-contract-v1,True,1.1473487402469484,1.207377572834806,1.267907721701974,1.3376833179631573,1.3899709963201152,1.454436542191604,1.517492409677607,1.5918417126294422
1700000004410000000,14410000000,883,882,882,0,0,,,,0,open_hand,hold,200.0,dev-0123456789abcdef0123456789abcdef,synthetic-2-open_hand,29,protocol,synthetic-demo-contract-v1,True,1.3714258978078975,1.4344288494403576,1.5007984703088135,1.578067813916574,1.6349639289237892,1.7046730096631213,1.7737971902851966,1.8542215947256409
1700000004415000000,14415000000,884,883,883,0,0,,,,0,open_hand,hold,200.0,dev-0123456789abcdef0123456789abcdef,synthetic-2-open_hand,29,protocol,synthetic-demo-contract-v1,True,1.595964237414547,1.6620670070730488,1.7343147672945092,1.8189970491554268,1.8806204938960913,1.9555696583901725,2.030766112849582,2.11721382676813
1700000004420000000,14420000000,885,884,884,0,0,,,,0,open_hand,hold,200.0,dev-0123456789abcdef0123456789abcdef,synthetic-2-open_hand,29,protocol,synthetic-demo-contract-v1,True,1.820927138465722,1.8903001391767063,1.9684569600760515,2.060450771690893,2.1269289010361865,2.2071169535389648,2.288386246156444,2.380803181262978
1700000004425000000,14425000000,886,885,885,0,0,,,,0,open_hand,hold,200.0,dev-0123456789abcdef0123456789abcdef,synthetic-2-open_hand,29,protocol,synthetic-demo-contract-v1,True,2.0462782999299343,2.119133714025803,2.2032227173900534,2.3024073445338598,2.373874933557546,2.459303099552608,2.546642500851541,2.6449726194228904
1700000004430000000,14430000000,887,886,886,0,0,,,,0,open_hand,hold,200.0,dev-0123456789abcdef0123456789abcdef,synthetic-2-open_hand,29,protocol,synthetic-demo-contract-v1,True,2.2719822806689898,2.348570341460334,2.4386069460697133,2.5448438762344385,2.6214419998150644,2.712114071921507,2.805517681066568,2.9097033506505006
1700000004435000000,14435000000,888,887,887,0,0,,,,0,open_hand,hold,200.0,dev-0123456789abcdef0123456789abcdef,synthetic-2-open_hand,29,protocol,synthetic-demo-contract-v1,True,2.498004995279598,2.578609564207233,2.674601726731999,2.787736352365524,2.869611195757017,2.9655336576447233,3.064992543413274,3.1749748972462535
1700000004440000000,14440000000,889,888,888,0,0,,,,0,open_hand,hold,200.0,dev-0123456789abcdef0123456789abcdef,synthetic-2-open_hand,29,protocol,synthetic-demo-contract-v1,True,2.7243141560464386,2.8092476775610327,2.9111962695590456,3.031059766935622,3.1183613778153316,3.219543504276323,3.325045863128185,3.4407651641065566
1700000004445000000,14445000000,890,889,889,0,0,,,,0,open_hand,hold,200.0,dev-0123456789abcdef0123456789abcdef,synthetic-2-open_hand,29,protocol,synthetic-demo-contract-v1,True,2.9508796527788204,3.0404775808139073,3.148376891155351,3.274788252751579,3.3676692458880977,3.4741231774114842,3.5856545071233135,3.7070505131635354
1700000004450000000,14450000000,891,890,890,0,0,,,,0,open_hand,hold,200.0,dev-0123456789abcdef0123456789abcdef,synthetic-2-open_hand,29,protocol,synthetic-demo-contract-v1,True,3.1776738636469575,3.2722886633880055,3.386127013246452,3.5188952097960424,3.6175094360107236,3.7292502264282468,3.8467935136721483,3.973805842304355
1700000004455000000,14455000000,892,891,891,0,0,,,,0,open_hand,hold,200.0,dev-0123456789abcdef0123456789abcdef,synthetic-2-open_hand,29,protocol,synthetic-demo-contract-v1,True,3.404671891615387,3.5046667281376362,3.6244271837579554,3.763353430736844,3.867854622257066,3.9849002582625275,4.108436178435259,4.241004668495587
1700000004460000000,14460000000,893,892,892,0,0,,,,0,open_hand,hold,200.0,dev-0123456789abcdef0123456789abcdef,synthetic-2-open_hand,29,protocol,synthetic-demo-contract-v1,True,3.6318517226598233,3.7375939537630387,3.8632551205787546,4.008135222745524,4.118675627359708,4.241047018956616,4.370554146506164,4.508619214826754
1700000004465000000,14465000000,894,893,893,0,0,,,,0,open_hand,hold,200.0,dev-0123456789abcdef0123456789abcdef,synthetic-2-open_hand,29,protocol,synthetic-demo-contract-v1,True,3.8591943036170377,3.9710488977188887,4.102585778071697,4.253212524869058,4.369941541489507,4.497662482684932,4.633117510135635,4.776620501176734
1700000004470000000,14470000000,895,894,894,0,0,,,,0,open_hand,hold,200.0,dev-0123456789abcdef0123456789abcdef,synthetic-2-open_hand,29,protocol,synthetic-demo-contract-v1,True,4.086683539221261,4.205006540418231,4.3423914361518445,4.498557020271901,4.621619848589145,4.754716947925688,4.896094911771611,5.044978438197444
1700000004475000000,14475000000,896,895,895,0,0,,,,0,open_hand,hold,200.0,dev-0123456789abcdef0123456789abcdef,synthetic-2-open_hand,29,protocol,synthetic-demo-contract-v1,True,4.314306209589995,4.439438370934829,4.582641811509468,4.744140242743761,4.873676559613687,5.012179140413304,5.1594536520323295,5.313661924300898
1700000004480000000,14480000000,897,896,896,0,0,,,,0,open_hand,hold,200.0,dev-0123456789abcdef0123456789abcdef,synthetic-2-open_hand,29,protocol,synthetic-demo-contract-v1,True,4.5420518111021755,4.674312513803418,4.823304190315204,4.98993367695131,5.126076351993763,5.270016322474278,5.423159802212315,5.58263894532863
1700000004485000000,14485000000,898,897,897,0,0,,,,0,open_hand,hold,200.0,dev-0123456789abcdef0123456789abcdef,synthetic-2-open_hand,29,protocol,synthetic-demo-contract-v1,True,4.769912325227829,4.9095938959171965,5.064343581510963,5.235908851998394,5.378782714603819,5.528194408318889,5.687178320904525,5.851876676576413
1700000004490000000,14490000000,899,898,898,0,0,,,,0,open_hand,hold,200.0,dev-0123456789abcdef0123456789abcdef,synthetic-2-open_hand,29,protocol,synthetic-demo-contract-v1,True,4.99788192138758,5.145244451934261,5.305722889565204,5.48203742794823,5.631758097489347,5.7866780848326265,5.95147317430728,6.121341586842253
1700000004495000000,14495000000,900,899,899,0,0,,,,0,open_hand,hold,200.0,dev-0123456789abcdef0123456789abcdef,synthetic-2-open_hand,29,protocol,synthetic-demo-contract-v1,True,5.225956601311563,5.381223366038838,5.5474031053575645,5.728291275051632,5.884964065583251,6.045430937384946,6.216007459771745,6.390999544161751
1700000004500000000,14500000000,901,900,900,0,0,,,,0,open_hand,hold,200.0,dev-0123456789abcdef0123456789abcdef,synthetic-2-open_hand,29,protocol,synthetic-demo-contract-v1,True,-0.045866206397988406,-0.02001265263236603,0.014343513658377797,0.06214254551665896,0.08836145562268945,0.11691558014891505,0.1557435321346216,0.19831592289231895
1700000004505000000,14505000000,902,901,901,0,0,,,,0,open_hand,hold,200.0,dev-0123456789abcdef0123456789abcdef,synthetic-2-open_hand,29,protocol,synthetic-demo-contract-v1,True,0.18241190825661693,0.21649093591474466,0.2565019154854963,0.30856373774606033,0.34191053546395966,0.3760937904036496,0.4206431323715102,0.46825571180608055
1700000004510000000,14510000000,903,902,902,0,0,,,,0,open_hand,hold,200.0,dev-0123456789abcdef0123456789abcdef,synthetic-2-open_hand,29,protocol,synthetic-demo-contract-v1,True,0.41078986175917453,0.453186835277962,0.49883486345617695,0.5550277530585549,0.5955711649841872,0.635426646272181,0.6856675180989731,0.7382836228506926
1700000004515000000,14515000000,904,903,903,0,0,,,,0,open_hand,hold,200.0,dev-0123456789abcdef0123456789abcdef,synthetic-2-open_hand,29,protocol,synthetic-demo-contract-v1,True,0.6392665839727847,0.6900262682120814,0.7412979081080078,0.8015079449977188,0.849302957755216,0.8948746673309987,0.9507775954479669,1.0083642002380864
1700000004520000000,14520000000,905,904,904,0,0,,,,0,open_hand,hold,200.0,dev-0123456789abcdef0123456789abcdef,synthetic-2-open_hand,29,protocol,synthetic-demo-contract-v1,True,0.8678405184657553,0.9269593506168209,0.9838458530410352,1.047978161416576,1.1030654426765538,1.1543979575135366,1.215934051827686,1.2784619295226272
1700000004525000000,14525000000,906,905,905,0,0,,,,0,open_hand,hold,200.0,dev-0123456789abcdef0123456789abcdef,synthetic-2-open_hand,29,protocol,synthetic-demo-contract-v1,True,1.096509128053571,1.1639354793137302,1.2264330166354278,1.2944127796065896,1.3568182247610363,1.4139563497189043,1.4810974890973205,1.5485413463330115
1700000004530000000,14530000000,907,906,906,0,0,,,,0,open_hand,hold,200.0,dev-0123456789abcdef0123456789abcdef,synthetic-2-open_hand,29,protocol,synthetic-demo-contract-v1,True,1.3252684172484028,1.4009037287619566,1.4690134980259695,1.5407867348153947,1.610521144278581,1.6735095515289067,1.7462285566634808,1.818567144425908
1700000004535000000,14535000000,908,907,907,0,0,,,,0,open_hand,hold,200.0,dev-0123456789abcdef0123456789abcdef,synthetic-2-open_hand,29,protocol,synthetic-demo-contract-v1,True,1.554112482972624,1.6378132517302741,1.7115414449674973,1.7870755425677356,1.8641344334800736,1.9330172914310808,2.011288084023292,2.088504282734123
1700000004540000000,14540000000,909,908,908,0,0,,,,0,open_hand,hold,200.0,dev-0123456789abcdef0123456789abcdef,synthetic-2-open_hand,29,protocol,synthetic-demo-contract-v1,True,1.7830331043214624,1.8746136788843981,1.9539713212046237,2.033255315267963,2.1176188701449457,2.1924394649431456,2.276237212277313,2.358318091087867
1700000004545000000,14545000000,910,909,909,0,0,,,,0,open_hand,hold,200.0,dev-0123456789abcdef0123456789abcdef,synthetic-2-open_hand,29,protocol,synthetic-demo-contract-v1,True,2.012019381363686,2.111255512265016,2.19625817096479,2.2793027736192317,2.3709359272219452,2.451736280034702,2.5410375241423466,2.6279743742942787
1700000004550000000,14550000000,911,910,910,0,0,,,,0,open_hand,hold,200.0,dev-0123456789abcdef0123456789abcdef,synthetic-2-open_hand,29,protocol,synthetic-demo-contract-v1,True,2.24105743196466,2.347690507723247,2.438357878226127,2.5251952534440285,2.624047917863119,2.7108684012455884,2.8056511720020856,2.897439514268071
1700000004555000000,14555000000,912,911,911,0,0,,,,0,open_hand,hold,200.0,dev-0123456789abcdef0123456789abcdef,synthetic-2-open_hand,29,protocol,synthetic-demo-contract-v1,True,2.4701301544233387,2.5838720415446406,2.680227418470018,2.770910708531993,2.876918135185518,2.969797091906605,3.0700410035431167,3.166680569914583
1700000004560000000,14560000000,913,912,912,0,0,,,,0,open_hand,hold,200.0,dev-0123456789abcdef0123456789abcdef,synthetic-2-open_hand,29,protocol,synthetic-demo-contract-v1,True,2.6992170623584273,2.8197554567280694,2.9218251007123026,3.016427710174065,3.1295109861336283,3.2284843538776777,3.3341706845351933,3.435665374475894
1700000004565000000,14565000000,914,913,913,0,0,,,,0,open_hand,hold,200.0,dev-0123456789abcdef0123456789abcdef,synthetic-2-open_hand,29,protocol,synthetic-demo-contract-v1,True,2.9282941967864193,3.055298384688085,3.163110797715327,3.2617254440662276,3.3817921188573896,3.4868930642304785,3.598004818327618,3.704362630060706
1700000004570000000,14570000000,915,914,914,0,0,,,,0,open_hand,hold,200.0,dev-0123456789abcdef0123456789abcdef,synthetic-2-open_hand,29,protocol,synthetic-demo-contract-v1,True,3.15733411873635,3.290461038514101,3.4040461624147227,3.506783705281601,3.633728543066014,3.744987108317514,3.861509061648347,3.9727419990896737
1700000004575000000,14575000000,916,915,915,0,0,,,,0,open_hand,hold,200.0,dev-0123456789abcdef0123456789abcdef,synthetic-2-open_hand,29,protocol,synthetic-demo-contract-v1,True,3.3863059840751117,3.525206474341228,3.644594828747798,3.7515828920159584,3.885288742865799,4.002731508687111,4.1246502363085185,4.240774192399386
1700000004580000000,14580000000,917,916,916,0,0,,,,0,open_hand,hold,200.0,dev-0123456789abcdef0123456789abcdef,synthetic-2-open_hand,29,protocol,synthetic-demo-contract-v1,True,3.6151757005075247,3.759500817859361,3.884722595243307,3.996103998809035,4.136442781640781,4.260092549323825,4.387396436432788,4.508431053760475
1700000004585000000,14585000000,918,917,917,0,0,,,,0,open_hand,hold,200.0,dev-0123456789abcdef0123456789abcdef,synthetic-2-open_hand,29,protocol,synthetic-demo-contract-v1,True,3.843906165001819,3.9933134535019574,4.124397589922839,4.240328609932365,4.387162398587821,4.517037894716396,4.649717130854907,4.775685640578208
1700000004590000000,14590000000,919,918,918,0,0,,,,0,open_hand,hold,200.0,dev-0123456789abcdef0123456789abcdef,synthetic-2-open_hand,29,protocol,synthetic-demo-contract-v1,True,4.072457578208807,4.226617174405724,4.363590415269908,4.484238893613832,4.637421096572182,4.773536703280198,4.911583260338249,5.04251230055736
1700000004595000000,14595000000,920,919,919,0,0,,,,0,open_hand,hold,200.0,dev-0123456789abcdef0123456789abcdef,synthetic-2-open_hand,29,protocol,synthetic-demo-contract-v1,True,4.300787830826325,4.459388291808946,4.602274272241691,4.727817597740146,4.887194221025491,5.029559734688261,5.172967329302595,5.308886744127131
1700000004600000000,14600000000,921,920,920,0,0,,,,0,open_hand,hold,200.0,dev-0123456789abcdef0123456789abcdef,synthetic-2-open_hand,29,protocol,synthetic-demo-contract-v1,True,4.528852955342357,4.691606703150208,4.840425062527306,4.971048047641117,5.136459029664711,5.285079450694071,5.433843491761023,5.5747861124362785
1700000004605000000,14605000000,922,921,921,0,0,,,,0,open_hand,hold,200.0,dev-0123456789abcdef0123456789abcdef,synthetic-2-open_hand,29,protocol,synthetic-demo-contract-v1,True,4.756607635202024,4.923255918731965,5.078021468493249,5.213914146514657,5.3851947528679505,5.5400701090602755,5.694187631194381,5.840189040743485
1700000004610000000,14610000000,923,922,922,0,0,,,,0,open_hand,hold,200.0,dev-0123456789abcdef0123456789abcdef,synthetic-2-open_hand,29,protocol,synthetic-demo-contract-v1,True,4.9840057622135365,5.154323047415383,5.3150450104980065,5.456400378999196,5.633382644600373,5.794507850240323,5.953977434115381,6.105075717043233
1700000004615000000,14615000000,924,923,923,0,0,,,,0,open_hand,hold,200.0,dev-0123456789abcdef0123456789abcdef,synthetic-2-open_hand,29,protocol,synthetic-demo-contract-v1,True,5.211001031961541,5.3847987424046915,5.551480081501017,5.698491818341278,5.88100602384035,6.048370776494119,6.213192457099535,6.369427935782904
1700000004620000000,14620000000,925,924,924,0,0,,,,0,open_hand,hold,200.0,dev-0123456789abcdef0123456789abcdef,synthetic-2-open_hand,29,protocol,synthetic-demo-contract-v1,True,5.437547566154772,5.614677108752245,5.7873139591334555,5.940174137541304,6.1280503065123755,6.301639023154533,6.471814187086149,6.633229146542653
1700000004625000000,14625000000,926,925,925,0,0,,,,0,open_hand,hold,200.0,dev-0123456789abcdef0123456789abcdef,synthetic-2-open_hand,29,protocol,synthetic-demo-contract-v1,True,0.16360055021559142,0.20645557476041043,0.2475367956366404,0.268933624790324,0.32450302798838637,0.366794821798265,0.4048260947790681,0.43396449756557726
1700000004630000000,14630000000,927,926,926,0,0,,,,0,open_hand,hold,200.0,dev-0123456789abcdef0123456789abcdef,synthetic-2-open_hand,29,protocol,synthetic-demo-contract-v1,True,0.3891168740349611,0.43513472996520586,0.48214158630547005,0.5097572034362838,0.5703538562727813,0.6188225551122987,0.6622136810038185,0.6966208740418801
1700000004635000000,14635000000,928,927,927,0,0,,,,0,open_hand,hold,200.0,dev-0123456789abcdef0123456789abcdef,synthetic-2-open_hand,29,protocol,synthetic-demo-contract-v1,True,0.6140557636755045,0.6632181328513574,0.7161241172964741,0.7501324566400476,0.8155945960381862,0.87020880328559,0.9189645159049635,0.9586869310668809
1700000004640000000,14640000000,929,928,928,0,0,,,,0,open_hand,hold,200.0,dev-0123456789abcdef0123456789abcdef,synthetic-2-open_hand,29,protocol,synthetic-demo-contract-v1,True,0.838379391910835,0.8907120918622248,0.9494828938702418,0.9900476568007403,1.0602191837285777,1.1209423817946371,1.1750682708950102,1.2201531212091583
1700000004645000000,14645000000,930,929,929,0,0,,,,0,open_hand,hold,200.0,dev-0123456789abcdef0123456789abcdef,synthetic-2-open_hand,29,protocol,synthetic-demo-contract-v1,True,1.0620534558392145,1.1176254236243908,1.1822190503335799,1.229491799747354,1.3042236739933426,1.3710143704908537,1.4305167432936823,1.4810117166413113
1700000004650000000,14650000000,931,930,930,0,0,,,,0,open_hand,hold,200.0,dev-0123456789abcdef0123456789abcdef,synthetic-2-open_hand,29,protocol,synthetic-demo-contract-v1,True,1.2850477103971027,1.3439691926004251,1.4143362431256477,1.4684546436101396,1.5476062177599883,1.6204181339371024,1.6853038736239048,1.7412568258021552
1700000004655000000,14655000000,932,931,931,0,0,,,,0,open_hand,hold,200.0,dev-0123456789abcdef0123456789abcdef,synthetic-2-open_hand,29,protocol,synthetic-demo-contract-v1,True,1.5073364474114268,1.5697564366098762,1.6458405286523154,1.7069267522019018,1.79036703229417,1.8691493329800493,1.9394257555581618,2.0008844045753045
1700000004660000000,14660000000,933,932,932,0,0,,,,0,open_hand,hold,200.0,dev-0123456789abcdef0123456789abcdef,synthetic-2-open_hand,29,protocol,synthetic-demo-contract-v1,True,1.7288989108522568,1.7950018828146928,1.8767402276123635,1.9448995426569993,2.032508363633316,2.117205927584032,2.1928806385360167,2.259892261985137
1700000004665000000,14665000000,934,933,933,0,0,,,,0,open_hand,hold,200.0,dev-0123456789abcdef0123456789abcdef,synthetic-2-open_hand,29,protocol,synthetic-demo-contract-v1,True,1.9497196401593633,2.0197216588487206,2.107045777676268,2.1823653369954594,2.274034441814072,2.3645881709906544,2.445668923100287,2.518280060427005
1700000004670000000,14670000000,935,934,934,0,0,,,,0,open_hand,hold,200.0,dev-0123456789abcdef0123456789abcdef,synthetic-2-open_hand,29,protocol,synthetic-demo-contract-v1,True,2.169788734892446,2.2439330037805556,2.33676957647191,2.4193174172021163,2.5149514293439514,2.6112985953061156,2.697793149025628,2.77604931046414
1700000004675000000,14675000000,936,935,935,0,0,,,,0,open_hand,hold,200.0,dev-0123456789abcdef0123456789abcdef,synthetic-2-open_hand,29,protocol,synthetic-demo-contract-v1,True,2.3891020354679524,2.4676539835349938,2.5659258169006285,2.6557500833369625,2.7552673633937754,2.8573419886552256,2.949257976338952,3.033203360239099
1700000004680000000,14680000000,937,936,936,0,0,,,,0,open_hand,hold,200.0,dev-0123456789abcdef0123456789abcdef,synthetic-2-open_hand,29,protocol,synthetic-demo-contract-v1,True,2.607661216364705,2.69090321526168,2.7945303168508975,2.891658714123809,2.994992092209563,3.102725364076864,3.2000701593560974,3.2897473795626
1700000004685000000,14685000000,938,937,937,0,0,,,,0,open_hand,hold,200.0,dev-0123456789abcdef0123456789abcdef,synthetic-2-open_hand,29,protocol,synthetic-demo-contract-v1,True,2.825473789873415,2.913699604932787,3.0226003453951407,3.1270398294006863,3.2341372062604714,3.3474579203702284,3.4502385138834004,3.545688338757339
1700000004690000000,14690000000,939,938,938,0,0,,,,0,open_hand,hold,200.0,dev-0123456789abcdef0123456789abcdef,synthetic-2-open_hand,29,protocol,synthetic-demo-contract-v1,True,3.04255302019727,3.136062102177994,3.2501544475477817,3.361891153757967,3.4727159646530263,3.591550995134349,3.6997738777561624,3.8010349823486353
1700000004695000000,14695000000,940,939,939,0,0,,,,0,open_hand,hold,200.0,dev-0123456789abcdef0123456789abcdef,synthetic-2-open_hand,29,protocol,synthetic-demo-contract-v1,True,3.258917749447226,3.3580094760292103,3.4772122696297614,3.5962116806396116,3.710743217351328,3.8350180102748843,3.948689064908427,4.05579779770771
1700000004700000000,14700000000,941,940,940,0,0,,,,0,open_hand,hold,200.0,dev-0123456789abcdef0123456789abcdef,synthetic-2-open_hand,29,protocol,synthetic-demo-contract-v1,True,3.4745921387812,3.5795601148548,3.703794387227037,3.8300017361398844,3.948235323748054,4.077874410282021,4.196998813189852,4.309988978766783
1700000004705000000,14705000000,942,941,941,0,0,,,,0,open_hand,hold,200.0,dev-0123456789abcdef0123456789abcdef,synthetic-2-open_hand,29,protocol,synthetic-demo-contract-v1,True,3.689605329576733,3.8007318533199173,3.929922137648853,4.063263041692885,4.1852100681320605,4.320137593611231,4.444719726165742,4.563622384938177
1700000004710000000,14710000000,943,942,942,0,0,,,,0,open_hand,hold,200.0,dev-0123456789abcdef0123456789abcdef,synthetic-2-open_hand,29,protocol,synthetic-demo-contract-v1,True,3.903991031068499,4.021541828722979,4.155617458687002,4.29599877482577,4.421686572595221,4.56182683752453,4.691870209155406,4.816713495382031
1700000004715000000,14715000000,944,943,943,0,0,,,,0,open_hand,hold,200.0,dev-0123456789abcdef0123456789abcdef,synthetic-2-open_hand,29,protocol,synthetic-demo-contract-v1,True,4.1177870422944185,4.242006368536164,4.380902735351333,4.528213627128978,4.6576852079139845,4.802963216773703,4.938470399781862,5.0692793587791645
1700000004720000000,14720000000,945,944,944,0,0,,,,0,open_hand,hold,200.0,dev-0123456789abcdef0123456789abcdef,synthetic-2-open_hand,29,protocol,synthetic-demo-contract-v1,True,4.331034717448267,4.462140910428396,4.605800656111124,4.759913858588418,4.893227502930131,5.043569516528554,5.184542093322504,5.321338538776945
1700000004725000000,14725000000,946,945,945,0,0,,,,0,open_hand,hold,200.0,dev-0123456789abcdef0123456789abcdef,synthetic-2-open_hand,29,protocol,synthetic-demo-contract-v1,True,4.543778384807555,4.681959955481412,4.830334080008467,4.991107347425556,5.128336052940486,5.283670139972463,5.430108663165553,5.572911055286809
1700000004730000000,14730000000,947,946,946,0,0,,,,0,open_hand,hold,200.0,dev-0123456789abcdef0123456789abcdef,synthetic-2-open_hand,29,protocol,synthetic-demo-contract-v1,True,4.756064730271302,4.901477054732164,5.054525915830855,5.221803634601939,5.363034427587193,5.523291011004527,5.675194976691006,5.824018321822216
1700000004735000000,14735000000,948,947,947,0,0,,,,0,open_hand,hold,200.0,dev-0123456789abcdef0123456789abcdef,synthetic-2-open_hand,29,protocol,synthetic-demo-contract-v1,True,4.967942157185892,5.120704828597232,5.278399014337868,5.452013962164608,5.5973470787187525,5.762459472501969,5.9198273069071785,6.074683079075361
1700000004740000000,14740000000,949,948,948,0,0,,,,0,open_hand,hold,200.0,dev-0123456789abcdef0123456789abcdef,synthetic-2-open_hand,29,protocol,synthetic-demo-contract-v1,True,5.17946013454546,5.339655018166294,5.501976074333806,5.681751304638303,5.831299248667543,6.001204180608546,6.16403324018497,6.324929324939856
1700000004745000000,14745000000,950,949,949,0,0,,,,0,open_hand,hold,200.0,dev-0123456789abcdef0123456789abcdef,synthetic-2-open_hand,29,protocol,synthetic-demo-contract-v1,True,5.390668545818387,5.5583385668011065,5.725279563167065,5.911030392708955,6.064916879362553,6.239554995524213,6.40784158044147,6.574782241194862
1700000004750000000,14750000000,951,950,950,0,0,,,,0,open_hand,hold,200.0,dev-0123456789abcdef0123456789abcdef,synthetic-2-open_hand,29,protocol,synthetic-demo-contract-v1,True,0.10161705056990605,0.13926572995247347,0.17333165202045256,0.22736772849044296,0.248226522666365,0.2900428692783069,0.3262822501325649,0.36176811707367196
1700000004755000000,14755000000,952,951,951,0,0,,,,0,open_hand,hold,200.0,dev-0123456789abcdef0123456789abcdef,synthetic-2-open_hand,29,protocol,synthetic-demo-contract-v1,True,0.31235447072496647,0.3574462106189404,0.3961541661375783,0.4557815917226454,0.4812552522939385,0.5276997309730342,0.5693861884207599,0.6109142699467409
1700000004760000000,14760000000,953,952,952,0,0,,,,0,open_hand,hold,200.0,dev-0123456789abcdef0123456789abcdef,synthetic-2-open_hand,29,protocol,synthetic-demo-contract-v1,True,0.522928212751641,0.5753893174249607,0.618768549911543,0.6837920363128697,0.7140305776372012,0.7650583699860791,0.8121852468894738,0.8597489633552792
1700000004765000000,14765000000,954,953,953,0,0,,,,0,open_hand,hold,200.0,dev-0123456789abcdef0123456789abcdef,synthetic-2-open_hand,29,protocol,synthetic-demo-contract-v1,True,0.7333837362556542,0.7931041419002591,0.8411958465462671,0.9114208767043276,0.9465803597846982,1.0021523176207474,1.0547120831786214,1.108301322637147
1700000004770000000,14770000000,955,954,954,0,0,,,,0,open_hand,hold,200.0,dev-0123456789abcdef0123456789abcdef,synthetic-2-open_hand,29,protocol,synthetic-demo-contract-v1,True,0.9437640784769836,1.0105997512024116,1.0634566917907369,1.1386916636337452,1.1789327299895676,1.239015727689257,1.2970000529184265,1.3566012483915908
1700000004775000000,14775000000,956,955,955,0,0,,,,0,open_hand,hold,200.0,dev-0123456789abcdef0123456789abcdef,synthetic-2-open_hand,29,protocol,synthetic-demo-contract-v1,True,1.1541094429906429,1.227885392246572,1.2855713210447974,1.3656296489247342,1.4111160108024285,1.4756832565096103,1.5390831003389993,1.6046793280335157
1700000004780000000,14780000000,957,956,956,0,0,,,,0,open_hand,hold,200.0,dev-0123456789abcdef0123456789abcdef,synthetic-2-open_hand,29,protocol,synthetic-demo-contract-v1,True,1.3644568595600541,1.444970702994401,1.5075595889445876,1.592261739053509,1.6431586400487361,1.7121899427891123,1.7809956479324691,1.852566745691471
1700000004785000000,14785000000,958,957,957,0,0,,,,0,open_hand,hold,200.0,dev-0123456789abcdef0123456789abcdef,synthetic-2-open_hand,29,protocol,synthetic-demo-contract-v1,True,1.5748399206005286,1.6618659265119071,1.7294410003586,1.818616437317974,1.8750890977930514,1.9485710878580058,2.022772485542272,2.100295190706297
1700000004790000000,14790000000,959,958,958,0,0,,,,0,open_hand,hold,200.0,dev-0123456789abcdef0123456789abcdef,synthetic-2-open_hand,29,protocol,synthetic-demo-contract-v1,True,1.7852885981127777,1.8785821233353652,1.9512347515639448,2.044723774539234,2.106935836395859,2.1848621367049734,2.2644486592505872,2.347896764989409
1700000004795000000,14795000000,960,959,959,0,0,,,,0,open_hand,hold,200.0,dev-0123456789abcdef0123456789abcdef,synthetic-2-open_hand,29,protocol,synthetic-demo-contract-v1,True,1.9958291432749022,2.0951313776871463,2.172959780228867,2.2706152283254553,2.338727213732513,2.4210985602527115,2.506059360430149,2.5954038895011844
1700000004800000000,14800000000,961,960,960,0,0,,,,0,open_hand,hold,200.0,dev-0123456789abcdef0123456789abcdef,synthetic-2-open_hand,29,protocol,synthetic-demo-contract-v1,True,2.206484069169852,2.3115269931588776,2.3946348227035443,2.4963236310304517,2.570491429608706,2.6573157392962283,2.747639815320437,2.842849210110567
1700000004805000000,14805000000,962,961,961,0,0,,,,0,open_hand,hold,200.0,dev-0123456789abcdef0123456789abcdef,synthetic-2-open_hand,29,protocol,synthetic-demo-contract-v1,True,2.4172722154090818,2.5277836736270087,2.6162784770184073,2.721883066642674,2.8022564653730413,2.8935488505093345,2.9892251754809407,3.0902655030970965
1700000004810000000,14810000000,963,962,962,0,0,,,,0,open_hand,hold,200.0,dev-0123456789abcdef0123456789abcdef,synthetic-2-open_hand,29,protocol,synthetic-demo-contract-v1,True,2.6282088917269695,2.743917685383217,2.837909269908921,2.9473287569433047,3.03405002669508,3.1298327549060185,3.230850409465666,3.337685580555957
1700000004815000000,14815000000,964,963,963,0,0,,,,0,open_hand,hold,200.0,dev-0123456789abcdef0123456789abcdef,synthetic-2-open_hand,29,protocol,synthetic-demo-contract-v1,True,2.8393060959989596,2.9599469967457583,3.05954572612897,3.172696937373902,3.2658994894468885,3.3662018891231402,3.472550196053415,3.5851421959653806
1700000004820000000,14820000000,965,964,964,0,0,,,,0,open_hand,hold,200.0,dev-0123456789abcdef0123456789abcdef,synthetic-2-open_hand,29,protocol,synthetic-demo-contract-v1,True,3.050572800612424,3.175891391763602,3.281206438282455,3.398024723153573,3.497831848597962,3.602690159869395,3.714358819357748,3.832667950173879
1700000004825000000,14825000000,966,965,965,0,0,,,,0,open_hand,hold,200.0,dev-0123456789abcdef0123456789abcdef,synthetic-2-open_hand,29,protocol,synthetic-demo-contract-v1,True,3.2620152997239207,3.3917725550273903,3.502910135394733,3.6233499662818742,3.729873670007589,3.8393308418627936,3.956310066128868,4.080295198062211
1700000004830000000,14830000000,967,966,966,0,0,,,,0,open_hand,hold,200.0,dev-0123456789abcdef0123456789abcdef,synthetic-2-open_hand,29,protocol,synthetic-demo-contract-v1,True,3.473637608698416,3.6076141250539213,3.7246757484624777,3.848711104155753,3.9620510449756,4.076156479555339,4.19843712554718,4.3280559561319425
1700000004835000000,14835000000,968,967,967,0,0,,,,0,open_hand,hold,200.0,dev-0123456789abcdef0123456789abcdef,synthetic-2-open_hand,29,protocol,synthetic-demo-contract-v1,True,3.685441905970206,3.8234417142066293,3.9465224712618188,4.074147000615729,4.194389547392027,4.313198792919072,4.44077249179489,4.575981811268672
1700000004840000000,14840000000,969,968,968,0,0,,,,0,open_hand,hold,200.0,dev-0123456789abcdef0123456789abcdef,synthetic-2-open_hand,29,protocol,synthetic-demo-contract-v1,True,3.89742900671333,4.039282893645929,4.168469814760099,4.299696780317511,4.4269141933088605,4.550488587542635,4.683347869677961,4.824103830923751
1700000004845000000,14845000000,970,969,969,0,0,,,,0,open_hand,hold,200.0,dev-0123456789abcdef0123456789abcdef,synthetic-2-open_hand,29,protocol,synthetic-demo-contract-v1,True,4.109598857078427,4.25516714236174,4.390537653565099,4.5253996573992765,4.659649402742688,4.788055669261841,4.926194083555844,5.072452474953407
1700000004850000000,14850000000,971,970,970,0,0,,,,0,open_hand,hold,200.0,dev-0123456789abcdef0123456789abcdef,synthetic-2-open_hand,29,protocol,synthetic-demo-contract-v1,True,4.321951037356185,4.471125759917532,4.612746262956315,4.751294759481456,4.892618963505979,5.025928763521925,5.1693409898211895,5.321057509348856
1700000004855000000,14855000000,972,971,971,0,0,,,,0,open_hand,hold,200.0,dev-0123456789abcdef0123456789abcdef,synthetic-2-open_hand,29,protocol,synthetic-demo-contract-v1,True,4.534485262272625,4.687191743121441,4.835116345174131,4.977420948094024,5.125845996856856,5.264135439643059,5.4128173931556915,5.569947922084987
1700000004860000000,14860000000,973,972,972,0,0,,,,0,open_hand,hold,200.0,dev-0123456789abcdef0123456789abcdef,synthetic-2-open_hand,29,protocol,synthetic-demo-contract-v1,True,4.747201866711617,4.903399627426551,5.057669043793058,5.203816636675662,5.359352924752646,5.5027020401346265,5.656650966771954,5.819151841308786
1700000004865000000,14865000000,974,973,973,0,0,,,,0,open_hand,hold,200.0,dev-0123456789abcdef0123456789abcdef,synthetic-2-open_hand,29,protocol,synthetic-demo-contract-v1,True,4.960102265493362,5.11978529443981,5.280425945172664,5.430519607329102,5.5931614384912915,5.741653615177953,5.900868176834575,6.068696456081777
1700000004870000000,14870000000,975,974,974,0,0,,,,0,open_hand,hold,200.0,dev-0123456789abcdef0123456789abcdef,synthetic-2-open_hand,29,protocol,synthetic-demo-contract-v1,True,5.173189376406991,5.336385747478271,5.503409066162086,5.657566827546879,5.827292468526669,5.9810138623715,6.145494211236574,6.318607939883294
1700000004875000000,14875000000,976,975,975,0,0,,,,0,open_hand,hold,200.0,dev-0123456789abcdef0123456789abcdef,synthetic-2-open_hand,29,protocol,synthetic-demo-contract-v1,True,-0.11353200351056195,-0.08426114235635959,-0.04835917257087647,-0.027505731858406622,0.011766155249157098,0.033305071807457384,0.0655529128901748,0.10641137707360138
1700000004880000000,14880000000,977,976,976,0,0,,,,0,open_hand,hold,200.0,dev-0123456789abcdef0123456789abcdef,synthetic-2-open_hand,29,protocol,synthetic-demo-contract-v1,True,0.09994512254491711,0.13288308338298863,0.1751440119900302,0.20033672362403102,0.2466018205311657,0.2735480765241595,0.3110667176735676,0.3571306925076048
1700000004885000000,14885000000,978,977,977,0,0,,,,0,open_hand,hold,200.0,dev-0123456789abcdef0123456789abcdef,synthetic-2-open_hand,29,protocol,synthetic-demo-contract-v1,True,0.3136302080889722,0.35035716695709546,0.39894170872881135,0.42862763627111095,0.48181793984871074,0.5142622083548792,0.557056597157903,0.608288584481205
1700000004890000000,14890000000,979,978,978,0,0,,,,0,open_hand,hold,200.0,dev-0123456789abcdef0123456789abcdef,synthetic-2-open_hand,29,protocol,synthetic-demo-contract-v1,True,0.5275353502540797,0.5681998116410566,0.6230572409124105,0.6573989251135751,0.7174321148043878,0.7554652591706509,0.8035420062213569,0.8599064611832773
1700000004895000000,14895000000,980,979,979,0,0,,,,0,open_hand,hold,200.0,dev-0123456789abcdef0123456789abcdef,synthetic-2-open_hand,29,protocol,synthetic-demo-contract-v1,True,0.7416754016821239,0.7864493438281005,0.8475140799277272,0.8866808210505911,0.9534610458940532,0.9971734474927852,1.050540835639855,1.112004380816875
1700000004900000000,14900000000,981,980,980,0,0,,,,0,open_hand,hold,200.0,dev-0123456789abcdef0123456789abcdef,synthetic-2-open_hand,29,protocol,synthetic-demo-contract-v1,True,0.9560680040223547,1.0051433644913788,1.0723357446851867,1.1165017092651437,1.1899205053789017,1.2394013904297767,1.2980693697268173,1.3646009955434222
1700000004905000000,14905000000,982,981,981,0,0,,,,0,open_hand,hold,200.0,dev-0123456789abcdef0123456789abcdef,synthetic-2-open_hand,29,protocol,synthetic-demo-contract-v1,True,1.1707335413190778,1.2243183946754064,1.2975456873488607,1.3468879800706046,1.4268253101463775,1.48216208087361,1.546142249077418,1.6177134993936537
1700000004910000000,14910000000,983,982,982,0,0,,,,0,open_hand,hold,200.0,dev-0123456789abcdef0123456789abcdef,synthetic-2-open_hand,29,protocol,synthetic-demo-contract-v1,True,1.3856950132770156,1.4440095198351288,1.5231671662619688,1.5778638892653707,1.6641892944670011,1.7254668698719402,1.7947724384561203,1.8713575802786255
1700000004915000000,14915000000,984,983,983,0,0,,,,0,open_hand,hold,200.0,dev-0123456789abcdef0123456789abcdef,synthetic-2-open_hand,29,protocol,synthetic-demo-contract-v1,True,1.6009778300992021,1.6642500379139094,1.7492231071364084,1.809451429009506,1.9020252825796478,1.9693254540754286,2.04397119984993,2.1255473762234796
1700000004920000000,14920000000,985,984,984,0,0,,,,0,open_hand,hold,200.0,dev-0123456789abcdef0123456789abcdef,synthetic-2-open_hand,29,protocol,synthetic-demo-contract-v1,True,1.816609532267429,1.8850711160508133,1.975735953763164,2.0416702101654423,2.140345061064723,2.2137458681437683,2.2937480706938573,2.3802954359357638
1700000004925000000,14925000000,986,985,985,0,0,,,,0,open_hand,hold,200.0,dev-0123456789abcdef0123456789abcdef,synthetic-2-open_hand,29,protocol,synthetic-demo-contract-v1,True,2.0326194402441766,2.106501460732079,2.202727509674469,2.274537356964498,2.379159350992702,2.458734481979527,2.544110847259525,2.635612683808947
1700000004930000000,14930000000,987,986,986,0,0,,,,0,open_hand,hold,200.0,dev-0123456789abcdef0123456789abcdef,synthetic-2-open_hand,29,protocol,synthetic-demo-contract-v1,True,2.2490382405847456,2.328567006052805,2.430218772346316,2.5080674147731035,2.618477779864413,2.704296002646078,2.7950655731828205,2.8915083894504554
1700000004935000000,14935000000,988,987,987,0,0,,,,0,open_hand,hold,200.0,dev-0123456789abcdef0123456789abcdef,synthetic-2-open_hand,29,protocol,synthetic-demo-contract-v1,True,2.4658975163278614,2.5512906245346367,2.65822976166909,2.7422722716378374,2.8583088533888557,2.9504334808144805,3.0466165330919592,3.1479901418120284
1700000004940000000,14940000000,989,988,988,0,0,,,,0,open_hand,hold,200.0,dev-0123456789abcdef0123456789abcdef,synthetic-2-open_hand,29,protocol,synthetic-demo-contract-v1,True,2.6832292307539927,2.774691864656913,2.8867793445330063,2.9771610941875486,3.0986599271739377,3.197148321574327,3.298766251283339,3.4050638279885184
1700000004945000000,14945000000,990,989,989,0,0,,,,0,open_hand,hold,200.0,dev-0123456789abcdef0123456789abcdef,synthetic-2-open_hand,29,protocol,synthetic-demo-contract-v1,True,2.9010651746379224,2.998786718906642,3.1158850574719326,3.212740278364907,3.3395371784350183,3.444440299435171,3.551515495379189,3.6627336167394597
1700000004950000000,14950000000,991,990,990,0,0,,,,0,open_hand,hold,200.0,dev-0123456789abcdef0123456789abcdef,synthetic-2-open_hand,29,protocol,synthetic-demo-contract-v1,True,3.1194363879542553,3.2235874257420702,3.3455629293828313,3.449013415349525,3.580945577855102,3.692307577338334,3.8048632848882202,3.9210019467757915
1700000004955000000,14955000000,992,991,991,0,0,,,,0,open_hand,hold,200.0,dev-0123456789abcdef0123456789abcdef,synthetic-2-open_hand,29,protocol,synthetic-demo-contract-v1,True,3.338372567604394,3.4491023084017436,3.5758273063873203,3.685981272921441,3.8228888617587664,3.9407467294934913,4.058806904578394,4.179869519842126
1700000004960000000,14960000000,993,992,992,0,0,,,,0,open_hand,hold,200.0,dev-0123456789abcdef0123456789abcdef,synthetic-2-open_hand,29,protocol,synthetic-demo-contract-v1,True,3.5579014731082985,3.675335652982815,3.8066906809260193,3.92364179239814,4.065369504788969,4.189752767850539,4.3133419225594105,4.43933529861287
1700000004965000000,14965000000,994,993,993,0,0,,,,0,open_hand,hold,200.0,dev-0123456789abcdef0123456789abcdef,synthetic-2-open_hand,29,protocol,synthetic-demo-contract-v1,True,3.7780483423361924,3.9022876276666767,4.038163527174936,4.161990101161571,4.308388693301516,4.439319172014727,4.568462212961772,4.699396509408395
1700000004970000000,14970000000,995,994,994,0,0,,,,0,open_hand,hold,200.0,dev-0123456789abcdef0123456789abcdef,synthetic-2-open_hand,29,protocol,synthetic-demo-contract-v1,True,3.998835329241326,4.129954244395079,4.270254144846025,4.401018540674693,4.5519462997158975,4.689437922411889,4.824159983089135,4.9600486497253184
1700000004975000000,14975000000,996,995,995,0,0,,,,0,open_hand,hold,200.0,dev-0123456789abcdef0123456789abcdef,synthetic-2-open_hand,29,protocol,synthetic-demo-contract-v1,True,4.220280975196952,4.358327363704517,4.5029685133814,4.640716709771189,4.79604085808304,4.940099536510767,5.080425804911272,5.221285500562833
1700000004980000000,14980000000,997,996,996,0,0,,,,0,open_hand,hold,200.0,dev-0123456789abcdef0123456789abcdef,synthetic-2-open_hand,29,protocol,synthetic-demo-contract-v1,True,4.44239972494592,4.587394742819932,4.736310158472985,4.881071522887958,5.040669541150128,5.191293107910789,5.337248650756281,5.4830991435149095
1700000004985000000,14985000000,998,997,997,0,0,,,,0,open_hand,hold,200.0,dev-0123456789abcdef0123456789abcdef,synthetic-2-open_hand,29,protocol,synthetic-demo-contract-v1,True,4.665201497351465,4.817140126499841,4.970280032737478,5.122067282799042,5.285828139219615,5.443006348106151,5.594615933052609,5.74547998258618
1700000004990000000,14990000000,999,998,998,0,0,,,,0,open_hand,hold,200.0,dev-0123456789abcdef0123456789abcdef,synthetic-2-open_hand,29,protocol,synthetic-demo-contract-v1,True,4.8886913201094355,5.047543379523374,5.204876412251428,5.363685767302601,5.531511041113856,5.695225630740718,5.852513547964219,6.008416770677318
1700000004995000000,14995000000,1000,999,999,0,0,,,,0,open_hand,hold,200.0,dev-0123456789abcdef0123456789abcdef,synthetic-2-open_hand,29,protocol,synthetic-demo-contract-v1,True,5.112869036365886,5.278580659124313,5.440094810504427,5.605906329210467,5.777711217567917,5.947936038172682,6.110925922755514,6.271896640673873
