# -*- coding: utf-8 -*-

# Resource object code
#
# Created by: The Resource Compiler for PyQt5 (Qt v5.15.2)
#
# WARNING! All changes made in this file will be lost!

from PyQt5 import QtCore

qt_resource_data = b"\
\x00\x00\x05\xca\
\xff\
\xd8\xff\xe0\x00\x10\x4a\x46\x49\x46\x00\x01\x01\x00\x00\x01\x00\
\x01\x00\x00\xff\xdb\x00\x43\x00\x08\x06\x06\x07\x06\x05\x08\x07\
\x07\x07\x09\x09\x08\x0a\x0c\x14\x0d\x0c\x0b\x0b\x0c\x19\x12\x13\
\x0f\x14\x1d\x1a\x1f\x1e\x1d\x1a\x1c\x1c\x20\x24\x2e\x27\x20\x22\
\x2c\x23\x1c\x1c\x28\x37\x29\x2c\x30\x31\x34\x34\x34\x1f\x27\x39\
\x3d\x38\x32\x3c\x2e\x33\x34\x32\xff\xdb\x00\x43\x01\x09\x09\x09\
\x0c\x0b\x0c\x18\x0d\x0d\x18\x32\x21\x1c\x21\x32\x32\x32\x32\x32\
\x32\x32\x32\x32\x32\x32\x32\x32\x32\x32\x32\x32\x32\x32\x32\x32\
\x32\x32\x32\x32\x32\x32\x32\x32\x32\x32\x32\x32\x32\x32\x32\x32\
\x32\x32\x32\x32\x32\x32\x32\x32\x32\x32\x32\x32\x32\xff\xc0\x00\
\x11\x08\x00\x3c\x00\x78\x03\x01\x22\x00\x02\x11\x01\x03\x11\x01\
\xff\xc4\x00\x1f\x00\x00\x01\x05\x01\x01\x01\x01\x01\x01\x00\x00\
\x00\x00\x00\x00\x00\x00\x01\x02\x03\x04\x05\x06\x07\x08\x09\x0a\
\x0b\xff\xc4\x00\xb5\x10\x00\x02\x01\x03\x03\x02\x04\x03\x05\x05\
\x04\x04\x00\x00\x01\x7d\x01\x02\x03\x00\x04\x11\x05\x12\x21\x31\
\x41\x06\x13\x51\x61\x07\x22\x71\x14\x32\x81\x91\xa1\x08\x23\x42\
\xb1\xc1\x15\x52\xd1\xf0\x24\x33\x62\x72\x82\x09\x0a\x16\x17\x18\
\x19\x1a\x25\x26\x27\x28\x29\x2a\x34\x35\x36\x37\x38\x39\x3a\x43\
\x44\x45\x46\x47\x48\x49\x4a\x53\x54\x55\x56\x57\x58\x59\x5a\x63\
\x64\x65\x66\x67\x68\x69\x6a\x73\x74\x75\x76\x77\x78\x79\x7a\x83\
\x84\x85\x86\x87\x88\x89\x8a\x92\x93\x94\x95\x96\x97\x98\x99\x9a\
\xa2\xa3\xa4\xa5\xa6\xa7\xa8\xa9\xaa\xb2\xb3\xb4\xb5\xb6\xb7\xb8\
\xb9\xba\xc2\xc3\xc4\xc5\xc6\xc7\xc8\xc9\xca\xd2\xd3\xd4\xd5\xd6\
\xd7\xd8\xd9\xda\xe1\xe2\xe3\xe4\xe5\xe6\xe7\xe8\xe9\xea\xf1\xf2\
\xf3\xf4\xf5\xf6\xf7\xf8\xf9\xfa\xff\xc4\x00\x1f\x01\x00\x03\x01\
\x01\x01\x01\x01\x01\x01\x01\x01\x00\x00\x00\x00\x00\x00\x01\x02\
\x03\x04\x05\x06\x07\x08\x09\x0a\x0b\xff\xc4\x00\xb5\x11\x00\x02\
\x01\x02\x04\x04\x03\x04\x07\x05\x04\x04\x00\x01\x02\x77\x00\x01\
\x02\x03\x11\x04\x05\x21\x31\x06\x12\x41\x51\x07\x61\x71\x13\x22\
\x32\x81\x08\x14\x42\x91\xa1\xb1\xc1\x09\x23\x33\x52\xf0\x15\x62\
\x72\xd1\x0a\x16\x24\x34\xe1\x25\xf1\x17\x18\x19\x1a\x26\x27\x28\
\x29\x2a\x35\x36\x37\x38\x39\x3a\x43\x44\x45\x46\x47\x48\x49\x4a\
\x53\x54\x55\x56\x57\x58\x59\x5a\x63\x64\x65\x66\x67\x68\x69\x6a\
\x73\x74\x75\x76\x77\x78\x79\x7a\x82\x83\x84\x85\x86\x87\x88\x89\
\x8a\x92\x93\x94\x95\x96\x97\x98\x99\x9a\xa2\xa3\xa4\xa5\xa6\xa7\
\xa8\xa9\xaa\xb2\xb3\xb4\xb5\xb6\xb7\xb8\xb9\xba\xc2\xc3\xc4\xc5\
\xc6\xc7\xc8\xc9\xca\xd2\xd3\xd4\xd5\xd6\xd7\xd8\xd9\xda\xe2\xe3\
\xe4\xe5\xe6\xe7\xe8\xe9\xea\xf2\xf3\xf4\xf5\xf6\xf7\xf8\xf9\xfa\
\xff\xda\x00\x0c\x03\x01\x00\x02\x11\x03\x11\x00\x3f\x00\xf1\xc1\
\x4e\xe0\xf6\xa6\x0c\xd3\xab\xef\x62\x71\x31\x70\x45\x2d\x00\xd2\
\xd6\x89\x76\x24\x6e\x68\xeb\x4b\xb6\x9a\x4d\x1b\x0c\x5a\x0d\x74\
\xfe\x11\xf0\xbc\x3e\x20\xfb\x4c\x97\x77\x12\x43\x04\x58\x00\xc6\
\xa0\x96\x63\xf5\xac\x0b\xbb\x51\x06\xa5\x35\xa4\x4c\x64\xd9\x29\
\x8d\x4e\x39\x6e\x70\x2b\x18\xe2\x29\xca\x72\x82\x7a\xad\xca\xe5\
\x69\x5c\xad\xd2\x94\x35\x76\x1a\xf7\x82\x22\xd0\xbc\x3d\x1d\xf4\
\x97\xc5\xae\xce\xdd\xf1\x6d\x1b\x72\x7a\x80\x7d\xaa\x27\xf0\x5f\
\x93\xe1\x56\xd5\xa7\xbc\xd9\x71\xe5\xf9\x82\x0d\x9c\x6d\xed\x93\
\x9e\xb8\xac\x56\x3e\x8b\x8a\x6a\x5a\x37\x6f\x99\x5e\xca\x5b\x58\
\xe5\x0e\x69\x87\xde\x94\x12\x29\x09\xcd\x75\x37\x72\x12\x1b\x4a\
\x05\x28\x14\xe0\x38\xa9\x51\xbb\x1b\x60\x48\xe2\x8a\x69\xeb\x45\
\x55\xd8\xac\x1d\x69\xdd\xa9\xbd\x29\x46\x2a\x50\xd8\x74\x34\xec\
\xd3\x49\xa5\x1c\xd5\x21\x31\x73\x52\xc1\x0c\x97\x53\xc7\x04\x28\
\x5e\x57\x3b\x55\x47\x73\x50\x9e\x2b\x43\x46\x67\x8e\x79\x6e\x23\
\x1c\xc4\x99\x07\xd3\x24\x0f\xf1\xac\xb1\x35\xfd\x8d\x29\x4f\xb2\
\x1c\x23\xcc\xd2\x3d\x2b\xc2\xda\x3c\xda\x46\x88\x60\xbb\x0a\xb3\
\x3c\xac\xc4\x24\x81\xb1\xc0\x03\xa7\xd2\xb9\xbf\x04\xe8\xc3\x50\
\xf1\x44\xf7\x97\x4b\xba\x2b\x49\x4b\x10\x7f\x89\xf2\x71\xf9\x75\
\xad\xbd\x0b\x53\x8b\x6e\x5d\x98\xab\xf5\xc0\xcf\xff\x00\xaa\xb5\
\xfc\x3b\xa2\x3e\x9f\x6d\x70\x62\x99\x64\x6b\x89\x9a\x52\x71\x8e\
\xbd\x05\x7c\x8c\x31\xd2\x51\xa9\x3f\xb5\x2b\x7f\xc1\x3b\x5d\x25\
\x74\xba\x23\x23\xc5\xd9\xf1\x17\x8a\x2c\x34\x68\x9b\x11\x26\x64\
\x9f\x1d\x94\x7f\x93\xf9\xd4\x5e\x3f\xbb\x86\xd7\x47\x16\xf6\xe7\
\x6f\x98\xc1\x08\xcf\x6f\xf2\x2b\xa2\xd0\xb4\x09\xb4\xfb\xed\x47\
\x54\xbd\xd8\x6e\x6e\x1b\x09\x86\xce\xd4\x1d\x3f\x13\x5e\x61\xe3\
\x5d\x44\xdf\x6b\xd2\xc6\x0f\xc9\x09\xdb\xf8\xf7\xad\xf0\x90\xf6\
\xd5\x61\x08\xed\x1d\x5f\xae\xec\x89\x3e\x54\xdf\x73\x9c\xdd\x4b\
\xbb\x34\xde\x29\xe1\x54\xd7\xd4\xc7\x99\xb3\x99\xd8\x00\xa7\x51\
\x8c\x52\x13\xef\x5a\xec\x4e\xe0\x7a\xd1\x4c\x26\x8a\x8e\x74\x55\
\x85\xeb\x4b\x8a\x4a\x32\x6a\x40\x5a\x4a\x5e\x69\x0d\x31\x0b\xb8\
\xd7\x65\xe1\x9d\x3e\x33\xa1\x5c\x5d\x4a\xcc\x0c\xd2\x6d\x01\x7a\
\x90\xbf\xfd\x73\x5c\x5d\x7b\x27\xc3\xf8\x62\x93\xc2\xf6\xea\xe4\
\x0c\xee\x27\xfe\xfa\x35\xe4\xe7\x15\x1a\xc3\xf2\xae\xac\xd6\x92\
\xb4\xae\x64\xdb\x41\xe6\x22\x79\x70\x94\x31\x8e\x30\x3a\x8f\x73\
\x5d\x46\x9b\x32\xa4\x60\x3b\x95\xcf\x42\x4d\x4d\x79\x6f\x05\x9b\
\x2b\x21\xf5\x20\x13\x59\x62\xe6\x22\xcd\x8f\x97\x3d\x40\x35\xf2\
\x71\x5a\x1d\x4d\xea\x6d\xdf\xdc\xc0\x2d\x1c\x79\xc4\x61\x73\x85\
\xff\x00\x1a\xf0\x4b\xd9\x8d\xc5\xf5\xc4\xcc\x79\x79\x18\xfe\xb5\
\xe9\x1a\xdd\xdf\xd8\xf4\xbb\xa9\x54\xf0\x50\x81\xf5\x3c\x0a\xf2\
\xfe\x71\x5f\x43\x92\x53\x6b\x9a\x7f\x23\x0a\xae\xfa\x08\x69\x03\
\x11\x41\xa4\xaf\x62\x52\x77\xba\x32\x24\x0f\x9a\x09\xa8\xba\x53\
\x81\xab\x8d\x6b\xe8\xc5\xca\x04\xd1\x48\x68\xa8\x94\x9d\xca\xb1\
\x27\x1e\x94\x66\x81\x49\x5d\x17\x20\x70\x39\xa3\x14\xda\x70\xaa\
\x42\x10\x8a\xef\xbc\x09\xab\x48\x96\xc6\xd5\x79\xf2\x8e\x71\xec\
\x6b\x81\x24\xd7\x53\xf0\xf1\x7c\xef\x13\x08\x98\x9d\x8d\x11\xc8\
\x07\x19\xe9\x5e\x66\x6b\x4d\x4a\x83\xf2\xd4\xd6\x93\xf7\x8f\x43\
\xbf\x91\xee\x71\x2c\x61\xc9\x0b\x82\xb8\xae\x6e\xe6\x79\x33\xc0\
\xc1\xf5\x15\xdd\xde\x5b\xc5\x6b\x6b\x24\x91\xa0\xdc\x10\xe0\x9e\
\x6b\x09\x2c\x2d\xc2\x2b\xec\xcb\x37\x52\x4f\x5a\xf8\xf4\xec\x74\
\x6e\x71\x7a\xdc\xb2\x7f\x61\xce\x24\x3c\x12\x00\x07\xd7\x22\xb8\
\xb3\x5d\xd7\x8e\x11\x62\xb2\x80\x20\xc0\x32\x73\xf9\x57\x0a\x6b\
\xea\xf2\x88\xdb\x0f\x7e\xec\xe7\xa9\xf1\x0d\x34\x84\xd0\x69\x0d\
\x74\xcd\xb0\x40\x0d\x3a\xa2\xa5\x0c\x6b\x38\xcf\xa3\x0b\x0f\x26\
\x8a\x68\x26\x8a\xbe\x60\x3f\xff\xd9\
\x00\x00\x06\xa4\
\xff\
\xd8\xff\xe0\x00\x10\x4a\x46\x49\x46\x00\x01\x01\x00\x00\x01\x00\
\x01\x00\x00\xff\xdb\x00\x43\x00\x08\x06\x06\x07\x06\x05\x08\x07\
\x07\x07\x09\x09\x08\x0a\x0c\x14\x0d\x0c\x0b\x0b\x0c\x19\x12\x13\
\x0f\x14\x1d\x1a\x1f\x1e\x1d\x1a\x1c\x1c\x20\x24\x2e\x27\x20\x22\
\x2c\x23\x1c\x1c\x28\x37\x29\x2c\x30\x31\x34\x34\x34\x1f\x27\x39\
\x3d\x38\x32\x3c\x2e\x33\x34\x32\xff\xdb\x00\x43\x01\x09\x09\x09\
\x0c\x0b\x0c\x18\x0d\x0d\x18\x32\x21\x1c\x21\x32\x32\x32\x32\x32\
\x32\x32\x32\x32\x32\x32\x32\x32\x32\x32\x32\x32\x32\x32\x32\x32\
\x32\x32\x32\x32\x32\x32\x32\x32\x32\x32\x32\x32\x32\x32\x32\x32\
\x32\x32\x32\x32\x32\x32\x32\x32\x32\x32\x32\x32\x32\xff\xc0\x00\
\x11\x08\x00\x3c\x00\x78\x03\x01\x22\x00\x02\x11\x01\x03\x11\x01\
\xff\xc4\x00\x1f\x00\x00\x01\x05\x01\x01\x01\x01\x01\x01\x00\x00\
\x00\x00\x00\x00\x00\x00\x01\x02\x03\x04\x05\x06\x07\x08\x09\x0a\
\x0b\xff\xc4\x00\xb5\x10\x00\x02\x01\x03\x03\x02\x04\x03\x05\x05\
\x04\x04\x00\x00\x01\x7d\x01\x02\x03\x00\x04\x11\x05\x12\x21\x31\
\x41\x06\x13\x51\x61\x07\x22\x71\x14\x32\x81\x91\xa1\x08\x23\x42\
\xb1\xc1\x15\x52\xd1\xf0\x24\x33\x62\x72\x82\x09\x0a\x16\x17\x18\
\x19\x1a\x25\x26\x27\x28\x29\x2a\x34\x35\x36\x37\x38\x39\x3a\x43\
\x44\x45\x46\x47\x48\x49\x4a\x53\x54\x55\x56\x57\x58\x59\x5a\x63\
\x64\x65\x66\x67\x68\x69\x6a\x73\x74\x75\x76\x77\x78\x79\x7a\x83\
\x84\x85\x86\x87\x88\x89\x8a\x92\x93\x94\x95\x96\x97\x98\x99\x9a\
\xa2\xa3\xa4\xa5\xa6\xa7\xa8\xa9\xaa\xb2\xb3\xb4\xb5\xb6\xb7\xb8\
\xb9\xba\xc2\xc3\xc4\xc5\xc6\xc7\xc8\xc9\xca\xd2\xd3\xd4\xd5\xd6\
\xd7\xd8\xd9\xda\xe1\xe2\xe3\xe4\xe5\xe6\xe7\xe8\xe9\xea\xf1\xf2\
\xf3\xf4\xf5\xf6\xf7\xf8\xf9\xfa\xff\xc4\x00\x1f\x01\x00\x03\x01\
\x01\x01\x01\x01\x01\x01\x01\x01\x00\x00\x00\x00\x00\x00\x01\x02\
\x03\x04\x05\x06\x07\x08\x09\x0a\x0b\xff\xc4\x00\xb5\x11\x00\x02\
\x01\x02\x04\x04\x03\x04\x07\x05\x04\x04\x00\x01\x02\x77\x00\x01\
\x02\x03\x11\x04\x05\x21\x31\x06\x12\x41\x51\x07\x61\x71\x13\x22\
\x32\x81\x08\x14\x42\x91\xa1\xb1\xc1\x09\x23\x33\x52\xf0\x15\x62\
\x72\xd1\x0a\x16\x24\x34\xe1\x25\xf1\x17\x18\x19\x1a\x26\x27\x28\
\x29\x2a\x35\x36\x37\x38\x39\x3a\x43\x44\x45\x46\x47\x48\x49\x4a\
\x53\x54\x55\x56\x57\x58\x59\x5a\x63\x64\x65\x66\x67\x68\x69\x6a\
\x73\x74\x75\x76\x77\x78\x79\x7a\x82\x83\x84\x85\x86\x87\x88\x89\
\x8a\x92\x93\x94\x95\x96\x97\x98\x99\x9a\xa2\xa3\xa4\xa5\xa6\xa7\
\xa8\xa9\xaa\xb2\xb3\xb4\xb5\xb6\xb7\xb8\xb9\xba\xc2\xc3\xc4\xc5\
\xc6\xc7\xc8\xc9\xca\xd2\xd3\xd4\xd5\xd6\xd7\xd8\xd9\xda\xe2\xe3\
\xe4\xe5\xe6\xe7\xe8\xe9\xea\xf2\xf3\xf4\xf5\xf6\xf7\xf8\xf9\xfa\
\xff\xda\x00\x0c\x03\x01\x00\x02\x11\x03\x11\x00\x3f\x00\xe3\x23\
\xf1\x4e\xad\x6a\xe5\xad\xe6\x11\x92\x30\x4a\xa8\xe9\x52\x7f\xc2\
\x6b\xaf\x32\x6c\x3a\x84\xbb\x7d\x2b\x0c\x9e\x39\x5c\xd4\x47\x83\
\xed\x5f\xa6\xbc\x35\x14\xef\xc8\xbe\xe4\x79\x46\xe4\x9e\x28\xd5\
\xa5\xd9\xe6\x5e\x48\xdb\x1b\x72\xe4\xf4\x3e\xa2\xa2\x4d\x7f\x51\
\x8e\x77\x9e\x3b\xa9\x16\x59\x3e\xf3\xa9\xc3\x37\xd4\xd6\x52\x9a\
\x71\x00\xf4\x20\x1a\xd1\x51\xa6\xb6\x8a\xfb\x90\xac\x6a\x49\xaf\
\xea\x92\x8f\x9a\xf6\x66\x07\xb1\x90\xd4\x27\x54\xbc\x7f\xbd\x71\
\x27\xfd\xf4\x6a\x80\x24\x71\x4a\x01\x76\x00\x75\x27\x02\xa9\x46\
\x11\xd9\x0b\x95\x1a\x56\x4f\x7d\xa8\x5f\x43\x69\x0c\xac\xd2\xcc\
\xe1\x57\x2d\xc7\xe3\x5e\x8f\xa0\xe8\x91\x69\xb0\xdc\x5b\x5f\xa4\
\x37\xb2\xb3\xe1\x9c\x29\x60\x06\x07\x03\x3d\x2a\xbe\x95\xe1\x7d\
\x3f\x46\xb9\xd3\xee\x52\x49\x5e\xef\x0c\x25\x2c\x46\xdc\x95\xec\
\x3b\x56\xd5\xb1\xdb\x3d\xcf\xce\x39\x93\xbf\xd0\x57\xc6\xe6\xf9\
\xcb\xaa\xd5\x3a\x12\xb4\x7a\xf4\x77\xb9\xe8\x50\xc3\x28\xeb\x25\
\xa9\xc8\x78\x83\xc3\x36\xd6\x9e\x1f\xfe\xd3\xd3\xae\x67\x66\x42\
\x0c\xb1\xc8\x41\xf9\x4f\x71\xfa\x57\x10\x2e\x5f\xfb\xc6\xbd\x82\
\x28\x62\xbe\xf0\xf5\xc5\x9e\x3e\x59\x61\x65\xce\x3a\x7a\x7e\xb5\
\xe2\xce\x0a\xb1\x53\x8e\x38\xaf\x5f\x21\xc7\xd4\xc4\x51\x92\xa8\
\xee\xe2\xff\x00\x06\x63\x89\xa3\x18\x4b\xdd\x45\x9f\xb4\x3e\x7e\
\xf1\xa6\x3c\xd2\x76\x72\x6a\x00\xd8\xeb\x4f\x04\x11\x5e\xf7\x35\
\xce\x7b\x21\x0c\x8c\x79\x63\xcd\x42\xed\x4f\x63\x8e\xd5\x13\x73\
\x59\x49\x94\x88\x9c\x66\x8a\x5a\x2b\x0b\x15\x73\x40\x1d\xe3\x83\
\xf8\x54\x6f\x85\x15\x18\x3e\x5b\x7b\x52\x93\xbb\x91\x5d\x3c\xd7\
\x5e\x64\x58\x50\x71\xda\x9d\x90\x3a\x54\x65\xcf\x4e\xf4\x6f\xe3\
\x9a\x57\x02\x60\xc0\xd5\x9b\x15\x0f\xa8\x5b\x29\xe8\x65\x51\xfa\
\xd6\x70\x72\x0f\x5a\xd8\xf0\xec\x3f\x6b\xd7\xec\xe3\x63\x85\x12\
\x07\x63\xec\xbc\x9f\xe5\x59\x57\xa8\xa3\x4a\x52\x7d\x13\x1a\x57\
\x69\x1e\xab\x75\x39\x13\x5a\x95\x8c\x07\x32\x11\x81\xd7\xa1\xff\
\x00\x0a\x8e\x2b\x7b\xa3\x75\x70\xee\xca\xab\x23\x02\x83\x3c\xf4\
\xc5\x56\xb9\xf1\x7e\x8f\x63\x23\x46\xb1\xc8\x66\xef\xbc\x01\x57\
\x34\x5f\x15\x69\xfa\xcb\x79\x46\xdd\x01\x07\x1e\x84\x57\xe5\xad\
\x5d\x9e\xce\xc5\x9d\x1a\xca\x6b\x28\x04\x77\x05\x32\x19\xba\x1c\
\xf0\x49\xc7\xe8\x6b\xc7\x35\xfb\x17\xd3\x35\xcb\xbb\x47\xfe\x09\
\x0e\xdf\x75\x3c\x8f\xd2\xbd\xf8\x59\xdb\x05\x2f\x14\xd8\x3f\xdd\
\x66\xe9\x5e\x45\xf1\x26\x04\x1a\xfc\x53\xa0\x00\x4b\x08\xce\x0f\
\x70\x6b\xe8\x78\x7a\xb3\x85\x77\x4f\xa4\x97\xe4\x72\x62\x52\x71\
\xb9\xc6\x83\x46\x48\x39\x15\x13\x65\x7b\xd2\x09\x7d\x6b\xec\xf9\
\x92\xdc\xe2\xb1\x31\x93\x23\x91\x51\x93\x9a\x4f\x34\x52\xe4\x1a\
\x1b\xb8\x58\x02\xe7\xb5\x14\xe1\xee\x28\xa3\x95\x05\xc5\xcb\x37\
\x0c\x3f\x1a\x5e\x57\xb7\x15\x10\x04\xf3\x93\xf9\xd2\xe4\x8e\x09\
\x34\x5c\x56\x1c\x4e\x39\xef\x49\xc3\x75\x34\xdc\x93\x46\x29\x5c\
\x63\xf3\xf9\x56\xff\x00\x84\x1c\x2f\x89\x6d\x32\x40\xc9\x61\xcf\
\xfb\xa6\xb9\xfc\x71\x4f\xb4\xba\x7b\x3b\xc8\xae\x10\xfc\xd1\xb0\
\x6a\xc7\x13\x17\x3a\x13\x8a\xea\x9a\xfc\x07\x1d\x24\x99\xec\x9a\
\xb7\x87\xac\xb5\x3d\xaf\x22\x80\xc3\xf8\x96\xa1\xd3\xac\x6d\x34\
\x38\xa4\x48\x40\x62\xed\x92\x48\x19\xa4\xd2\x75\x7f\xb7\x59\x24\
\x8d\x9d\x8e\x3e\x56\xf5\xaa\xda\xbb\x49\x07\xcc\x01\x28\x7a\x57\
\xe6\x92\x4d\x4a\xcc\xf4\xfa\x1a\x12\xdf\x02\x9b\x55\xab\xcf\x7c\
\x65\x7a\x6e\x35\x68\xe1\x27\x88\x63\x03\xf3\xe7\xfc\x2b\x66\x09\
\xe7\x9a\x5c\x20\x3f\x95\x72\x3a\xec\x9e\x6e\xb3\x72\x73\x9c\x36\
\xdf\xc8\x62\xbd\xfc\x82\x9a\x78\x97\x2e\xcb\xfe\x01\xcf\x88\x7e\
\xe9\x9c\xf8\xc5\x57\x61\x83\x52\xb1\xa8\xda\xbe\xba\xa6\xa7\x2c\
\x41\x76\x9e\xf5\x32\xc6\x3a\xe6\xaa\xf4\x35\x2c\x72\x9e\x86\xa6\
\x9c\xd5\xec\xc7\x24\xcb\x3d\x3b\xd1\x51\xee\xcd\x15\xd1\xcc\x45\
\x84\x53\x4e\xca\xf7\x35\x08\x26\x9e\x2b\x34\xc6\xc5\x24\x76\xa5\
\x0c\x4f\xa5\x20\xa7\x0e\xb5\x49\x08\x76\x0e\x39\xa8\x9f\x15\x29\
\xe9\x57\x34\x9b\x48\xaf\x35\xab\x4b\x69\x81\x31\x49\x30\x56\x00\
\xf6\xcd\x45\x5f\x76\x2d\xf6\x1a\xdc\xf4\xff\x00\x87\xfa\x24\xc7\
\xc2\xd0\xcd\x70\x5c\x79\x8c\xcf\x1a\xe4\x8c\x2e\x78\xff\x00\x1a\
\xdd\xba\xd3\x94\xe0\x95\xca\xa8\xc0\x1e\xb5\xd3\xc1\x6f\x14\x36\
\xcb\x14\x68\x15\x23\x50\xaa\x07\x61\x51\x4b\x12\x33\x0c\x8a\xfc\
\xd7\x13\x3f\x69\x56\x53\xee\xee\x7a\x11\x76\x56\x39\x49\x34\xcd\
\x90\x3c\xcc\x8a\xaa\xa3\x39\xaf\x14\xbd\x90\x4b\x7f\x71\x20\x39\
\x0d\x23\x10\x7f\x1a\xf6\xcf\x1c\xdc\xcb\x69\xe1\x9b\xb6\x85\xb6\
\x9f\x2f\xad\x78\x50\xe9\x5f\x4b\xc3\x70\xf8\xe7\xe8\x8e\x7a\xef\
\x64\x23\xd4\x67\x3e\x94\xf3\xd0\xd4\x66\xbe\x8e\x66\x28\x69\xa0\
\x0a\x53\x4d\x1d\x6b\x0e\xa5\x92\x07\x22\x8a\x6d\x15\xa7\x33\x26\
\xc7\xff\xd9\
\x00\x00\x06\x77\
\xff\
\xd8\xff\xe0\x00\x10\x4a\x46\x49\x46\x00\x01\x01\x00\x00\x01\x00\
\x01\x00\x00\xff\xdb\x00\x43\x00\x08\x06\x06\x07\x06\x05\x08\x07\
\x07\x07\x09\x09\x08\x0a\x0c\x14\x0d\x0c\x0b\x0b\x0c\x19\x12\x13\
\x0f\x14\x1d\x1a\x1f\x1e\x1d\x1a\x1c\x1c\x20\x24\x2e\x27\x20\x22\
\x2c\x23\x1c\x1c\x28\x37\x29\x2c\x30\x31\x34\x34\x34\x1f\x27\x39\
\x3d\x38\x32\x3c\x2e\x33\x34\x32\xff\xdb\x00\x43\x01\x09\x09\x09\
\x0c\x0b\x0c\x18\x0d\x0d\x18\x32\x21\x1c\x21\x32\x32\x32\x32\x32\
\x32\x32\x32\x32\x32\x32\x32\x32\x32\x32\x32\x32\x32\x32\x32\x32\
\x32\x32\x32\x32\x32\x32\x32\x32\x32\x32\x32\x32\x32\x32\x32\x32\
\x32\x32\x32\x32\x32\x32\x32\x32\x32\x32\x32\x32\x32\xff\xc0\x00\
\x11\x08\x00\x3c\x00\x78\x03\x01\x22\x00\x02\x11\x01\x03\x11\x01\
\xff\xc4\x00\x1f\x00\x00\x01\x05\x01\x01\x01\x01\x01\x01\x00\x00\
\x00\x00\x00\x00\x00\x00\x01\x02\x03\x04\x05\x06\x07\x08\x09\x0a\
\x0b\xff\xc4\x00\xb5\x10\x00\x02\x01\x03\x03\x02\x04\x03\x05\x05\
\x04\x04\x00\x00\x01\x7d\x01\x02\x03\x00\x04\x11\x05\x12\x21\x31\
\x41\x06\x13\x51\x61\x07\x22\x71\x14\x32\x81\x91\xa1\x08\x23\x42\
\xb1\xc1\x15\x52\xd1\xf0\x24\x33\x62\x72\x82\x09\x0a\x16\x17\x18\
\x19\x1a\x25\x26\x27\x28\x29\x2a\x34\x35\x36\x37\x38\x39\x3a\x43\
\x44\x45\x46\x47\x48\x49\x4a\x53\x54\x55\x56\x57\x58\x59\x5a\x63\
\x64\x65\x66\x67\x68\x69\x6a\x73\x74\x75\x76\x77\x78\x79\x7a\x83\
\x84\x85\x86\x87\x88\x89\x8a\x92\x93\x94\x95\x96\x97\x98\x99\x9a\
\xa2\xa3\xa4\xa5\xa6\xa7\xa8\xa9\xaa\xb2\xb3\xb4\xb5\xb6\xb7\xb8\
\xb9\xba\xc2\xc3\xc4\xc5\xc6\xc7\xc8\xc9\xca\xd2\xd3\xd4\xd5\xd6\
\xd7\xd8\xd9\xda\xe1\xe2\xe3\xe4\xe5\xe6\xe7\xe8\xe9\xea\xf1\xf2\
\xf3\xf4\xf5\xf6\xf7\xf8\xf9\xfa\xff\xc4\x00\x1f\x01\x00\x03\x01\
\x01\x01\x01\x01\x01\x01\x01\x01\x00\x00\x00\x00\x00\x00\x01\x02\
\x03\x04\x05\x06\x07\x08\x09\x0a\x0b\xff\xc4\x00\xb5\x11\x00\x02\
\x01\x02\x04\x04\x03\x04\x07\x05\x04\x04\x00\x01\x02\x77\x00\x01\
\x02\x03\x11\x04\x05\x21\x31\x06\x12\x41\x51\x07\x61\x71\x13\x22\
\x32\x81\x08\x14\x42\x91\xa1\xb1\xc1\x09\x23\x33\x52\xf0\x15\x62\
\x72\xd1\x0a\x16\x24\x34\xe1\x25\xf1\x17\x18\x19\x1a\x26\x27\x28\
\x29\x2a\x35\x36\x37\x38\x39\x3a\x43\x44\x45\x46\x47\x48\x49\x4a\
\x53\x54\x55\x56\x57\x58\x59\x5a\x63\x64\x65\x66\x67\x68\x69\x6a\
\x73\x74\x75\x76\x77\x78\x79\x7a\x82\x83\x84\x85\x86\x87\x88\x89\
\x8a\x92\x93\x94\x95\x96\x97\x98\x99\x9a\xa2\xa3\xa4\xa5\xa6\xa7\
\xa8\xa9\xaa\xb2\xb3\xb4\xb5\xb6\xb7\xb8\xb9\xba\xc2\xc3\xc4\xc5\
\xc6\xc7\xc8\xc9\xca\xd2\xd3\xd4\xd5\xd6\xd7\xd8\xd9\xda\xe2\xe3\
\xe4\xe5\xe6\xe7\xe8\xe9\xea\xf2\xf3\xf4\xf5\xf6\xf7\xf8\xf9\xfa\
\xff\xda\x00\x0c\x03\x01\x00\x02\x11\x03\x11\x00\x3f\x00\xf2\x0c\
\x63\x8a\x76\x69\x0f\x34\x83\xad\x7e\x85\xb1\xe7\x8f\xc1\xa5\x0d\
\x48\x1b\x1d\x05\x2f\x07\xda\xb4\x5e\x42\x14\xfb\x51\x9c\xd2\xc7\
\x19\x92\x54\x8d\x47\xcc\xc4\x01\xf8\xd7\x67\xe2\x1f\x09\x58\x68\
\xf6\xda\x73\x5b\x4d\x3c\x97\x33\x4c\xb1\xb8\x72\x30\x73\xd7\x18\
\x1c\x73\x58\x57\xc5\x53\xa2\xd4\x64\xf5\x7b\x15\x18\x39\x26\xd7\
\x43\x95\xba\xd3\x2f\xec\xa0\x8e\x6b\xab\x39\xe1\x8a\x4f\xb8\xf2\
\x21\x01\xbe\x86\xaa\x80\xc5\x49\x00\x90\x3a\x9f\x4a\xf5\x3f\x1e\
\xb3\x0f\x0b\x15\x90\x82\x3c\xe4\x0b\xed\xfe\x79\xa8\xbc\x32\xab\
\x0f\x82\xfc\x96\x84\x18\xe7\x8e\x46\x90\xe3\xae\x73\xfd\x2b\xcd\
\x8e\x6f\xfb\x85\x5a\x51\xde\x56\xb1\xb7\xb0\xd7\x95\x33\xcb\xf3\
\xcd\x1b\xb3\x48\xc4\x66\x9b\xf4\xaf\x65\x33\x0b\x12\x67\x23\x14\
\xc2\x31\x49\xb8\x8a\x5e\x18\x75\xa1\xbb\x80\xd6\xe9\x4c\x34\xe3\
\x4d\xc5\x63\x25\x72\xd0\xdd\xb9\x34\x54\xaa\x31\xcd\x15\x3e\xc8\
\x39\x99\x23\x11\x8e\x05\x33\x19\xef\x48\x09\xe8\x7a\x0a\x09\xad\
\x6f\x7d\x49\xb0\xe0\x7d\xeb\xa8\xd0\x3c\x25\xfd\xbb\xa3\x5d\x5d\
\xc7\x7a\x12\xe2\x22\x44\x70\x6d\xe1\x88\x19\xe4\xe7\x8c\xd7\x2c\
\x2b\xa9\xf0\x3e\xb3\xfd\x9d\xab\xf9\x12\x1f\xdd\x4f\xc0\x07\xa0\
\x6e\xd5\xc9\x8c\x9d\x58\x51\x73\xa5\xba\xd7\xe5\xd4\xa8\x24\xe5\
\x66\x64\x69\x31\x6f\xd6\xec\xe1\x71\x83\xe7\xa0\x20\xf6\xf9\xab\
\xd3\xbc\x47\x12\x4b\x7f\xa2\xb9\x18\x55\xba\x1f\xc8\xe3\xf9\x57\
\x3d\xe2\x7f\x0f\xcd\x07\x88\x2d\x35\x5d\x36\xdd\xdd\x67\x95\x59\
\xd2\x35\x27\x6b\xe7\x39\xfa\x1a\xea\xee\xb4\xf5\xbc\x30\x79\xf2\
\x32\x98\x25\x12\x00\xbd\xc8\xed\x5f\x3f\x98\xe3\x15\x57\x4e\xac\
\x5e\x96\x7f\x27\xd4\xe8\xa5\x4e\xd7\x89\x87\xe3\xe9\x89\xd0\xe2\
\x89\x73\x99\x26\x03\x06\xb4\x2e\x33\xa6\x78\x61\x94\xa8\x09\x0d\
\xb6\xdc\x7f\xc0\x71\x57\x6f\xf4\x5b\x1d\x54\x5b\x8b\x99\x24\x02\
\x09\x04\x80\x29\x1f\x31\xf4\x35\x07\x8c\x63\x57\xf0\xad\xef\x94\
\xc7\xe5\x40\x7f\x0c\x8a\xe1\xa5\x56\x33\x8d\x3a\x5f\xde\xd7\xe7\
\x63\x59\x2b\x37\x23\xc6\xce\x69\x33\x8a\x96\xde\x09\x6e\x67\x8e\
\x08\x23\x69\x25\x90\xed\x55\x51\x92\x4d\x7a\x0d\xa7\x82\xf4\x8d\
\x26\xc4\x5d\x6b\xb2\x19\xa6\xc6\x5a\x15\x7d\xa8\x9e\xc4\x8e\x49\
\xaf\xaf\xc5\x63\x29\x61\xa2\xb9\xde\xaf\xa7\x53\x8e\x14\xdc\xb6\
\x3c\xe3\x75\x1c\x56\xe7\x88\x35\x0d\x16\xe8\x08\xb4\xbd\x29\x2d\
\xb6\xb7\x12\x87\x62\x58\x7d\x09\xac\x0e\x4d\x5d\x2a\xce\xa4\x14\
\x9c\x5a\xf5\x07\x1b\x3b\x5c\x7e\x3d\xe8\x14\xd0\x1a\x9e\x07\xad\
\x6c\xb5\x25\x8b\xda\x8a\x42\x71\x45\x5d\xc5\x61\xa1\x97\xb9\x34\
\xb9\x19\xa6\x75\xa5\x15\x8a\x6c\xab\x0e\xce\x2a\x48\xe4\x64\x75\
\x75\x38\x65\x20\x82\x3d\x6a\x21\x4e\xc8\x1d\x0d\x5e\xf1\x11\xef\
\x3a\x75\xd4\x52\x58\x44\x62\x72\x59\x90\x1c\x8e\x7a\x8a\x8a\xe3\
\x7b\x9e\x41\x4f\x73\xde\xb9\xff\x00\x05\xdf\x89\xf4\x6b\x70\xef\
\xca\x65\x0f\xe1\x5d\x5b\xc6\x8c\xa0\xe7\x35\xf9\xf6\x22\x1e\xce\
\xac\xa0\xfa\x33\xbe\x32\xba\x56\x33\xd4\x6e\x70\x1b\x20\x7a\xfa\
\xd5\xf3\xa5\x5b\xea\x16\x53\x5a\xb9\xfd\xdc\xa8\x55\xb2\x73\xd6\
\x99\xe5\x28\x70\x58\x80\x3d\x4d\x32\xe3\x56\x86\xd1\x76\xc2\x41\
\x3e\xb5\x9c\x6e\x9d\xd0\xfd\x4c\xed\x1b\xc2\x56\x1e\x14\x49\x2e\
\x3c\xcf\xb4\xde\x10\x47\x9a\xcb\x8d\x83\xd1\x47\xf5\xaf\x3c\xf1\
\x76\xb1\x25\xee\xa2\xf0\x87\x25\x10\xf3\xcd\x74\x3e\x22\xf1\x5b\
\xa4\x2c\x15\xf7\x48\x78\x15\xe7\x32\x4a\xf2\xc8\xd2\x39\xcb\x31\
\xc9\x35\xf4\x19\x6d\x09\xe2\x2a\xbc\x45\x7d\x6d\xb7\xaf\xfc\x03\
\x0a\x8d\x45\x72\xc4\x43\x49\xf8\xd3\x72\x68\xcd\x7d\x1b\x92\x30\
\xb0\xf5\x7f\x5a\x79\x6c\xd4\x06\x94\x36\x29\xaa\x96\xd1\x89\xc4\
\x79\x34\x53\x0b\x51\x52\xe7\xa8\x58\x01\xa7\xf3\xea\x2a\x31\x4e\
\xef\x53\x07\x71\xb4\x2e\x0f\xb5\x2e\x7d\x68\x34\xca\xb7\xa0\x8e\
\x97\xc2\x9a\x93\xdb\xde\x7d\x90\x1e\x24\x39\x5f\xad\x7a\x75\xad\
\xcb\x6c\x5f\x33\x39\xfa\x73\x5e\x45\xe1\x98\x56\xe7\xc4\x5a\x7c\
\x72\x13\xb5\xa5\x19\xc1\xc5\x7b\xd7\xf6\x5d\x9c\x71\xa9\x58\x54\
\x1e\x3b\x0a\xf9\x0c\xe6\x94\x61\x88\x52\x5d\x51\xd5\x4a\x5e\xed\
\x8e\x73\x52\xbb\xf2\x43\x79\x84\x20\x1d\x89\xae\x3b\x50\xd5\x4b\
\xee\xf2\xc1\x20\x0e\x48\xed\x5d\xb5\xf5\xba\x3d\xc4\xac\xf9\x63\
\x9e\xf8\xae\x43\xc5\xbf\xb8\xd1\xe5\xf2\xf8\xdc\x42\x9f\xa6\x6b\
\xcf\xc3\x47\x9e\xa4\x62\xfa\xbb\x15\x27\x64\x70\xb7\x77\x2f\x73\
\x31\x76\xe9\xd8\x55\x6e\x94\xb4\x1a\xfb\xc8\x52\x8d\x38\x28\xc7\
\x64\x72\x5e\xef\x51\xb9\xc1\xa3\x34\x86\x93\x35\x94\xa5\x67\x62\
\xec\x2e\x69\x73\x9a\x61\xa4\xc9\xa9\x53\xbe\xe1\x61\xe4\xd1\x49\
\x9a\x29\xf3\x01\xff\xd9\
\x00\x00\x05\xfd\
\xff\
\xd8\xff\xe0\x00\x10\x4a\x46\x49\x46\x00\x01\x01\x00\x00\x01\x00\
\x01\x00\x00\xff\xdb\x00\x43\x00\x08\x06\x06\x07\x06\x05\x08\x07\
\x07\x07\x09\x09\x08\x0a\x0c\x14\x0d\x0c\x0b\x0b\x0c\x19\x12\x13\
\x0f\x14\x1d\x1a\x1f\x1e\x1d\x1a\x1c\x1c\x20\x24\x2e\x27\x20\x22\
\x2c\x23\x1c\x1c\x28\x37\x29\x2c\x30\x31\x34\x34\x34\x1f\x27\x39\
\x3d\x38\x32\x3c\x2e\x33\x34\x32\xff\xdb\x00\x43\x01\x09\x09\x09\
\x0c\x0b\x0c\x18\x0d\x0d\x18\x32\x21\x1c\x21\x32\x32\x32\x32\x32\
\x32\x32\x32\x32\x32\x32\x32\x32\x32\x32\x32\x32\x32\x32\x32\x32\
\x32\x32\x32\x32\x32\x32\x32\x32\x32\x32\x32\x32\x32\x32\x32\x32\
\x32\x32\x32\x32\x32\x32\x32\x32\x32\x32\x32\x32\x32\xff\xc0\x00\
\x11\x08\x00\x3c\x00\x78\x03\x01\x22\x00\x02\x11\x01\x03\x11\x01\
\xff\xc4\x00\x1f\x00\x00\x01\x05\x01\x01\x01\x01\x01\x01\x00\x00\
\x00\x00\x00\x00\x00\x00\x01\x02\x03\x04\x05\x06\x07\x08\x09\x0a\
\x0b\xff\xc4\x00\xb5\x10\x00\x02\x01\x03\x03\x02\x04\x03\x05\x05\
\x04\x04\x00\x00\x01\x7d\x01\x02\x03\x00\x04\x11\x05\x12\x21\x31\
\x41\x06\x13\x51\x61\x07\x22\x71\x14\x32\x81\x91\xa1\x08\x23\x42\
\xb1\xc1\x15\x52\xd1\xf0\x24\x33\x62\x72\x82\x09\x0a\x16\x17\x18\
\x19\x1a\x25\x26\x27\x28\x29\x2a\x34\x35\x36\x37\x38\x39\x3a\x43\
\x44\x45\x46\x47\x48\x49\x4a\x53\x54\x55\x56\x57\x58\x59\x5a\x63\
\x64\x65\x66\x67\x68\x69\x6a\x73\x74\x75\x76\x77\x78\x79\x7a\x83\
\x84\x85\x86\x87\x88\x89\x8a\x92\x93\x94\x95\x96\x97\x98\x99\x9a\
\xa2\xa3\xa4\xa5\xa6\xa7\xa8\xa9\xaa\xb2\xb3\xb4\xb5\xb6\xb7\xb8\
\xb9\xba\xc2\xc3\xc4\xc5\xc6\xc7\xc8\xc9\xca\xd2\xd3\xd4\xd5\xd6\
\xd7\xd8\xd9\xda\xe1\xe2\xe3\xe4\xe5\xe6\xe7\xe8\xe9\xea\xf1\xf2\
\xf3\xf4\xf5\xf6\xf7\xf8\xf9\xfa\xff\xc4\x00\x1f\x01\x00\x03\x01\
\x01\x01\x01\x01\x01\x01\x01\x01\x00\x00\x00\x00\x00\x00\x01\x02\
\x03\x04\x05\x06\x07\x08\x09\x0a\x0b\xff\xc4\x00\xb5\x11\x00\x02\
\x01\x02\x04\x04\x03\x04\x07\x05\x04\x04\x00\x01\x02\x77\x00\x01\
\x02\x03\x11\x04\x05\x21\x31\x06\x12\x41\x51\x07\x61\x71\x13\x22\
\x32\x81\x08\x14\x42\x91\xa1\xb1\xc1\x09\x23\x33\x52\xf0\x15\x62\
\x72\xd1\x0a\x16\x24\x34\xe1\x25\xf1\x17\x18\x19\x1a\x26\x27\x28\
\x29\x2a\x35\x36\x37\x38\x39\x3a\x43\x44\x45\x46\x47\x48\x49\x4a\
\x53\x54\x55\x56\x57\x58\x59\x5a\x63\x64\x65\x66\x67\x68\x69\x6a\
\x73\x74\x75\x76\x77\x78\x79\x7a\x82\x83\x84\x85\x86\x87\x88\x89\
\x8a\x92\x93\x94\x95\x96\x97\x98\x99\x9a\xa2\xa3\xa4\xa5\xa6\xa7\
\xa8\xa9\xaa\xb2\xb3\xb4\xb5\xb6\xb7\xb8\xb9\xba\xc2\xc3\xc4\xc5\
\xc6\xc7\xc8\xc9\xca\xd2\xd3\xd4\xd5\xd6\xd7\xd8\xd9\xda\xe2\xe3\
\xe4\xe5\xe6\xe7\xe8\xe9\xea\xf2\xf3\xf4\xf5\xf6\xf7\xf8\xf9\xfa\
\xff\xda\x00\x0c\x03\x01\x00\x02\x11\x03\x11\x00\x3f\x00\xe1\x17\
\xaf\x15\x26\x01\xeb\x50\x8f\x6a\x90\x74\xaf\xd7\x59\xe1\x31\xdb\
\x48\xe9\xcd\x2e\x4f\x71\x48\xad\x4e\xc5\x40\x84\xa3\x3c\xd0\x57\
\x3d\x29\xbd\x3d\x8d\x17\x01\x71\xe9\x5d\x55\xf7\x82\x2e\x6c\xbc\
\x3e\x35\x4f\xb5\xc3\x23\x2a\x09\x1e\x10\xa7\x2a\x0f\xbf\x7e\xb5\
\xd1\xd8\xe8\x7a\x5d\xbf\x81\x84\x93\xd8\xc5\x25\xe4\xb0\x79\x9e\
\x6b\x0f\x98\x31\xfb\xb8\x3d\xbb\x56\x86\xbc\x8f\x0f\x86\x6f\xbe\
\x7c\xed\x80\xae\x31\xed\x8a\xf9\x7c\x4e\x77\x27\x5a\x14\xe8\x7f\
\x35\x9d\xfa\xfa\x1d\xf4\xf0\xab\x95\xb9\xf6\xb9\xe4\x1c\xd3\x83\
\x0a\x66\x68\xaf\xaa\xb1\xc2\x48\x4f\x1c\x54\x64\xfb\x50\x18\xa9\
\xa4\x67\xcd\x09\x0e\xc3\x1a\x9b\x8c\xd3\xba\xd3\x95\x6a\x8a\x16\
\x24\x00\x72\x28\xa5\x61\xc7\x5a\x2a\x6d\x72\x6e\x19\xc7\x6a\x01\
\xe6\x9a\x79\x34\xa1\xa9\x80\xa4\xf3\xc5\x39\x5c\xd3\x71\x8e\xb4\
\x0e\xb4\x80\xf4\x6f\x07\xe9\x5a\x4e\xb1\xe1\x7b\x8b\x79\x6d\x63\
\x6b\xc6\x66\x5f\x3b\x1f\x3a\x9f\xe1\xc7\xb5\x70\x93\xda\xbc\x37\
\xcf\x6b\x28\xdb\x2a\x3e\xc6\x07\xb1\xce\x2b\x7f\xc0\x9a\x9b\x58\
\xeb\x3f\x67\x2d\x84\xb9\x1b\x79\xfe\xf0\xe9\xfd\x6b\xa2\xf1\x7f\
\x84\x6f\x35\x2d\x52\xde\xff\x00\x4d\x87\x7b\xcb\x85\x98\x02\x06\
\x08\xe8\xc6\xbe\x6b\xeb\x4f\x09\x8e\xa9\x4a\xb4\xbd\xd9\x6a\x9b\
\xd9\x1d\x7e\xcd\x54\xa4\xa5\x15\xaa\x3a\x3b\xc5\x48\x34\xbb\x6b\
\x52\x3f\x76\xbe\x5c\x63\xf0\xc5\x17\x96\xd6\x57\xfa\x6d\xc5\xad\
\xc5\xd4\x90\xf9\xa8\x54\xb6\x47\xe8\x0f\x5a\x96\xe2\xc5\x26\xb7\
\x09\x3c\xac\x36\xb2\xb0\xdb\xea\x0e\x6b\x87\xbb\x2d\x2e\xb2\x5a\
\x67\x6c\x06\xc6\x30\x48\xaf\x87\x95\x49\xa9\xf3\x27\x66\x9d\xcf\
\x52\x31\x8d\x9a\x67\x27\xac\x69\x2d\xa5\xcc\xbb\x66\x59\xa0\x90\
\x13\x14\xab\xc6\xe1\xee\x3b\x1a\xcb\x24\x83\x5d\xa6\xb7\xa6\x63\
\x44\x97\x6a\x1f\xf4\x79\x7c\xc5\x27\xa9\x53\xfe\x45\x71\xa5\x41\
\x15\xfa\x4e\x4f\x8d\x78\xbc\x32\x9c\xbe\x25\xa3\x3c\x8c\x45\x25\
\x4e\xa7\x2a\xd8\x6e\xff\x00\x5a\x50\xe0\xfa\x54\x7b\x79\xe6\x9c\
\x22\x53\xd1\x8d\x7a\xc6\x36\x43\xfa\xf4\xa7\x03\x8a\x45\x8b\x6f\
\x7a\x76\x70\x29\x08\x09\xc8\xa2\xa3\x66\x34\x51\x60\xb0\x6e\xa0\
\xfb\x52\x63\x14\x06\xc7\x6a\x60\x28\x24\xd0\x73\x9a\x33\xed\x4a\
\x4d\x00\x5d\xd2\x1d\x97\x57\xb2\xed\xfb\xf4\xfe\x62\xbd\xf5\xe5\
\x6f\x2c\x6d\x4c\x0c\x7a\xd7\xcf\xda\x63\x0f\xed\x6b\x3e\x71\xfb\
\xe4\xe7\xf1\x15\xf4\x04\x25\x24\x85\x79\xcd\x7c\x4f\x15\xaf\xde\
\x43\xd1\x9e\x86\x0b\x44\xca\x73\xa7\x98\xb8\x63\x83\xe8\xbc\x93\
\x5c\xf5\xfe\x98\xb1\xdd\x33\x8f\x95\xcf\x24\x1a\xe9\xe4\x96\x38\
\x03\x36\x39\x1c\x0a\xc4\xba\x9a\x39\xd9\x99\x86\x09\xeb\x5f\x23\
\x6b\x9d\xd7\x28\x6a\x62\x21\xe1\xcb\xb6\x98\x65\x84\x2c\x33\x9c\
\x76\xe2\xbc\x97\x35\xde\x78\x9e\xed\xa0\xd2\x66\x8b\x71\xc4\xa4\
\x20\xfc\xf3\xfd\x2b\x81\x27\x9a\xfb\xee\x17\xa4\xe3\x86\x94\xdf\
\x57\xf9\x1e\x6e\x32\x57\x9a\x42\x9a\x61\x62\xa7\x22\x93\x76\x29\
\x85\xab\xe9\xce\x64\x8b\x0b\x36\x69\x49\xf4\xaa\xbd\x39\x14\xe1\
\x29\xc5\x2b\x0b\x97\xb0\xf6\x3e\xb4\x54\x4e\x49\xa2\x9d\xc7\x62\
\x7c\x2d\x18\x03\xd6\x85\xe9\x4a\x68\x20\x72\x91\x43\x0a\x6e\x69\
\x49\x34\x80\x6a\xb1\x8e\x45\x75\xe0\xa9\x04\x57\xb5\x78\x77\x55\
\x7b\xad\x2e\x0b\x9c\x12\xb2\x2e\x70\x3b\x1e\xf5\xe2\xad\xd2\xbd\
\xaf\xe1\xf5\x8d\xba\xf8\x42\xd6\x52\x9b\x9d\x8b\x12\x5b\x9e\xe6\
\xbe\x57\x8a\xa9\x45\xe1\xe1\x53\xaa\x76\xfb\xce\xdc\x1c\xad\x26\
\x89\xb5\x19\x64\x58\x1a\x45\x43\xb4\x9c\xf3\x5c\x9d\xd6\xa0\xfb\
\xc8\x5d\xc1\xbd\x2b\xb7\xd5\xd1\x4e\xc8\xc2\x80\xa7\xae\x38\xac\
\x99\x2c\x2d\x95\x49\x11\x0c\xd7\xc3\x45\xd9\x9d\xef\x63\xce\x3c\
\x4d\x77\x2c\x91\x41\x0b\xf0\x72\x5f\x1e\xd5\xce\xee\xc0\xf7\xad\
\x7f\x13\x7f\xc8\x6e\xe1\x7b\x29\x0a\x3e\x98\xac\x67\xe9\x5f\xa8\
\xe4\xf4\x55\x3c\x1c\x12\xea\xaf\xf7\x9e\x55\x67\xcd\x36\x05\xbd\
\x79\xa8\xdd\xe9\xa4\x9c\xd2\x49\xd2\xbd\x19\x32\x52\x15\x5f\xb5\
\x38\x9e\x38\xaa\x4e\xc5\x5b\x83\x4f\x59\x1b\xd6\xa1\x48\xab\x13\
\x33\x91\x45\x47\xb8\x9e\xb4\x55\x5c\x0f\xff\xd9\
\x00\x00\x05\x28\
\xff\
\xd8\xff\xe0\x00\x10\x4a\x46\x49\x46\x00\x01\x01\x00\x00\x01\x00\
\x01\x00\x00\xff\xdb\x00\x43\x00\x08\x06\x06\x07\x06\x05\x08\x07\
\x07\x07\x09\x09\x08\x0a\x0c\x14\x0d\x0c\x0b\x0b\x0c\x19\x12\x13\
\x0f\x14\x1d\x1a\x1f\x1e\x1d\x1a\x1c\x1c\x20\x24\x2e\x27\x20\x22\
\x2c\x23\x1c\x1c\x28\x37\x29\x2c\x30\x31\x34\x34\x34\x1f\x27\x39\
\x3d\x38\x32\x3c\x2e\x33\x34\x32\xff\xdb\x00\x43\x01\x09\x09\x09\
\x0c\x0b\x0c\x18\x0d\x0d\x18\x32\x21\x1c\x21\x32\x32\x32\x32\x32\
\x32\x32\x32\x32\x32\x32\x32\x32\x32\x32\x32\x32\x32\x32\x32\x32\
\x32\x32\x32\x32\x32\x32\x32\x32\x32\x32\x32\x32\x32\x32\x32\x32\
\x32\x32\x32\x32\x32\x32\x32\x32\x32\x32\x32\x32\x32\xff\xc0\x00\
\x11\x08\x00\x3c\x00\x78\x03\x01\x22\x00\x02\x11\x01\x03\x11\x01\
\xff\xc4\x00\x1f\x00\x00\x01\x05\x01\x01\x01\x01\x01\x01\x00\x00\
\x00\x00\x00\x00\x00\x00\x01\x02\x03\x04\x05\x06\x07\x08\x09\x0a\
\x0b\xff\xc4\x00\xb5\x10\x00\x02\x01\x03\x03\x02\x04\x03\x05\x05\
\x04\x04\x00\x00\x01\x7d\x01\x02\x03\x00\x04\x11\x05\x12\x21\x31\
\x41\x06\x13\x51\x61\x07\x22\x71\x14\x32\x81\x91\xa1\x08\x23\x42\
\xb1\xc1\x15\x52\xd1\xf0\x24\x33\x62\x72\x82\x09\x0a\x16\x17\x18\
\x19\x1a\x25\x26\x27\x28\x29\x2a\x34\x35\x36\x37\x38\x39\x3a\x43\
\x44\x45\x46\x47\x48\x49\x4a\x53\x54\x55\x56\x57\x58\x59\x5a\x63\
\x64\x65\x66\x67\x68\x69\x6a\x73\x74\x75\x76\x77\x78\x79\x7a\x83\
\x84\x85\x86\x87\x88\x89\x8a\x92\x93\x94\x95\x96\x97\x98\x99\x9a\
\xa2\xa3\xa4\xa5\xa6\xa7\xa8\xa9\xaa\xb2\xb3\xb4\xb5\xb6\xb7\xb8\
\xb9\xba\xc2\xc3\xc4\xc5\xc6\xc7\xc8\xc9\xca\xd2\xd3\xd4\xd5\xd6\
\xd7\xd8\xd9\xda\xe1\xe2\xe3\xe4\xe5\xe6\xe7\xe8\xe9\xea\xf1\xf2\
\xf3\xf4\xf5\xf6\xf7\xf8\xf9\xfa\xff\xc4\x00\x1f\x01\x00\x03\x01\
\x01\x01\x01\x01\x01\x01\x01\x01\x00\x00\x00\x00\x00\x00\x01\x02\
\x03\x04\x05\x06\x07\x08\x09\x0a\x0b\xff\xc4\x00\xb5\x11\x00\x02\
\x01\x02\x04\x04\x03\x04\x07\x05\x04\x04\x00\x01\x02\x77\x00\x01\
\x02\x03\x11\x04\x05\x21\x31\x06\x12\x41\x51\x07\x61\x71\x13\x22\
\x32\x81\x08\x14\x42\x91\xa1\xb1\xc1\x09\x23\x33\x52\xf0\x15\x62\
\x72\xd1\x0a\x16\x24\x34\xe1\x25\xf1\x17\x18\x19\x1a\x26\x27\x28\
\x29\x2a\x35\x36\x37\x38\x39\x3a\x43\x44\x45\x46\x47\x48\x49\x4a\
\x53\x54\x55\x56\x57\x58\x59\x5a\x63\x64\x65\x66\x67\x68\x69\x6a\
\x73\x74\x75\x76\x77\x78\x79\x7a\x82\x83\x84\x85\x86\x87\x88\x89\
\x8a\x92\x93\x94\x95\x96\x97\x98\x99\x9a\xa2\xa3\xa4\xa5\xa6\xa7\
\xa8\xa9\xaa\xb2\xb3\xb4\xb5\xb6\xb7\xb8\xb9\xba\xc2\xc3\xc4\xc5\
\xc6\xc7\xc8\xc9\xca\xd2\xd3\xd4\xd5\xd6\xd7\xd8\xd9\xda\xe2\xe3\
\xe4\xe5\xe6\xe7\xe8\xe9\xea\xf2\xf3\xf4\xf5\xf6\xf7\xf8\xf9\xfa\
\xff\xda\x00\x0c\x03\x01\x00\x02\x11\x03\x11\x00\x3f\x00\xf1\xd2\
\x29\x41\xa4\x3c\x9e\x69\x78\x15\xfa\x12\x38\x87\x74\xa7\x75\xa6\
\xf1\x8a\x40\xd8\xad\x13\xb1\x36\x1f\x8a\x6f\x4a\x5d\xd4\x66\x9e\
\x80\x6c\x78\x67\x43\xfe\xde\xd5\x3e\xce\xd2\x18\xa0\x45\x2f\x2b\
\x81\xc8\x1e\xd5\x06\xbd\xa7\xc5\xa5\x6b\x13\xd9\xc3\x23\x49\x12\
\x11\xb5\x9b\xae\x08\xef\x5d\x57\xc3\xd8\x22\x58\x2f\xee\x24\x3d\
\x4a\xa0\x1f\x99\x3f\xce\xb9\xdf\x17\x00\x3c\x45\x39\x5c\x6c\x21\
\x48\xc7\xd2\xbc\x98\x62\xe7\x2c\x7c\xa8\xdf\xdd\x4b\xf1\xd0\xdb\
\x91\x7b\x34\xcc\x4a\x4a\x3b\xd2\x11\x8a\xf4\xdb\x33\x14\xd2\x72\
\x0d\x37\x34\x6e\xa8\x72\x43\xb0\xa4\x9a\x4c\x51\xba\x8e\x0d\x43\
\x69\x8c\x31\x45\x3b\x06\x8a\x7c\xa0\x03\xa5\x03\xad\x26\x47\xbd\
\x2f\x6a\xa4\x48\xef\xa5\x21\xa4\x04\x8a\x09\xaa\xb8\x58\x5a\x07\
\x26\x9b\xbb\x15\xaf\xa7\xf8\x7b\x56\xd5\x20\x13\x5a\x58\x4b\x24\
\x47\xa3\xf4\x53\xf8\x9a\x89\x54\x84\x55\xe4\xec\xbc\xc2\xcc\xed\
\x3c\x07\x66\x7f\xb0\xa6\x99\xd0\xe2\x49\xce\xd3\xf4\x00\x57\x1f\
\xe2\xa2\x7f\xe1\x22\xb9\x5c\x70\xb8\x03\x3f\x4a\xf5\x6d\x22\xcf\
\xfb\x33\x44\xb4\xb3\xea\xd1\xa0\xdd\x81\xfc\x5d\x4f\xeb\x59\xfa\
\xaf\x84\xb4\xbd\x62\x46\x9a\xe1\x9e\x1b\x8c\x7f\xac\x8b\xbf\xd4\
\x1a\xf9\x6a\x18\xea\x70\xc7\x4e\xb4\xf6\x77\x3a\x9c\x1b\xa6\x92\
\x3c\x80\x93\x4d\x26\xaf\xea\xda\x73\xe9\x7a\x84\x96\xcc\x77\x05\
\x3f\x2b\xe3\x01\x87\xad\x67\x1a\xfa\x7f\x6a\xa5\x15\x38\xbb\xa6\
\x73\x25\xad\x98\xb8\xa4\xc5\x28\xa2\x8d\x25\xa8\xf6\x00\xa0\xd3\
\x82\x8a\x65\x38\x35\x34\xe2\xb7\x41\xa8\xea\x29\xb9\xa2\x9b\x90\
\xac\x25\x14\x0a\x0e\x4d\x08\x07\x0a\x33\x4d\xa5\xaa\xb8\x06\x32\
\x40\xaf\x72\xd3\x63\x4b\x5d\x06\xce\xda\x33\xc2\x46\xa0\xe3\xd7\
\x1c\xd7\x85\x9a\xf6\x2f\x06\xdf\xa6\xa1\xa5\x5b\x8d\xdb\x9d\x10\
\x2b\x7d\x47\x15\xe0\x67\x89\xfb\x38\xb5\xb5\xcd\xa9\x6e\x6e\xc4\
\xe0\x9f\xbb\x8a\x2e\x08\x48\xe4\x6f\x6a\xd4\x4b\x34\x64\xe9\x8a\
\xcf\xd4\x62\x08\xbb\x73\x91\xde\xbe\x6a\xe6\xe7\x1f\xad\x59\x2d\
\xee\x9c\xf6\xac\x55\x77\x7d\xd6\x23\x3b\x4f\xad\x79\x64\x83\x6c\
\x8c\x84\x82\x54\x91\xc5\x7a\xd6\xac\xc6\x1b\x69\x26\x3d\x55\x09\
\x02\xbc\x80\xb1\x2c\x4f\xa9\xcd\x7b\xb9\x55\x59\x46\x32\x8f\x43\
\x29\xad\x47\x83\x4f\x06\xa2\x06\xa4\x04\x57\xbd\x4a\x77\x32\x68\
\x5a\x6d\x3b\x34\x99\xad\x25\x61\x20\x06\x8a\x43\x45\x64\xe4\xd0\
\xc0\x1a\x70\xa6\xd2\xe6\xb5\x83\xee\x26\x29\xa4\xef\x45\x25\x54\
\x98\x90\xb9\xae\xaf\xe1\xd4\xf7\x2b\xe2\xc8\x2d\xe2\x24\xc5\x20\
\x6f\x31\x7b\x60\x0e\xb5\xca\x57\xa7\x7c\x22\xb3\x85\xa5\xbe\xbb\
\x2b\x99\x94\xac\x60\xfa\x0e\xb5\xe6\xe6\x72\x4b\x0f\x26\xd1\x70\
\xdc\xf5\x53\xb5\x23\xc7\x4e\x2b\x22\xed\x16\x46\x3e\xbe\xf5\xa7\
\x70\x48\x06\xb0\xef\x9d\x86\xe2\x0d\x7c\x79\xd0\x70\x5f\x10\x2f\
\xfe\xc3\x62\x96\xd1\x9c\x4b\x31\x20\xff\x00\xbb\x5e\x68\xbd\x2b\
\xab\xf8\x81\x71\x24\xba\xac\x08\xe4\x10\x88\x48\xfc\x4d\x72\x83\
\xa5\x7d\x06\x5b\x14\xa1\x73\x29\x01\x14\xa1\xa9\x28\x15\xe9\x27\
\x67\xa1\x24\x99\xa4\x26\x9a\x29\x4d\x6c\xe5\x74\x48\x85\xa8\xa4\
\x34\x56\x0e\x4c\xa3\xff\xd9\
\x00\x00\x06\xfd\
\xff\
\xd8\xff\xe0\x00\x10\x4a\x46\x49\x46\x00\x01\x01\x00\x00\x01\x00\
\x01\x00\x00\xff\xdb\x00\x43\x00\x08\x06\x06\x07\x06\x05\x08\x07\
\x07\x07\x09\x09\x08\x0a\x0c\x14\x0d\x0c\x0b\x0b\x0c\x19\x12\x13\
\x0f\x14\x1d\x1a\x1f\x1e\x1d\x1a\x1c\x1c\x20\x24\x2e\x27\x20\x22\
\x2c\x23\x1c\x1c\x28\x37\x29\x2c\x30\x31\x34\x34\x34\x1f\x27\x39\
\x3d\x38\x32\x3c\x2e\x33\x34\x32\xff\xdb\x00\x43\x01\x09\x09\x09\
\x0c\x0b\x0c\x18\x0d\x0d\x18\x32\x21\x1c\x21\x32\x32\x32\x32\x32\
\x32\x32\x32\x32\x32\x32\x32\x32\x32\x32\x32\x32\x32\x32\x32\x32\
\x32\x32\x32\x32\x32\x32\x32\x32\x32\x32\x32\x32\x32\x32\x32\x32\
\x32\x32\x32\x32\x32\x32\x32\x32\x32\x32\x32\x32\x32\xff\xc0\x00\
\x11\x08\x00\x3c\x00\x78\x03\x01\x22\x00\x02\x11\x01\x03\x11\x01\
\xff\xc4\x00\x1f\x00\x00\x01\x05\x01\x01\x01\x01\x01\x01\x00\x00\
\x00\x00\x00\x00\x00\x00\x01\x02\x03\x04\x05\x06\x07\x08\x09\x0a\
\x0b\xff\xc4\x00\xb5\x10\x00\x02\x01\x03\x03\x02\x04\x03\x05\x05\
\x04\x04\x00\x00\x01\x7d\x01\x02\x03\x00\x04\x11\x05\x12\x21\x31\
\x41\x06\x13\x51\x61\x07\x22\x71\x14\x32\x81\x91\xa1\x08\x23\x42\
\xb1\xc1\x15\x52\xd1\xf0\x24\x33\x62\x72\x82\x09\x0a\x16\x17\x18\
\x19\x1a\x25\x26\x27\x28\x29\x2a\x34\x35\x36\x37\x38\x39\x3a\x43\
\x44\x45\x46\x47\x48\x49\x4a\x53\x54\x55\x56\x57\x58\x59\x5a\x63\
\x64\x65\x66\x67\x68\x69\x6a\x73\x74\x75\x76\x77\x78\x79\x7a\x83\
\x84\x85\x86\x87\x88\x89\x8a\x92\x93\x94\x95\x96\x97\x98\x99\x9a\
\xa2\xa3\xa4\xa5\xa6\xa7\xa8\xa9\xaa\xb2\xb3\xb4\xb5\xb6\xb7\xb8\
\xb9\xba\xc2\xc3\xc4\xc5\xc6\xc7\xc8\xc9\xca\xd2\xd3\xd4\xd5\xd6\
\xd7\xd8\xd9\xda\xe1\xe2\xe3\xe4\xe5\xe6\xe7\xe8\xe9\xea\xf1\xf2\
\xf3\xf4\xf5\xf6\xf7\xf8\xf9\xfa\xff\xc4\x00\x1f\x01\x00\x03\x01\
\x01\x01\x01\x01\x01\x01\x01\x01\x00\x00\x00\x00\x00\x00\x01\x02\
\x03\x04\x05\x06\x07\x08\x09\x0a\x0b\xff\xc4\x00\xb5\x11\x00\x02\
\x01\x02\x04\x04\x03\x04\x07\x05\x04\x04\x00\x01\x02\x77\x00\x01\
\x02\x03\x11\x04\x05\x21\x31\x06\x12\x41\x51\x07\x61\x71\x13\x22\
\x32\x81\x08\x14\x42\x91\xa1\xb1\xc1\x09\x23\x33\x52\xf0\x15\x62\
\x72\xd1\x0a\x16\x24\x34\xe1\x25\xf1\x17\x18\x19\x1a\x26\x27\x28\
\x29\x2a\x35\x36\x37\x38\x39\x3a\x43\x44\x45\x46\x47\x48\x49\x4a\
\x53\x54\x55\x56\x57\x58\x59\x5a\x63\x64\x65\x66\x67\x68\x69\x6a\
\x73\x74\x75\x76\x77\x78\x79\x7a\x82\x83\x84\x85\x86\x87\x88\x89\
\x8a\x92\x93\x94\x95\x96\x97\x98\x99\x9a\xa2\xa3\xa4\xa5\xa6\xa7\
\xa8\xa9\xaa\xb2\xb3\xb4\xb5\xb6\xb7\xb8\xb9\xba\xc2\xc3\xc4\xc5\
\xc6\xc7\xc8\xc9\xca\xd2\xd3\xd4\xd5\xd6\xd7\xd8\xd9\xda\xe2\xe3\
\xe4\xe5\xe6\xe7\xe8\xe9\xea\xf2\xf3\xf4\xf5\xf6\xf7\xf8\xf9\xfa\
\xff\xda\x00\x0c\x03\x01\x00\x02\x11\x03\x11\x00\x3f\x00\xe0\x42\
\x8c\x71\xc5\x2f\x23\xa8\xa4\x04\x9e\x94\xf0\x73\xd6\xbf\x5e\x3c\
\x56\x28\x60\x45\x14\x05\x1d\xa9\x71\xc5\x21\x0b\xd6\x8a\x4e\xb4\
\x03\xd8\xd2\x01\x41\xa6\x93\xcd\x69\x69\xfa\x16\xa9\xab\x60\xd8\
\xd8\x4f\x38\xce\x37\xa2\x7c\xbf\x9f\x4a\xde\x3f\x0e\x35\xd5\xb4\
\x69\xa5\xfb\x2c\x6e\x17\x22\x26\x97\x2c\x7f\x21\x8f\xd6\xb9\x2a\
\x63\x70\xf4\x9d\xa7\x34\x9f\xa9\x71\xa7\x39\x6c\x8e\x44\x35\x2f\
\xe3\x4d\x23\x04\x83\xc1\x14\x99\x22\xba\xc8\xb0\xac\x06\x71\x51\
\x92\x01\xad\xb8\x3c\x35\xa9\xdc\xe8\x72\xeb\x0b\x6f\x8b\x48\xf3\
\x97\x66\x00\x90\x3a\x90\x3b\xd6\x2b\x8c\x56\x54\xaa\xc2\xa3\x6a\
\x2e\xf6\xd1\xfa\x97\xca\xd6\xe4\x4d\xd6\x98\x46\x6a\x43\x48\x17\
\x9a\xe9\x18\xc4\x84\x31\xe4\x51\x53\x8f\x97\x9c\x51\x52\x2b\xb1\
\xa3\x83\xc1\xa7\x1e\x39\xa6\x2f\xae\x69\xdd\x78\xa6\x22\x45\x71\
\x4f\xdc\x2a\xb8\xe0\xd6\x96\x8b\xa4\x5c\xeb\x57\xe9\x6b\x6c\xbe\
\xee\xe7\xa2\x2f\xa9\xac\x6a\xce\x34\xe2\xe7\x37\x64\x83\x96\xee\
\xc8\x76\x9d\xa5\x5e\x6a\xd7\x42\xde\xc6\x06\x96\x43\xd7\x1c\x05\
\x1e\xa4\xf4\x02\xbb\x2b\x2f\x05\x58\xe9\x20\x5c\xeb\x57\x09\x72\
\xeb\xc8\xb7\x88\xfc\x80\xfb\xb7\x7a\xdb\x8a\x2b\x5d\x0f\x4f\x5b\
\x2b\x23\xb5\x57\xef\xbf\xf1\x48\x7d\x4d\x63\x5e\x2d\xee\xac\xde\
\x5a\xb2\xa4\x59\xe4\x93\xd6\xbe\x1f\x30\xe2\x0a\xd5\x5b\x85\x0f\
\x76\x3d\xfa\xbf\xf2\x3d\x0a\x38\x58\xad\x67\xb9\x3c\x9e\x3a\x7d\
\x3e\x4f\x2e\xd0\x22\xdb\xaf\x01\x40\xc2\xa8\xf4\x02\xb9\xed\x67\
\xc6\x97\xda\x80\x64\x84\xf9\x6a\x7f\x8b\xbf\xe1\x5d\x04\x5e\x12\
\xd1\x4a\xa3\x5e\xbc\xec\x40\xe5\x63\x90\x01\xfc\xaa\xc0\xb7\xf0\
\xae\x99\x8d\x9a\x5c\x32\x91\xfc\x53\xb9\x73\xf9\x1e\x2b\x9b\x09\
\x5f\x01\x41\x2a\x95\x54\xa7\x3e\xdd\x3f\xe0\x9a\x54\x55\x25\xa4\
\x2c\x91\xe5\xc3\x73\x36\x00\x24\x9e\xc2\xba\x6f\x0e\x78\x36\xff\
\x00\x5b\xba\x06\xe2\x37\xb4\xb3\x42\x0c\x92\xca\xa5\x49\x1e\x8a\
\x0f\x53\x5d\x52\xf8\xcb\x4e\xb2\x73\x1e\x9d\xa6\xc0\xb3\x76\x16\
\xf0\x0c\xfe\x82\xb3\xaf\x3c\x55\xae\x5c\x39\x72\xf0\xdb\x27\xfd\
\x35\x70\xcd\xf9\x0c\xd7\xa1\x89\xe2\x59\xce\x0e\x34\x61\xca\xfb\
\xb7\xfa\x19\x43\x06\xaf\x79\x33\xb6\x99\x6d\x6e\x96\x2d\x0e\x38\
\xf7\xd8\x22\x05\x95\x46\x47\xc8\x07\xa8\xaf\x1c\xf1\x36\x99\x1e\
\x93\xaf\xdd\x5a\x40\x7f\x70\xad\x98\xf9\xcf\xca\x79\x15\xdf\x5b\
\x78\xa6\xd3\x4c\xd1\x25\x94\xcc\xaf\x70\xdc\xb9\xee\xc7\xe9\xe9\
\x5e\x63\xa8\x6a\x32\xea\x37\xf2\xdd\xca\x3e\x69\x1b\x38\xf4\x15\
\x5c\x32\xab\xca\xac\xe5\x7f\x77\xaf\xa8\xf1\x4a\x36\x4b\xa9\x06\
\x29\xc0\x53\x54\xee\xa7\x63\xd0\xd7\xda\xb3\x80\x71\x34\x53\x0b\
\x0a\x2a\x6c\x03\x33\x8a\x70\x61\x8e\x05\x34\x73\xd6\x80\x31\x56\
\x01\x9c\x1a\xf5\x1f\x04\xe9\xf2\x5a\xf8\x71\xae\x9d\x76\x35\xcb\
\xee\x1e\xac\xa3\x81\xf8\x75\xae\x2b\xc2\xfe\x1e\x97\xc4\x5a\xc2\
\x5b\xa8\x22\xdd\x3e\x69\xa4\x1f\xc2\xbf\xe2\x6b\xd9\xee\xad\xa0\
\x82\xda\x3b\x78\x94\x24\x71\x28\x54\x51\xd8\x0a\xf9\x1e\x26\xc7\
\x46\x30\x58\x68\xee\xf5\x7e\x87\x5e\x16\x9d\xdf\x33\x38\xbd\x50\
\xcd\x0a\x34\x99\x0e\xc4\xfd\xd1\x58\x1f\xdb\x17\x2a\x76\x84\x20\
\xd7\x4b\xab\xdc\xc7\x00\x6d\xc4\x11\xef\x5c\x36\xa7\xad\x44\xa4\
\xac\x6c\xa9\xeb\xb7\xa9\xff\x00\x0a\xf8\xda\x51\x72\x76\x48\xee\
\x65\xcb\x8d\x5a\x70\xa7\xcf\xb9\xf2\x97\xfb\xab\xf7\x8d\x63\x5d\
\x6a\x46\x4c\xac\x4c\xe0\x7a\x93\xcd\x65\xcb\x76\xf2\x12\x51\x5b\
\x9e\xe7\xbf\xe3\x51\x79\x72\x48\x30\xd2\x6d\x1e\x8b\x5e\xce\x1f\
\x28\xc4\x56\xd5\x43\xf4\x31\x75\x63\x1e\xa5\xd8\x67\x70\xdb\x2d\
\xd4\xee\x63\xc9\x27\xaf\xe1\x57\x26\x8a\xed\x2d\xcb\xcc\x26\xdb\
\xfe\xee\xd1\xfa\xe2\xb3\x61\x56\xb7\x39\x8a\x67\x53\xea\x0d\x2c\
\x97\x6f\x8d\xb2\x4c\xef\xce\x7e\x63\x9a\xef\xa5\xc3\xb5\xe5\x51\
\x7b\x4b\x28\xf5\xd7\x52\x1e\x26\x36\xd0\x7b\xba\xe0\x6c\x42\xbe\
\xb9\x39\x26\x95\x18\x37\x51\x50\x07\x0d\xd2\x82\x76\xf3\x5f\x61\
\x86\xc3\x53\xc3\xd2\x54\xe9\xec\x8e\x39\xb7\x37\x76\x59\x20\x53\
\x49\xa8\x92\x5c\xd2\x96\xae\x8b\x11\x60\x63\x8a\x2a\x26\x94\x03\
\xc9\xa2\x8b\xa1\xd8\x90\x37\xbd\x5b\xd3\xec\x6e\x75\x3b\xd8\xad\
\x2d\x63\x32\x4d\x2b\x60\x01\xfc\xfe\x95\x4c\x1e\x3a\x0a\xf6\x1f\
\x85\x5a\x65\xa2\x69\x1f\xda\x22\x3c\xdd\x4b\x21\x8c\xb9\xec\xbe\
\x83\xd2\xbc\xec\xcb\x19\xf5\x3c\x3b\xa9\x6b\xb2\xe9\xc3\x9a\x56\
\x3a\x5f\x0d\xf8\x7e\xdf\xc3\x7a\x3a\xdb\x47\x86\x95\xbe\x69\xa4\
\xc7\x2e\xdf\xe1\x50\x6a\xb7\x41\x77\x73\x5b\xd3\xf7\xae\x37\x5f\
\x76\x1e\x66\x0f\x6a\xfc\xc6\xb5\x59\xd6\xa8\xea\x54\x77\x6c\xf4\
\xe2\x94\x55\x91\xc2\x78\x9e\xf7\x78\x90\x03\xc8\xe3\xad\x71\x83\
\x68\x6d\xc4\x64\x9e\xe6\xb4\x35\x49\xa4\x96\xe4\x87\x62\x46\xea\
\xa1\xde\xbe\xf7\x21\xc0\x53\xa7\x87\x55\x64\x93\x72\xfc\x0e\x1a\
\xf5\x1b\x95\x87\x6e\xcd\x28\x18\xa6\xad\x23\x31\x1d\x2b\xe8\xce\
\x71\xce\x40\x5e\x6a\x8c\x99\x79\x38\x14\xe9\x5d\xbd\x6a\x38\xfe\
\xf9\xac\x2a\x3b\xbb\x16\x95\x8b\x31\x06\x03\xa5\x4e\xc3\xe5\xa6\
\x47\xd0\x53\xe4\x27\x69\xad\xa3\xa2\x27\xa9\x00\xc8\x3c\x50\xee\
\xd8\xa4\x5e\xa6\x99\x29\x3b\x6a\x1b\xd0\xae\xa5\x79\x19\x81\xea\
\x28\xa8\x64\x63\x45\x71\xca\x5a\x97\x63\xff\xd9\
\x00\x00\x05\x8d\
\xff\
\xd8\xff\xe0\x00\x10\x4a\x46\x49\x46\x00\x01\x01\x00\x00\x01\x00\
\x01\x00\x00\xff\xdb\x00\x43\x00\x08\x06\x06\x07\x06\x05\x08\x07\
\x07\x07\x09\x09\x08\x0a\x0c\x14\x0d\x0c\x0b\x0b\x0c\x19\x12\x13\
\x0f\x14\x1d\x1a\x1f\x1e\x1d\x1a\x1c\x1c\x20\x24\x2e\x27\x20\x22\
\x2c\x23\x1c\x1c\x28\x37\x29\x2c\x30\x31\x34\x34\x34\x1f\x27\x39\
\x3d\x38\x32\x3c\x2e\x33\x34\x32\xff\xdb\x00\x43\x01\x09\x09\x09\
\x0c\x0b\x0c\x18\x0d\x0d\x18\x32\x21\x1c\x21\x32\x32\x32\x32\x32\
\x32\x32\x32\x32\x32\x32\x32\x32\x32\x32\x32\x32\x32\x32\x32\x32\
\x32\x32\x32\x32\x32\x32\x32\x32\x32\x32\x32\x32\x32\x32\x32\x32\
\x32\x32\x32\x32\x32\x32\x32\x32\x32\x32\x32\x32\x32\xff\xc0\x00\
\x11\x08\x00\x3c\x00\x78\x03\x01\x22\x00\x02\x11\x01\x03\x11\x01\
\xff\xc4\x00\x1f\x00\x00\x01\x05\x01\x01\x01\x01\x01\x01\x00\x00\
\x00\x00\x00\x00\x00\x00\x01\x02\x03\x04\x05\x06\x07\x08\x09\x0a\
\x0b\xff\xc4\x00\xb5\x10\x00\x02\x01\x03\x03\x02\x04\x03\x05\x05\
\x04\x04\x00\x00\x01\x7d\x01\x02\x03\x00\x04\x11\x05\x12\x21\x31\
\x41\x06\x13\x51\x61\x07\x22\x71\x14\x32\x81\x91\xa1\x08\x23\x42\
\xb1\xc1\x15\x52\xd1\xf0\x24\x33\x62\x72\x82\x09\x0a\x16\x17\x18\
\x19\x1a\x25\x26\x27\x28\x29\x2a\x34\x35\x36\x37\x38\x39\x3a\x43\
\x44\x45\x46\x47\x48\x49\x4a\x53\x54\x55\x56\x57\x58\x59\x5a\x63\
\x64\x65\x66\x67\x68\x69\x6a\x73\x74\x75\x76\x77\x78\x79\x7a\x83\
\x84\x85\x86\x87\x88\x89\x8a\x92\x93\x94\x95\x96\x97\x98\x99\x9a\
\xa2\xa3\xa4\xa5\xa6\xa7\xa8\xa9\xaa\xb2\xb3\xb4\xb5\xb6\xb7\xb8\
\xb9\xba\xc2\xc3\xc4\xc5\xc6\xc7\xc8\xc9\xca\xd2\xd3\xd4\xd5\xd6\
\xd7\xd8\xd9\xda\xe1\xe2\xe3\xe4\xe5\xe6\xe7\xe8\xe9\xea\xf1\xf2\
\xf3\xf4\xf5\xf6\xf7\xf8\xf9\xfa\xff\xc4\x00\x1f\x01\x00\x03\x01\
\x01\x01\x01\x01\x01\x01\x01\x01\x00\x00\x00\x00\x00\x00\x01\x02\
\x03\x04\x05\x06\x07\x08\x09\x0a\x0b\xff\xc4\x00\xb5\x11\x00\x02\
\x01\x02\x04\x04\x03\x04\x07\x05\x04\x04\x00\x01\x02\x77\x00\x01\
\x02\x03\x11\x04\x05\x21\x31\x06\x12\x41\x51\x07\x61\x71\x13\x22\
\x32\x81\x08\x14\x42\x91\xa1\xb1\xc1\x09\x23\x33\x52\xf0\x15\x62\
\x72\xd1\x0a\x16\x24\x34\xe1\x25\xf1\x17\x18\x19\x1a\x26\x27\x28\
\x29\x2a\x35\x36\x37\x38\x39\x3a\x43\x44\x45\x46\x47\x48\x49\x4a\
\x53\x54\x55\x56\x57\x58\x59\x5a\x63\x64\x65\x66\x67\x68\x69\x6a\
\x73\x74\x75\x76\x77\x78\x79\x7a\x82\x83\x84\x85\x86\x87\x88\x89\
\x8a\x92\x93\x94\x95\x96\x97\x98\x99\x9a\xa2\xa3\xa4\xa5\xa6\xa7\
\xa8\xa9\xaa\xb2\xb3\xb4\xb5\xb6\xb7\xb8\xb9\xba\xc2\xc3\xc4\xc5\
\xc6\xc7\xc8\xc9\xca\xd2\xd3\xd4\xd5\xd6\xd7\xd8\xd9\xda\xe2\xe3\
\xe4\xe5\xe6\xe7\xe8\xe9\xea\xf2\xf3\xf4\xf5\xf6\xf7\xf8\xf9\xfa\
\xff\xda\x00\x0c\x03\x01\x00\x02\x11\x03\x11\x00\x3f\x00\xf1\xd3\
\x8e\xd4\x80\xd2\x90\x49\xa4\xef\x5f\xa0\x58\xe2\x1e\x39\xed\x41\
\x18\xe9\x4d\x07\x34\xa0\xe2\xad\x58\x42\xe4\xd1\x47\x5a\x51\xc1\
\x07\x00\xe3\xb1\xef\x4f\x50\x15\x11\xe5\x75\x48\xd1\x9d\xc9\xc0\
\x55\x19\x26\x89\x23\x78\xdc\xa4\x88\xc8\xe3\x82\xac\x30\x45\x77\
\xda\x2e\xa2\x2e\xe0\x5b\xa5\xb2\xb6\x59\x10\x94\x42\xb1\x85\x28\
\x31\xce\x08\xac\xcd\x59\x3f\xb5\x2e\x64\xb5\xb9\x4d\xb7\xcb\xcc\
\x52\x9f\xe2\x1d\x81\x3d\xeb\xc3\x59\xcc\x55\x6f\x67\x38\xd9\x6c\
\xfc\x9f\xf9\x1d\x3f\x57\xf7\x6e\x9d\xce\x47\xa5\x21\xc5\x3e\x58\
\xe4\x86\x56\x8a\x55\x28\xea\x70\x54\x8e\x45\x46\x6b\xda\x4d\x35\
\x74\x73\x85\x19\xa4\xcd\x06\xa6\xe3\x14\x80\x69\x84\x62\x97\x9a\
\x43\x9a\x89\x6a\x34\x34\xd1\x4b\x45\x61\x62\x89\xb7\x64\x53\x78\
\xce\x4d\x37\xbd\x3b\x3c\x57\x57\x35\xf7\x33\xb0\xb9\xa0\x91\x8a\
\x68\xa5\xe6\x84\xc7\x61\x43\x56\xbe\x87\xe1\xfb\xfd\x7e\x59\x56\
\xcd\x57\x6c\x43\x74\x8e\xe7\x00\x0f\xf1\xac\x6c\xd7\x61\xe1\x69\
\x6e\xec\x34\x8b\xab\xb8\x65\x11\xa4\x92\x04\xe4\xe3\x77\x1f\xfd\
\x7a\xe4\xc7\x62\x65\x87\xa0\xe7\x1d\xca\x84\x39\xa5\x63\xa7\xb3\
\xd1\xed\xf4\xe6\x4b\x4b\x27\x94\x8c\x6f\x66\x63\xc9\x3c\x66\xb2\
\xfc\x5f\xa6\x4b\x1c\x96\x97\xaa\xcc\xa7\x76\xc7\x62\x33\xee\x3f\
\xaf\xe7\x5b\x5e\x17\x5d\x5b\x51\x95\xae\xef\x25\x88\x5a\xc5\x98\
\xe1\xda\xbc\xc9\xea\x6b\x63\x57\x58\xda\xd5\xa1\x9a\x35\x95\x4f\
\x50\x45\x7c\x5d\x49\xca\xa4\x9c\xe5\xbb\x3b\x34\x8e\x88\xf3\x2f\
\x11\x69\xe6\x4d\x3e\x0d\x49\x09\x91\x87\xee\xe6\x6c\x7e\x47\xfa\
\x57\x31\xc1\x15\xeb\x17\x16\xb6\xa3\x49\x96\xdd\x08\x48\xa5\x5c\
\x32\xb2\x0f\xe6\x2b\xc9\xe4\x53\x1c\xae\x84\xe7\x69\x23\x35\xf4\
\xf9\x36\x29\xce\x93\xa7\x2d\xe3\xf9\x1c\xf5\xa2\xb9\xae\x86\x9a\
\x6e\x69\xdc\x52\x11\x5e\xac\x97\x63\x24\x26\x68\xcd\x14\x00\x0d\
\x67\xef\x31\x80\xe6\x8a\x76\x05\x15\x7c\xac\x2e\x20\x23\xd2\x97\
\x23\xd2\x9b\x4b\x42\x62\xb0\xa4\xd2\x64\xd1\x49\x49\xb0\x14\x02\
\xc4\x01\xd4\xf0\x2b\xdc\x34\xad\x0e\xce\xd3\xc2\xb6\xd0\x4f\x04\
\x4e\xe9\x10\xde\xc5\x41\x39\x3c\x9e\x7e\xa6\xbc\x42\x37\xd9\x2a\
\x3f\xf7\x58\x1a\xf7\x2d\x36\xee\x59\x2c\xa1\x28\x03\xc5\x2a\x86\
\xe4\x7a\xd7\x83\x9d\x39\x72\xc6\x3d\x1d\xcd\xa9\x6f\x71\x16\xea\
\x2b\x3b\x78\xe1\x83\xe4\x58\xc6\x00\xc5\x54\xb8\xbf\x13\xab\x06\
\xce\x6a\xdd\xc6\x9d\x24\x92\x3e\x46\x23\xce\x33\x9e\xf5\x52\xf6\
\xdc\x58\xd8\x3b\xed\x07\x1d\xeb\xc1\x4e\xe6\xb6\x38\x9f\x11\xeb\
\xc6\x38\x5a\xc9\x38\x90\x1e\xa3\xb0\xae\x30\x9c\x9c\xd4\x97\xf7\
\x2d\x77\x7d\x34\xcc\x72\x59\x8d\x40\x0d\x7d\x36\x06\x2a\x8d\x3b\
\x2d\xde\xe6\x32\xd5\x8f\xdd\x4b\x9a\x65\x20\xae\xd5\x55\xa2\x6c\
\x49\x49\x9c\x52\x66\x96\xb4\xe6\xb8\x85\xdd\x45\x36\x8a\x39\xe4\
\x16\x14\x53\xb2\x69\x83\xad\x2e\x69\xc2\x40\xc5\xa2\x8a\x2a\x98\
\x12\xc1\x03\xdc\xdc\x47\x04\x4a\x5a\x49\x18\x2a\x81\xdc\x9e\x2b\
\xe8\xbd\x2b\x4a\x5b\x3d\x3a\xda\xd9\x40\x26\x18\xd5\x37\x1e\xe4\
\x0a\xf1\xdf\x86\xd6\x90\xdd\xf8\xba\x1f\x39\x77\x79\x51\x34\xa9\
\xec\xd8\xeb\x5e\xf8\x14\x2c\x6b\x81\x5e\x06\x73\x52\xf2\x8c\x3b\
\x6b\xf7\x9a\x53\x33\xa6\xb7\x53\x84\x03\x08\xbf\xad\x72\xbe\x32\
\x96\x1b\x2d\x0e\x63\xb8\x70\xa7\xf9\x57\x5b\x78\xc5\x41\xc5\x79\
\x4f\xc4\x9b\x99\x7e\xc8\x91\xee\xf9\x59\xf9\x15\xe3\xd1\x8f\x35\
\x44\x8d\x1b\xd2\xe7\x9a\x63\x26\x97\x1c\x51\x4b\x5f\x55\x4e\x09\
\x18\x89\x46\x68\xa4\x34\x3d\x00\x78\x34\xb5\x18\xa7\x56\x91\x96\
\x82\xb0\xb4\x53\x72\x68\xa3\x9c\x2c\x7f\xff\xd9\
\x00\x00\x06\x5a\
\xff\
\xd8\xff\xe0\x00\x10\x4a\x46\x49\x46\x00\x01\x01\x00\x00\x01\x00\
\x01\x00\x00\xff\xdb\x00\x43\x00\x08\x06\x06\x07\x06\x05\x08\x07\
\x07\x07\x09\x09\x08\x0a\x0c\x14\x0d\x0c\x0b\x0b\x0c\x19\x12\x13\
\x0f\x14\x1d\x1a\x1f\x1e\x1d\x1a\x1c\x1c\x20\x24\x2e\x27\x20\x22\
\x2c\x23\x1c\x1c\x28\x37\x29\x2c\x30\x31\x34\x34\x34\x1f\x27\x39\
\x3d\x38\x32\x3c\x2e\x33\x34\x32\xff\xdb\x00\x43\x01\x09\x09\x09\
\x0c\x0b\x0c\x18\x0d\x0d\x18\x32\x21\x1c\x21\x32\x32\x32\x32\x32\
\x32\x32\x32\x32\x32\x32\x32\x32\x32\x32\x32\x32\x32\x32\x32\x32\
\x32\x32\x32\x32\x32\x32\x32\x32\x32\x32\x32\x32\x32\x32\x32\x32\
\x32\x32\x32\x32\x32\x32\x32\x32\x32\x32\x32\x32\x32\xff\xc0\x00\
\x11\x08\x00\x3c\x00\x78\x03\x01\x22\x00\x02\x11\x01\x03\x11\x01\
\xff\xc4\x00\x1f\x00\x00\x01\x05\x01\x01\x01\x01\x01\x01\x00\x00\
\x00\x00\x00\x00\x00\x00\x01\x02\x03\x04\x05\x06\x07\x08\x09\x0a\
\x0b\xff\xc4\x00\xb5\x10\x00\x02\x01\x03\x03\x02\x04\x03\x05\x05\
\x04\x04\x00\x00\x01\x7d\x01\x02\x03\x00\x04\x11\x05\x12\x21\x31\
\x41\x06\x13\x51\x61\x07\x22\x71\x14\x32\x81\x91\xa1\x08\x23\x42\
\xb1\xc1\x15\x52\xd1\xf0\x24\x33\x62\x72\x82\x09\x0a\x16\x17\x18\
\x19\x1a\x25\x26\x27\x28\x29\x2a\x34\x35\x36\x37\x38\x39\x3a\x43\
\x44\x45\x46\x47\x48\x49\x4a\x53\x54\x55\x56\x57\x58\x59\x5a\x63\
\x64\x65\x66\x67\x68\x69\x6a\x73\x74\x75\x76\x77\x78\x79\x7a\x83\
\x84\x85\x86\x87\x88\x89\x8a\x92\x93\x94\x95\x96\x97\x98\x99\x9a\
\xa2\xa3\xa4\xa5\xa6\xa7\xa8\xa9\xaa\xb2\xb3\xb4\xb5\xb6\xb7\xb8\
\xb9\xba\xc2\xc3\xc4\xc5\xc6\xc7\xc8\xc9\xca\xd2\xd3\xd4\xd5\xd6\
\xd7\xd8\xd9\xda\xe1\xe2\xe3\xe4\xe5\xe6\xe7\xe8\xe9\xea\xf1\xf2\
\xf3\xf4\xf5\xf6\xf7\xf8\xf9\xfa\xff\xc4\x00\x1f\x01\x00\x03\x01\
\x01\x01\x01\x01\x01\x01\x01\x01\x00\x00\x00\x00\x00\x00\x01\x02\
\x03\x04\x05\x06\x07\x08\x09\x0a\x0b\xff\xc4\x00\xb5\x11\x00\x02\
\x01\x02\x04\x04\x03\x04\x07\x05\x04\x04\x00\x01\x02\x77\x00\x01\
\x02\x03\x11\x04\x05\x21\x31\x06\x12\x41\x51\x07\x61\x71\x13\x22\
\x32\x81\x08\x14\x42\x91\xa1\xb1\xc1\x09\x23\x33\x52\xf0\x15\x62\
\x72\xd1\x0a\x16\x24\x34\xe1\x25\xf1\x17\x18\x19\x1a\x26\x27\x28\
\x29\x2a\x35\x36\x37\x38\x39\x3a\x43\x44\x45\x46\x47\x48\x49\x4a\
\x53\x54\x55\x56\x57\x58\x59\x5a\x63\x64\x65\x66\x67\x68\x69\x6a\
\x73\x74\x75\x76\x77\x78\x79\x7a\x82\x83\x84\x85\x86\x87\x88\x89\
\x8a\x92\x93\x94\x95\x96\x97\x98\x99\x9a\xa2\xa3\xa4\xa5\xa6\xa7\
\xa8\xa9\xaa\xb2\xb3\xb4\xb5\xb6\xb7\xb8\xb9\xba\xc2\xc3\xc4\xc5\
\xc6\xc7\xc8\xc9\xca\xd2\xd3\xd4\xd5\xd6\xd7\xd8\xd9\xda\xe2\xe3\
\xe4\xe5\xe6\xe7\xe8\xe9\xea\xf2\xf3\xf4\xf5\xf6\xf7\xf8\xf9\xfa\
\xff\xda\x00\x0c\x03\x01\x00\x02\x11\x03\x11\x00\x3f\x00\xf2\xb5\
\xc0\x1e\xd4\xec\x29\xe9\xd6\xa3\x5f\x7a\x7e\x71\xd2\xbf\x4d\x47\
\x96\x28\x04\x71\x4a\x7d\xe9\xc0\x82\x29\x71\xda\xb5\x48\x43\x33\
\x8a\x5e\x08\xa4\x2a\x45\x5d\xd1\xad\xe3\xbb\xd6\x6d\x20\x90\x6e\
\x8d\xa4\x1b\xd7\x3d\x47\x53\x51\x52\xa2\xa7\x07\x39\x6c\xb5\x1a\
\x57\x76\x45\x2c\x60\xd0\x47\xa6\x2b\xae\xf1\xb5\xa6\x9d\x6e\x2c\
\xe4\xb1\xb4\x4b\x7d\xdb\x95\x82\x71\x9c\x63\x15\xc7\x9f\xad\x63\
\x85\xc5\x43\x13\x49\x55\x82\xb2\x65\xd4\x83\x84\xb9\x58\xa0\xe3\
\xad\x3d\x58\x55\xad\x1b\x4e\x6d\x5b\x55\x82\xcc\x36\xd1\x23\x7c\
\xed\xfd\xd5\x1c\x93\x5a\xde\x2f\xd0\x6c\x74\x49\x6d\xbe\xc1\x2c\
\xae\xb2\x29\xdd\xe6\x10\x79\x18\xe7\x80\x3d\x68\x96\x32\x94\x2b\
\x46\x8b\x7e\xf3\x05\x4d\xb8\xb9\x74\x39\xd6\x3e\xd5\x11\x39\xa7\
\xf9\x87\x1c\xd3\x09\xc9\xe2\xb7\x93\xb9\x08\x61\xa7\x22\x7c\xdc\
\x8a\x00\xcf\x6a\x94\x2e\x16\xa5\x46\xe3\xb8\xee\x15\x87\xb5\x15\
\x11\x18\x6c\xe7\x34\x55\xdc\x56\x13\x24\x9e\x29\xf9\xca\xd4\x43\
\xe5\xe2\x9e\x30\x46\x49\xa8\x43\x60\x09\x07\xad\x49\xb8\xd4\x64\
\xf3\x4f\x03\x23\x83\x55\x11\x1d\x75\x8f\x84\xe1\xbf\xf0\x93\xea\
\x71\x5d\x39\xbb\x01\x98\x43\x81\xb4\x80\x79\x1e\xb9\xac\xaf\x0d\
\xa2\xb6\xbf\x6c\x78\xc0\xdc\x4f\xfd\xf2\x6b\xa2\xf8\x7d\xa9\x6c\
\x33\xd8\x48\x03\xff\x00\x1a\x03\xe9\xdf\xfa\x55\x69\xb4\x83\xa2\
\xf8\xe6\x25\x8d\x09\xb7\x9f\x73\xc5\x81\x9e\x08\x39\x1f\x81\xaf\
\x9f\xa9\x8c\xa8\xa5\x88\xc3\x56\x7a\xd9\xb8\xfa\x5b\x63\xa5\x41\
\x5a\x33\x89\xb7\xab\xf8\x76\xdb\xc4\x16\xd1\x35\xb5\xf0\x85\xa1\
\xdd\x9f\x31\x3e\x56\xfa\x73\x9e\xd5\xe7\xfa\xa6\x97\x2e\x97\x78\
\xd6\xb2\xb2\x39\x00\x32\xba\x1c\x86\x07\xb8\xae\xe1\xdd\xa3\xd4\
\x43\x49\x98\xc0\xe8\xa7\x3d\x3e\x95\x1e\xab\xe1\x39\x75\x9b\x9b\
\x69\xac\x64\x8d\x21\x0b\xb6\x46\x91\xb1\x81\x9c\xe4\x7a\xf5\x35\
\xe5\x64\xb9\xa3\xa3\x25\x46\xac\x92\x8e\xbf\x2e\xa7\x46\x26\x8a\
\x97\xbd\x1d\xca\xde\x01\xd2\x55\x52\x7d\x52\xe0\x7c\xa4\x18\xa2\
\x1f\xcc\xff\x00\x4f\xce\xb1\x3c\x69\x76\x25\xd7\x0c\x48\xd9\x8e\
\x25\x00\x0c\xe7\x93\xcf\xf8\x57\xa6\xde\xc5\x0e\x85\xe1\x91\x1c\
\x4b\x88\x2d\xe2\x3d\x7f\x8b\x8e\x4f\xe2\x6b\xc4\xae\x64\x6b\x99\
\xe4\x99\xcf\xcc\xed\x93\x5d\xd9\x7c\xa5\x8b\xc6\xcf\x15\xd1\x68\
\xbf\xaf\x43\x1a\x9e\xe5\x35\x01\x9e\x60\xa7\x6e\x07\xd2\xa3\xda\
\xa4\xf2\x6a\x45\x84\x1e\xf5\xf4\xab\x99\x9c\xce\xc3\x87\x14\xfc\
\xe4\x71\x48\x06\xda\x6b\x31\xad\x36\x24\x3b\xd1\x51\x33\x9a\x2a\
\x39\x91\x56\x17\x39\xa0\x70\x69\xb9\xe6\x9c\x18\x9e\xd5\x17\x01\
\xc4\x52\x02\x41\xe0\xd2\x8a\x63\x30\x06\x9b\x76\xd4\x46\xff\x00\
\x84\xee\x1d\x3c\x4f\x60\x01\xc0\x77\xda\xc7\xd8\x8e\x6b\xd7\xb5\
\x0b\xb4\x82\x2d\xb1\x2e\x0e\x38\x3b\x72\x6b\xc5\xbc\x2b\x27\xfc\
\x54\xfa\x7f\xfd\x75\x15\xee\x53\xdb\x8b\xb8\x97\xe6\xe7\x15\xf1\
\xbc\x43\x2b\xd7\x8b\x5d\xbf\x53\xb7\x0d\xa2\x67\x23\x25\xa4\xb7\
\x72\x89\x48\x39\x5e\x73\xdf\x1f\x4a\xd7\xb0\x5d\x8b\xb1\x9b\x8f\
\x4a\xb7\xe5\x41\x61\x13\x00\x37\x39\xe0\x9f\x6a\xce\x76\x4d\xa4\
\xab\x7d\x33\x5f\x3c\x91\xd2\xd9\x43\xc7\x97\x4d\x6d\xe1\xe9\x14\
\x4a\x0f\x98\x42\x6d\x03\xa0\x26\xbc\x9f\xb5\x75\xbe\x36\xbc\x76\
\x5b\x5b\x56\x62\x4e\x4c\x8c\x7f\x41\xfd\x6b\x90\x39\xf4\x35\xf7\
\x59\x0d\x2f\x67\x85\xe6\x7f\x69\xdf\xf4\x38\x2b\xca\xf3\x11\xa8\
\x59\x4a\xf0\x69\x09\xcd\x34\x8c\xd7\xb0\xdb\x5a\xa3\x22\xc7\x99\
\x91\x4c\x66\x35\x5c\x39\x53\x4e\xde\x4d\x2f\x6b\x70\xe5\x1c\xc4\
\x51\x51\x9a\x2a\x1c\xb5\x1d\x89\xb0\x3d\x29\x54\x81\x49\x41\xeb\
\x56\x89\x25\xce\xe1\xc5\x43\x20\xa7\x02\x68\x34\xe5\xaa\x05\xa3\
\x1d\xa7\xdc\x9b\x2d\x42\x0b\x91\xd6\x37\x0d\x5e\xe3\xa5\xea\xbe\
\x65\xa4\x6e\x79\x56\x50\x54\x8f\x4a\xf0\x76\xeb\x5e\xd5\xf0\xfe\
\xd9\x2e\x7c\x2b\x6d\x2c\xc5\x99\x86\x54\x64\xf1\x81\x9c\x57\xca\
\xe7\xf4\x97\x24\x6a\x75\x4e\xc7\x5d\x09\x6e\x89\x35\x29\x9d\x06\
\x76\x92\xa4\xf0\x7d\x6b\x9e\x9e\xf5\xf7\x90\x99\xfa\x1a\xec\x35\
\x88\x91\xc4\x50\x63\x6a\x39\xf9\x82\xf1\x9a\xc7\x6b\x1b\x75\x4c\
\x84\xc9\xf5\x35\xf3\x11\x76\x3a\x19\xe7\x3e\x29\x9d\xa5\xd4\x20\
\xdf\xf7\x96\x3e\x47\xd4\xd6\x16\xea\xbf\xae\x3b\x36\xb5\x77\x93\
\x9c\x3e\xd1\xf4\xac\xc6\xaf\xd0\xf0\x0b\xd9\xe1\x60\x97\x6f\xcc\
\xe0\x9e\xb2\x63\xf7\xd3\x19\xe9\xb9\x34\xd7\xad\xa7\x51\xd8\x14\
\x75\x17\x20\xd1\x93\x51\xe4\xe6\x94\x31\xac\xa3\x52\xe5\xd8\x7e\
\x68\xa6\x9a\x28\xe6\x61\x63\xff\xd9\
\x00\x00\x06\xed\
\xff\
\xd8\xff\xe0\x00\x10\x4a\x46\x49\x46\x00\x01\x01\x00\x00\x01\x00\
\x01\x00\x00\xff\xdb\x00\x43\x00\x08\x06\x06\x07\x06\x05\x08\x07\
\x07\x07\x09\x09\x08\x0a\x0c\x14\x0d\x0c\x0b\x0b\x0c\x19\x12\x13\
\x0f\x14\x1d\x1a\x1f\x1e\x1d\x1a\x1c\x1c\x20\x24\x2e\x27\x20\x22\
\x2c\x23\x1c\x1c\x28\x37\x29\x2c\x30\x31\x34\x34\x34\x1f\x27\x39\
\x3d\x38\x32\x3c\x2e\x33\x34\x32\xff\xdb\x00\x43\x01\x09\x09\x09\
\x0c\x0b\x0c\x18\x0d\x0d\x18\x32\x21\x1c\x21\x32\x32\x32\x32\x32\
\x32\x32\x32\x32\x32\x32\x32\x32\x32\x32\x32\x32\x32\x32\x32\x32\
\x32\x32\x32\x32\x32\x32\x32\x32\x32\x32\x32\x32\x32\x32\x32\x32\
\x32\x32\x32\x32\x32\x32\x32\x32\x32\x32\x32\x32\x32\xff\xc0\x00\
\x11\x08\x00\x3c\x00\x78\x03\x01\x22\x00\x02\x11\x01\x03\x11\x01\
\xff\xc4\x00\x1f\x00\x00\x01\x05\x01\x01\x01\x01\x01\x01\x00\x00\
\x00\x00\x00\x00\x00\x00\x01\x02\x03\x04\x05\x06\x07\x08\x09\x0a\
\x0b\xff\xc4\x00\xb5\x10\x00\x02\x01\x03\x03\x02\x04\x03\x05\x05\
\x04\x04\x00\x00\x01\x7d\x01\x02\x03\x00\x04\x11\x05\x12\x21\x31\
\x41\x06\x13\x51\x61\x07\x22\x71\x14\x32\x81\x91\xa1\x08\x23\x42\
\xb1\xc1\x15\x52\xd1\xf0\x24\x33\x62\x72\x82\x09\x0a\x16\x17\x18\
\x19\x1a\x25\x26\x27\x28\x29\x2a\x34\x35\x36\x37\x38\x39\x3a\x43\
\x44\x45\x46\x47\x48\x49\x4a\x53\x54\x55\x56\x57\x58\x59\x5a\x63\
\x64\x65\x66\x67\x68\x69\x6a\x73\x74\x75\x76\x77\x78\x79\x7a\x83\
\x84\x85\x86\x87\x88\x89\x8a\x92\x93\x94\x95\x96\x97\x98\x99\x9a\
\xa2\xa3\xa4\xa5\xa6\xa7\xa8\xa9\xaa\xb2\xb3\xb4\xb5\xb6\xb7\xb8\
\xb9\xba\xc2\xc3\xc4\xc5\xc6\xc7\xc8\xc9\xca\xd2\xd3\xd4\xd5\xd6\
\xd7\xd8\xd9\xda\xe1\xe2\xe3\xe4\xe5\xe6\xe7\xe8\xe9\xea\xf1\xf2\
\xf3\xf4\xf5\xf6\xf7\xf8\xf9\xfa\xff\xc4\x00\x1f\x01\x00\x03\x01\
\x01\x01\x01\x01\x01\x01\x01\x01\x00\x00\x00\x00\x00\x00\x01\x02\
\x03\x04\x05\x06\x07\x08\x09\x0a\x0b\xff\xc4\x00\xb5\x11\x00\x02\
\x01\x02\x04\x04\x03\x04\x07\x05\x04\x04\x00\x01\x02\x77\x00\x01\
\x02\x03\x11\x04\x05\x21\x31\x06\x12\x41\x51\x07\x61\x71\x13\x22\
\x32\x81\x08\x14\x42\x91\xa1\xb1\xc1\x09\x23\x33\x52\xf0\x15\x62\
\x72\xd1\x0a\x16\x24\x34\xe1\x25\xf1\x17\x18\x19\x1a\x26\x27\x28\
\x29\x2a\x35\x36\x37\x38\x39\x3a\x43\x44\x45\x46\x47\x48\x49\x4a\
\x53\x54\x55\x56\x57\x58\x59\x5a\x63\x64\x65\x66\x67\x68\x69\x6a\
\x73\x74\x75\x76\x77\x78\x79\x7a\x82\x83\x84\x85\x86\x87\x88\x89\
\x8a\x92\x93\x94\x95\x96\x97\x98\x99\x9a\xa2\xa3\xa4\xa5\xa6\xa7\
\xa8\xa9\xaa\xb2\xb3\xb4\xb5\xb6\xb7\xb8\xb9\xba\xc2\xc3\xc4\xc5\
\xc6\xc7\xc8\xc9\xca\xd2\xd3\xd4\xd5\xd6\xd7\xd8\xd9\xda\xe2\xe3\
\xe4\xe5\xe6\xe7\xe8\xe9\xea\xf2\xf3\xf4\xf5\xf6\xf7\xf8\xf9\xfa\
\xff\xda\x00\x0c\x03\x01\x00\x02\x11\x03\x11\x00\x3f\x00\xe5\x82\
\x60\x6d\xc7\x14\xab\xf7\xba\x54\xae\x40\x19\x02\xa3\x08\x4f\x39\
\xaf\xd4\xef\x73\xc4\x26\x56\xc0\xc8\x15\x28\x53\x26\x06\xd3\x93\
\xd3\x02\xba\xcf\x05\x78\x43\xfb\x45\x57\x56\xbc\x95\x52\xce\x27\
\xf9\x50\xae\x4c\xa4\x7f\x4a\xd7\xd5\x3e\x21\x5b\xe9\x92\xf9\x29\
\x0c\x0e\xea\x48\x1e\x52\x0d\xc3\xf0\x03\x8a\xf9\xec\x7e\x77\x4b\
\x0d\x57\xd9\xc5\x73\x3e\xba\xda\xc7\x5d\x1c\x1c\xea\xc7\x9b\x63\
\x86\x93\x49\xbf\x82\x15\x9a\x4b\x2b\x94\x8d\xba\x3b\x44\x40\x3f\
\xa5\x44\xd6\x57\x6a\xbb\x9a\xd6\x6d\xbe\xbb\x0d\x77\xba\x47\xc4\
\xa8\xae\x6e\x44\x52\x96\x57\x27\xfe\x5a\x0c\x7f\x3a\xf4\x2b\x2d\
\x4e\x2b\xb8\xd4\x83\x8c\x8a\xe0\x5c\x47\x3e\xb0\xfc\x7f\xe0\x1b\
\x4b\x03\x6e\xa7\xcf\x07\x2a\x7a\x63\xeb\x47\x07\xad\x7b\xde\xaf\
\xe1\x4d\x1f\x5e\x8c\x99\xad\xd1\x26\xed\x3c\x43\x6b\x7f\xf5\xff\
\x00\x1a\xf2\x8f\x12\x78\x1f\x52\xf0\xfb\xb4\xc1\x4d\xcd\x9f\x69\
\xe3\x1d\x3f\xde\x1d\xbf\x95\x7a\xb8\x3c\xde\x86\x25\xf2\xbf\x76\
\x5d\x9f\xe8\xce\x6a\x98\x79\x43\x5d\xd1\xcd\x64\x0e\x31\x4c\x3b\
\x7d\x29\x49\xed\x4c\x63\x83\xd2\xbd\x94\x8c\x03\x9e\xdd\x29\x43\
\xe7\x83\x4d\xde\x3d\x69\x08\x07\xa1\xa7\x60\x09\x13\x8e\x0d\x56\
\x61\xda\xa6\x3b\xfb\x54\x4c\x0f\x7a\xb8\x8c\x85\x97\x34\x54\xa1\
\x28\xad\x39\x86\x4f\x1b\x13\xc3\x74\x14\xe6\x3b\x69\xaa\x51\x97\
\x1e\x67\xbe\x29\xc0\x02\x73\x9c\xd6\x2f\x72\x4e\xbf\x42\xf1\x04\
\xb3\x5a\xc5\xa6\xcf\x74\xd0\x42\x8a\x12\x31\x10\xc6\x79\xe7\xf1\
\xa5\xf1\x57\x87\xa4\xd3\x04\x33\xd8\xde\x41\x04\x44\x17\x47\x74\
\xcb\xb3\x63\x95\x35\xc7\x87\x28\xc3\x9a\xd3\x3a\xcc\xef\x65\x2c\
\x12\x7e\xf4\xba\xe1\x5a\x43\xbb\x6f\xd2\xbe\x4f\x35\xc9\x25\x29\
\xba\xd4\x15\xef\xba\xfd\x51\xe9\xe1\xb1\x76\x5c\x93\x66\x13\x35\
\xfc\x93\xc5\x79\x3c\x86\x52\x46\x08\x48\x8f\xcb\xef\x5d\x8f\x86\
\xbc\x53\x73\x6c\x82\x2b\x89\x1d\x90\x7d\xd6\x23\x19\x1f\x5a\xc0\
\x7d\x4e\xe4\xc6\xb1\x12\x08\x0b\xb4\xb0\x3b\x0f\xe9\x50\xc3\x29\
\x65\x54\x94\x77\x03\x7e\x73\x81\x9a\xf1\x67\x96\xe2\x63\x1e\x75\
\x07\x63\xab\xdb\xc1\xbb\x39\x2b\x9e\xdb\xa5\xf8\x9e\x09\x90\x61\
\xc7\xb8\xcd\x6f\x45\xac\x5b\xca\x9b\x58\x82\xa4\x60\xe7\x91\x5e\
\x23\x70\xf1\xc0\x16\x4b\x39\x0e\x4f\x65\x3c\x55\xfb\x1d\x6e\xf0\
\x48\x91\xb2\x3e\x4f\x4a\xe2\x77\x88\xb9\x6e\x77\xba\xd7\x80\xb4\
\x9d\x6a\x36\x9a\xc4\x2d\xa5\xc9\xe4\x34\x5f\x71\x8f\xba\xf6\xfc\
\x2b\xca\xf5\xcf\x0f\x6a\x3a\x15\xc7\x95\x7d\x6e\xca\x33\x85\x91\
\x79\x47\xfa\x1a\xf4\xfd\x01\xee\xa3\x21\xbc\xd7\x2c\xc7\x24\x76\
\xae\xb2\xee\xda\x0b\xfb\x17\x82\xf6\x24\x96\x19\x17\x0c\xac\x2b\
\xd5\xcb\xf3\x9a\xd4\x1f\x2c\xfd\xe8\xfe\x3f\x26\x73\x56\xc3\x46\
\x5a\xad\x19\xf3\x4b\xf1\x51\x99\x36\xd6\x8e\xa9\x6e\x96\x9a\x95\
\xd5\xb2\x12\x56\x29\x59\x01\x3e\x80\xe2\xa8\x3a\x81\xcd\x7d\xf5\
\x39\xa9\xc5\x3e\xe7\x9c\x47\xe7\x52\x89\x03\x70\x73\x4e\x05\x0f\
\x05\x7f\x3a\x94\x45\x19\x1c\x55\xb6\x90\x0c\x0a\x71\x91\x45\x3c\
\x80\xbc\x51\x4a\xe0\x47\xb4\x67\x20\xd4\x83\x9a\x85\x1f\xea\xdf\
\x4a\x7e\xf2\x47\xdd\x22\x9b\x4c\x92\x6c\x06\x14\xb8\xc0\xe4\x54\
\x21\xb1\xea\x29\xe0\xe4\x75\xa8\x68\x63\x5c\x53\x57\x83\xc1\x34\
\xe7\x71\xdb\x9a\x8b\xcc\xe7\xa5\x52\x4e\xc0\x59\x47\x91\x79\x04\
\x8f\x71\x5d\x87\x81\x2d\x5f\x51\xd6\x99\xe6\xcb\xc7\x14\x7d\xfd\
\x6b\x8a\x8d\x9a\x47\x08\x80\x96\x63\x80\x07\x73\x5e\xe5\xe0\xdf\
\x0d\x9d\x13\x48\x8c\x4c\xbf\xe9\x53\x7c\xf2\xfb\x1e\xc3\xf0\xaf\
\x9c\xcf\xe3\x87\xa7\x46\xf2\x8a\xe6\x7b\x77\x3a\xf0\xce\x7c\xda\
\x3d\x0d\xab\x4b\x25\x8d\xb8\x50\x00\xe9\x4f\xd4\xae\x16\xde\xd5\
\xdd\x9b\x0a\xaa\x49\xab\xa1\x70\x2b\x8f\xf1\xfd\xdf\xd9\x3c\x39\
\x74\xe1\x88\x67\x02\x31\xf8\x9c\x57\xc8\xe1\x69\x3a\xb5\x63\x05\
\xd5\xa4\x76\xca\x56\x4d\x9e\x37\x7d\x72\x6e\xaf\xe7\xb8\x3f\xf2\
\xd2\x46\x6f\xcc\xd5\x62\x7d\x29\xa0\xe4\xe0\x50\x77\x0e\xd5\xfa\
\x7c\x20\xa2\x92\x47\x92\x47\x25\x22\x4e\x41\xc1\x34\xac\x0e\x39\
\x15\x19\x4c\x8c\xd6\xca\xdd\x40\xb1\xbc\x91\x45\x55\x0c\xcb\xc5\
\x14\x72\x85\x89\xa3\x39\xe8\x2a\x61\xbb\x19\xaa\xe8\xc7\x8a\x9f\
\x71\xa9\x91\x23\x1d\xd8\x77\xa8\x4c\xc4\x1c\x66\x9e\xe4\x93\xcd\
\x54\x24\xee\x35\x71\x8a\x60\x4f\xbc\x9e\x94\x99\x6f\x4a\x6a\xf4\
\xad\x4f\x0e\xd9\xc3\xa8\xeb\xd6\x56\x97\x00\x98\xa5\x94\x2b\x85\
\x38\xc8\xa5\x52\x4a\x11\x72\xec\x34\xae\xec\x77\x1f\x0c\xbc\x28\
\xf7\x77\x03\x5a\xbc\x8b\xf7\x11\x9f\xdc\x2b\x7f\x13\x7f\x7b\xe8\
\x2b\xd8\x55\x08\x1c\x8a\x65\xad\xbc\x36\x96\xd1\xc1\x04\x6b\x1c\
\x51\xaa\xaa\xaa\x8e\x00\xab\x06\xbf\x32\xcc\x31\x93\xc5\x56\x75\
\x25\xb7\x45\xd8\xf5\x29\xc1\x42\x36\x44\x4e\x76\xa9\xaf\x31\xf8\
\xa9\x70\x7f\xb1\xed\xe2\x07\xef\x4f\xfc\x81\xaf\x4c\x9b\xee\x9a\
\xf1\xff\x00\x8a\xf2\x36\x2c\x17\x3c\x6e\x7f\xe9\x5a\xe4\xd1\xbe\
\x36\x0b\xcf\xf4\x15\x67\x6a\x6c\xf3\x8f\x33\x1c\x11\xd2\x9d\xe6\
\xe0\x75\xaa\xec\x4d\x45\xb8\xe6\xbf\x4b\xe4\x4c\xf3\x4b\x86\x6a\
\x68\x71\x9e\xb5\x5c\xb1\xa8\x5d\x88\xe8\x69\xa8\x05\x8b\x8c\xc3\
\x14\x55\x01\x2b\xe7\xad\x15\x5c\x85\x58\xff\xd9\
\x00\x00\x06\x3b\
\xff\
\xd8\xff\xe0\x00\x10\x4a\x46\x49\x46\x00\x01\x01\x00\x00\x01\x00\
\x01\x00\x00\xff\xdb\x00\x43\x00\x08\x06\x06\x07\x06\x05\x08\x07\
\x07\x07\x09\x09\x08\x0a\x0c\x14\x0d\x0c\x0b\x0b\x0c\x19\x12\x13\
\x0f\x14\x1d\x1a\x1f\x1e\x1d\x1a\x1c\x1c\x20\x24\x2e\x27\x20\x22\
\x2c\x23\x1c\x1c\x28\x37\x29\x2c\x30\x31\x34\x34\x34\x1f\x27\x39\
\x3d\x38\x32\x3c\x2e\x33\x34\x32\xff\xdb\x00\x43\x01\x09\x09\x09\
\x0c\x0b\x0c\x18\x0d\x0d\x18\x32\x21\x1c\x21\x32\x32\x32\x32\x32\
\x32\x32\x32\x32\x32\x32\x32\x32\x32\x32\x32\x32\x32\x32\x32\x32\
\x32\x32\x32\x32\x32\x32\x32\x32\x32\x32\x32\x32\x32\x32\x32\x32\
\x32\x32\x32\x32\x32\x32\x32\x32\x32\x32\x32\x32\x32\xff\xc0\x00\
\x11\x08\x00\x3c\x00\x78\x03\x01\x22\x00\x02\x11\x01\x03\x11\x01\
\xff\xc4\x00\x1f\x00\x00\x01\x05\x01\x01\x01\x01\x01\x01\x00\x00\
\x00\x00\x00\x00\x00\x00\x01\x02\x03\x04\x05\x06\x07\x08\x09\x0a\
\x0b\xff\xc4\x00\xb5\x10\x00\x02\x01\x03\x03\x02\x04\x03\x05\x05\
\x04\x04\x00\x00\x01\x7d\x01\x02\x03\x00\x04\x11\x05\x12\x21\x31\
\x41\x06\x13\x51\x61\x07\x22\x71\x14\x32\x81\x91\xa1\x08\x23\x42\
\xb1\xc1\x15\x52\xd1\xf0\x24\x33\x62\x72\x82\x09\x0a\x16\x17\x18\
\x19\x1a\x25\x26\x27\x28\x29\x2a\x34\x35\x36\x37\x38\x39\x3a\x43\
\x44\x45\x46\x47\x48\x49\x4a\x53\x54\x55\x56\x57\x58\x59\x5a\x63\
\x64\x65\x66\x67\x68\x69\x6a\x73\x74\x75\x76\x77\x78\x79\x7a\x83\
\x84\x85\x86\x87\x88\x89\x8a\x92\x93\x94\x95\x96\x97\x98\x99\x9a\
\xa2\xa3\xa4\xa5\xa6\xa7\xa8\xa9\xaa\xb2\xb3\xb4\xb5\xb6\xb7\xb8\
\xb9\xba\xc2\xc3\xc4\xc5\xc6\xc7\xc8\xc9\xca\xd2\xd3\xd4\xd5\xd6\
\xd7\xd8\xd9\xda\xe1\xe2\xe3\xe4\xe5\xe6\xe7\xe8\xe9\xea\xf1\xf2\
\xf3\xf4\xf5\xf6\xf7\xf8\xf9\xfa\xff\xc4\x00\x1f\x01\x00\x03\x01\
\x01\x01\x01\x01\x01\x01\x01\x01\x00\x00\x00\x00\x00\x00\x01\x02\
\x03\x04\x05\x06\x07\x08\x09\x0a\x0b\xff\xc4\x00\xb5\x11\x00\x02\
\x01\x02\x04\x04\x03\x04\x07\x05\x04\x04\x00\x01\x02\x77\x00\x01\
\x02\x03\x11\x04\x05\x21\x31\x06\x12\x41\x51\x07\x61\x71\x13\x22\
\x32\x81\x08\x14\x42\x91\xa1\xb1\xc1\x09\x23\x33\x52\xf0\x15\x62\
\x72\xd1\x0a\x16\x24\x34\xe1\x25\xf1\x17\x18\x19\x1a\x26\x27\x28\
\x29\x2a\x35\x36\x37\x38\x39\x3a\x43\x44\x45\x46\x47\x48\x49\x4a\
\x53\x54\x55\x56\x57\x58\x59\x5a\x63\x64\x65\x66\x67\x68\x69\x6a\
\x73\x74\x75\x76\x77\x78\x79\x7a\x82\x83\x84\x85\x86\x87\x88\x89\
\x8a\x92\x93\x94\x95\x96\x97\x98\x99\x9a\xa2\xa3\xa4\xa5\xa6\xa7\
\xa8\xa9\xaa\xb2\xb3\xb4\xb5\xb6\xb7\xb8\xb9\xba\xc2\xc3\xc4\xc5\
\xc6\xc7\xc8\xc9\xca\xd2\xd3\xd4\xd5\xd6\xd7\xd8\xd9\xda\xe2\xe3\
\xe4\xe5\xe6\xe7\xe8\xe9\xea\xf2\xf3\xf4\xf5\xf6\xf7\xf8\xf9\xfa\
\xff\xda\x00\x0c\x03\x01\x00\x02\x11\x03\x11\x00\x3f\x00\xf1\xee\
\x33\xc5\x2a\xd0\x46\x3a\xd2\x0a\xfd\x13\x66\x70\x12\xe4\x1e\x0d\
\x26\x3b\x8a\x6e\x78\xf7\xa5\x0d\x57\x71\x0b\x5d\x26\x8d\xe1\x33\
\xab\x69\x32\xdf\x3d\xdf\x90\x72\x44\x49\xb3\x3b\xf1\xea\x73\xc5\
\x73\x95\xe9\x9e\x1b\x80\xbf\x87\x6d\x03\x33\x01\xb1\x88\x51\xf5\
\x35\xe6\xe6\xb8\xb9\xe1\xe9\x29\x43\x76\xec\x6b\x46\x0a\x52\xb3\
\x39\x5f\x09\xe9\x36\x77\xf7\x17\x12\xdf\xa1\x92\x18\x40\x01\x03\
\x11\xb9\x8f\xb8\xfa\x55\x5d\x47\x46\x79\x75\xdb\x9b\x5d\x2a\xd6\
\x49\x11\x30\xc1\x17\xe6\xda\x31\xeb\x5b\x9e\x10\xb7\x1f\xe9\xe2\
\x65\xce\x25\xdb\xb7\xdc\x66\xae\xd9\xc1\x2c\x7e\x28\xd4\x16\x24\
\x3c\xaa\x11\x8f\x4c\x57\x99\x53\x32\xab\x4b\x13\x51\xde\xe9\x25\
\x65\xd3\xa7\xf9\x9b\x2a\x51\x94\x12\x3c\xf6\x45\x68\x9d\xa3\x91\
\x4a\xba\x9c\x15\x23\x04\x1a\x61\x35\xa3\xaf\x82\xba\xed\xd8\x61\
\x83\xbf\x91\xf8\x56\x73\xa4\x91\xe3\x7a\x32\xee\x19\x19\x18\xc8\
\xaf\xa0\xa5\x57\xda\x53\x8c\xfb\xa4\xce\x67\x1b\x3b\x09\x40\x60\
\x3a\xd2\x6e\xa3\x20\xd5\xdf\xb0\x58\x53\x83\x51\x9a\x77\x1e\xb4\
\x98\xa8\x96\xa3\x43\x71\x45\x3a\x8a\x8e\x52\xae\x48\x48\x6e\x94\
\x6e\xc5\x30\x1c\x0a\x53\xc9\xad\x79\x88\xb0\xe5\x26\xb5\xee\x3c\
\x33\xaa\xc1\x64\x2e\xfc\x95\x78\xca\xee\x22\x37\x0c\xca\x3d\xc0\
\xac\x6c\xd7\x75\xe0\xbd\x44\xb2\x08\x99\xcb\x3c\x67\x68\x5c\xf5\
\x15\xc1\x8f\xc5\x55\xa1\x4d\x54\x82\xba\x4f\x53\x4a\x70\x8c\x9d\
\x99\xc3\xe4\xd7\xa5\xf8\x67\x74\xda\x0d\x9b\x6e\xc6\xd5\x23\x8f\
\x62\x6b\x96\xf1\x9e\x96\x9a\x7e\xb2\x65\x86\x30\x90\x5c\x0d\xea\
\x07\x40\x7b\x8a\xef\x7c\x3d\xa7\x2d\xb6\x85\x61\x1b\x06\x04\xc4\
\x19\xb2\x3b\xb7\x3f\xd6\xbc\xcc\xdb\x13\x0a\xd8\x48\x4e\x3d\x5f\
\xe9\xa9\xa5\x18\xb8\xcd\xa3\x03\x43\x84\xbe\xa7\xaa\xc4\x4e\xd0\
\xb7\x07\xf5\xad\x2b\x26\x78\xf5\xbd\x41\x95\x4b\x90\x11\x49\x1f\
\x4c\xff\x00\x5a\xdc\xfe\xc7\xb7\xb5\x9e\x4b\x98\x54\x83\x3b\x06\
\x93\x3e\xb8\xc5\x31\xb4\xf5\x81\xe4\xb8\x85\x88\x79\x40\xde\x3e\
\x83\x15\xe0\x54\xac\xa7\x36\xd7\x54\xbf\x4f\xf2\x3a\x12\xb2\xb1\
\xe7\x4f\xa7\xb6\xab\xe3\xa7\x84\x21\x75\xde\x1e\x40\x3d\x00\x19\
\xa4\xf1\xb5\xf3\xdc\xdf\xc5\x6f\x20\xc1\x80\x10\x07\xa0\x3d\xab\
\xa5\xd1\xec\x2e\x34\xbb\xad\x5a\xfa\x71\xb2\x59\x64\x21\x4b\x7f\
\x73\xae\x45\x79\xee\xab\x7a\x6f\x75\x49\xe7\x3c\xee\x6e\x3e\x95\
\xf4\x18\x29\xfb\x7c\x44\x6c\xfd\xd8\x46\xdf\x3b\x1c\xf3\x5c\xb1\
\x7e\x65\x22\x29\x33\x4a\x58\x76\xa4\xaf\x75\xf9\x18\xa0\xe6\x8c\
\x9a\x33\x8a\x78\x22\x84\xaf\xd4\x18\x82\x8a\x71\x34\x56\x96\x10\
\xd0\xc4\x51\xb8\xd3\x73\x9a\x5a\x84\xd8\x0a\x79\xad\xbf\x09\xce\
\xd0\xeb\x91\xa8\x38\x0e\x08\x3f\xcf\xfa\x56\x1e\x6a\x5b\x6b\x87\
\xb6\xb9\x8e\x78\xf8\x64\x39\xae\x7c\x4d\x3f\x6b\x4a\x50\xee\x8a\
\x8b\xb3\xb9\xed\x37\x5a\x45\x8e\xb8\xb6\xa6\xe4\xe6\x38\x9c\x3e\
\x07\x7c\x76\xad\xbb\x93\x1c\xc0\x6c\xf9\x4a\x9c\x8c\x57\x0d\xa4\
\xeb\x06\x78\x23\x91\x5f\x31\xb0\xfc\xab\xa3\x8f\xed\x64\x07\xda\
\xdb\x4f\x7a\xf8\x7a\x9c\xd1\x5c\x92\xe8\x76\x6f\xaa\x2f\x93\x27\
\x2a\x70\x57\x1d\xea\x29\x08\x28\x06\xef\x6a\xb1\x1a\xbb\xc3\xbb\
\xb9\x5c\x7e\x35\x52\xe6\x36\x57\x58\xd7\x96\x03\x9a\xcb\x71\xec\
\x66\x6b\xb2\x29\xb1\x91\x72\x0e\x14\xe4\xfa\x0a\xf1\x6c\xe5\x8d\
\x7a\xbf\x8a\x65\xfb\x3e\x8b\x76\xdd\x0e\xc2\xa3\xea\x78\xaf\x27\
\x15\xf4\x39\x2c\x5a\x52\x66\x15\x5d\xc0\x9a\x33\x48\x68\xaf\x6e\
\x52\x77\x33\x1d\x9a\x01\xa4\x14\xec\x56\x90\xbb\x42\x62\x83\x45\
\x34\x8a\x2a\xae\xc5\x60\xcd\x2f\x14\xc1\x4e\xef\x53\x19\x5c\x6c\
\x5e\x29\x33\x4b\x4d\x34\xe5\xa2\xd0\x48\xd9\xd0\xb5\x9f\xec\xe9\
\xf6\x4a\x37\x40\xc7\x91\xe9\x5e\xe1\xe1\xfb\x59\x4d\xb0\x71\x26\
\xe8\x18\x02\xa0\xf3\xc5\x7c\xee\x3a\xfe\x35\xf4\xfe\x8f\x1a\xc3\
\xa5\x5b\xaa\x0c\x01\x12\xe3\xf2\xaf\x98\xce\x28\xc6\x2d\x54\x5b\
\xbd\xcd\xe9\xc9\xec\x2b\x5b\x63\x38\x50\x2b\x32\xea\xd3\xc9\xdf\
\x23\x03\xcf\x7a\xdd\x6a\xc6\xd5\xa6\x7f\xb2\x4a\x33\xc6\xd3\x5e\
\x32\x34\xb9\xe3\xfe\x38\xd6\x7c\xd9\xbf\xb3\xa3\x6e\x14\xee\x93\
\xfc\x2b\x8d\xed\x4f\xbb\x99\xe7\xbd\x9e\x59\x0e\xe7\x69\x0e\x49\
\xfa\xd3\x3b\x57\xd8\x65\xd4\x94\x29\xd8\xe7\x93\xb8\x94\x94\xb4\
\xd3\x5b\xcf\x40\x43\xc1\xa5\xcd\x30\x53\xab\x58\x4d\xd8\x96\x85\
\xcd\x14\xc3\x45\x4f\xb4\x63\xb1\xff\xd9\
\x00\x00\x05\xae\
\xff\
\xd8\xff\xe0\x00\x10\x4a\x46\x49\x46\x00\x01\x01\x00\x00\x01\x00\
\x01\x00\x00\xff\xdb\x00\x43\x00\x08\x06\x06\x07\x06\x05\x08\x07\
\x07\x07\x09\x09\x08\x0a\x0c\x14\x0d\x0c\x0b\x0b\x0c\x19\x12\x13\
\x0f\x14\x1d\x1a\x1f\x1e\x1d\x1a\x1c\x1c\x20\x24\x2e\x27\x20\x22\
\x2c\x23\x1c\x1c\x28\x37\x29\x2c\x30\x31\x34\x34\x34\x1f\x27\x39\
\x3d\x38\x32\x3c\x2e\x33\x34\x32\xff\xdb\x00\x43\x01\x09\x09\x09\
\x0c\x0b\x0c\x18\x0d\x0d\x18\x32\x21\x1c\x21\x32\x32\x32\x32\x32\
\x32\x32\x32\x32\x32\x32\x32\x32\x32\x32\x32\x32\x32\x32\x32\x32\
\x32\x32\x32\x32\x32\x32\x32\x32\x32\x32\x32\x32\x32\x32\x32\x32\
\x32\x32\x32\x32\x32\x32\x32\x32\x32\x32\x32\x32\x32\xff\xc0\x00\
\x11\x08\x00\x3c\x00\x78\x03\x01\x22\x00\x02\x11\x01\x03\x11\x01\
\xff\xc4\x00\x1f\x00\x00\x01\x05\x01\x01\x01\x01\x01\x01\x00\x00\
\x00\x00\x00\x00\x00\x00\x01\x02\x03\x04\x05\x06\x07\x08\x09\x0a\
\x0b\xff\xc4\x00\xb5\x10\x00\x02\x01\x03\x03\x02\x04\x03\x05\x05\
\x04\x04\x00\x00\x01\x7d\x01\x02\x03\x00\x04\x11\x05\x12\x21\x31\
\x41\x06\x13\x51\x61\x07\x22\x71\x14\x32\x81\x91\xa1\x08\x23\x42\
\xb1\xc1\x15\x52\xd1\xf0\x24\x33\x62\x72\x82\x09\x0a\x16\x17\x18\
\x19\x1a\x25\x26\x27\x28\x29\x2a\x34\x35\x36\x37\x38\x39\x3a\x43\
\x44\x45\x46\x47\x48\x49\x4a\x53\x54\x55\x56\x57\x58\x59\x5a\x63\
\x64\x65\x66\x67\x68\x69\x6a\x73\x74\x75\x76\x77\x78\x79\x7a\x83\
\x84\x85\x86\x87\x88\x89\x8a\x92\x93\x94\x95\x96\x97\x98\x99\x9a\
\xa2\xa3\xa4\xa5\xa6\xa7\xa8\xa9\xaa\xb2\xb3\xb4\xb5\xb6\xb7\xb8\
\xb9\xba\xc2\xc3\xc4\xc5\xc6\xc7\xc8\xc9\xca\xd2\xd3\xd4\xd5\xd6\
\xd7\xd8\xd9\xda\xe1\xe2\xe3\xe4\xe5\xe6\xe7\xe8\xe9\xea\xf1\xf2\
\xf3\xf4\xf5\xf6\xf7\xf8\xf9\xfa\xff\xc4\x00\x1f\x01\x00\x03\x01\
\x01\x01\x01\x01\x01\x01\x01\x01\x00\x00\x00\x00\x00\x00\x01\x02\
\x03\x04\x05\x06\x07\x08\x09\x0a\x0b\xff\xc4\x00\xb5\x11\x00\x02\
\x01\x02\x04\x04\x03\x04\x07\x05\x04\x04\x00\x01\x02\x77\x00\x01\
\x02\x03\x11\x04\x05\x21\x31\x06\x12\x41\x51\x07\x61\x71\x13\x22\
\x32\x81\x08\x14\x42\x91\xa1\xb1\xc1\x09\x23\x33\x52\xf0\x15\x62\
\x72\xd1\x0a\x16\x24\x34\xe1\x25\xf1\x17\x18\x19\x1a\x26\x27\x28\
\x29\x2a\x35\x36\x37\x38\x39\x3a\x43\x44\x45\x46\x47\x48\x49\x4a\
\x53\x54\x55\x56\x57\x58\x59\x5a\x63\x64\x65\x66\x67\x68\x69\x6a\
\x73\x74\x75\x76\x77\x78\x79\x7a\x82\x83\x84\x85\x86\x87\x88\x89\
\x8a\x92\x93\x94\x95\x96\x97\x98\x99\x9a\xa2\xa3\xa4\xa5\xa6\xa7\
\xa8\xa9\xaa\xb2\xb3\xb4\xb5\xb6\xb7\xb8\xb9\xba\xc2\xc3\xc4\xc5\
\xc6\xc7\xc8\xc9\xca\xd2\xd3\xd4\xd5\xd6\xd7\xd8\xd9\xda\xe2\xe3\
\xe4\xe5\xe6\xe7\xe8\xe9\xea\xf2\xf3\xf4\xf5\xf6\xf7\xf8\xf9\xfa\
\xff\xda\x00\x0c\x03\x01\x00\x02\x11\x03\x11\x00\x3f\x00\xf1\xef\
\xa5\x28\xe6\x94\x8c\x53\x46\x6b\xf4\x3b\x59\x9c\x24\x99\x1e\x94\
\x63\xd2\x93\xb5\x00\xf3\x5a\x5c\x42\xd4\x90\x5b\xcf\x75\x2f\x95\
\x6f\x0c\x92\xc9\x8c\xed\x8d\x4b\x1f\xc8\x53\x2b\xad\xf0\x33\x98\
\x66\xbb\x92\x30\x4c\xc4\x2a\x8c\x76\x1c\xe6\xb9\xb1\x98\x8f\xab\
\xd1\x95\x4b\x5e\xc5\x42\x3c\xd2\xb1\xcb\xdb\xda\x4f\x73\x78\x96\
\x91\xc6\x4c\xee\xdb\x42\x1e\x39\xf7\xf4\xab\x5a\xb6\x8d\x75\xa2\
\xce\x91\x5d\x79\x79\x71\x90\x51\xb7\x0a\xde\x75\x78\xbc\x7e\xc7\
\x6e\x1d\xb2\x47\xb1\x29\x4c\xf1\x75\xbc\x8d\x25\x88\x94\x8c\xbb\
\x15\x04\x76\xe9\x5c\x0b\x32\x94\xab\xc2\x09\x7b\xb2\x8d\xff\x00\
\x0f\xf8\x06\x9e\xc9\x72\xb7\xd5\x1c\x9e\x69\xa4\xd7\x4b\xe2\x3d\
\x0a\xcf\x4c\xb1\xb6\x9e\xd1\xa5\x25\xce\xd7\x12\x10\x72\x71\xd4\
\x60\x71\x5c\xc9\xc8\xaf\x42\x86\x22\x15\xa1\xcf\x0d\x88\x94\x1c\
\x5d\x98\xb4\x06\xc5\x37\x75\x19\xcd\x69\x7e\xc2\xb0\xe2\x41\xa8\
\xcd\x3b\x8a\x4c\x7a\x54\x4a\xec\x68\x6d\x14\xb4\x56\x7c\xa5\x5c\
\x93\x21\xa8\xce\x29\xa3\x81\xde\x97\xad\x6e\x9b\x22\xc2\x82\x45\
\x07\x93\x49\x9a\x09\x03\xa5\x17\xd0\x05\x06\xba\xaf\x05\xdc\x08\
\xae\x2e\x93\x19\x66\x55\x23\xf0\x27\xfc\x6b\x93\xcd\x74\x9e\x0b\
\x8d\xe4\xd6\x5b\x67\x20\x42\x49\xfc\xc5\x70\xe6\x49\x4b\x0b\x35\
\xe4\x5d\x3d\x26\x8d\xcd\x53\xf7\x7e\x2d\xb0\xb8\xd8\x15\xa5\x8c\
\xa9\xfa\x81\xff\x00\xd7\xa9\x7c\x49\x03\x4f\x6f\xa7\x2b\xa8\x56\
\x37\x4a\x01\xfa\xe6\xb6\xb5\x1d\x06\x5b\xdb\xab\x0b\xc5\x65\x1f\
\x66\x72\xcc\x0f\x70\x47\xf8\xe2\xa4\xd4\xb4\x99\xef\xda\xc9\x93\
\x04\x41\x30\x91\x86\x7b\x60\xd7\xca\x47\x10\x94\xa1\x2b\xeb\x14\
\xd7\xe7\x63\xa9\xc7\x73\x9f\xf1\xe4\x70\xc5\xa3\xdb\x2c\x20\x7c\
\xb2\x00\x4e\x7d\x8d\x79\xe9\x39\x15\xe8\x1e\x39\xb7\xb9\xb8\x58\
\x2d\x6c\xec\xe5\x94\xe4\xbb\xf9\x68\x5b\x00\x7d\x3e\xb5\xe7\xc7\
\x28\xc5\x58\x10\x47\x04\x1e\xd5\xf4\x39\x3c\xed\x87\x4b\xcd\x9c\
\xf5\x57\xbc\x21\xa6\xe6\x97\x75\x15\xe9\xb6\x9e\xc4\x09\xcd\x1c\
\xd2\xf4\xa7\x02\x28\x51\x5d\xc2\xe0\x3d\xe8\xa5\x26\x8a\xbb\x21\
\x0c\xdc\x47\x7a\x76\x69\xa3\x9a\x5c\x52\x8d\xc1\x8b\x49\x46\x69\
\x33\x43\x00\xae\xe3\xe1\xd5\xa7\x99\x71\x7b\x70\x4f\xdd\x55\x45\
\x1e\xa4\x9c\xff\x00\x4a\xe2\x3b\x57\xa2\x7c\x3b\x2f\x1e\x9d\x70\
\xca\x99\xdd\x37\x5f\xa0\x15\xe6\xe6\xb2\xe5\xc3\x4b\xce\xc6\x94\
\xfe\x23\xbb\x56\x0b\x18\x0e\x9d\x47\xad\x2c\x6c\x14\x11\xce\x3d\
\x4d\x3a\x30\x58\x60\x8f\xd2\xa1\xb8\x3b\x55\x8f\x22\xbe\x36\xc7\
\x55\xc9\x20\x75\x0e\x64\x4c\x06\x6f\x7e\xd5\xe3\x9e\x35\x8d\x62\
\xf1\x55\xde\xc0\x00\x7c\x3f\x1d\xc9\x1c\x9a\xf4\xcb\xcb\xd0\xb0\
\xec\x45\xc5\x79\x16\xbf\x72\x6e\x75\x9b\x86\x27\x3b\x4e\xc1\xf8\
\x57\xaf\x94\xb9\x46\xa3\x7e\x46\x75\x2c\xd1\x9d\x9a\x70\x34\xca\
\x55\xaf\xa1\x84\xb5\x31\x64\x94\xde\x94\xa3\x34\x1a\xe9\x6a\xe4\
\x80\x34\x52\x11\x45\x45\xd8\xec\x28\x34\xbc\x53\x05\x38\x55\xd3\
\x95\xc4\xc5\xe2\x80\x71\x47\x6a\x4c\xd5\xbd\x04\x3a\xbd\x6f\xe1\
\xcd\xbe\xfd\x0a\x20\xbc\xe5\xd9\x9b\x1f\x5f\xfe\xb5\x79\x1e\x6b\
\xdc\xfe\x18\x5b\xc6\x9e\x13\x82\x45\x5f\x9a\x46\x66\x63\xea\x79\
\xaf\x23\x3b\x7f\xec\xeb\xd5\x1a\x53\xf8\x8e\x97\xec\x82\x33\xd2\
\xb2\xf5\x08\x5d\xdb\x60\x18\x5a\xe8\x1f\xad\x56\xba\x01\xad\xdc\
\x90\x32\x07\x15\xf2\x68\xde\xe7\x9c\xf8\x83\x50\xb7\xd2\xad\xa4\
\x91\xbe\xf0\x1f\x28\xf5\x35\xe4\xb2\x48\xd3\x4a\xf2\x31\xf9\x9c\
\x96\x3f\x8d\x74\x7e\x3c\xbb\x9a\x4d\x68\xc2\xcd\xf2\x2f\x41\x5c\
\xca\xd7\xb7\x97\xc7\x97\x5e\xe6\x72\x63\xba\x50\x0f\x34\xb4\xd3\
\x5e\xb3\x7c\xba\x90\x4a\x0d\x19\xa6\x02\x69\x7b\x57\x42\xa8\xda\
\x26\xc2\xe6\x8a\x8c\xd1\x59\xfb\x56\x3b\x1f\xff\xd9\
\x00\x00\x06\x9a\
\xff\
\xd8\xff\xe0\x00\x10\x4a\x46\x49\x46\x00\x01\x01\x00\x00\x01\x00\
\x01\x00\x00\xff\xdb\x00\x43\x00\x08\x06\x06\x07\x06\x05\x08\x07\
\x07\x07\x09\x09\x08\x0a\x0c\x14\x0d\x0c\x0b\x0b\x0c\x19\x12\x13\
\x0f\x14\x1d\x1a\x1f\x1e\x1d\x1a\x1c\x1c\x20\x24\x2e\x27\x20\x22\
\x2c\x23\x1c\x1c\x28\x37\x29\x2c\x30\x31\x34\x34\x34\x1f\x27\x39\
\x3d\x38\x32\x3c\x2e\x33\x34\x32\xff\xdb\x00\x43\x01\x09\x09\x09\
\x0c\x0b\x0c\x18\x0d\x0d\x18\x32\x21\x1c\x21\x32\x32\x32\x32\x32\
\x32\x32\x32\x32\x32\x32\x32\x32\x32\x32\x32\x32\x32\x32\x32\x32\
\x32\x32\x32\x32\x32\x32\x32\x32\x32\x32\x32\x32\x32\x32\x32\x32\
\x32\x32\x32\x32\x32\x32\x32\x32\x32\x32\x32\x32\x32\xff\xc0\x00\
\x11\x08\x00\x3c\x00\x78\x03\x01\x22\x00\x02\x11\x01\x03\x11\x01\
\xff\xc4\x00\x1f\x00\x00\x01\x05\x01\x01\x01\x01\x01\x01\x00\x00\
\x00\x00\x00\x00\x00\x00\x01\x02\x03\x04\x05\x06\x07\x08\x09\x0a\
\x0b\xff\xc4\x00\xb5\x10\x00\x02\x01\x03\x03\x02\x04\x03\x05\x05\
\x04\x04\x00\x00\x01\x7d\x01\x02\x03\x00\x04\x11\x05\x12\x21\x31\
\x41\x06\x13\x51\x61\x07\x22\x71\x14\x32\x81\x91\xa1\x08\x23\x42\
\xb1\xc1\x15\x52\xd1\xf0\x24\x33\x62\x72\x82\x09\x0a\x16\x17\x18\
\x19\x1a\x25\x26\x27\x28\x29\x2a\x34\x35\x36\x37\x38\x39\x3a\x43\
\x44\x45\x46\x47\x48\x49\x4a\x53\x54\x55\x56\x57\x58\x59\x5a\x63\
\x64\x65\x66\x67\x68\x69\x6a\x73\x74\x75\x76\x77\x78\x79\x7a\x83\
\x84\x85\x86\x87\x88\x89\x8a\x92\x93\x94\x95\x96\x97\x98\x99\x9a\
\xa2\xa3\xa4\xa5\xa6\xa7\xa8\xa9\xaa\xb2\xb3\xb4\xb5\xb6\xb7\xb8\
\xb9\xba\xc2\xc3\xc4\xc5\xc6\xc7\xc8\xc9\xca\xd2\xd3\xd4\xd5\xd6\
\xd7\xd8\xd9\xda\xe1\xe2\xe3\xe4\xe5\xe6\xe7\xe8\xe9\xea\xf1\xf2\
\xf3\xf4\xf5\xf6\xf7\xf8\xf9\xfa\xff\xc4\x00\x1f\x01\x00\x03\x01\
\x01\x01\x01\x01\x01\x01\x01\x01\x00\x00\x00\x00\x00\x00\x01\x02\
\x03\x04\x05\x06\x07\x08\x09\x0a\x0b\xff\xc4\x00\xb5\x11\x00\x02\
\x01\x02\x04\x04\x03\x04\x07\x05\x04\x04\x00\x01\x02\x77\x00\x01\
\x02\x03\x11\x04\x05\x21\x31\x06\x12\x41\x51\x07\x61\x71\x13\x22\
\x32\x81\x08\x14\x42\x91\xa1\xb1\xc1\x09\x23\x33\x52\xf0\x15\x62\
\x72\xd1\x0a\x16\x24\x34\xe1\x25\xf1\x17\x18\x19\x1a\x26\x27\x28\
\x29\x2a\x35\x36\x37\x38\x39\x3a\x43\x44\x45\x46\x47\x48\x49\x4a\
\x53\x54\x55\x56\x57\x58\x59\x5a\x63\x64\x65\x66\x67\x68\x69\x6a\
\x73\x74\x75\x76\x77\x78\x79\x7a\x82\x83\x84\x85\x86\x87\x88\x89\
\x8a\x92\x93\x94\x95\x96\x97\x98\x99\x9a\xa2\xa3\xa4\xa5\xa6\xa7\
\xa8\xa9\xaa\xb2\xb3\xb4\xb5\xb6\xb7\xb8\xb9\xba\xc2\xc3\xc4\xc5\
\xc6\xc7\xc8\xc9\xca\xd2\xd3\xd4\xd5\xd6\xd7\xd8\xd9\xda\xe2\xe3\
\xe4\xe5\xe6\xe7\xe8\xe9\xea\xf2\xf3\xf4\xf5\xf6\xf7\xf8\xf9\xfa\
\xff\xda\x00\x0c\x03\x01\x00\x02\x11\x03\x11\x00\x3f\x00\xf3\x44\
\xe0\x7b\x53\xb6\xab\x74\x35\x12\xe7\x3c\xd4\x80\xe0\xf1\x5f\xab\
\xa3\xc9\x1c\x03\x2f\x14\xe3\xef\x4a\xa4\x11\x4b\x8e\xd5\xa2\x10\
\xcc\xe2\x97\x82\x29\x0a\x91\x4d\x27\x1d\x0f\x34\xaf\x60\x1d\xd2\
\x82\x3d\x31\x49\x92\x7a\xd6\x8e\x83\x67\x1e\xa1\xae\x5a\x5b\x4c\
\x33\x13\x3f\xce\x33\x8c\x81\xc9\xfe\x55\x15\x6a\xc6\x9d\x37\x52\
\x5b\x25\x7f\xb8\xa8\xa6\xdd\x91\x9b\x9c\x75\xa7\xab\x0a\xea\xfc\
\x6f\xa5\x69\xb6\x0d\x69\x36\x9d\x00\x81\x64\xdc\xae\x81\x89\x07\
\x18\xc1\xe6\xb9\x38\xa0\x96\xe2\x64\x8a\x08\xda\x49\x1c\xe1\x51\
\x06\x49\x3e\xd5\x8e\x17\x19\x0c\x45\x15\x5a\x3a\x27\xdf\xc8\xaa\
\x94\xdc\x25\xca\xc1\xbe\x95\x13\x1c\xd5\xbb\xcb\x4b\xcd\x36\x6f\
\x22\xfa\xda\x48\x25\xc6\x76\xc8\xb8\x38\xaa\x6c\xd9\x3c\x56\xfc\
\xf1\x92\xe6\x8b\xba\x26\xd6\xdc\x8c\xf5\xa5\x44\xcb\x02\x45\x38\
\x2e\x7b\x54\xaa\xb8\x5a\x4a\x37\x0b\x8e\xe1\x48\xc5\x15\x11\x07\
\x76\x73\x45\x55\xc5\x61\x32\x49\xe2\x9f\x9f\x97\xa5\x46\x0e\xdf\
\xc6\x9e\x3e\x6e\xfc\x52\x40\x22\x92\xa7\xaf\x15\x28\x73\x51\xb1\
\xfc\xa9\xcb\xcf\x4a\x68\x07\x87\xf5\xae\xc3\x53\xf0\x85\x9c\x1e\
\x11\x83\x56\xb5\x9a\x57\xb8\xda\xaf\x32\xb6\x36\xe1\xbd\x3e\x99\
\xae\x2d\xb8\xeb\x5e\xa7\xe1\x19\xe3\xd5\x7c\x25\xf6\x29\x97\x7a\
\xed\x68\x1c\x9e\xc3\xb7\xe8\x45\x79\x19\xc6\x26\xae\x1a\x34\xea\
\xc1\xe8\xa4\xaf\xe6\x8d\xa8\x41\x4d\xb8\xb3\xce\xf4\xcd\x22\xef\
\x58\xbc\x16\xb6\x71\x87\x90\x8c\x9d\xcc\x14\x01\xea\x49\xae\xa3\
\xc3\x3e\x1c\xbd\xd3\x3c\x4a\x3e\xdd\x06\xdf\x2a\x26\x65\x2a\x43\
\x2b\x76\xe0\x8f\xad\x55\xd0\xed\xa4\xd3\xe7\xd4\x61\x73\x89\x21\
\x90\x46\x4e\x71\x9e\xb5\xd8\xe8\x77\x02\x25\x64\x0c\x1a\x42\x30\
\x01\xe4\xd7\x89\x9b\x67\x75\x14\xe7\x87\x82\x5c\xad\x5a\xfd\x75\
\x57\xfd\x4e\x9a\x18\x78\xb8\xa9\xb7\xa9\xca\x7c\x43\x75\x32\xd8\
\xaa\x0d\xb8\x0e\x48\xc6\x3d\x2a\xc7\xc3\x9d\x22\x5d\xd3\xea\xee\
\xa0\x04\x1e\x5c\x2c\xde\xbf\xc4\x47\xf2\xfc\xe9\x7c\x47\xa3\xdf\
\xf8\x83\xc5\xd0\xd9\xc7\x04\x81\x16\x35\x0f\x21\x53\xb5\x01\xe4\
\x9c\xd7\x47\xe2\x1b\x8b\x6f\x09\xf8\x79\x61\xb7\x3b\x4a\x28\x48\
\xd3\xd4\xff\x00\x9e\x6b\x39\x62\x5c\x32\xfa\x78\x4a\x5a\xce\x5f\
\x93\x63\x51\xbd\x47\x37\xb2\x3c\xf3\xc6\x7a\xb0\xd4\x7c\x41\x21\
\xea\x21\x1e\x5f\xaf\x23\xad\x73\xfb\x83\x7a\x53\x5c\xf9\xd2\xbc\
\x92\x31\x2e\xc4\xb1\x3e\xe6\x9c\xb0\x03\xc8\x35\xf5\x98\x3a\x0e\
\x8d\x18\xd3\xec\x8e\x39\xcb\x9a\x4e\x4c\x7a\xe7\xeb\x4f\x07\x8c\
\x0a\x40\xbb\x07\x5a\x6b\xb1\xae\xcd\x8c\xc0\x8e\x68\xa8\x59\xe8\
\xa8\xe6\x45\x58\x76\x77\x50\x01\x07\xad\x21\x38\xa5\x0d\x9e\xd4\
\x84\x38\x8e\x29\xb9\x60\x78\xa7\x75\xed\x4d\x6c\x0e\xf4\x30\x1e\
\xb2\x1e\x84\x66\xbd\x1f\xe1\x91\x4f\x23\x50\x69\x5b\x11\x06\x52\
\x01\xf5\xc1\xff\x00\xeb\x57\x98\x89\x36\x9a\xf5\xdf\x85\xf0\x2b\
\x68\x33\x4c\xc0\x0f\x36\x63\x8e\x3b\x00\x05\x78\x99\xfd\x55\xf5\
\x19\x45\xf5\x6b\xf3\x37\xc3\xaf\xde\x26\x5c\xbd\x16\xf2\x5c\xbf\
\x95\x6f\x10\xf3\x0e\x5c\xaa\x7c\xcc\x7e\xb4\xeb\x3b\x36\xb7\x60\
\x41\x23\xd3\x70\xe6\xba\x19\x6d\x13\x96\xce\x3d\xea\x95\xc4\x91\
\x3c\x98\x1c\x60\x63\x1e\xd5\xf9\xee\xb2\xd5\x9e\x93\x6b\x63\x52\
\xde\xfa\x44\x83\x07\xe6\x20\x63\xa8\x15\xe3\xdf\x11\x35\x76\xbf\
\xd6\xd6\xd4\xb0\xc4\x03\xe6\x00\xf1\x93\xff\x00\xd6\xae\xda\xf6\
\xf4\xda\xee\x76\x93\x11\x22\x92\x79\xaf\x1c\xbb\xbb\x7d\x43\x50\
\x9e\xe9\xf2\x4c\x8e\x5b\xf0\xed\x5f\x45\xc3\xd8\x77\x3c\x47\xb4\
\x7b\x47\xf3\x67\x2e\x22\x7e\xed\x88\xd8\xe0\x53\x52\x72\x87\x06\
\x87\x3c\x74\xa8\x08\xe6\xbe\xde\x52\x69\xe8\x71\x24\x5d\xf3\x83\
\x0a\x6b\x37\xa5\x51\xde\xca\x6a\x45\x91\x88\xa4\xab\x5f\x46\x1c\
\xa4\xac\xc2\x8a\x85\xb3\x45\x4c\xa7\xa8\xec\x5b\x21\x69\x01\x00\
\xf1\x9a\x5e\xd4\x87\xad\x6c\x41\x28\x3b\x87\x02\x98\xe3\x8e\x94\
\x8a\x4d\x3f\x26\xab\x74\x05\x57\x1c\xd7\xa7\x7c\x38\xd5\x0a\xe9\
\x66\xd9\x7f\xe5\x94\x87\x77\xb0\x3c\xd7\x9a\x4b\x5d\x97\xc3\x0c\
\xc9\xae\xdc\x42\x58\x84\x68\xc6\x40\x38\xee\x6b\xe7\xf3\xda\x4a\
\x58\x59\x79\x59\x9d\x18\x77\xef\xa3\xd4\xef\x2f\x37\xc6\xa5\x0e\
\x40\x1c\x8a\xe6\x6f\x2f\x8a\x9c\x80\x55\xab\xb2\xb9\xb6\x8e\x08\
\x1d\x90\x36\x55\x4e\x32\xc4\xd7\x2a\xb6\x50\xc8\xa1\x9c\x16\x2d\
\xd7\x26\xbe\x05\x3b\x33\xb9\xea\x72\xde\x20\xd4\x24\x3a\x15\xd8\
\x61\x80\xcb\x8c\xfd\x4e\x2b\xcf\x62\x6c\x0f\xad\x76\xfe\x3c\xfd\
\xc5\xbd\xbc\x11\xf1\x1b\x48\x32\x3d\x6b\x86\x6e\x07\x15\xf7\x1c\
\x3d\x0e\x5c\x3b\x97\x76\x71\x57\x77\x95\x89\x1d\xf8\xaa\xec\xd4\
\xec\x9c\x54\x72\xf4\xaf\x6e\xa4\xdb\x46\x51\x42\x6e\x06\x94\x67\
\xb5\x41\xde\xa4\x56\x35\xcf\x09\xdd\x9a\x38\x8f\x2d\xd8\xd1\x4d\
\xc9\x23\x9a\x2b\x4b\xb1\x58\xff\xd9\
\x00\x00\x06\x14\
\xff\
\xd8\xff\xe0\x00\x10\x4a\x46\x49\x46\x00\x01\x01\x00\x00\x01\x00\
\x01\x00\x00\xff\xdb\x00\x43\x00\x08\x06\x06\x07\x06\x05\x08\x07\
\x07\x07\x09\x09\x08\x0a\x0c\x14\x0d\x0c\x0b\x0b\x0c\x19\x12\x13\
\x0f\x14\x1d\x1a\x1f\x1e\x1d\x1a\x1c\x1c\x20\x24\x2e\x27\x20\x22\
\x2c\x23\x1c\x1c\x28\x37\x29\x2c\x30\x31\x34\x34\x34\x1f\x27\x39\
\x3d\x38\x32\x3c\x2e\x33\x34\x32\xff\xdb\x00\x43\x01\x09\x09\x09\
\x0c\x0b\x0c\x18\x0d\x0d\x18\x32\x21\x1c\x21\x32\x32\x32\x32\x32\
\x32\x32\x32\x32\x32\x32\x32\x32\x32\x32\x32\x32\x32\x32\x32\x32\
\x32\x32\x32\x32\x32\x32\x32\x32\x32\x32\x32\x32\x32\x32\x32\x32\
\x32\x32\x32\x32\x32\x32\x32\x32\x32\x32\x32\x32\x32\xff\xc0\x00\
\x11\x08\x00\x3c\x00\x78\x03\x01\x22\x00\x02\x11\x01\x03\x11\x01\
\xff\xc4\x00\x1f\x00\x00\x01\x05\x01\x01\x01\x01\x01\x01\x00\x00\
\x00\x00\x00\x00\x00\x00\x01\x02\x03\x04\x05\x06\x07\x08\x09\x0a\
\x0b\xff\xc4\x00\xb5\x10\x00\x02\x01\x03\x03\x02\x04\x03\x05\x05\
\x04\x04\x00\x00\x01\x7d\x01\x02\x03\x00\x04\x11\x05\x12\x21\x31\
\x41\x06\x13\x51\x61\x07\x22\x71\x14\x32\x81\x91\xa1\x08\x23\x42\
\xb1\xc1\x15\x52\xd1\xf0\x24\x33\x62\x72\x82\x09\x0a\x16\x17\x18\
\x19\x1a\x25\x26\x27\x28\x29\x2a\x34\x35\x36\x37\x38\x39\x3a\x43\
\x44\x45\x46\x47\x48\x49\x4a\x53\x54\x55\x56\x57\x58\x59\x5a\x63\
\x64\x65\x66\x67\x68\x69\x6a\x73\x74\x75\x76\x77\x78\x79\x7a\x83\
\x84\x85\x86\x87\x88\x89\x8a\x92\x93\x94\x95\x96\x97\x98\x99\x9a\
\xa2\xa3\xa4\xa5\xa6\xa7\xa8\xa9\xaa\xb2\xb3\xb4\xb5\xb6\xb7\xb8\
\xb9\xba\xc2\xc3\xc4\xc5\xc6\xc7\xc8\xc9\xca\xd2\xd3\xd4\xd5\xd6\
\xd7\xd8\xd9\xda\xe1\xe2\xe3\xe4\xe5\xe6\xe7\xe8\xe9\xea\xf1\xf2\
\xf3\xf4\xf5\xf6\xf7\xf8\xf9\xfa\xff\xc4\x00\x1f\x01\x00\x03\x01\
\x01\x01\x01\x01\x01\x01\x01\x01\x00\x00\x00\x00\x00\x00\x01\x02\
\x03\x04\x05\x06\x07\x08\x09\x0a\x0b\xff\xc4\x00\xb5\x11\x00\x02\
\x01\x02\x04\x04\x03\x04\x07\x05\x04\x04\x00\x01\x02\x77\x00\x01\
\x02\x03\x11\x04\x05\x21\x31\x06\x12\x41\x51\x07\x61\x71\x13\x22\
\x32\x81\x08\x14\x42\x91\xa1\xb1\xc1\x09\x23\x33\x52\xf0\x15\x62\
\x72\xd1\x0a\x16\x24\x34\xe1\x25\xf1\x17\x18\x19\x1a\x26\x27\x28\
\x29\x2a\x35\x36\x37\x38\x39\x3a\x43\x44\x45\x46\x47\x48\x49\x4a\
\x53\x54\x55\x56\x57\x58\x59\x5a\x63\x64\x65\x66\x67\x68\x69\x6a\
\x73\x74\x75\x76\x77\x78\x79\x7a\x82\x83\x84\x85\x86\x87\x88\x89\
\x8a\x92\x93\x94\x95\x96\x97\x98\x99\x9a\xa2\xa3\xa4\xa5\xa6\xa7\
\xa8\xa9\xaa\xb2\xb3\xb4\xb5\xb6\xb7\xb8\xb9\xba\xc2\xc3\xc4\xc5\
\xc6\xc7\xc8\xc9\xca\xd2\xd3\xd4\xd5\xd6\xd7\xd8\xd9\xda\xe2\xe3\
\xe4\xe5\xe6\xe7\xe8\xe9\xea\xf2\xf3\xf4\xf5\xf6\xf7\xf8\xf9\xfa\
\xff\xda\x00\x0c\x03\x01\x00\x02\x11\x03\x11\x00\x3f\x00\xf2\x76\
\x5c\x7a\x7e\x14\x80\xd2\x91\xe8\x31\x4d\x23\x04\x57\xe9\x96\xb1\
\xe6\x92\x80\x0f\x6e\x68\x20\xad\x34\x1c\xf1\x4e\x07\x1d\x6a\xd5\
\x80\x5d\xf9\xe3\x14\x86\xba\x0d\x2f\x4b\xd2\x6e\xf4\xe1\x25\xcc\
\xf7\x0b\x70\xc4\x81\xe5\xe3\x6a\xfe\x18\xe6\xb2\xf5\x3d\x36\x5d\
\x36\xe7\xca\x7c\x32\xb0\xdd\x1b\x8e\x8c\xbe\xb5\xcb\x4b\x1d\x46\
\xa5\x59\x51\x4f\xde\x5d\x0b\x95\x39\x46\x2a\x4d\x68\x53\xce\x29\
\x0e\x3b\x53\x7e\xb5\xa3\xa1\xe9\x33\xeb\x7a\xbc\x1a\x7d\xbf\x59\
\x1b\xe6\x6c\x7d\xc5\xee\x4f\xe1\x5d\x13\xa8\xa1\x17\x29\x68\x91\
\x29\x5f\x44\x5b\xd0\xbc\x2b\xa8\x6b\xcb\x24\xb0\x04\x8a\xda\x3f\
\xbf\x3c\xc7\x09\x9f\x41\xea\x6b\x1e\xea\x0f\xb3\xdc\xcb\x01\x91\
\x5f\xcb\x62\xbb\x90\xe4\x1c\x7a\x57\xab\x78\xba\xee\xcb\x40\xf0\
\xca\xe9\x76\x2a\x50\x46\xbb\x13\x9e\x49\xee\x4f\xbf\x7a\xf2\x22\
\xd9\x24\xe6\xbc\xcc\x06\x32\xa6\x29\xce\xa5\xad\x0b\xd9\x77\x35\
\xa9\x05\x04\x97\x51\x73\x8a\x50\xf4\xc0\x68\x3c\xd7\xa5\x73\x21\
\xcc\x33\xde\xa2\x61\x8a\x5c\x91\x4d\x39\x3d\xaa\x24\xee\x52\x18\
\x68\xa5\xc5\x15\x97\x29\x57\x2e\x06\x0c\xbd\x39\xa6\x75\x6c\x9a\
\x8c\x92\x0f\x14\xfc\xfe\x95\xd1\xcd\x7d\xcc\xec\x2f\x02\x9c\x71\
\x8c\xd4\x40\xe4\xf3\x4b\x9c\xf0\x05\x09\x85\x8d\xbf\x0f\xdc\x8f\
\x39\xed\xd9\x77\x6e\xf9\x94\x13\xdc\x56\xff\x00\x88\xad\xde\x7f\
\x0f\x47\x36\xd1\x9b\x77\xcf\x03\xa2\x9e\x0f\xeb\x8a\xe6\x3c\x3e\
\xa1\xf5\xeb\x45\x27\x82\xc4\x1f\xc8\xd7\xa6\x58\x59\x47\x79\x6f\
\x3d\x95\xc2\x1f\x29\xc1\x53\xf4\x35\xf2\x59\x9c\x96\x13\x30\x8d\
\x68\xf9\x37\xf9\x3f\xc0\xec\xa5\xef\xd3\x71\x67\x98\xda\x69\x77\
\xfa\x8c\x6c\xf6\x96\x57\x13\xa2\x9c\x33\x47\x19\x60\x0f\xd4\x57\
\xb0\x78\x37\xc2\xf1\xf8\x57\x4c\x92\xe2\xe3\x0d\xa9\x5c\x28\xdf\
\x81\xfe\xad\x7f\xba\x0f\xf3\xad\x2d\x22\x1b\x3d\x03\x4c\x8e\xce\
\xcf\x76\xc4\x5c\x12\xc7\xa9\xee\x4f\xbd\x53\xbd\xbe\x96\x66\x3b\
\x18\x60\x75\xac\x73\x0c\xe6\x78\xa8\xba\x70\x56\x8f\xe2\xc2\x9d\
\x15\x17\x76\x79\x6f\x8e\xb5\x66\xbd\xd7\xa6\x8b\x27\x64\x27\x6e\
\x3d\x4d\x73\x2a\x03\x2e\x6b\xb5\xf1\x86\x93\x61\xf6\x0f\xb7\x42\
\x92\x0b\xd2\xdb\xa4\x20\xe4\x38\xee\x48\xed\x5c\x4a\x36\x05\x7b\
\xf9\x45\x4a\x72\xa1\x15\x4d\x59\x2d\x1f\xaf\x53\x1a\xa9\xf3\x5d\
\x8d\x61\x83\x4c\xdf\xcd\x4a\x46\x6a\x06\x00\x1a\xee\xa9\x78\xea\
\x88\x8e\xa3\xf7\xd1\xbe\x98\x31\xde\x9e\x15\x4d\x24\xe4\xc7\x64\
\x83\x83\x45\x38\x20\x14\x55\xf2\xb1\x00\x2a\x0f\x53\x4e\xca\xf6\
\x26\xa3\x18\xa5\x1c\x52\x4c\x56\x1e\x4d\x01\x8f\x4a\x6d\x29\xfa\
\xd5\x5c\x46\x86\x89\x70\xb6\xda\xdd\x9c\xad\xf7\x44\xa0\x1f\xa1\
\xe3\xfa\xd7\xad\x29\x39\xde\x84\xf1\x5e\x27\xb8\xe7\x20\xf2\x2b\
\xd6\x7c\x11\xa9\x8d\x62\x2f\x2d\xce\x65\x45\x01\xd7\xfa\xd7\xcd\
\x67\xf4\x25\x25\x1a\xab\x65\xa3\x3a\x68\x3b\x68\x6a\xcc\x2e\x7e\
\x52\xaa\x4a\x9e\xf4\xe3\x98\xed\x9c\xbf\x04\x8c\x57\x43\x15\xb1\
\x89\x4a\xed\xf9\x3d\x0d\x64\x6b\x00\x24\x47\x66\x07\x7a\xf9\x88\
\xb3\xa5\x9c\x76\xab\x70\x15\x25\x6d\xdb\x72\x36\x03\xe8\x3b\xd7\
\x9c\x12\x39\x00\xf1\x5d\x1f\x8a\x2f\x5d\x7f\x72\x0e\x0b\x8e\x9e\
\x82\xb9\x4c\x90\x6b\xeb\x72\x68\xba\x34\xdc\xa5\xb4\xbf\x43\x96\
\xaf\xbc\xc9\xea\x36\xa4\x0e\x69\x09\xcd\x7b\x52\x9a\x6b\x43\x24\
\x85\xa3\x38\x34\xdc\xd2\xd4\x46\x45\x58\x90\x3e\x68\xa8\xe8\xad\
\x3d\xa3\x15\x87\x03\x4e\x07\xd0\x54\x5d\xe9\xfd\xaa\x62\xc4\xd0\
\xe3\x93\xda\x93\xf0\xa0\x51\x57\x70\x17\x81\x5e\x89\xf0\x8e\xce\
\x79\x35\xbb\x9b\xa1\x91\x02\x46\x11\xbd\xd8\x9e\x2b\xce\xc7\x4a\
\xf7\x9f\x86\x96\x90\xdb\x78\x4e\xda\x48\x97\x0d\x36\xe7\x73\xea\
\x72\x2b\xc9\xce\x2a\xf2\x61\xda\xef\xa1\xa5\x25\xef\x1d\x5d\xcb\
\x05\x53\x5c\xb6\xa9\xfb\xdd\xc3\xaf\xb5\x6f\xdf\x31\xc8\xae\x67\
\x51\x91\x96\x46\xc1\xed\x5f\x19\x1d\xce\xab\x9e\x33\xe2\x1b\x8f\
\x3f\x5d\xb9\x2a\xdb\x91\x1b\x62\xfd\x05\x66\x62\xad\x6a\x47\x3a\
\xc5\xe7\x00\x7e\xf9\xba\x7d\x6a\x13\xf7\x6b\xee\xf0\x74\x97\xb2\
\x4b\xc8\xe4\x93\xb3\x21\xa5\xcd\x29\xa6\x9a\x72\xbc\x47\xb8\xa0\
\xd3\xb2\x29\x94\x55\x46\x56\x15\x87\xe6\x8a\x66\x4d\x15\x5c\xe1\
\x63\xff\xd9\
\x00\x00\x05\x90\
\xff\
\xd8\xff\xe0\x00\x10\x4a\x46\x49\x46\x00\x01\x01\x00\x00\x01\x00\
\x01\x00\x00\xff\xdb\x00\x43\x00\x08\x06\x06\x07\x06\x05\x08\x07\
\x07\x07\x09\x09\x08\x0a\x0c\x14\x0d\x0c\x0b\x0b\x0c\x19\x12\x13\
\x0f\x14\x1d\x1a\x1f\x1e\x1d\x1a\x1c\x1c\x20\x24\x2e\x27\x20\x22\
\x2c\x23\x1c\x1c\x28\x37\x29\x2c\x30\x31\x34\x34\x34\x1f\x27\x39\
\x3d\x38\x32\x3c\x2e\x33\x34\x32\xff\xdb\x00\x43\x01\x09\x09\x09\
\x0c\x0b\x0c\x18\x0d\x0d\x18\x32\x21\x1c\x21\x32\x32\x32\x32\x32\
\x32\x32\x32\x32\x32\x32\x32\x32\x32\x32\x32\x32\x32\x32\x32\x32\
\x32\x32\x32\x32\x32\x32\x32\x32\x32\x32\x32\x32\x32\x32\x32\x32\
\x32\x32\x32\x32\x32\x32\x32\x32\x32\x32\x32\x32\x32\xff\xc0\x00\
\x11\x08\x00\x3c\x00\x78\x03\x01\x22\x00\x02\x11\x01\x03\x11\x01\
\xff\xc4\x00\x1f\x00\x00\x01\x05\x01\x01\x01\x01\x01\x01\x00\x00\
\x00\x00\x00\x00\x00\x00\x01\x02\x03\x04\x05\x06\x07\x08\x09\x0a\
\x0b\xff\xc4\x00\xb5\x10\x00\x02\x01\x03\x03\x02\x04\x03\x05\x05\
\x04\x04\x00\x00\x01\x7d\x01\x02\x03\x00\x04\x11\x05\x12\x21\x31\
\x41\x06\x13\x51\x61\x07\x22\x71\x14\x32\x81\x91\xa1\x08\x23\x42\
\xb1\xc1\x15\x52\xd1\xf0\x24\x33\x62\x72\x82\x09\x0a\x16\x17\x18\
\x19\x1a\x25\x26\x27\x28\x29\x2a\x34\x35\x36\x37\x38\x39\x3a\x43\
\x44\x45\x46\x47\x48\x49\x4a\x53\x54\x55\x56\x57\x58\x59\x5a\x63\
\x64\x65\x66\x67\x68\x69\x6a\x73\x74\x75\x76\x77\x78\x79\x7a\x83\
\x84\x85\x86\x87\x88\x89\x8a\x92\x93\x94\x95\x96\x97\x98\x99\x9a\
\xa2\xa3\xa4\xa5\xa6\xa7\xa8\xa9\xaa\xb2\xb3\xb4\xb5\xb6\xb7\xb8\
\xb9\xba\xc2\xc3\xc4\xc5\xc6\xc7\xc8\xc9\xca\xd2\xd3\xd4\xd5\xd6\
\xd7\xd8\xd9\xda\xe1\xe2\xe3\xe4\xe5\xe6\xe7\xe8\xe9\xea\xf1\xf2\
\xf3\xf4\xf5\xf6\xf7\xf8\xf9\xfa\xff\xc4\x00\x1f\x01\x00\x03\x01\
\x01\x01\x01\x01\x01\x01\x01\x01\x00\x00\x00\x00\x00\x00\x01\x02\
\x03\x04\x05\x06\x07\x08\x09\x0a\x0b\xff\xc4\x00\xb5\x11\x00\x02\
\x01\x02\x04\x04\x03\x04\x07\x05\x04\x04\x00\x01\x02\x77\x00\x01\
\x02\x03\x11\x04\x05\x21\x31\x06\x12\x41\x51\x07\x61\x71\x13\x22\
\x32\x81\x08\x14\x42\x91\xa1\xb1\xc1\x09\x23\x33\x52\xf0\x15\x62\
\x72\xd1\x0a\x16\x24\x34\xe1\x25\xf1\x17\x18\x19\x1a\x26\x27\x28\
\x29\x2a\x35\x36\x37\x38\x39\x3a\x43\x44\x45\x46\x47\x48\x49\x4a\
\x53\x54\x55\x56\x57\x58\x59\x5a\x63\x64\x65\x66\x67\x68\x69\x6a\
\x73\x74\x75\x76\x77\x78\x79\x7a\x82\x83\x84\x85\x86\x87\x88\x89\
\x8a\x92\x93\x94\x95\x96\x97\x98\x99\x9a\xa2\xa3\xa4\xa5\xa6\xa7\
\xa8\xa9\xaa\xb2\xb3\xb4\xb5\xb6\xb7\xb8\xb9\xba\xc2\xc3\xc4\xc5\
\xc6\xc7\xc8\xc9\xca\xd2\xd3\xd4\xd5\xd6\xd7\xd8\xd9\xda\xe2\xe3\
\xe4\xe5\xe6\xe7\xe8\xe9\xea\xf2\xf3\xf4\xf5\xf6\xf7\xf8\xf9\xfa\
\xff\xda\x00\x0c\x03\x01\x00\x02\x11\x03\x11\x00\x3f\x00\xf1\xfc\
\x8e\xd4\x02\x33\x40\x19\xa4\x3d\x70\x2b\xf4\x5d\x8e\x01\xf9\xa5\
\x18\xa6\x0e\x38\xa5\x27\x06\xa9\x31\x0e\x23\x34\x63\x1d\xb3\x4d\
\xdd\x9a\x92\x26\x02\x64\xdc\x32\x37\x0c\xd3\x6d\x6e\x04\xf7\x3a\
\x75\xe5\x8a\xc4\xd7\x56\xb2\xc2\x25\x1b\x90\xba\xe3\x70\xa9\xf4\
\x9d\x1e\xf3\x5a\xba\x6b\x7b\x44\x52\xca\xa5\x99\x99\xb0\xaa\x3d\
\xcd\x75\xbe\x3b\x8e\x56\xd3\x60\x9d\xb0\x55\x64\xc7\x03\xee\x82\
\x2a\x3f\x03\xdb\x95\xd1\x35\x0b\xa0\xc5\x0b\xb8\x40\x40\xe4\x80\
\x3f\xfa\xf5\xe3\xff\x00\x6a\xb7\x82\x78\x84\xb5\xbd\xac\x6f\xec\
\x97\x3f\x29\xc4\xdd\x5a\xbd\xb5\xc4\x90\xc9\x8d\xe8\xc5\x4e\x0e\
\x45\x56\x3c\x54\xf7\x33\x99\x6e\x67\x76\xea\x5c\xff\x00\x3a\x84\
\x36\xee\xb5\xe8\xd3\x9f\x3c\x22\xde\xed\x19\xb5\x66\x26\xea\x50\
\x4d\x34\x82\x29\x37\x11\x4f\x9a\xdb\x8e\xc3\xc9\xa6\x9a\x37\x52\
\x13\x43\x69\x85\x86\x9a\x28\x34\x56\x2d\xea\x51\x32\xfa\x83\x4b\
\xd7\x9a\x85\x58\x83\xc1\xc5\x4a\x18\x1e\xa7\xf2\xae\x98\xb4\xd1\
\x9b\x41\xfc\x54\xec\x66\x9b\x91\xda\x93\x9e\xd4\xd0\x87\x74\x34\
\xaa\x46\x41\x07\x91\xcd\x34\xf2\x29\x15\x4b\x30\x0a\x09\x24\xe0\
\x0a\x4d\x8c\xf4\x9d\x79\x5e\xf7\xc2\xd2\xc9\xb8\xb6\xe8\x56\x50\
\x3f\x23\x59\xfa\x69\x92\xc3\xc1\x0b\x3e\xf2\xbb\x83\xb0\x5f\xc6\
\xbb\xab\x0b\x48\xa0\xb5\x82\x07\x8d\x49\x8e\x35\x52\x1b\xe9\x55\
\xee\xf4\xb8\x6f\x88\xb7\x08\x8b\x12\xff\x00\x08\x1f\x2e\x3d\x2b\
\xe0\x5d\x7b\x53\x74\x56\xdc\xd7\x3b\xed\xad\xcf\x11\x29\x28\x4f\
\x31\xd1\xc0\x73\x90\xc4\x1c\x1a\x10\xf3\x5e\xa5\xe3\x5d\x2e\xe6\
\xea\xc2\x2b\x1b\x14\x88\x85\xc6\x4e\x40\x0a\x00\xe8\x2b\xca\xb0\
\xd1\xca\xc8\xe3\x0c\xa7\x04\x7a\x1a\xfa\x1c\xbf\x1c\xaa\xa5\x17\
\xa5\x8e\x79\xc2\xc4\xc4\x53\x08\xa7\x83\x9e\xb4\x84\x57\xb6\xd5\
\xcc\x51\x1e\x29\x33\x4e\x22\x9a\x6b\x9e\x49\xad\x8b\x41\x9a\x29\
\x28\xac\x5b\x65\x0b\x4e\x56\xa6\x03\x45\x6d\x09\x3b\x5d\x12\xd1\
\x30\xa0\x9c\x54\x60\xd3\xc1\xcd\x74\x46\x57\x21\xa1\xdd\x6b\x47\
\x40\x54\x93\xc4\x36\x0b\x27\x29\xe7\xae\x7f\x3a\xcc\x39\xad\x2f\
\x0f\x3a\x0f\x10\x58\x19\x0e\x17\xce\x5f\xe7\x51\x88\xd2\x94\xbd\
\x18\xe3\xb9\xed\xb2\xb2\xba\x92\x38\x27\xbd\x53\x9d\xc5\xbc\x25\
\x81\xed\xde\xb6\xe3\xb3\x32\x40\xb2\x6d\xc0\x23\xbd\x64\x6b\x16\
\x13\x4a\x42\x84\x22\x2e\xe4\x57\xe7\x97\xd4\xed\x39\x7d\x43\x52\
\x5b\x1b\x39\x9d\x5b\x24\xa9\xce\x79\xc9\xaf\x29\x92\x63\x34\xf2\
\x4a\x7a\xbb\x16\xfc\xcd\x76\x9e\x2e\xbc\x8a\xd6\x07\xb7\x4e\x64\
\x6e\x05\x70\xe8\x3e\x5a\xf5\x70\x11\x7c\xd7\x22\x4c\x9d\x5b\x8a\
\x78\x6a\xae\x32\x0d\x48\x2b\xe9\x28\xd6\x93\x56\x66\x0d\x12\x12\
\x29\xa4\x52\x03\x4e\xeb\x5b\xdf\x98\x5b\x0c\x34\x53\xb8\xf4\xa2\
\xb3\x74\xfc\xc7\x72\x30\x73\x4e\xa8\x94\xd4\xa2\xb1\xc3\x4b\x99\
\x0e\x42\xe2\x9e\x0e\x29\x94\x66\xbb\xa3\xa1\x0c\x7e\x7d\x6a\xee\
\x8c\x8a\xfa\xdd\x8a\xb0\x24\x19\xd3\x20\x7f\xbc\x2a\x80\xeb\x5b\
\xfe\x0d\x8d\x67\xf1\x76\x9c\x8e\x32\xbe\x66\xec\x7b\x80\x48\xa9\
\xaf\x2b\x52\x94\xbb\x26\x0b\x73\xe8\x78\x71\xf6\x64\xc0\xe3\x1d\
\x2a\x95\xf4\xe6\x38\x9b\x1e\x9c\x8a\xbe\x9f\x2c\x60\x0a\xce\xd4\
\x40\x31\x37\xd2\xbf\x3e\x3a\xee\x7c\xfd\xe3\x39\x7c\xef\x13\xdc\
\xff\x00\x75\x48\x00\x7e\x15\x8a\x07\x15\xaf\xe2\xa5\x03\xc4\x97\
\x7f\xef\x0f\xe4\x2b\x1f\x35\xf4\x98\x3a\x6a\x30\x4f\xc9\x19\x49\
\xdc\x5e\x29\xc0\x8a\x88\x93\x49\xb8\xd7\x64\x2a\xa8\x3d\x89\x6a\
\xe4\xe4\x8a\x69\x70\x2a\x12\xc6\x9a\x58\xd4\x4f\x18\xd6\xc8\x6a\
\x24\xfe\x60\xa2\xab\x16\x34\x57\x3b\xc7\x4c\x7c\x88\xff\xd9\
\x00\x00\x06\x92\
\xff\
\xd8\xff\xe0\x00\x10\x4a\x46\x49\x46\x00\x01\x01\x00\x00\x01\x00\
\x01\x00\x00\xff\xdb\x00\x43\x00\x08\x06\x06\x07\x06\x05\x08\x07\
\x07\x07\x09\x09\x08\x0a\x0c\x14\x0d\x0c\x0b\x0b\x0c\x19\x12\x13\
\x0f\x14\x1d\x1a\x1f\x1e\x1d\x1a\x1c\x1c\x20\x24\x2e\x27\x20\x22\
\x2c\x23\x1c\x1c\x28\x37\x29\x2c\x30\x31\x34\x34\x34\x1f\x27\x39\
\x3d\x38\x32\x3c\x2e\x33\x34\x32\xff\xdb\x00\x43\x01\x09\x09\x09\
\x0c\x0b\x0c\x18\x0d\x0d\x18\x32\x21\x1c\x21\x32\x32\x32\x32\x32\
\x32\x32\x32\x32\x32\x32\x32\x32\x32\x32\x32\x32\x32\x32\x32\x32\
\x32\x32\x32\x32\x32\x32\x32\x32\x32\x32\x32\x32\x32\x32\x32\x32\
\x32\x32\x32\x32\x32\x32\x32\x32\x32\x32\x32\x32\x32\xff\xc0\x00\
\x11\x08\x00\x3c\x00\x78\x03\x01\x22\x00\x02\x11\x01\x03\x11\x01\
\xff\xc4\x00\x1f\x00\x00\x01\x05\x01\x01\x01\x01\x01\x01\x00\x00\
\x00\x00\x00\x00\x00\x00\x01\x02\x03\x04\x05\x06\x07\x08\x09\x0a\
\x0b\xff\xc4\x00\xb5\x10\x00\x02\x01\x03\x03\x02\x04\x03\x05\x05\
\x04\x04\x00\x00\x01\x7d\x01\x02\x03\x00\x04\x11\x05\x12\x21\x31\
\x41\x06\x13\x51\x61\x07\x22\x71\x14\x32\x81\x91\xa1\x08\x23\x42\
\xb1\xc1\x15\x52\xd1\xf0\x24\x33\x62\x72\x82\x09\x0a\x16\x17\x18\
\x19\x1a\x25\x26\x27\x28\x29\x2a\x34\x35\x36\x37\x38\x39\x3a\x43\
\x44\x45\x46\x47\x48\x49\x4a\x53\x54\x55\x56\x57\x58\x59\x5a\x63\
\x64\x65\x66\x67\x68\x69\x6a\x73\x74\x75\x76\x77\x78\x79\x7a\x83\
\x84\x85\x86\x87\x88\x89\x8a\x92\x93\x94\x95\x96\x97\x98\x99\x9a\
\xa2\xa3\xa4\xa5\xa6\xa7\xa8\xa9\xaa\xb2\xb3\xb4\xb5\xb6\xb7\xb8\
\xb9\xba\xc2\xc3\xc4\xc5\xc6\xc7\xc8\xc9\xca\xd2\xd3\xd4\xd5\xd6\
\xd7\xd8\xd9\xda\xe1\xe2\xe3\xe4\xe5\xe6\xe7\xe8\xe9\xea\xf1\xf2\
\xf3\xf4\xf5\xf6\xf7\xf8\xf9\xfa\xff\xc4\x00\x1f\x01\x00\x03\x01\
\x01\x01\x01\x01\x01\x01\x01\x01\x00\x00\x00\x00\x00\x00\x01\x02\
\x03\x04\x05\x06\x07\x08\x09\x0a\x0b\xff\xc4\x00\xb5\x11\x00\x02\
\x01\x02\x04\x04\x03\x04\x07\x05\x04\x04\x00\x01\x02\x77\x00\x01\
\x02\x03\x11\x04\x05\x21\x31\x06\x12\x41\x51\x07\x61\x71\x13\x22\
\x32\x81\x08\x14\x42\x91\xa1\xb1\xc1\x09\x23\x33\x52\xf0\x15\x62\
\x72\xd1\x0a\x16\x24\x34\xe1\x25\xf1\x17\x18\x19\x1a\x26\x27\x28\
\x29\x2a\x35\x36\x37\x38\x39\x3a\x43\x44\x45\x46\x47\x48\x49\x4a\
\x53\x54\x55\x56\x57\x58\x59\x5a\x63\x64\x65\x66\x67\x68\x69\x6a\
\x73\x74\x75\x76\x77\x78\x79\x7a\x82\x83\x84\x85\x86\x87\x88\x89\
\x8a\x92\x93\x94\x95\x96\x97\x98\x99\x9a\xa2\xa3\xa4\xa5\xa6\xa7\
\xa8\xa9\xaa\xb2\xb3\xb4\xb5\xb6\xb7\xb8\xb9\xba\xc2\xc3\xc4\xc5\
\xc6\xc7\xc8\xc9\xca\xd2\xd3\xd4\xd5\xd6\xd7\xd8\xd9\xda\xe2\xe3\
\xe4\xe5\xe6\xe7\xe8\xe9\xea\xf2\xf3\xf4\xf5\xf6\xf7\xf8\xf9\xfa\
\xff\xda\x00\x0c\x03\x01\x00\x02\x11\x03\x11\x00\x3f\x00\xe6\xed\
\x35\xcd\x36\xd6\xea\x29\x58\xb4\xaa\x8c\x18\xa8\x5e\x0e\x3b\x57\
\x69\xff\x00\x0b\x9a\x28\x97\x6c\x5a\x59\x2a\x3a\x03\x26\xd1\xfa\
\x0a\xf1\xc6\x52\xa6\x94\x57\xdf\xac\xa3\x08\xb7\x87\xe2\xcf\x37\
\x9a\x5d\xcf\x55\x9f\xe3\x3e\xa2\xc3\x10\x58\xdb\xa0\xed\x9c\x9f\
\xeb\x58\x5a\x87\xc4\x8d\x6b\x51\xb9\x82\xe1\xa4\x44\x92\x02\x4a\
\x6c\xc8\x03\x3e\xa3\x3c\xfe\x35\xc5\x6d\xee\x0d\x26\x48\x3c\x8a\
\xe8\x86\x5b\x84\x87\xfc\xbb\x5f\x98\xae\xfb\x9d\x65\xc7\xc4\x3f\
\x11\x5c\x1c\x36\xa1\x22\xff\x00\xba\x00\xfe\x55\x93\x3e\xbd\xa9\
\x4e\xe5\xe4\xbb\x91\x8b\x72\x4e\xee\xb5\x94\x58\x1a\x4e\x95\xd5\
\x0a\x14\xa1\xf0\xc5\x2f\x44\x85\x6b\xee\x5b\x7d\x42\x77\xfb\xd2\
\xb1\xfa\x9a\x60\x9e\x59\x18\x28\xdc\xc4\xf4\x03\xbd\x57\xc8\xae\
\x8a\xcf\xc5\x47\x4c\x85\x12\xc2\xc6\x08\x24\x55\xc1\x95\x54\x17\
\x63\xee\xc7\x9a\xcb\x15\x88\xa9\x46\x37\xa5\x07\x27\xe5\x64\x5d\
\x3a\x71\x93\xd5\xd8\xc3\x95\xa6\x8d\xb1\x22\xb2\x9f\x46\x18\xa6\
\x79\x87\xb9\xae\xf7\x40\xd7\xee\x75\xf9\x9e\xd6\xf2\xda\x2b\xc2\
\x79\x61\x32\x82\x00\xff\x00\x3e\x95\x99\xe3\xdf\x0f\xda\x68\xd3\
\x5a\xcb\x69\x11\x84\x4e\x0e\xf8\xc1\x25\x41\x18\xe9\x9e\x7b\xd7\
\x9f\x85\xce\x1d\x5a\xde\xc2\xac\x1c\x65\xf7\x9a\xce\x87\x2c\x79\
\xa2\xee\x8e\x53\x7f\xe2\x29\x8c\x37\x1e\x38\xa6\x06\xc5\x38\x36\
\x46\x2b\xd8\xbd\xcc\x06\x11\x8e\x31\xcd\x46\xfd\x2a\x46\x0d\x50\
\x9f\x7a\xca\x45\x22\x32\x28\xa5\x34\x56\x36\x2c\xb8\xde\x83\x91\
\x4d\x1c\x35\x48\x4a\xe3\x20\x54\x40\x6e\x27\x26\xba\x5a\x32\x25\
\x0c\x7b\x52\xee\xcf\x5e\x6a\x20\x40\x38\xcd\x04\xe3\x9c\xd3\xb8\
\x12\x62\xa6\xb4\xb4\x9a\xfa\xf2\x2b\x5b\x70\x0c\xb2\xb6\xd5\xc9\
\xc0\xfc\x4d\x57\x12\x0a\x74\x73\xb4\x52\x2c\x91\xb1\x56\x53\x90\
\xc0\xe0\x8a\x99\xdd\xc5\xf2\xee\x35\xe6\x7a\x47\x87\xbe\x1d\x59\
\x39\x94\xea\xb7\x71\xdc\x49\xb7\x11\xc7\x03\x90\xa0\xfa\x96\xc7\
\x35\x4f\x58\xf0\x15\xbd\xab\x91\x05\xdb\x5b\xbe\x70\xa9\x38\xc8\
\x6f\xa1\x14\xed\x23\x51\xb8\xb2\xb6\xb4\xb8\x79\x1f\x64\xcb\xb9\
\xc3\xf1\x83\x9e\x08\xf6\xae\xee\xd7\x57\x8a\xea\x25\x8e\x68\x92\
\x51\xdb\x78\xc8\x06\xbe\x0a\xb6\x6b\x8e\xa7\x5e\x4d\xcf\x55\xa5\
\xba\x7d\xc7\xa1\x1a\x54\xda\xd8\xc0\xf0\x67\x85\x5f\x43\x32\x5c\
\xdd\x4a\x92\x4f\x36\x00\x58\xf2\x42\x81\xef\xeb\x55\xfe\x2b\x5b\
\xb4\x9a\x6d\xb5\xca\x8f\x96\x29\x00\x6f\x60\x45\x77\x90\x88\x16\
\x10\x12\x35\x4c\x0e\x31\xda\xb9\xaf\x1a\x42\x2f\xf4\x0b\xb8\x14\
\xe5\xb6\x6e\x03\xdc\x73\xfd\x2b\x2a\x18\xda\x93\xc6\x46\xbd\x57\
\xad\xd7\xf9\x04\xa2\x94\x39\x62\x78\x7e\xef\x6a\x42\x4f\x6a\x61\
\xc8\xa6\xef\xe6\xbe\xfd\xc8\xe1\xb1\x2e\xf3\x8a\x8d\x8e\x68\x32\
\x0a\x37\xe7\xbd\x27\x2b\xf5\x0b\x09\x8a\x29\x47\xb5\x14\xac\x32\
\x40\xec\x0e\xda\x73\x1e\x33\x51\xa9\xe7\x97\x19\xa7\x71\xd0\x36\
\x6a\x95\xec\x40\x0e\x79\x3d\x69\x49\xcf\x4a\x69\x38\xa4\xf3\x38\
\xc5\x17\xb0\xc5\xcf\x3c\x52\xd4\x65\xa9\xca\xe3\xbd\x24\xd0\x58\
\xdf\x1e\x21\x13\xe8\x62\xc6\xea\x1f\x31\xe2\x18\x89\xc1\xc1\x02\
\xbb\x6d\x03\x5e\x8e\xe3\x4f\x85\xdb\x86\xc6\x18\x1e\xc7\xbd\x79\
\x4b\xb0\xec\x6b\x7b\xc2\xb7\x01\xde\x6b\x43\x20\x49\x5b\xe6\x8b\
\x77\x42\x7b\x8a\xf9\x8c\xdb\x2d\xa6\x94\xab\x53\xdf\xaa\xe8\x75\
\x52\xa8\xdf\xba\xcf\x61\xb6\xd4\xe1\x90\x05\x07\x93\xd2\xa7\xba\
\x81\x2e\x21\xc8\x1c\x9e\xd5\xc6\x69\xdf\x6a\x93\x18\x55\x5d\xbd\
\x6b\xb5\xd3\xa5\xfb\x44\x38\x71\x97\x5e\x09\x15\xf2\xd7\xe5\x67\
\x4d\x8f\x03\xd5\x6c\xda\xc7\x55\xba\xb5\x61\x8f\x2e\x46\x03\xe9\
\x9e\x3f\x4a\xce\x75\xc5\x77\xbf\x13\xb4\xa3\x69\xab\x43\xa8\x20\
\xfd\xdd\xc2\xed\x6f\xf7\x87\xff\x00\x5b\xf9\x57\x06\x5b\x22\xbf\
\x43\xc2\x57\x8d\x7c\x3c\x67\xdd\x7e\x3d\x4e\x09\x45\xc6\x56\x22\
\xa7\xaa\x83\xde\x98\xd8\x34\x8a\xc5\x4d\x57\x32\x8b\xd4\x76\xb9\
\x64\x2e\x3a\x51\x4c\x59\x32\x28\xae\x98\xca\x36\x22\xcc\x76\x06\
\x29\x47\x14\xc5\x26\xa4\x14\xe3\xa8\x98\x66\x90\x8a\x69\xeb\x46\
\x68\x6c\x05\xeb\x4d\x6e\x3b\x53\xc5\x31\xaa\x5e\xc0\x88\x8f\x34\
\xf8\xe4\x68\x9d\x5d\x18\x86\x53\x90\x47\x6a\x63\x75\xa2\x2f\x9a\
\x45\x53\xd3\x22\xb8\x66\xfb\x9a\xa3\xdd\x3c\x1f\x69\x25\xef\x87\
\x6d\xae\xa6\x8f\x6b\x48\x99\xfa\xf2\x79\xae\xa2\xd6\xd5\x6d\x94\
\x90\xb8\xab\x5a\x65\xac\x36\xda\x55\xb4\x11\x2e\xd8\xd2\x34\x55\
\x1e\xdb\x69\xd7\x3f\x2c\x0e\x47\x5c\x57\xc1\x56\x92\xf6\x8f\x4e\
\xa7\x62\x7a\x1e\x53\xf1\x4a\xe4\x3d\x8c\x11\x11\xc8\x97\x23\xf2\
\x35\xe5\x99\xae\xef\xe2\x4c\xae\xd7\x16\xea\x4f\x1b\x9b\xfa\x57\
\x08\x2b\xeb\xb2\x8b\xac\x34\x7c\xee\x73\xd4\xf8\x84\xcd\x21\xa7\
\x1a\x69\xae\xd9\xb6\x42\x00\x71\x45\x20\xa2\x85\x27\x60\xb1\xff\
\xd9\
\x00\x00\x06\x1c\
\xff\
\xd8\xff\xe0\x00\x10\x4a\x46\x49\x46\x00\x01\x01\x00\x00\x01\x00\
\x01\x00\x00\xff\xdb\x00\x43\x00\x08\x06\x06\x07\x06\x05\x08\x07\
\x07\x07\x09\x09\x08\x0a\x0c\x14\x0d\x0c\x0b\x0b\x0c\x19\x12\x13\
\x0f\x14\x1d\x1a\x1f\x1e\x1d\x1a\x1c\x1c\x20\x24\x2e\x27\x20\x22\
\x2c\x23\x1c\x1c\x28\x37\x29\x2c\x30\x31\x34\x34\x34\x1f\x27\x39\
\x3d\x38\x32\x3c\x2e\x33\x34\x32\xff\xdb\x00\x43\x01\x09\x09\x09\
\x0c\x0b\x0c\x18\x0d\x0d\x18\x32\x21\x1c\x21\x32\x32\x32\x32\x32\
\x32\x32\x32\x32\x32\x32\x32\x32\x32\x32\x32\x32\x32\x32\x32\x32\
\x32\x32\x32\x32\x32\x32\x32\x32\x32\x32\x32\x32\x32\x32\x32\x32\
\x32\x32\x32\x32\x32\x32\x32\x32\x32\x32\x32\x32\x32\xff\xc0\x00\
\x11\x08\x00\x3c\x00\x78\x03\x01\x22\x00\x02\x11\x01\x03\x11\x01\
\xff\xc4\x00\x1f\x00\x00\x01\x05\x01\x01\x01\x01\x01\x01\x00\x00\
\x00\x00\x00\x00\x00\x00\x01\x02\x03\x04\x05\x06\x07\x08\x09\x0a\
\x0b\xff\xc4\x00\xb5\x10\x00\x02\x01\x03\x03\x02\x04\x03\x05\x05\
\x04\x04\x00\x00\x01\x7d\x01\x02\x03\x00\x04\x11\x05\x12\x21\x31\
\x41\x06\x13\x51\x61\x07\x22\x71\x14\x32\x81\x91\xa1\x08\x23\x42\
\xb1\xc1\x15\x52\xd1\xf0\x24\x33\x62\x72\x82\x09\x0a\x16\x17\x18\
\x19\x1a\x25\x26\x27\x28\x29\x2a\x34\x35\x36\x37\x38\x39\x3a\x43\
\x44\x45\x46\x47\x48\x49\x4a\x53\x54\x55\x56\x57\x58\x59\x5a\x63\
\x64\x65\x66\x67\x68\x69\x6a\x73\x74\x75\x76\x77\x78\x79\x7a\x83\
\x84\x85\x86\x87\x88\x89\x8a\x92\x93\x94\x95\x96\x97\x98\x99\x9a\
\xa2\xa3\xa4\xa5\xa6\xa7\xa8\xa9\xaa\xb2\xb3\xb4\xb5\xb6\xb7\xb8\
\xb9\xba\xc2\xc3\xc4\xc5\xc6\xc7\xc8\xc9\xca\xd2\xd3\xd4\xd5\xd6\
\xd7\xd8\xd9\xda\xe1\xe2\xe3\xe4\xe5\xe6\xe7\xe8\xe9\xea\xf1\xf2\
\xf3\xf4\xf5\xf6\xf7\xf8\xf9\xfa\xff\xc4\x00\x1f\x01\x00\x03\x01\
\x01\x01\x01\x01\x01\x01\x01\x01\x00\x00\x00\x00\x00\x00\x01\x02\
\x03\x04\x05\x06\x07\x08\x09\x0a\x0b\xff\xc4\x00\xb5\x11\x00\x02\
\x01\x02\x04\x04\x03\x04\x07\x05\x04\x04\x00\x01\x02\x77\x00\x01\
\x02\x03\x11\x04\x05\x21\x31\x06\x12\x41\x51\x07\x61\x71\x13\x22\
\x32\x81\x08\x14\x42\x91\xa1\xb1\xc1\x09\x23\x33\x52\xf0\x15\x62\
\x72\xd1\x0a\x16\x24\x34\xe1\x25\xf1\x17\x18\x19\x1a\x26\x27\x28\
\x29\x2a\x35\x36\x37\x38\x39\x3a\x43\x44\x45\x46\x47\x48\x49\x4a\
\x53\x54\x55\x56\x57\x58\x59\x5a\x63\x64\x65\x66\x67\x68\x69\x6a\
\x73\x74\x75\x76\x77\x78\x79\x7a\x82\x83\x84\x85\x86\x87\x88\x89\
\x8a\x92\x93\x94\x95\x96\x97\x98\x99\x9a\xa2\xa3\xa4\xa5\xa6\xa7\
\xa8\xa9\xaa\xb2\xb3\xb4\xb5\xb6\xb7\xb8\xb9\xba\xc2\xc3\xc4\xc5\
\xc6\xc7\xc8\xc9\xca\xd2\xd3\xd4\xd5\xd6\xd7\xd8\xd9\xda\xe2\xe3\
\xe4\xe5\xe6\xe7\xe8\xe9\xea\xf2\xf3\xf4\xf5\xf6\xf7\xf8\xf9\xfa\
\xff\xda\x00\x0c\x03\x01\x00\x02\x11\x03\x11\x00\x3f\x00\xf2\x8e\
\x87\x8a\x72\x60\x9c\xd0\xca\x14\x1c\xd3\x57\x3d\x85\x7e\xa0\xb4\
\x67\x9a\x4f\x95\x3c\x1a\x4d\xb8\xe4\x74\xa6\xf1\x8e\x9c\xd3\x83\
\x56\x89\x88\x5f\xd6\x93\x34\xec\x77\xa4\x29\x9a\xa0\x1a\x0f\xad\
\x29\x02\x91\xb2\x38\xc6\x69\xb8\xfa\xd2\xb8\x0e\xdc\x31\xc8\xa6\
\x92\x2a\xde\x9d\xa6\xde\x6a\xf7\x62\xd6\xc6\xdd\xa6\x98\x82\x76\
\x8f\x41\xdc\x93\xd2\xab\x5c\xc1\x2d\xa5\xcc\x90\x4e\x85\x25\x8d\
\x8a\xb2\x9e\xc4\x54\x7b\x48\xf3\x72\xdf\x51\xd9\xee\x33\x18\xa0\
\x38\xe8\x69\xbb\xc5\x21\x20\xd1\x7e\xc0\x2b\x6d\x23\x8a\x84\xd3\
\xc8\x1e\xb4\xd2\x31\xef\x51\x2d\x4a\x43\x31\x45\x3c\x51\x59\xf2\
\x8e\xe4\xe4\x87\xe9\x46\xec\x0a\x89\x4e\xd1\xde\x9c\x4e\x4d\x6b\
\xcc\x45\x8e\xe3\xc3\x37\xf0\xea\x16\x2b\xa6\xdc\xd9\xc3\x24\x71\
\x8c\x10\x50\x64\x83\xdf\x3d\x73\x59\x7e\x2a\xf0\xe1\xd0\xee\x12\
\x58\x1c\xbd\xa4\xdf\x70\x9e\xaa\x7d\x0d\x64\x69\x97\xef\x65\x76\
\xae\x18\x85\x3c\x37\xd2\xbd\x52\xd2\x1b\x7d\x77\x46\x7b\x3b\x8f\
\x9e\x39\x17\xe5\x6e\xea\x7b\x11\x5f\x31\x89\xc4\x55\xcb\xb1\x9c\
\xfa\xf2\x4b\x5b\x7e\x7f\x33\xb2\x11\x55\x69\xdb\xaa\x3c\x8d\x49\
\x6c\x01\x92\x4f\x6a\xe8\x4f\x82\xfc\x46\x9a\x7f\xdb\x8e\x97\x2f\
\x93\xb7\x77\x6d\xd8\xf5\xdb\x9c\xd7\x41\xe1\xef\x02\xdc\xd8\x6a\
\xed\x77\xa8\x84\x68\x2d\xdb\x30\x80\x41\xf3\x0f\x62\x47\x61\xfd\
\x6b\xb5\x1a\x95\xc9\x98\x85\x90\x8c\x74\x00\xf1\x5b\x63\x78\x81\
\x53\x9a\x8d\x0b\x4b\xbb\xfd\x0c\xe1\x87\xbf\xc4\x78\x72\xab\xbe\
\xe0\x23\x62\x57\xae\x07\x4a\x61\x02\xbd\xd0\xea\xb3\xc6\xae\xc9\
\x1c\x6b\x9f\xbd\x84\x1f\x37\xd6\xb3\xae\xec\xf4\x1d\x63\x4f\x30\
\x5f\x58\xa4\x52\xe3\xe5\x9a\x08\xc2\x95\xfc\x45\x2a\x7c\x4b\x07\
\x2b\x54\x85\x97\xad\xc6\xf0\xcf\xa3\x32\xfe\x1f\x69\x8b\xa7\x78\
\x7e\xeb\x57\xb8\x7f\x2e\x4b\x8c\xac\x5e\xbb\x17\xfc\x4f\xf2\xaf\
\x35\xd4\x6e\x7e\xd9\xa8\x5c\x5c\x1e\x4c\x92\x16\xaf\x5a\xf1\x75\
\xf5\xbe\x9f\xe0\xe3\x15\x88\x0b\x1a\x44\x23\x8f\x1d\x40\xe9\x9a\
\xf1\x75\x90\x64\xf7\xad\x72\x8a\x8f\x11\x56\xa6\x26\x5d\x5d\x97\
\xa2\x15\x65\xcb\x15\x14\x0d\xc5\x46\x58\x8a\x94\x90\x7a\x54\x67\
\x15\xee\x49\x76\x31\x43\x72\xde\x86\x94\x33\x7a\x52\x86\x23\xa8\
\xa9\x14\x82\x2a\x52\xbf\x51\xb6\x20\x03\xbd\x14\xe2\x47\x6a\x2b\
\x4b\x21\x11\x09\x18\x71\x4e\xdc\x69\x83\x9a\x76\x30\x33\x59\xa6\
\xc1\x8b\xd6\xbb\x5f\x09\xeb\xcd\x0c\x02\xdd\x9f\x06\x3f\xd4\x57\
\x11\xbf\x15\x2c\x17\x0f\x04\xcb\x2c\x7c\x32\x9a\xe1\xcc\x70\x91\
\xc5\x51\x70\xeb\xba\xf5\x2e\x9c\xdc\x1d\xcf\x64\x1a\xb3\xcc\x80\
\x06\xce\x6a\x68\x5b\x69\x04\x9e\x6b\x97\xf0\xfd\xf2\x5d\x40\xb2\
\x8e\x50\x70\xc3\xba\x1a\xeb\x61\xb1\x69\x14\x3c\x72\x06\x06\xbe\
\x02\xa4\x25\x4e\x4e\x12\x56\x68\xee\x56\x7a\xa1\x64\x23\xcb\x20\
\x67\x9a\xa5\x31\xcc\x66\x2c\x7c\xad\xd7\x15\xa6\xd6\xb2\x05\xf5\
\xaa\x33\xc7\xe5\xe5\x9f\x8a\x98\xbb\x8d\x9c\x57\x8c\xee\x0d\xae\
\x92\xb6\xca\x4e\x25\x70\x39\xf6\xe6\xb8\x68\xcf\x15\xbf\xe3\x4d\
\x45\x2f\x35\x18\xe0\x88\xe5\x21\x07\x27\xdc\xd7\x3c\x84\x01\x5f\
\x6f\x93\x53\xf6\x74\x55\xfa\xea\x71\xd5\x77\x64\x95\x1b\x1e\x69\
\x77\x8c\xd2\x30\x24\x66\xbd\x89\x3b\xad\x0c\x90\x67\x34\x6e\x22\
\x9a\x33\x4e\x1c\xd4\x26\x31\xc1\xb2\x28\xa6\x11\x8a\x2a\xb9\x82\
\xc2\x83\x4a\x71\xef\x50\xa9\x35\x20\xac\xe1\x2b\xa0\x68\x53\x81\
\x4a\x18\x0a\x43\xd2\x99\x9a\x1b\xb0\x2d\x4e\xd3\xe1\xea\xbc\xfe\
\x20\x6b\x70\x7f\x77\x24\x44\xb0\xfa\x11\x8a\xf6\xeb\x7b\x08\xe1\
\x85\x55\x54\x74\xaf\x29\xf8\x3d\x04\x72\xea\x3a\x84\xee\x33\x24\
\x71\xaa\xa9\xf4\x04\x9c\xff\x00\x21\x5e\xc8\x2b\xe2\xb3\xc9\x27\
\x8b\x7a\x74\x47\x55\x1d\x22\x55\x36\xf1\xa8\xc9\x1c\x57\x17\xe3\
\x9b\x88\xf4\xdd\x1e\x6b\x85\x7e\xd8\x51\xfe\xd1\xe9\x5d\xd5\xc7\
\x10\x9a\xf2\x2f\x8a\x73\xc8\x2c\x6c\xe2\x0d\xf2\x49\x31\xdc\x3d\
\x70\x38\xae\x2c\x1d\x35\x52\xb4\x62\xfa\xb2\xe4\xec\x8f\x2f\x67\
\x69\x64\x2e\xed\x96\x63\x92\x4d\x2e\x38\xa4\x00\x66\xa4\xed\x5f\
\x7b\x46\x16\x89\xc8\xde\xa4\x59\xc5\x01\x8d\x06\x9a\x6a\x65\x27\
\x16\x35\xa8\xf0\xd4\xed\xd9\xa8\xb3\x46\x69\xc6\xa3\x06\x89\x4b\
\x71\x45\x45\x9a\x29\xba\xac\x2c\x7f\xff\xd9\
\x00\x00\x06\x2e\
\xff\
\xd8\xff\xe0\x00\x10\x4a\x46\x49\x46\x00\x01\x01\x00\x00\x01\x00\
\x01\x00\x00\xff\xdb\x00\x43\x00\x08\x06\x06\x07\x06\x05\x08\x07\
\x07\x07\x09\x09\x08\x0a\x0c\x14\x0d\x0c\x0b\x0b\x0c\x19\x12\x13\
\x0f\x14\x1d\x1a\x1f\x1e\x1d\x1a\x1c\x1c\x20\x24\x2e\x27\x20\x22\
\x2c\x23\x1c\x1c\x28\x37\x29\x2c\x30\x31\x34\x34\x34\x1f\x27\x39\
\x3d\x38\x32\x3c\x2e\x33\x34\x32\xff\xdb\x00\x43\x01\x09\x09\x09\
\x0c\x0b\x0c\x18\x0d\x0d\x18\x32\x21\x1c\x21\x32\x32\x32\x32\x32\
\x32\x32\x32\x32\x32\x32\x32\x32\x32\x32\x32\x32\x32\x32\x32\x32\
\x32\x32\x32\x32\x32\x32\x32\x32\x32\x32\x32\x32\x32\x32\x32\x32\
\x32\x32\x32\x32\x32\x32\x32\x32\x32\x32\x32\x32\x32\xff\xc0\x00\
\x11\x08\x00\x3c\x00\x78\x03\x01\x22\x00\x02\x11\x01\x03\x11\x01\
\xff\xc4\x00\x1f\x00\x00\x01\x05\x01\x01\x01\x01\x01\x01\x00\x00\
\x00\x00\x00\x00\x00\x00\x01\x02\x03\x04\x05\x06\x07\x08\x09\x0a\
\x0b\xff\xc4\x00\xb5\x10\x00\x02\x01\x03\x03\x02\x04\x03\x05\x05\
\x04\x04\x00\x00\x01\x7d\x01\x02\x03\x00\x04\x11\x05\x12\x21\x31\
\x41\x06\x13\x51\x61\x07\x22\x71\x14\x32\x81\x91\xa1\x08\x23\x42\
\xb1\xc1\x15\x52\xd1\xf0\x24\x33\x62\x72\x82\x09\x0a\x16\x17\x18\
\x19\x1a\x25\x26\x27\x28\x29\x2a\x34\x35\x36\x37\x38\x39\x3a\x43\
\x44\x45\x46\x47\x48\x49\x4a\x53\x54\x55\x56\x57\x58\x59\x5a\x63\
\x64\x65\x66\x67\x68\x69\x6a\x73\x74\x75\x76\x77\x78\x79\x7a\x83\
\x84\x85\x86\x87\x88\x89\x8a\x92\x93\x94\x95\x96\x97\x98\x99\x9a\
\xa2\xa3\xa4\xa5\xa6\xa7\xa8\xa9\xaa\xb2\xb3\xb4\xb5\xb6\xb7\xb8\
\xb9\xba\xc2\xc3\xc4\xc5\xc6\xc7\xc8\xc9\xca\xd2\xd3\xd4\xd5\xd6\
\xd7\xd8\xd9\xda\xe1\xe2\xe3\xe4\xe5\xe6\xe7\xe8\xe9\xea\xf1\xf2\
\xf3\xf4\xf5\xf6\xf7\xf8\xf9\xfa\xff\xc4\x00\x1f\x01\x00\x03\x01\
\x01\x01\x01\x01\x01\x01\x01\x01\x00\x00\x00\x00\x00\x00\x01\x02\
\x03\x04\x05\x06\x07\x08\x09\x0a\x0b\xff\xc4\x00\xb5\x11\x00\x02\
\x01\x02\x04\x04\x03\x04\x07\x05\x04\x04\x00\x01\x02\x77\x00\x01\
\x02\x03\x11\x04\x05\x21\x31\x06\x12\x41\x51\x07\x61\x71\x13\x22\
\x32\x81\x08\x14\x42\x91\xa1\xb1\xc1\x09\x23\x33\x52\xf0\x15\x62\
\x72\xd1\x0a\x16\x24\x34\xe1\x25\xf1\x17\x18\x19\x1a\x26\x27\x28\
\x29\x2a\x35\x36\x37\x38\x39\x3a\x43\x44\x45\x46\x47\x48\x49\x4a\
\x53\x54\x55\x56\x57\x58\x59\x5a\x63\x64\x65\x66\x67\x68\x69\x6a\
\x73\x74\x75\x76\x77\x78\x79\x7a\x82\x83\x84\x85\x86\x87\x88\x89\
\x8a\x92\x93\x94\x95\x96\x97\x98\x99\x9a\xa2\xa3\xa4\xa5\xa6\xa7\
\xa8\xa9\xaa\xb2\xb3\xb4\xb5\xb6\xb7\xb8\xb9\xba\xc2\xc3\xc4\xc5\
\xc6\xc7\xc8\xc9\xca\xd2\xd3\xd4\xd5\xd6\xd7\xd8\xd9\xda\xe2\xe3\
\xe4\xe5\xe6\xe7\xe8\xe9\xea\xf2\xf3\xf4\xf5\xf6\xf7\xf8\xf9\xfa\
\xff\xda\x00\x0c\x03\x01\x00\x02\x11\x03\x11\x00\x3f\x00\xf2\x82\
\x37\xfd\x6a\x3e\x87\x14\xfc\x0c\x53\x4f\x3d\x6b\xf4\x86\x8f\x35\
\x0e\x07\x3d\xf9\xa5\xc9\x1d\x69\x8a\x7d\x69\xdb\xbb\x62\x9a\x06\
\x38\x36\x47\x5a\x4c\x91\x46\xd1\xda\xb6\xbc\x35\x67\x65\x77\x7b\
\x2f\xdb\xa2\x32\x44\x91\xe4\x28\x62\x32\x73\xed\x59\xd7\xaf\x1a\
\x14\xdd\x49\xec\x87\x08\x39\x49\x45\x19\x66\xd6\xe7\xec\xdf\x69\
\xfb\x3c\xa2\x02\x71\xe6\x6c\x3b\x73\xf5\xe9\x50\x6e\x22\xbd\x0a\
\xd2\x5f\x3e\xce\x5d\x31\x11\x8d\xa8\x0d\x16\xd2\x73\x81\xdb\xf2\
\xcd\x67\x78\x75\x2c\x64\xd2\x66\xb4\xb9\xb6\x85\x9e\x47\x64\x79\
\x19\x01\x65\xf4\xc1\xea\x31\x5e\x44\x33\xc8\x4a\x12\x9c\xa3\xb3\
\x4b\xe4\xf6\x67\x4b\xc2\xbb\xa4\x9e\xe7\x1c\x58\x9a\x03\xe3\xad\
\x3a\x78\x8d\xbd\xc4\x90\xb7\x54\x62\xa7\xf0\x35\x09\xc5\x7b\x71\
\x95\xd5\xd1\xcb\x62\x4d\xde\xd9\xa6\xb0\x34\xdd\xc4\x53\xb3\xb8\
\x75\xa2\xf7\x0b\x0d\x26\xa2\x3c\xd3\xdb\x39\xa6\x1a\xca\x65\xc4\
\x61\x14\x54\x81\x73\x45\x63\xec\xaf\xa9\x77\x26\x56\x2a\x70\x47\
\x14\xae\x7d\x2a\x32\xc1\x87\x07\x07\xde\x95\x4e\x07\x27\xad\x74\
\xa9\x74\x32\xb0\xb8\x03\xbd\x2f\x51\x4c\x3d\x7d\xa9\x7e\x94\x20\
\x3a\x4f\x06\xc9\x12\x6a\xb2\xb4\x91\x24\x8c\xb1\x1d\xa1\xd7\x77\
\x71\x56\xac\x23\x48\x7c\x4b\x7d\x1e\xcc\x21\x05\x82\x01\x8e\xa4\
\x1a\xc9\xf0\xcc\x86\x2d\x76\x05\x0d\x83\x20\x29\x9f\xc2\xbb\x6f\
\xec\x9b\x8f\xf8\x48\xed\xee\xe1\x8c\xb2\x34\x2c\xb2\xb9\x18\x03\
\xd2\xbe\x6b\x33\xa8\xe9\xd7\x9c\x24\xf4\x94\x7f\x15\xff\x00\x0c\
\x75\xd1\x57\x8a\x6b\xa3\x20\xd3\xe0\x75\xbb\xb9\x11\x10\x00\x70\
\xdc\xfb\x8f\xfe\xb5\x57\xd2\xa3\x29\x7d\xa9\x2a\x47\x9c\x5c\x93\
\xc7\x6c\x8c\xd7\x44\x34\xd5\x4b\xb9\x25\x69\xf9\x91\x54\x6d\x51\
\xd3\x19\xff\x00\x1a\x8a\xd7\x48\x16\x33\x5d\x4a\x2e\x03\x79\xef\
\xbf\x1b\x7a\x71\x8a\xf9\xe8\x55\xb4\x25\x17\xd5\x2f\xc1\xaf\xd0\
\xea\x6b\x54\xce\x26\xf7\x42\xbc\xd5\xbc\x51\x79\x6f\x63\x0f\xf1\
\x6f\x76\x73\x85\x4c\x80\x4e\x4d\x73\xd7\x50\x3d\xa5\xdc\xb6\xf2\
\x15\x2d\x1b\x15\x25\x4e\x41\x23\xd2\xbd\x8e\xca\x26\xb7\xb7\xb8\
\x9d\x57\xfd\x69\xdc\x4f\x73\xc6\x3f\xa5\x78\xe5\xd1\x0d\x75\x31\
\x07\x39\x76\xe7\xf1\xaf\xac\xca\x31\xb3\xc4\x5e\x0f\x68\xa5\xea\
\x71\x56\xa6\xa1\xaf\x72\x1d\xc2\x93\xe8\x69\xa4\x1a\x6e\x4f\x6a\
\xf6\x1c\x8c\x6c\x48\x73\x49\x8a\x6e\x4f\xa5\x3c\x73\xd6\x92\xd4\
\x7b\x0e\x00\x51\x49\xd3\xbd\x15\xa1\x23\x77\x7b\x0a\x5d\xe3\xfb\
\xa3\x34\xc0\x69\x40\xcd\x64\x9b\xe8\x55\x87\x66\x94\x12\x29\xbd\
\x29\x41\x18\xaa\x4c\x46\xd7\x85\x90\x49\xe2\x6b\x10\x46\x47\x99\
\x9c\x7d\x01\x35\xec\x0f\x14\xe7\x82\x10\x0f\xad\x78\xdf\x86\xae\
\x16\x0f\x11\x59\x48\xff\x00\x74\x3e\x3f\x30\x45\x7b\x8d\xad\xd4\
\x37\x11\x2e\x00\x26\xbe\x4f\x88\x35\xad\x1f\x4f\xd4\xea\xc3\xe9\
\x16\x51\x5b\x32\xc7\x77\x24\xfb\xf4\xab\x43\x4f\xb6\xf2\x48\x99\
\x88\x3f\x5e\x69\xf7\x77\x02\x0c\x6d\xc0\x23\xd6\xb0\x6f\x35\x5d\
\xac\x4b\x30\xfc\xeb\xc2\x51\xb9\xd1\xcc\x5d\xd6\xf5\x0b\x3b\x0d\
\x0e\xe3\x6b\x05\x22\x33\xb7\x3d\xce\x38\xaf\x0a\x2c\x49\x27\xd6\
\xba\x3f\x15\x6b\x4f\x79\x2f\xd9\xd5\x89\x50\x72\x79\xae\x6b\x35\
\xf6\x19\x26\x1d\xd2\xa6\xe7\x2f\xb5\xf9\x1c\x75\xa5\xcc\xc5\x27\
\x34\xda\x33\x46\x6b\xd9\x6c\xc9\x21\xca\xfc\xf3\x4f\x24\x76\xa8\
\x0d\x28\x6c\x75\xa1\x4e\xda\x30\x71\x1e\x4d\x14\xc2\x45\x14\x73\
\x05\x80\x71\x4e\x1e\xf5\x1d\x3c\x56\x71\x1b\x1d\x80\x69\x3a\x53\
\xc7\x4a\x6b\x56\xad\x68\x4d\xc5\x57\x64\x75\x74\x38\x65\x39\x07\
\xde\xbd\xb7\x43\xb6\xbb\x97\x4d\xb7\x9d\x63\x65\xf3\x23\x57\x3b\
\x8e\x3a\x8a\xf2\xaf\x08\xd8\x41\xa9\x78\xa6\xc2\xd2\xe5\x4b\x42\
\xf2\x8d\xcb\x9e\xbd\x2b\xe8\xc4\x89\x11\x02\x2a\x80\xa1\x78\x02\
\xbe\x57\x3e\x9a\x6e\x3a\x1d\x34\x5d\xae\x71\xda\x8c\x33\xe3\x68\
\x20\x7a\xb9\xe7\x26\xb9\x2d\x6e\xd1\xec\xec\x26\xb9\x79\x8b\x95\
\x5f\x4c\x57\xa7\x5f\x5b\xc6\xef\x86\x5e\x07\x4a\xf3\xaf\x88\x8e\
\x60\xd1\x82\x47\x80\xac\x46\x6b\xc5\xc2\xc7\x9e\xb4\x62\xfa\xb4\
\x6d\x27\xa5\xcf\x2e\x66\x67\x72\xc4\xe4\x9e\x49\xa6\x92\x45\x2a\
\xf4\xa4\x6a\xfd\x02\xdc\xb1\xd0\xe2\xea\x37\x34\x64\x53\x4d\x26\
\x6b\x07\x51\xa7\x62\xec\x3f\x34\x70\x6a\x33\x40\x63\x49\x55\x6d\
\xd9\x87\x28\xfc\xd1\x4d\xcd\x14\x73\xb0\xb1\xff\xd9\
\x00\x00\x06\x1d\
\xff\
\xd8\xff\xe0\x00\x10\x4a\x46\x49\x46\x00\x01\x01\x00\x00\x01\x00\
\x01\x00\x00\xff\xdb\x00\x43\x00\x08\x06\x06\x07\x06\x05\x08\x07\
\x07\x07\x09\x09\x08\x0a\x0c\x14\x0d\x0c\x0b\x0b\x0c\x19\x12\x13\
\x0f\x14\x1d\x1a\x1f\x1e\x1d\x1a\x1c\x1c\x20\x24\x2e\x27\x20\x22\
\x2c\x23\x1c\x1c\x28\x37\x29\x2c\x30\x31\x34\x34\x34\x1f\x27\x39\
\x3d\x38\x32\x3c\x2e\x33\x34\x32\xff\xdb\x00\x43\x01\x09\x09\x09\
\x0c\x0b\x0c\x18\x0d\x0d\x18\x32\x21\x1c\x21\x32\x32\x32\x32\x32\
\x32\x32\x32\x32\x32\x32\x32\x32\x32\x32\x32\x32\x32\x32\x32\x32\
\x32\x32\x32\x32\x32\x32\x32\x32\x32\x32\x32\x32\x32\x32\x32\x32\
\x32\x32\x32\x32\x32\x32\x32\x32\x32\x32\x32\x32\x32\xff\xc0\x00\
\x11\x08\x00\x3c\x00\x78\x03\x01\x22\x00\x02\x11\x01\x03\x11\x01\
\xff\xc4\x00\x1f\x00\x00\x01\x05\x01\x01\x01\x01\x01\x01\x00\x00\
\x00\x00\x00\x00\x00\x00\x01\x02\x03\x04\x05\x06\x07\x08\x09\x0a\
\x0b\xff\xc4\x00\xb5\x10\x00\x02\x01\x03\x03\x02\x04\x03\x05\x05\
\x04\x04\x00\x00\x01\x7d\x01\x02\x03\x00\x04\x11\x05\x12\x21\x31\
\x41\x06\x13\x51\x61\x07\x22\x71\x14\x32\x81\x91\xa1\x08\x23\x42\
\xb1\xc1\x15\x52\xd1\xf0\x24\x33\x62\x72\x82\x09\x0a\x16\x17\x18\
\x19\x1a\x25\x26\x27\x28\x29\x2a\x34\x35\x36\x37\x38\x39\x3a\x43\
\x44\x45\x46\x47\x48\x49\x4a\x53\x54\x55\x56\x57\x58\x59\x5a\x63\
\x64\x65\x66\x67\x68\x69\x6a\x73\x74\x75\x76\x77\x78\x79\x7a\x83\
\x84\x85\x86\x87\x88\x89\x8a\x92\x93\x94\x95\x96\x97\x98\x99\x9a\
\xa2\xa3\xa4\xa5\xa6\xa7\xa8\xa9\xaa\xb2\xb3\xb4\xb5\xb6\xb7\xb8\
\xb9\xba\xc2\xc3\xc4\xc5\xc6\xc7\xc8\xc9\xca\xd2\xd3\xd4\xd5\xd6\
\xd7\xd8\xd9\xda\xe1\xe2\xe3\xe4\xe5\xe6\xe7\xe8\xe9\xea\xf1\xf2\
\xf3\xf4\xf5\xf6\xf7\xf8\xf9\xfa\xff\xc4\x00\x1f\x01\x00\x03\x01\
\x01\x01\x01\x01\x01\x01\x01\x01\x00\x00\x00\x00\x00\x00\x01\x02\
\x03\x04\x05\x06\x07\x08\x09\x0a\x0b\xff\xc4\x00\xb5\x11\x00\x02\
\x01\x02\x04\x04\x03\x04\x07\x05\x04\x04\x00\x01\x02\x77\x00\x01\
\x02\x03\x11\x04\x05\x21\x31\x06\x12\x41\x51\x07\x61\x71\x13\x22\
\x32\x81\x08\x14\x42\x91\xa1\xb1\xc1\x09\x23\x33\x52\xf0\x15\x62\
\x72\xd1\x0a\x16\x24\x34\xe1\x25\xf1\x17\x18\x19\x1a\x26\x27\x28\
\x29\x2a\x35\x36\x37\x38\x39\x3a\x43\x44\x45\x46\x47\x48\x49\x4a\
\x53\x54\x55\x56\x57\x58\x59\x5a\x63\x64\x65\x66\x67\x68\x69\x6a\
\x73\x74\x75\x76\x77\x78\x79\x7a\x82\x83\x84\x85\x86\x87\x88\x89\
\x8a\x92\x93\x94\x95\x96\x97\x98\x99\x9a\xa2\xa3\xa4\xa5\xa6\xa7\
\xa8\xa9\xaa\xb2\xb3\xb4\xb5\xb6\xb7\xb8\xb9\xba\xc2\xc3\xc4\xc5\
\xc6\xc7\xc8\xc9\xca\xd2\xd3\xd4\xd5\xd6\xd7\xd8\xd9\xda\xe2\xe3\
\xe4\xe5\xe6\xe7\xe8\xe9\xea\xf2\xf3\xf4\xf5\xf6\xf7\xf8\xf9\xfa\
\xff\xda\x00\x0c\x03\x01\x00\x02\x11\x03\x11\x00\x3f\x00\xf1\xd2\
\x30\x69\x41\xa3\x1c\xf3\x47\x4a\xfd\x05\x2b\x1c\x23\x87\x14\xfe\
\x0d\x33\x8c\x50\xad\x8a\xd1\x3b\x12\x3b\x14\xdf\xad\x58\xfb\x3d\
\xc7\xd9\x85\xc9\x82\x41\x01\x3b\x7c\xc2\xa7\x6e\x7d\x33\x51\x64\
\x1a\x69\xa7\xb0\x0c\xce\x2a\xe4\x1a\x65\xf5\xdd\xa4\xb7\x70\x5a\
\x4d\x25\xbc\x5f\x7e\x45\x42\x55\x7f\x1a\xa8\x52\xbd\x0f\xc1\x73\
\xc9\xfd\x82\x60\x09\xba\x33\x23\xab\x03\xd0\xe6\xb8\x71\xd8\x99\
\x61\xa9\xf3\xa5\x7d\x51\xa5\x28\x29\xca\xc7\x9d\x66\x92\xa7\xbb\
\x87\xc9\xbb\x9e\x21\xfc\x12\x32\xfe\x46\xab\x9c\x8a\xeb\x52\xe6\
\x49\x91\x61\x7a\x52\xee\x07\xad\x33\x75\x19\x14\x73\x0e\xc0\xd8\
\xa6\xe2\x9d\x81\xda\x81\x50\xd5\xc6\x84\x02\x8a\x78\xe9\x45\x3e\
\x54\x17\x17\x39\x14\x82\x80\x41\xed\x47\x5a\x64\x8e\x19\x34\x87\
\xad\x20\x24\x50\x69\xdf\x40\x3b\xdd\x0e\x43\xaa\x78\x54\xe9\xb8\
\xdc\xbb\x59\x31\xe8\xd9\xc8\x3f\xca\xb8\x77\x8a\x44\x91\x91\x90\
\x86\x53\xb4\x8c\x74\x35\xbb\xe1\x1b\xd6\x8e\xf5\xed\xb7\x95\x57\
\x1b\x86\x3d\x45\x7a\x52\xea\x56\xf1\xe9\x13\x22\xc4\x81\x8f\x2c\
\x36\x0e\x4e\x72\x49\xaf\x9b\x96\x35\xe0\x2b\xce\x0e\x37\x52\x77\
\x5f\x33\xab\x93\xda\x45\x79\x1e\x41\x3e\x9f\x7d\x6b\x0a\xcb\x71\
\x69\x3c\x51\xb7\xdd\x69\x23\x2a\x0f\xe2\x6b\xb8\xf0\x78\x7f\xec\
\x00\x57\x03\xf7\xcd\xdb\xe9\x5d\x0d\xe5\xdd\xbd\xee\x9b\x3c\x13\
\x03\x2c\x4c\xbf\x32\x9a\x6e\x91\xa7\x58\xe9\xfa\x54\x36\xd0\x4a\
\xee\xa8\x4b\x3b\x3e\x06\x49\x35\xcd\x8d\xcd\xa3\x89\xc3\xb8\x49\
\x5a\x57\x5f\x71\x74\xa8\x38\xca\xfd\x0f\x2f\xd7\xfe\x5d\x7e\xf4\
\x6d\xc1\xf3\x0e\x47\xbd\x56\xb3\xd2\xaf\xf5\x26\x2b\x65\x67\x3d\
\xc1\x1d\x7c\xb4\x24\x0a\xef\xee\x3c\x09\x36\xb9\xe2\x99\xae\x77\
\x18\x74\xc2\x15\xe4\x9b\xbb\x1c\x60\xaa\xfa\x9e\x3a\xd1\xe2\x6f\
\x12\x8d\x0e\xd1\x74\xad\x21\x12\xde\x24\x1b\x40\x4e\xbf\x53\xef\
\x5e\x94\x73\x35\x1a\x50\xa5\x49\x73\x4d\xa5\xf2\xd0\xcb\xd9\x7b\
\xcd\xcb\x44\x70\x3a\x8e\x89\xa8\xe9\x41\x4d\xed\xab\xc2\x1c\xe0\
\x67\x07\xf9\x56\x7e\xd2\x7b\xd5\x8b\x8b\xa9\xee\x98\xb4\xf2\xbc\
\x84\x9c\xfc\xc7\x35\x05\x7a\x94\xd4\xf9\x57\xb4\xb5\xfc\x8c\xdd\
\xaf\xa0\x05\x6a\x78\x07\xbd\x22\xc9\x4e\x2d\x9a\xde\x2a\x3d\x08\
\x77\x1a\x70\x28\xa4\x26\x8a\x57\x0b\x0b\x8a\x33\x8a\x39\xf5\xa3\
\x1e\xf4\x00\xec\x83\x48\x4d\x20\xfc\x29\x18\xfa\x50\xde\x97\x0b\
\x1d\x07\x83\x13\x7f\x89\x60\x00\x02\x42\x31\x00\x9c\x64\xe2\xbb\
\x52\x92\xc3\x7f\x2c\x37\x4d\x1c\x48\xdc\xee\x04\x90\x3f\x95\x70\
\x3e\x13\xb9\x5b\x6f\x11\xda\xc8\xe7\x03\x91\xf9\x83\x5e\xc2\xf6\
\xd6\xda\xa4\x71\xc8\x02\x96\xc7\x5c\x57\xc8\x67\x4e\xf5\xd3\xf2\
\xfd\x4e\xca\x1a\x23\x84\xb6\x96\xe1\x2f\xe5\xb6\x32\xac\x91\xee\
\x28\x08\xe7\x70\xed\x8a\xef\x34\x28\x23\xb2\x40\xf3\x22\x92\x07\
\xf1\x0c\xe2\xaa\xcb\xa7\xdb\xda\xc9\xbd\x15\x43\x0e\xe0\x74\xaa\
\x17\x9a\xa8\x81\x58\x09\x2b\xc8\x8c\x2e\xee\xcd\xa5\x3d\x2c\x8d\
\x5f\x11\xf8\xb6\x0d\x3e\xc9\xc2\x81\x80\x0e\x14\x1e\x95\xe2\x37\
\xd7\x92\xdf\xdd\xc9\x71\x29\xc9\x73\x9f\xa5\x69\x78\x87\x54\x6b\
\xbb\x83\x10\x62\x40\x3c\xd6\x1e\x6b\xea\x72\x9c\x22\xa7\x1f\x6b\
\x2d\xde\xde\x87\x25\x59\x5f\x40\xcd\x19\xcd\x21\x34\x0c\x57\xae\
\x9e\xa6\x76\x14\xd0\x1b\x14\x66\x92\xab\xd0\x05\x26\x8a\x69\x34\
\x56\x72\x9e\xa1\x62\x61\xf5\xa5\xc5\x00\x0a\x2b\xa5\x22\x04\x22\
\x93\xb5\x48\x40\xc5\x44\x7a\xd2\x92\xb0\x26\x22\xbb\x45\x22\xba\
\x12\x19\x4e\x41\x1e\xb5\xef\x7e\x1c\xb0\xba\x93\x4b\xb7\x9a\x44\
\x11\x2b\xa2\xb1\x53\x9c\xf2\x2b\xcb\x7e\x1e\xe9\x36\x9a\xbf\x8b\
\xe0\x82\xf5\x0c\x91\x20\x32\x04\xcf\x04\x8e\x99\xf6\xaf\xa1\x8a\
\x2c\x61\x55\x40\x03\xd2\xbe\x4f\x39\x9a\x72\x8e\x9b\x1d\x54\xdd\
\x91\xc6\xea\x96\x13\x48\xc4\xf2\x91\xf4\x0a\xbd\x4d\x72\xfa\xcd\
\x84\x36\x5a\x74\xd7\x24\x39\x65\x52\x46\xe3\x9a\xf4\xf9\xa3\x56\
\xc9\x23\x26\xbc\xcf\xe2\x65\xcc\x90\xe9\x1b\x63\xc0\x0c\x76\x9e\
\x3b\x57\x91\x49\x5e\x69\x77\x34\x6c\xf2\x39\x24\x69\x24\x67\x27\
\x96\x39\xa4\x04\xd2\x0a\x75\x7d\x7d\x2b\xa4\x60\xc3\x34\xa0\xd2\
\x50\x2b\x75\x27\x71\x0a\x4d\x33\x75\x38\xd3\x0d\x45\x59\x35\xb0\
\x21\xdb\x85\x14\xca\x2b\x2f\x6b\x21\xd8\xff\xd9\
\x00\x00\x06\x1a\
\xff\
\xd8\xff\xe0\x00\x10\x4a\x46\x49\x46\x00\x01\x01\x00\x00\x01\x00\
\x01\x00\x00\xff\xdb\x00\x43\x00\x08\x06\x06\x07\x06\x05\x08\x07\
\x07\x07\x09\x09\x08\x0a\x0c\x14\x0d\x0c\x0b\x0b\x0c\x19\x12\x13\
\x0f\x14\x1d\x1a\x1f\x1e\x1d\x1a\x1c\x1c\x20\x24\x2e\x27\x20\x22\
\x2c\x23\x1c\x1c\x28\x37\x29\x2c\x30\x31\x34\x34\x34\x1f\x27\x39\
\x3d\x38\x32\x3c\x2e\x33\x34\x32\xff\xdb\x00\x43\x01\x09\x09\x09\
\x0c\x0b\x0c\x18\x0d\x0d\x18\x32\x21\x1c\x21\x32\x32\x32\x32\x32\
\x32\x32\x32\x32\x32\x32\x32\x32\x32\x32\x32\x32\x32\x32\x32\x32\
\x32\x32\x32\x32\x32\x32\x32\x32\x32\x32\x32\x32\x32\x32\x32\x32\
\x32\x32\x32\x32\x32\x32\x32\x32\x32\x32\x32\x32\x32\xff\xc0\x00\
\x11\x08\x00\x3c\x00\x78\x03\x01\x22\x00\x02\x11\x01\x03\x11\x01\
\xff\xc4\x00\x1f\x00\x00\x01\x05\x01\x01\x01\x01\x01\x01\x00\x00\
\x00\x00\x00\x00\x00\x00\x01\x02\x03\x04\x05\x06\x07\x08\x09\x0a\
\x0b\xff\xc4\x00\xb5\x10\x00\x02\x01\x03\x03\x02\x04\x03\x05\x05\
\x04\x04\x00\x00\x01\x7d\x01\x02\x03\x00\x04\x11\x05\x12\x21\x31\
\x41\x06\x13\x51\x61\x07\x22\x71\x14\x32\x81\x91\xa1\x08\x23\x42\
\xb1\xc1\x15\x52\xd1\xf0\x24\x33\x62\x72\x82\x09\x0a\x16\x17\x18\
\x19\x1a\x25\x26\x27\x28\x29\x2a\x34\x35\x36\x37\x38\x39\x3a\x43\
\x44\x45\x46\x47\x48\x49\x4a\x53\x54\x55\x56\x57\x58\x59\x5a\x63\
\x64\x65\x66\x67\x68\x69\x6a\x73\x74\x75\x76\x77\x78\x79\x7a\x83\
\x84\x85\x86\x87\x88\x89\x8a\x92\x93\x94\x95\x96\x97\x98\x99\x9a\
\xa2\xa3\xa4\xa5\xa6\xa7\xa8\xa9\xaa\xb2\xb3\xb4\xb5\xb6\xb7\xb8\
\xb9\xba\xc2\xc3\xc4\xc5\xc6\xc7\xc8\xc9\xca\xd2\xd3\xd4\xd5\xd6\
\xd7\xd8\xd9\xda\xe1\xe2\xe3\xe4\xe5\xe6\xe7\xe8\xe9\xea\xf1\xf2\
\xf3\xf4\xf5\xf6\xf7\xf8\xf9\xfa\xff\xc4\x00\x1f\x01\x00\x03\x01\
\x01\x01\x01\x01\x01\x01\x01\x01\x00\x00\x00\x00\x00\x00\x01\x02\
\x03\x04\x05\x06\x07\x08\x09\x0a\x0b\xff\xc4\x00\xb5\x11\x00\x02\
\x01\x02\x04\x04\x03\x04\x07\x05\x04\x04\x00\x01\x02\x77\x00\x01\
\x02\x03\x11\x04\x05\x21\x31\x06\x12\x41\x51\x07\x61\x71\x13\x22\
\x32\x81\x08\x14\x42\x91\xa1\xb1\xc1\x09\x23\x33\x52\xf0\x15\x62\
\x72\xd1\x0a\x16\x24\x34\xe1\x25\xf1\x17\x18\x19\x1a\x26\x27\x28\
\x29\x2a\x35\x36\x37\x38\x39\x3a\x43\x44\x45\x46\x47\x48\x49\x4a\
\x53\x54\x55\x56\x57\x58\x59\x5a\x63\x64\x65\x66\x67\x68\x69\x6a\
\x73\x74\x75\x76\x77\x78\x79\x7a\x82\x83\x84\x85\x86\x87\x88\x89\
\x8a\x92\x93\x94\x95\x96\x97\x98\x99\x9a\xa2\xa3\xa4\xa5\xa6\xa7\
\xa8\xa9\xaa\xb2\xb3\xb4\xb5\xb6\xb7\xb8\xb9\xba\xc2\xc3\xc4\xc5\
\xc6\xc7\xc8\xc9\xca\xd2\xd3\xd4\xd5\xd6\xd7\xd8\xd9\xda\xe2\xe3\
\xe4\xe5\xe6\xe7\xe8\xe9\xea\xf2\xf3\xf4\xf5\xf6\xf7\xf8\xf9\xfa\
\xff\xda\x00\x0c\x03\x01\x00\x02\x11\x03\x11\x00\x3f\x00\xf2\x15\
\xa9\x01\xc7\x41\x51\x85\x34\xf1\x9e\x95\xfa\x54\x4f\x3d\x8f\xc0\
\x6a\x31\x8a\x6e\x4a\x9a\x78\x60\x45\x6a\x84\x34\xf1\xd6\x92\x9f\
\xc1\xa4\x2b\x8e\x94\x58\x04\xc8\xae\x93\x4d\xf0\x85\xc5\xf7\x87\
\xa7\xd6\x1e\xe6\x38\x22\x40\xc6\x34\x65\x24\xc9\xb7\xaf\xd2\xb9\
\x9c\x1c\xf2\x2b\xd7\x2e\xec\xfe\xc1\xe0\x41\x09\x90\xee\x8e\xd3\
\xee\x8f\x5d\xb9\x35\xe4\xe6\x78\xda\x98\x75\x05\x0d\xe4\xff\x00\
\x03\x6a\x50\x52\xbd\xcf\x23\x26\x93\x15\xd1\x78\x5f\x45\x83\x51\
\x9e\x4b\xab\xe0\x4d\xa4\x23\x95\x07\x1b\xdb\xd3\xe9\x58\xfa\xab\
\x5a\x8d\x52\xe0\x59\xc6\x63\xb7\x0d\x85\x5d\xd9\xc7\xe3\x5d\x70\
\xc6\x42\x75\x9d\x15\xba\x57\x7d\x89\xe4\x6a\x3c\xc5\x50\xd8\xeb\
\x4a\x76\x9e\x94\xcd\xc0\xd1\xc7\xad\x74\x5c\x81\xa6\x9b\x8a\x7e\
\x3f\x1a\x05\x45\xae\x50\x01\xc5\x14\xfe\xd4\x55\x58\x42\x1e\x29\
\x47\xae\x69\x08\xcd\x26\x70\x68\x10\xf3\xcd\x20\xe3\x8a\x32\x31\
\xc0\xa1\x79\x75\x5c\xe3\x27\x19\xa6\xdd\xb5\x01\xd9\xf7\xae\xc3\
\x43\xf0\x6a\xdc\x35\xb3\xea\xb7\x82\xd8\x4e\x47\x97\x02\x7f\xac\
\x60\x7a\x67\x3c\x0f\xd6\xba\xdb\x4f\x87\x5a\x3d\x8e\x95\xf6\xe6\
\x59\x6f\x6e\x92\x3d\xe1\x64\x6c\x26\xec\x67\xa0\xed\x5c\xbe\x87\
\x7b\x77\xe2\x2f\x1a\x5a\x4c\xf1\x05\x86\xd9\x8c\xad\xfe\xc8\x1d\
\x3f\x5c\x57\xce\xe2\xf3\x6a\x95\x53\x8e\x17\x45\x15\x76\xdf\x6f\
\x2f\x53\xa6\x14\x52\xd6\x67\x45\xe2\x6f\x87\x5a\x76\x9f\x69\x6f\
\x73\xa7\x09\x81\x49\x50\x4a\x1d\xf7\x6e\x52\xc0\x13\x56\xfc\x57\
\x13\xc7\xa3\x5c\xaa\x1c\xee\x4d\x8a\x9e\xa4\xf1\xfd\x6b\xac\xbb\
\xd5\x2d\xe5\x85\xa3\x95\x37\x2b\x0c\x62\xb1\x35\x25\x8a\xf6\x35\
\x3b\xb0\x33\xdf\xda\xbe\x76\xa6\x36\xad\x47\x17\x37\xcd\xca\xef\
\xaf\xc8\xdd\x41\x24\xed\xd4\xe5\xae\x3e\xc7\xe1\xef\x04\x88\x36\
\xab\x5c\x32\x12\x4f\x72\xc7\xbd\x70\x16\xba\x1e\xa5\x7f\x67\x35\
\xec\x36\xe5\xa0\x8c\x12\xd2\x31\x0a\x0e\x3a\xe3\x3d\x7f\x0a\xf4\
\x2b\xcd\x21\xfc\x47\xa9\x47\x1c\xc4\xdb\xe9\x96\xfc\xcf\x37\xf7\
\xcf\x65\x5f\xf3\xc5\x73\x5e\x33\xd6\xa1\x69\x97\x4a\xd3\x1b\x6d\
\x94\x03\x6e\xd5\xe9\xf4\xaf\x67\x2d\xc4\x4a\xf6\x86\xb3\x93\xbb\
\x7d\x91\x95\x48\xae\xbb\x23\x8e\x24\x8a\x3e\x6a\x09\xe6\x90\x3e\
\x0d\x7d\x2d\xd5\xf5\x39\xc7\x82\xde\x94\xf0\x29\x55\xc1\x14\x31\
\xf4\xad\x92\xd3\x72\x44\xc8\x1d\x0d\x15\x1b\x1a\x2a\x79\x82\xc3\
\xc1\xe2\x97\xaf\x5a\x32\xb4\xd2\xdc\xd3\xbd\x80\x76\x31\x48\x4f\
\x20\x8e\xd4\x83\x27\xbd\x29\xf9\x47\x34\xa5\xb0\x1f\x43\x68\x1a\
\x98\xb9\xd1\xed\x88\xda\x43\x44\xa7\x27\xbf\x15\x5e\x48\x6c\x6c\
\xda\x4f\xb2\xdb\x45\x01\x73\x96\x11\x20\x5c\x9f\x7c\x57\x1f\xf0\
\xff\x00\x55\x5b\x9d\x31\x6d\x0b\xfe\xf2\x22\x57\x19\xed\xda\xbb\
\xa3\x62\xb3\x0c\x91\xcd\x7e\x77\x89\x8b\xa3\x56\x70\xf3\x3b\xa3\
\xaa\x4c\xcc\x66\x1b\x4b\x63\x27\x1c\x56\x64\xf7\x0d\xdc\xed\xc0\
\xcf\xd6\xb6\xae\x2c\xda\x20\x7d\x2b\x98\xd5\x25\xf2\x83\x37\xe2\
\x7d\xab\x9e\x2a\xec\xbb\xd8\xc5\xf1\x37\x8a\x25\xb1\xd3\x97\x4d\
\x81\x87\x9a\xf9\x2f\x8e\xc0\x9a\xf3\xf5\x2c\xc4\xb1\x39\x27\xad\
\x3a\xfe\xe9\xaf\x35\x09\xa6\x24\x9d\xcc\x71\xf4\xa8\xd5\x88\x15\
\xf6\x19\x4d\x18\xd1\x85\xfa\xf5\x39\x6a\x36\xc7\x35\x32\x9c\x4e\
\x7b\xd2\x57\xa9\x26\x9b\x21\x0a\x32\x3a\x54\x81\xb8\xa6\x0a\x08\
\xad\x23\xa2\x25\x83\x1a\x29\xa4\xd1\x59\xca\x5a\x8e\xc4\xdb\xa8\
\xe6\x9a\x09\xa9\x05\x74\x2d\x48\x63\x79\xa4\x6e\x47\x34\xe3\x4c\
\x6a\x52\x5a\x02\x34\x3c\x3d\xa9\xcb\xa5\x6b\x56\xf3\xc6\xc4\x29\
\x70\xae\x3d\x41\x35\xf4\x8d\xb4\x22\x48\x11\xc9\x3c\x8c\xd7\xcd\
\xbe\x1c\x82\x3b\x9f\x13\x69\xb0\x4a\x33\x1b\x4e\xb9\x1e\xbc\xd7\
\xd3\x71\x00\xb6\xe9\x8f\x4a\xf8\xdc\xf1\x45\x4e\x2d\x2d\x6c\x75\
\xd2\xd8\xc8\xd4\xe3\x3b\x08\x5e\x6b\xcc\x7c\x71\x72\x74\xfd\x38\
\xaa\xff\x00\xac\x99\xb6\x03\xe9\xeb\x5e\xa3\xa8\x31\xaf\x1d\xf8\
\x96\xed\xfd\xab\x67\x16\x4e\xcf\x2c\xb6\x3d\xeb\x87\x2f\xa6\xaa\
\x57\x8a\x65\xcd\xe8\x70\xc8\x94\xf2\xbd\xc5\x20\xe9\x46\x4e\x2b\
\xee\xa9\xd3\x8c\x63\x63\x91\xb6\xd8\xd3\xc5\x02\x83\x49\x59\x3d\
\x19\x42\xe4\x8a\x5d\xd4\x94\x86\xaa\x52\x69\x68\x20\xcd\x14\xd3\
\x45\x72\xba\xda\xec\x5d\x8f\xff\xd9\
\x00\x00\x05\x77\
\xff\
\xd8\xff\xe0\x00\x10\x4a\x46\x49\x46\x00\x01\x01\x00\x00\x01\x00\
\x01\x00\x00\xff\xdb\x00\x43\x00\x08\x06\x06\x07\x06\x05\x08\x07\
\x07\x07\x09\x09\x08\x0a\x0c\x14\x0d\x0c\x0b\x0b\x0c\x19\x12\x13\
\x0f\x14\x1d\x1a\x1f\x1e\x1d\x1a\x1c\x1c\x20\x24\x2e\x27\x20\x22\
\x2c\x23\x1c\x1c\x28\x37\x29\x2c\x30\x31\x34\x34\x34\x1f\x27\x39\
\x3d\x38\x32\x3c\x2e\x33\x34\x32\xff\xdb\x00\x43\x01\x09\x09\x09\
\x0c\x0b\x0c\x18\x0d\x0d\x18\x32\x21\x1c\x21\x32\x32\x32\x32\x32\
\x32\x32\x32\x32\x32\x32\x32\x32\x32\x32\x32\x32\x32\x32\x32\x32\
\x32\x32\x32\x32\x32\x32\x32\x32\x32\x32\x32\x32\x32\x32\x32\x32\
\x32\x32\x32\x32\x32\x32\x32\x32\x32\x32\x32\x32\x32\xff\xc0\x00\
\x11\x08\x00\x3c\x00\x78\x03\x01\x22\x00\x02\x11\x01\x03\x11\x01\
\xff\xc4\x00\x1f\x00\x00\x01\x05\x01\x01\x01\x01\x01\x01\x00\x00\
\x00\x00\x00\x00\x00\x00\x01\x02\x03\x04\x05\x06\x07\x08\x09\x0a\
\x0b\xff\xc4\x00\xb5\x10\x00\x02\x01\x03\x03\x02\x04\x03\x05\x05\
\x04\x04\x00\x00\x01\x7d\x01\x02\x03\x00\x04\x11\x05\x12\x21\x31\
\x41\x06\x13\x51\x61\x07\x22\x71\x14\x32\x81\x91\xa1\x08\x23\x42\
\xb1\xc1\x15\x52\xd1\xf0\x24\x33\x62\x72\x82\x09\x0a\x16\x17\x18\
\x19\x1a\x25\x26\x27\x28\x29\x2a\x34\x35\x36\x37\x38\x39\x3a\x43\
\x44\x45\x46\x47\x48\x49\x4a\x53\x54\x55\x56\x57\x58\x59\x5a\x63\
\x64\x65\x66\x67\x68\x69\x6a\x73\x74\x75\x76\x77\x78\x79\x7a\x83\
\x84\x85\x86\x87\x88\x89\x8a\x92\x93\x94\x95\x96\x97\x98\x99\x9a\
\xa2\xa3\xa4\xa5\xa6\xa7\xa8\xa9\xaa\xb2\xb3\xb4\xb5\xb6\xb7\xb8\
\xb9\xba\xc2\xc3\xc4\xc5\xc6\xc7\xc8\xc9\xca\xd2\xd3\xd4\xd5\xd6\
\xd7\xd8\xd9\xda\xe1\xe2\xe3\xe4\xe5\xe6\xe7\xe8\xe9\xea\xf1\xf2\
\xf3\xf4\xf5\xf6\xf7\xf8\xf9\xfa\xff\xc4\x00\x1f\x01\x00\x03\x01\
\x01\x01\x01\x01\x01\x01\x01\x01\x00\x00\x00\x00\x00\x00\x01\x02\
\x03\x04\x05\x06\x07\x08\x09\x0a\x0b\xff\xc4\x00\xb5\x11\x00\x02\
\x01\x02\x04\x04\x03\x04\x07\x05\x04\x04\x00\x01\x02\x77\x00\x01\
\x02\x03\x11\x04\x05\x21\x31\x06\x12\x41\x51\x07\x61\x71\x13\x22\
\x32\x81\x08\x14\x42\x91\xa1\xb1\xc1\x09\x23\x33\x52\xf0\x15\x62\
\x72\xd1\x0a\x16\x24\x34\xe1\x25\xf1\x17\x18\x19\x1a\x26\x27\x28\
\x29\x2a\x35\x36\x37\x38\x39\x3a\x43\x44\x45\x46\x47\x48\x49\x4a\
\x53\x54\x55\x56\x57\x58\x59\x5a\x63\x64\x65\x66\x67\x68\x69\x6a\
\x73\x74\x75\x76\x77\x78\x79\x7a\x82\x83\x84\x85\x86\x87\x88\x89\
\x8a\x92\x93\x94\x95\x96\x97\x98\x99\x9a\xa2\xa3\xa4\xa5\xa6\xa7\
\xa8\xa9\xaa\xb2\xb3\xb4\xb5\xb6\xb7\xb8\xb9\xba\xc2\xc3\xc4\xc5\
\xc6\xc7\xc8\xc9\xca\xd2\xd3\xd4\xd5\xd6\xd7\xd8\xd9\xda\xe2\xe3\
\xe4\xe5\xe6\xe7\xe8\xe9\xea\xf2\xf3\xf4\xf5\xf6\xf7\xf8\xf9\xfa\
\xff\xda\x00\x0c\x03\x01\x00\x02\x11\x03\x11\x00\x3f\x00\xf1\xd3\
\xe9\x49\xde\x9e\x71\x4c\xc6\x6b\xf4\x06\x8e\x3b\x8e\x07\x14\xee\
\x0d\x30\x71\x4b\xd2\xad\x31\x0b\x8a\x0d\x28\x34\x70\x78\xaa\x10\
\x94\x75\xae\x85\x3c\x11\xae\x49\x6b\x1d\xc2\xda\xae\xc7\xc6\x01\
\x91\x43\x00\x7b\x91\x53\xcb\xe0\x2d\x5e\x39\xed\xe3\x56\x82\x51\
\x2b\x84\x2d\x1b\x13\xb3\xdc\xe4\x0e\x2b\x95\xe3\x68\x27\x67\x35\
\xf7\x95\xc9\x2e\xc7\x2d\xd2\x90\xe2\xbd\x2e\xcf\xe1\xfe\x93\x63\
\x33\x7f\x6a\x5f\xb4\xe8\xeb\xb1\x42\xae\xcd\xac\x7b\xf5\xe6\xb9\
\x0f\x10\x78\x5e\xfb\x41\x99\x99\xd0\xcb\x66\x4f\xee\xee\x13\x95\
\x23\xb6\x7d\x0d\x65\x47\x31\xc3\xd5\x9b\x84\x25\xaf\xf5\xb1\x4e\
\x9c\x92\xbb\x30\xa9\x41\xa4\xcd\x21\xc5\x75\xdc\x9b\x0a\x45\x32\
\x9d\xcd\x36\xb3\x9e\xa3\x42\x51\x4b\x45\x65\xca\x55\xc7\x83\xda\
\x94\xd2\x0f\xa8\xa3\xf1\xae\x85\x7b\x10\x03\x9e\x69\x4d\x37\xa5\
\x28\x23\x14\xd0\x00\xae\xdb\xc1\xfa\x36\x9b\x77\x63\x25\xd5\xe4\
\x22\x69\x77\x91\x18\x66\x20\x2e\x3e\x9d\x6b\x89\xcd\x7a\x9c\x7e\
\x1d\xbd\x5d\x02\xca\x5d\x30\x84\x71\x08\x32\x26\xe0\x32\x48\xc9\
\xfc\x6b\xca\xcd\xf1\x32\xa3\x41\x28\x3b\x36\xfa\x1a\x52\x8f\x34\
\xb5\x2f\xc9\xe2\x08\x81\x8f\x2d\x1a\x80\x79\x19\xef\x83\x59\xfa\
\x87\x89\xc5\xac\xb0\x32\x95\x75\x6c\x8c\x29\xef\xfe\x73\x5c\xcc\
\xfe\x11\xd6\xee\xee\x24\xf3\x0c\x6a\x5d\xb3\x9d\xfc\x83\xf8\x57\
\x6b\xa0\x78\x67\x4e\xd0\x62\x49\xee\x0f\xda\xaf\x00\xff\x00\x59\
\x20\xe1\x4f\xfb\x23\xb5\x7c\x8a\xbc\x8e\xbd\x11\x9d\x0d\x8e\xaf\
\xe2\x1d\x52\xdc\x3c\x0f\x16\x9e\xa0\x3b\xbb\x64\x6e\x3d\x80\xab\
\x3e\x3d\x92\x2d\x3b\x40\x6b\x54\x62\x4c\x98\x5c\x56\xce\xa7\xe2\
\x28\xed\xa2\x27\x20\xe0\x70\x33\x5e\x51\xe2\x3d\x7e\x6d\x5e\xe4\
\x23\x1c\xc7\x19\xc8\x15\xdf\x97\x61\xfd\xa5\x78\xf9\x6a\xfe\x44\
\x54\x9f\xba\x61\x91\x4d\xa7\x66\x9a\x6b\xec\x65\xe4\x72\x20\xcd\
\x19\xa3\x34\xe1\x8a\x98\xc5\xbe\xa3\x10\x0a\x29\x68\xab\xe5\x42\
\x13\x14\x51\x46\x7d\xa9\x2b\x00\xb4\x74\xa4\xa0\x73\x4d\x30\x16\
\xbd\x9f\xc3\x9a\x97\x9b\xa5\xc1\x26\xe0\x55\xd0\x60\x7b\xf7\xaf\
\x17\x3c\x57\xb3\x78\x0f\x4a\x2b\xe1\x8b\x59\x26\x07\x7c\x99\x75\
\x1e\x8a\x4f\x15\xe2\x67\x69\x3a\x71\x7d\x53\x35\xa4\xf5\x36\x6e\
\x24\x58\x57\x78\x50\x09\x1d\xab\x9d\xbe\xbd\xba\x72\x76\x46\xc6\
\xbb\x0b\xab\x6d\xd1\x73\xcf\x61\x58\xb7\xf6\x86\xde\xca\x59\x08\
\xc6\x14\xd7\xcd\x5c\xd8\xf2\xbd\x7b\x57\x9a\x49\x9a\x0d\xd8\x23\
\xae\x3b\x57\x3f\x9a\x75\xc4\xa6\x5b\xa9\x5f\x39\xdc\xe4\xe7\xf1\
\xa6\x66\xbe\xbb\x03\x4e\x14\xa9\xab\x6f\xd4\xc2\x57\x6c\x75\x25\
\x37\x75\x2e\x7d\xeb\xb7\xda\x26\x45\x85\x34\x99\xc5\x14\x99\xa9\
\x72\xec\x31\xd9\xa2\x9b\x45\x3f\x68\xc2\xc3\xa9\x69\x29\x45\x54\
\x04\xc5\xe6\x92\x97\x34\x1a\xd5\xa2\x4b\xfa\x1e\x95\x26\xb5\xac\
\x5b\x58\xc6\x0f\xef\x1b\xe7\x23\xf8\x54\x75\x3f\x95\x7d\x17\x65\
\x64\xb6\xd6\xb1\xc6\x8a\x15\x51\x42\xa8\xf4\x02\xbc\xef\xe1\x26\
\x9f\x6e\x6d\x6e\xaf\x8a\x66\xe0\xc8\x23\xdc\x7b\x2f\x1d\x2b\xd4\
\x4f\xdd\xaf\x93\xcd\xab\x39\x56\xe4\xe8\x8e\x8a\x6b\x42\x09\x55\
\x15\x72\x70\x71\x5c\x1f\x8f\xf5\x8f\xb1\xe8\x73\x22\x10\x1e\x4f\
\x91\x40\xf7\xae\xda\xe9\x8e\xc3\x5e\x39\xf1\x2a\x57\xfb\x45\xa2\
\x67\xe5\xf9\x9b\xf1\xe2\xb8\x70\xb4\xd5\x4a\xd1\x4c\xa6\xf4\x38\
\x3c\x51\x8a\x5a\x0d\x7d\x6a\x82\x48\xc4\x6d\x19\xa2\x90\xd6\x2f\
\x41\x8a\x4d\x26\xea\x4c\xd2\x54\x39\xb1\x8f\xdd\x45\x33\x34\x53\
\xf6\xac\x2c\x7f\xff\xd9\
\x00\x00\x81\x26\
\xff\
\xd8\xff\xe0\x00\x10\x4a\x46\x49\x46\x00\x01\x01\x01\x00\x60\x00\
\x60\x00\x00\xff\xdb\x00\x43\x00\x08\x06\x06\x07\x06\x05\x08\x07\
\x07\x07\x09\x09\x08\x0a\x0c\x14\x0d\x0c\x0b\x0b\x0c\x19\x12\x13\
\x0f\x14\x1d\x1a\x1f\x1e\x1d\x1a\x1c\x1c\x20\x24\x2e\x27\x20\x22\
\x2c\x23\x1c\x1c\x28\x37\x29\x2c\x30\x31\x34\x34\x34\x1f\x27\x39\
\x3d\x38\x32\x3c\x2e\x33\x34\x32\xff\xdb\x00\x43\x01\x09\x09\x09\
\x0c\x0b\x0c\x18\x0d\x0d\x18\x32\x21\x1c\x21\x32\x32\x32\x32\x32\
\x32\x32\x32\x32\x32\x32\x32\x32\x32\x32\x32\x32\x32\x32\x32\x32\
\x32\x32\x32\x32\x32\x32\x32\x32\x32\x32\x32\x32\x32\x32\x32\x32\
\x32\x32\x32\x32\x32\x32\x32\x32\x32\x32\x32\x32\x32\xff\xc0\x00\
\x11\x08\x02\xa3\x04\xb0\x03\x01\x22\x00\x02\x11\x01\x03\x11\x01\
\xff\xc4\x00\x1c\x00\x01\x01\x00\x02\x03\x01\x01\x00\x00\x00\x00\
\x00\x00\x00\x00\x00\x00\x01\x04\x05\x02\x03\x06\x07\x08\xff\xc4\
\x00\x46\x10\x00\x01\x04\x01\x02\x03\x06\x03\x06\x03\x05\x07\x03\
\x04\x03\x00\x00\x01\x02\x03\x11\x04\x05\x21\x12\x31\x51\x06\x13\
\x14\x22\x41\x61\x32\x71\xa1\x15\x23\x42\x52\x53\x81\x07\x33\x91\
\x43\x62\xb1\xc1\xd1\x16\x24\x34\x54\x72\x82\xa2\x44\xe1\xf0\x17\
\x25\x73\x92\x63\xc2\xf1\xff\xc4\x00\x19\x01\x01\x00\x03\x01\x01\
\x00\x00\x00\x00\x00\x00\x00\x00\x00\x00\x00\x00\x01\x02\x03\x04\
\x05\xff\xc4\x00\x32\x11\x01\x00\x02\x01\x03\x04\x02\x01\x02\x03\
\x07\x05\x00\x00\x00\x00\x00\x01\x11\x02\x03\x12\x21\x04\x13\x31\
\x51\x32\x41\x22\x33\x81\x61\x71\x91\x05\x14\x23\x42\xa1\xb1\xf0\
\x24\x34\xc1\xd1\xe1\xff\xda\x00\x0c\x03\x01\x00\x02\x11\x03\x11\
\x00\x3f\x00\xfa\xb0\x2d\x0a\x3d\x17\x12\x02\xd0\xa0\x20\x2d\x0a\
\x02\x02\xd0\xa0\x20\x2d\x0a\x02\x02\xd0\xa0\x20\x2d\x0a\x02\x02\
\xd0\xa0\x20\x2d\x0a\x02\x02\xd0\xa0\x20\x2d\x0a\x02\x02\xd0\xa0\
\x20\x2d\x0a\x02\x02\xd0\xa0\x20\x2d\x0a\x02\x02\xd0\xa0\x20\x2d\
\x0a\x02\x02\xd0\xa0\x20\x2d\x0a\x02\x02\xd0\xa0\x20\x2d\x0a\x02\
\x02\xd0\xa0\x20\x2d\x0a\x02\x02\xd0\xa0\x20\x2d\x0a\x02\x02\xd0\
\xa0\x20\x2d\x0a\x02\x02\xd0\xa0\x20\x2d\x0a\x02\x02\xd0\xa0\x20\
\x2d\x0a\x02\x02\xd0\xa0\x20\x2d\x0a\x02\x02\xd0\xa0\x20\x2d\x0a\
\x02\x02\xd0\xa0\x20\x2d\x0a\x02\x02\xd0\xa0\x20\x2d\x0a\x02\x02\
\xd0\xa0\x20\x2d\x0a\x02\x02\xd0\xa0\x20\x2d\x0a\x02\x02\xd0\xa0\
\x20\x2d\x0a\x02\x02\xd0\xa0\x20\x2d\x0a\x02\x02\xd0\xa0\x20\x2d\
\x0a\x02\x02\xd0\xa0\x20\x2d\x0a\x02\x02\xd0\xa0\x20\x2d\x0a\x02\
\x02\xd0\xa0\x20\x2d\x0a\x02\x02\xd0\xa0\x20\x2d\x0a\x02\x02\xd0\
\xa0\x20\x2d\x0a\x02\x02\xd0\xa0\x20\x2d\x0a\x02\x02\xd0\xa0\x20\
\x2d\x0a\x02\x02\xd0\xa0\x20\x2d\x0a\x02\x02\xd0\xa0\x20\x2d\x0a\
\x02\x02\xd0\xa0\x20\x2d\x0a\x02\x02\xd0\xa0\x20\x2d\x0a\x02\x02\
\xd0\xa0\x20\x2d\x0a\x02\x02\xd0\xa0\x20\x2d\x0a\x00\x00\x09\x00\
\x00\x00\x00\x00\x00\x00\x00\x00\x00\x00\x00\x00\x00\x00\x00\x00\
\x00\x00\x00\x00\x00\x00\x00\x00\x00\x00\x00\x00\x00\x00\x00\x00\
\x00\x00\x00\x00\x00\x00\x00\x00\x00\x00\x00\x00\x00\x00\x00\x00\
\x00\x00\x00\x00\x00\x00\x00\x00\x00\x00\x00\x00\x00\x00\x00\x00\
\x00\x00\x00\x00\x00\x00\x00\x00\x00\x00\x00\x00\x00\x00\x00\x00\
\x00\x00\x00\x00\x00\x00\x00\x00\x00\x00\x00\x00\x00\x00\x00\x00\
\x00\x00\x00\x00\x00\x00\x00\x00\x00\x00\x00\x00\x00\x00\x00\x00\
\x00\x00\x00\x00\x00\x00\x00\x00\x00\x00\x00\x00\x00\x00\x00\x00\
\x00\x00\x00\x00\x00\x00\x00\x00\x00\x00\x00\x00\x00\x00\x00\x00\
\x00\x00\x00\x00\x04\x00\x00\x00\x00\x00\x00\x00\x00\x00\x00\x00\
\x00\x00\x00\x00\x00\x00\x00\x00\x00\x00\x00\x00\x00\x00\x00\x00\
\x00\x00\x00\x00\x00\x00\x00\x00\x00\x00\x00\x00\x00\x00\x00\x00\
\x00\x00\x00\x00\x00\x00\x00\x00\x00\x00\x00\x00\x00\x00\x00\x00\
\x00\x00\x00\x00\x00\x00\x00\x00\x00\x00\x00\x00\x00\x00\x00\x00\
\x00\x00\x00\x00\x00\x00\x00\x00\x00\x00\x00\x00\x00\x00\x00\x00\
\x00\x00\x00\x00\x00\x00\x00\x00\x00\x00\x00\x00\x00\x00\x00\x00\
\x00\x00\x00\x00\x00\x00\x00\x00\x00\x00\x00\x00\x00\x00\x00\x00\
\x00\x00\x00\x00\x00\x00\x00\x00\x00\x00\x00\x00\x00\x00\x00\x00\
\x00\x00\x00\x00\x00\x00\x00\x00\x00\x0a\x00\x20\x00\x00\x00\x00\
\x00\x00\x00\x00\x00\x00\x00\x00\x00\x00\x00\x00\x00\x00\x00\x00\
\x00\x00\x00\x00\x00\x00\x00\x00\x00\x00\x00\x00\x00\x00\x00\x00\
\x00\x00\x00\x00\x00\x00\x00\x00\x00\x00\x00\x00\x00\x00\x00\x00\
\x00\x00\x00\x00\x00\x00\x00\x00\x00\x00\x00\x00\x00\x00\x00\x00\
\x00\x00\x00\x00\x00\x00\x00\x00\x00\x00\x00\x00\x00\x00\x00\x00\
\x00\x00\x00\x00\x00\x00\x00\x00\x00\x00\x00\x00\x00\x00\x00\x00\
\x00\x00\x00\x00\x00\x00\x00\x00\x00\x00\x00\x00\x00\x00\x00\x00\
\x00\x00\x00\x00\x00\x00\x00\x00\x00\x00\x00\x00\x00\x00\x00\x00\
\x00\x00\x00\x00\x00\x00\x00\x00\x00\x00\x00\x00\x00\x00\x00\x00\
\x00\x04\x24\x00\x00\x00\x00\x00\x00\x00\x00\x00\x00\x00\x00\x00\
\x00\x00\x00\x00\x00\x00\x00\x00\x00\x00\x00\x00\x00\x00\x00\x00\
\x00\x00\x00\x00\x00\x00\x00\x00\x00\x00\x00\x00\x00\x00\x00\x00\
\x00\x00\x00\x00\x00\x00\x00\x00\x00\x00\x00\x00\x00\x00\x00\x00\
\x00\x00\x00\x00\x00\x00\x00\x00\x00\x00\x00\x00\x00\x00\x00\x00\
\x00\x00\x00\x00\x00\x00\x00\x00\x00\x00\x00\x00\x00\x00\x00\x00\
\x00\x00\x00\x00\x00\x00\x00\x00\x00\x00\x00\x00\x00\x00\x00\x00\
\x00\x00\x00\x00\x00\x00\x00\x00\x00\x00\x00\x00\x00\x00\x00\x00\
\x00\x00\x00\x00\x00\x00\x00\x00\x00\x00\x00\x00\x00\x00\x00\x00\
\x00\x00\x00\x00\x00\x00\x01\x40\x04\x00\x00\x00\x00\x00\x00\x00\
\x00\x00\x00\x00\x00\x00\x00\x00\x00\x00\x00\x00\x00\x00\x00\x00\
\x00\x00\x00\x00\x00\x00\x00\x00\x00\x00\x00\x00\x00\x00\x00\x00\
\x00\x00\x00\x00\x00\x00\x00\x00\x00\x00\x00\x00\x00\x00\x00\x00\
\x00\x00\x00\x00\x00\x00\x00\x00\x00\x00\x00\x00\x00\x00\x00\x00\
\x00\x00\x00\x00\x00\x00\x00\x00\x00\x00\x00\x00\x00\x00\x00\x00\
\x00\x00\x00\x00\x00\x00\x00\x00\x00\x00\x00\x00\x00\x00\x00\x00\
\x00\x00\x00\x00\x00\x00\x00\x00\x00\x00\x00\x00\x00\x00\x00\x00\
\x00\x00\x00\x00\x00\x00\x00\x00\x00\x00\x00\x00\x00\x00\x00\x00\
\x00\x00\x00\x00\x00\x00\x00\x00\x00\x00\x00\x00\x00\x00\x00\x84\
\x80\x00\x00\x00\x00\x00\x00\x00\x00\x00\x00\x00\x00\x00\x00\x00\
\x00\x00\x00\x00\x00\x00\x00\x00\x00\x00\x00\x00\x00\x00\x00\x00\
\x00\x00\x00\x00\x00\x00\x00\x00\x00\x00\x00\x00\x00\x00\x00\x00\
\x00\x00\x00\x00\x00\x00\x00\x00\x00\x00\x00\x00\x00\x00\x00\x00\
\x00\x00\x00\x00\x00\x00\x00\x00\x00\x00\x00\x00\x00\x00\x00\x00\
\x00\x00\x00\x00\x00\x00\x00\x00\x00\x00\x00\x00\x00\x00\x00\x00\
\x00\x00\x00\x00\x00\x00\x00\x00\x00\x00\x00\x00\x00\x00\x00\x00\
\x00\x00\x00\x00\x00\x00\x00\x00\x00\x00\x00\x00\x00\x00\x00\x00\
\x00\x00\x00\x00\x00\x00\x00\x00\x00\x00\x00\x00\x00\x00\x00\x00\
\x00\x00\x00\x00\x14\x28\xa0\x8b\x12\x85\x14\x0b\x12\x85\x14\x0b\
\x12\x85\x14\x0b\x12\x85\x14\x0b\x12\x85\x14\x0b\x12\x85\x14\x0b\
\x12\x85\x14\x0b\x12\x85\x14\x0b\x12\x85\x14\x0b\x12\x85\x14\x0b\
\x12\x85\x14\x0b\x12\x85\x14\x0b\x12\x85\x14\x0b\x12\x85\x14\x0b\
\x12\x85\x14\x0b\x12\x85\x14\x0b\x12\x85\x14\x0b\x12\x85\x14\x0b\
\x12\x85\x14\x0b\x12\x85\x14\x0b\x12\x85\x14\x0b\x12\x85\x14\x0b\
\x12\x85\x14\x0b\x12\x85\x14\x0b\x12\x85\x14\x0b\x12\x85\x14\x0b\
\x12\x85\x14\x0b\x12\x85\x14\x0b\x12\x85\x14\x0b\x12\x85\x14\x0b\
\x12\x85\x14\x0b\x12\x85\x14\x0b\x12\x85\x14\x0b\x12\x85\x14\x0b\
\x12\x85\x14\x0b\x12\x85\x14\x0b\x12\x85\x14\x0b\x12\x85\x14\x0b\
\x12\x85\x14\x0b\x12\x85\x14\x0b\x12\x85\x14\x0b\x12\x85\x14\x0b\
\x12\x85\x14\x0b\x12\x85\x14\x0b\x12\x85\x14\x0b\x12\x85\x14\x0b\
\x12\x85\x14\x0b\x12\x85\x14\x0b\x12\x85\x14\x0b\x12\x85\x14\x0b\
\x12\x85\x14\x0b\x12\x85\x14\x0b\x12\x85\x14\x0b\x12\x85\x14\x0b\
\x12\x85\x14\x0b\x12\x85\x14\x0b\x12\x85\x14\x0b\x12\x85\x14\x0b\
\x12\x85\x14\x0b\x12\x85\x14\x0b\x12\x85\x14\x0b\x12\x85\x14\x0b\
\x12\x85\x14\x0b\x12\x85\x14\x0b\x12\x85\x14\x0b\x12\x85\x14\x0b\
\x12\x85\x14\x0b\x12\x85\x14\x0b\x12\x85\x14\x0b\x12\x85\x14\x0b\
\x12\x85\x14\x0b\x12\x85\x14\x0b\x12\x85\x14\x0b\x12\x85\x14\x0b\
\x00\x50\x55\x28\x0a\x00\x80\xa0\x08\x0a\x00\x80\xa0\x08\x0a\x00\
\x80\xa0\x08\x0a\x00\x80\xa0\x08\x0a\x00\x80\xa0\x08\x0a\x00\x80\
\xa0\x08\x0a\x00\x80\xa0\x08\x0a\x00\x80\xa0\x08\x0a\x00\x80\xa0\
\x08\x0a\x00\x80\xa0\x08\x0a\x00\x80\xa0\x08\x0a\x00\x80\xa0\x08\
\x0a\x00\x80\xa0\x08\x0a\x00\x80\xa0\x08\x0a\x00\x80\xa0\x08\x0a\
\x00\x80\xa0\x08\x0a\x00\x80\xa0\x08\x0a\x00\x80\xa0\x08\x0a\x00\
\x80\xa0\x08\x0a\x00\x80\xa0\x08\x0a\x00\x80\xa0\x08\x0a\x00\x80\
\xa0\x08\x0a\x00\x80\xa0\x08\x0a\x00\x80\xa0\x08\x0a\x00\x80\xa0\
\x08\x0a\x00\x80\xa0\x08\x0a\x00\x80\xa0\x08\x0a\x00\x80\xa0\x08\
\x0a\x00\x80\xa0\x08\x0a\x00\x80\xa0\x08\x0a\x00\x80\xa0\x08\x0a\
\x00\x80\xa0\x08\x0a\x00\x80\xa0\x08\x0a\x00\x80\xa0\x08\x0a\x00\
\x80\xa0\x08\x0a\x00\x80\xa0\x08\x0a\x00\x80\xa0\x00\x2d\x0a\x21\
\x28\x0b\x42\x80\x80\xb4\x28\x08\x0b\x42\x80\x80\xb4\x28\x08\x0b\
\x42\x80\x80\xb4\x28\x08\x0b\x42\x80\x80\xb4\x28\x08\x0b\x42\x80\
\x80\xb4\x28\x08\x0b\x42\x80\x80\xb4\x28\x08\x0b\x42\x80\x80\xb4\
\x28\x08\x0b\x42\x80\x80\xb4\x28\x08\x0b\x42\x80\x80\xb4\x28\x08\
\x0b\x42\x80\x80\xb4\x28\x08\x0b\x42\x80\x80\xb4\x28\x08\x0b\x42\
\x80\x80\xb4\x28\x08\x0b\x42\x80\x80\xb4\x28\x08\x0b\x42\x80\x80\
\xb4\x28\x08\x0b\x42\x80\x80\xb4\x28\x08\x0b\x42\x80\x80\xb4\x28\
\x08\x0b\x42\x80\x80\xb4\x28\x08\x0b\x42\x80\x80\xb4\x28\x08\x0b\
\x42\x80\x80\xb4\x28\x08\x0b\x42\x80\x80\xb4\x28\x08\x0b\x42\x80\
\x80\xb4\x28\x08\x0b\x42\x80\x80\xb4\x28\x08\x0b\x42\x80\x80\xb4\
\x28\x08\x0b\x42\x80\x80\xb4\x28\x08\x0b\x42\x80\x80\xb4\x28\x08\
\x0b\x42\x80\x80\xb4\x28\x08\x0b\x42\x80\x80\xb4\x28\x08\x0b\x42\
\x80\x80\xb4\x28\x08\x0b\x42\x80\x80\xb4\x28\x08\x0b\x42\x80\x80\
\xb4\x28\x08\x0b\x42\x80\x80\xb4\x28\x08\x0b\x42\x80\x80\xb4\x28\
\x08\x0b\x42\x80\x80\xb4\x28\x08\x0b\x42\x80\x80\xb4\x28\x08\x0b\
\x42\x80\x80\xb4\x28\x08\x0b\x42\x80\x80\xb4\x28\x08\x0b\x42\x80\
\x80\xb4\x28\x06\xe3\x70\x08\x49\xb8\xdc\x00\x1b\x8d\xc0\x01\xb8\
\xdc\x00\x1b\x8d\xc0\x01\xb8\xdc\x00\x1b\x8d\xc0\x01\xb8\xdc\x00\
\x1b\x8d\xc0\x01\xb8\xdc\x00\x1b\x8d\xc0\x01\xb8\xdc\x00\x1b\x8d\
\xc0\x01\xb8\xdc\x00\x1b\x8d\xc0\x01\xb8\xdc\x00\x1b\x8d\xc0\x01\
\xb8\xdc\x00\x1b\x8d\xc0\x01\xb8\xdc\x00\x1b\x8d\xc0\x01\xb8\xdc\
\x00\x1b\x8d\xc0\x01\xb8\xdc\x00\x1b\x8d\xc0\x01\xb8\xdc\x00\x1b\
\x8d\xc0\x01\xb8\xdc\x00\x1b\x8d\xc0\x01\xb8\xdc\x00\x1b\x8d\xc0\
\x01\xb8\xdc\x00\x1b\x8d\xc0\x01\xb8\xdc\x00\x1b\x8d\xc0\x01\xb8\
\xdc\x00\x1b\x8d\xc0\x01\xb8\xdc\x00\x1b\x8d\xc0\x01\xb8\xdc\x00\
\x1b\x8d\xc0\x01\xb8\xdc\x00\x1b\x8d\xc0\x01\xb8\xdc\x00\x1b\x8d\
\xc0\x01\xb8\xdc\x00\x1b\x8d\xc0\x01\xb8\xdc\x00\x1b\x8d\xc0\x01\
\xb8\xdc\x00\x1b\x8d\xc0\x01\xb8\xdc\x00\x1b\x8d\xc0\x01\xb8\xdc\
\x00\x1b\x8d\xc0\x01\xb8\xdc\x00\x1b\x8d\xc0\x01\xb8\xdc\x00\x1b\
\x8d\xc0\x01\xb8\xdc\x00\x1b\x8d\xc0\x01\xb8\xdc\x00\x1b\x8d\xc0\
\x01\xb8\xdc\x00\x1b\x8d\xc0\x01\xb8\xdc\x00\x1b\x8d\xc0\x01\xb8\
\xdc\x00\x1b\x8d\xc0\x01\xb8\xdc\x00\x1b\x8d\xc0\x01\xb8\xdc\x00\
\x1b\x8d\xc0\x01\xb8\xdc\x00\x1b\x8d\xc0\x00\x0b\x42\x88\x10\x16\
\x85\x01\x01\x68\x50\x10\x16\x85\x01\x01\x68\x50\x10\x16\x85\x01\
\x01\x68\x50\x10\x16\x85\x01\x01\x68\x50\x10\x16\x85\x01\x01\x68\
\x50\x10\x16\x85\x01\x01\x68\x50\x10\x16\x85\x01\x01\x68\x50\x10\
\x16\x85\x01\x01\x68\x50\x10\x16\x85\x01\x01\x68\x50\x10\x16\x85\
\x01\x01\x68\x50\x10\x16\x85\x01\x01\x68\x50\x10\x16\x85\x01\x01\
\x68\x50\x10\x16\x85\x01\x01\x68\x50\x10\x16\x85\x01\x01\x68\x50\
\x10\x16\x85\x01\x01\x68\x50\x10\x16\x85\x01\x01\x68\x50\x10\x16\
\x85\x01\x01\x68\x50\x10\x16\x85\x01\x01\x68\x50\x10\x16\x85\x01\
\x01\x68\x50\x10\x16\x85\x01\x01\x68\x50\x10\x16\x85\x01\x01\x68\
\x50\x10\x16\x85\x01\x01\x68\x50\x10\x16\x85\x01\x01\x68\x50\x10\
\x16\x85\x01\x01\x68\x50\x10\x16\x85\x01\x01\x68\x50\x10\x16\x85\
\x01\x01\x68\x50\x10\x16\x85\x01\x01\x68\x50\x10\x16\x85\x01\x01\
\x68\x50\x10\x16\x85\x01\x01\x68\x50\x10\x16\x85\x01\x01\x68\x50\
\x10\x16\x85\x01\x01\x68\x50\x10\x16\x85\x01\x01\x68\x50\x10\x16\
\x85\x01\x01\x68\x50\x10\x16\x85\x01\x01\x68\x50\x10\x16\x85\x01\
\x01\x68\x50\x10\x16\x85\x01\x01\x68\x50\x10\x16\x85\x01\x01\x68\
\x50\x1d\x6d\x75\x9d\x86\x2e\x3a\xaa\x99\x49\xc8\x84\xd0\x00\x05\
\x00\x00\x50\x00\x05\x00\x00\x50\x00\x05\x00\x00\x50\x00\x05\x00\
\x00\x50\x00\x05\x00\x00\x50\x00\x05\x00\x00\x50\x00\x05\x00\x00\
\x50\x00\x05\x00\x00\x50\x00\x05\x00\x00\x50\x00\x05\x00\x00\x50\
\x00\x05\x00\x00\x50\x00\x05\x00\x00\x50\x00\x05\x00\x00\x50\x00\
\x05\x00\x00\x50\x00\x05\x00\x00\x50\x00\x05\x00\x00\x50\x00\x05\
\x00\x00\x50\x00\x05\x00\x00\x50\x00\x05\x00\x00\x50\x00\x05\x00\
\x00\x50\x00\x05\x00\x00\x50\x00\x05\x00\x00\x50\x00\x05\x00\x00\
\x50\x00\x05\x00\x00\x50\x00\x05\x00\x00\x50\x00\x05\x00\x00\x50\
\x00\x05\x00\x00\x50\x00\x05\x00\x00\x50\x00\x05\x00\x00\x50\x00\
\x05\x00\x00\x50\x00\x05\x00\x00\x50\x00\x05\x00\x00\x50\x00\x05\
\x00\x00\x50\x00\x05\x00\x00\x50\x00\x05\x00\x00\x50\x00\x05\x00\
\x00\x50\x00\x05\x00\x1c\x5c\xb4\x80\xa6\x36\x32\x19\x69\xc8\xc5\
\xc6\xf4\x32\xd3\x91\x54\xa0\x28\x26\xc4\x05\x02\xc4\x05\x02\xc4\
\x05\x02\xc4\x05\x02\xc4\x05\x02\xc4\x05\x02\xc4\x05\x02\xc4\x05\
\x02\xc4\x05\x02\xc4\x05\x02\xc4\x05\x02\xc4\x05\x02\xc4\x05\x02\
\xc4\x05\x02\xc4\x05\x02\xc4\x05\x02\xc4\x05\x02\xc4\x05\x02\xc4\
\x05\x02\xc4\x05\x02\xc4\x05\x02\xc4\x05\x02\xc4\x05\x02\xc4\x05\
\x02\xc4\x05\x02\xc4\x05\x02\xc4\x05\x02\xc4\x05\x02\xc4\x05\x02\
\xc4\x05\x02\xc4\x05\x02\xc4\x05\x02\xc4\x05\x02\xc4\x05\x02\xc4\
\x05\x02\xc4\x05\x02\xc4\x05\x02\xc4\x05\x02\xc4\x05\x02\xc4\x05\
\x02\xc4\x05\x02\xc4\x05\x02\xc4\x05\x02\xc4\x05\x02\xc4\x05\x02\
\xc4\x05\x02\xc4\x05\x02\xc4\x05\x02\xc4\x05\x02\xc4\x05\x02\xc4\
\x05\x02\xc4\x05\x02\xc4\x05\x02\xc4\x05\x02\xc4\x05\x02\xc4\x05\
\x02\xc4\x05\x02\xc4\x05\x02\xc4\x05\x02\xc4\x05\x02\xc4\x05\x02\
\xc4\x05\x02\xc4\x05\x02\xc4\x05\x02\xc4\x05\x02\xc4\x05\x02\xc4\
\x05\x02\xc4\x05\x02\xc4\x05\x02\xc4\x05\x02\xc4\x05\x02\xc4\x05\
\x02\xc4\x3a\x67\x5a\x62\x9d\xe7\x44\xff\x00\x02\x90\x3a\xf1\xbd\
\x0c\xb4\xe4\x62\x63\x7a\x19\x69\xc8\x80\x00\x00\x00\x00\x00\x00\
\x00\x00\x00\x00\x00\x00\x00\x00\x00\x00\x00\x00\x00\x00\x00\x00\
\x00\x00\x00\x00\x00\x00\x00\x00\x00\x00\x00\x00\x00\x00\x00\x00\
\x00\x00\x00\x00\x00\x00\x00\x00\x00\x00\x00\x00\x00\x00\x00\x00\
\x00\x00\x00\x00\x00\x00\x00\x00\x00\x00\x00\x00\x00\x00\x00\x00\
\x00\x00\x00\x00\x00\x00\x00\x00\x00\x00\x00\x00\x00\x00\x00\x00\
\x00\x00\x00\x00\x00\x00\x00\x00\x00\x00\x00\x00\x00\x00\x00\x00\
\x00\x00\x00\x00\x00\x00\x00\x00\x00\x00\x00\x00\x00\x00\x00\x00\
\x00\x00\x00\x00\x00\x00\x00\x00\x00\x00\x00\x00\x00\x00\x00\x00\
\x00\x00\x00\x00\x00\x00\x00\x00\x00\x00\x00\x00\x3a\x27\xf8\x14\
\xef\x3a\x32\x3f\x96\xa0\x70\xc6\x4e\x46\x52\x26\xc6\x2e\x37\xa1\
\x96\x9c\x88\x49\x42\x80\x01\x42\x80\x01\x42\x80\x01\x42\x80\x01\
\x42\x80\x01\x42\x80\x01\x42\x80\x01\x42\x80\x01\x42\x80\x01\x42\
\x80\x01\x42\x80\x01\x42\x80\x01\x42\x80\x01\x42\x80\x01\x42\x80\
\x01\x42\x80\x01\x42\x80\x01\x42\x80\x01\x42\x80\x01\x42\x80\x01\
\x42\x80\x01\x42\x80\x01\x42\x80\x01\x42\x80\x01\x42\x80\x01\x42\
\x80\x01\x42\x80\x01\x42\x80\x01\x42\x80\x01\x42\x80\x01\x42\x80\
\x01\x42\x80\x01\x42\x80\x01\x42\x80\x01\x42\x80\x01\x42\x80\x01\
\x42\x80\x01\x42\x80\x01\x42\x80\x01\x42\x80\x01\x42\x80\x01\x42\
\x80\x01\x42\x80\x01\x42\x80\x01\x42\x80\x01\x42\x80\x01\x42\x80\
\x01\x42\x80\x01\x42\x80\x01\x42\x80\x01\x42\x80\x01\x42\x80\x01\
\x42\x80\x01\x42\x80\x01\x42\x80\x01\x42\x80\x01\x42\x80\x01\x42\
\x80\x01\x42\x80\x01\x42\x80\x01\x42\x80\x01\x42\x80\x01\x42\x80\
\x01\x42\x80\x01\x42\x80\x01\x42\x80\x01\x42\x80\x01\x42\x80\x01\
\x42\x80\x01\x42\x80\x01\x42\x80\x01\x42\x80\x01\x42\x80\x01\x47\
\x46\x42\x7d\xd9\xde\x74\x64\x7c\x00\x75\xe3\x7a\x19\x69\xc8\xc4\
\xc7\xe4\x86\x5a\x72\xfd\x88\x00\x00\x00\x00\x00\x00\x00\x00\x00\
\x00\x00\x00\x00\x00\x00\x00\x00\x00\x00\x00\x00\x00\x00\x00\x00\
\x00\x00\x00\x00\x00\x00\x00\x00\x00\x00\x00\x00\x00\x00\x00\x00\
\x00\x00\x00\x00\x00\x00\x00\x00\x00\x00\x00\x00\x00\x00\x00\x00\
\x00\x00\x00\x00\x00\x00\x00\x00\x00\x00\x00\x00\x00\x00\x00\x00\
\x00\x00\x00\x00\x00\x00\x00\x00\x00\x00\x00\x00\x00\x00\x00\x00\
\x00\x00\x00\x00\x00\x00\x00\x00\x00\x00\x00\x00\x00\x00\x00\x00\
\x00\x00\x00\x00\x00\x00\x00\x00\x00\x00\x00\x00\x00\x00\x00\x00\
\x00\x00\x00\x00\x00\x00\x00\x00\x00\x00\x00\x00\x00\x00\x00\x00\
\x00\x00\x00\x00\x00\x00\x00\x00\x00\x03\xa3\x23\xe0\x3b\xce\x8c\
\x8f\x81\x40\xe1\x8c\x86\x59\x89\x8d\xc8\xcb\x2b\x69\xa0\x00\x2c\
\xa0\x00\x2c\xa0\x00\x2c\xa0\x00\x2c\xa0\x00\x2c\xa0\x00\x2c\xa0\
\x00\x2c\xa0\x00\x2c\xa0\x00\x2c\xa0\x00\x2c\xa0\x00\x2c\xa0\x00\
\x2c\xa0\x00\x2c\xa0\x00\x2c\xa0\x00\x2c\xa0\x00\x2c\xa0\x00\x2c\
\xa0\x00\x2c\xa0\x00\x2c\xa0\x00\x2c\xa0\x00\x2c\xa0\x00\x2c\xa0\
\x00\x2c\xa0\x00\x2c\xa0\x00\x2c\xa0\x00\x2c\xa0\x00\x2c\xa0\x00\
\x2c\xa0\x00\x2c\xa0\x00\x2c\xa0\x00\x2c\xa0\x00\x2c\xa0\x00\x2c\
\xa0\x00\x2c\xa0\x00\x2c\xa0\x00\x2c\xa0\x00\x2c\xa0\x00\x2c\xa0\
\x00\x2c\xa0\x00\x2c\xa0\x00\x2c\xa0\x00\x2c\xa0\x00\x2c\xa0\x00\
\x2c\xa0\x00\x2c\xa0\x00\x2c\xa0\x00\x2c\xa0\x00\x2c\xa0\x00\x2c\
\xa0\x00\x2c\xa0\x00\x2c\xa0\x00\x2c\xa0\x00\x2c\xa0\x00\x2c\xa0\
\x00\x2c\xa0\x00\x2c\xa0\x00\x2c\xa0\x00\x2c\xa0\x00\x2c\xa0\x00\
\x2c\xa0\x00\x2c\xa0\x00\x2c\xa0\x00\x2c\xa0\x00\x2c\xa0\x00\x2c\
\xa0\x00\x2c\xa0\x00\x2c\xa0\x00\x2c\xa0\x00\x2c\xa0\x00\x2c\xa0\
\x00\x2c\xa0\x00\x2c\xa0\x00\x2c\xa0\xe8\xc8\xf8\x0e\xf3\xa3\x23\
\xe0\x16\x53\xaf\x1f\x92\x7c\x8c\xb4\xe4\x62\x63\x72\x32\xd1\x08\
\x48\x0b\x42\x80\x80\xb4\x28\x08\x0b\x42\x80\x80\xb4\x28\x08\x0b\
\x42\x80\x80\xb4\x28\x08\x0b\x42\x80\x80\xb4\x28\x08\x0b\x42\x80\
\x80\xb4\x28\x08\x0b\x42\x80\x80\xb4\x28\x08\x0b\x42\x80\x80\xb4\
\x28\x08\x0b\x42\x80\x80\xb4\x28\x08\x0b\x42\x80\x80\xb4\x28\x08\
\x0b\x42\x80\x80\xb4\x28\x08\x0b\x42\x80\x80\xb4\x28\x08\x0b\x42\
\x80\x80\xb4\x28\x08\x0b\x42\x80\x80\xb4\x28\x08\x0b\x42\x80\x80\
\xb4\x28\x08\x0b\x42\x80\x80\xb4\x28\x08\x0b\x42\x80\x80\xb4\x28\
\x08\x0b\x42\x80\x80\xb4\x28\x08\x0b\x42\x80\x80\xb4\x28\x08\x0b\
\x42\x80\x80\xb4\x28\x08\x0b\x42\x80\x80\xb4\x28\x08\x0b\x42\x80\
\x80\xb4\x28\x08\x0b\x42\x80\x80\xb4\x28\x08\x0b\x42\x80\x80\xb4\
\x28\x08\x0b\x42\x80\x80\xb4\x28\x08\x0b\x42\x80\x80\xb4\x28\x08\
\x0b\x42\x80\x80\xb4\x28\x08\x0b\x42\x80\x80\xb4\x28\x08\x0b\x42\
\x80\x80\xb4\x28\x08\x0b\x42\x80\x80\xb4\x28\x08\x0b\x42\x80\x80\
\xb4\x28\x08\x0b\x42\x80\x80\xb4\x28\x08\x0b\x42\x80\x80\xb4\x28\
\x08\x0b\x42\x80\x80\xb4\x28\x08\x0b\x42\x80\x80\xb4\x28\x08\x0b\
\x42\x80\x80\xb4\x28\x08\x0b\x42\x80\x80\xb4\x28\x08\x0b\x42\x80\
\x86\x3e\x47\xc0\x64\xd1\x8f\x91\xf0\x01\xc3\x1b\x92\x19\x68\x62\
\x63\x72\x43\x2d\x08\xb2\x80\x00\xb2\x80\x00\xb2\x80\x00\xb2\x80\
\x00\xb2\x80\x00\xb2\x80\x00\xb2\x80\x00\xb2\x80\x00\xb2\x80\x00\
\xb2\x80\x00\xb2\x80\x00\xb2\x80\x00\xb2\x80\x00\xb2\x80\x00\xb2\
\x80\x00\xb2\x80\x00\xb2\x80\x00\xb2\x80\x00\xb2\x80\x00\xb2\x80\
\x00\xb2\x80\x00\xb2\x80\x00\xb2\x80\x00\xb2\x80\x00\xb2\x80\x00\
\xb2\x80\x00\xb2\x80\x00\xb2\x80\x00\xb2\x80\x00\xb2\x80\x00\xb2\
\x80\x00\xb2\x80\x00\xb2\x80\x00\xb2\x80\x00\xb2\x80\x00\xb2\x80\
\x00\xb2\x80\x00\xb2\x80\x00\xb2\x80\x00\xb2\x80\x00\xb2\x80\x00\
\xb2\x80\x00\xb2\x80\x00\xb2\x80\x00\xb2\x80\x00\xb2\x80\x00\xb2\
\x80\x00\xb2\x80\x00\xb2\x80\x00\xb2\x80\x00\xb2\x80\x00\xb2\x80\
\x00\xb2\x80\x00\xb2\x80\x00\xb2\x80\x00\xb2\x80\x00\xb2\x80\x00\
\xb2\x80\x00\xb2\x80\x00\xb2\x80\x00\xb2\x80\x00\xb2\x80\x00\xb2\
\x80\x00\xb2\x80\x00\xb2\x80\x00\xb2\x80\x00\xb2\x80\x00\xb2\x80\
\x00\xb2\x80\x00\xb2\x80\x00\xb2\x80\x00\xb2\x80\x00\xb2\x80\x00\
\xb2\x83\xa3\x23\xf9\x6a\x77\x9d\x19\x1f\xcb\x51\x65\x3a\xf1\xbf\
\xc8\xcb\x44\xd8\xc5\xc6\xf4\x32\xd3\x91\x0b\x20\x28\x20\x40\x50\
\x04\x05\x00\x40\x50\x04\x05\x00\x40\x50\x04\x05\x00\x40\x50\x04\
\x05\x00\x40\x50\x04\x05\x00\x40\x50\x04\x05\x00\x40\x50\x04\x05\
\x00\x40\x50\x04\x05\x00\x40\x50\x04\x05\x00\x40\x50\x04\x05\x00\
\x40\x50\x04\x05\x00\x40\x50\x04\x05\x00\x40\x50\x04\x05\x00\x40\
\x50\x04\x05\x00\x40\x50\x04\x05\x00\x40\x50\x04\x05\x00\x40\x50\
\x04\x05\x00\x40\x50\x04\x05\x00\x40\x50\x04\x05\x00\x40\x50\x04\
\x05\x00\x40\x50\x04\x05\x00\x40\x50\x04\x05\x00\x40\x50\x04\x05\
\x00\x40\x50\x04\x05\x00\x40\x50\x04\x05\x00\x40\x50\x04\x05\x00\
\x40\x50\x04\x05\x00\x40\x50\x04\x05\x00\x40\x50\x04\x05\x00\x40\
\x50\x04\x05\x00\x40\x50\x04\x05\x00\x40\x50\x04\x05\x00\x40\x50\
\x04\x05\x00\x40\x50\x04\x05\x00\x40\x50\x04\x05\x00\x40\x50\x04\
\x05\x00\x43\xa3\x21\x3c\x86\x41\xd1\x91\xf0\x01\xd7\x8d\xe8\x65\
\xa7\x23\x13\x1b\xd0\xcb\x20\x00\x00\x00\x02\xc0\x00\x2c\x00\x02\
\xc0\x00\x2c\x00\x02\xc0\x00\x2c\x00\x02\xc0\x00\x2c\x00\x02\xc0\
\x00\x2c\x00\x02\xc0\x00\x2c\x00\x02\xc0\x00\x2c\x00\x02\xc0\x00\
\x2c\x00\x02\xc0\x00\x2c\x00\x02\xc0\x00\x2c\x00\x02\xc0\x00\x2c\
\x00\x02\xc0\x00\x2c\x00\x02\xc0\x00\x2c\x00\x02\xc0\x00\x2c\x00\
\x02\xc0\x00\x2c\x00\x02\xc0\x00\x2c\x00\x02\xc0\x00\x2c\x00\x02\
\xc0\x00\x2c\x00\x02\xc0\x00\x2c\x00\x02\xc0\x00\x2c\x00\x02\xc0\
\x00\x2c\x00\x02\xc0\x00\x2c\x00\x02\xc0\x00\x2c\x00\x02\xc0\x00\
\x2c\x00\x02\xc0\x00\x2c\x00\x02\xc0\x00\x2c\x00\x02\xc0\x00\x2c\
\x00\x02\xc0\x00\x2c\x00\x02\xc0\x00\x2c\x00\x02\xc0\x00\x2c\x00\
\x02\xc0\x00\x2c\x00\x02\xc0\x00\x2c\x00\x02\xc0\x00\x2c\x00\x02\
\xc0\x00\x2c\x00\x02\xc0\x00\x2c\x00\x02\xc0\x00\x2c\x0e\x8c\x8f\
\x80\xef\x3a\x32\x11\x38\x14\x58\xeb\xc6\x32\xd0\xc6\xc6\x32\x88\
\x49\x40\x00\x00\x00\x00\x00\x00\x00\x00\x00\x00\x00\x00\x00\x00\
\x00\x00\x00\x00\x00\x00\x00\x00\x00\x00\x00\x00\x00\x00\x00\x00\
\x00\x00\x00\x00\x00\x00\x00\x00\x00\x00\x00\x00\x00\x00\x00\x00\
\x00\x00\x00\x00\x00\x00\x00\x00\x00\x00\x00\x00\x00\x00\x00\x00\
\x00\x00\x00\x00\x00\x00\x00\x00\x00\x00\x00\x00\x00\x00\x00\x00\
\x00\x00\x00\x00\x00\x00\x00\x00\x00\x00\x00\x00\x00\x00\x00\x00\
\x00\x00\x00\x00\x00\x00\x00\x00\x00\x00\x00\x00\x00\x00\x00\x00\
\x00\x00\x00\x00\x00\x00\x00\x00\x00\x00\x00\x00\x00\x00\x00\x00\
\x00\x00\x00\x00\x00\x00\x00\x00\x00\x00\x00\x00\x00\x00\x00\x00\
\x00\x02\x80\x01\x47\x46\x47\xc0\xa7\x79\xd1\x91\xf0\x01\xc3\x18\
\xca\x31\x31\xb9\x19\x74\x40\xbb\x0d\x85\x0a\x01\xb0\xd8\x50\xa0\
\x1b\x0d\x85\x0a\x01\xb0\xd8\x50\xa0\x1b\x0d\x85\x0a\x01\xb0\xd8\
\x50\xa0\x1b\x0d\x85\x0a\x01\xb0\xd8\x50\xa0\x1b\x0d\x85\x0a\x01\
\xb0\xd8\x50\xa0\x1b\x0d\x85\x0a\x01\xb0\xd8\x50\xa0\x1b\x0d\x85\
\x0a\x01\xb0\xd8\x50\xa0\x1b\x0d\x85\x0a\x01\xb0\xd8\x50\xa0\x1b\
\x0d\x85\x0a\x01\xb0\xd8\x50\xa0\x1b\x0d\x85\x0a\x01\xb0\xd8\x50\
\xa0\x1b\x0d\x85\x0a\x01\xb0\xd8\x50\xa0\x1b\x0d\x85\x0a\x01\xb0\
\xd8\x50\xa0\x1b\x0d\x85\x0a\x01\xb0\xd8\x50\xa0\x1b\x0d\x85\x0a\
\x01\xb0\xd8\x50\xa0\x1b\x0d\x85\x0a\x01\xb0\xd8\x50\xa0\x1b\x0d\
\x85\x0a\x01\xb0\xd8\x50\xa0\x1b\x0d\x85\x0a\x01\xb0\xd8\x50\xa0\
\x1b\x0d\x85\x0a\x01\xb0\xd8\x50\xa0\x1b\x0d\x85\x0a\x01\xb0\xd8\
\x50\xa0\x1b\x0d\x85\x0a\x01\xb0\xd8\x50\xa0\x1b\x0d\x85\x0a\x01\
\xb0\xd8\x50\xa0\x1b\x0d\x85\x0a\x01\xb0\xd8\x50\xa0\x1b\x0d\x85\
\x0a\x01\xb0\xd8\x50\xa0\x1b\x0d\x85\x0a\x01\xb0\xd8\x50\xa0\x1b\
\x0d\x85\x0a\x01\xb0\xd8\x50\xa0\x1b\x0d\x85\x0a\x01\xb0\xd8\x50\
\xa0\x1b\x0d\x85\x0a\x01\xb0\xd8\x50\xa0\x1b\x0d\x85\x0a\x01\xb0\
\xd8\x50\xa0\x1b\x0d\x85\x0a\x01\xb0\xd8\x50\xa0\x1b\x0d\x85\x0a\
\x01\xb0\xd8\x50\xa0\x1b\x0d\x85\x0a\x01\xb0\xd8\x50\xa0\x1b\x0d\
\x85\x0a\x01\xb0\xd8\x50\xa0\x1b\x0d\x85\x0a\x01\xb0\xd8\x50\xa0\
\x1b\x0d\x85\x0a\x01\xb0\xd8\x50\xa0\x1b\x0d\x85\x0a\x01\xb0\xd8\
\x50\xa0\x1b\x0d\x85\x0a\x01\xb0\xd8\x50\xa0\x1b\x0d\x85\x0a\x01\
\xb1\x8f\x91\xf0\x19\x14\x63\xe4\xfc\x00\x70\xc6\x4d\x8c\xb3\x13\
\x1b\x92\x19\x65\x6d\x20\x00\x00\x00\x00\x00\x00\x00\x00\x00\x00\
\x00\x00\x00\x00\x00\x00\x00\x00\x00\x00\x00\x00\x00\x00\x00\x00\
\x00\x00\x00\x00\x00\x00\x00\x00\x00\x00\x00\x00\x00\x00\x00\x00\
\x00\x00\x00\x00\x00\x00\x00\x00\x00\x00\x00\x00\x00\x00\x00\x00\
\x00\x00\x00\x00\x00\x00\x00\x00\x00\x00\x00\x00\x00\x00\x00\x00\
\x00\x00\x00\x00\x00\x00\x00\x00\x00\x00\x00\x00\x00\x00\x00\x00\
\x00\x00\x00\x00\x00\x00\x00\x00\x00\x00\x00\x00\x00\x00\x00\x00\
\x00\x00\x00\x00\x00\x00\x00\x00\x00\x00\x00\x00\x00\x00\x00\x00\
\x00\x00\x00\x00\x00\x00\x00\x00\x00\x00\x00\x00\x00\x00\x00\x00\
\x00\x00\x00\x00\x00\x00\x00\x1c\x87\x46\x4f\xc0\x77\x9d\x19\x1f\
\xcb\x07\x2e\xbc\x7e\x48\x66\x18\x78\xdc\x8c\xc2\x12\x00\x00\x00\
\x00\x00\x00\x00\x00\x00\x00\x00\x00\x00\x00\x00\x00\x00\x00\x00\
\x00\x00\x00\x00\x00\x00\x00\x00\x00\x00\x00\x00\x00\x00\x00\x00\
\x00\x00\x00\x00\x00\x00\x00\x00\x00\x00\x00\x00\x00\x00\x00\x00\
\x00\x00\x00\x00\x00\x00\x00\x00\x00\x00\x00\x00\x00\x00\x00\x00\
\x00\x00\x00\x00\x00\x00\x00\x00\x00\x00\x00\x00\x00\x00\x00\x00\
\x00\x00\x00\x00\x00\x00\x00\x00\x00\x00\x00\x00\x00\x00\x00\x00\
\x00\x00\x00\x00\x00\x00\x00\x00\x00\x00\x00\x00\x00\x00\x00\x00\
\x00\x00\x00\x00\x00\x00\x00\x00\x00\x00\x00\x00\x00\x00\x00\x00\
\x00\x00\x00\x00\x00\x00\x00\x00\x00\x00\x00\x00\x00\x00\x05\x81\
\xd1\x91\xfc\xb5\x3b\xce\x8c\x8f\xe5\xa8\x1d\x78\xdc\x90\xcb\x31\
\x31\xb9\x21\x99\xb9\x16\x25\x0a\x28\x21\x29\x42\x8a\x00\x94\x28\
\xa0\x09\x42\x8a\x00\x94\x28\xa0\x09\x42\x8a\x00\x94\x28\xa0\x09\
\x42\x8a\x00\x94\x28\xa0\x09\x42\x8a\x00\x94\x28\xa0\x09\x42\x8a\
\x00\x94\x28\xa0\x09\x42\x8a\x00\x94\x28\xa0\x09\x42\x8a\x00\x94\
\x28\xa0\x09\x42\x8a\x00\x94\x28\xa0\x09\x42\x8a\x00\x94\x28\xa0\
\x09\x42\x8a\x00\x94\x28\xa0\x09\x42\x8a\x00\x94\x28\xa0\x09\x42\
\x8a\x00\x94\x28\xa0\x09\x42\x8a\x00\x94\x28\xa0\x09\x42\x8a\x00\
\x94\x28\xa0\x09\x42\x8a\x00\x94\x28\xa0\x09\x42\x8a\x00\x94\x28\
\xa0\x09\x42\x8a\x00\x94\x28\xa0\x09\x42\x8a\x00\x94\x28\xa0\x09\
\x42\x8a\x00\x94\x28\xa0\x09\x42\x8a\x00\x94\x28\xa0\x09\x42\x8a\
\x00\x94\x28\xa0\x09\x42\x8a\x00\x94\x28\xa0\x09\x42\x8a\x00\x94\
\x28\xa0\x09\x42\x8a\x00\x94\x28\xa0\x09\x42\x8a\x00\x94\x28\xa0\
\x09\x42\x8a\x00\x94\x28\xa0\x09\x42\x8a\x00\x94\x28\xa0\x09\x42\
\x8a\x00\x94\x28\xa0\x09\x42\x8a\x00\x94\x28\xa0\x09\x42\x8a\x00\
\x94\x28\xa0\x09\x42\x8a\x00\x94\x28\xa0\x09\x42\x8a\x00\x94\x28\
\xa0\x09\x42\x8a\x00\x94\x28\xa0\x09\x42\x8a\x00\x94\x28\xa0\x09\
\x42\x8a\x00\x94\x28\xa0\x08\x74\x64\x7c\x2a\x64\x1d\x19\x1f\x0a\
\x93\x68\x75\x63\x72\x43\x31\x0c\x4c\x6e\x48\x65\xfa\x10\x90\x00\
\x0a\x00\x00\xa0\x00\x0a\x00\x00\xa0\x00\x0a\x00\x00\xa0\x00\x0a\
\x00\x00\xa0\x00\x0a\x00\x00\xa0\x00\x0a\x00\x00\xa0\x00\x0a\x00\
\x00\xa0\x00\x0a\x00\x00\xa0\x00\x0a\x00\x00\xa0\x00\x0a\x00\x00\
\xa0\x00\x0a\x00\x00\xa0\x00\x0a\x00\x00\xa0\x00\x0a\x00\x00\xa0\
\x00\x0a\x00\x00\xa0\x00\x0a\x00\x00\xa0\x00\x0a\x00\x00\xa0\x00\
\x0a\x00\x00\xa0\x00\x0a\x00\x00\xa0\x00\x0a\x00\x00\xa0\x00\x0a\
\x00\x00\xa0\x00\x0a\x00\x00\xa0\x00\x0a\x00\x00\xa0\x00\x0a\x00\
\x00\xa0\x00\x0a\x00\x00\xa0\x00\x0a\x00\x00\xa0\x00\x0a\x00\x00\
\xa0\x00\x0a\x00\x00\xa0\x00\x0a\x00\x00\xa0\x00\x0a\x00\x00\xa0\
\x00\x0a\x00\x00\xa0\x00\x0a\x00\x00\xa0\x00\x0a\x00\x00\xa0\x00\
\x0a\x00\x00\xa0\x00\x0a\x00\x00\xa0\x00\x0a\x00\x00\xa0\x00\x0a\
\x00\x00\xa0\x00\x0a\x0e\x8c\x9f\x81\x4e\xf3\xa3\x25\x3c\x8a\x07\
\x5e\x3f\x24\xf9\x99\x74\x62\x63\x72\x33\x13\x91\x54\x80\x01\x60\
\x00\x16\x00\x01\x60\x00\x16\x00\x01\x60\x00\x16\x00\x01\x60\x00\
\x16\x00\x01\x60\x00\x16\x00\x01\x60\x00\x16\x00\x01\x60\x00\x16\
\x00\x01\x60\x00\x16\x00\x01\x60\x00\x16\x00\x01\x60\x00\x16\x00\
\x01\x60\x00\x16\x00\x01\x60\x00\x16\x00\x01\x60\x00\x16\x00\x01\
\x60\x00\x16\x00\x01\x60\x00\x16\x00\x01\x60\x00\x16\x00\x01\x60\
\x00\x16\x00\x01\x60\x00\x16\x00\x01\x60\x00\x16\x00\x01\x60\x00\
\x16\x00\x01\x60\x00\x16\x00\x01\x60\x00\x16\x00\x01\x60\x00\x16\
\x00\x01\x60\x00\x16\x00\x01\x60\x00\x16\x00\x01\x60\x00\x16\x00\
\x01\x60\x00\x16\x00\x01\x60\x00\x16\x00\x01\x60\x00\x16\x00\x01\
\x60\x00\x16\x00\x01\x60\x00\x16\x00\x01\x60\x00\x16\x00\x01\x60\
\x00\x16\x00\x01\x60\x00\x16\x00\x01\x60\x00\x16\x00\x01\x60\x00\
\x16\x00\x01\x60\x74\x64\x7c\x2b\xf2\x3b\xcc\x7c\x9f\x80\x0e\xbc\
\x6e\x5f\xb1\x98\x61\xe3\x26\xc6\x61\x09\x00\x02\xc0\x00\x00\x00\
\x00\x00\x00\x00\x00\x00\x00\x00\x00\x00\x00\x00\x00\x00\x00\x00\
\x00\x00\x00\x00\x00\x00\x00\x00\x00\x00\x00\x00\x00\x00\x00\x00\
\x00\x00\x00\x00\x00\x00\x00\x00\x00\x00\x00\x00\x00\x00\x00\x00\
\x00\x00\x00\x00\x00\x00\x00\x00\x00\x00\x00\x00\x00\x00\x00\x00\
\x00\x00\x00\x00\x00\x00\x00\x00\x00\x00\x00\x00\x00\x00\x00\x00\
\x00\x00\x00\x00\x00\x00\x00\x00\x00\x00\x00\x00\x00\x00\x00\x00\
\x00\x00\x00\x00\x00\x00\x00\x00\x00\x00\x00\x00\x00\x00\x00\x00\
\x00\x00\x00\x00\x00\x00\x00\x00\x00\x00\x00\x00\x00\x00\x00\x00\
\x00\x00\x00\x00\x00\x00\x00\x00\x00\x00\x00\x00\x10\x18\xf9\x1f\
\xcb\x53\x20\xe8\xc8\xf8\x14\x0e\xbc\x6e\x48\x66\x18\x78\xdc\x90\
\xcc\x22\x53\xc8\x00\x07\x20\x00\x1c\x80\x00\x72\x00\x01\xc8\x00\
\x07\x20\x00\x1c\x80\x00\x72\x00\x01\xc8\x00\x07\x20\x00\x1c\x80\
\x00\x72\x00\x01\xc8\x00\x07\x20\x00\x1c\x80\x00\x72\x00\x01\xc8\
\x00\x07\x20\x00\x1c\x80\x00\x72\x00\x01\xc8\x00\x07\x20\x00\x1c\
\x80\x00\x72\x00\x01\xc8\x00\x07\x20\x00\x1c\x80\x00\x72\x00\x01\
\xc8\x00\x07\x20\x00\x1c\x80\x00\x72\x00\x01\xc8\x00\x07\x20\x00\
\x1c\x80\x00\x72\x00\x01\xc8\x00\x07\x20\x00\x1c\x80\x00\x72\x00\
\x01\xc8\x00\x07\x20\x00\x1c\x80\x00\x72\x00\x01\xc8\x00\x07\x20\
\x00\x1c\x80\x00\x72\x00\x01\xc8\x00\x07\x20\x00\x1c\x80\x00\x72\
\x00\x01\xc8\x00\x07\x20\x00\x1c\x80\x00\x72\x00\x01\xc8\x00\x07\
\x20\x00\x1c\x80\x00\x72\x00\x01\xc8\x00\x07\x20\x00\x1c\x80\x00\
\x72\x00\x01\xc8\x00\x07\x20\x00\x1c\x80\x00\x72\x00\x01\xc8\x00\
\x07\x20\x00\x1c\x80\x00\x72\x00\x01\xc8\x00\x00\x74\x64\x7c\x2a\
\x77\x9d\x19\x1f\x0a\x88\xf2\x3a\xb1\xb9\x21\x98\x62\x63\x72\x43\
\x2c\x84\x80\x00\x00\x00\x00\x00\x00\x00\x00\x00\x00\x00\x00\x00\
\x00\x00\x00\x00\x00\x00\x00\x00\x00\x00\x00\x00\x00\x00\x00\x00\
\x00\x00\x00\x00\x00\x00\x00\x00\x00\x00\x00\x00\x00\x00\x00\x00\
\x00\x00\x00\x00\x00\x00\x00\x00\x00\x00\x00\x00\x00\x00\x00\x00\
\x00\x00\x00\x00\x00\x00\x00\x00\x00\x00\x00\x00\x00\x00\x00\x00\
\x00\x00\x00\x00\x00\x00\x00\x00\x00\x00\x00\x00\x00\x00\x00\x00\
\x00\x00\x00\x00\x00\x00\x00\x00\x00\x00\x00\x00\x00\x00\x00\x00\
\x00\x00\x00\x00\x00\x00\x00\x00\x00\x00\x00\x00\x00\x00\x00\x00\
\x00\x00\x00\x00\x00\x00\x00\x00\x00\x00\x00\x00\x00\x00\x00\x00\
\x00\x00\x00\x00\x07\x46\x47\xc2\xa7\x79\xd1\x93\xf0\xa8\x8f\x23\
\xaf\x1b\x92\x19\x86\x1e\x37\x24\x33\x10\x80\x00\x0b\x00\x00\xb0\
\x00\x0b\x00\x00\xb0\x00\x0b\x00\x00\xb0\x00\x0b\x00\x00\xb0\x00\
\x0b\x00\x00\xb0\x00\x0b\x00\x00\xb0\x00\x0b\x00\x00\xb0\x00\x0b\
\x00\x00\xb0\x00\x0b\x00\x00\xb0\x00\x0b\x00\x00\xb0\x00\x0b\x00\
\x00\xb0\x00\x0b\x00\x00\xb0\x00\x0b\x00\x00\xb0\x00\x0b\x00\x00\
\xb0\x00\x0b\x00\x00\xb0\x00\x0b\x00\x00\xb0\x00\x0b\x00\x00\xb0\
\x00\x0b\x00\x00\xb0\x00\x0b\x00\x00\xb0\x00\x0b\x00\x00\xb0\x00\
\x0b\x00\x00\xb0\x00\x0b\x00\x00\xb0\x00\x0b\x00\x00\xb0\x00\x0b\
\x00\x00\xb0\x00\x0b\x00\x00\xb0\x00\x0b\x00\x00\xb0\x00\x0b\x00\
\x00\xb0\x00\x0b\x00\x00\xb0\x00\x0b\x00\x00\xb0\x00\x0b\x00\x00\
\xb0\x00\x0b\x00\x00\xb0\x00\x0b\x00\x05\x8b\x00\x45\x53\x8f\x12\
\x58\xf2\x39\x82\x22\xdf\xa9\x45\x80\x00\x58\x00\x05\x80\x00\x58\
\x00\x05\x80\x00\x58\x00\x05\x80\x00\x58\x1d\x19\x1f\x0a\x9d\xe6\
\x3e\x47\xc2\xa2\x07\x5e\x37\x24\x33\x10\xc3\xc6\xe4\x66\x27\x22\
\x00\x00\x12\x00\x00\x00\x00\x00\x00\x00\x00\x00\x00\x00\x00\x00\
\x00\x00\x00\x00\x00\x00\x00\x00\x00\x00\x00\x00\x00\x00\x00\x00\
\x00\x00\x00\x00\x00\x00\x00\x00\x00\x00\x00\x00\x00\x00\x00\x00\
\x00\x00\x00\x00\x00\x00\x00\x00\x00\x00\x00\x00\x00\x00\x00\x00\
\x00\x00\x00\x00\x00\x00\x00\x00\x00\x00\x00\x00\x00\x00\x00\x00\
\x00\x00\x00\x00\x00\x00\x00\x00\x00\x00\x00\x00\x00\x00\x00\x00\
\x00\x00\x00\x00\x00\x00\x00\x00\x00\x00\x00\x00\x00\x00\x00\x00\
\x00\x00\x00\x00\x00\x00\x00\x00\x00\x00\x00\x00\x00\x00\x00\x1d\
\x2f\x93\x84\xed\x72\xd2\x1a\x8d\x5b\x3e\x3c\x1c\x19\xf2\xa6\x72\
\x36\x38\x5a\xae\x55\x26\x06\x5b\xf2\x68\xc7\xf1\xac\x59\xbb\xae\
\x36\xf7\x95\xc4\xac\xbd\xeb\xa9\xe7\x34\x9d\x76\x6d\x55\xdc\x2f\
\xc6\x48\x93\x85\x15\x1e\x8e\xe7\x7e\xde\x87\x9e\xc1\xd6\x22\xcf\
\xfe\x26\x67\xce\xcc\xd8\x61\x8f\x0f\x1d\x31\x16\x29\x97\x85\xd2\
\x2f\x35\x54\x4f\xdc\x9c\x67\x1c\xb1\x9c\xef\x84\xe5\x86\x58\xe5\
\xb7\xed\xf4\xb6\x64\xa7\x53\x21\x92\x71\x1f\x3a\xed\x57\x6e\x61\
\xec\x93\xf1\x99\x2e\x1c\x93\xf8\x86\xb9\xc9\x25\xd3\x18\xa9\xe8\
\xa7\xb4\xd2\xf3\x19\x97\x87\x8f\x92\xc7\xb5\xec\x9a\x36\xbd\x1c\
\xce\x5b\xa1\x39\x61\x31\xca\x91\x36\xdb\xa6\xe8\x0e\x2d\x5b\x69\
\xc8\xa2\xc0\x00\x00\x00\x00\x00\x00\x00\x00\x00\x00\x00\x01\x8f\
\x91\xf0\xa9\x90\x74\x64\xfc\x0a\x20\x75\x63\x72\x33\x68\xc3\xc6\
\xe5\xfb\x99\x84\x05\x0a\x00\x05\x0a\x00\x05\x0a\x00\x05\x0a\x00\
\x05\x0a\x00\x05\x0a\x00\x05\x0a\x00\x05\x0a\x00\x05\x0a\x00\x05\
\x0a\x00\x05\x0a\x00\x05\x0a\x00\x05\x0a\x00\x05\x0a\x00\x05\x0a\
\x00\x05\x0a\x00\x05\x0a\x00\x05\x0a\x00\x05\x0a\x00\x05\x0a\x00\
\x05\x0a\x00\x05\x0a\x00\x05\x0a\x00\x05\x0a\x00\x05\x0a\x00\x05\
\x0a\x00\x05\x0a\x00\x05\x0a\x00\x05\x0a\x00\x05\x0a\x00\x05\x0a\
\x00\x05\x0a\x00\x05\x0a\x00\x05\x0a\x00\x05\x0a\x00\x05\x0a\x00\
\x05\x0a\x00\x05\x0a\x00\x05\x0a\x00\x05\x0a\x00\x05\x0a\x00\x05\
\x0a\x00\x05\x0a\x00\x05\x0a\x00\x05\x0a\x00\x05\x0a\x00\x05\x0a\
\x00\x05\x0a\x00\x05\x0a\x00\x05\x0a\x00\x05\x0a\x00\x05\x0a\x00\
\x05\x0a\x00\x05\x0a\x00\x05\x0a\x00\x05\x0a\x00\x05\x0a\x00\x05\
\x0a\x00\x05\x0a\x00\x05\x0a\x00\x05\x0a\x00\x05\x0a\x04\x55\xa4\
\x01\x41\x76\x3a\x5f\x32\x21\x8c\xfc\xb4\x44\xe6\x48\xc8\x9a\x44\
\x46\xa9\xe0\x3f\x88\xfa\xd4\x3a\x67\x64\xf2\x12\x47\xa2\x4d\x98\
\xa9\x04\x17\xe8\xbf\x9b\xf6\x3d\x64\xb3\xac\x8a\xa8\x9b\xd2\x59\
\xf9\xff\x00\xb5\x3a\xb6\x7f\x6d\x7b\x47\x16\x1a\x46\xc4\x56\xaf\
\x75\x14\x2c\x75\xa2\x2f\x5b\xff\x00\x13\x4c\x31\xae\x67\xc2\x70\
\xc2\x73\xca\x31\x87\xb5\xec\x5e\xaa\xc9\xd8\xf9\xf2\xe5\x44\xd4\
\x58\xc4\x82\x76\x2e\xc8\xe6\xa7\xc2\xef\xdf\xa9\xe5\x71\x7b\x50\
\xc8\xbb\x47\xaa\x76\x8f\x3b\x47\xc4\xcc\xee\xe5\xee\x9b\xc3\xb7\
\x0b\x93\x66\xd7\x53\x13\x45\x9a\x6d\x3b\x58\x7e\x1e\x76\x4a\xe2\
\xe4\xe2\x22\xb7\x76\xf9\x67\x8f\xf2\xdf\xcb\x91\xd2\xdd\x2d\xb9\
\x58\xfa\x8e\x9b\x89\x9b\x02\xf7\xfa\x84\x2a\xc9\xaf\xc8\xde\x2b\
\x5d\xce\x5c\x30\x9d\x3c\xf3\x89\x9f\xc6\x6b\xf6\x76\xeb\x54\xc4\
\x54\x73\xe1\x9b\x99\xab\x6a\x5f\xc4\xad\x63\x1f\x1a\x58\x63\xc4\
\xd3\xb1\x11\x65\xc8\x46\x5a\xb5\xa9\xd6\xd7\xf1\x7a\x7e\xe7\xd7\
\x3b\x1b\x36\x13\x7b\x3f\x8d\x0e\x03\x55\x90\x40\xaa\xce\xed\x5d\
\xc4\xad\x5f\x73\xc8\x2c\x10\xe2\x45\x06\x91\x87\x04\x4c\x7a\xf0\
\xb6\x4e\xe5\xb4\xb3\xbd\x36\x47\x2f\xf7\x46\x87\xa8\x4d\xd9\xce\
\xd1\xcf\x8b\x3b\x38\x62\xcb\x77\x77\x23\x1d\xb7\x04\xbf\xfb\x98\
\xe3\xd6\xce\xae\xa7\x1c\x47\xa6\xd9\x74\x13\x8e\x84\xcf\xdf\x97\
\xd7\xe0\x7f\x13\x50\xef\x34\xf0\x64\xf0\xec\xbb\x7b\x29\x9c\xcc\
\x94\x5f\x53\xae\x78\x79\x6c\xa2\xd1\xd6\xc9\x11\xc8\x76\x22\xd8\
\x0a\x14\x00\x0a\x14\x00\x0a\x14\x00\x0a\x14\x00\x0a\x14\x00\x12\
\x8e\x8c\x94\xf2\xa9\x90\x74\x64\x7c\x2a\x07\x56\x37\x23\x31\x39\
\x21\x87\x8d\xc8\xcc\x22\x52\x00\x08\x00\x00\x00\x00\x00\x00\x00\
\x00\x00\x00\x00\x00\x00\x00\x00\x00\x00\x00\x00\x00\x00\x00\x00\
\x00\x00\x00\x00\x00\x00\x00\x00\x00\x00\x00\x00\x00\x00\x00\x00\
\x00\x00\x00\x00\x00\x00\x00\x00\x00\x00\x00\x00\x00\x00\x00\x00\
\x00\x00\x00\x00\x00\x00\x00\x00\x00\x00\x00\x00\x00\x00\x00\x00\
\x00\x00\x00\x00\x00\x00\x00\x00\x00\x00\x00\x00\x00\x00\x00\x00\
\x00\x00\x00\x00\x00\x00\x00\x00\x00\x00\x00\x00\x00\x00\x00\x00\
\x00\x00\x00\x00\x00\x00\x00\x00\x00\x00\x00\x00\x00\x00\x00\x00\
\x00\x03\xae\x4e\x47\x61\xc5\x69\x49\x84\x34\x39\xba\xb6\x9f\x8e\
\xaf\xef\xb5\x0c\x78\xbb\xb7\x70\xb9\x1f\x2a\x22\xb5\xc7\x83\x7f\
\xf1\x21\x17\x23\x26\x06\x69\x53\x4f\x2c\x72\x70\x44\x90\x2f\x13\
\x24\x4f\xcd\xc4\x76\x76\x97\xf8\x59\xa8\x6a\xfa\xf6\x7e\xb3\x8f\
\xae\xc1\x04\xf9\x2f\x47\x32\x17\x44\xbc\x08\x9e\xfe\xe7\x81\xd7\
\x3b\x35\xdb\xdd\x19\x8e\x45\x9e\x27\x44\x88\xaa\xdf\x0c\xe4\xb7\
\x37\xd5\x51\x0e\xa8\xd2\x9c\xb8\xc2\xa5\x58\x9c\x63\x9c\xdb\xdd\
\x5b\x55\xed\x66\xba\x89\x1b\x96\x2d\x2b\x09\xed\x54\x56\xb2\x44\
\x6b\x97\xe6\xaa\x69\xb1\x34\x9d\x33\x48\xfb\xd5\xd5\xf1\x71\xa5\
\x46\xd7\x7b\xde\x2b\x9d\xfb\x18\x9d\x8e\xd2\xb3\x75\x3c\x1d\x45\
\xb9\xab\x22\xe5\x4f\xf7\x51\x2e\x43\x97\xca\xbd\x2b\xd2\xcf\x1b\
\xa9\xe8\x79\x9a\x6c\xee\x6c\xe9\xc6\x8d\x5a\x5a\x5d\xda\xbd\x14\
\xc6\x31\xdf\x9c\xe9\xe5\x97\x87\x64\x67\x1a\x78\xee\xc3\x1f\x2f\
\x5f\x9f\xda\x2e\xcf\x43\x2a\xba\x49\x67\xd4\xe6\x6b\x78\x5a\xee\
\x1e\x14\xf9\x59\x8d\xa1\x76\xca\x2d\x3e\x2c\xcc\x89\x74\x26\x3f\
\x0e\x59\x18\x96\xc4\xf2\xc6\xa9\x7e\xbf\x98\xf2\x38\xda\x56\x6e\
\x42\x2a\xc7\x02\xd7\xbe\xc7\xd1\x7b\x27\xd9\x7c\x99\x74\x68\xf4\
\xf6\xcf\x8f\x2c\x9a\xa7\x14\xf1\x40\xe4\xf2\xa3\xa2\xad\x9c\xbe\
\x88\xbc\x5f\x43\x4d\x4d\x0d\x2c\x70\xa9\xe5\x84\x75\x1a\x93\x94\
\x4c\x70\xf5\x3a\x7f\x6d\x34\xed\x46\xa6\xc3\xc8\xc4\x59\x51\xbf\
\x0c\xc9\xc1\x22\x7c\x94\xef\xd4\x5b\x8b\xaa\xc4\xe7\x6a\x58\x79\
\x91\x39\xcc\x44\x4c\x88\xbc\xfe\xe8\xbb\x7a\x9e\x2f\x56\xfe\x1f\
\xe4\x61\xaa\x49\x2e\x9c\xab\x1a\xc9\xc0\xd9\x61\x7d\x77\xb2\x39\
\x3f\xf1\x63\x4f\x3b\x03\xf2\xf4\xf4\xc8\x5c\x3d\x72\x76\x2c\x5b\
\x23\x78\x95\x51\xea\x9f\xe4\x79\xb1\xfd\x9f\xa7\xf2\xd2\xce\x9d\
\xf1\xd7\xe7\xe3\x2c\x79\x7d\x7f\x17\xb5\xcf\xc2\x7c\x70\x65\xe4\
\xa6\xa1\x1f\x0f\x0f\x7c\x8d\xee\xde\xda\xfc\xc8\xa6\xff\x00\x0f\
\xb5\x18\x39\x33\x41\x0c\x1d\xec\xaf\x99\x6a\xa3\x6d\xf0\xfb\xaf\
\xb1\xf2\x9c\xac\xbe\xd0\x69\x5d\x9f\xc3\xd4\x32\x63\xc6\x9a\x5c\
\x95\x4e\xf2\x09\x59\x6a\xd6\xaf\xc2\xae\xf7\x53\x96\x9e\xba\xfe\
\xaa\xac\x5c\x7e\xc9\x64\x36\x47\x2f\x96\x4c\x67\xab\x12\xbf\xd0\
\xd7\x4b\x0d\x7a\xe2\xa6\x19\xea\x65\xd3\xe5\xe6\x2a\x5f\x7c\x85\
\x5e\x8b\xe6\x45\x33\xd8\xb6\x7c\xdf\xb2\x5a\x3f\x6b\xf0\xf5\x9c\
\x69\xf5\x46\x56\x03\x5a\xe4\x58\x9d\x3a\x3d\x63\x55\xf5\x53\xe9\
\x2d\x4a\x36\x9b\xfb\x8a\x71\xe5\x8c\x47\x89\xb7\x3d\x86\xc4\x04\
\x20\x00\x10\x00\x00\x00\x00\x00\x00\x07\x46\x47\xc2\xa7\x79\x8f\
\x93\xf0\x13\x03\xaf\x18\xcc\x4a\xa3\x53\x06\x42\x37\xd4\xc9\xf1\
\x4d\xea\x26\x0e\x19\xbb\x75\x1b\x75\x30\xbc\x53\x7a\x8f\x14\xde\
\xa4\x1c\x33\x76\xea\x36\xea\x61\x78\xa6\xf5\x1e\x29\x3f\x30\xe4\
\x66\xed\xd4\x6d\xd4\xc2\xf1\x4d\xea\x3c\x53\x7a\x8e\x46\x6e\xdd\
\x46\xdd\x4c\x1f\x14\xde\xa5\xf1\x4d\xea\x28\x66\xed\xd4\x6d\xd4\
\xc2\xf1\x4d\xea\x3c\x53\x7a\x92\x33\x76\xea\x36\xea\x60\xf8\xa6\
\xf5\x1e\x29\xbd\x48\xe4\x67\x6d\xd4\x6d\xd4\xc2\xf1\x4d\xea\x4f\
\x14\xde\xa4\x8c\xed\xba\x8d\xba\x98\x3e\x29\xbd\x47\x8a\x6f\x51\
\x43\x3b\x6e\xa3\x6e\xa6\x0f\x8b\x6f\x51\xe2\x9b\xd4\x50\xce\xdb\
\xa8\xdb\xa9\x85\xe2\x9b\xd4\x9e\x29\xbd\x45\x1c\x33\xb6\xea\x36\
\xea\x61\x78\xa6\xf5\x27\x8a\x6f\xe6\x23\x93\x86\x76\xdd\x46\xdd\
\x4c\x1f\x14\xdf\xcc\x5f\x14\xde\xa3\x93\x86\x6e\xdd\x46\xdd\x4c\
\x2f\x14\xde\xa3\xc5\x37\xa9\x34\x33\x76\xea\x36\xea\x61\x78\xa6\
\xfe\x64\x1e\x29\xbf\x99\x05\x0c\xdd\xba\x8d\xba\x98\x5e\x29\xbd\
\x47\x8a\x6f\x52\x39\x19\xbb\x75\x1b\x75\x30\xbc\x53\x7a\x8f\x14\
\xde\xa4\xd0\xcd\xdb\xa8\xdb\xa9\x85\xe2\xdb\xd4\x78\xa6\xf5\x14\
\x33\x76\xea\x36\xea\x61\x78\xa6\xf5\x1e\x29\xbd\x45\x0c\xdd\xba\
\x8d\xba\x98\x5e\x29\xbd\x47\x8a\x6f\x51\x47\x0c\xdd\xba\x8d\xba\
\x98\x5e\x29\x3a\x8f\x14\x9d\x45\x0c\xdd\xba\x8d\xba\x98\x5e\x29\
\xbd\x47\x8a\x6f\x52\x2a\x46\x6e\xdd\x46\xdd\x4c\x2f\x14\xde\xa3\
\xc5\x37\xa9\x34\x33\x76\xea\x36\xea\x61\x78\xa6\xf5\x1e\x29\xbd\
\x45\x0c\xdd\xba\x8d\xba\x98\x3e\x29\x3a\x8f\x14\x9d\x45\x0c\xed\
\xba\x8d\xba\x98\x5e\x29\xbd\x47\x8a\x6f\x51\x43\x37\x6e\xa3\x6e\
\xa6\x17\x8b\x6f\x51\xe2\xdb\xd4\x50\xcd\xdb\xa8\xb3\x0b\xc5\xb7\
\xa8\xf1\x4d\xea\x28\x66\xd8\xb3\x09\x32\x93\xa8\x5c\xa4\xea\x28\
\x66\xed\xd4\x6d\xd4\xc2\xf1\x4d\x1e\x29\xa4\x0c\xdd\xba\x8d\xba\
\x98\x5e\x29\xbd\x47\x8a\x4e\xa4\xd0\xcd\xdb\xa8\xdb\xa9\x85\xe2\
\x93\xa8\xf1\x4d\xea\x28\x66\xed\xd4\x6d\xd4\xc2\xf1\x4d\xea\x3c\
\x53\x7a\x81\x9b\xb7\x51\xb7\x53\x0b\xc5\x37\xa8\xf1\x4d\xea\x28\
\x66\xed\xd4\x6d\xd4\xc1\xf1\x6d\xea\x3c\x53\x7a\x8a\x19\xdb\x75\
\x1b\x75\x30\xbc\x53\x7a\x8f\x14\xde\xa4\x72\x33\x76\xea\x36\xea\
\x61\x78\xa6\xf5\x1e\x29\xbd\x47\x23\x37\x6e\xa3\x6e\xa6\x17\x8a\
\x6f\x52\x78\xb6\xf5\x26\x86\x76\xdd\x46\xdd\x4c\x1f\x16\xde\xa5\
\xf1\x4d\xea\x28\x66\xed\xd4\x6d\xd4\xc1\xf1\x4d\xea\x5f\x14\xde\
\xa4\x72\x33\x76\xea\x36\xea\x61\x78\xb6\xf5\x27\x8a\x6f\x52\x68\
\x67\x6d\xd4\x6d\xd4\xc1\xf1\x4d\xea\x5f\x14\xde\xa4\x72\x33\x76\
\xea\x36\xea\x61\x78\xa6\xf5\x1e\x2d\xbd\x47\x23\x37\x6e\xa3\x6e\
\xa6\x17\x8b\x6f\x51\xe2\x9b\xd4\x72\x33\x76\xea\x36\xea\x61\x78\
\xa6\xf5\x1e\x29\xbd\x47\x23\x37\x6e\xa3\x6e\xa6\x0f\x8b\x6f\x51\
\xe2\xdb\xd4\x9a\x19\xdb\x75\x1b\x75\x30\x7c\x53\x7a\x8f\x14\xde\
\xa2\x86\x76\xdd\x46\xdd\x4c\x1f\x14\xde\xa5\xf1\x4d\xea\x28\x66\
\xed\xd4\x6d\xd4\xc2\xf1\x4d\xea\x4f\x14\xde\xbf\x52\x06\x76\xdd\
\x46\xdd\x4c\x1f\x14\x9f\x98\x78\xa4\xfc\xc3\x91\x9d\xb7\x51\xb7\
\x53\x0b\xc5\x37\xa8\xf1\x4d\xea\x06\x6e\xdd\x46\xdd\x4c\x2f\x14\
\xde\xa4\xf1\x49\xd4\x0c\xed\xba\x8d\xba\x98\x3e\x29\x3a\x8f\x14\
\x9d\x40\xce\xdb\xa8\xdb\xa9\x83\xe2\x93\xa9\x7c\x53\x7a\x81\x9b\
\xb7\x51\xb7\x53\x0b\xc5\x37\xa9\x3c\x52\x75\x03\x3b\x6e\xa3\x6e\
\xa6\x17\x8a\x6f\x51\xe2\x9b\xd4\x91\x9b\xb7\x51\xb7\x53\x0b\xc5\
\x37\xa8\xf1\x4d\xeb\xf5\x14\x33\x76\xea\x36\xea\x61\x78\xa6\xf5\
\x1e\x29\xbd\x45\x0c\xdd\xba\x8d\xba\x98\x5e\x29\xbd\x47\x8a\x6f\
\x51\x43\x37\x6e\xa3\x6e\xa6\x17\x8a\x6f\x51\xe2\x9b\xd4\x50\xcd\
\xdb\xa8\xdb\xa9\x85\xe2\x9b\xd4\x78\xa6\xf5\x20\x66\xed\xd4\x6d\
\xd4\xc2\xf1\x4d\xea\x45\xca\x6d\x73\x03\x2d\xef\x44\x4e\x66\x24\
\xb9\x28\xdf\x53\xa2\x4c\x95\x54\xdb\x73\xc3\xf6\xb3\xb6\xf1\xe8\
\x59\x90\x62\xc6\xfc\x57\xbd\xf7\xdf\x77\xaa\xb5\x0f\x4b\xae\xa5\
\xa3\x1b\x47\x9e\x21\xec\xa5\xc9\x73\x95\x11\x13\x9f\x2d\x8f\x8f\
\xf6\x97\xb4\xce\xc9\xfe\x21\x43\x9d\xa7\xab\x5e\xcd\x19\xbc\x2e\
\x74\xde\x68\x9c\xbe\xb4\x9e\xaa\x71\xc8\xed\x74\xaf\xc8\xc8\x74\
\xdd\xa9\x86\x18\x67\x44\xe2\x8e\x06\x5a\x31\x3a\x36\xf9\x1a\x84\
\xd7\xfb\x1d\x82\x88\xbd\xe6\x46\x53\xdb\x54\xd6\xa7\x0a\x16\x8d\
\x4c\xa3\xf4\xe2\x67\xfd\x1b\x61\xa3\x13\xfa\x93\x10\xe9\x66\xa9\
\xab\xe6\xeb\x99\xda\xe4\x98\xee\x99\xb9\x4e\xa9\xa0\x55\xe1\xe2\
\x62\xae\xd4\x9d\x50\xf4\x19\x6d\xc5\xed\x46\x24\xd0\xe4\xb5\xf1\
\xe6\x61\x42\x92\xc7\x96\x8c\xf3\x48\xcb\xae\x19\x13\xd5\xde\xe7\
\x9a\xca\xfe\x24\x69\xf1\xb6\xb4\xfd\x19\x38\xfd\x24\x95\xd6\xa6\
\xab\x4e\xed\xef\x68\x20\xd4\x72\x73\xf1\xdd\x0a\x39\x63\xe1\x56\
\x2c\x7b\x23\x6f\xd1\x0c\xe7\x43\x5b\x53\xf3\x98\xa9\xfe\x6e\x9c\
\xfa\x8d\x18\x88\xc7\x1e\x5b\x6c\xec\x0c\x9d\x2f\x51\x93\x06\x6c\
\x98\xd1\x23\x44\x58\xe4\x48\xeb\x89\xaa\x87\xab\xfe\x1f\x2b\x1d\
\x06\x55\x6f\x2e\x3c\xed\x58\xe5\xe5\xc3\xc5\xce\xbe\x67\x8d\xd4\
\x7f\x89\x4f\xd4\xb2\x5d\x9b\x36\x9d\x8e\x99\x6d\x6a\x35\xac\x56\
\xf1\x31\x7a\xa9\x8b\xa4\x76\xfb\x50\xd3\x9b\x3c\x92\x61\x63\x64\
\x63\xcf\x2b\x56\x46\x70\xf0\xec\x9f\x85\x2b\x92\x0d\x6d\x1e\xa7\
\x57\x4a\xa7\x89\x65\x86\x7a\x18\x65\x13\x0f\x6d\xdb\x7d\x56\x6d\
\x5f\x52\xc7\xec\xee\x3e\xa5\x8c\xdc\x3e\x34\x59\x25\x4f\x2f\x9f\
\xfb\xeb\xd1\x0c\x4e\xcb\xf6\x47\x01\x15\xf9\xb9\x13\x47\xa8\x2e\
\x3c\xaa\xc8\x71\x60\xf8\x1c\xe4\xfc\x4e\x5e\x87\x90\xc9\xed\x8e\
\x15\x4d\x26\x2e\x97\x0a\x2e\x43\xad\x62\x7a\xab\x92\x3a\xff\x00\
\x13\x61\xa2\x76\xc3\x52\xd1\x74\xcc\x64\x9f\x4f\x6c\x98\x52\x2b\
\xa4\xe2\x81\x55\xaf\x5b\x5a\xde\x8a\xea\x68\xf5\x11\xa3\xb7\x0e\
\x25\x38\x67\xa3\xdc\xbc\xbc\x3d\xf4\xd9\x72\x61\xea\xb8\xfa\x96\
\x5e\x13\xb2\x31\xf8\xd5\x32\x1b\x2c\x76\xd9\x13\xd9\x3d\x28\xd8\
\xf6\x42\x6c\xc8\x3b\x47\xa9\xc7\x99\x94\x97\x98\x8b\x91\x06\x3b\
\x56\xdb\x1b\x2f\xca\xd6\x2f\xfd\x35\xb1\xe6\xb0\xbb\x7d\xa7\x65\
\x70\xb1\xba\xcc\x98\x8e\xfc\x50\xe7\x43\xc4\x88\xbd\x2c\xcc\x83\
\x58\x59\x32\xd9\x93\x8b\x95\xa5\x4f\x2e\x3a\x5b\x3b\xb7\xf0\xd2\
\x2f\xa2\x7f\xa1\xc5\xa3\x9f\x51\xa1\xf8\x65\x8f\x0e\xdd\x5c\x74\
\x35\xe7\x76\x33\x11\xc3\xea\xd1\x65\xa2\x22\x6e\x66\xc7\x3a\x3b\
\xd4\xf9\xbc\x1d\xb1\x9e\x39\xd9\xe3\x30\x55\x98\xf4\xbd\xe2\x40\
\xe6\xbd\x5d\xd3\xe5\xea\x7a\x3d\x1b\x5d\xc7\xd5\x60\x7c\xd8\xc9\
\x22\x46\xc7\x70\xf9\xf9\xa9\xdd\x8e\xa6\x39\xf8\x79\xb9\xe8\x67\
\xa7\xe7\xc3\xd6\xa3\x91\x4e\x56\x6b\x22\xcb\xd9\x37\x3b\x53\x29\
\xbd\x4b\x53\x1b\x67\x6d\xd4\x6d\xd4\xc2\xf1\x4d\xea\x3c\x53\x7a\
\x90\x96\x6e\xdd\x46\xdd\x4c\x2f\x14\xde\xa3\xc5\x37\xa8\x19\xbb\
\x75\x1b\x75\x30\xbc\x53\x7a\x8f\x14\xde\xbf\x50\x33\x76\xea\x36\
\xea\x60\xf8\xa6\xfe\x62\xf8\xa6\xf5\x26\x86\x6e\xdd\x4c\x7c\x8f\
\x81\x4e\xaf\x14\xde\xa7\x54\xd9\x28\xad\x5d\xc0\xc5\x6e\x03\xbf\
\x5b\xe8\x73\xf0\x0f\xfd\x5f\xa1\x90\x89\x47\x24\x75\x7a\x9e\x87\
\x6b\x0f\x4e\x2e\xee\x5e\xd8\xbe\x01\xff\x00\xab\xf4\x1e\x01\xff\
\x00\xab\xf4\x32\xf8\xd0\x77\x9f\x31\xd9\xc3\xd2\x7b\xb9\x7b\x60\
\x4b\x8f\xdc\xb1\xd2\x3e\x74\x6b\x5b\xcd\x55\x0a\x98\xaa\xe4\x45\
\x6c\xb7\x7c\x96\x8c\x7d\x5a\x47\x4f\x0b\xe2\x62\xa3\x11\xa9\xf1\
\xd5\xd1\xae\xd3\x75\xee\x18\x93\x13\x25\x9c\x0e\x47\x24\x4c\x97\
\x97\x78\xe2\xb3\x86\x9c\x7d\x2d\xbb\x39\x8e\x25\xb9\xf0\x8e\x5f\
\xed\xbe\x84\x5c\x47\xb5\x17\xef\x15\x7e\x48\x74\xe3\xe6\x77\xd8\
\xf3\x2b\x15\x55\xb1\xae\xcf\x4e\x6a\xbe\xa8\x6b\x73\x73\xf2\x73\
\x7b\xec\x38\xe9\xac\xee\xd2\x4e\x26\xba\x9c\x4e\xcd\x3f\x34\x46\
\x59\xcf\x16\xdb\xb7\x1e\xe3\xe3\x59\xdb\x5e\xc7\x07\x36\x26\xb5\
\x8e\x76\x4b\x51\x24\xf8\x57\xd1\xc7\x87\x8b\x51\x5c\x45\x96\x35\
\x9e\x5e\xf9\xce\xe0\x7a\x73\xe1\x5e\x9f\x3f\x53\x32\x29\xdb\x1e\
\x44\x8d\x6c\xce\x97\x1d\x13\xbb\x89\x8d\xf3\x3a\x39\x3f\xd1\x4c\
\xeb\x4f\xd3\x4d\xb9\xfb\x7a\xf8\xf1\x9d\x2f\x17\x04\x8a\xbc\x3f\
\xdd\x39\x78\x47\x7e\xb7\xd0\xf3\x58\x5a\xbf\x0b\xa6\x8f\x2f\x25\
\xec\x63\x5d\xc5\xc4\xdf\xf0\x53\x33\x17\xb4\x0f\x57\x5b\x61\xef\
\x91\xc9\xc5\x48\xbc\xd3\xa9\x68\x8d\x39\xfa\x56\x7b\x91\xf6\xdc\
\xa6\x1b\x97\xfb\x5f\xa0\xf0\x8e\xfd\x5f\xa0\xc0\xca\x5c\xb6\xb9\
\xde\x55\xae\x9e\x9e\xc6\x62\xd1\x78\xd3\xd3\x9f\xa6\x73\xa9\xa9\
\x1f\x6c\x3f\x06\xef\xd5\xfa\x17\xc1\x3b\xf5\x7e\x86\x5a\x6c\x2c\
\x76\xb0\xf4\x77\x33\xf6\xc4\xf0\x4f\xfd\x5f\xa0\x5c\x27\xfe\xaf\
\xd0\xcb\xb0\x3b\x58\x7a\x3b\x99\xfb\x62\x78\x27\x7e\xaf\xd0\x78\
\x27\x7e\xb7\xd0\xcc\x1e\xa3\xb5\x87\xa4\xef\xcf\xdb\x0f\xc1\x3b\
\xf5\xbe\x85\xf0\x4e\xfd\x5f\xa1\x98\x9c\x88\x3b\x58\x7a\x3b\x99\
\x7b\x62\x78\x27\x7e\xaf\xd0\x78\x17\x7e\xb2\xff\x00\x43\x31\x02\
\x8e\xd6\x9f\xa3\xb9\x97\xb6\x1f\x81\x7f\xea\xfd\x07\x81\x7f\xeb\
\x7d\x0c\xda\xdc\x22\x7b\x91\xda\xd3\xf4\x77\x32\xf6\xc3\xf0\x0e\
\xfd\x6f\xa0\xf0\x0e\xfd\x6f\xa1\x9b\x5e\x51\x43\xb7\x87\xa3\x7e\
\x5e\xd8\x5e\x01\xdf\xad\xf4\x1e\x01\xff\x00\xad\xf4\x33\x8a\xa8\
\x94\x3b\x78\x7a\x4e\xfc\xbd\xb0\x3e\xcf\x7a\xff\x00\x6d\xf4\x2f\
\xd9\xee\xfd\x5f\xa1\x9c\x88\x52\x3b\x78\x7a\x37\xe5\xed\x81\xf6\
\x7b\xbf\x5b\xe8\x17\x4f\x7f\xeb\x7d\x0d\x82\x15\x07\x6f\x0f\x46\
\xfc\x9a\xff\x00\xb3\x9e\xbf\xdb\x7d\x07\xd9\xcf\xfd\x7f\xa1\xb0\
\xa0\x88\x3b\x78\x7a\x37\xe4\xd7\xfd\x9a\xff\x00\xd7\xfa\x0f\xb3\
\x5f\xfa\xff\x00\x43\x62\x89\xb9\x68\x8e\xde\x1e\x8d\xf9\x35\xc9\
\xa6\xbd\x79\xcd\xf4\x1f\x66\x3b\xf5\xfe\x86\xc6\xbd\xc5\x0e\xde\
\x1e\x93\xbf\x2f\x6d\x77\xd9\x8e\xfd\x7f\xa0\xfb\x2d\xdf\xaf\xf4\
\x36\x35\x5b\xfa\x95\x12\x86\xcc\x7d\x1b\xf2\x6b\x7e\xcb\x77\xeb\
\xfd\x0b\xf6\x5b\xbf\x5f\xe8\x6c\x6b\x72\xd5\x28\xed\xe1\xe8\xdf\
\x97\xb6\xb7\xec\xb7\x7e\xbf\xd0\x9f\x65\xbb\xfe\x63\xff\x00\x13\
\x67\xc2\x9e\xa5\xa4\xe8\x3b\x78\xfa\x4e\xfc\x9a\xc4\xd2\xdc\xbc\
\xb2\x3e\x83\xec\xa7\x7e\xbf\xd0\xd9\xd2\x1c\xaa\xc8\xd9\x8f\xa3\
\x76\x4d\x5a\x69\x2e\xff\x00\x98\xfa\x0f\xb2\x5d\xff\x00\x31\xf4\
\x36\xb4\x2c\x6c\xc7\xd1\xbb\x26\xa9\x34\x87\xaf\xfe\xa3\xe8\x5f\
\xb2\x1f\xff\x00\x31\xf4\x36\x88\x85\x44\xdc\x8d\xb8\xfa\x4e\xec\
\x9a\xbf\xb1\xdf\x7f\xf1\x1f\xf8\x95\x34\x67\x2f\xfe\xa7\xff\x00\
\x13\x6c\x9b\x16\xbd\x54\x8d\x98\xfa\x37\x64\xd4\x7d\x8c\xff\x00\
\xf9\x8f\xfc\x4a\x9a\x33\xff\x00\xe6\x3e\x7e\x53\x6c\x87\x2f\x4d\
\xc8\xd9\x8f\xa4\xde\x4d\x3a\x68\xce\xff\x00\x99\xff\x00\xc4\xbf\
\x62\xb9\x7f\xf5\x3f\xf8\x9b\x7a\x4a\xa0\x89\xbd\x0d\x98\xfa\x2e\
\x5a\x8f\xb1\x1d\x7f\xf1\x3f\xf8\x97\xec\x37\xd7\xfc\x4f\xfe\x26\
\xde\xab\xd0\x5e\xc4\xec\xc5\x1b\xa5\xa5\x5d\x15\xe9\xff\x00\xa9\
\xff\x00\xc4\xe2\xba\x43\x93\xff\x00\x53\xff\x00\x89\xb8\x53\xa9\
\xc4\xc6\x18\xfa\x57\x7e\x4d\x4a\xe9\x6e\x4f\xed\xef\xf6\x27\xd9\
\xae\x4f\xed\xbe\x86\xc9\x57\x73\x8a\xae\xe5\xa3\x4f\x0f\x4a\xf7\
\x32\xf6\xd7\xfd\x9c\xef\xd7\xfa\x0f\xb3\xdd\xfa\xdf\x43\x3b\xa9\
\x2a\x90\x9e\xde\x1e\x8e\xe6\x5e\xd8\x3e\x01\xdf\xad\xf4\x27\x80\
\x77\xeb\x7d\x0c\xea\x51\xec\x3b\x58\x7a\x3b\x99\x7b\x60\xf8\x07\
\xfe\xb7\xd0\x78\x17\x7e\xb7\xd0\xcd\xe6\x45\x42\x7b\x78\x7a\x47\
\x73\x3f\x6c\x2f\x02\xef\xd6\xfa\x0f\x02\xef\xd6\xfa\x19\x80\x76\
\xb0\xf4\x77\x73\xf6\xc3\xf0\x0e\xfd\x6f\xa0\xf0\x0f\xfd\x6f\xa1\
\x98\x52\x7b\x5a\x7e\x8e\xe6\x7e\xd8\x7e\x01\xdf\xad\xf4\x27\x80\
\x77\xeb\x7d\x0c\xdb\x03\xb5\x87\xa3\xb9\x9f\xb6\x17\x80\x77\xeb\
\x7d\x07\x80\x77\xea\xfd\x0c\xd0\x3b\x5a\x7e\x8e\xe6\x7e\xd8\x5e\
\x01\xff\x00\xad\xf4\x1e\x05\xdf\xad\xf4\x33\x79\x05\x27\xb5\x87\
\xa4\x77\x73\xf6\xc2\xf0\x2e\xfd\x6f\xa0\xf0\x0e\xab\xef\xbe\x86\
\x68\xd8\x76\xb4\xfd\x1d\xdc\xfd\xb0\xfc\x03\xbf\x5b\xe8\x3c\x03\
\xbf\x5b\xe8\x66\x0d\x87\x6b\x4f\xd1\xdd\xcf\xdb\x0f\xc0\x3b\xf5\
\xbe\x84\xf0\x2e\xfd\x6f\xa1\x9c\x4f\xdc\x76\xb4\xfd\x23\xbb\x9f\
\xb6\x17\x81\x77\xea\xfd\x07\x82\x77\x3e\xf7\xe8\x66\xfa\x90\x8e\
\xd6\x1e\x8e\xee\x7e\xd8\x7e\x05\xdf\xab\xf4\x09\x82\xef\xd6\xfa\
\x19\xb5\xb1\x3f\xa1\x3d\x9d\x3f\x47\x77\x3f\x6c\x3f\x02\xef\xd6\
\xfa\x0f\x02\xef\xd6\xfa\x19\x95\x4a\x51\xd9\xc3\xd1\xdd\xcf\xdb\
\x0b\xc0\xbb\xf5\x7e\x83\xc0\xbb\xf5\xbe\x86\x62\x0a\xb2\x7b\x3a\
\x7e\x8e\xee\x7e\xd8\x7e\x05\xff\x00\xad\xf4\x1e\x09\xff\x00\xab\
\xf4\x33\x14\x0e\xd6\x9f\xa3\xbb\x9f\xb6\x12\xe1\xbb\xf5\x7e\x83\
\xc1\xbf\xf5\x57\xfa\x19\x9e\xea\x41\xd9\xd3\xf4\x8e\xee\x7e\xd8\
\x9e\x0d\xff\x00\xab\xf4\x27\x83\x77\xea\xfd\x0c\xc0\xbd\x07\x67\
\x4f\xd2\x7b\xb9\xfb\x61\xf8\x47\xfe\xa7\xd0\x78\x47\x7e\xaf\xd0\
\xcc\xbd\x80\xec\xe9\xfa\x47\x77\x3f\x6c\x35\xc4\x72\x7f\x6b\xf4\
\x1e\x11\xdf\xab\xf4\x32\xd5\x6c\xbb\x0e\xce\x9f\xa3\xbb\xa9\xed\
\x87\xe1\x1f\xfa\xbf\x41\xe1\x1f\xfa\xbf\x43\x2d\x50\x94\x3b\x3a\
\x7e\x8e\xee\xa7\xb6\x27\x85\x7a\x7f\x69\xf4\x1e\x19\xdf\xa9\xf4\
\x32\xef\xa1\x09\xec\xe9\xfa\x3b\xba\x9e\xd8\xbe\x19\xdf\xab\xf4\
\x1e\x15\xfc\xfb\xcf\xa1\x93\xc3\xb8\xad\xc7\x67\x4f\xd1\xdd\xd4\
\xf6\xc6\xf0\xaf\xfd\x4f\xa1\x3c\x2b\xbf\x53\xe8\x65\xaa\x11\x13\
\x71\xd8\xd3\xf4\x77\x75\x3d\xb1\x93\x19\xdf\xab\xf4\x27\x86\x77\
\xea\x7d\x0c\xa2\x50\xec\x69\xfa\x3b\xb9\xfb\x63\x78\x67\x2f\xf6\
\xbf\x41\xe1\x9f\xfa\x9f\x43\x25\x50\x28\xec\x69\xfa\x3b\xb9\xfb\
\x63\x78\x67\xfe\xa7\xd0\xbe\x15\xdf\xab\xf4\x3b\xd7\x60\x3b\x1a\
\x7e\x8e\xf6\x7e\xd8\xfe\x15\xdf\xab\xf4\x2f\x85\x7f\xea\x7d\x0e\
\xfb\xa0\xab\x48\x3b\x1a\x7e\x8e\xf6\x7e\xd8\xde\x1d\xdf\xa9\xf4\
\x1e\x1d\xff\x00\x9f\xe8\x64\xf1\x5f\x41\xc5\xec\x4f\x63\x4f\xd1\
\xde\xcf\xdb\x19\x71\xdf\xfa\x9f\x40\xb0\x3f\xf3\xfd\x0c\x8b\x31\
\x32\xf5\x4d\x37\x4d\x58\xd9\xa8\xea\x30\x62\x2c\x88\xae\x67\x7a\
\xb5\xc4\x89\xd0\x76\x34\xfd\x11\xab\x9f\xd3\xca\x76\xd3\xb3\x7d\
\xa6\xd6\xe7\xc2\x6e\x81\x90\xd8\x1b\x1b\x5c\xb2\x64\x2c\xca\xcb\
\x5f\xc9\xc3\x4b\xfd\x4f\x9c\x6a\x9a\x07\x68\xf4\xa8\xde\xed\x5f\
\xb3\x12\x65\xa3\x91\x5d\x24\xcd\x99\x1e\xd5\xaf\x55\x54\x3d\x47\
\x69\xff\x00\x8a\x19\x78\x7a\xca\xa6\x8f\x95\xc1\xa5\xb5\xbc\x0e\
\x95\x8c\x47\x2b\x9d\xf9\x9a\x79\x4f\xf6\xe3\x46\x8d\xb3\x2b\xf2\
\x35\x5c\x95\x99\xfd\xe3\x98\xaf\xe1\x63\x9d\xea\xaa\x87\x3e\xa4\
\xe3\x13\x58\x61\x6e\xdd\x1c\x73\xab\xce\x62\x1e\x3d\xba\x26\x56\
\x6e\x52\x4d\x16\x9c\xec\x4c\x47\x2e\xfd\xeb\xbe\x14\xfd\xe8\xcc\
\x67\x63\x2d\xc9\xc7\xa9\x40\xdb\xfc\x2c\x6a\xbd\xde\xc6\xe7\x2f\
\xf8\x8d\xa6\xac\x7c\x18\xdd\x9f\x8d\xef\x4f\xed\x67\x95\x5c\xbf\
\xd0\xc0\x7f\xf1\x33\x54\x6a\x7f\xba\x61\x61\x63\xfb\xb6\x2d\xcc\
\xf7\xf5\x59\x78\xc6\xbf\x76\xbb\x7a\x78\xf9\x4b\xbf\x1f\xb0\xd8\
\x8a\xf4\x6a\xae\x7c\xeb\xeb\xdd\xc3\xc3\xfe\x27\xaf\xec\x5f\x67\
\x71\x70\x35\x6d\x46\x05\xc1\x93\x81\x70\xdc\xae\x6c\x9c\x2f\x72\
\x5f\xaf\xb1\xf3\x7c\xae\xdd\x76\x8f\x31\x15\x17\x50\x91\x88\xbc\
\xd2\x34\xa3\x1b\x07\x27\x5d\x63\xa5\xc9\xc7\xc8\xcb\x63\xe5\xf2\
\xab\x91\x57\xce\xa9\xe8\x57\x53\x47\xa8\xcf\x09\x8c\xb2\x88\x4c\
\x6a\x68\x63\x3f\x8e\x32\xf5\xfa\xe7\x60\xf4\xc8\xf5\x98\xb1\x74\
\xbf\x1c\xb7\x1f\x1c\x8c\x95\xb4\xa8\xbe\xa6\xfb\xb2\x7d\x9d\xc4\
\xc9\xd0\xf5\x6d\x1f\x37\x1d\xc9\x8d\xde\x33\xef\x23\xe1\x74\x8d\
\x5f\x99\xf3\x4c\xae\xd5\xeb\x59\x3d\xea\x65\x66\x4a\xe9\x9d\xb2\
\xc9\x74\xe4\xaf\x43\xab\x0b\x3b\x58\xd3\xe1\x5c\x9c\x4c\x9c\x98\
\xd5\x5d\xc6\xa8\xdb\xa5\xaf\xc4\xa5\x72\xe9\xba\x8c\xb4\xf6\xe5\
\x9f\x3e\xd3\x1a\xda\x31\x37\x18\xbd\x0e\x67\x61\xa1\x66\xab\x99\
\x0e\x1b\xf2\xa6\x82\x17\xa2\x35\x7b\xba\x5f\xdc\xf7\x1d\x9e\xc3\
\xd3\xf3\x3b\x21\x89\x1e\xb3\x8b\x34\x7e\x0e\x67\x31\xae\x89\xbc\
\xdb\xd1\xfd\x4f\x95\x64\xf6\xb7\x58\xca\x47\x2b\xb3\x24\x6c\xb2\
\x2f\xde\x48\xd7\x52\xbf\xe6\x6e\xb0\x32\x3b\x51\xa3\x60\x62\xe5\
\x62\xe4\xcc\x91\x2d\xbb\xba\x7b\x55\x53\x89\x7d\x15\x3a\xa9\x5d\
\x7d\x0e\xa3\x2c\x22\x32\xca\x2d\x38\x6a\xe8\xc6\x5c\x62\xf6\xb9\
\x1d\x8e\xd0\x35\x17\x2a\x62\x6b\x90\x49\x2e\xee\xe1\xc8\x8e\x95\
\xf2\x7a\x2a\xfb\x7b\x18\x1f\xfd\x2c\x9d\xb9\x49\xc0\xcc\x7c\x8c\
\x66\xb6\xb8\xf1\xa6\x44\x72\xb9\x79\xad\x5f\x24\x35\x7f\xed\xdb\
\xa6\x55\xfb\x4f\x40\xc6\x95\xe8\xf4\x45\x92\x17\x70\xaa\xaf\xa9\
\x97\x1f\x6b\x7b\x2f\x23\x95\x24\x87\x52\xc1\x7d\xaa\x71\x31\x6e\
\xbd\x8e\x68\x8e\xb3\x08\xfb\x9f\xe9\x3f\xec\xdf\xfe\x9f\x29\xf3\
\x4d\x7f\x85\xc2\xd3\x33\xab\x3d\x72\xf0\x99\x1a\xac\x5b\x44\xf9\
\x1a\xfa\x5f\x89\x57\x88\xf4\xda\x46\xbf\x3e\x34\xe9\xfe\xcf\xb1\
\x26\xba\x62\xa7\x85\x92\x9d\xf3\xbe\x47\x5e\x2f\x68\x34\x89\x9b\
\xc3\x8f\xda\x36\x26\xf4\xd6\x64\xc6\xaa\xdf\xaa\x1b\xcc\x6e\xd9\
\x6a\xb8\x0f\x85\x62\xcf\xd3\x27\x8d\x8e\xb4\x64\x32\x31\x9c\x5f\
\x31\xbf\x75\x4e\xa6\x33\x13\x1f\xf3\xd2\xd1\x8e\xd8\x98\xc3\x28\
\xfd\xde\xcb\xb3\x73\xe6\x6a\x9a\x3f\x7d\x9e\xc7\xc1\x98\xc9\x55\
\x92\x31\xd1\xf0\x57\xcb\x7d\xcd\xb7\x86\x7a\x7f\x69\xf4\x35\x7d\
\x9a\xed\x4c\x9d\xa6\x9a\x68\xe6\x8a\x18\xe4\x63\x51\x62\x64\x6e\
\xe2\x57\x75\xdc\xdf\xab\x15\x8e\xa7\x25\x2f\xb9\xea\xe8\x63\xa3\
\xa9\x85\xe3\xcb\xc7\xea\x32\xd4\xd3\xce\xa7\x86\x2f\x85\x77\xea\
\x7d\x0b\xe1\x1f\xfa\x9f\x43\x29\xbc\xce\x7c\x16\x6b\xd9\xd3\xf4\
\xcb\xbb\x9f\xb6\x12\x62\x39\x53\xf9\xbf\x42\xa6\x1b\x97\xfb\x6f\
\xa1\x99\xc0\x5e\x15\xe8\x3b\x3a\x5e\x93\xdd\xd4\xf6\xc2\x5c\x27\
\xd7\xf3\x7e\x84\xf0\x8f\xfd\x4f\xa1\x9a\xb4\x87\x07\x3d\xaa\xee\
\x15\x54\xe2\xab\xaf\x5a\x23\xb3\xa7\xe9\x1d\xdc\xfd\xb1\x3c\x33\
\xbf\x53\xe8\x3c\x33\xbf\x57\xe8\x65\x22\x5f\x22\xa3\x77\x27\xb1\
\xa7\xe8\xee\xe7\xed\x87\xe1\x9d\xfa\xa1\x71\x15\x79\xcb\xf4\x32\
\xd5\xcd\xe2\x46\xd2\xef\xd4\xab\xc2\x8e\x46\xad\x71\x2f\xa7\xa8\
\xec\xe9\x7a\x3b\xba\x9e\xd2\xac\xa5\xe1\x51\xc8\x8d\xc8\xa4\xf5\
\xe6\x47\xdd\x2f\x0a\xaa\x2f\x54\x39\xd2\xaf\xa6\xc7\x0c\x89\x19\
\x8f\x0b\x9c\xf7\x22\x79\x55\x6c\x6e\x36\xb4\x79\x38\x52\xc4\x93\
\x64\xbd\xee\x7c\x12\xf9\x65\x6b\x79\xb1\x3f\xba\x68\xb5\xbd\x1f\
\x83\x1f\x1e\x69\x1e\xf6\xb2\x4f\x3c\x6b\x77\x5f\xe8\xa7\xa5\xee\
\xdb\x87\xa7\xc7\x99\x24\x4b\x2a\xfc\x7f\x16\xce\x53\x5f\xa7\x6a\
\xef\xc2\x59\xb0\xf3\x93\xc6\xe3\x2b\x38\xd5\x13\x77\xc0\xc5\xf4\
\x5e\xa8\x85\x26\x62\x5a\xe3\x13\x0d\x3e\x85\x3b\x51\xcc\xc6\x95\
\x55\xef\x77\x14\xc9\x22\xba\xb8\x9b\x6b\xc2\x8a\x75\xeb\x79\xe9\
\x17\x1c\xca\xd4\x4c\x84\x7a\x70\xab\x36\x57\x37\x7b\x69\x99\x3b\
\xf4\xf8\xa5\x96\x35\x56\xa3\x5c\xc4\x96\x27\x33\x9a\xb3\x92\x22\
\x7e\xe8\x6b\x31\xb4\x8c\xdc\xdc\xfc\x5c\x8c\xd7\xb5\xd1\x39\xcb\
\xdd\xc8\xd4\xbe\xed\x7d\x12\x8c\x72\xcb\x8a\x86\xf1\x8c\x5d\xcb\
\x59\x06\xa0\x93\xe5\x2f\x04\x5f\xee\xca\xa8\xee\x35\x6e\xed\x5e\
\x5b\xff\x00\x78\xcd\xcb\xd5\xd7\x4f\x72\x41\x8c\xc6\x24\x2f\x73\
\x55\xdd\xdf\x37\x2d\xed\x66\x07\x71\x34\x58\x79\x59\x0c\x9f\xbd\
\x91\x99\x72\x33\x86\x3d\x98\xe5\x6f\xaf\xc8\xd4\x4f\x91\x94\xb9\
\xc8\xb9\x08\xd7\x4e\xca\xee\xeb\x93\x11\x79\xaa\x1c\xb3\x96\x50\
\xe9\x8c\x62\x5e\xb5\xb9\xb1\x45\x03\xe7\x9d\xed\x8d\x99\x4c\xa7\
\xc4\x9b\xa3\x5c\xbc\xbf\x73\xb7\x4b\x9f\x1f\xc7\xe3\xc9\x3a\xaa\
\x36\x36\x23\x5e\xe6\x2f\x93\x6d\xb7\x3c\x5e\x46\x5b\xde\xc7\x45\
\x0b\x9e\xd6\x2f\xf3\x57\x9e\xff\x00\xea\x64\xe3\x44\xb2\x44\xaf\
\x59\xde\x91\x44\xb4\x97\xcd\x44\x6b\x4c\x49\x3a\x76\xfa\x8c\x79\
\xda\x6e\x36\x4a\xe7\x61\xca\xe7\xc2\xed\xa4\xf4\x45\x53\x3d\x35\
\x78\x26\x64\x6b\x8d\xc0\xf9\x9c\xbb\xc5\x67\x85\x8b\x23\x23\x1e\
\x5c\x6c\x68\xd8\x8d\x7e\x4b\x6d\x8a\xef\x81\xa9\xd5\xdf\xd0\xec\
\x8d\x92\xc5\x98\xc9\x56\x57\x77\x8a\xbc\x17\x16\xfc\x4e\xfe\xef\
\x46\x9d\x18\x6b\x39\xf2\xd0\x7d\x1d\xa9\xc4\xc6\xba\xaa\xfa\x12\
\x95\x37\x3c\xd6\x97\xda\x66\x24\x1c\x79\x3f\x0e\xed\xa7\x73\x47\
\x1e\x8b\x1a\x47\x4f\x8c\x92\xbb\x81\x2f\xd1\x0d\xf1\xd4\x89\x73\
\xe5\xa7\x96\x33\x6e\x60\xeb\x59\xe3\x59\x11\xa8\xf4\x73\x9d\xba\
\x22\x73\xa3\xb5\x10\xb5\xa9\x49\xe8\x5a\xb1\x47\x2b\xbf\x4f\xdc\
\x6e\x4d\x38\x82\xa2\x5f\x23\x1f\x2b\x32\x0c\x24\x6a\xcc\xea\x47\
\x2f\x34\xf4\x16\x44\x3b\xcb\xb5\xd1\x8a\xcd\x57\x4e\x95\x5c\xd8\
\xb3\x61\x73\xdb\xf8\x15\x77\x53\x26\x09\x63\xc9\xb4\x8d\xde\x76\
\xfc\x48\xbf\x84\x8d\xd0\x9d\x92\xa1\x4e\x2f\x9e\x16\x32\x47\xf7\
\x9c\x49\x1f\xc6\x89\xcd\x0e\x30\xe4\x47\x3b\x1a\xf6\x2d\x23\xbe\
\x14\x5e\x6a\x37\x41\xb6\x5d\x95\xb1\xc9\x36\x14\xa9\xe8\x37\x4f\
\x41\x65\x29\x69\x49\xeb\xb9\x6c\x6e\x4d\x05\xdb\xd4\x85\x42\x37\
\x14\x26\xc5\xda\xc9\x74\x54\x22\xca\x5b\x08\x4f\x42\xa2\x25\x0d\
\xc5\x16\x54\x52\x15\x06\xe4\xd2\xa0\xfe\xa7\x1a\xd8\xe5\xcc\x8d\
\xc9\xa2\x96\xd6\xc5\xdf\x22\x95\xbc\xd4\x6e\x36\xa2\x20\xa3\x95\
\x6c\x28\x8d\xc9\xda\x95\xe9\x65\x44\x39\x22\x6c\x54\x41\x39\x27\
\x6a\x22\x04\x45\x29\x51\x4a\xee\x4e\xd2\x85\x59\x79\xa9\x51\x2c\
\x6e\x4e\xc4\x46\x5f\xad\x17\x82\x85\xa9\x6e\x88\xdc\x9d\xaa\x89\
\xbd\x17\x6a\x54\x38\x5d\x9c\xac\x8b\x4e\xd5\xad\xb6\xdc\x22\x75\
\x22\x2d\x17\x8f\x7e\x42\xd1\x45\x15\xbf\x0f\xb9\xc5\x5c\x54\x51\
\x65\x2d\xd2\x11\x42\xb8\x8a\xb6\x4d\xa9\x38\xb8\xaf\x33\xa9\xc7\
\x35\x3a\xdc\x5e\x25\x49\x87\x5b\x8e\x0b\xb9\xc9\xca\x70\x5d\x8d\
\x22\x55\xa4\x52\x5d\x7c\x8a\xab\xfb\x9c\x55\x76\x16\x8a\x5b\xa2\
\x58\xf4\x22\xad\xa9\x36\x8a\x2d\x01\x09\x5b\x8b\x29\x76\x50\x13\
\xa0\xe4\x2c\xa5\xb0\x84\xb2\xa2\xa0\xb2\xa4\xab\x02\xd3\xa8\xdb\
\xa8\xb2\x8e\x40\x0a\x1b\x8a\x3d\x08\x5e\x44\x45\x27\x72\x28\x05\
\xb0\x8a\x4e\xe2\x81\x64\x55\x1c\xf9\x0d\xc5\x2f\x31\xea\x2c\x9f\
\xb0\xb2\x85\x51\x60\x0d\xc8\xa0\x97\xb8\x28\xdc\x8d\xab\xb9\x2f\
\xdd\x07\x33\x51\xa8\x4b\x93\x27\x1c\x2e\x9a\x38\x61\x7d\xb7\x83\
\x93\x9d\xf2\x52\xb3\x95\x2d\x8e\x17\x34\xd9\xbb\x22\x06\x22\xaa\
\xcf\x1a\x23\x79\xa2\x38\x45\x93\x8f\x33\x5a\xac\xc8\x8f\xcf\xc9\
\x38\xb7\x3e\x7b\xa6\xcb\x83\x2e\x53\xf1\x66\x8e\x68\xe2\xe2\xae\
\xfd\xcb\x6a\xc3\x23\x53\xd1\x70\x72\x60\x66\x7b\x32\xe4\xef\x11\
\xfc\x35\x1a\xfe\x1f\x47\x29\x9f\x77\xee\x1a\xf6\x22\x26\xa5\xef\
\xd1\xae\x57\x2b\x76\x55\xe8\x84\x54\x54\xf4\x3c\x1e\x33\x72\x59\
\x8a\xe6\x4d\x93\x2f\x77\x1b\x55\xec\xc9\x45\xf8\x95\x3d\x0b\x8d\
\xda\xec\xdc\x39\x95\x99\x4d\x93\x25\xac\x44\xe2\x72\xaf\x95\x6f\
\x91\x3d\xfa\xf3\x04\xf4\xf3\x75\x0f\x77\xb1\x2c\xf3\x19\x1d\xb8\
\x83\x1e\xdb\xf6\x4e\x4c\xaa\x8a\x9c\x4a\xc7\x6d\x46\x66\x99\xda\
\xcd\x3b\x53\x9b\xc3\xbe\x39\x70\xe7\x5e\x49\x2e\xed\x72\x7c\xcb\
\x46\xae\x33\xf6\xa4\xe8\xe5\x1f\x4d\xd2\x85\x4d\xcb\xc9\x3d\x2b\
\xd9\x49\xcc\xbd\xa9\x47\x3f\x41\xea\x15\x42\x8d\xc8\xa2\x85\x0e\
\x62\xab\xd0\x9d\xc5\x1f\x30\xa3\x9f\x3e\x41\x52\xc6\xe4\x52\x7a\
\x0e\x65\x5d\x89\x56\x2c\xa4\xa1\x49\xc8\x73\x02\xca\x45\x0a\x97\
\xc8\xaa\xb6\x88\x45\xe5\x64\xee\x29\x14\x6e\x2f\x72\x5d\x13\x65\
\x1e\x80\x21\x15\x46\xe2\x85\x17\x62\xd3\xf7\x0a\xa3\x71\x42\xaa\
\x51\x3f\x70\x2f\x71\xb9\x14\x5d\x15\x09\x4b\xec\x85\xa1\xb8\xa4\
\x54\xbf\x9a\x1e\x6b\xb5\x5d\x86\xc0\xed\x96\x56\x3c\x9a\x9e\x7e\
\x5c\x78\xf8\xec\x54\x8b\x1e\x04\x4a\x6b\x97\x9b\xaf\xfc\x8f\x4c\
\xaa\x06\xe4\xc4\xd7\x87\xcb\x27\xfe\x10\xea\x98\xd1\x3b\xec\x8e\
\xd3\x43\x2a\xa2\x2a\x24\x79\x30\xd6\xde\xde\xe7\xca\x7b\x59\xd9\
\x7d\x5f\x42\xd5\xe3\xc2\xcf\xee\xe4\xc8\x58\xf8\xfe\xe9\x36\x43\
\xf5\x4d\x7a\x1f\x28\xfe\x30\xc1\x8c\xcd\x4b\x4c\xcc\x74\x5f\x7a\
\xb8\xef\x49\x1e\x9c\xdc\xd4\x5d\x90\x8b\xc7\x1e\x5b\xe1\x96\x59\
\xce\xd7\xca\x34\xed\x37\x16\x7c\x58\xd2\x7c\x75\x4c\x88\x9e\xaa\
\xf6\xaa\xef\x22\x2f\x24\x43\x75\x1e\x8f\xa2\x33\x87\x8e\x09\x1c\
\xce\x6a\x88\xdd\xec\xe8\xd0\xf2\x19\x91\x97\x34\xcc\x47\xb7\x86\
\x17\xa5\xb9\x7d\x8d\x3c\x4e\x73\xda\x97\x6a\xab\xee\x63\x3a\x99\
\x5c\xc4\x3d\x0c\x7a\x5c\x22\x23\x7c\xf3\x3e\x9e\x96\x47\x68\xd8\
\xce\xe2\xc6\xc3\x6a\x25\x57\x9d\xe9\x66\xc3\xb2\xd3\x61\xe5\x6a\
\x2f\xc4\xcc\x8b\xbf\xc4\xfe\x73\x5b\x1b\xab\x81\xfc\xb6\x3c\x53\
\xa2\x91\x58\xe7\x70\xec\x9e\xe7\xa6\xec\x3b\x2b\x3e\x55\x54\xdf\
\xbb\x5b\xfe\xa7\x37\x53\x9e\x58\xe9\x4e\x56\xea\xe9\xba\x5d\x1c\
\xb5\x63\x19\x87\x3e\xd3\xf6\x55\xd8\x7d\xa7\x48\x60\x5e\x38\xa9\
\x1e\xd4\x73\x3c\xdc\x2e\xdd\x11\x7a\xa9\xbd\xec\x4c\x50\x65\x63\
\xcd\xa7\xe5\x2a\xb9\x71\xd2\x4c\x48\x5e\xc6\x73\x47\xf3\x47\x27\
\xcd\x0d\xc7\x6a\x55\xed\xfe\x21\xe2\x55\xdf\x85\x87\xcd\xfb\x1a\
\xcf\xe1\xf7\x13\xbb\x43\x90\xaa\x94\xbf\x68\xef\xf5\x39\xf3\xd5\
\xce\x74\x7c\xfa\x69\xa3\xd3\xe9\x4c\xcc\xd7\xbf\xf4\x78\x0c\x8e\
\xcd\x4d\x8f\xa9\x66\x43\x2e\xcd\x8d\x5c\x9c\x4d\x6d\xfc\x3c\xd4\
\xfa\x77\x65\x35\x27\x64\xe9\xce\xd4\x64\x85\x67\x97\x25\x8d\x64\
\xad\xfc\x2d\x56\x6c\xd7\x35\x3f\x63\xcf\xe7\x4e\xa9\xaa\xf6\x91\
\x6e\xe9\xd3\xa2\x7f\x53\x79\xfc\x3b\x91\x60\xec\xc6\x33\xb8\x91\
\x38\xf6\xfa\x95\xea\xf5\x72\xcb\x4a\x2e\x7e\xe9\x6e\x93\xa7\xd2\
\xdd\x33\x5f\x53\x3f\xea\xda\x70\x69\x59\x4d\x4f\x13\x81\x0c\x8e\
\x6a\x2b\x58\xee\x0e\x48\xbc\xe8\xd7\xe4\x76\x5b\xb2\xf9\x72\x32\
\x37\x62\x77\x6c\x72\x23\x5e\xf6\x3a\x95\xb5\xd3\xe7\xea\x6c\x62\
\x7b\x1d\xa3\x68\xed\xe1\x6a\xff\x00\xbd\x22\x39\x6b\x75\xe6\x64\
\x64\x32\x04\xd4\x73\xd1\x63\x46\xf0\xa3\x16\x3e\x1e\x4d\xf2\xa1\
\xe7\xc6\xa6\xae\x1c\xc6\x4e\xb9\xd2\xd0\xcb\x89\xc5\xf3\xad\x47\
\x40\xc0\xd3\xb1\xb3\x1d\x87\xa3\xcb\x9a\xab\x99\xdd\xe3\x2a\x27\
\x12\x77\x68\xd4\xff\x00\x3b\x31\xfb\x3d\xa5\xe4\x6a\x6d\x9a\x08\
\x7b\x1f\x2e\x63\x96\x6f\xbd\x54\x7f\x0b\x63\x54\xe4\xd4\x5f\x44\
\xdc\xf7\x98\x13\xcf\x0c\xf3\xb3\x1e\x9a\xbd\xfb\x95\x11\x3a\xf0\
\xb6\xcf\x5d\xfc\x3c\xc4\x6e\x36\x81\x99\x90\xd9\x1e\xe7\xe5\x66\
\x3d\xf2\x23\xbf\x0b\xbd\xbd\x8f\x5b\xa5\xea\x3b\xd9\x4e\x9e\x5e\
\x5e\x47\x59\xd3\x4f\x4f\x8e\xfc\x67\x87\x8f\xc4\xec\x47\x6b\xdc\
\xf8\xdb\x0e\x1c\x7a\x3c\x29\xb2\x2f\x8a\x6a\xf0\x27\xbe\xe7\xd0\
\x3b\x33\xa7\xea\x5a\x66\x8e\xb8\x5a\xb4\x8c\x97\x21\x92\xb9\x59\
\x2b\x1f\xc7\xc6\xde\xaa\x6e\x6b\xdc\xe2\xa9\x4a\x77\x61\xa3\x86\
\x13\x78\xc3\xcc\xd4\xea\x75\x35\x23\x6e\x4a\xa9\x45\x4b\xae\x67\
\x14\xf5\xe7\x64\x45\xa3\x6b\x73\xc4\x3b\xb8\xbd\xc7\x11\xd4\x08\
\x4a\xc9\x33\x58\xc5\x7a\xa6\xc8\x79\xbd\x43\x50\x7e\x06\xa1\x1e\
\x73\xd1\x16\x14\xd9\xcc\x45\xf3\xaf\x4a\x37\x1a\x84\x73\xcf\x07\
\x75\x13\xd1\x8e\x76\xd7\xd1\x4d\x2c\xb8\x59\x19\x12\x47\x8a\xe5\
\x7f\x8a\x63\x69\x18\x9b\xa4\x8d\x4f\xc4\x57\x29\x5f\x1a\x6c\x9f\
\xab\x43\x34\x69\x23\x1c\xa9\xc3\xb2\xc6\xbc\xef\xf2\xfc\xce\xec\
\x9c\xd5\xc6\xf3\xf0\xae\xec\xe2\x46\x2a\x72\x3e\x7f\x2e\x3c\xf8\
\x99\xcf\x73\x32\x15\x78\xa6\x45\x96\x35\x5d\xdd\x5c\xd7\xe6\x9b\
\x1e\x8f\xc5\xb2\x5d\x35\x72\x1a\xd5\x96\x39\x51\x69\x1e\xb7\x4d\
\x4e\x65\x23\x39\x8f\x2b\xce\x9c\x7d\x31\x75\x7d\x47\x36\x7e\xeb\
\x25\x25\x7e\x3e\x3c\xad\xaa\xf4\x4f\x73\xa3\xed\x7c\x99\x9b\xfe\
\xef\x99\x53\x42\xcf\x27\x1e\xd6\xab\xe8\xe5\x35\x3a\x8e\xa5\x0c\
\x6f\x9b\x05\x64\x7b\xa1\xe1\x4e\xea\x35\x5d\x9d\xeb\x4b\xf2\x26\
\x0c\xd8\xf9\x18\xae\xc8\x97\x19\xbe\x5f\x3f\x76\xbb\x71\x2f\x55\
\xff\x00\x43\x1c\xb5\x39\xf2\xe8\xc7\x4e\x36\xf8\x7b\x58\xfb\x6d\
\xa2\x4d\xaa\x4f\x84\xd7\x4b\xdd\x40\xbc\x32\x66\x2f\xf2\x51\xdd\
\x0e\x78\xdd\xb4\xec\xf6\x56\x0c\xb9\x8c\xcc\x92\x38\xa3\x91\x23\
\x54\x92\x3f\x33\x95\x79\x70\xa7\xaa\x29\xe2\x96\x0c\x5c\x5c\x18\
\x62\xc9\x92\x18\x71\x96\x7b\x7a\xb1\xb6\xdf\xfb\x8e\xbc\x0c\x5c\
\x09\xf5\x29\x56\x35\x86\x57\x47\xc4\x98\xc8\xc7\xec\x9b\x52\x3a\
\x97\xda\x8e\x58\xeb\x72\xe6\x69\xbc\xf4\x58\xc5\x72\xfa\x8c\x7a\
\x8e\x9e\xfc\xb8\xf1\x1b\x9f\x0a\xe4\xc8\xce\xf5\x90\x71\x79\x9c\
\xde\xbf\xfc\xe8\x73\x7c\x98\x93\x62\xba\x66\x64\xe3\x49\x0e\xec\
\xef\x38\xd3\x87\x8b\x95\x7c\xcf\x90\xc3\xa3\xbf\x05\x3b\xee\xf9\
\xcf\x92\x77\xaa\x39\xed\x72\x2b\xa3\xab\x4d\x9d\x7f\xde\x5d\x8c\
\xcc\x2d\x2e\x1c\xc5\x6e\x98\x8a\xef\x0b\x8a\xbd\xea\xe3\xab\x95\
\x11\xef\xa5\xdf\xe7\xbd\xfe\xc5\xa7\xad\xaf\xa5\x63\xa3\xf5\x2f\
\xa0\x6a\x98\x09\x8d\xa1\xca\x8c\x99\xd1\x22\xf9\x93\xcd\xc4\x89\
\xfb\x1e\x62\x6c\x69\x71\xa7\x6f\x89\x77\x70\xf5\x8d\xae\x66\x43\
\x15\x78\x1d\xfd\xd5\xf7\x34\x5a\xdf\x8a\x8a\x4c\xc9\x61\x9b\x21\
\x5f\x94\x9d\xdb\x29\x55\x5a\xc8\xd1\x36\xa4\xf6\xea\x74\x62\xc9\
\x97\x3b\xf1\xf1\xf2\x25\x95\xda\x64\x2d\x55\x8f\x1a\x47\xff\x00\
\x35\x7f\xbe\xbc\xc7\xf7\xac\x27\x93\xfb\xae\x78\xb7\x71\x69\x52\
\xbb\xb6\x09\x1a\xc3\x1b\xb1\x59\x8a\xe9\xa1\xee\x95\x51\x55\x1e\
\xe5\xb4\xae\x5e\x55\xb3\x61\x9f\x94\xcc\x78\xe0\xc0\x85\x67\x8d\
\x24\xbe\x1b\x4a\xf3\x23\x56\xd6\xfd\xe8\xf2\x38\x5a\xbe\xaf\x89\
\xac\xe1\x4d\x1e\x43\x19\x93\x9b\x23\xb1\x53\x89\xbc\x4c\x86\x1e\
\x25\x72\x22\x7b\xd2\x99\x7a\xd6\xbb\x9a\x92\xeb\x53\x39\xac\x9a\
\x0c\x5c\x6e\xea\x26\xa7\xc4\xe7\xfe\x66\xfb\x16\xef\x63\xed\x1d\
\xac\xdd\x78\x1a\x2e\x6b\x31\xb2\x5b\x85\x32\xb9\x92\x25\xab\x9e\
\x9e\x57\x48\xe5\xf8\x53\xf6\x43\x17\xb4\xd8\x70\x3a\x5c\x4f\x0f\
\x92\xf8\x67\x64\x6c\x86\x56\xf0\x5a\xb6\x47\x2d\x29\x9b\x83\xda\
\x65\xc2\xd3\x74\xdc\x7e\xe9\x1d\x0c\x10\x36\x79\xa5\xe2\xdf\x8b\
\x9d\x55\x73\x3c\xfa\x76\x8e\x2d\x6b\xb4\x2c\x9d\x1a\xfc\x7c\x77\
\xca\xb3\x64\xc8\xed\xe9\x39\x5d\xfb\x15\xca\x63\x2b\xa6\x91\x13\
\x13\xcb\xb7\x50\xd0\x5d\x8f\x99\x1a\x41\x3c\x8e\xc2\x8d\x11\xb2\
\xca\xae\xdd\x57\xd9\x0d\x84\x51\x61\xe0\x69\xa9\x3b\xa3\x74\xd3\
\xb7\xd7\x8a\x91\x89\xfe\x07\x5e\x6e\x46\x95\xa9\x35\x93\xc1\x91\
\x22\x45\x3c\xbc\x10\x35\x53\x87\x8d\x53\x9b\xd5\x3d\x10\xcc\xd5\
\x73\x74\xd5\xec\x9e\x0e\x36\x99\x2a\x65\xe6\x4f\x90\xac\x95\x88\
\x9e\x65\xe1\x5e\x9f\x97\xdc\xce\x22\xe6\x7f\x83\x4b\xae\x18\x92\
\xea\x12\x4e\xe7\x24\x4f\x56\xba\x57\x22\x3d\x7d\x23\x6f\xc8\xdf\
\xc7\x91\x0e\x9c\xdf\x0b\x2f\x14\xe9\x22\x5b\x15\x13\x87\x7a\xd8\
\xd4\x63\x62\x42\x99\xaa\xf6\x64\x40\xb3\x77\x57\xde\x39\xdb\x39\
\xc9\xcd\xa9\xf9\x95\x2d\x36\x32\x51\xb2\x33\x57\x6b\x19\x3b\xa5\
\x9a\x18\x78\x9b\x1a\xa2\x3a\x9c\xbb\xaf\xad\x22\x52\x0c\x72\x9b\
\xb4\x65\x11\xe1\x91\x0e\x24\x4c\xcf\xff\x00\x88\x8d\xed\xe1\xe2\
\x56\x7b\xaf\xad\xfb\x1e\x83\x48\xd5\x51\xf1\xae\x36\x1b\xdd\xc3\
\x13\x95\xab\x22\xa5\xa2\xa7\xf7\x4f\x25\xa7\x69\xf9\x53\x4b\x93\
\x93\xc0\xc7\xc9\x2d\x35\x8d\x73\xa9\xab\x7f\x97\xa9\xec\x71\xb1\
\x3e\xcc\x8d\x99\x4e\x96\x08\x22\x85\x9c\x2a\xaa\x9b\x22\x75\x54\
\xf5\x52\xf8\xe5\xcf\x0a\x65\x85\xc5\x4b\x78\x90\x63\x31\xcc\x48\
\x9a\xa8\xe6\xd3\x95\xfb\xad\xfe\xe6\x64\x73\xc5\x3b\xdc\xd6\x3b\
\x76\xfa\x1a\x5d\x39\xf9\x79\x33\xa7\x12\xa2\xe0\x3a\x96\xf9\x39\
\xc9\xe8\x6e\x92\x24\x66\x6d\xb3\xe1\x6a\x6c\x89\xe8\x87\x4c\x4c\
\xd3\x96\x70\x72\x7a\xf0\x31\x55\x11\x5c\xa9\xe8\x6b\xa5\xd5\x78\
\xb1\xe4\x58\x19\xc1\x24\x7b\xbd\x5d\xbe\xde\xc6\x54\xb2\xcb\xc3\
\x22\xa3\x53\xb9\x6f\xaf\xaa\x9a\x09\xa5\x9e\x57\xb1\xbd\xcf\x72\
\xcc\xb7\x77\x68\xab\xb7\x0f\x52\x67\x24\x46\x0c\x95\xed\x4b\x22\
\x8d\xec\x48\xef\x26\xd1\x18\xc5\x34\x9d\xa1\xc8\xcb\xca\x7c\x71\
\x49\xe7\xca\x7b\x7e\xee\x28\xbc\xbf\x3b\xf9\x1a\x0d\x65\x12\x2e\
\xd1\xcf\x97\x80\xd7\xa3\x23\x66\xc8\xe5\xf2\xb6\xbf\x11\xdf\x0f\
\x69\xd7\x27\x16\x19\x1f\x0b\x9d\x3a\x52\xc7\x2a\x6e\xa9\xbf\x99\
\xde\xc8\x63\x3a\x9c\xd3\x78\xd2\xae\x60\xc5\xd2\x9e\x92\x33\x32\
\x29\x1b\x14\x72\xb7\x82\x67\xc8\x96\xad\x91\xbc\xfe\x47\x76\x14\
\xf1\xa6\xa3\x26\x32\x6a\xb2\x77\xcc\x5e\x2b\x91\xd5\x1f\x0f\xaf\
\x17\x55\x35\xf9\x7a\xcc\x7a\x8c\x99\xcb\x0b\xfb\x9c\x46\x54\x92\
\xb1\x13\x9c\x89\xe8\x62\xae\x34\xb9\x6a\xe9\xad\x7b\xc9\x9a\xe9\
\x51\x2b\x87\x8a\x93\x91\x5d\xf1\x0b\xec\xb8\x7a\x2c\x9e\xd1\x26\
\x2c\x4f\x6b\xf8\xda\xc4\x72\xf1\x39\x5d\xb4\x89\xe9\x5e\xc7\x64\
\x1d\xab\x64\xb8\xf0\x4b\x0c\x6f\x77\x1a\xf0\xb5\xaa\x9c\x2b\x7f\
\xe8\x79\x2c\xc5\xc8\x91\xd8\xd3\x65\x42\xd5\x85\x8c\x6f\x91\xab\
\x48\xdf\x6f\x6e\xa6\xd7\x42\xc1\xfb\x4b\x03\x23\x56\xcc\x57\x45\
\x8a\x9f\x76\xc7\xb7\x64\x6b\x7a\x27\xbf\xb9\x1d\xc9\x3b\x70\xf5\
\x11\xf6\xca\x67\xf0\x40\xf6\x22\x6f\xe6\x7a\x7e\x0f\x65\x37\xba\
\x74\xb9\x72\x49\x1d\x48\xd9\x19\x22\xee\x8a\x87\x83\x6e\x12\xa6\
\xad\x8d\xc1\xc6\xc8\xdc\xc5\x72\x71\x25\x53\x7d\x15\xc7\x76\x5f\
\x69\x1f\x88\xd6\x43\x83\x92\xd8\x9e\xd4\x5e\x36\xae\xfc\x6a\x9e\
\xfe\x9f\x22\xd1\xa9\x3f\x6a\xe5\xa3\x1f\x4f\xa6\xab\x15\x3d\x17\
\xf7\x42\x52\x5a\x5b\x91\xbf\xf5\x6c\x7c\xc7\x1f\xb7\xba\x96\x22\
\x45\x26\x64\xab\x93\x24\x89\xfc\xb6\x25\x7c\x94\xca\x5e\xd6\xbf\
\x2f\x3b\xbb\x72\x71\xf1\xc7\xc5\x4b\xb2\x37\xf7\xf6\x2d\xde\x86\
\x7d\x89\x7d\x0d\xbe\x66\xf1\x36\xd5\x0a\x87\x88\xc7\xed\x77\x82\
\xe1\x59\x27\x7b\xda\xbb\x3e\x34\x4b\xe2\x77\xa5\x7b\x1b\x18\x7b\
\x7d\xa6\x48\xd6\xc4\xf6\x3d\x32\x1c\xe4\x6b\x58\x89\xf8\xba\x13\
\x1a\x90\x4e\x96\x4f\x4e\x9b\x96\xac\xea\xc5\x99\x99\x30\xf1\x31\
\xc9\xc4\x9b\x39\x3a\x29\xdc\xad\x54\xe4\x9c\x89\xdc\xae\xcf\x65\
\x20\xae\x84\xfd\xb6\x1c\x55\xeb\xb0\xb3\x6b\x92\x22\x7a\x8a\x43\
\x8a\x29\xca\xc6\xe3\x6a\xed\x42\xe8\xe2\xa5\x16\x9d\xae\x57\x65\
\x45\xf4\x38\xde\xe5\x45\x16\x9d\x8e\x56\x2c\xe3\x65\x47\x6e\x45\
\xad\xb5\xc9\x16\xd0\xe4\x87\x0b\x16\x2c\x8c\x5c\xee\x85\x9c\x6c\
\x59\x16\x9d\xae\x45\x38\xf1\x0e\x21\x66\xd7\x34\x5b\x14\x70\xe2\
\x2f\x11\x16\x6d\x73\x08\xb5\xee\x70\xb0\x8e\x16\x8a\x73\xbb\x07\
\x1b\xe8\x4b\x16\x53\x92\xd6\xe5\x43\x82\xa9\x50\x59\x4e\x4a\x45\
\x5a\x38\xf1\x6c\x4b\x26\xd1\x4a\xaa\x75\xbb\x62\xa9\xc1\x54\xb4\
\x64\xa4\xe2\xe0\xaa\x75\xa9\xcd\xca\x75\x2d\x96\x8c\x94\x9c\x51\
\x49\x7b\x11\x56\x88\xab\x68\x5a\xd1\xb5\xca\xc9\x67\x1b\xa1\x62\
\xd1\x4e\x41\x54\xe1\xc5\x47\x24\x45\x56\xba\x45\x54\x6b\x1b\xf1\
\x3d\xcb\xc2\xd4\x4e\xaa\xaa\x4c\x4d\xf8\x46\xda\x72\xbb\xf5\x44\
\xf9\x9d\x79\x33\xb3\x0b\x0a\x6c\xb9\xd1\xc9\x04\x2d\xb7\x2f\xa9\
\xf3\xbe\xda\x76\xee\x37\x64\x63\x69\x7d\x9a\x82\x7d\x4b\x2e\x19\
\xd2\x59\x66\x85\x8a\xb1\xb5\x53\x93\x51\x7f\x11\x88\xdc\x9d\x7f\
\x3d\xcb\x93\xda\x8c\xea\x47\x6f\x1e\x99\x1b\xb6\xbe\xaf\x54\xff\
\x00\x03\x0d\x7e\xa3\x0d\x1c\x6f\x29\xff\x00\xdb\xa7\x43\xa4\xd4\
\xd6\x98\x88\x87\xd4\x9a\xe4\x7b\x18\xf4\xe4\xe6\xa3\xd1\x7a\xa2\
\x95\x79\x9e\x57\x46\xed\x63\x22\x63\x31\x35\x4d\xe3\x4d\xa3\x9d\
\xbf\x81\x3a\x29\xea\xe2\x74\x59\x4c\x49\x31\x65\x8e\x76\xf5\x8d\
\xd6\x4e\x8f\x51\x86\xae\x37\x8c\x9d\x4f\x49\xab\xd3\xe5\x31\x94\
\x70\xe2\x52\xb9\x8f\x6f\xc4\xd7\x27\xec\x38\x29\x68\xda\xe5\xcc\
\x20\xbd\x82\x31\x54\xe7\xdc\xae\xf7\xe9\xb8\xb2\x63\x8a\x70\x45\
\xdc\x7a\x98\xf2\xe6\x43\x12\xbe\xbe\xf1\x5b\xf9\x54\xc6\x93\x5c\
\xc6\x6b\x5a\xe8\x9b\xde\x27\x27\xa2\x2e\xed\x5f\x72\x3b\x98\xc7\
\x95\xa3\x4b\x29\xf0\xd9\x50\xa3\x5b\x9b\xda\x2c\x0c\x19\x12\x19\
\x58\xfe\xf1\x5b\xc5\x49\xca\x8c\x26\xf6\xd7\x4e\x92\xf8\x31\x66\
\x57\x22\x6c\xc5\xe6\xe2\x27\x57\x18\x4f\x63\x39\xfa\x6f\x90\x2e\
\xc6\xb7\x0b\x5d\x87\x3e\x48\x9b\x0b\x6d\x24\x4b\xaf\x56\x9b\x67\
\x46\xe4\x54\xb4\x54\x55\xf4\x52\xd1\x9c\x4f\x85\x72\xd2\xcb\x1f\
\x94\x3a\xd0\xea\x5c\x98\x18\xee\x07\xca\x8d\x5f\x73\xbd\x5b\x4c\
\x73\x97\x64\x4e\x6a\x78\xed\x7e\x49\x5f\x91\x0f\x06\x1c\x9d\xd4\
\x8d\x5b\x97\x8a\xd1\x51\x06\x59\x4c\x41\x86\x11\x32\xdd\xbf\xb4\
\x18\x31\x65\x26\x3b\xdc\xeb\x76\xcc\x56\xef\xbf\xb9\x24\xd5\x32\
\x21\xa9\x13\x17\xbe\x8d\xdc\xda\xd5\xdd\x94\x79\x68\x62\xc7\x57\
\x33\x29\xce\x91\xd0\xb7\xe3\x47\xa7\x99\xa9\xe8\xa9\x46\xe6\x44\
\x95\xa9\x14\x38\xeb\x6c\x7a\x71\x3e\x97\x74\x6f\x34\x5f\x92\x99\
\x46\xa4\xcb\x69\xd1\xc6\x3c\x3b\x31\xbb\x5f\x8b\x2e\x4b\xe0\x9b\
\x0e\x78\x5c\xdd\xed\xcd\xa4\xae\xa8\x6e\x22\xcd\x8a\x77\x35\xb1\
\xdf\x9b\x7b\x53\xc9\x6a\x79\x19\x19\x0b\x8e\xe8\x9e\x92\x64\xa3\
\xbb\xa5\xeb\x5e\xdf\x21\xa6\x3b\x23\x13\x58\xf0\xcf\xc8\x72\xc0\
\xbc\xaf\x7d\xfd\x54\x8e\xf4\xc4\xad\xd8\xc7\x28\xe1\xeb\x73\xe0\
\x9d\xec\x48\xe3\x72\xb1\xae\xe6\xf6\xf3\x69\xe7\xf3\x70\x1d\x9d\
\x8a\xc6\xbf\x25\x19\x90\xc7\xdc\x5c\x7f\x99\x0f\x5d\x26\x76\x0e\
\x1b\x1b\xe2\x73\x23\x89\xdc\x37\x4a\x69\x7b\x45\xdc\xe4\xc3\x0e\
\x56\x2c\xb1\xbd\xf3\x7c\x2e\x6b\x6e\xda\x69\x94\xdc\x31\xc3\x1a\
\x97\x85\x8a\x79\xa5\xd6\xa7\x59\x5a\xc8\x1e\xc6\xaf\x78\xcf\xc2\
\xae\x4e\xa9\xd0\xb8\xfa\xaa\xe4\x65\xb3\x1d\xf1\xac\x69\x25\xa3\
\x55\x9b\x36\xbd\x2f\xf7\x3b\x75\x3c\x3c\xcc\x9c\xa7\x64\xc3\x8e\
\xd8\xb3\x18\xde\x35\x8d\x76\xef\x51\x39\xfc\xcd\x4e\x99\xa8\xb7\
\xef\xb2\xe4\x44\x8a\x27\x3b\x81\x8f\xe1\xbe\x17\x5a\x79\x68\xe6\
\x99\xa9\x75\xe3\x17\x0d\xdc\x0f\xd4\xa5\xd3\xdf\x2c\xf2\x35\xae\
\x81\xae\x63\xa3\x46\xf9\x55\x7a\xff\x00\x43\xab\x32\x26\x22\x62\
\x4a\x98\xaa\xd8\x73\x95\xb1\x35\x51\xdb\x3d\x53\x7b\x43\x68\xc4\
\x97\x2f\x4d\xce\x64\x4e\xbc\x4d\xf8\x15\x36\x5e\x25\xd9\x6c\xd4\
\xe6\x26\x4b\x32\xb0\xf1\x5d\x33\x51\xb8\x11\x2b\xa2\x67\xaa\x39\
\x53\xd3\xa9\xa7\x32\xcf\xc4\xb9\x3d\xcc\xc0\xce\x9a\x26\x2f\x0c\
\x3c\x2a\x88\x8e\xe4\x95\xe9\xf3\x36\x58\xf8\x8d\xcf\xd3\xb1\x16\
\x28\x55\xae\x91\xa8\xd6\xb7\xf1\x7f\xd5\xf2\x31\x7b\x4b\x81\xf6\
\x26\x9b\xa6\xe0\xcd\x73\xf7\xcb\xc7\x3c\x9f\x89\xc6\x2b\xb5\xa9\
\xb0\x1d\xde\x35\xa8\xdc\x88\xdb\xc2\xe5\x47\xed\xc0\x9c\x91\xa9\
\xe8\x44\x71\x35\x29\x98\xb8\xb8\x7a\xdd\x3f\x52\x6e\x13\x9d\xa7\
\xe5\xe2\x4f\x1b\xe3\x5a\x74\xf7\xc4\xd5\x4f\x43\x76\x9c\x91\x51\
\x6d\x17\x74\xf9\x1f\x3a\xc4\xed\xb4\x5a\xa6\x57\x06\x5b\xe4\xc7\
\x47\x73\xe1\x4f\x2a\x7f\xd4\xaa\x7b\x5d\x2b\x31\xb3\xc2\x91\xb1\
\x15\x5a\xce\x4f\x55\xf8\x8d\xf1\xc9\xcd\x9e\x0c\xf5\x55\xe8\x2d\
\x42\xbb\x60\xab\x45\xed\x9d\x16\x75\xcd\x93\x16\x3d\x2c\xaf\xe0\
\x6b\xb6\x45\x5e\x56\x62\xea\x39\x6f\x83\x15\xd2\x42\xde\x27\x35\
\x77\x5f\xcb\xf3\xf6\x3c\xb4\xba\xdc\x8a\xe7\x47\x92\xde\x3c\x49\
\x9b\x48\x89\xf8\x66\xe9\x7f\xd1\x7f\x72\xb3\x9d\x27\x1d\x3b\x7b\
\x09\x72\xe3\x8d\x7c\xaf\x6a\xb9\x37\x54\xbe\x5f\x33\x86\x2e\xa3\
\x06\x57\x03\x18\xf4\x57\xbd\xaa\xf6\xa2\x2f\xe1\x43\xc5\x4f\x2e\
\x4a\xc6\xb9\x12\x2b\x5e\xf6\x33\x86\x46\xc3\xbf\x12\x7a\xfc\x95\
\x10\xba\x44\xb2\x63\xc3\x2c\x8c\x55\x63\x11\x55\xdc\x7e\xbc\x1c\
\xca\xf7\x17\x8d\x1b\x7b\xd6\x4a\xc9\x5a\x8a\xc7\x22\xfb\x21\x6c\
\xf2\x5a\x36\xae\x8f\x91\xd2\xf1\x2a\xa3\xfc\xab\x7b\x1e\x8f\xc7\
\x46\xe7\x44\x8c\x54\x5e\x3e\x7e\xc8\x5a\x35\x22\x55\x9d\x29\x86\
\x4a\xae\xe2\xfa\x1d\x4d\x9d\x92\x3b\x81\x8f\x4f\x2a\xef\x7e\xa7\
\x35\x5d\xfa\x16\xdc\xac\xe2\xaa\xa1\x54\xe1\xc7\xbd\x0d\xd5\x53\
\x85\x15\x6f\x95\x21\x3b\x95\xa7\x2b\xd8\x11\x18\xf5\x6b\x9d\xc0\
\xea\x4e\x6b\x5b\x1c\xd2\x09\x6d\x53\xbb\x54\x54\xde\x97\x62\x6c\
\xa7\x0b\x41\xb1\x1c\x8d\x63\x15\xef\x96\x28\xd8\x9c\xdc\xf9\x1a\
\x88\xdf\x9f\x43\xa5\xf9\x78\x71\x64\x2c\x12\x66\xe3\xb6\x66\xc6\
\xb2\xac\x5c\x7e\x74\x8d\x12\xd5\xf5\xd0\x59\xb5\xdf\x68\x96\x4b\
\xd8\xd5\x4b\xda\x6e\xcf\x45\x8f\x8f\x90\xed\x67\x15\x60\xc8\x7a\
\xc5\x0c\x8c\x55\x72\x3d\xdd\x3d\x8c\x69\xfb\x67\xd9\xcc\x69\x73\
\xe0\x93\x52\x47\x64\x69\xed\xb9\xe2\x46\xee\xbe\xcc\x5b\xf3\x29\
\x36\x6d\x6f\x6f\x7a\x2a\xbb\x73\xc8\x4b\xfc\x4a\xec\xcc\x31\x61\
\x4b\xc7\x93\x24\x79\x8b\x48\xa8\xda\x58\x3f\xfc\x89\xe8\x61\x4f\
\xfc\x55\xd2\xa0\x7e\xa0\xc5\xc5\x7f\x04\x1b\x62\x4a\x8f\xe2\x4c\
\xb7\x74\x44\xab\x41\x66\xd7\xbb\x57\x22\x2e\xe5\xbb\xdb\xd4\xf9\
\x64\xff\x00\xc6\x19\x5d\x89\x88\xb8\x1a\x4b\x7c\x62\xbf\xfd\xea\
\x29\x51\x55\x18\xdf\xee\xbb\xd5\x4e\xa9\x3f\x8b\xf9\x5f\x6d\x39\
\xec\xc2\xe1\xd2\x9c\x8a\xc8\xe0\x91\x9c\x32\xa3\xeb\x9f\x17\x4b\
\x1c\x9b\x5f\x58\x4b\x72\xa5\x22\x9c\xd1\x8a\xa8\xaa\x8d\x72\xa2\
\x73\x53\xe4\x2e\xfe\x20\x76\x97\x51\xec\xe4\xad\x82\x58\x1b\x91\
\x0c\xad\xef\x73\xe1\xf7\xdf\x81\x12\xb9\xd1\x85\x93\xdb\xee\xd3\
\x6a\x0b\x06\x54\x2f\x5c\x69\x30\x2d\x1c\xd6\x22\xab\x72\x3f\xeb\
\x42\x2e\x53\xb2\x21\xf6\xc4\x8d\xfc\x3c\x6a\xda\x67\x3e\x25\xe5\
\x47\xcb\x3f\x8b\xac\x5c\xa9\xf4\x86\xe3\x2b\x65\x6c\xd8\xb2\x36\
\x37\xc6\xb6\xc7\x2d\xf2\xb3\x51\x2f\x6a\x7b\x45\x8f\x33\xf5\x78\
\xe7\x57\x65\x6a\x4d\x44\x96\x07\x6e\xc8\x99\x55\x6d\x6d\xf9\x4e\
\x8c\x59\x72\x62\x86\x2d\x39\xb2\x56\x9f\x1b\x9d\x22\xb1\xd2\x23\
\xbc\xcb\xd3\xd6\xac\x99\xb9\xe1\x7c\x27\x1c\x66\xde\x6f\xb3\xfa\
\x0e\xad\x81\x8c\x92\x65\xe1\xbb\x1e\x2c\x96\x4a\xd8\xdf\x2f\x95\
\x1c\xb4\x9c\xbd\xd7\xd3\xa9\x97\x1f\x60\xb3\xb1\x67\xc5\xc7\xc9\
\x91\xd1\x64\xe5\x63\xac\xd8\xd0\x48\x88\xd5\x95\x53\x9b\x2f\xd1\
\xc6\x6e\xae\xcd\x4f\x51\xc8\xee\x5f\x9c\xf9\xb0\xb1\xf8\x5d\x13\
\x3b\xd4\xe0\x63\xbf\xba\x6a\x65\x87\x2b\x27\x29\xee\xca\xc9\x9f\
\x35\xad\x75\x45\x23\xf2\x17\x8d\x89\xec\xbd\x4a\xf6\xe6\x66\xdd\
\x3f\xdf\x36\xc4\x47\xa6\xdd\x7f\x87\xb3\x78\xec\xad\x35\xd3\x22\
\xe6\xc7\x0b\x67\x8e\x15\x7a\x27\x7c\x8b\xf1\x36\xfd\x15\xa6\xcf\
\xb3\xfd\x9e\xc0\xd3\xbb\x4d\xaa\xe1\xc3\xa9\x63\xb5\x71\xa3\x6a\
\x40\xe9\x64\xf2\xcc\x8b\xbb\xb7\xf6\x3c\xff\x00\x89\x6b\x31\x3b\
\x8f\x15\x24\x92\xb7\xfb\x57\xb9\x78\xd3\xfe\xef\x63\x12\x66\x41\
\x2b\x59\xc2\xe9\x5c\x8c\xb5\x4f\x2f\x99\xcb\xea\x53\x3d\x0d\xf8\
\xce\x33\x2b\x63\xfd\xa1\x9e\x39\x46\x50\xf4\xdd\xa0\xcc\x93\x56\
\xd6\xe7\xd4\xb0\xb5\x18\xd9\xe1\x64\x8f\x1e\x9e\xce\x25\xee\xd1\
\x37\x95\xbd\x5a\x66\x7f\x0d\xf1\x21\xc9\x97\x2d\xf8\xfa\x84\x69\
\x91\x0e\x5f\x17\x7c\xe4\xda\x65\x75\xd2\xa2\x7a\x1e\x0b\x3b\x27\
\x2d\x90\xe3\xcb\x8c\xe9\x63\x73\x5c\x88\xf5\xe1\x4b\x46\xaf\x54\
\xae\x47\xdc\x74\x7e\xce\xc8\x98\x77\x87\x89\x14\x10\x4b\x03\x16\
\x3c\x98\xa3\xb7\x39\xdc\xd5\x55\xb6\x72\x75\x58\x46\x9e\x94\x61\
\x5e\x7f\xf0\xdf\xa7\xea\x73\xcb\x3d\xd7\x5f\xfd\x7c\xde\x0e\xcb\
\x6b\xba\xae\xa9\xac\xa3\x32\xa2\x82\x26\x3a\x6f\x13\x2f\x0f\x12\
\x3d\x7d\x1a\xce\xae\x53\x77\xd8\x0d\x37\x2b\x33\x43\x8b\x13\x12\
\x17\xc8\xf8\x11\xde\x23\x8f\xcb\xdd\xbd\x17\x66\xfb\x9e\xf1\x9a\
\x26\x4e\x1c\x4d\x64\x4e\x6a\x48\x8f\xef\x9a\xc6\xc6\xe6\xb5\x5f\
\xea\xe7\x73\x3a\xf1\xf4\x79\x31\x74\x97\x62\x32\x54\x8f\x1e\x56\
\xbd\x26\x46\xb9\x58\xad\x57\x6e\xaa\x8e\xa3\x93\x57\x52\x33\xc7\
\x6e\x51\xf6\xe8\xd3\xd4\xcf\x4e\x77\x61\x97\x97\x97\xc7\xc2\x9e\
\x5c\x3c\x66\xe3\x2b\x67\x87\x1a\xe5\x74\x89\xc9\x38\x79\xb5\x54\
\xef\xee\xa6\x9a\x49\x67\xee\x1f\xc1\x24\x6d\x73\x55\x37\x6a\xa5\
\x55\xdf\x43\x2f\x2b\x46\xd4\x13\x4a\x4c\x3c\x66\x49\x8b\x8a\xe8\
\xd1\xae\x82\x07\xb5\x5d\x22\x27\x3b\xe5\xcf\xa9\x81\x9d\x26\xa6\
\x98\x71\x60\xcf\x8d\x9b\x1e\x9c\xdc\x94\x59\x21\x63\x39\x31\x3e\
\x06\xb5\x51\x6f\x85\x3d\x4c\x3b\x38\x4f\xdb\xa2\x7a\xcc\xfc\x4c\
\x43\x5b\x84\xe5\x8f\x51\x9d\xb2\x35\xcd\xe1\x99\xfb\xaa\x57\xe1\
\x6d\x1e\xfb\xf8\x7e\x8b\x2f\x64\xe4\x7d\x2f\xfc\x5c\x9b\xf5\x3c\
\xd6\xa3\x9b\x95\x2e\xad\x1b\xf2\x23\x44\x8f\x15\x8d\x7c\x4c\x64\
\x0a\x8d\x99\xde\xae\x77\x5e\x16\xd5\x7e\xe7\x3d\x3b\x56\x93\x0f\
\xc4\xe7\x35\xce\x92\x1e\x37\xcf\x06\x14\x09\xc3\x1a\x39\x1b\x49\
\xcf\x7b\x72\xaf\x2f\x63\xab\xa7\xcb\x1d\x2c\xf7\xcb\x9b\xab\xd4\
\x9d\x7c\x36\x53\xe8\x4a\x9c\x24\xd9\x57\xfc\x8f\x18\xde\xd8\xea\
\xf8\xda\x7e\x32\x64\xc5\x8b\x93\x9b\x3b\xda\xdd\xbc\xad\x8d\x57\
\xf3\x7b\x22\x1b\x07\xf6\xd7\x16\x4c\xdc\x6c\x7c\x4c\x2f\x11\xde\
\x33\x8e\x67\xf7\x9c\x3d\xd2\x7b\x27\xe2\x3d\x18\xea\x74\xe7\xed\
\xe4\x4f\x4d\x9c\x7d\x3d\x15\x12\xa8\xd2\xe2\xf6\xbf\x47\xca\x9b\
\x39\xa8\xf9\x21\x87\x0f\x89\x56\x79\x15\x38\x64\x46\xfc\x5c\x29\
\xcd\x77\xd8\xec\x6f\x6b\x34\x17\x69\xf0\xe7\x3f\x3f\xb9\x86\x67\
\xa3\x18\x93\x32\x9f\xc4\xbd\x5a\x96\xa8\x9e\xe6\x91\xa9\x8c\xfd\
\xa9\xda\xcb\xd3\x6f\x45\x46\xdf\xa1\xd7\x1e\x5e\x1c\x99\x4b\x8b\
\x1e\x64\x0f\xc8\x6b\x12\x45\x8d\x1d\xba\x35\x79\x38\xc8\x8f\xbb\
\x9a\x34\x92\x39\xa2\x92\x37\x2d\x24\x8c\x91\x15\xaa\xbd\x11\x7a\
\x93\xbb\xf8\xab\xb2\x5a\xfc\xd6\xac\xf9\x18\xf8\xf1\x3d\x51\x55\
\xd6\xfe\x15\xde\x90\xd5\xea\x59\x13\xe3\x49\x1a\x61\x3d\x5b\x9a\
\xd5\x59\x56\x49\xb7\x6f\x0f\xab\x54\xdd\xe4\xe9\xab\x2c\xf1\x49\
\x1b\x5e\xc9\x9b\x6a\x92\x31\x77\xdf\xd0\xd0\x6b\xf8\xd9\x2f\xd4\
\xde\xd6\x27\x7c\xc5\x89\x55\xf1\xfc\x2e\xa4\xf5\x23\x29\x95\xf1\
\xc6\x13\x37\x23\x4d\xd5\xb0\xd9\x2c\x38\xdd\xc6\x7b\x18\xaf\xe1\
\xaf\x89\xbf\x89\x51\x7d\x4d\x1e\x62\xb9\xb1\x42\xcd\x21\x58\xe7\
\x4c\x9e\x58\xd7\xe1\x46\xf5\xf9\xda\x1c\xd9\x04\x93\xe9\xcf\x93\
\x19\x56\x65\x82\x25\x96\x18\xd5\xdc\x0f\x6a\xa5\xf1\x37\xf7\x4a\
\xdb\xd8\x76\x6b\x0a\x26\xe8\xb8\x79\x53\xa4\x91\xc9\x27\x14\xa8\
\x8a\x9c\x5b\xaa\xf9\x52\xfd\xa9\x7f\xa9\x9e\x53\x32\xdb\x18\x88\
\x68\xf2\x34\x99\xa3\xd1\x7b\xe5\x64\x6d\x7c\x99\x4c\x64\xa9\x2f\
\xc6\xd7\x39\xc8\xd4\x56\xff\x00\x5e\x46\x26\xab\x91\x95\x81\x2c\
\xf1\x22\x71\xec\x88\xe9\x29\x29\xa9\xd3\xdc\xdc\x76\x89\xf2\x6b\
\x4d\xe3\x66\x5a\x36\x18\xe7\xe2\x7b\x91\xb4\x9c\x51\xa7\x16\xc9\
\xff\x00\x69\xc2\x3c\x1c\x89\xa2\x7a\xea\x7c\x31\x31\xb8\x6b\xc2\
\xf7\x25\x54\x8b\xc9\xab\xee\x73\xe7\x8f\xa6\xf8\x64\xd2\xf6\x5f\
\xb7\x78\xba\xa2\xbf\x4f\xd5\x71\xa3\xc7\xd5\x11\x51\x38\x1e\xdf\
\x24\xce\xf9\x7a\x3b\xd8\xf4\x71\x68\xd8\xd3\xcf\x3f\xdc\xbf\x1d\
\xad\x6d\xac\x6c\x4e\x15\xb4\xfc\x57\xfe\x47\xcf\x75\x5d\x37\x1f\
\x58\x8a\xa4\xb8\x32\xa2\xde\x29\x93\xd3\xdb\xdc\xe3\x83\xda\x2e\
\xd9\x44\xfc\x4d\x01\x51\xb3\xc9\xde\xb5\xd0\x4e\xf5\xfc\x29\xcd\
\x1c\xef\xcb\x45\x33\xd0\x8c\xf9\xd3\x9a\xfe\x0d\x70\xd7\xd9\xf3\
\x8b\x7b\x8c\xb7\x62\xe2\x47\x05\xe3\x71\x2b\xad\xf8\xcd\x62\xaa\
\x2b\x97\xaa\xa7\xec\x66\xe0\x4d\x0a\xc2\xf9\x6d\xd6\xd4\xfb\xd7\
\x31\x7c\xed\xbf\xf1\x43\x4f\xa3\xc5\x97\x0e\x6e\x7c\xb9\x79\x70\
\x4b\x8f\x27\x13\xb1\xf1\xe0\x77\x78\xaa\xe5\xe6\xd4\x54\xe4\xd4\
\xdd\x4d\xce\x06\x7e\x9b\xa6\x49\x1b\xe5\xc4\x95\x1c\xe8\xf8\x5f\
\xc0\xdf\x89\x2d\x39\xfd\x57\xf6\x39\x75\x30\xae\x21\xb6\x19\xc5\
\xdc\xb3\xa5\xc0\x86\x45\x64\x89\x97\xf7\xd1\x42\xb4\x88\x9e\x5d\
\xfa\xfb\x9e\x5b\x2e\x24\x56\x23\xd1\xe8\xe7\xa2\xb9\x11\x78\xb6\
\xbe\x87\xa6\xd4\x72\xa3\xf0\x29\x24\x4d\xff\x00\x76\x7b\x78\x93\
\x6f\x3a\xa1\xe1\xb1\x27\xcc\x8a\x69\x35\x0c\x88\x1e\x98\xce\x73\
\xb8\xdf\x5b\x6f\xf8\xa8\xc7\x18\x6d\xa9\x3e\x28\xd3\xe3\xce\xca\
\xc6\x9f\x13\x85\x89\x95\x1a\xf8\x8c\x67\x3d\xf5\x4a\x8b\x7c\x3f\
\x3a\x36\x33\x6a\x4c\xca\xec\xf4\xd3\xc5\x89\xe7\x9a\x37\x36\x2e\
\x15\xdd\x1d\x68\x8e\x55\xff\x00\xba\xce\x1a\x4b\xe3\xc8\xcd\x73\
\x1b\x12\xa4\x4f\x8b\xcd\xfd\xe4\xf4\xa5\x2c\x78\x59\x3a\x1e\x36\
\x7e\x8d\x2b\x9b\xdd\xba\x24\xcb\x83\x25\x7f\x2a\xbd\xb6\xc5\xf7\
\x6d\x5f\xee\x6d\x5b\xa6\xbe\xe3\xfd\x98\xfc\x62\xd6\x4c\x8c\x4c\
\x0e\xcd\x62\x64\x64\x37\x8a\x08\x51\xd1\xca\xc4\x6f\xde\x39\xd5\
\xba\x57\xcd\x52\x89\xd9\xfd\x2b\x13\x13\x15\x9e\x21\x12\x59\xdd\
\xe6\x92\x05\x6d\x23\x58\xef\xf1\xd8\xc0\xc6\x4c\xfd\x6b\x51\x74\
\x4f\x46\x2e\x8f\x0c\xeb\x94\xf7\xb5\x3c\xcf\x44\xaa\xbf\x9b\xa9\
\x3f\xa9\x99\x8c\xf9\x73\x75\x6f\x10\x89\xc1\x2c\x92\x70\xb5\xbe\
\x8c\x6f\x42\x35\x23\x6c\x54\x79\xf2\x69\x4d\xd5\xbb\x72\xb0\x70\
\x74\xf8\xf2\xb1\x96\x56\xcd\x0c\x0e\x6a\x63\x35\x3e\x2e\x17\x6e\
\xad\xf9\x21\xae\xec\xee\x94\x99\x39\x52\x65\x24\xde\x1e\x26\xb9\
\xcc\x86\x4e\x49\x1b\x15\x6e\x91\x7f\x16\xc7\x47\x6a\xa6\xe2\xd4\
\x31\xe0\x7c\x89\xde\xc4\x8e\x64\xf2\xb7\x9f\x9b\xd1\x54\xef\x83\
\x0b\x06\x0c\x37\xf8\x96\x4b\x99\x92\x88\xde\x06\x2b\xe9\xad\xdb\
\xd1\x13\x91\x31\xc6\x3e\x79\x92\x67\xf2\xaa\xf0\x9a\x87\x84\xc1\
\xd6\x9b\x83\x8d\x91\x8f\x22\x70\x56\x3b\x91\xe9\xf7\x77\x7c\x4f\
\x5f\xef\x18\xf8\x91\xcb\x0e\x42\x69\xf8\xb3\x39\x55\x18\xf4\xe3\
\x6b\xed\x69\x7e\x27\xb9\x7a\xa9\x92\xb9\x71\xcd\x1c\x3e\x1b\x07\
\x1a\x37\xc6\x8e\x47\x23\x13\xf9\x9c\xa9\x6c\xc3\x89\xf1\x2e\x57\
\x1f\xc2\xac\xfe\x63\xa3\xdb\xbd\x7a\xf3\x4f\x92\x72\x2d\x19\x71\
\x50\xac\xd4\xcd\xb2\xa5\x76\xa3\x8e\xa9\x14\x59\x2e\xef\x63\x8d\
\x22\x8f\x85\x76\x8d\xab\xeb\xf3\x33\x65\x83\x52\xf0\xcd\x9b\x23\
\x31\xcc\x62\xbd\x8a\xce\x27\x5a\x25\x73\xf9\x9a\xf8\x93\x23\x2b\
\x31\x64\x48\x5d\x8f\x8c\x9b\x2b\x5b\xbb\xd0\xde\x26\x33\x27\xc5\
\x57\x71\xc9\x2d\x27\x13\x24\xfc\x17\xf9\x7e\x66\x53\x9c\xe3\x51\
\x6d\x31\xc2\x32\xfa\x6d\xd9\xdb\x6d\x77\x09\x60\x92\x66\x41\x33\
\xa4\x99\xee\xbe\x0e\x14\xee\x53\x93\x7e\x6a\x67\x63\xff\x00\x10\
\x35\x69\x21\x49\x9f\xa4\xe2\xca\x8d\x85\x5f\x2a\x46\xf5\xbe\x35\
\x77\x95\x9c\xbd\x13\x99\xe7\x66\x74\x98\x91\xc1\x36\x63\xfb\xa8\
\xab\x65\x56\xdd\x2f\xa1\x8d\x8b\xaf\xc9\x2c\x12\x31\x98\xd1\xc3\
\xde\x39\x5a\xa8\xce\x72\x74\xfd\xcd\xbb\xd9\xc6\x3c\x33\x9d\x1d\
\x3d\xd5\x2f\x65\x2f\x6f\xe3\x56\xba\x2c\xad\x1a\x46\x37\xbd\x64\
\x4d\xe1\x7f\xc4\xe7\x25\xb9\x7e\x48\x35\x6e\xd9\x69\x19\x9a\x4c\
\xd1\xcd\x87\x97\x0a\x33\x1d\xd2\x33\x64\xf2\x2a\x2d\x35\xdb\x75\
\x53\xc6\x49\xa9\x4d\x0b\x25\x91\xa8\xcc\x87\xa3\x91\xaf\x7b\xf9\
\xb7\xa2\x1a\xb7\xeb\xd2\xbe\x17\x71\x63\xb5\x26\x7a\xf0\xdb\x57\
\x6e\x1e\x85\xb1\xea\x33\xfb\x85\x72\xd0\xd3\x7a\x4c\xbd\x4f\x46\
\xca\x9e\x28\x99\x98\xf5\xe1\x83\xef\x16\x46\x70\xa3\x9f\xe8\xd4\
\xea\x86\x1c\xf9\x78\x29\x3f\x75\x89\x3c\x30\xc9\x1b\x11\x1f\x2a\
\x2f\xf3\x78\x93\x66\xa2\x29\xe7\x74\xd5\x8e\x3c\x95\x93\x23\x8e\
\x6e\x14\x75\xb1\x3d\x7e\x46\xd1\xcb\xa1\x67\x3a\x29\xf1\xdb\x2f\
\x76\xdb\x45\x89\x5b\xbb\x55\x13\x75\x52\xb9\x6a\xcd\xf8\x5b\x1c\
\x2b\x1f\x2d\x86\x9b\xf6\x4a\x4d\x99\x8c\x93\xa2\x61\x3d\xed\x91\
\xef\x47\x22\xab\x9d\xea\xdf\x63\x69\x98\xae\x7c\x19\x90\x62\xfd\
\xec\xac\x6a\x4c\x8f\xaa\x4e\xe9\x39\xa1\xf3\xcc\x4c\x48\xa5\xf1\
\x52\x63\xbf\x85\x1a\xfe\x2b\xea\xbd\x28\xe1\xdd\x4c\xc9\x5d\x8b\
\xe3\x1e\x93\xc9\x17\x17\x1a\x49\x4d\x6c\x7e\xa8\xe3\x48\x9b\x95\
\x27\x88\x7a\xde\xe6\x5d\x6f\x4f\xc8\xc8\xca\x63\xe0\x89\xb2\x35\
\xb1\xc2\x9b\x71\x22\xa6\xd5\xd6\x90\xdf\xf6\x56\x6c\xcd\x45\xf8\
\xf8\xd1\xb1\xbf\x67\xb1\xc9\x68\xe6\xd3\x5c\xa9\xfe\x27\x86\xc7\
\x8f\x2d\x62\x64\xd8\xd9\x59\x13\x4a\xf6\xf7\x70\xb5\x3e\x16\xb7\
\xd7\xfa\x9e\xc3\x48\x87\xb4\x9a\x5e\x32\x78\x5c\xd4\x8e\x28\x91\
\x51\xad\x95\xbc\x55\xea\xa5\x67\x53\x1c\x72\x8b\x5b\x1c\x32\xca\
\x38\x86\x5e\xb5\x93\x8e\x9a\xbe\xa1\x8a\xec\x97\x2f\x0c\x6a\x8d\
\x6a\x72\x72\x2a\xfa\xfc\x8f\x15\x22\x49\x34\xc8\xd8\x62\x77\x03\
\x6d\xd1\x2b\xbf\xb4\x71\x91\xaa\x6a\x3a\x8c\xcd\x9b\x55\xca\x8a\
\x05\x49\x64\xb8\x9c\xc4\xa7\x27\xa7\x12\xa7\xba\x1a\xbc\x6d\x4f\
\x29\x9a\x9c\x79\xec\x6a\x77\xf1\x22\xb9\xad\x4f\x85\x09\xcf\x38\
\x9f\x0a\xc4\x54\x36\xd0\xb7\x13\x52\x9d\xae\x44\x93\xc4\x43\x17\
\x04\xa8\x9e\x55\x7c\x84\x8f\x4e\x7e\x44\xca\xe6\x64\x39\x2d\x38\
\x1d\x22\x6d\x6a\x9f\x81\x3e\x46\x33\x3b\x43\x8b\x86\xac\xcf\x87\
\x09\xcf\xd4\xd5\xe8\xb2\xba\xed\xaa\x9e\xa8\x76\xe1\xea\x78\xd3\
\x64\xe4\x64\x6a\x12\x4f\x1b\x25\xf3\x47\x1b\x19\xe5\x63\xaf\x91\
\x49\xe5\x78\x98\x6d\xf2\xf4\x68\xf1\x75\x1e\x08\xdf\xdc\xc4\xd6\
\x31\xef\x95\xef\xb5\x4e\xbb\x75\x38\x69\xb9\x2f\x5d\x56\x6c\xcf\
\x0c\xe9\x9b\x1a\xf0\xc6\xb2\x36\xb8\x59\xf9\x97\xdc\xd6\x3f\x5d\
\x6e\x5e\x3f\x74\xc6\xb5\xfc\x2f\xfb\xc6\x3b\x6e\x24\xe8\x8a\x64\
\xc1\x9f\x91\x94\xcc\x89\x1b\x24\x48\xe9\x55\x2d\x11\x69\xad\x6a\
\x72\x44\xf7\x27\x74\x41\x56\xfa\x0e\x9d\xda\x7c\x2c\x56\x48\x8d\
\x6a\xba\x54\x4b\xa5\x45\x4d\x8b\xa9\xf6\xd1\x59\x1c\x53\x43\x1a\
\x35\x8b\xe8\xae\x45\x57\x7b\xd7\x43\xc7\x2b\x1e\x91\xe2\xf7\x0e\
\x63\x92\x47\xd3\xdb\xc5\x74\x9d\x54\xed\xd3\x74\xe7\xea\x73\x33\
\x16\x18\x52\x16\xc8\xe5\xe3\x95\xfb\xb9\x1a\x8b\xc8\xd6\x35\x25\
\x9c\xe9\xc3\xd0\xe9\xfd\xb5\xc8\xd4\x73\x99\x8c\xca\x77\x9f\x85\
\xee\xe4\xcf\xd8\xf6\x2c\xcd\x82\x59\x9b\x1c\x7e\x7d\xb7\x56\xfa\
\x1e\x3b\x58\xc2\xc5\xd3\x71\xfb\xac\x06\xb1\x25\x89\x2e\x34\x44\
\xae\x0d\xb9\xfb\x9e\x4f\x0b\x33\x52\xca\xc3\x64\xb1\x3d\xf0\xcd\
\x2b\xf7\xee\x97\xcd\x2e\xfb\xff\x00\xda\x84\xef\xaf\x28\xed\xdb\
\xec\xa8\xad\x7d\xd2\xee\x9f\x12\x74\x2b\x53\x89\xaa\xad\x4b\x4e\
\xa7\xce\xa7\xd7\xf5\x0d\x2a\xe1\x89\x9b\xb1\x13\xbc\x96\xee\xd4\
\xd7\xe4\xeb\x5a\xae\xa7\xf7\x50\x66\xba\x06\xb9\xdc\x39\x11\xb3\
\x7a\xea\xa5\xb7\xc2\x3b\x72\xfa\x92\x3d\x8e\x75\x35\xed\x72\xa7\
\x45\x39\xd2\xdf\x23\xe6\x1a\x46\x76\xab\xa5\x22\x3e\x19\x5c\xf8\
\xdc\xee\x17\x44\xa9\x68\xef\x92\x9b\x17\x6b\x3a\xae\x24\x53\x49\
\x24\xf1\x43\x27\x36\xc7\x7c\x93\xa2\x75\x1b\xe0\xed\xcb\xdc\x65\
\x64\x78\x48\x7b\xc7\x46\xf9\x1b\xea\x8d\xe6\x88\x70\xc7\xcb\xef\
\xe6\x74\x69\x12\xa6\xd6\xd7\x27\xa9\xf1\xf5\xed\x9e\xa9\x34\xcf\
\x76\x24\xd2\x36\x08\xd5\x5e\xac\x5d\xd5\xcb\xc9\x54\xd9\x69\x5d\
\xb9\xcb\x9b\x15\x71\xa4\x6b\xda\xbf\x99\xa9\xcf\xe6\xbe\x83\x7c\
\x23\x64\xbe\xb3\xe6\x4f\x4d\xc9\xc5\xbf\xf9\x1f\x2d\xc5\xed\xcc\
\xd0\xe3\xc9\x8a\xce\x24\x95\xdc\x95\x1d\xc4\xb4\x76\xcd\xfc\x4a\
\x74\x53\x63\x2b\x60\x75\xa2\x79\xa3\xfd\x44\xf4\xdc\x8d\xf0\x9d\
\x92\xfa\x77\x11\x11\xfb\xf3\x3c\x5e\x8b\xdb\xd6\xea\xb9\x0e\x8a\
\x7c\x05\x89\xad\x5f\x34\x8c\x5b\xe1\x37\x91\xf6\x93\x48\x97\x2d\
\xd8\xcc\xce\x62\xb9\xbc\xd5\xdb\x22\x13\x71\x28\xa9\x6e\x78\x87\
\x16\xe6\x34\x19\x11\x64\xc6\xb2\xc2\xfe\x26\x5d\x59\xda\x8b\x7c\
\xbd\x45\x94\xed\xe2\xbe\x42\xcf\x37\xae\x76\xbf\x03\x41\xd5\xf0\
\xb4\xbc\x88\x9e\xfc\xbc\xc4\x4e\xe9\xa9\xb2\x57\xfe\xc6\xde\x4d\
\x4f\x4d\x8d\xca\xd7\x6a\x58\x88\xbc\xb7\x95\x0b\x6d\xca\x15\xdd\
\x0c\xee\x2f\x6d\x85\xee\x6b\x17\x5c\xd1\xda\x8a\xae\xd5\xf0\x92\
\xb9\xfd\xf2\x1d\x6b\xda\x3d\x09\xbf\x16\xb7\x80\x89\xff\x00\xe6\
\x41\xb7\x22\xe1\xb7\xe2\xb4\xf9\x15\x5c\x88\x78\xce\xd1\xff\x00\
\x11\x34\x5d\x0b\x0a\x1c\xa8\x32\xf1\xf5\x0e\x29\x11\xb2\x47\x04\
\x88\xe7\x35\xbf\x99\x10\xf4\xba\x7e\x4b\xb3\xb4\xcc\x4c\xc5\x67\
\x76\xb9\x11\xa4\x9c\x09\xf8\x6f\xd0\x4c\x4c\x45\xa2\xe2\x59\xca\
\xe4\xa1\xc5\xb1\x84\xdc\xec\x57\x65\xbf\x15\xb9\x71\x3b\x29\x8b\
\xc2\xe8\x51\xde\x66\xad\x5d\x7f\x45\xb3\xbf\x8b\x72\xbc\xa6\x39\
\xf0\xee\x47\x7b\x17\x88\xe9\xe2\xf6\x27\x11\x16\x9d\xae\xeb\xa1\
\xc4\x74\xf1\x85\x7f\x32\x6d\x14\xec\x57\x1c\x15\xdb\x1c\x55\xf6\
\x71\x55\xd8\x98\x94\x4e\x23\x94\xea\x72\xec\x72\x55\x3a\xd4\xbc\
\x4a\x93\x8b\x8a\xa9\xc5\x5d\x5e\xbb\x15\xc7\x2c\x68\x53\x2a\x49\
\x23\x6b\x95\xb2\x46\x96\x97\xc8\xb5\xa3\x6b\xae\xf7\xa5\x30\xf5\
\x6d\x51\xba\x3e\x9a\xfc\xf9\x31\x32\xb2\xda\xc5\x46\xf7\x18\xcc\
\xe3\x7a\xfe\xc6\xd9\x9a\x6c\x88\xc5\x59\xa4\x63\x1c\x9e\x88\x69\
\xf3\x35\xbd\x2f\x4a\x7a\x78\xcd\x57\x1b\x1d\xeb\xc9\x15\xe8\xab\
\xfd\x06\x33\x73\xc2\x93\x4f\x09\x97\xfc\x5d\xe0\x99\xf0\x47\x87\
\x0e\x9c\xa8\x9e\x44\xcc\x47\x2c\xdf\xfe\xa8\x87\x8e\xd5\xff\x00\
\x8a\x93\x65\xcc\xe7\x4d\x2c\xda\x8c\x48\x9c\x2e\xc7\x7a\x77\x31\
\x27\xed\xcd\x4f\x53\xdb\xfd\x6b\xb3\x9d\xa5\xd3\xd9\x8d\x8f\x81\
\x3c\xf9\x7d\xe3\x78\x35\x2e\xe3\x85\x23\x4b\xdf\x7f\x54\x35\x18\
\x9f\xc3\xae\xcf\x36\x4e\x37\x6b\x3e\x2d\xdc\x5c\x4d\x48\x36\x45\
\x4f\x54\x55\x2b\xab\xab\xa3\xa7\x8f\xf8\xb7\x52\xdf\x4b\x4b\x53\
\x39\xff\x00\x0e\x39\x73\xc0\xed\x7e\x76\x6e\x9c\xd9\x30\x74\xa9\
\x5d\x0a\xb3\xcd\xf6\x7a\x25\xc7\xed\x5c\xce\x0e\xd4\x2b\x85\x27\
\xd3\xb5\x68\xe4\xe2\xa5\x57\x63\xb9\x6d\x7e\x67\xac\xd2\x62\xc6\
\xec\xe6\x37\x75\xa3\xe2\x36\x36\xf1\xf1\xab\x95\x6d\xca\xbd\x4d\
\xa4\xbd\xb1\xce\x48\xb8\x3b\xa8\x9f\x7c\xad\xbb\xa9\xe3\xe5\xa9\
\xd2\xe5\x3f\x8e\x33\x4f\x5f\x0c\x3a\x9d\x38\xfa\x7c\xfa\x4c\xec\
\x64\x6f\x99\xb9\x8d\x6d\xdd\xf7\x0e\xdb\xe7\xb1\xdd\x89\xa9\x77\
\x12\xde\x16\x7c\xf0\x3b\x9e\xcd\x73\x52\xcf\x4b\x91\xad\xc0\xe7\
\xba\x66\xe0\xb5\x92\xc7\xf1\x2a\x7f\xa1\xca\x5e\xd1\xc3\x95\x8c\
\xe4\x97\x0e\x07\x35\xf5\xc5\xc2\xd4\xb4\x29\x7a\x71\xf0\xb6\x91\
\x9e\xa4\xfc\xa9\xc3\x0b\xb6\xba\xf6\x2b\x91\x1c\xef\x1c\xd4\x6f\
\xc0\xe6\x2f\xf5\xb3\xd4\xe3\x76\xd6\x15\xc2\x8d\xda\x86\x2a\x63\
\xe5\xb9\x77\x8d\xab\xc4\x88\x9e\xe7\x88\x4d\x45\xb0\xe3\x39\x98\
\xca\xe5\x81\x57\x87\xdd\x3d\xbe\x45\xef\x74\xac\x86\x39\x24\xc8\
\xf0\xc9\x1b\x79\xbf\x9b\x97\xe6\x75\xe9\x6a\xe7\x11\xe5\xcb\xad\
\xa5\xa7\x97\x98\xfe\x8f\x71\x07\x6d\x71\x32\xb2\x7c\x3f\x72\xb1\
\xb5\x56\x92\x74\x4d\x91\x7f\xcc\xd3\xeb\x3d\xa4\xca\x9b\x2d\x30\
\xf1\x9c\xe8\x51\x2d\x1f\x23\x93\x77\x1e\x71\x59\x0f\x8a\xe1\x7e\
\x5d\xc2\xcf\xed\x9b\xc9\xab\xd0\xef\xc0\xcf\x82\x2d\x41\xb3\x48\
\xc9\x25\x7f\xc3\x1b\x5f\xb6\xdd\x54\xd2\x75\xb2\x9e\x25\x8e\x3d\
\x36\x11\x37\x0e\xb9\x33\x65\xc0\xcc\x91\x8f\xe3\x7a\x3b\x77\xb1\
\xaf\xde\xce\xae\xf5\x5b\x1b\xf2\x62\x5e\x09\x2f\x85\x5a\xae\xf8\
\x97\xe5\xd4\xb3\xbb\x1f\x1f\x2e\x4c\xc7\x2c\x92\xdc\x9e\x6e\x14\
\xbe\xee\xfd\x6f\xa1\xc1\xde\x0b\x2f\x12\x54\x7c\x72\xc3\x9b\x14\
\xdf\x7c\x9e\x8f\x6a\xf2\x5f\x63\x2c\xa7\x26\xb1\x18\xc3\x7d\x13\
\x13\x0d\xf8\xf3\x65\x3a\x39\x32\x72\x9a\x9f\x76\xbe\x64\x4f\x91\
\x89\x9a\xc8\xe2\xcf\x9f\x2d\x5a\xd6\x42\xe7\x77\x4a\xe5\x5f\x85\
\x3f\xba\x72\x8b\x2d\xcb\x16\x13\x7c\x33\x1b\x2b\x15\x17\x1e\x34\
\xdd\xd5\xea\x8a\x64\x6a\xef\xc7\x74\xc9\x06\x35\xf0\xc7\x2b\x64\
\x8a\x25\x4f\x8e\x93\x75\x55\x35\xc2\x77\x62\xcf\x2c\x6b\x2a\x86\
\x26\x23\xd1\x93\x3f\xc3\xac\xd8\xcd\x8d\xb7\x04\x95\xcf\xaa\xaa\
\x74\x36\x7a\x37\x6a\xf5\x6c\x79\xbb\x8c\xf7\xb6\x56\xbb\x74\x73\
\xd3\x85\x2b\xe6\x6b\xfb\xdd\x59\xf1\xb3\x29\xb3\x45\x14\x79\x4e\
\x56\x22\xab\x7e\xf2\xbd\x52\xbd\x10\xe5\x2e\x3e\x3c\xbc\x18\xf3\
\xe3\xf0\xab\x11\x38\xa5\x7a\xfa\x21\x5d\xf3\x87\x85\xf6\x46\x7e\
\x5e\xce\x2d\x73\x0f\x52\x81\x5f\xc0\xe6\xc7\xf9\x55\x69\x4e\xac\
\xfd\x36\x35\xc1\xe2\x8a\x7b\x89\xfe\x66\x73\x5b\xfe\xee\xc7\x9d\
\xc4\xca\xd3\x71\xa0\x7a\xbf\x81\xad\xbb\x55\x5e\x74\x6f\x23\xd5\
\x34\xd7\xe0\xb9\x8c\xc7\x9a\x1f\x2f\x13\x55\x39\x38\xe8\xd3\xd6\
\xdd\x1c\xb9\x75\x7a\x7d\xb3\xf8\xbc\xce\x3a\x49\x83\x92\xc4\x47\
\xf1\x23\xd5\x58\xfc\x75\xe4\xde\x8a\x70\x8a\x5c\x9c\x7d\x62\x1c\
\x36\xb9\xf2\x41\x23\x9d\x5d\xde\xea\xd4\xe9\xf2\x39\x65\xe1\x65\
\x26\x2b\xe5\x63\xdc\xdc\xd7\x6e\xc4\x4d\xff\x00\xa9\x97\x2e\xb5\
\x3a\xae\x93\x92\xe6\x47\x1e\x44\x4e\x72\x4e\xac\x4f\x22\xa2\xec\
\xad\x5e\x94\x45\xa6\x31\xa8\x75\xbd\x90\xb3\x52\x82\x66\xcd\x22\
\x49\x03\xd5\xaf\x8d\x5b\xbd\xaf\xa9\xce\x58\x20\xc7\xca\x6a\xba\
\x47\xba\x4d\xe5\x46\x35\xd6\xae\xf7\xff\x00\xd8\xea\xd6\x71\x78\
\xf3\x16\x5c\x7b\x62\xf1\x35\x7b\xcf\x65\xbf\xf0\xff\x00\x33\x0b\
\x57\xf1\xda\x3c\xd8\xd8\xef\x81\x3b\xc7\x6e\x92\xf5\x4e\x86\x39\
\xe7\x3e\x5b\x61\x8e\x2d\xa4\x79\xbe\x3f\x12\x58\xf5\x0e\x06\xba\
\x3f\x82\x45\x4e\x77\xe8\x74\xc1\xab\x43\xa7\x3a\x68\xfb\x99\x26\
\x85\x15\x1c\x8d\x6e\xca\xcb\xff\x00\x23\x43\x32\x2c\xcf\x47\x2a\
\x49\xbb\x6f\xb9\x54\xe1\x46\xaf\x43\x37\x1d\xb9\x13\xe0\xb2\x19\
\x95\xad\x47\x7f\x2b\x7a\x56\xbb\xa3\x97\xa1\x58\xea\x66\x13\x3d\
\x3e\x32\xdc\x67\xbe\x2d\x59\xe9\x1a\xa4\x90\x42\xc6\xd2\x23\xdd\
\xbc\x6e\x5d\xe9\xab\xea\x79\x7c\xdc\x37\xe1\x24\x92\x42\x8b\x2c\
\x12\xaf\x0f\x17\x24\x59\x1b\xcb\xf7\xe6\x6f\x13\x19\x70\x18\xd6\
\x64\xe6\xc1\x2b\x15\x3c\xcd\x57\x7c\x4b\xe9\xbf\xc8\xe2\xf7\xe9\
\xd2\x2c\x2d\x66\x76\x27\x86\x95\xbc\x2f\x89\x5e\x9f\x76\xe4\xfc\
\x49\xee\x5f\xbb\xbb\xca\xb3\xa3\xb3\xc4\xb3\x7b\x3d\xaa\x61\xe6\
\x68\xf2\x45\x8e\xc7\xc9\x9b\x1b\x92\x57\xb5\xbf\x03\x91\x36\x77\
\xd2\xcd\x16\x81\xdc\xe4\xf6\xae\x69\xa5\x7c\x6e\x85\xb6\xf7\xa4\
\xcf\xf3\x63\xb5\x37\x6b\x7f\x75\x3a\xbb\x27\xda\x3d\x07\x48\x6c\
\xd1\xe4\xe5\x4a\x90\x45\x98\xed\x9a\xdd\xdb\x7f\x8b\xdd\xab\xea\
\x86\xb3\x46\xed\x5e\x8a\xcd\x67\x32\x69\xf1\xa7\x76\x1b\xf2\xd5\
\xdd\xd4\x6c\xe2\x5a\xf4\x75\xfe\x5f\x63\xb3\xeb\x89\x71\xff\x00\
\x9a\xe5\xea\xb5\xac\xdf\xb4\x35\xb7\x6a\xf9\x12\xa3\x31\x60\x8d\
\x23\x8e\x27\x27\xaf\xa7\xee\xbd\x39\x9a\x6f\x03\x90\xc8\x7b\xd5\
\x89\xcc\x81\x24\xe1\xe0\x99\x8b\xc7\x2f\xf7\x97\xfd\x0d\x7a\x76\
\x9b\x12\x7c\xac\xcc\xe9\x30\xb2\x38\xdf\x32\xca\xc4\x73\xbc\xb0\
\xc7\xd1\x89\xea\xef\x73\x29\x9d\xa8\xc7\x63\x51\x98\x18\x13\xb1\
\xc8\x8a\xea\x96\x5e\x2b\xdf\xe2\x5f\x9a\x19\x4e\x7b\x7c\xf9\x5f\
\x65\xc3\xd8\x69\xfa\x26\x8f\x2b\x58\xfe\xe5\xd1\xa2\xfc\x6f\xc8\
\x4e\x6b\xec\x9e\xc6\xce\x0c\xbc\x1d\x35\xcd\xc6\x85\xed\x7f\xa3\
\x57\xf1\x38\xf9\xdf\xfb\x6f\x94\x91\xa3\x62\xd3\xa1\x67\x74\xae\
\xf3\xc9\x2a\x70\xef\x5b\xff\x00\x8f\xd0\xc0\x6f\x6e\x35\x7c\x59\
\x3b\xbc\x5c\x0c\x28\x99\x23\xb8\x9a\xfe\x77\xb2\xda\x27\xce\xd1\
\x7f\x63\x4c\x32\xb9\x67\x9e\x2f\xaf\x63\xea\x91\xe4\xcd\xdd\x24\
\x6e\x6a\xdf\x0e\xff\x00\x9b\xa1\x9c\x8d\x7a\xa5\xa3\x55\xcd\xae\
\x69\xc9\x4f\x86\xb3\xb6\x9d\xa5\xe0\xee\x20\xc8\x86\x1f\x2b\x9b\
\xc7\xc3\xba\xaf\xe6\xf9\x92\x4e\xd7\xf6\xb9\x5e\xc5\xfb\x47\xba\
\xb7\xf7\x88\xc8\x9b\xf0\xaf\x44\xf6\x35\xba\xf2\xc7\x65\xf8\x7d\
\x6f\x2f\x27\x32\x28\x5f\x1c\x98\xb2\x5b\xad\x18\xbc\x35\xc3\xff\
\x00\x57\xb1\xe6\xd7\x47\x76\x4e\x0a\x4e\xd4\xee\x66\x8e\x5e\x1e\
\xe9\xce\x4a\xe2\xf7\x45\xfc\xd6\xb5\xf2\x3e\x7b\x93\xa9\xea\xf2\
\xac\x6d\xcc\xcd\xcc\xc8\x6b\xd8\xac\x63\x9b\x26\xc8\x8a\xb7\x4a\
\xbf\x33\xa2\x76\xc9\x92\xae\x7f\x89\xc8\x49\xed\xab\xe7\x97\xf9\
\x9c\x29\x49\xb7\xb1\x96\x59\xfb\x6b\x86\x14\xfa\x86\x22\xe9\xcd\
\xcf\x6c\x72\x66\x63\xc4\xc9\xdb\xc3\xbc\x88\x8a\x8a\xdd\xde\xdf\
\xfa\xbf\xc8\xd3\xcd\x9b\x8b\x0e\x8e\xb8\xd8\xd9\x91\x2a\x48\xae\
\x55\x7d\xfc\x30\xf1\x79\x9f\xfd\x3d\x0f\x25\x26\x97\x02\xc2\xe9\
\x5e\x9e\x65\x6a\x3d\x8f\x47\x7c\x4f\xfc\xaa\x74\xe2\x41\x0e\x46\
\x9b\x73\x3a\x44\x77\x12\xd2\x27\xe0\xf6\xf9\x19\x4e\xac\x4c\x5c\
\x36\x8d\x3a\x9a\x7b\x4c\x9d\x6f\x46\xc6\xc9\x96\x16\x64\xc9\x33\
\x5b\x12\x48\xfe\xe1\xbb\x39\xbf\x3f\x45\x4e\x87\x08\x7b\x5f\x83\
\x8e\x99\x7d\xcb\x72\x32\x25\xe7\x12\xa2\x79\x5e\xd5\x4f\x85\x3e\
\x5e\xa7\x8c\xc7\xc5\x7e\x5b\x20\xc6\x6f\x13\x63\x55\xe1\x73\xa3\
\x4e\x69\xd1\xc6\xe6\x18\xdb\xdc\xbd\xd1\xe3\x3e\x44\x8f\xc9\x7f\
\x0f\x7a\x88\x67\x96\xa4\xc7\x86\x91\xa7\x7c\x37\x0d\xed\xe4\x18\
\x38\xa9\xdd\x69\x2f\x7a\xc5\xc2\x91\xbe\x59\x69\x25\xbf\x8a\xd7\
\xd2\x8e\x39\xbf\xc6\x07\x43\x1c\xad\xc3\xd3\x62\x55\x5a\x5c\x67\
\x3d\x55\x78\x93\xf1\x23\xb6\xdb\xd8\xc5\xc3\xc0\x8e\x58\x5c\xf7\
\xe3\xb5\xcf\x72\xda\x46\xee\x4c\x6f\x44\x43\x55\x97\xa2\xbf\x2e\
\x15\x74\x38\xf0\x77\x49\x33\x91\x1a\xd7\x27\x1b\x56\xb6\x5f\x97\
\x33\x5d\x1e\xa2\xe6\xb2\x65\xad\xd3\x4c\x45\xc3\x6f\x97\xfc\x57\
\xd6\xe4\x93\x21\x98\x98\x70\xc4\xd9\x22\x47\xe3\xb9\x5b\x6b\x13\
\x93\xe2\xe2\xea\x8a\x62\xcf\xfc\x47\xed\x46\x52\x39\xf1\xbe\x38\
\x22\x96\x1e\xed\xf0\xd2\x22\xc2\xff\x00\xd5\x6a\xff\x00\x91\xe5\
\xd9\xe2\x5a\xbd\xcf\x14\x6d\xe1\x4a\xb7\xa6\xe7\x77\x9b\x21\x15\
\xc8\xf8\xfb\xd5\xd9\xd5\xe8\x87\xa5\x18\xc5\x38\x1b\x47\x76\xbf\
\xb5\x8f\xcc\xc6\x9d\xfa\x9a\xab\xe1\x62\xc4\xb5\xfc\xb9\x5b\xf9\
\x9c\x9f\x98\xd6\x65\x6a\x3a\xe2\x63\x36\x39\x35\x3c\xb7\x33\x16\
\x5e\xf7\x1d\xeb\x2e\xfc\x4b\xcf\x89\x7a\x7b\x1d\xb1\x40\xf7\x36\
\x38\xe3\x7b\xa4\x57\x26\xca\xa9\xc9\x3e\x46\x5e\x2e\x93\x33\xb3\
\x32\x99\xc4\x8e\x6c\x0e\x6f\xfb\xcf\x1a\x2c\x68\xb5\x76\xa9\xf9\
\x57\x97\xec\x67\xab\xab\x86\x94\x5e\x52\xb6\x18\x65\x9c\xf1\x0d\
\x34\xd3\x4d\x9d\x3e\x53\x64\xcc\x9a\x56\xe5\xb9\x24\x99\x8b\x27\
\x96\x47\xf5\xf6\x3a\xdd\x1e\x4c\xaf\x6e\x4a\xe6\xc8\xec\x86\x27\
\x74\xe9\x2e\x97\x83\x97\x07\xc8\xf6\x71\x47\x83\xa9\xe4\xf8\x59\
\xb0\xa1\x83\x29\x61\xe1\x6b\xda\x9c\x31\xa3\x55\x52\x97\xe6\x68\
\xb2\xb4\x49\xf0\x72\xa7\x86\x78\x1c\xf4\xc6\x72\x36\x49\x17\x66\
\x2d\xf2\x53\x2d\x0e\xa3\x0d\x5e\x3c\x4a\xfa\x9a\x59\x61\xcb\x54\
\xfd\x3f\x19\x90\xc8\xc4\x7c\x6e\xe2\xf3\x32\x26\xbe\x91\x1d\xec\
\x9e\x81\xb1\x42\xb9\x51\xc9\x33\xa3\x47\xb2\x93\x74\xe4\xbe\xe6\
\xc6\x1c\x38\xd5\x64\x6a\xc3\xba\x39\x29\xca\x6d\x34\xdd\x2b\x8b\
\x54\xf0\xf9\x58\xc8\xe8\xe4\x4e\x2b\x5e\x9e\xdd\x55\x4d\xb5\x33\
\xc7\x4e\x2f\x26\x78\x63\x96\x73\xc3\xce\x2e\x1a\x26\x24\xd2\xc8\
\xae\x58\xbb\xde\x16\xca\xc6\x2f\x99\x57\xd0\xab\x14\x6b\xdd\x35\
\x21\x56\xba\x25\xd9\x5c\xda\x54\x3d\x6e\x14\x7a\x86\x2c\xaf\xc0\
\xc9\x6a\xc9\x0b\x5c\x89\x04\x68\xcf\x34\x5e\x65\xab\xf7\x3b\x33\
\xf4\xfc\x5d\x47\x58\xcc\x6e\x2e\x72\x33\x2e\x16\xb7\x8e\x37\xb2\
\x91\xcf\xff\x00\x43\x97\x0e\xaf\x19\xca\x62\x7c\x7b\x74\x65\xd3\
\xe5\x18\xc4\xc3\xcb\xa4\xd2\xb9\xdc\x5d\xc3\x91\x95\xc2\xa9\x49\
\x66\x4e\x99\x89\x91\xa9\xe4\xb7\x19\xd1\xf1\x31\x89\xc5\x6a\xdd\
\xe3\x4f\x55\x53\x2f\xec\xbc\xf9\x33\x17\x11\xdc\x3c\x6c\x5e\x19\
\x55\x89\xb2\x19\x5a\x9c\xf0\xe9\x58\xcb\xa4\xe9\x72\x2a\x4c\xed\
\xb2\xf3\x3d\x6f\xf2\xfc\xce\xcb\xbf\x0e\x6a\xaf\x2f\x3f\x99\x95\
\xdd\x6a\x79\x30\x69\x68\x90\x60\xb5\x51\xae\x62\x7c\x0e\x7a\x25\
\x71\x7b\xaf\xb9\x8f\x23\xd7\xe2\xef\xf2\x55\x55\x37\x6b\x76\xfe\
\xa7\x7a\x60\x70\xc7\xc5\x1b\x29\xb1\x27\x93\x7d\xd5\x4e\x6e\xc7\
\xe1\x44\x7a\xed\xc4\x9c\x4a\xa9\xf8\xbd\x8b\xc3\x39\x9b\x60\x44\
\xe9\x22\x7b\x9d\xc1\x22\xab\x7d\x5c\xe3\x92\x2b\x1f\x90\xb2\x24\
\x69\xde\x26\xcc\xf3\x19\xac\x83\xee\xd9\x2b\xd2\xd5\xef\xdd\x17\
\xaf\x43\xb1\x98\xc8\xb2\xbd\x79\xca\xe4\xf8\x11\x37\x6a\x7a\x16\
\x29\x83\x1d\xf7\x5c\x0c\x8d\x1a\x9b\xa5\xb5\x57\xcc\xbe\xa4\x6a\
\xe4\x23\x9b\xf0\xa3\x15\x29\xb5\xb7\xff\x00\xe9\xb2\x6e\x3f\x03\
\x38\x2e\xe4\xe4\xd6\x9d\x89\x8d\xc0\xa9\xc6\x89\xde\xb1\xbc\x3e\
\x5d\xd2\x3f\xfd\xc8\xb2\x9a\x79\x59\x2f\x79\xe5\x54\xe9\x5e\x87\
\x54\xeb\x92\x8e\x7f\x04\xaa\xd5\x6a\x5a\x2a\x36\xbf\x63\x69\xdc\
\x27\x76\xf4\xae\x24\xfc\x46\x34\x91\xc6\xcd\xbc\xee\x6a\xa5\x57\
\x34\xfd\x89\xb4\x78\x68\x33\x5f\x93\x1c\x6c\xe2\x9e\x4f\x3b\xda\
\x8e\x4e\xbb\x9f\x59\xd5\xb2\xb3\xa0\xd5\x58\xdc\x6c\xcc\x98\x58\
\x98\xd1\x2a\x24\x4f\xe1\x4f\x87\xa1\xf2\xad\x4d\xab\xc5\x8e\x8d\
\x65\xfd\xe3\x78\x51\xdf\x3f\x53\xeb\x5d\xa1\xc4\x92\x77\xc1\x3f\
\x07\x03\xd3\x1a\x35\x7a\x2f\xcb\x92\x1c\x1d\x6f\x13\x8f\xee\xee\
\xe8\xe2\xe2\x69\xaf\x67\x68\x75\xe8\xa4\x73\x7e\xd7\xc9\x47\x6c\
\xad\x57\xfe\x25\xe8\x67\x45\xdb\x2e\xd1\xb7\xca\xb9\x91\x3d\x7f\
\x12\xcb\x12\x55\x9a\x69\x58\xd9\x18\x9d\xd5\x3a\xb6\x7a\x2a\xd2\
\xb3\xdc\xc7\x7a\xb5\xf2\x35\xcc\x6a\xc7\x2b\x7c\xa8\xc7\xae\xce\
\x4e\xa7\x1d\x3a\xab\xdb\xd3\x33\xf8\x83\xae\xfc\x4f\xc6\xc2\x91\
\x5a\x9e\x55\xe1\x54\xf9\x99\x71\x7f\x12\xf3\x5a\xdf\xbe\xd1\xf1\
\xd5\x17\xd5\x92\xff\x00\xec\x78\xe6\xb9\x16\x55\x5f\xc7\x6b\xc6\
\xd5\xe6\xd5\x3a\xd1\xa8\xc8\xb8\x51\x6d\x5c\xbd\x49\xdb\x08\x7b\
\x74\xfe\x22\x61\x53\x1d\x36\x93\x94\xab\xd1\xaf\x6a\xd7\xc8\xc9\
\xc6\xed\xd7\x67\xe9\xdd\xe6\x26\x4c\x48\x8b\x7b\xc4\xd5\x44\x5e\
\xbb\x29\xf3\xc8\xd1\xd2\xab\xd9\x2a\x70\xd7\xc2\xe6\xae\xd6\x49\
\x38\x5a\xce\x27\x53\x5e\xd4\xe1\xe1\x6a\xff\x00\x89\x59\xd3\xc6\
\x53\xbb\x2f\x6f\xa1\xbf\xb4\x3d\x98\x9a\x64\x93\xc5\xb6\x36\x49\
\xf1\x36\x5c\x67\x53\xbf\x74\x3c\xff\x00\x6d\x33\xf4\x1c\x4d\x23\
\x1b\x53\xd2\xa7\x64\xd9\x50\x3d\x1a\xe8\xe1\xe2\x6a\xac\x0b\xf1\
\x7a\x1e\x69\x8c\x55\x72\xda\x2e\xff\x00\x13\x5c\x73\x87\xb9\x63\
\x91\xb4\xaa\xd7\x22\xf1\x5a\x7f\x31\xbd\x3e\x64\xe1\x86\x38\xe5\
\x72\x65\x96\x53\x1c\x4b\xd3\xf8\x4d\x37\x5a\xc1\x83\x53\xc3\x92\
\x29\xe1\x91\xed\x73\x22\x45\xe1\x54\x4f\x54\x77\xf7\x91\x79\x9c\
\x73\xf1\x71\x67\x76\x66\x4c\x8f\x81\xf3\xc6\xf4\x6c\x6c\xe3\x46\
\xab\x51\x51\x3d\x3f\x63\xc2\xe1\xe6\x64\xf6\x23\x50\x7e\x44\x71\
\xae\x5e\x89\x33\xea\x68\xff\x00\x4d\x57\xa1\xf4\x05\x93\x42\xd7\
\xb1\x1b\x97\x8c\xc8\xf2\x5a\xf6\xa5\x4a\xcf\x8a\xeb\x66\xbb\xa5\
\x11\xab\xa5\x38\x4e\xe8\xf0\xbe\x9e\x51\x94\x57\xdb\xa2\x6d\x1a\
\x67\x61\x44\xcd\x3e\x79\xa3\x9b\x21\xcb\xdf\xe4\x23\xaf\x7a\xaa\
\xbe\x94\xbc\xbd\xce\xa6\xe3\xbe\x08\xe3\x89\x66\x92\x08\x30\xe4\
\xe3\x64\x51\xda\x33\xbc\xaa\x47\xa7\xc9\x77\x36\x69\xa5\x26\x3c\
\x18\xea\xb2\xbe\x55\x76\xed\x85\xae\xe1\x67\x12\x7a\xa7\xec\x61\
\xa4\xd8\x6b\x91\x24\x2d\x7c\x8a\xd7\x2f\x14\xae\x7e\xed\x45\xf5\
\x69\x94\x67\x35\xc4\xaf\x3a\x78\xdf\x86\x7b\x7e\xd2\xf0\xd9\xda\
\xaa\x67\xcd\xe3\xf3\x9b\xc2\xc9\x11\xeb\x4c\x6f\xa2\x23\x7a\xa1\
\xa9\x7e\xb3\xa8\xc1\xaa\xc4\xe8\xf3\x32\x1f\xe1\x58\xac\x65\xa6\
\xf3\xba\xe9\x38\xff\x00\x63\xd3\x62\xb3\x89\xd1\x40\xd9\x7b\xbe\
\xea\xdf\xdd\x3b\x93\x5a\xbf\x89\x0d\x66\x6e\x9e\xec\x48\x20\xe1\
\x99\x92\xa3\xde\xe7\x77\x88\x9e\x6d\xd4\xac\x6b\xe7\xe2\xd7\xcb\
\x43\x0a\xba\x6b\x7c\x76\xa9\x1c\x0c\xcd\x73\xb8\xf5\x4c\xa9\x3b\
\xb7\x49\xf0\xc7\x0c\x7e\x6b\x4e\x1f\x55\x4b\x4d\xcc\xfd\x1b\xb4\
\xf9\xd0\x76\x77\x31\xbd\xd4\x0f\xc5\xd2\xf8\xa0\x64\x97\xe7\x91\
\xeb\xea\xa9\xd2\xd4\xf3\x5a\x8b\xf2\xb1\x9a\xc5\xc7\xe2\x91\x52\
\x5e\x25\x45\x5e\x75\xcf\xfc\x8c\xd8\xa4\x4c\x6c\x98\xe4\x76\x2a\
\xae\x0e\xa3\x4f\x8d\x2f\x65\x9d\x36\x56\xaf\xcd\x15\x57\xf6\x37\
\x8d\x6c\xf6\xdc\xb0\xed\x61\x6e\xe8\xf5\x7e\x1d\x77\x46\x87\x2a\
\x16\xc5\x23\x71\xdf\x97\x94\xd4\x5b\x6a\xad\x6d\xf3\x39\xeb\x3d\
\xae\xc3\xc8\xd2\x1c\x99\x71\x49\x0a\x64\x4a\x8f\xe0\x55\x45\x5e\
\x14\xeb\x47\x46\x43\xf1\xa6\xed\x3e\x9e\xc4\x63\x92\x26\x31\x5a\
\xf4\x7a\x7c\x4f\x5d\x91\x89\xed\x6b\x46\x2e\xa7\x83\x85\x97\xac\
\xc5\x83\x23\xe3\x8b\x26\x17\xba\x47\xdb\x7c\xb1\xc3\xfe\xa4\xc6\
\xbc\xcd\x59\x3a\x31\x17\x4d\x6c\xff\x00\x65\x39\xca\xc4\x7e\xaa\
\xc4\x4e\x4e\x7e\x35\xdf\xd0\xed\xc6\xc1\x66\x42\xba\x2c\x7c\xac\
\xf5\x77\x0e\xdf\xee\xaa\x9b\x7c\xcc\xa6\x4d\xab\xcf\xaf\xea\xd8\
\x90\x65\x67\x3a\x5c\x34\xe2\xf0\xe9\x3d\xb3\x87\xaa\x3b\xfc\x8e\
\xde\xcf\xf6\x93\x51\xcc\xc3\xcb\x74\x7a\xbe\x74\xee\x6b\xa9\x88\
\xe7\xd3\x91\x51\xbb\xa7\xec\x37\x65\x11\xe1\x7e\xd6\x37\x51\x2d\
\x36\x1f\x63\xbe\xd8\xc9\x95\x9a\x3e\x46\x42\xcf\x05\xf7\x92\x70\
\xf0\x35\xaa\x9c\xd1\x3d\xf7\x3d\x3e\x95\xd8\x0d\x69\x20\xbc\xce\
\xd0\xe4\xe2\xc7\xf8\x63\xef\x15\xcb\xcb\x99\xb6\xec\x86\x5a\xc9\
\x85\x1b\x9c\xf5\x73\x65\x6a\xb9\xd2\x52\x27\x1b\x95\xcb\x6e\xae\
\xbb\x57\xec\x7a\x57\x4e\x89\x1b\x9e\xd7\xbd\xdc\x3b\x22\x72\xa4\
\x30\xd4\xea\xb3\xf1\x0b\xe3\xd2\xe3\xe5\x85\x26\x9b\xe0\xb1\xd9\
\x8f\x1b\x9c\xe5\x8e\x3f\x2b\x97\x7e\xf1\xd5\xcd\x48\xdc\x06\xf7\
\xd8\x8c\xe2\xe0\x6f\x0f\x0b\xa3\x56\xed\xcb\x91\x97\x22\xab\x5b\
\xc5\xc6\xe7\x22\xb6\xe9\x79\x9d\xce\x7b\x7e\xe9\x8d\x7a\x22\xf3\
\xe0\xf4\x55\xf9\x9c\x7c\xcc\xdc\xba\xfc\x63\x4f\x9f\x49\xa4\x7d\
\x9d\xad\xbf\x0e\x2c\xe9\x22\x5f\x34\x8d\x54\xf3\x31\xb4\xe5\xa6\
\xf0\xf4\x30\x3b\x69\xac\xe7\x4f\x16\x26\x2c\x0d\x85\x9a\xbb\x9f\
\xe1\xdc\xc6\xa5\xb6\x58\xdf\xc9\xcd\xf6\xf2\x99\x9a\xe2\x26\x17\
\x6a\xbc\x42\xa3\x9a\xe5\xb5\x6a\x37\x74\xa5\x3c\xff\x00\x6a\x31\
\xfc\x5f\x69\x34\x27\xba\x54\x45\x96\x47\x79\xe3\xe6\xd6\xd2\x1d\
\xba\x15\x3a\x91\x39\x7a\x71\x6a\xfc\x26\x21\xbd\xc6\xc0\xfb\x33\
\x06\x1c\x25\x73\x97\x21\x29\xcf\xae\x4e\x54\xe6\xbf\xb1\x81\x9d\
\x97\x99\x83\xa6\xb9\xee\xe0\xf1\x93\xbe\xa1\x8d\x79\xb9\x6f\x65\
\xf9\x21\xb2\x9f\x56\x85\xb8\xf2\x4b\xc0\xd5\x92\x15\xee\x23\x6d\
\xd7\x78\xbe\xb7\xed\xeb\x7e\xc7\x95\x8a\x2c\x9d\x6b\x52\x76\x66\
\x56\x23\xe7\xd9\xd1\xe3\x3d\x55\x59\x12\xf5\xdf\x9f\x0a\x7d\x48\
\xd2\xc2\x72\x9d\xf9\xf8\x4e\x73\xb6\x22\x31\xf2\xda\x2e\x36\x0e\
\x2e\x81\x98\xf9\x26\x63\xb3\x97\xcf\x3c\xee\xfe\xd1\x6f\x91\x19\
\x2f\x7a\xe6\xe6\x69\xb8\x12\xae\x3c\xe8\x8d\x6c\xd2\x79\x51\x16\
\xb7\xa6\xfa\x9c\x66\xd1\x71\x34\x8c\x69\x9f\x98\x92\x67\x62\x24\
\x55\x23\xa6\xb5\x58\x1c\xa9\xb3\x91\x3a\x19\xf8\x2a\x9f\x62\xe1\
\x77\x8d\x7b\xd8\x91\xc7\x68\xf7\x6e\xcd\xb9\xa1\x6d\x49\x88\xc7\
\x74\x72\x8c\x62\x6e\xa5\x87\x24\x53\x45\x9b\x8f\x17\x72\xb1\x5b\
\x5c\xab\xea\xe5\xea\xa9\xfd\x4e\xc8\xa4\x5c\x5e\x3c\x66\xe9\xf2\
\xb5\xbf\x0b\x58\xae\xf5\xeb\xf3\x36\x2b\xc7\x3b\xe6\xcc\x74\xdb\
\xc2\xee\xea\x2a\x4e\x49\xea\xa9\xef\xc8\xc0\x95\x92\xf1\x65\xcd\
\x22\x3a\x46\xf0\x23\x55\x11\x79\xad\x2e\xe6\x18\xcc\x4f\x12\xd3\
\x28\xdb\xcc\x3b\x13\x53\x9d\xb2\x47\x17\x87\xdd\x12\xb9\xfa\x9b\
\x9c\x69\x62\x8a\x38\xe6\x62\xba\x26\x39\xfb\xb5\x7d\x54\xd0\x61\
\x63\xbb\x8d\x5e\x96\x91\x36\x1e\x25\x55\xe4\x89\xd5\x4d\xa3\x73\
\xa0\x5d\x06\x39\x71\xe1\xe3\x73\xbc\xb1\xb5\x53\x75\x5e\xbf\x22\
\xb9\x47\xd4\x43\x4d\x39\xf6\x6a\x73\xb7\x53\x9d\x91\xc8\xc5\x48\
\x99\xbc\x88\xae\xff\x00\xe6\xe6\x14\xf1\x62\x69\x38\x8c\x9e\x39\
\x5e\xee\x2f\xc2\xa9\x7b\xfa\x20\x9b\xba\x8b\x25\xe9\x2c\x8d\x91\
\xf4\xd5\x72\x56\xc9\xea\x35\x37\x77\xd1\x45\x2c\x12\x46\xf6\xbd\
\x5a\x9d\xda\x73\x6b\x53\xa9\xa6\x33\x4c\xf2\xa9\xb9\x79\x9d\x47\
\x32\x55\x9a\x47\x71\xdb\xa5\xf3\x52\x2e\xcd\xf6\x3a\x31\xb2\x9c\
\xe6\xf9\x37\xee\xed\xee\x54\xdf\x8b\xe4\x67\x65\x69\xe9\x95\x3b\
\x5e\xf4\xe1\x8a\xd7\x85\x13\xf1\x57\x33\xa6\x14\xc7\x85\x1f\x1c\
\x6f\x72\xc8\xc4\x57\x70\x35\xb6\xaa\x9d\x0e\x98\xdb\x38\xd4\x39\
\x66\x26\xde\x9b\x42\x66\x3b\x34\x8c\x89\x18\xe5\x47\xb6\x35\x73\
\xdc\xff\x00\x54\x31\xa0\xc1\x8f\x1e\x06\x66\x2c\x6f\xc6\xc7\x91\
\x97\xee\xe5\xf5\x72\xa7\xb9\xa6\xc4\xd4\xa5\x6a\x42\xcd\xdb\x13\
\x9a\x8f\x56\xf0\xfa\x7b\x9e\x9d\xda\xa3\xe7\x99\xb9\xd9\x75\x3f\
\x0a\xa2\xf7\x5c\x29\x48\x9e\xde\xc7\x3e\x71\x96\x3c\x7b\x74\x63\
\x38\xe5\x11\xfc\x1a\x86\xce\xc8\xf1\xb2\x13\x19\x9c\x18\xf3\x3b\
\x65\x77\x35\x54\xe4\x60\xbf\x11\x1b\xa7\x66\x46\xf9\x18\x8b\x2a\
\xb5\x78\x5f\xce\x67\xa7\xe1\x6a\xfa\x22\x1d\xee\x73\xb5\x19\x5b\
\x8b\x17\x0f\x79\x03\x9e\xf7\x39\x7e\x15\x6a\xf2\xa4\x35\x7a\xd2\
\xce\xb9\x51\x47\x22\xac\xaf\x63\x3c\xd1\x31\xbb\xf0\x73\xe2\x44\
\x37\xd1\xc7\xf2\x63\xa9\x2f\x61\x05\xb5\xd0\xc5\x8c\xe6\xcf\x90\
\xe8\xdb\xdf\xc8\xe7\x79\x62\xa4\xbf\xff\x00\x54\x43\x2f\x37\x56\
\x73\x30\x99\x1c\x6b\x22\x35\xdc\x52\x78\xb5\x5a\x62\xb5\x39\xa2\
\x7c\xd4\xc1\xd0\x74\x1c\xed\x43\x4b\xc6\x91\x71\xa2\x7e\x3b\x9b\
\x6e\xe0\x7f\x0a\xab\x3d\x11\xdd\x7e\x46\xcb\xb4\xd8\x32\x4b\x26\
\x99\xa6\x46\xc8\xf1\xe3\x8a\x07\xe4\xbf\xbd\x77\x26\xb7\xd2\x8c\
\x2b\x19\xd4\xa7\x46\x33\x94\x61\x6d\x16\x13\xb2\xf5\x96\x71\xe4\
\xef\x14\x0d\xf2\xc6\xce\x6a\xbe\xaa\xbf\x21\x95\x89\x13\xf2\x3c\
\x34\x2f\x6a\xb1\x1a\x8e\x92\x44\xe6\xcb\x35\x52\xeb\x99\x10\xe7\
\xff\x00\xba\x64\x3a\x3c\x34\xa4\x7b\xeb\x7e\x1f\x53\x37\x0d\xee\
\xc8\xcd\xcd\x92\x48\x51\xbd\xe4\x89\xc0\xc7\xa3\x91\xca\x9f\xb1\
\x7c\xb0\x98\xfc\xa5\x9c\x65\x13\xf8\xb8\x4d\x03\xe1\x54\x47\xab\
\x51\x11\x2d\xaf\xaf\x8b\xaa\x13\x23\x15\xb9\xb8\xee\x5c\x89\x97\
\x1e\x3f\x8a\x38\xd3\xf1\xaf\xa5\xfb\x29\xd7\x9b\xe2\x32\x3b\xcc\
\x66\xe4\xa3\xbb\xb5\x59\x12\x93\x92\x7f\x9d\x99\x98\xac\x6e\x6c\
\xf8\x6c\xef\xd9\xc3\x24\x4e\x7c\xae\x5a\x46\xa3\x5a\x96\xa8\xbe\
\xfd\x10\x44\x4c\x72\x8e\x25\xd5\x02\xe3\xc1\x97\xc3\x1b\xd5\x62\
\x6c\x48\x8a\x88\x9b\xb1\xcb\xe8\x6d\x72\x31\xb1\xb1\xa2\x8e\x17\
\xb9\xf1\xbe\xb8\xab\x9a\x55\x1d\x98\xba\x76\x46\x4e\x94\xd9\x23\
\x64\x71\xcd\x90\x8b\x3b\x7c\x9f\x85\xab\xb2\x7d\x0d\x24\x7a\xac\
\x49\x95\x24\x92\x3a\x49\x55\xff\x00\x0b\x57\xf3\x2f\xa2\x14\xa9\
\xca\x78\x5e\x7f\x18\x74\xc5\xdd\x64\x4e\x98\xac\x95\x62\x93\x8d\
\x57\x8d\x89\xf0\xb7\xaf\xee\x6c\x58\xf8\xf0\x1a\xc9\x20\xd5\x64\
\x4c\x95\x6d\xb3\x85\xeb\x51\x37\xa7\xcc\xd4\x35\x1f\x84\xf9\x25\
\x47\x32\x16\xb9\xaa\xae\x47\x2e\xe4\x7c\xdd\xcf\x03\xd2\x27\xcd\
\x68\x94\xae\xd9\x1c\xef\x44\x4e\xa6\xd3\x13\x3e\x19\x44\xb6\x53\
\xea\xba\x9e\x4b\xbb\xa7\xea\x19\x12\xab\x92\xbc\xfb\xf9\x54\xcd\
\x8b\x51\xce\xd2\x1c\xa9\x1e\x54\x0e\x7b\x1a\x8d\x8a\xdb\xbd\x2f\
\xa1\xa6\x86\x3c\x88\x1c\xef\x11\x23\xdb\x22\xaa\x39\xe8\xdf\xf0\
\x32\xf3\x11\x1b\x92\x93\xcc\xf6\xf0\x48\xde\x06\xa3\x53\xf1\x14\
\xb9\xdd\x49\x8f\x0d\x96\x67\x68\xf2\xf5\x36\xa3\x24\x82\x39\x57\
\x86\xa9\xbb\x2b\x8c\x1c\xad\x77\x25\x22\x64\x4d\x89\xf0\x44\xd6\
\xf0\x23\x11\x77\x4e\xaa\xa7\x4c\xb2\xba\x2c\x7c\x46\x62\xc2\xb1\
\x3d\x15\x5c\xe9\x5d\xf1\x52\x72\x5f\x63\x8b\x24\x8e\x49\xa1\x7e\
\x52\x37\xe2\xf3\xb9\x5d\xc9\x3d\x55\x4b\x5c\x8d\xac\x5a\xdc\x49\
\x82\xc6\x42\xb9\x31\xa5\xf0\xab\x9f\xf8\x6b\xa1\x8d\x99\xac\x3e\
\x5c\x98\x9d\x2e\x4b\xe7\xa6\xa3\x1a\xa9\xce\x36\xfe\x63\xa3\x3b\
\x54\x5c\xb6\xc9\xdc\xb6\xb8\x9d\xc4\xed\xb6\x6a\x7a\x51\xd2\xc7\
\x35\x23\x5c\x97\x70\x24\xaf\x5e\x04\x8d\x89\xb2\xb5\x3d\x54\x88\
\xca\x53\x3e\x9b\xed\x4a\x5c\x5d\x3e\x2c\x79\xf0\x1c\xc5\x8a\x66\
\x54\xab\xc5\x6e\x6f\xba\xf4\xbb\x30\x70\x9e\xec\x88\x9b\xa5\x44\
\xc6\xb1\x1e\xf5\x5e\xf1\x39\x2d\xfe\x1b\xf7\x35\x19\x99\x0d\x59\
\xf8\x9d\x8e\x8e\xef\x19\xc1\xc0\x89\x5f\x23\xbe\x2e\xf3\x1f\x89\
\x9d\xcb\xd8\xab\x17\x13\x5a\xd7\x57\x0a\xa7\xe2\x2f\x39\x70\xab\
\x71\xf6\x1f\x81\x95\xf7\x17\x74\x8a\xa8\xaf\x91\xeb\x48\xd4\xe9\
\xf2\x30\x1f\x12\x64\xbd\xcd\x49\x38\xe6\x47\x7d\xda\x2a\x57\x03\
\x3d\x1d\xf2\x30\xb2\x33\x26\xc9\x91\x91\xc9\x24\x8e\x63\x9a\x88\
\xad\x57\xab\x94\xe5\x87\x92\xe6\x66\xa3\xd2\x47\x49\x23\xa3\xe1\
\x7e\xdf\x85\x39\x20\xb4\xdb\xd1\x69\xcc\x66\x2c\xc8\xc4\x5b\x97\
\x8f\xcc\xf4\xfc\xbe\xe7\x7e\x7e\x16\x04\xfa\xac\xac\xef\x9b\xe1\
\x9b\xc3\x2b\xda\xd5\xf8\xbf\xbb\x7e\xbb\x9e\x6f\x07\x2f\x21\xf9\
\x8f\x9d\xf3\xf0\x71\x3a\xd5\x1e\x9b\x2f\xec\x77\x47\xa8\xaa\xe5\
\xb2\x77\x46\xc9\x21\x89\xce\x73\x95\x13\xe2\xf4\xa1\x13\x49\xe1\
\xee\xe1\xed\x2c\xac\x8d\x98\xb8\x18\xbc\x78\xf0\xa7\xde\x2d\x79\
\x5a\x9e\xc6\x57\xdb\xf9\x78\xeb\x1c\xb9\x79\x8c\x8b\x1e\x55\xa8\
\x98\x8e\xa7\x27\xcc\xf1\xcf\xd7\xbb\xa6\xa4\x0d\xc6\x93\x1b\x19\
\x19\x7d\xdb\x24\xe2\x57\x39\x57\x64\xbe\x86\x26\x6e\x46\x81\x97\
\x3b\x24\xcf\xc6\xcb\x7b\xdb\xb3\x62\x47\xf2\xfe\x85\xa3\x24\x4c\
\x42\x76\xdb\x3f\x1b\xb4\x7d\xaa\xef\xd5\xfd\xee\x14\x11\x36\x18\
\xa4\xfc\xd5\xcd\xc9\xec\x6a\x9b\xa4\xe0\x2b\x1c\x8d\x85\x1c\xdf\
\xc4\xa9\xd0\x91\xc6\xed\x9a\x8c\x54\x8e\xd5\x5b\x1f\xe4\x43\x8c\
\x6e\x91\xd1\x3a\x27\x22\xdb\x57\xca\xeb\x27\x2d\x4c\xe7\xed\x48\
\xc6\x23\xe9\x92\xed\x03\x4e\x58\x98\xad\xd9\xa9\xe6\xf2\xf3\x5f\
\x63\x8b\x3b\x33\x0b\xd5\xe8\xd7\xad\xa7\xc3\x69\xcc\xef\x59\x7c\
\x23\x7b\xb6\x31\x5c\xaf\x4b\x76\xf6\x5e\xfe\x57\x37\xba\x44\x56\
\xb9\x29\xc8\xc4\x5e\x68\x65\xdd\xd4\x8f\xb5\xf6\x61\xe9\x82\xce\
\xcf\xbe\x5c\xac\x76\x39\xd0\xc7\x07\x7a\xd6\xc8\xf5\xf4\x6d\xee\
\x6d\xf2\xf5\xee\xd3\xe0\x6b\x39\x52\x61\x6a\x39\x0d\x63\xa9\x91\
\xac\x7e\x66\x35\x8d\xe4\x8d\xe8\x63\xc4\xa8\xc6\xab\xa4\x4e\x2e\
\x25\xa4\x65\xfa\x9c\xe6\x9a\x6c\x3b\x8b\xbc\x74\x6d\x72\x71\xf0\
\xb7\xe8\x69\x1a\xf9\xdd\x9d\xbc\x76\xd3\xa7\x49\xd7\xf5\x7d\x3f\
\x57\xcd\xed\x5b\x9e\xfc\xcc\xd8\x15\x90\x3d\x25\x45\xfb\xd5\x77\
\xa7\xce\xa8\xfa\x6e\x37\x6f\x67\x74\x1f\xfd\xc7\x4e\x97\x06\x7a\
\xb5\x64\x8c\xe2\x46\xf4\x5b\x43\xe6\x0c\x89\xf9\x11\xbb\x29\x99\
\x4f\x83\x81\xc8\xe5\x44\x4b\x6b\x9f\xd5\x53\x91\x9c\x99\xea\xe6\
\xf7\xb1\x65\x65\xc4\xe7\x2e\xe9\x04\xef\x6a\x39\x7a\xf0\xaa\xaa\
\x7d\x09\xcf\x53\x72\x31\xd3\x8f\x2f\x7b\x93\xdb\xad\x49\xb9\x3a\
\x5e\x3e\x0c\x10\x66\xa4\xee\xe1\xca\x9d\xa9\x4d\x8d\x15\xc9\x4e\
\x44\xf9\x59\xb5\xd4\x3b\x7f\xd9\xad\x39\x59\x59\xc9\x96\xae\xc8\
\xf0\xea\x90\x2d\xab\x64\xf7\xf6\xf7\x3e\x56\xba\x9c\xcf\x9e\x37\
\x4b\x90\xfc\x96\x36\xda\x9c\x51\x31\x8a\x8a\xad\x54\xdd\xcd\x44\
\x55\xab\xf5\x35\x18\xba\x44\x18\xf9\xb1\xca\x8f\x47\x24\x4f\xe2\
\xf8\x52\xd5\x79\xd1\x7c\x73\xc6\xbf\x25\x33\xd3\xe7\x87\xe8\xce\
\xfa\x35\x6f\x12\x4a\xca\xf5\x55\x75\x51\xa3\xd5\xfb\x6b\xa1\x68\
\x7a\x8e\x36\x0e\x5e\x74\x6e\xc8\x9d\x55\x15\x23\x77\x12\x47\xd1\
\x5c\xbe\xe7\xcd\xb4\x8d\x61\x30\xb4\xe5\xc5\xcb\xcc\xca\xc8\x57\
\x6c\xf4\x9a\x36\xbd\xaa\x9f\xd2\xeb\xf7\x3c\xc6\xbf\x16\x99\x87\
\x94\xf4\xd1\xb0\xa4\x91\xd2\xaf\x1b\xde\xb6\xb1\xef\xcd\x37\xb5\
\xbf\xdc\x9d\x29\x8c\xa6\xa5\x19\xe3\x51\x6f\xd1\x70\x4c\xcc\xac\
\x66\xe4\x40\xf6\xc8\xc7\x25\xa2\xb1\x6e\x8e\x4a\xf4\xbe\x67\xe7\
\x5e\xcc\x6a\x7a\x9c\x33\xca\x98\x9a\xfc\x7a\x3c\xcc\xe1\x73\x20\
\x97\x8b\xbb\x9b\x7d\xd3\x7e\x47\xd5\xe5\xed\xce\x0e\x8c\xd6\x33\
\x59\xce\x4c\xb9\x65\x8d\x1e\xc9\x71\x61\xfb\xb6\xf5\x45\x5e\xa5\
\xb2\xc6\xa6\x94\xc7\x29\x97\xb1\x55\xf5\x43\x82\xa9\x8b\xa5\x6a\
\x58\xba\xbe\x95\x06\xa1\x14\xb1\xb2\x29\x93\xca\x8f\x7a\x22\x99\
\x2a\xe8\x11\x8a\xbe\x26\x0b\x4f\xff\x00\x91\x0a\xdc\xa6\xe2\x5c\
\x1c\xa2\x0c\xd8\x74\xf9\x72\xb2\x72\x1d\x51\x32\x26\xb9\xd5\xcf\
\xf6\x38\xe3\x4b\x8f\x94\x8e\x46\x65\x40\xe7\x37\x7a\x6b\xd0\xc1\
\xd4\x63\x8e\x58\x26\x67\x7d\x13\x9d\xdd\xf9\x78\x64\x4e\x68\xa5\
\xb1\x99\x95\x72\x88\xa6\xcb\x2f\x5a\xd3\x73\x30\xe4\x82\x76\x4f\
\xe1\xe7\x67\x03\x9c\x89\x4b\x4a\x7c\xf3\x5c\xfe\x16\xe9\xab\xa2\
\xe4\x66\x76\x7e\x6c\xcc\x1c\xd8\xe3\x74\xb1\xab\xe4\x57\x24\xa8\
\x89\x7c\x2b\x7c\x8d\xb7\x69\x72\x5b\x06\x63\x15\x99\x88\x8e\x74\
\x0d\x47\xf0\x48\x8a\xc6\xa7\xfa\x9e\x57\x3f\xb5\x59\xfd\xdc\xd8\
\xcc\xd5\xd5\xb1\x77\x4e\x6a\xb1\x5e\x8a\x8e\xf6\x34\xc3\x74\x4d\
\xb3\xca\x31\xf1\x0f\x27\x81\xa6\xe6\x47\x8b\xe2\xde\x99\x13\xbe\
\x46\x35\xcc\x73\x9d\x6d\x8d\x17\xa7\xcc\xd9\x68\xd8\xf2\x4d\xaa\
\x41\x37\x77\x48\xc5\x77\x7b\x1c\x9f\x03\x53\xd5\x11\x3a\x9d\x58\
\xd1\xea\x52\xe8\x29\x8d\xc5\x03\x59\xc2\xca\x44\x9b\x74\x6b\x79\
\x6c\x6d\x31\x25\xd3\x34\xb6\x47\x95\x9f\xab\x2a\x48\xb6\xbd\xdc\
\x4c\xe3\x5b\xf7\xf6\x39\x7a\x89\x99\x99\xdb\x1c\xbb\x7a\x78\xc6\
\xf9\x96\x7e\x36\x46\x06\xa1\x23\xd6\x1d\x1f\xc3\xc8\xd7\x2b\x5d\
\xf7\xcb\xba\x1d\xb3\x68\x0d\x48\x9d\x23\x70\xe5\x8d\xdc\x3c\x2d\
\x72\x4e\xb5\xec\xbf\x23\x52\x9a\xce\x0c\x13\x36\x5d\x37\x25\x32\
\x1a\xe7\x71\xac\x72\x45\xc2\x97\xea\xd4\xf5\x30\x35\x4d\x6f\x3b\
\x32\x67\x70\xbe\x48\x98\xc7\x70\xb2\x36\xba\xa9\x3a\x2f\x5a\x39\
\x3b\x7a\x93\x97\xa7\x4c\xea\x69\xc6\x31\xf6\xd8\xfd\x89\xa9\xc7\
\xf1\xc6\xe6\xc8\xdf\xc0\x92\x6c\xe6\xfb\x29\xc3\x27\x4f\x95\x92\
\x4b\x1b\xa2\xcb\x83\xb9\x8b\xbd\x7a\x71\x6f\x5e\xb5\xd5\x0c\x0f\
\xf6\x97\x37\x23\x05\x70\xb3\x7c\xed\x5b\xa9\x17\x9d\x9c\xe5\xd6\
\x72\x32\x5b\x86\xe9\x9d\xde\xba\x18\xdc\xcf\x36\xea\xd6\xf4\xf9\
\x16\x8c\x33\xfb\xa6\x79\x65\x87\xd3\x8c\x11\xbe\x48\x55\x13\x26\
\x64\x67\xc4\xc8\xef\x97\xba\x9c\x9f\x88\xc9\x31\xe3\xef\x25\x7a\
\x46\xdf\x54\x76\xca\xaa\x62\x4f\x9b\x23\xd8\xfc\x74\xc7\x63\xdb\
\xc4\x8e\x6c\x9c\x34\xbf\xb9\xd4\xf9\x66\x64\x2e\xc7\x91\x56\x38\
\x11\x78\xb8\x3f\x32\x9a\xc6\x0c\xb2\xce\x1b\x66\x4d\x0a\x3d\xb0\
\xc0\xf7\x3d\xab\xce\xb9\x3a\xbf\x12\xfb\x99\x6f\xc7\xcd\xc9\x57\
\x49\xde\xb1\x15\x8d\x46\xb5\x53\x96\xfc\x8d\x1b\x32\x32\x5b\x8f\
\x1a\xb5\xaa\xc8\xd9\xcd\xbc\x28\x8b\xf3\x3b\x22\xd4\x5f\x26\x53\
\xf8\xb2\xa5\x73\x5c\xdd\xd1\x16\x91\xc8\x84\x65\x0b\x63\x97\x0f\
\x47\x8d\xa4\xea\xd8\x9e\x79\x5b\xc4\xc9\x1a\xa8\xf6\x2b\xb6\x97\
\xd9\x0e\x71\xc1\xf6\x7a\xbb\x31\xb3\x47\x34\x4e\xff\x00\x77\xcb\
\x74\x8e\xdd\x19\x5f\x02\x7b\xf4\x53\x53\xe2\x7b\xdc\x7e\xe5\xd9\
\xef\x73\xbe\x28\xe2\x95\x55\x3e\xa6\xb7\x25\xb1\xbd\x9d\xd6\x54\
\x6e\x64\xeb\xb3\x9a\x9f\x0d\x7f\xa9\x5c\x67\xda\x73\xaa\xe1\xed\
\xf3\x35\x0d\x2e\x29\x74\xd9\xa0\xc8\x8d\x8e\x5a\x73\xdc\x8b\x6e\
\x81\xab\xb5\x7c\xe8\xb1\xea\x5a\x3e\x3c\x9c\x73\xe4\x42\xe9\xe2\
\x95\xce\x8a\x4e\x2d\xa3\x6d\xed\xfd\x79\x9f\x39\x83\x1a\x08\x5c\
\xe4\x4d\xbf\x0a\xaf\xa2\xb5\x7a\x9d\xf3\x36\x2c\x59\x23\x91\xcd\
\x6b\x99\x1b\x15\xbc\x68\xde\x7e\xe6\x91\x15\x3c\x29\x19\xf1\xcb\
\xdd\x26\xbd\xa5\xc7\xa9\xf8\xc7\xe4\xf7\xf9\x16\xe7\x36\x45\x6e\
\xca\x9e\xc9\xe8\x63\xe7\x6b\x3a\x1e\x6a\xf0\xc7\x9d\x9f\x2e\x53\
\xbc\xce\x91\x36\x47\x2f\xa2\x57\xb1\xe5\x18\xd6\xc3\x0c\x7b\xb1\
\x1c\x89\x7b\xfa\x22\xfa\x7b\x9c\x17\x36\x65\x96\x36\x35\x8a\x94\
\xee\x17\xa3\x9b\x54\x9f\xb0\xda\xb6\xfe\x1b\xac\x3d\x73\x81\xd2\
\x45\x2e\x33\x73\x24\x45\xa6\x71\x7a\x75\xb3\x2a\x7e\xd9\xbd\x18\
\xd8\x64\xd3\x52\x56\xb7\xe1\x91\xce\xa4\x67\xfd\x27\x97\x64\xce\
\x5d\x55\x78\x51\x60\x91\xad\x77\x78\xd5\xdd\x13\x6d\x97\x8b\xdc\
\xee\xc8\x95\x72\x71\x63\x87\x1f\x89\x19\xb3\x9c\x8e\xe6\xab\xf3\
\x23\x6d\x65\x68\x9c\xe6\x62\x9b\x88\x3f\x88\x52\xe3\x4c\x8f\x8f\
\x44\x89\x9e\x5f\x8d\xce\xe2\x5a\xea\x60\xe6\x76\xcf\x53\xcf\x9d\
\x99\x2b\x8d\x88\xd8\x55\xd5\x6d\x62\x79\xba\x71\x7f\x81\x81\x1e\
\x34\x4f\x64\x51\xb9\xfc\x4f\x75\xb7\xbb\x4e\x6d\xf9\xaf\x43\xb6\
\x0d\x3f\xc5\x69\xf9\x10\xf1\xb1\x89\x0b\xb7\x45\x4a\xdb\xd9\x4d\
\x26\x71\x86\x55\x94\xb6\x99\xdd\xae\xd7\x72\x63\x81\x8d\x9a\x14\
\x81\x58\xac\x7b\x51\xa8\x8b\x1f\xba\x2f\x4d\x90\xeb\xc6\xd6\xb5\
\xbd\x46\x58\x9f\x9b\x9c\xe5\x73\x5e\x8c\xb5\x4e\x4c\xf6\x35\x32\
\x63\xe3\xea\x6b\x88\x98\xb9\x2f\x64\xca\xfe\xe2\x58\xd1\x29\x1d\
\x49\xe5\x5f\xfe\x74\x32\x93\x1b\x26\x39\x1f\x05\x70\x4a\xda\x6a\
\x39\x7e\x14\xe1\xe6\xa4\x6a\x47\xe3\x4b\x61\x3f\x95\xb6\x13\xe4\
\xcb\x9f\x93\x34\xb2\xe5\x4c\x89\x0b\xf8\x37\x5b\xbe\x8a\x70\xc0\
\x8d\x72\xa5\xc8\x64\xf2\xba\x4e\xf1\xdb\xb9\xfc\xdb\xf3\x39\xe9\
\xd1\x31\xee\x95\xaf\xe5\x1a\xab\x9f\x49\xbb\xd2\x8c\xb6\xba\x05\
\xd3\x65\x49\xf1\xfe\xf9\x55\xc8\xc5\x62\xf0\xed\xf3\x38\xf2\x9a\
\x75\x63\x13\x2d\x43\x96\x7c\x6d\x62\x66\x65\xc1\x78\xae\x63\xbb\
\xb7\x71\x5b\x3d\xbf\x73\xce\xc5\x3e\x43\xb5\x08\x71\xd1\xdc\x31\
\xc8\xfe\x2b\xfe\xed\xf3\x3d\x1e\xa1\x0e\x46\x2e\x9d\xde\xc5\x23\
\x1f\xc3\x5f\x72\xe4\xf2\xbd\x3e\x47\x9b\x72\xe2\xe4\x3a\x3c\x8c\
\x49\xbb\xbd\xd5\x17\x19\xee\xb7\x31\xde\xcb\xf9\x4e\xee\x9f\x08\
\xca\x26\x5c\x5a\xd9\xcc\x4f\x96\xe7\x3b\x0f\x09\x33\xdd\x1e\x1c\
\xe8\x9c\x5b\xf0\xdf\xc5\xfd\xe3\x63\x1e\x06\x97\x83\xa6\xc6\xc4\
\xca\x45\xc9\xce\x6f\x12\x2a\xa7\xf2\xfa\xfe\xe7\x87\x91\x5a\xfc\
\xc9\xe5\x7a\xab\x9b\x0c\x2a\x8d\x62\xf2\x47\x29\x62\xcf\x9e\x76\
\x31\xb4\xf4\xe1\x67\x07\x1b\x4d\x32\xe9\xb2\x9a\xfc\x94\xc7\xa8\
\x88\x99\xb8\x7a\xc9\xa2\xc0\x83\x05\xfd\xde\x57\x0b\xa3\x5a\x48\
\x55\x3c\xdf\x33\x4b\xfe\xf2\xe7\x32\x44\x4e\xee\x3e\x2b\x44\x55\
\xf3\x29\xd3\x02\xab\x5a\xd9\xd5\xbc\x72\xbd\x7c\xc8\xa9\x74\x9e\
\xca\x64\xcb\x90\x8d\x6a\x2b\x5a\x97\x77\x6a\x9c\x8d\x34\xf4\xa3\
\x1f\x3c\xb3\xd4\xd4\x99\xe6\x07\xc3\x1b\x9e\xf5\x9e\x4b\x54\x4b\
\x4a\xe5\x67\x7a\x47\x90\xec\x36\x4d\xc0\xdb\xdf\x66\x26\xe8\x87\
\x5c\x69\x8e\xe7\xa7\x7a\xb7\x69\x77\x7e\xa4\xf1\x4f\x49\xbb\xc6\
\x24\x90\xb7\x87\x85\x11\x16\x91\x7d\xcd\xb6\xc5\x7e\x2c\xb7\x4f\
\xdb\xb2\x2b\x64\x8d\x74\x88\x9c\x4f\xf4\xb3\x21\xf8\xee\x47\x24\
\xcd\x6a\x2b\x9a\xbb\xc6\x9f\x84\xd5\x46\xbd\xd4\xc8\xbc\x54\x8e\
\x5b\x54\x36\xd0\xea\x31\x45\x2b\x65\x64\x9c\x71\xc6\xda\x75\xa2\
\x35\x13\xf7\x39\xf5\x23\x28\x9e\x1b\x69\xd4\xc7\x2e\x0b\x97\x26\
\x26\x42\xa4\xb8\xaa\xc7\x4a\x9f\x87\x92\x99\x91\xb9\x99\x0c\x45\
\x6a\x2c\x77\xe5\x74\x8a\x9b\x5f\xb9\xdf\x8b\x94\xc9\x60\xee\xe5\
\x9b\x19\xf1\x4b\x6e\x57\x49\xce\x3b\xfc\xbe\xe6\x54\xda\x1c\x0b\
\x0b\x3b\x9c\xd6\xbf\x09\x13\x8a\x45\x47\x52\xb9\x3f\xe9\xf9\xd9\
\xcf\x96\x71\x7c\xc3\xa3\x1c\x38\x64\xc1\x8c\x93\x63\x31\x9d\xff\
\x00\x7c\xb1\xf9\x1d\x23\xb7\xab\xe4\x63\xcf\x89\x91\x89\xa7\xb3\
\xee\x58\xac\x8f\x64\x6a\x2e\xca\xb7\xcd\x57\xd4\xb8\xda\xcc\x1a\
\x4b\x99\x8f\x93\x0c\x8b\x03\x55\x38\x5d\x68\xaa\x8d\xbe\xbf\xe4\
\x67\xa4\xda\x33\xf1\x7c\x1b\xb2\xa7\x9e\x37\xc9\xe2\x58\xc6\xc3\
\xfc\xb6\xa2\xfd\x0c\x63\x74\x4f\x2d\xef\x1c\xa1\xaa\x4c\x8c\x7c\
\x1c\x7c\x69\x25\x64\xa8\xe9\x11\x56\x3c\x78\x7c\xaa\xa9\xfd\xef\
\x63\xb7\x11\x9c\x50\xc9\x23\xe1\x7c\x10\xdd\x4c\xe5\x75\xaa\xa7\
\xb1\x89\x9b\x2a\x7d\xae\xc9\x19\x37\x1e\x54\xea\xd6\xa6\x3b\x9b\
\xe5\x67\xee\x7a\x26\x64\xb3\x19\xcb\x1e\x2e\x0c\xf2\xa7\x78\xe4\
\x74\x8e\xaf\x35\x6c\xbf\xb1\x6c\xf8\x8b\xf6\x8d\x2e\x66\x62\xd8\
\x71\x66\xc1\x94\xe7\x42\xe8\x5d\x13\x37\xe1\x56\xbd\x5a\xe7\x27\
\x24\x5b\x33\x59\x16\x9b\x34\x0e\x67\x7d\x0b\xb2\x62\x54\x4f\x3f\
\xc2\xc6\xfe\x65\xea\x6b\xf5\x15\x7c\xcf\x9b\xcc\x90\x39\x61\xfb\
\x9b\x4a\x44\x4f\xdb\x99\xa8\xc2\xc0\xc9\x7e\x2b\x5f\x12\x31\xa8\
\xdb\xe2\x57\x25\x22\x7b\xfb\x96\xc7\x4b\x09\x8d\xdb\xa9\x5c\xb5\
\x72\x8e\x22\x2d\xd5\xae\xaa\x64\x6a\xb3\x39\x1a\xc7\xb1\x13\x87\
\xbf\x62\xfa\x75\x31\xd9\x1a\x2b\x15\xa9\x0a\x39\xae\x6f\x12\x71\
\x79\x76\x36\xdd\xc2\x62\x79\xfb\xa7\xc9\x1a\xb9\x11\x15\x51\x29\
\xeb\xeb\xb1\xc3\x58\xcf\x48\xb0\xa7\x6c\x2a\xc7\x77\x51\xaa\xc7\
\x1a\xb5\x15\x6b\xd5\xde\xe8\x7a\x1a\x7a\xff\x00\xe5\x87\x9f\xab\
\xa3\xfe\x69\x79\xb6\x76\xa7\xb8\xcc\x96\x2c\x7c\x3b\x8b\xbb\xe0\
\x57\xaa\xf9\x9b\xd5\x4c\xfc\x5d\x5b\x0e\x4d\x0f\x2b\x4d\x7b\x29\
\x32\x5e\x9e\x68\xd3\x85\x5b\xb6\xd6\x79\x2e\xcf\xab\x72\x75\x27\
\xf1\x23\x5a\xd7\xb7\x85\x55\x1c\xa8\x97\xe8\x6e\xdf\x02\x35\x8e\
\x64\xca\xf6\xe4\xf7\x8d\x63\xe6\x46\x6c\xc4\x4e\x69\x7f\x2a\xfe\
\xa6\x5a\xf8\x63\x39\x23\x4f\x2c\xb1\xc5\xe9\x20\xce\x87\x2f\x06\
\x1c\x6c\x99\x91\x99\x38\xcd\xe0\x44\x4d\xb8\xa2\xfe\xf7\x55\x3d\
\x54\x39\x38\x32\xe9\x12\x26\x6b\x91\x61\xc9\x44\x8d\xb2\x3b\xd1\
\xd5\x48\x7c\xce\x19\x66\xc0\xc9\x8f\x2b\x8e\x35\x63\xa5\x4f\xbb\
\x73\x7f\x9b\x5e\xa9\xea\x6f\xa0\x6e\x99\x95\xdf\xe6\xcb\x97\x2a\
\xc8\xe4\x74\xf8\xd1\x48\xb4\xd6\x2a\x73\x62\x37\xdc\xf3\xb5\x74\
\x2b\x28\xce\x27\xc3\xb3\x0d\x5e\x2a\x61\xd3\x9e\xc4\xd3\x26\xf0\
\x52\xfd\xf6\x4b\x9d\x4d\x44\x5b\x45\xaf\x73\x7d\xd9\x6d\x3e\x4c\
\x6c\x7f\xb5\xa6\xd4\x5b\x93\x2f\x0b\x95\x71\xd7\xf9\x91\xb7\xa2\
\xb7\xd9\x4f\x31\x83\x92\xed\x47\xb4\x12\xe6\x6a\x38\xce\xc7\x46\
\x37\xcd\x0b\x9d\xc2\x91\xb9\x39\x57\xcc\xcc\xd4\x51\x35\x69\x31\
\x9f\x2e\x46\x56\x16\xa4\x9e\x59\x65\xc6\x75\x24\x91\xfa\x6c\x9c\
\xd4\xec\xd4\xd4\xee\x4c\x69\xea\xf8\xfb\x73\xe9\xe3\x38\x5c\xe2\
\xd9\x4d\xa8\xcf\xe0\xf2\x71\x31\x22\x58\x56\x46\xf1\xc7\x3b\xd7\
\x74\x92\xd6\xdc\xef\xfe\x7a\x1a\x6c\x6c\xfd\x4b\x51\xd5\xb0\xb0\
\x92\x66\xb7\x21\x18\xa9\x3e\x4c\x9f\x04\x9c\x3b\xda\xbb\xe5\x65\
\x8f\x17\x58\x82\x2c\x89\x99\xa9\xe0\xce\xc8\x9b\xc7\x14\x53\xc5\
\xe7\x99\x3f\x2f\xcc\xd2\xbf\xb7\xda\x9c\x68\xec\x75\xd3\xe2\x89\
\x1a\xef\x33\x3b\xaf\x86\xbd\x28\xea\xd0\xd3\xd0\xa9\x8c\x39\x67\
\xa9\x9e\xa4\xcf\xe5\x2f\xa2\x6a\x9a\xbb\x25\x81\x70\xf4\x78\xd6\
\x28\x97\xf9\xd9\x2e\x4f\x33\x9d\xeb\xc3\xd3\xe6\x68\x57\x0d\x52\
\x3e\x05\x8e\xd8\x9c\xd5\x79\xd9\xe6\x24\xed\xf6\xa4\xbe\x5f\x0c\
\xc4\xbd\xd1\x52\x34\xe4\x75\xff\x00\xb7\xba\xbc\x8f\x56\x32\xbb\
\xc5\xd9\x11\x18\xdf\xf4\x3a\x63\x1d\xbe\x18\x4c\xcc\xcb\xd7\x78\
\x55\x54\xe2\x56\x2a\xfa\x77\x69\xfe\x24\x5d\x39\xee\x6a\xf0\x53\
\x1b\x77\xba\x6c\xd4\x3c\x6c\x9d\xb7\xd6\xa3\x44\xe2\xfb\xb6\xbb\
\xd7\x85\xb7\xfe\x07\x43\xbb\x6f\xab\xab\x91\xcb\x91\x23\x5a\x9f\
\x85\x11\xa9\xfd\x76\x2d\x52\x6d\x7b\xff\x00\xb3\xa4\x4a\x8d\xcd\
\xe2\xbd\x9a\xaa\x9c\xdb\xea\xa8\x72\x76\x03\xe3\x8d\xaa\xc6\x39\
\x2b\x64\x72\xf3\x54\xf7\x3e\x7e\xfe\xd7\x76\x81\xcc\x47\x2e\x4c\
\x88\xc6\xb7\xf3\x27\x2f\x63\x15\xdd\xab\xd6\x9e\xbe\x6c\xc9\xab\
\xfe\xb2\x0d\xaf\xa6\xb3\x0b\x89\xb1\xf1\xc7\xc4\xfa\xf2\xb9\x13\
\x92\xf4\x43\xa5\x74\xd9\x9e\xf7\x27\x02\xf1\x37\x93\xd7\x65\x77\
\xb1\xf3\x78\xb5\xdd\x6a\x66\x39\x1b\x9d\x22\xa5\xa6\xce\x99\x6e\
\xce\x89\x75\x8d\x59\x5e\x8c\x7e\x6c\x8e\x73\x76\x4a\x95\x49\xf0\
\x8d\xb2\xfa\x63\xb4\xe7\x44\xd5\x46\xb5\x12\x34\x4d\x95\x57\x92\
\x9a\xcc\x94\x64\x28\xbc\x73\x43\x1d\xa7\xc6\xe7\x7c\x3f\x23\xc1\
\x7d\xa7\x9a\xf4\x58\xe4\x91\xcf\x44\xe6\x8b\x23\xab\xfc\x4e\xc8\
\x33\xe4\x7a\xa7\x0a\x63\x35\xcd\xfc\x52\x27\x1d\xfb\x6e\x4e\xe4\
\xf6\xa7\xed\xb7\xcd\xc9\xc3\x59\x9a\xb0\xa4\xb9\x94\xf6\xf1\xbe\
\xb8\x58\x9b\xf5\xf5\x3e\xc8\xed\x47\x4f\xd5\x1e\xe8\x5c\x90\xcc\
\xc8\x62\x63\x6a\x17\xda\xc7\xe5\x4d\xab\xd8\xf8\xc6\x26\x5b\x24\
\xd5\x70\x93\x55\xd5\x1a\xfc\x66\x3d\x1e\xe8\xa2\x89\x39\xfa\x25\
\x1f\x44\xcd\xec\xd6\x95\x95\x9f\xe2\x9f\xaf\x61\x69\x1a\x9c\x8a\
\xb2\x3f\x1e\x3b\xfb\xa5\x54\x4e\x0a\x54\xdf\x95\x6c\x70\x75\x9b\
\x73\x98\xdc\xec\xe9\x63\x2c\x2f\x6b\x23\x51\xd3\xf8\x1c\x93\x42\
\xa9\x33\x1a\xb5\xc2\xbe\x57\x27\xba\x9a\xb9\x1e\xc7\x3b\xbb\x7a\
\xb7\x85\xa9\x4d\x54\xff\x00\xe7\x23\x6b\x97\x85\xaa\x63\xf7\x11\
\xc5\xda\x3d\x1f\x32\x76\xb2\xa5\x4c\x84\xe1\x72\xaf\xe6\xfe\x87\
\x05\x87\x54\x7b\xad\xb0\x76\x6e\x55\x72\x55\xb2\x75\x6d\xfd\x4e\
\x38\x98\x8e\x2d\xd7\x38\x65\x97\x31\x0d\x23\xa4\x57\xc2\xe6\x4d\
\x6e\xaf\xed\x7d\x5a\x71\x6c\x8d\x7c\x8b\xde\x70\xb9\xe9\x5c\x49\
\xd5\x3d\x14\xdd\x26\x0e\xa2\xb3\x22\x26\x87\xa6\x4b\xc5\xb3\x7b\
\xbc\xf5\x44\xaf\xea\x75\x49\xa5\x67\xb2\x15\x72\xf6\x4d\x8a\x9c\
\x6a\xdb\x83\x3e\xed\x7d\x79\xfa\x1a\x44\xf0\xce\x71\x98\xf2\xd6\
\x48\xde\xf6\x3f\x36\xf3\x33\x76\xaa\xf2\xaf\xf5\x3a\xfb\xdf\x37\
\x0a\xc6\x9d\xd3\x96\x95\xf7\xbf\xec\x6d\x24\xc1\x97\x81\x1b\x27\
\x66\x35\x5e\x1d\xb8\x95\x99\x0d\x5d\xbd\xb6\x38\xc7\x83\xde\x44\
\xd6\x3f\x41\xd6\xd3\xcc\xbc\x32\x70\x35\x69\x3a\xf2\xe6\x44\x4c\
\x22\x71\x98\x61\x39\x2d\xed\xa5\x45\x8d\xbe\x56\x2f\xab\x7e\x67\
\x4b\x1c\xd4\x63\xbe\xf1\x55\x51\x6e\x95\x37\x32\x5f\x16\x1c\x6d\
\x7a\x24\x5a\xcc\x6d\xe2\xae\x15\xc5\x45\xaf\x73\x83\xe3\xd3\x7e\
\x26\xc9\xa9\xaa\xb5\x29\xea\xb8\x6b\x7f\x32\x63\xd1\x38\xcf\x97\
\x05\x92\x37\xa3\x91\x59\xc6\xc5\x67\x0b\xd8\xa9\x68\xe4\xeb\x46\
\x96\x28\xb5\x4e\xca\xe6\xae\xa3\xd9\xf9\x56\x6c\x47\xf9\xa5\xc5\
\x7a\x5a\x39\x3d\xdb\xea\x6f\x11\x34\xc6\xa3\xfb\xcd\x5a\x48\xb8\
\x52\xfc\xd8\xae\xdd\x7a\x18\xf5\x85\xc5\xc7\x06\xb7\x12\x2f\xbc\
\x4f\x42\xf8\x67\x5c\x7d\x29\x96\x33\x2c\xdc\x4e\xd4\x6b\xfd\xa7\
\xc6\xcd\xc9\xc0\xd3\xdf\x0b\x23\x73\x3c\x3b\xf8\xe9\x23\x7e\xfc\
\x4c\x4e\xa8\xe4\x3d\x26\x3e\x3e\x3f\x87\xc0\x8f\x35\xb1\x24\xae\
\x4e\x29\xd3\x1f\xe1\x63\x9d\xb5\x2f\x55\x3c\x7e\x4e\x0a\x4b\x88\
\xcb\xd5\xa1\x8f\x19\xab\xc6\xd5\x63\x1c\xc6\xa2\xaf\x35\x4f\x73\
\xb3\x0f\xb3\x7d\xab\x46\x43\x26\x9f\x9d\x94\xec\x59\xad\x62\x73\
\xb7\x47\x5e\xd6\xa8\xee\x45\x33\x8d\x29\x8e\x38\x5b\x1c\xb5\x22\
\x79\xe5\xf4\x6d\x3b\x2f\x49\x9f\x16\x1c\x48\x64\x57\xcf\x1b\x69\
\xad\x7b\x79\xa7\xe5\xb3\xce\xf6\xaf\x35\x52\x16\x46\xd8\xee\x47\
\x39\xa9\xdd\xa6\xea\xd4\xf6\x36\x7a\x2f\x65\xb5\xcc\x5c\xa4\xca\
\xd5\xf5\x28\xa7\xe1\x6a\xaf\x73\x0b\x1a\xd7\x2a\xfc\xd1\x0d\xa3\
\x70\x99\x2e\x64\x0a\xf6\xa2\xec\xe7\xa3\xd5\xbf\x0a\xf4\x3c\xfc\
\xf2\xc7\x1c\xb8\xe5\xdf\xa7\x79\xe1\x31\x2f\x05\xe2\xd8\xec\x5e\
\xe7\x29\x24\x66\x43\x55\xdc\x49\x5e\x6f\x4d\xcc\xa9\xf4\xbc\xad\
\x4f\x47\xc5\x9f\x05\x2a\x7c\x57\x77\xe9\x1a\x2e\xcf\x6b\x79\xff\
\x00\xdd\x56\x7a\x0d\x5f\x40\x93\x3f\x4a\x76\x43\x1f\x1a\x64\x41\
\x2a\xab\x67\x6a\x6e\xd6\xd6\xe9\xee\x86\x06\x89\x9d\x3e\x9d\x03\
\x32\xa4\xe0\xca\xc2\x72\x70\xc8\x88\x9c\x2f\x89\xa8\xb4\xaa\x89\
\xc9\x53\x72\xd1\x9c\xd4\x65\x8a\xb3\x8c\x44\xcc\x4b\x57\xaa\xea\
\x3c\x50\x43\x9d\x8b\x03\x3b\xbc\x8c\x68\xdd\x0e\x3a\xec\xe7\x39\
\x25\x6f\x97\xff\x00\x73\x12\x34\xc8\x97\x17\x23\x53\xcb\x89\x20\
\xc9\xd4\xa5\x6c\x71\x31\x13\x66\x44\xdf\x5f\xdc\xc2\x8a\x2c\xad\
\x63\xb5\x19\x18\xec\x63\x5d\xa6\xe0\x39\xd5\x34\x77\xe6\x6b\xb9\
\x37\xf7\xe4\x6f\x72\x9f\x2c\xb2\x31\x91\x39\x72\x23\x57\xb5\xad\
\x55\xe4\xd6\xf4\x4e\x86\xfa\xb3\x18\x46\xd8\xf2\xe7\xc3\x19\xca\
\x77\x31\xb4\x65\x58\xfb\x43\xda\x2e\x05\x54\xfb\xf6\xa6\xcb\xec\
\x79\x8d\x15\xca\xcc\x6d\x51\xcd\x55\x6a\xb7\x3a\x45\x45\x4d\xab\
\x60\x0e\xbc\x7e\x33\xfb\x2b\x97\x88\x7b\x8e\xc6\x48\xef\xb1\xf0\
\xdd\xc4\xb7\xc3\xff\x00\xf6\x71\xec\xf1\xfc\xd8\xaa\xe5\xdd\x78\
\xf9\x80\x79\x7a\xdf\x39\x77\x69\x78\x83\x8d\xca\xd8\x5a\xab\xb3\
\x91\xd6\x9d\x4d\x74\x72\xbf\xed\xbc\x9c\x5e\x25\xee\x12\x3e\x2e\
\x0f\x70\x0a\x47\x86\x9f\x70\xf3\x7d\xa0\x5f\xfe\xf7\x8c\xdf\x44\
\x45\xa4\xfd\xcd\x2f\x68\xd8\xdc\x6d\x53\x46\x9e\x16\xa3\x24\xf1\
\x4a\xce\x24\xe8\xb5\x68\x01\xbe\x8f\xce\x3f\x94\xff\x00\xb3\x9f\
\x53\xc4\xff\x00\x36\x0f\x68\x1a\x8b\xa9\x69\x98\x9f\xd8\x49\x9e\
\xa8\xf6\x26\xd7\x7b\x57\xf4\x53\xd4\x6a\x0b\x59\xac\xc6\x4d\xa0\
\x62\xa2\x36\x34\xd9\xa8\x95\xd0\x03\x4d\x5f\xd3\xc1\x96\x9f\x9c\
\x9b\x48\x63\x64\x9a\x4c\x88\xf6\x35\xc9\x27\x78\x8f\x47\x25\xf1\
\x22\x22\x9e\x3f\x44\x91\xf9\x3a\x56\x02\xcc\xe5\x7d\x23\x51\x2f\
\xa5\xaa\x7f\x90\x06\x38\x7e\x94\xff\x00\x36\xda\x9f\x38\xfe\x4f\
\x42\xcd\xf4\xed\x45\xaa\x89\x49\x33\x95\x36\xe5\xb2\x1a\xd9\x58\
\xd4\xc7\xcd\x4f\x4e\xe5\xab\xcf\xd4\x03\x3c\x7e\x50\xb6\x5e\x18\
\x3d\xa2\x9a\x4c\x5c\x06\xc7\x03\xd6\x36\x4a\xf4\x6b\xd1\xbf\x89\
\x38\x79\x1b\x5d\x39\x11\x70\xb8\x55\x36\x64\x0a\xe6\xa7\x45\x00\
\xdb\x3f\x8c\x32\xd3\xf9\xb5\x39\xdf\x77\x2b\x5c\xcd\x9c\xbc\x36\
\xa6\xab\x31\x56\x05\x91\xf1\x2a\xb1\xca\xe5\xb5\x45\xf9\x80\x5f\
\x4b\xc3\x2d\x4f\x2e\x11\xcd\x22\xe8\xc9\x6f\x77\x34\x4b\xbd\xf7\
\xe6\x6c\xb0\x9a\xdc\x78\x9d\xdd\x35\x1b\x71\x5a\xad\x6e\xab\xf3\
\x00\xb6\x68\xc5\x83\x86\x88\xe8\x33\x5c\xbb\xab\x5e\xd6\xa2\xf4\
\x43\x2b\x05\xce\x73\xa5\x6a\xaa\xab\x5a\xb4\x89\xd0\x02\xb9\xa7\
\x17\x43\x57\xba\x6c\x8e\x8f\xca\xe4\x44\x4b\x4f\xdc\xe7\x2b\xdc\
\xed\x61\x93\x2a\xdc\x89\x0b\x51\x1d\xeb\x54\x01\x38\x79\x47\xd3\
\xdb\x76\x22\x79\x5b\xd9\xec\x64\x47\xaa\x27\x1b\xd7\xff\x00\x25\
\x35\xfd\xa5\x9a\x49\x35\x69\x9e\xf7\xaa\xb9\x34\xc9\x69\x57\xd3\
\xcc\xd0\x0c\xb4\xff\x00\x5b\x27\x46\xaf\xe9\x62\xf0\xd2\xb5\xab\
\x1c\x56\x89\xb2\x71\xfe\xe9\xc8\xdd\xb3\x54\xcd\x4d\x01\x72\xbb\
\xf5\xef\xdc\xed\xe4\xe1\x4b\x5e\x5e\xc0\x1d\x19\x7c\x61\xcd\x87\
\x99\x6a\xe0\xc9\x99\x7b\x55\x1b\x95\xfb\xc9\x22\xa3\xf6\x4d\xd2\
\x8d\xbf\x75\x1c\x7d\x8d\xcd\x6b\x18\xd4\x47\x64\x39\x56\x93\x7f\
\x89\x53\x98\x05\xa7\xc4\x7e\xc6\x1f\x66\x9f\xab\xe7\xcf\xa4\x33\
\xbc\xc9\x7b\xb8\x5c\xc6\x37\x96\xcd\xbe\x47\x2d\x37\x1a\x16\xe9\
\xfa\xe6\x6a\x46\xdf\x11\x1c\xcb\xc0\xf5\x4b\xe1\xf9\x74\x00\xce\
\x3c\xcb\x4f\xa8\x60\x2e\x34\x2f\xd3\x34\x69\x9e\xce\x29\x26\x99\
\x52\x47\x2a\xda\xbb\x7f\x53\xb3\x4d\x91\xf9\x1a\xec\xfd\xea\xf1\
\xa4\x30\x2b\xa3\x45\x4d\x9a\xbe\xc9\xc8\x02\xf3\xe2\x7f\xe7\xda\
\x91\xe6\x19\xad\x44\x92\x35\xe3\xf3\x79\x1a\xbb\xfb\xf3\x3a\x75\
\xc6\x37\x13\x50\xc0\x48\x11\x18\x8c\x7d\xb5\x39\xd2\xd7\xb8\x07\
\x3e\x97\xce\x1a\x67\xf1\x96\x2b\x7c\xf0\x64\xc8\xe5\x55\x7f\x89\
\x6a\x5a\xaf\xa5\x9a\xf7\xbd\xce\xce\x55\x72\xde\xee\x00\xde\x18\
\xe4\xef\x44\x4e\xe9\x5b\xe9\xd2\xcc\xd8\x17\x89\xd2\xc0\xb4\xb1\
\x24\x69\x4d\xaf\x70\x0a\x26\x17\x58\x44\x89\x98\xae\x62\x70\xae\
\xcb\x69\xd4\xd7\xea\x13\xcb\xc5\xde\x77\x8e\xe3\x56\xb5\x15\x6f\
\xa8\x05\xf1\xfa\x46\x7e\x65\x8b\x34\xaf\x63\x31\x5c\xd7\x2a\x2d\
\x2e\xe8\x65\xb1\xee\x8a\x29\x9c\xc5\x56\xad\x73\x40\x09\xcb\xe9\
\x10\xc0\x9e\x59\x1e\xe7\xab\x9e\xaa\xb7\x46\xfe\x06\xa3\xf8\x22\
\x54\xfb\xbe\x04\x5e\x10\x08\xd4\xfa\x4e\x0e\xa9\x24\x7b\x33\x57\
\x85\xd5\xc3\x05\xa7\xb2\x97\x4f\x63\x5d\x27\x1b\x92\xdc\xab\xba\
\xa8\x05\x67\xc2\x63\xcb\x86\x6b\xdc\x98\x71\xb9\x1c\xa8\xaa\xed\
\xd5\x3d\x4e\xcc\x97\x2b\x60\x97\x85\x6a\x98\xd5\x40\x04\x7d\x0e\
\xe8\x3f\xe1\xd8\xbe\xaa\xcb\x5f\x99\xd5\x1b\xdc\x8a\xd9\x11\xcb\
\xc6\xa8\xb6\xa0\x14\x5a\x1c\x5c\xaa\x99\x8c\x6a\x2f\x95\x37\x44\
\xf7\x39\x24\xaf\x74\x6e\x7b\x9c\xaa\xed\x92\xd7\xa0\x05\xa0\x75\
\xa6\x44\xb1\xc8\xf8\x58\xf5\x48\xf8\x38\xf8\x53\x95\xf5\x32\x23\
\x5b\x81\x1c\xbc\xeb\x98\x05\x95\x94\xc7\x44\x73\x1e\x8b\xba\x6e\
\x77\x44\xd4\x48\x9a\xe4\x4d\xea\xec\x02\xb1\xe5\x31\xe1\xd5\x14\
\x8f\x7b\xe9\x5c\xb5\xc2\x64\x31\xee\x59\x11\x2f\x6e\x1b\x00\x99\
\xf2\xb4\x78\x17\x1a\x0c\x96\x31\xf3\x43\x1b\xdc\xbc\xd5\xcd\x42\
\xa3\x97\x12\x67\xe2\xc3\xe5\x81\x39\x46\xa9\x68\x9f\xd4\x03\x49\
\x9f\x0a\x47\x87\x1c\x1c\x68\x9f\x97\x99\x8e\xa8\xfe\xe5\x8a\xae\
\x6b\x11\xee\x44\x45\xfe\xa6\x53\x30\xa0\xe2\x63\x78\x5f\x55\xfa\
\x8e\xff\x00\x50\x0e\xcd\x3f\x8b\x9b\x2f\x2c\x0c\x84\x5c\x68\x51\
\xd0\x3d\xf1\xaa\xb9\x11\x55\xaf\x5d\xce\x89\x9b\xbb\x97\x8e\x4b\
\xe2\x44\xfe\x63\xbd\x7f\x70\x0d\xb1\x65\x2e\x51\x62\xc4\xb9\x2f\
\x62\xa3\x95\xbd\x15\xee\x5f\xf3\x38\x3f\x0b\x19\xb3\xbd\xc9\x13\
\x6d\x1b\x69\x7b\xee\x01\x69\x47\xd3\x5b\x83\x2b\xfc\x34\xef\xe2\
\xf3\x35\xca\x88\xbd\x10\xed\xc6\x91\xd1\x60\x3a\x46\xaa\x71\xaf\
\x0d\xaa\xa2\x2f\xf8\x80\x72\xea\x79\x6f\x1e\x21\x87\x97\x3c\x8e\
\x74\x8a\xae\xdd\xaf\xda\x91\x12\x8c\xcc\x29\xe5\x9f\x27\x1f\xbd\
\x7a\xbb\xbc\x44\xe2\xbf\x50\x0a\xea\x78\x30\x64\x64\xb9\x56\x25\
\x45\x5f\x86\x4a\x6f\xb2\x17\x35\x56\x1d\x4f\x09\x63\xf2\xf1\xec\
\xea\xf5\x40\x0c\x30\x6b\x2c\x37\xe4\xcc\xb9\x13\xa7\x78\xb4\xb2\
\x52\xfc\x8e\x6d\x73\x93\x52\x7a\x71\x2d\x23\x16\xad\x6c\x02\xf2\
\xaf\xa7\x7e\x04\xf2\xcb\x8d\x13\x9f\x23\x9c\xa8\xf5\x4d\xd7\xd0\
\xc8\xc9\xfb\xa8\x5a\xc8\xfc\xad\x59\x5a\xaa\x89\xef\xcc\x03\x29\
\xf9\x35\x8f\x8b\x1f\xbd\x7e\x4c\xcd\x8e\x67\x71\xb5\x24\xa4\x45\
\xe8\x9c\x8e\xc4\x7b\x9d\xa7\x3d\xce\x72\xaa\xa3\x96\x95\x77\x00\
\x8f\xb3\xe9\xaa\x8d\xee\xe0\x91\xb6\xbc\x2a\x88\xb5\xee\x67\x6a\
\x73\x49\xe2\x63\x8b\x8b\xee\xf8\x38\xb8\x7d\x2c\x03\x58\xf3\x0c\
\xfe\x9d\x70\xaa\xae\x4b\xd5\x57\x93\x51\x4c\x96\xcb\x23\x32\x92\
\x54\x7a\xf1\xb9\x51\x8a\xab\xbd\xa7\x40\x08\xcb\xca\xd8\xfc\x4c\
\x88\xd8\xba\x86\x35\xa7\xc4\xe7\xb5\x7d\xd1\x11\x76\x33\x30\xb7\
\x8f\x8b\xd5\xaa\x95\xec\x01\x4c\xbc\x2d\x8b\x2b\xbb\x63\x32\x5c\
\xad\x6a\x22\xba\x4e\x15\x54\xf5\x43\xaa\x68\x58\xe8\xb2\x51\x53\
\x64\x7b\x95\x37\x5e\x60\x19\x43\x4f\xa7\x9f\xd4\xd3\xb9\xd1\x99\
\x91\x12\xab\x25\x59\x99\x6f\x6a\xaa\x2f\x33\x7d\x2c\x8f\x64\x51\
\xb9\xaf\x75\xbd\xe8\xae\x5b\xe6\xbb\x00\x6f\x9f\xc6\x3f\x76\x58\
\x79\x96\xf3\x1f\x6c\x7c\x87\x7e\x25\x8b\x75\x39\xea\x2e\x58\x74\
\xe6\x77\x74\xdd\xdd\xe8\x01\xc3\x2e\xdf\xa7\x9e\xd7\x26\x91\x34\
\x98\xdc\x8f\x5b\xaa\xbf\x6a\x3c\x2e\x33\x51\xb9\xf3\x2a\x27\x26\
\xa5\x7b\x00\x7a\xdd\x1f\xc1\xe5\x75\x3f\x36\xdf\x52\x86\x36\x45\
\x9a\xf6\x35\x11\xca\x91\xda\xa7\xcc\xd7\xb5\xee\x66\x3a\xb9\xae\
\x54\x72\xa2\xb9\x55\x3a\xa7\x25\x00\xde\x3c\x31\xcb\xcb\x26\x39\
\xa4\x8e\x1e\xed\xaf\x54\x63\x52\xda\x9d\x0c\xde\x25\x91\x8d\xe3\
\x5b\xf3\x7a\x80\x47\xd9\x3e\x19\xdd\xc4\x5c\x0f\xf2\x26\xcd\xb4\
\x31\x11\xcb\x23\xa9\xca\xaa\x9e\xe0\x12\x89\x64\xc9\x1b\x23\xc7\
\x77\x0b\x51\x3c\xaa\x69\xf2\x1a\x8b\x3b\x1b\xbf\x0a\xbb\x74\xbd\
\x94\x02\x3e\x93\xf6\xf4\x11\xc1\x14\x6f\x85\x1b\x1b\x51\x17\x9e\
\xc5\xd0\x5e\xe5\xd4\xdd\x22\xaa\xab\x9c\xaf\x45\xbd\xd2\x93\x96\
\xdc\x80\x39\x75\x7e\x2e\x9d\x3f\x94\x2c\x92\xbe\x1d\x42\x4e\x07\
\x7e\x26\xbf\x7d\xf7\x5e\x7c\xcf\x69\xda\x09\x9f\x81\x9b\x32\xe2\
\xaa\x43\x58\x8d\x4f\x2b\x51\x39\xf3\x00\xc7\x2f\x10\xda\x1e\x6f\
\x19\xca\xed\x4d\x92\x39\x6d\xfd\xfb\x77\x5d\xcc\x55\xd4\x73\x3c\
\x54\xc9\xe2\x64\xae\xf9\xcd\xf8\xbd\x00\x2d\xe9\x48\xfb\x64\xe8\
\x99\x79\x13\x6a\x58\x98\x92\xc8\xaf\x81\x65\x54\x56\x3b\x7d\x8d\
\xf6\x14\xaf\xf1\xf2\x43\x7f\x77\xde\x39\xbc\x35\xb5\x27\x20\x0e\
\x7d\x5f\xb7\x5e\x8f\x88\x77\xe6\x46\xc5\x89\xd6\xd4\xda\x27\x57\
\xb6\xe7\xc9\xbb\x53\x93\x36\x3e\xaf\x0b\xa2\x91\xcc\x55\x87\x85\
\x6b\xa2\xfa\x00\x75\xf4\x3e\x5c\x9d\x67\x87\x6f\x66\xf0\xf1\xdf\
\x85\x23\xdd\x12\x2b\xb8\x15\x6e\xd4\xda\xe9\x6d\x47\xc7\x3c\x0e\
\x57\x3a\x37\x35\xd6\xd5\x72\xaf\xa2\x7f\xa0\x03\xa8\x9f\xce\x7f\
\x67\x36\x9f\xc5\xd5\x80\xd4\x7c\x39\x33\xbd\x38\xa4\x85\xe9\x14\
\x6e\x5d\xf8\x5b\xd1\x0c\xfe\xcd\xc3\x1e\x4e\xb3\x24\xb3\x31\x24\
\x7b\x71\x5d\x22\x2b\xb7\xa7\x27\x25\xae\x40\x0d\x5f\x8c\x98\xf9\
\x69\x67\x91\xf9\x39\x39\x72\x4c\xf7\x3d\xeb\x2e\xea\xe5\x3d\x86\
\xb3\x04\x78\x78\x78\xfe\x1d\x89\x1a\xb6\x56\x22\x2a\x73\x44\x00\
\xcf\x57\xce\x0b\x63\xf1\x97\x9d\xcb\x72\xc7\xad\xe4\x4a\xd5\x54\
\x7b\x1e\x8a\xd5\xe8\xb7\xd0\xb3\x2f\x7f\x9d\xae\x4b\x2a\x23\xe4\
\x57\x47\x6e\x54\x4b\xdd\xab\x7f\xe0\x01\xb6\x1e\x67\xf6\x5b\x4f\
\xcb\xc8\xc5\x1b\x5f\xa5\xea\x12\xb9\x15\x64\x63\xd1\x1a\xe5\x55\
\xd9\x2c\xc8\x97\x16\x16\x76\x79\x99\x2d\x65\x4f\xe5\xf3\xa2\xad\
\xf3\x00\xf4\x98\xcf\x96\x22\x42\xc9\x33\xd8\xd7\xa7\x12\x2a\xad\
\xa2\xaa\x8d\x1f\x1a\x1c\x8c\xcc\x86\x4c\xc4\x7b\x5b\x1b\x95\x11\
\x57\x92\x80\x4c\x22\x7c\xba\x11\x88\xec\x58\x51\x77\x4f\x37\xa9\
\x93\xa7\xc3\x1c\xd1\xc6\xc9\x18\x8e\x6a\xbd\x2d\x14\x02\xb2\xbe\
\x24\x58\xf0\xa4\xb9\x9e\x44\xfb\xb5\xf2\xfb\x1d\x38\xb0\xc6\xec\
\x5e\xf1\x5a\x8a\xe4\x9d\xa8\x8b\xec\x01\x32\x7a\x6d\xe6\xc4\xc7\
\x6c\xf8\x8d\x48\x9a\x89\x23\x5d\xc7\xee\x74\x66\x62\x40\xcd\x59\
\xd1\xb6\x26\xa3\x1b\x03\x5c\x88\x89\xc9\x40\x29\x1e\x1a\x4f\xcf\
\xf7\x6c\xb5\x68\xa3\xf0\x51\xc9\xdd\xb1\x1f\x1a\xc6\x8d\x72\x35\
\x11\x51\x2c\xfa\xe3\xf4\x9d\x3f\x23\x47\xd4\x33\x26\xc3\x85\xf9\
\x2d\xc5\x62\xa4\xaa\xdf\x32\x2f\x0a\x7a\x80\x79\x7d\x5c\xcd\x63\
\xfb\xbd\x0e\x9b\xce\x5f\xce\x1a\xdc\xad\x1b\x4e\x96\x6d\x06\x79\
\x31\x23\x74\xb9\x4c\x44\x99\xeb\xcd\xe9\x5e\xa4\xcc\xec\xd6\x8d\
\x1f\x69\xf1\xf1\x59\x81\x1b\x60\xee\x95\x78\x11\x56\xaf\xfa\x80\
\x72\xe9\xe5\x3e\xdd\x33\xe5\xa4\x97\x45\xd3\xdb\xa4\x31\xed\xc7\
\xe1\x72\xbd\xcb\x68\xf7\x27\xaf\xcc\xe9\xd5\xe1\x6c\x7a\x7e\x94\
\xe6\x3a\x46\xbb\x76\xdb\x64\x72\x6d\x7f\x30\x0b\xe3\x33\xb9\x39\
\x43\x06\x49\x26\x8f\x50\x8d\xac\xc9\xc9\x44\x56\x39\x55\x12\x77\
\xff\x00\xa9\x34\x8d\x5f\x52\xfb\x37\x53\x77\xda\x19\x76\xc8\x15\
\xcd\x5e\xf9\xdb\x2d\xa7\xb8\x06\xbf\x5f\xd1\x9e\x51\xcb\x44\xfe\
\xd3\x6b\x70\x63\xc4\xf8\xf5\x4c\xa4\x73\x9d\xba\xf7\x8a\xb7\xfd\
\x4d\xfe\x99\xda\x9d\x71\x9a\xac\x71\x26\xa5\x37\x03\xd1\x38\x9a\
\xb4\xb7\xfd\x40\x36\xd5\xc3\x18\xc6\xe2\x3d\xb2\xb9\xba\x66\xc5\
\xda\x5d\x5f\x25\x33\x64\x9f\x2f\x8d\xcd\x7b\x91\x15\xd1\xb3\x6a\
\xe5\xe8\x72\xc4\xd7\xf5\x16\xc0\xd9\x92\x58\xbb\xc5\x4a\x55\x5c\
\x78\xf9\x6d\xfd\xd0\x0e\x68\xf9\x27\xd7\xf2\x7a\x3c\x8c\xd9\xb5\
\x05\xc6\xc4\xca\xee\xe4\xc7\xef\x18\xbd\xdf\x74\xd4\x4b\x44\x55\
\x4e\x49\xd5\x0f\x69\x8b\x34\x9e\x06\x27\xf1\x52\xa3\x36\xad\x91\
\x3f\x6e\x40\x18\xea\xfc\x56\xc2\x23\x77\xec\x4b\x2b\xd9\x03\x1c\
\xd7\x53\x97\x9a\xa1\xc9\xbb\x64\x46\x89\xea\x9b\x80\x72\x36\xfa\
\x96\xbf\xb4\x3e\x4d\x1f\x39\x19\xe5\xdd\x3e\x1d\x8f\x1b\xd9\xd7\
\x2b\xb4\x19\x15\xcb\x6a\x8f\x73\x12\xfa\x2f\x34\x00\xdf\x0f\x87\
\xee\xe7\xcb\xcb\xcf\x7f\x0e\x64\x7f\xda\x9a\x9c\x1c\x6e\xee\x9b\
\x23\x9c\x8c\xbd\xad\x17\x99\xbb\xd6\x25\x93\x0f\x41\xc8\x76\x3b\
\xbb\xb7\x24\x6a\xd4\x56\xfa\x20\x07\x4e\xb7\xfd\xc7\xf4\x65\xa5\
\xfa\x3f\xd5\xff\xd9\
\x00\x00\x8c\xe4\
\xff\
\xd8\xff\xe0\x00\x10\x4a\x46\x49\x46\x00\x01\x01\x01\x00\x8d\x00\
\x8d\x00\x00\xff\xdb\x00\x43\x00\x02\x01\x01\x02\x01\x01\x02\x02\
\x02\x02\x02\x02\x02\x02\x03\x05\x03\x03\x03\x03\x03\x06\x04\x04\
\x03\x05\x07\x06\x07\x07\x07\x06\x07\x07\x08\x09\x0b\x09\x08\x08\
\x0a\x08\x07\x07\x0a\x0d\x0a\x0a\x0b\x0c\x0c\x0c\x0c\x07\x09\x0e\
\x0f\x0d\x0c\x0e\x0b\x0c\x0c\x0c\xff\xdb\x00\x43\x01\x02\x02\x02\
\x03\x03\x03\x06\x03\x03\x06\x0c\x08\x07\x08\x0c\x0c\x0c\x0c\x0c\
\x0c\x0c\x0c\x0c\x0c\x0c\x0c\x0c\x0c\x0c\x0c\x0c\x0c\x0c\x0c\x0c\
\x0c\x0c\x0c\x0c\x0c\x0c\x0c\x0c\x0c\x0c\x0c\x0c\x0c\x0c\x0c\x0c\
\x0c\x0c\x0c\x0c\x0c\x0c\x0c\x0c\x0c\x0c\x0c\x0c\x0c\xff\xc0\x00\
\x11\x08\x01\x66\x01\xe6\x03\x01\x22\x00\x02\x11\x01\x03\x11\x01\
\xff\xc4\x00\x1f\x00\x00\x01\x05\x01\x01\x01\x01\x01\x01\x00\x00\
\x00\x00\x00\x00\x00\x00\x01\x02\x03\x04\x05\x06\x07\x08\x09\x0a\
\x0b\xff\xc4\x00\xb5\x10\x00\x02\x01\x03\x03\x02\x04\x03\x05\x05\
\x04\x04\x00\x00\x01\x7d\x01\x02\x03\x00\x04\x11\x05\x12\x21\x31\
\x41\x06\x13\x51\x61\x07\x22\x71\x14\x32\x81\x91\xa1\x08\x23\x42\
\xb1\xc1\x15\x52\xd1\xf0\x24\x33\x62\x72\x82\x09\x0a\x16\x17\x18\
\x19\x1a\x25\x26\x27\x28\x29\x2a\x34\x35\x36\x37\x38\x39\x3a\x43\
\x44\x45\x46\x47\x48\x49\x4a\x53\x54\x55\x56\x57\x58\x59\x5a\x63\
\x64\x65\x66\x67\x68\x69\x6a\x73\x74\x75\x76\x77\x78\x79\x7a\x83\
\x84\x85\x86\x87\x88\x89\x8a\x92\x93\x94\x95\x96\x97\x98\x99\x9a\
\xa2\xa3\xa4\xa5\xa6\xa7\xa8\xa9\xaa\xb2\xb3\xb4\xb5\xb6\xb7\xb8\
\xb9\xba\xc2\xc3\xc4\xc5\xc6\xc7\xc8\xc9\xca\xd2\xd3\xd4\xd5\xd6\
\xd7\xd8\xd9\xda\xe1\xe2\xe3\xe4\xe5\xe6\xe7\xe8\xe9\xea\xf1\xf2\
\xf3\xf4\xf5\xf6\xf7\xf8\xf9\xfa\xff\xc4\x00\x1f\x01\x00\x03\x01\
\x01\x01\x01\x01\x01\x01\x01\x01\x00\x00\x00\x00\x00\x00\x01\x02\
\x03\x04\x05\x06\x07\x08\x09\x0a\x0b\xff\xc4\x00\xb5\x11\x00\x02\
\x01\x02\x04\x04\x03\x04\x07\x05\x04\x04\x00\x01\x02\x77\x00\x01\
\x02\x03\x11\x04\x05\x21\x31\x06\x12\x41\x51\x07\x61\x71\x13\x22\
\x32\x81\x08\x14\x42\x91\xa1\xb1\xc1\x09\x23\x33\x52\xf0\x15\x62\
\x72\xd1\x0a\x16\x24\x34\xe1\x25\xf1\x17\x18\x19\x1a\x26\x27\x28\
\x29\x2a\x35\x36\x37\x38\x39\x3a\x43\x44\x45\x46\x47\x48\x49\x4a\
\x53\x54\x55\x56\x57\x58\x59\x5a\x63\x64\x65\x66\x67\x68\x69\x6a\
\x73\x74\x75\x76\x77\x78\x79\x7a\x82\x83\x84\x85\x86\x87\x88\x89\
\x8a\x92\x93\x94\x95\x96\x97\x98\x99\x9a\xa2\xa3\xa4\xa5\xa6\xa7\
\xa8\xa9\xaa\xb2\xb3\xb4\xb5\xb6\xb7\xb8\xb9\xba\xc2\xc3\xc4\xc5\
\xc6\xc7\xc8\xc9\xca\xd2\xd3\xd4\xd5\xd6\xd7\xd8\xd9\xda\xe2\xe3\
\xe4\xe5\xe6\xe7\xe8\xe9\xea\xf2\xf3\xf4\xf5\xf6\xf7\xf8\xf9\xfa\
\xff\xda\x00\x0c\x03\x01\x00\x02\x11\x03\x11\x00\x3f\x00\xfd\xb8\
\x86\x1a\x3c\x8f\x7a\x21\xff\x00\x96\x7f\x8d\x13\x7f\xae\xad\x00\
\x26\x87\xf7\x54\x43\x0d\x2c\xdf\xea\x6a\x2a\x00\x93\xc8\xf7\xa3\
\xc8\xf7\xa2\x8a\x00\x8e\x68\x7f\x7b\x52\x79\x1e\xf4\x4f\xda\x96\
\x1f\xf5\x34\x00\x9e\x47\xbd\x1e\x47\xbd\x14\xb3\x7f\xa9\xa0\x04\
\x86\x1f\xdd\x51\xe4\x7b\xd1\x14\xbe\x4f\xfd\x73\xa9\x3c\x9f\x3a\
\x2a\x00\x8f\xc8\xf7\xa8\xfc\x8f\x7a\xb9\xe4\xff\x00\xb1\x55\xe8\
\x00\xf2\x3d\xe8\xf2\x3d\xea\xc7\x93\xfe\xc5\x47\x34\x3f\xba\xa0\
\x08\xe6\x87\xf7\x54\x43\x0f\xee\xa8\x9b\xf7\x54\x50\x01\xe4\x7b\
\xd1\xe4\x7b\xd1\x52\x41\xde\x80\x23\xf2\x7f\x7b\x47\x91\xef\x44\
\xdf\xeb\xa8\xa0\x03\xc8\xf7\xa2\x68\x68\xa8\xe8\x02\x48\x61\xfd\
\xd5\x1e\x47\xbd\x2c\x3f\xea\x69\x28\x00\x9a\x1a\x21\x86\xa3\xa2\
\x80\x24\xf2\x3d\xe8\x9a\x1f\xdd\x51\x4b\x37\xfa\x9a\x00\x48\x61\
\xa3\xc8\xf7\xa8\xea\x4a\x00\x3c\x8f\x7a\x8e\x68\x7f\xf2\x2d\x49\
\x55\xf5\xed\x62\xd3\xc2\xba\x35\xe6\xa5\xa9\x5d\xc5\x63\x67\x6b\
\xe6\x49\x25\xdc\x9f\xea\xbc\xbf\xfa\x69\x40\x12\x79\x3f\xf2\xcf\
\xf4\xa9\x26\x87\xf7\x55\xf1\x7f\xc5\xaf\xf8\x2e\x47\xc2\x4f\x85\
\x7a\xf5\xc5\xa6\x9d\x63\xab\xf8\x93\xfd\x64\x7e\x64\x12\x47\x1c\
\x5e\x67\xfd\x33\xae\x1f\xfe\x22\x28\xf8\x73\x0c\x5f\xbc\xf0\x27\
\x89\x23\x92\x5f\xde\x79\x7f\x6c\x8f\xff\x00\x46\x50\x07\xe8\x04\
\xd0\xd1\x0c\x3f\xbd\xaf\xcf\xf8\x7f\xe0\xe2\x1f\x87\x93\x45\x26\
\xcf\x03\xf8\x92\x4f\xfa\x67\xf6\x88\xeb\x2f\x5e\xff\x00\x83\x8d\
\x3c\x23\xa6\xc5\x1f\xf6\x77\xc3\x9d\x4b\xfe\xde\xf5\x08\xfc\xdf\
\xfc\x87\x40\x1f\xa3\x1e\x47\xbd\x1e\x47\xbd\x7e\x5f\xfc\x67\xff\
\x00\x83\x88\x6e\xf4\x2f\x0b\x5b\xff\x00\xc2\x39\xe0\x7b\x2d\x37\
\x54\xbb\xfd\xe5\xbc\x97\x77\x1f\x69\x8f\xcb\xff\x00\xa6\x91\xd7\
\xcf\xfa\x0f\xfc\x17\xfb\xe3\x6f\xfc\x24\x72\x5d\xcf\xaa\xe8\x9e\
\x5c\xbf\xf2\xe9\x26\x97\xfb\xaf\x2f\xfe\xba\x79\x94\x01\xfb\x79\
\xe4\x7b\xd4\x9e\x47\xbd\x7e\x63\xfc\x30\xff\x00\x83\x88\x5c\x5a\
\x47\xff\x00\x09\xa7\x82\xb4\xd9\x63\x8a\x38\xe5\xfb\x5d\x8d\xc7\
\xd9\xa5\xff\x00\xa6\x72\x79\x75\xf5\x3f\xc0\x0f\xf8\x2a\x87\xc3\
\x3f\xda\x2a\xc9\x2e\xf4\xeb\x5f\x18\x5b\x45\x17\xfa\xf9\xe7\xd1\
\xae\x7e\xcd\x2f\xfd\x73\x93\xcb\x8f\xfe\xfe\x53\xf8\x03\xd9\x1f\
\x48\xf9\x1e\xf4\x79\x3f\xba\xaf\x3f\x87\xf6\xaf\xf8\x5f\x34\xb2\
\x47\x27\x8f\xfc\x37\x6d\x24\x5e\x5c\x7b\x2e\xef\x3e\xcd\x27\xfe\
\x8b\x8e\xa4\xb3\xfd\xaa\x3e\x19\x6a\x51\x7e\xe3\xe2\x57\x82\x6e\
\x7c\xaf\xdd\xfe\xef\x58\x8e\x59\x7f\xe9\xa7\xfc\xb4\xa3\xe3\x03\
\xbc\xf2\x3d\xe8\xf2\x3d\xeb\x83\x97\xf6\xae\xf8\x57\xa6\xc5\xfb\
\xff\x00\x88\xde\x0e\x11\xcb\xfc\x69\xa8\x79\xbf\xbb\xac\x3d\x4b\
\xf6\xf0\xf8\x33\xa6\xcb\xe5\xc9\xf1\x0f\xc3\x72\x49\x17\xfc\xf3\
\x92\x49\x65\xff\x00\xd1\x74\x80\xf5\x8f\x23\xde\x8f\x27\xf7\xb1\
\xff\x00\xed\x4a\xf9\xef\xc5\x5f\xf0\x55\x6f\x81\x1e\x15\x8a\x4f\
\x3f\xc6\xb2\x4b\xff\x00\x4c\xe0\xd3\xfc\xda\xe3\xfc\x37\xff\x00\
\x05\xaa\xfd\x9f\xbc\x55\xe2\xdb\x3d\x1a\x3f\x11\xea\xf6\xde\x6f\
\xee\xfe\xd7\x77\xa5\xc9\x1d\xaf\x99\xff\x00\x4d\x3f\xf8\xe5\x00\
\x7d\x69\x34\x3f\xf5\xca\x23\xff\x00\x4c\xe8\x86\x1a\xaf\xa0\xeb\
\x36\x3e\x2a\xd1\xec\xf5\x2d\x2a\xea\xc7\x52\xd2\xee\xbc\xb9\x2d\
\xee\xec\x24\x8e\x5b\x69\x63\xff\x00\xa6\x72\x55\xc8\x61\xfd\xef\
\xfc\xb4\xff\x00\xb6\x94\x01\x5e\x68\x73\x14\x94\x43\x0f\xee\xa8\
\x9f\xfd\x6f\xfd\x33\xa9\x3c\x8f\x7a\x00\x8f\xc8\xf7\xa2\x68\x6a\
\x49\xfb\x54\x73\xf6\xa0\x02\x18\x68\xf2\x3d\xe8\x83\xbd\x14\x00\
\x79\x1e\xf4\x79\x3f\xbd\xa2\x8f\xf9\x6b\x40\x04\xd0\xfe\xe7\xff\
\x00\x69\xd4\x73\x43\xff\x00\x6c\xaa\x48\x7f\x7b\x44\xdf\xf3\xd3\
\x34\x01\x5f\xc8\xf7\xa2\xa4\x9f\xb5\x14\x01\x72\x1f\xf5\xd5\x24\
\x1d\xea\x3f\x27\xc9\x8a\x96\x6f\xf5\x34\x00\x93\x4d\x44\x1d\xe9\
\x66\xff\x00\x53\x51\x43\x0d\x00\x49\xe7\xfb\x51\xe7\xfb\x51\xe4\
\x7b\xd1\xe4\x7b\xd0\x01\x37\xfc\xb3\xa3\xce\xff\x00\x57\x51\xcd\
\x0f\xfa\xba\x21\x87\xf7\x54\x01\x24\x33\x79\xb4\xb3\x7f\xa9\xa4\
\x82\x19\x26\xfb\x94\x4d\x0d\x00\x10\xfe\xf6\xa4\xf2\x5f\xfb\xf5\
\x1f\x93\xfb\xda\x58\x7f\xd6\xa5\x00\x4f\x0c\x35\x5e\x69\xaa\x4a\
\xaf\xe4\xf9\xb4\x01\x62\x19\xaa\x4f\x3f\xda\xab\xd1\x40\x04\xdf\
\xbe\x96\x4a\x3c\x99\x26\x8a\x89\xa1\xfd\xd5\x10\xfe\xe7\xfe\x99\
\xd0\x04\x90\xc3\xe7\x45\xff\x00\x3c\xe4\xa2\x68\x7c\xaa\x8e\x88\
\x3b\xd0\x01\x3f\x6a\x8e\x1f\xf5\xd4\x79\x39\xff\x00\xa6\xb5\x24\
\xd0\xfe\xea\x80\x09\xbf\x75\x44\xd3\x51\xe4\x7b\xd4\x73\x43\xfb\
\xdf\xf9\xeb\x40\x12\x7f\xcb\x2a\x3c\xff\x00\x6a\x8f\xc9\xff\x00\
\x62\xa4\xf2\x3d\xe8\x00\x9f\xb5\x10\x77\xa2\x68\x68\x86\x1a\x00\
\x3c\xff\x00\x6a\x26\x9b\xf7\x54\x79\x1e\xf4\x4d\x0f\xee\xa8\x00\
\x83\xbd\x1e\x7f\xb5\x47\x0c\x35\x24\x30\xfd\x3c\xbf\xf9\xe9\x40\
\x01\xfe\x3a\xf0\xbf\xf8\x28\xd4\x33\xcd\xfb\x2a\xea\x9e\x47\xef\
\x63\x8a\xf2\xdf\xed\x11\xc7\xff\x00\x3c\xfc\xcf\xde\x57\xb4\x5e\
\x5e\x5a\x69\xbf\xeb\x27\xf2\xbf\xe5\xa5\x78\xdf\xed\x45\xf1\x3a\
\xc7\x5e\xf8\x6b\xac\x78\x7e\x3b\x58\xae\x6d\xf5\x4b\x79\x23\x92\
\x49\x3f\xe7\x9d\x00\x7e\x1f\xfc\x61\xf8\x03\x26\xa5\xe2\xdb\xcf\
\x22\xef\xca\x8e\x5f\xde\x5b\xc7\xff\x00\x4c\xeb\x0e\x1f\x83\x31\
\xcd\x37\xd8\x77\xc7\x2f\x95\xfb\xcf\x32\x4f\xf5\x5e\x65\x65\xfe\
\xdb\x1f\x12\x3c\x47\xf0\xdf\xe3\x26\xa9\xe1\xcd\x47\xf7\x72\x5a\
\xc7\xf6\x9d\x2e\x78\xff\x00\x75\xf6\xab\x7f\x33\xfe\x5a\x57\x83\
\xd9\xfe\xd1\x5a\xe4\x37\x52\x4f\xf6\xe9\x25\x92\x5f\xf9\x69\x40\
\x1f\x40\x6a\x3f\x00\x6e\xec\xff\x00\xd5\xdf\x45\x2c\x92\xf9\x92\
\x79\x71\xff\x00\xcf\x3a\xc3\xd1\xfe\x1b\xcf\xac\x6a\x91\xa6\xf8\
\xe2\xb7\xb5\xfd\xe5\xc4\x91\xff\x00\xcf\x3a\xf1\xf8\x7f\x68\x4d\
\x63\x52\x8a\x44\x9e\xeb\xcd\x92\x5f\xf9\x69\xfe\xae\x5a\xa7\x0f\
\xc6\x6d\x56\x1f\x32\x0f\xb5\x7e\xee\x5f\xdd\xf9\x91\xd0\x07\xd0\
\x1e\x2a\xf0\xac\x1a\xff\x00\x88\xe4\xfd\xe4\x52\x47\x17\x97\x1f\
\x97\xff\x00\x2c\xbf\xd5\xf9\x9f\xfa\x2e\xb9\xfd\x7b\xe1\xbf\xef\
\x7f\xe7\xa4\x71\x7f\xab\xaf\x23\xd3\x7e\x29\xdf\x43\x2c\x7e\x5c\
\xf2\x7e\xf7\xfe\x5a\x49\xfb\xda\xec\x2c\xfe\x33\x4f\x34\x51\xfe\
\xf3\xf7\x71\x7f\xcb\x4a\xd6\x90\x1d\xa7\xc3\xdd\x36\x0f\x04\xfc\
\x41\xd1\xf5\x1f\x13\xd8\xc9\xab\x68\x76\xb7\x91\xc9\x79\x61\xff\
\x00\x3f\x55\xf6\x07\xc6\x0f\xdb\xc3\xc1\x53\x5f\xe8\xfa\x97\x85\
\x6f\xbc\x49\xa9\x5e\x5a\xdb\xff\x00\xc8\x36\x3b\x7f\xb1\x5b\x45\
\x1f\xfc\xfb\x7f\xd7\x38\xeb\xe2\xf8\x7e\x24\x7f\x6f\x5a\xc7\xe6\
\x7e\xf6\x4f\xfa\x69\x5a\x10\xeb\xd0\x4d\x6b\x1e\xf7\xf3\x64\xff\
\x00\xa6\x9f\xbd\xac\xea\x6e\x68\x7d\x31\xf0\x7f\x4d\xf0\x8f\xc7\
\x8d\x07\xc5\x1f\x18\xbe\x2c\x5d\xe9\xbe\x24\xf1\xa5\xd5\xe4\x96\
\xda\x3f\x85\xe4\xbc\xfb\x36\x99\x61\x1f\x99\xfb\xbf\x32\x3f\xf9\
\x69\xe6\x47\xff\x00\x2d\x2b\x0f\xf6\x84\xf8\xf1\xe0\x7f\x1e\x78\
\x5e\xcf\x4a\xf0\xcf\x80\xfc\x37\xa6\xf8\xa2\xc3\xfe\x62\x5a\x15\
\xbf\xd9\xa2\x8a\x3f\xf9\x69\x1d\x7c\xdf\xe3\x6d\x4b\x4a\xd0\x7c\
\x39\x79\xa9\x4f\xe5\xff\x00\xa2\xfe\xf3\xcc\xff\x00\x96\xbe\x67\
\xfc\xf3\xae\x0f\xe1\x2f\xed\xe1\xe1\xfd\x1e\xd6\x4f\xed\x1d\x2b\
\xec\xd7\x17\x52\x49\xfb\xff\x00\xfa\x67\x4b\xd9\xf2\x07\xb4\x3e\
\x9c\xf8\x7b\xf0\xc7\x55\xf1\xb6\xbd\x6f\xa7\x69\xb0\x45\x73\xaa\
\x5d\x79\x72\x47\x24\x9f\xba\xfd\xdd\x47\xf1\xca\xf6\xfb\xe0\xfe\
\xb3\x26\x95\x3e\xa3\xa6\xea\x5a\xa7\xfc\xf3\xb0\x92\x3b\x98\xa2\
\x93\xfe\x79\xf9\x95\xe3\xf0\xfe\xd5\xd0\x78\x92\x2b\x84\xb4\x78\
\xbc\xb9\x7f\xe5\xa4\x17\x9f\xbd\xf2\xff\x00\xf2\x1d\x63\xe9\xde\
\x2a\xd2\xbc\xbf\xdd\xcf\x15\xb7\x9b\xfb\xcf\x32\x4f\xdd\xd0\x66\
\x58\xd6\x34\xdd\x73\xc5\x57\x52\x4f\xa9\x78\x8e\xf6\xca\xde\x5f\
\xf9\x61\x61\xfb\xaf\xdd\xff\x00\xd3\x49\x2a\xc6\x9b\x13\xe8\x32\
\xc7\x04\x77\xda\x95\xcd\xbc\x5f\xeb\x3e\xd7\x71\x24\x9f\xbb\xae\
\x4f\xc4\x9f\x18\x34\x3d\x06\x29\x3c\xfd\x46\x29\x3c\xdf\xf9\xe7\
\x58\xfa\x3f\xed\x21\xa5\x4d\x7f\xe5\xda\x41\x25\xcc\x92\xfe\xee\
\x38\xe3\xa0\x29\x9f\x74\x7e\xc4\xff\x00\xf0\x51\x9f\x15\x7e\xc2\
\x1e\x27\xd2\xee\xbe\xd5\x73\xab\x78\x4e\xfe\xe3\xec\xd7\x9a\x2c\
\x92\x79\x91\x4b\x1f\xfd\x33\x8e\xbf\x70\x3f\x67\xaf\xda\x13\xc2\
\xbf\xb5\x17\xc3\x4b\x7f\x15\x78\x3b\x51\x8b\x52\xd2\xee\xbc\xbf\
\x32\x37\xfd\xdc\xb6\xb2\x7f\xcb\x48\xe4\xff\x00\xae\x75\xfc\xbf\
\xe8\xfa\x3e\xb3\xf1\x27\xc6\x56\x7a\x8e\xab\x27\x95\x67\x6b\xe5\
\xf9\x70\x7f\xaa\x97\xcc\xff\x00\x96\x7f\xbb\xaf\xb8\x3f\xe0\x95\
\xff\x00\xb4\x56\xab\xfb\x20\x7e\xd1\x96\x72\x47\xaa\xdc\xdc\xf8\
\x4f\xc5\x17\x11\xd9\x6a\x96\x12\x49\xe6\x45\xff\x00\x3c\xfc\xcf\
\xfa\xe9\x1d\x00\x7e\xe8\x4c\x3f\x7b\x27\xfc\xb2\xa2\x0e\xf5\x1f\
\x92\x93\x7e\xf2\x0f\xde\x5b\xcb\xfb\xcf\x33\xfe\x99\xf9\x71\xf9\
\x7f\xfa\x32\x88\x61\xa0\x09\x27\xed\x51\xcd\x35\x13\x7e\xe3\xfe\
\x9a\x51\xe4\x7b\xd0\x04\x70\x77\xab\x13\xf6\xa8\xe1\x86\x89\xa1\
\xa0\x03\xe4\xa8\xc7\xfa\xe9\x28\xf2\x3d\xe8\xff\x00\x96\xb4\x01\
\x24\x33\x7e\xea\x89\xbf\xd7\x51\x07\x7a\x3c\xff\x00\x6a\x00\xaf\
\x3f\x6a\x28\x96\x1c\x1a\x28\x03\x52\x18\x7f\x75\x27\xfd\x32\xa8\
\xff\x00\xe5\x95\x49\x0f\xee\x62\xa3\xf7\x7e\x57\xfc\xb4\xa0\x03\
\xc9\xfd\xd5\x47\x07\x7a\x90\xcf\xe7\x79\x95\x5e\x19\xa8\x02\x49\
\xfb\x51\x52\x43\x0f\x9f\x2d\x02\x1c\x4b\x27\xfa\xca\x00\x8e\x69\
\xa8\x86\x1f\xdd\x51\x34\x3f\xbd\xff\x00\xae\x55\x27\xfc\xb2\xa0\
\x02\x1f\xdd\x51\x34\xde\x74\x55\x27\x9d\xfb\xaa\x64\xdf\xea\x68\
\x01\x21\x9a\x8a\x8e\x1f\xf5\xd5\x25\x00\x15\x1d\x49\x51\xd0\x04\
\x94\x51\x45\x00\x13\xf6\xa2\x0e\xf4\x4f\xda\xa3\xa0\x09\x28\xa2\
\x19\xa8\xa0\x08\xea\x4f\x27\xf7\x55\x1d\x58\xff\x00\x96\x54\x01\
\x1c\xd0\xd4\x7f\xeb\x6a\x48\x61\xf3\xa5\xf2\xe8\x9a\x1f\x26\x5f\
\xfa\x67\x40\x07\x93\xe5\x51\x44\xd3\x47\xe5\x7f\xd3\x4a\x27\xed\
\x40\x15\xe6\x9b\xf7\xb4\x43\x37\xef\x6a\x49\xbf\xd7\x57\x2f\xf1\
\x53\xe2\xd7\x87\x3e\x06\xf8\x36\x4d\x73\xc5\xda\xe5\x8e\x89\xa5\
\xc5\xfb\xbf\x32\x4f\xf9\x6b\x27\xfd\x33\x8e\x80\x3a\x8f\x9f\xcd\
\xa2\x69\xbc\x9f\xfa\x65\x1d\x7c\xef\xe0\xef\xf8\x2a\xbf\xc0\xcf\
\x1e\x5f\xc9\xa7\x68\xfe\x34\xb6\xfb\x67\xfa\xbd\x93\xdb\xfd\x9b\
\xf7\x9f\xf5\xd3\xcc\xae\x83\x4d\xf8\xfd\xa3\xfc\x5a\xf0\xbc\x9a\
\x96\x81\xa9\x5b\x5e\xd9\xc5\x24\x96\xd2\x49\x05\xc7\x9b\x14\x52\
\x47\xff\x00\x2c\xe8\x03\xd3\x35\xef\x88\x5a\x6e\x9b\x14\x9f\x3c\
\x72\x49\xff\x00\x4c\xff\x00\x7b\x5c\x5e\xbd\xf1\xb2\x49\xa5\xf2\
\xe0\x92\x28\xa3\x97\xf7\x7f\xbb\xaf\x9e\xff\x00\x6c\xcf\xda\x5a\
\x4f\xd9\x8f\xf6\x73\xf1\x47\x8e\xff\x00\xb3\x7f\xb5\xee\x34\x1b\
\x3f\xdd\xda\x7f\xd3\x49\x24\xf2\xe3\xff\x00\xc8\x92\x47\x5f\x9e\
\xff\x00\xb0\x4f\xfc\x16\x4b\xe2\x57\xc6\x6f\xda\xfb\x4b\xf0\x77\
\x8e\x2c\x74\xd9\x7c\x3f\xe2\x89\x3e\xcd\x6f\x24\x16\xfe\x57\xd8\
\x2e\x3c\xbf\x32\x3a\x0d\x0f\xd5\x8f\x18\x78\xda\x48\x6d\x64\x9e\
\xee\x79\x7e\xc7\x6b\xe6\x49\xfb\xbf\xf5\xbe\x5c\x71\xc9\x24\x9f\
\xfa\x2f\xcc\xaf\xcb\x3d\x7b\xfe\x0e\x0a\xf0\xe6\xa5\xf1\xba\xdf\
\x43\x93\xc1\x5a\x94\x7e\x0b\xba\xd4\x24\xd3\xbf\xb7\x64\x93\xf7\
\xb2\xfe\xf2\x48\xfc\xc8\xe3\xff\x00\xae\x95\xfa\x61\xac\x59\xa6\
\xa5\x61\x24\x13\xfe\xf6\x39\x7f\xd1\xbf\xe9\xaf\x97\xff\x00\x2d\
\x3f\xf2\x1c\x95\xf9\xb7\xe2\xaf\xf8\x20\xce\x87\xa9\x7c\x5a\x8e\
\xfa\x7f\x15\x4b\x17\x84\xe2\xbc\xfb\x4c\x76\x1e\x5c\x7e\x6f\xfa\
\xcf\xf5\x71\xc9\xff\x00\x3c\xfc\xca\x00\xaf\xff\x00\x05\x68\xfd\
\x92\xef\xbe\x27\x7c\x39\xb3\xf1\x57\x87\x2d\x65\xbd\xd5\x34\x69\
\x23\x92\x38\xe0\xff\x00\x5b\x75\x1f\xfc\xf3\xaf\xce\xb9\xbf\x65\
\x1f\x8a\x96\x72\xfe\xf3\xe1\xe7\x8b\x62\x8e\x5f\xde\x79\x7f\xd9\
\x72\x4b\xff\x00\xb4\xeb\xf7\xd3\x52\xd0\x7c\x9d\x1b\xc8\xb4\xfd\
\xd7\x95\xe5\xfd\x9e\x4f\xf9\xe5\x27\xfc\xb3\xff\x00\xd1\x75\xf6\
\x27\xc0\xcf\x88\x5f\xf0\xb3\xbe\x14\xe8\xfa\xaf\xfa\xbb\x8f\x2f\
\xec\xd7\x1e\x5c\x7e\x5f\xef\x23\xfd\xdd\x06\x75\x4f\xe5\x1e\x6f\
\xd9\xa7\xe2\x1e\x9b\xff\x00\x1f\x5e\x07\xf1\x6c\x71\xc5\xfb\xcf\
\x32\x4d\x2e\xe3\xca\xa8\xff\x00\xe1\x49\xf8\xab\xcd\xf3\x3f\xe1\
\x1c\xd6\xe3\xf2\xbf\xe5\x9c\x9a\x7c\x9e\x6f\xfe\x8b\xaf\xeb\xa3\
\xed\x92\x4c\x7e\x7f\xfc\x89\x1f\x99\x51\xfd\x8a\x0f\x36\x4f\xf4\
\x4b\x29\x7f\xeb\xa5\xbf\x9b\xff\x00\xb4\xe8\x03\xf9\x1b\xd4\xbe\
\x18\xdd\x68\x37\x51\xfd\xba\x0b\xeb\x1f\xb5\x7e\xf2\x39\x27\x8f\
\xca\xff\x00\xb6\x75\x5e\x6f\x0a\xdd\xf9\x52\x7c\xff\x00\xbb\xff\
\x00\x9e\x91\xfe\xf2\xbf\xac\x0f\x89\x1f\x00\x3c\x07\xf1\x9f\x46\
\x93\x4a\xf1\x57\x84\x7c\x3f\xad\xd9\xcb\xff\x00\x2c\xe7\xb3\x8e\
\xbe\x5b\xf8\xb5\xff\x00\x04\x0d\xfd\x9e\xbe\x24\x79\x97\x7a\x76\
\x95\xe2\x0f\x07\x5e\x7f\xac\xf3\x34\xdb\xc9\x3c\xaf\xfb\xf7\x40\
\x1f\xcf\x7e\x9b\x67\x7d\xa6\xf9\x7f\x3f\x97\x1f\xfd\x34\xff\x00\
\x96\xb5\xa9\x0f\xda\xe6\x96\x3f\xde\x4b\x1c\x71\x57\xeb\x27\xc5\
\xaf\xf8\x36\xcb\x58\xd3\x62\xb8\x93\xc0\x7e\x3f\xd3\x75\xbb\x79\
\x7f\xe5\xd3\x5a\xb3\xfb\x34\xbf\xf7\xf2\xbe\x3f\xfd\xa5\xbf\xe0\
\x98\x3f\x18\xbf\x65\x1d\x2f\xed\xde\x27\xf0\x75\xcf\xf6\x5f\xfc\
\xff\x00\xd8\x49\xf6\x98\xa2\x8f\xfe\x9a\x50\x07\xc8\x7f\x16\xac\
\xe7\xd6\x3c\x25\x70\xe9\x3f\x99\xe5\x47\xfe\xaf\xfe\x59\x57\xcf\
\x9a\x5f\xc3\x1f\x13\x6b\xbe\x19\xbc\xd5\x6d\x74\x3d\x4e\xf7\x43\
\xb5\xf3\x23\x92\xee\x3b\x79\x24\xb6\x8a\x4f\xfa\x69\xe5\xc7\x5f\
\x57\xeb\xda\x0c\x97\xb6\x17\x9b\x23\xf3\x63\x97\xcc\x8f\xcc\xff\
\x00\xb6\x75\xa9\xff\x00\x04\xcd\xfd\xa4\x6e\xfe\x03\xc5\xf1\x13\
\xc3\xf6\xbf\x14\x2d\xbc\x1b\xa8\x5f\xc7\xfe\x87\xa2\xea\xd6\xff\
\x00\x69\xd1\xf5\x9f\xf9\xe9\x1c\x9f\xf3\xcf\xf7\x7f\xf3\xce\x80\
\x3e\x1b\x86\x19\x2c\xe5\xf9\x24\x92\x2f\x36\x49\x23\xfd\xdc\x92\
\x79\xb5\xf5\xc7\x80\xf4\x1d\x3b\xe3\x36\x97\xe1\xbd\x57\x55\xd7\
\x24\x96\x4f\xec\x7f\xec\xeb\x8b\x04\xff\x00\x46\xfb\x2d\xc4\x72\
\x7f\xac\xff\x00\xae\x7f\xbc\xaf\xb2\x3f\x69\x6f\xd8\x3f\xe1\x77\
\x82\x7e\x0a\xe8\x7e\x3f\xff\x00\x84\x2f\xfe\x11\xbf\x88\x97\xff\
\x00\xe9\xbf\x6f\xd1\x75\x4f\xb4\xe8\x5a\xa7\xfc\xf4\x8f\xfd\x64\
\x9e\x5c\x9f\xf2\xd2\xbe\x53\xd4\xac\xfc\x1d\x2e\x81\xa7\xd8\xe9\
\x5a\x1c\x51\xeb\x16\xb2\x49\x25\xc5\xdc\xf7\x1e\x6c\xba\xa7\xef\
\x3c\xcf\xf9\xe9\xff\x00\x2c\xeb\x5a\x60\x71\x7e\x3c\xfd\x9b\xfc\
\x39\x35\xd7\x91\xa3\x41\xa9\x4b\x24\x5f\xeb\x24\x9e\x4f\xdd\x7f\
\xdb\x3a\xd4\xf0\x7f\xc2\xbb\x1f\x0a\xc5\xfb\x88\x3c\xa9\x22\xf2\
\xe2\xf3\x24\xaf\x60\xfe\xc1\x48\x6d\x63\x7f\x2f\xca\x93\xf7\x72\
\xf9\x72\x7e\xf7\xca\xff\x00\xa6\x7e\x65\x61\xea\x76\x69\x0c\x54\
\x80\xb1\xe1\x5f\xf4\x3b\xa8\xff\x00\xe5\xa4\x75\xe8\x1a\x3e\xa7\
\x26\x9b\x2c\x7e\x47\xee\xbf\xeb\x9f\xfa\xda\xf3\x3d\x36\xf3\xc9\
\xbf\xff\x00\x9e\x5e\x55\x77\x1a\x3c\xde\x75\xac\x92\x6f\x92\x4f\
\xfa\x67\x59\x81\xfb\xc9\xff\x00\x04\xe5\xf8\xee\x9f\xb4\x27\xec\
\x99\xe1\xbb\xe9\x27\xf3\x75\x4d\x06\x39\x34\x9b\xc9\x3f\xe5\xa7\
\xfc\xb3\xf2\xe4\x93\xfe\xd9\xf9\x75\xef\x1f\xf2\xcf\xcb\xaf\xc9\
\xff\x00\xf8\x22\x1f\xed\x2d\xff\x00\x08\x4f\xc6\xeb\xcf\x03\xea\
\x53\xf9\x56\x7e\x2d\xff\x00\x8f\x78\xff\x00\xe5\x94\x57\x1e\x5c\
\x92\x47\xff\x00\x7f\x2b\xf5\x83\xc9\xfd\xec\x89\xff\x00\x2d\x22\
\xa0\x08\xe6\x87\xc9\x8a\xa3\x9a\x6a\xb1\xff\x00\x2c\xfc\xba\xaf\
\x34\x34\x00\x41\xde\x8a\x21\x86\x8a\x00\x3e\x7a\x3f\xe5\xad\x49\
\xe7\xfb\x54\x73\x7f\xae\xa0\x02\x8a\x28\xa0\x02\x7e\xd4\x51\x3f\
\x6a\x28\x02\xc4\x3f\xf2\xd2\x88\x66\x93\xfe\xba\xd4\x90\x77\xa3\
\xe4\xa0\x08\xe6\x9b\xc9\x97\xfe\x7a\xf9\xb4\x7f\xa9\x97\x65\x49\
\x0c\x3f\xba\xa8\xe1\xff\x00\x5d\x40\x12\x43\x35\x13\x4d\xe5\x51\
\x47\xfa\xda\x00\x8e\x69\xa8\x86\x67\xa2\x68\x7f\xd5\xd4\x90\xc3\
\x40\x11\xc3\x35\x13\x4d\xfb\xaa\x93\xe4\xa2\x7e\xd4\x01\x1c\x33\
\x7e\xf6\x8f\x39\xff\x00\xb9\x44\x3f\xeb\xaa\x4f\x92\x80\x23\xf3\
\x9f\xfb\x94\x79\xfe\xd5\x27\xc9\x51\xd0\x01\xe7\x3f\xf7\x28\xf3\
\x9f\xfb\x95\x27\xc9\x47\xc9\x40\x11\xcd\x35\x10\xcd\x52\x4d\x0d\
\x10\xc3\xfb\xaa\x00\x8f\xce\xf2\xaa\x4f\x3f\xda\x8f\x92\x8a\x00\
\x8f\xce\xfd\xed\x49\xe7\xfb\x54\x75\x63\xfe\x59\x50\x04\x7e\x76\
\x3f\xe9\x95\x57\x9a\x69\x26\xff\x00\x96\x95\x63\xfd\x55\x47\x34\
\x3f\xbd\xa0\x08\xe1\x99\xf3\xff\x00\x3d\x23\xa9\x3c\xef\x3b\xcb\
\xff\x00\x96\x71\xd4\x9e\x4a\x7f\x7e\xa3\x9f\xb5\x00\x10\xc3\xe7\
\x7f\xcb\x3f\x2a\x38\xbf\xe5\xa4\x95\xf8\x7f\xff\x00\x05\xa4\xfd\
\xb6\x23\xfd\xa2\xbe\x3e\xdc\x68\xfa\x3d\xd7\xda\x7c\x2f\xe1\x2f\
\x32\xca\xce\x3f\xf9\x65\x75\x24\x7f\xbb\x92\x4a\xfd\x20\xff\x00\
\x82\xae\x7e\xd9\x96\x9f\xb2\x8f\xec\xf1\xa8\x69\xb6\x37\xd1\x45\
\xe3\x0f\x14\x47\x25\xb5\x9c\x71\xff\x00\xad\xb5\x8f\xfe\x5a\x49\
\xff\x00\x4c\xff\x00\x77\x5f\x80\xfe\x25\xd7\xa7\xd6\x2e\xbf\x79\
\xff\x00\x2d\x7f\xe7\xa5\x00\x65\xde\x79\xf7\x86\x44\x49\xe5\x96\
\x4f\x2f\xfd\x67\xfc\xf2\xff\x00\xb6\x95\xf5\xe7\xfc\x1b\xf7\xf1\
\xca\xfb\xe1\x8f\xc5\xaf\x1e\x7c\x32\xd6\x6f\xa4\x97\x4f\xd7\xa3\
\xfe\xd6\xd2\xe3\x9f\xfe\x7e\x3f\xe5\xa5\x7c\xaf\x65\x0c\x1a\x3d\
\x84\x93\xbb\xf9\x72\x7f\xd3\x4a\xe2\xf4\x7f\x8e\x5a\x8f\xc1\x3f\
\x8b\xfe\x1f\xf1\x8e\x9b\x3f\x95\x79\xe1\x7b\xc8\xee\x7f\x77\xff\
\x00\x2d\x63\xf3\x3f\x79\x1f\xfd\xfb\xac\xfd\xa0\x1f\xd0\xa7\xc4\
\xff\x00\x87\xba\x3f\xc5\xaf\x06\x6a\x9e\x18\xd7\x2d\x7f\xb4\xb4\
\x7d\x53\xf7\x77\x11\xff\x00\xcf\x5f\xf3\xe5\xf9\x95\xe1\xff\x00\
\x03\x7f\xe0\x97\x5f\x0d\x7e\x03\xfc\x6e\xff\x00\x84\xf3\x4a\xb5\
\xd4\xa4\xd5\x3f\xe5\xce\x09\x24\xfd\xd5\xaf\xfc\xb3\xfd\xdc\x7e\
\x5d\x7b\x07\xc1\x9f\x8a\x9a\x57\xc6\x0f\x85\x5a\x3f\x89\xb4\xa9\
\xfc\xdb\x3d\x52\xce\x3b\x9f\xdd\xff\x00\xe8\xba\xcf\xfd\xa5\xbf\
\x69\x0f\x0e\x7e\xca\x1f\x09\x75\x8f\x18\xf8\xba\xfb\xec\xda\x3e\
\x97\xfb\xbf\xdd\xfe\xf2\x59\x64\x93\xfd\x5c\x75\xa0\x7b\x53\xb8\
\x9b\xf7\x32\xff\x00\xcf\x29\x3f\xe9\x9d\x61\xeb\x13\x79\x32\xf9\
\x9f\xeb\x7f\xe5\xa7\x99\x1f\xee\xff\x00\x77\x1d\x7c\xbf\xfb\x1c\
\xff\x00\xc1\x60\x3e\x1e\x7e\xda\x5f\x12\xe4\xf0\x8e\x9b\x6b\xad\
\xe8\x1a\xe4\xb6\xf2\x49\x67\x1e\xa5\x1f\x95\x15\xfd\x7d\x09\xf1\
\x53\xc2\xb3\xf8\xdb\xe1\xee\xb9\xa3\x5a\xdd\xfd\x86\xf3\x59\xd2\
\xee\x2d\xac\xe7\x8f\xf7\x7e\x54\x92\x47\xe5\xf9\x94\x1a\x1e\x1f\
\x67\xff\x00\x05\x08\xf8\x43\xe2\xaf\x8b\xff\x00\xf0\x82\x69\xbe\
\x38\xd3\x6e\x7c\x49\x2f\x99\x6d\xe5\xc7\xfe\xaa\x59\x3c\xcf\xf5\
\x71\xc9\x5f\x5a\x7e\xc5\xbe\x36\xfe\xcd\xf1\xe6\xb9\xe1\x89\xde\
\x58\xe3\xd5\x23\xfb\x6d\x9c\x7f\xf2\xcb\xcc\x8f\xfd\x67\xfe\x8c\
\xf3\x2b\xf9\xfb\xf8\x63\xff\x00\x04\xaf\xf8\xb7\x0f\xed\x05\xe1\
\xbd\x2a\x4f\x0a\xea\x5a\x6c\x9a\x5e\xa9\x1d\xcd\xe6\xa7\xff\x00\
\x2e\xbe\x5c\x72\x79\x9f\x69\x8f\xfe\xba\x7f\xcf\x3a\xfd\xa4\xff\
\x00\x84\xc2\xeb\xe1\x2e\xbd\xa5\xeb\xf6\x3f\xbc\xbc\xd0\x64\x8e\
\x4f\x2f\xfd\x57\xda\xa3\xff\x00\x57\xe5\xff\x00\xdb\x4a\x0c\xea\
\x9f\x7a\x4d\x33\xc3\x14\x9f\x27\xee\xe2\xa8\xe1\xff\x00\x5b\x27\
\xfc\xf3\xff\x00\x9e\x95\xf9\x4f\xe3\x6f\xf8\x39\xda\x3f\x0d\xeb\
\xd7\x96\xb1\xfc\x36\xd3\x7e\xd1\x6b\x71\x25\xb4\x91\xbd\xe7\xef\
\x7c\xcf\x32\xb9\x3f\xf8\x8a\x3f\x55\xbc\x97\x65\xaf\xc3\xdd\x13\
\xcc\xff\x00\xaf\x89\x28\x03\xf6\x12\x19\xbf\xed\x97\xfd\x74\xa9\
\x00\x93\xcd\x93\xff\x00\x46\x47\x5f\x8d\x7a\xf7\xfc\x1c\xeb\xe3\
\x88\x6d\xbf\xd1\x7c\x17\xe1\x7b\x69\x25\xff\x00\xb6\x92\xf9\x95\
\x8f\xa6\xff\x00\xc1\xc5\xdf\x15\xf5\x8f\xb4\x6f\xff\x00\x84\x6e\
\xda\x38\xbf\x79\xe5\xc7\x67\x40\x1f\xb5\x97\x90\xc9\x9f\xf9\xe5\
\xe5\x7f\xcb\x4f\xf5\x52\xd1\x3c\x3f\x6c\xb5\x92\x07\x82\xda\xf6\
\xce\xeb\xfe\x3e\x20\xf2\xe3\x92\x2f\x2f\xfe\xb9\xff\x00\xcb\x4a\
\xfe\x69\xfe\x3f\x7f\xc1\x52\x7e\x2b\xfc\x72\xf1\x44\x97\xda\xaf\
\x8b\xb5\x68\xa3\x97\xf7\x9e\x5d\xa4\x92\x5b\x45\x51\xfc\x25\xff\
\x00\x82\x99\x7c\x4a\xf8\x6f\x2c\x7f\xd9\x5e\x31\xd6\xec\xa4\x8b\
\xfe\x9e\x24\xad\x00\xfd\x8c\xfd\xb1\xbf\xe0\x87\xbf\x0b\xff\x00\
\x69\x09\x6f\x35\x8f\x0c\xc7\x27\x80\x3c\x59\x2f\xef\x23\x7b\x48\
\xff\x00\xe2\x59\x75\x27\xfa\xcf\xde\x5b\xff\x00\xed\x4a\xfc\x92\
\xf8\xf9\xff\x00\x06\xcb\x7e\xd3\xba\xdf\xc5\x87\x5d\x0b\xc2\xba\
\x06\xb7\xa5\x5d\xcf\x9f\xb7\xa6\xb7\x67\x14\x72\xc7\x5f\x54\xfe\
\xc8\xff\x00\xf0\x58\x5f\xda\x17\xe2\x86\xa5\x2d\xa5\xae\xab\xa0\
\x6a\x5a\x3e\x8f\xe5\xc9\xaa\x6a\x5a\xcd\xbe\x22\xb5\xf3\x23\xf3\
\x23\xff\x00\xae\x95\xf5\x1f\xc3\xcf\xf8\x2c\x8c\x1e\x24\xf8\x71\
\xae\x6b\x13\xda\xe8\x1a\x8c\x7a\x0c\x72\x49\x79\x24\x1e\x65\x95\
\xb7\xfd\x73\xff\x00\xb6\x95\x98\x1f\xcf\xa5\xdf\xc5\xaf\x8d\x3f\
\xb0\xaf\x8f\x35\xcf\x87\x3a\xad\xd6\xaf\x65\x1e\x83\x71\x27\xdb\
\x3c\x2f\xad\x47\xf6\x9b\x1f\xfa\xe9\xe5\xff\x00\xd7\x3f\xde\x7e\
\xee\xbe\xd4\xf8\x85\xfb\x2e\x78\x1f\x41\xf8\x5f\xf0\xdf\xe2\xa7\
\x83\xa0\xd4\xad\xac\xfc\x79\xa7\xc7\x73\x25\x84\x97\x1f\x69\xb5\
\xb5\x93\xcb\xfd\xe7\xfe\x44\x8e\x4a\xf6\x0f\xf8\x28\x75\xe6\x81\
\xff\x00\x05\xb0\xf0\x96\x97\xe2\x6d\x0f\xe0\x9f\x88\x3c\x2f\xe2\
\x8b\x0f\xdd\xd9\xf8\xce\x7b\x88\xec\xa2\xbf\xb7\xff\x00\x9e\x7f\
\xf4\xd2\xb9\xff\x00\x1e\x78\xc3\x4e\xf8\x33\xfb\x1b\xfc\x3f\xf8\
\x49\xe2\xab\x1b\xed\x23\xc6\x1e\x0d\xf2\xed\xad\xe3\xf2\xfc\xd8\
\xae\xa3\xf3\x24\xfd\xe7\xfd\xb4\xfd\xe5\x00\x78\x9c\xd6\x71\xcd\
\x63\xff\x00\x4c\xeb\x8f\xd7\xa1\xf3\xa5\x92\x3f\x2f\xfd\x57\xfc\
\xb4\xaf\x40\x9e\x1f\x26\x5b\x88\xff\x00\xd5\x7f\xd3\x3a\xe4\xf5\
\xeb\x3f\x27\xcc\xff\x00\x96\xb5\xd0\x07\x2f\x3c\x3e\x4c\xb1\xff\
\x00\xcb\x4f\x37\xf7\x7f\x25\x76\x1a\x0c\xde\x4d\xac\x7f\xf2\xd7\
\xfe\x99\xd7\x2f\x34\xde\x4f\xff\x00\x1b\xad\x8f\x0d\xea\x5e\x4c\
\xb1\xc6\xf5\x98\x1e\x81\xf0\x97\xe2\x1e\xa5\xf0\xfb\xe2\x36\x97\
\xac\xe9\x53\xcb\x6d\x79\x61\x79\x1d\xcc\x72\x7f\xd3\x4f\x33\xf7\
\x75\xfd\x08\x7c\x1e\xf8\xa9\x63\xf1\x9b\xe1\x2f\x87\xfc\x55\x62\
\xfe\x6c\x7a\xcd\x9c\x72\x7e\xef\xfe\x59\x49\xff\x00\x2d\x23\x93\
\xfe\xda\x57\xf3\x97\x67\x79\xfe\x95\x1b\xff\x00\xe4\x4a\xfd\x6c\
\xff\x00\x82\x1e\xfe\xd0\x92\x78\xab\xe1\xce\xb1\xe0\x4d\x4a\x7f\
\x32\xe3\x4b\xff\x00\x4d\xd3\xe3\x93\xfe\x79\xff\x00\xcb\x48\xeb\
\x30\x3e\xec\xf3\xbf\xe9\x9d\x13\xf6\xa3\x9f\x37\xfc\xff\x00\xab\
\xa2\x69\xa8\x02\x38\x66\x7a\x92\x18\x7c\xda\x8e\x18\x6a\xc4\x3f\
\xba\xa0\x0a\xf3\x7f\xae\xa8\xfc\xe7\xfe\xe5\x5d\x87\xfd\x4d\x56\
\x9f\xb5\x00\x13\x4d\x47\x9f\xed\x45\x14\x00\x79\xfe\xd4\x51\x3f\
\x6a\x28\x02\xe4\x1d\xe8\xa8\xe1\x9a\xa4\xf3\xfd\xa8\x00\x9a\x6a\
\x20\xef\x44\xd3\x7e\xea\xa3\x86\x6f\xde\xd0\x04\x94\x51\xe7\x7f\
\xb7\x47\x9d\xfe\xdd\x00\x03\xf8\x28\xa8\xe6\x9b\xf7\xb1\xd4\x9e\
\x77\xfb\x74\x00\x51\x3f\x6a\x3c\xef\xf6\xe8\x9a\x6f\xdd\x50\x04\
\x70\xff\x00\xae\xa9\x2a\x38\x66\xfd\xed\x49\xe7\x7f\xb7\x40\x05\
\x47\xe4\xfe\xf3\x65\x49\xe7\x7f\xb7\x51\xf9\xdf\xbd\xa0\x09\x28\
\xa3\xce\x8f\xcd\xa2\x80\x09\xa6\xa2\x0e\xf5\x1c\xdf\xeb\xa8\x86\
\x6a\x00\x92\x8a\x3c\xef\xf6\xe8\xf3\xbf\xdb\xa0\x03\xfe\x5a\xd1\
\xe7\x7e\xea\xa3\xf3\xbf\x7b\x52\x79\xfe\xd4\x00\x54\x73\x7f\xad\
\xff\x00\x57\xe6\xd4\x9e\x77\xfb\x75\x1c\xd3\x79\x54\x01\x62\x18\
\x7c\xe8\xa3\x4a\xe0\xfe\x3f\xfc\x7e\xd0\x3f\x67\x0f\x87\x37\x1a\
\xfe\xb9\x77\x14\x5f\xbb\x93\xfb\x3e\xd3\xfe\x5a\xdd\x49\xff\x00\
\x2c\xff\x00\xf2\x25\x6c\x7c\x55\xf8\xb7\xa0\x7c\x12\xf0\x1e\xa1\
\xe2\x0f\x11\x5f\x45\x65\xa5\xda\xf9\x9f\x3f\xfc\xb5\x96\x4f\xf9\
\x67\x1c\x7f\xf3\xd3\xcc\xaf\xc7\x3f\xdb\xab\xf6\xd8\xd5\x7f\x6a\
\xef\x88\x32\x5d\xc8\xff\x00\xd9\xba\x5e\x97\xfe\x8d\xa5\xc1\xff\
\x00\x3c\xa3\xf3\x28\x03\xc5\xff\x00\x6c\xcf\x8b\x5a\xc7\xed\x15\
\xf1\x43\x50\xd7\xf5\xfd\x57\xed\x3a\x85\xfc\x92\x79\x71\xc7\xff\
\x00\x2e\xb1\xff\x00\xcb\x38\xe3\xaf\x13\xff\x00\x85\x6f\x77\x79\
\x6b\x24\xf0\x79\x52\xc7\x17\x99\x27\xee\xeb\xac\xf1\x86\xa5\x05\
\xe4\xbe\x47\xfa\xdb\x8f\xf9\xe9\x52\x43\xaf\x7f\xc2\x2b\xe1\xcb\
\xcb\xa9\x3f\xef\xdd\x00\x78\x7f\x8d\xbc\x49\xe4\xd8\x49\xb3\xfe\
\xb9\xc9\x1f\xfc\xf2\xaf\x27\xf1\xb4\xd2\x5e\x68\x37\x1f\xf3\xce\
\x58\xff\x00\xed\xad\x75\x1f\x16\xb5\xeb\x49\xb5\x49\x2f\xad\x3f\
\x75\xff\x00\x2d\x2e\x23\x8f\xfd\x54\xbe\x64\x95\xdc\x7e\xc8\xbf\
\x00\x7f\xe1\xa5\xfe\x39\xf8\x3f\xc3\x1e\x64\x71\xe9\xfa\xa5\xe5\
\xbc\x97\x12\x49\xfe\xaa\x2b\x78\xe4\xff\x00\x57\xff\x00\xb4\xe8\
\x03\xf4\x53\xfe\x08\x63\xf1\x6f\x52\x83\xe0\x8f\xfc\x21\x7a\xe7\
\x99\xfe\x8b\x27\x99\xa7\xc7\x24\x7e\x57\xfa\x3c\x91\xf9\x9e\x5f\
\xfd\xb3\xaf\xa6\x3f\x6f\x6f\xd9\x46\x3f\xdb\x33\xf6\x73\xd5\x3c\
\x17\xf6\xa8\xec\x6e\x25\xbc\xb7\xbd\xb7\x92\x48\xfc\xdf\xde\x47\
\x27\x99\x1f\x99\x5e\x4f\xac\x78\x96\x0f\x0d\xfc\x4b\xf0\x9e\xb1\
\xe1\xcd\x0f\xec\x5a\x3d\xae\xb9\x71\xe1\x4d\x62\xd2\x3b\x7f\xde\
\xd8\x49\xe5\xfe\xee\xe7\xfe\xfd\xf9\x75\xf4\xc4\x5e\x2a\x83\x4c\
\x8b\xcb\x9f\xfe\xfe\x49\xff\x00\x2d\x68\x03\xe0\x3f\xd8\x6f\xfe\
\x08\xdb\xe2\x3f\xd9\xbf\xf6\xc8\xb7\xf1\xfe\xb9\xac\xc5\x26\x87\
\xe1\xcf\x32\x4d\x2e\x38\xff\x00\xe3\xea\x59\x24\x8e\x3f\xf5\x9f\
\xfb\x4e\xbf\x41\x35\x2f\x2e\x6b\x49\x3f\xe5\xac\x7f\xf3\xd2\x8d\
\x36\x6d\x57\xc4\x97\x51\xc7\xa5\x58\xc9\x73\x1f\xfa\xbd\xf2\x47\
\xfb\xaa\xea\x3c\x37\xfb\x34\xea\xbe\x23\x97\xcc\xd6\x2e\xa5\xff\
\x00\xae\x11\xfe\xea\x80\x3c\xcf\x52\xd7\x92\x19\x7c\x88\xfc\xcb\
\x99\x25\xf3\x3f\x77\x1f\xfc\xf4\xaf\x23\xfd\xa2\xbe\x36\x5a\xfc\
\x31\xf0\xbd\xe5\xd6\xab\xe6\x49\x71\x6b\xfe\xaf\x4d\x8f\xfd\x6d\
\xd4\x9e\x5f\x99\x1d\x7d\xe1\xe0\x3f\xd9\x5f\x4a\xf0\xdd\xd4\x73\
\xdf\x49\x24\xb2\x45\xe5\xfe\xee\x3f\xf5\x51\x7f\xd3\x4a\xf9\x1f\
\xfe\x0a\xa1\xfb\x3a\xda\x68\x3f\x16\xb4\xbf\x15\x5a\x41\x1c\x7a\
\x7e\xb3\x6f\xf6\x6f\x32\x38\xff\x00\xd5\x5c\x79\x9f\xfb\x52\x3f\
\x32\xb4\x03\xf9\xe3\xf8\xb5\xe3\x6b\xbf\x15\x7c\x46\xd7\x35\x59\
\xed\x64\xd3\x64\xd5\x2f\x24\xb9\xfb\x27\xfc\xf2\xfd\xe7\xfa\xba\
\xb1\xf0\x4e\x68\xf5\xef\x19\x47\x69\x3f\xee\xff\x00\xd5\xc7\xe6\
\x57\xba\x7f\xc1\x49\xbf\x67\xb4\xf0\x1f\xc5\xaf\xed\x9d\x3a\x3f\
\x2a\xcf\x5e\xff\x00\x59\x1c\x7f\xf3\xd3\xfe\x7a\x57\xcf\x7a\x0d\
\x9c\xfa\x65\xfc\x72\x47\xfb\xa9\x3f\xe5\xa4\x95\x9d\x40\x3e\xb4\
\xd6\x3e\x09\xf8\x2f\x47\xd0\x6d\xee\xe3\xbe\xfb\x4d\xe7\x97\xfb\
\xc8\xe3\xff\x00\x55\x5c\x9e\xb1\x67\xa5\x78\x6f\x45\xb8\x9e\x0f\
\x2e\x4b\x89\x7f\x77\xe5\xc7\x5e\x4f\x79\xe2\x4b\xef\xf9\x67\x3c\
\x91\x7f\xcb\x3a\xb9\xa0\xd9\xcf\x79\x16\xf9\x24\x96\x4f\xfa\x67\
\xe6\x50\x07\xa4\x59\xe8\x36\x3a\xf5\xad\xbc\x93\xf9\x51\xff\x00\
\xcb\x3f\xdd\xd5\x3b\xcf\x83\xf1\xcd\x75\xfb\x8b\xbf\xfb\xf7\x5c\
\x9d\xe4\x37\x56\x72\xc9\x24\x72\x4b\x14\x7f\xf3\xce\x8d\x1b\xc4\
\xba\xae\x9b\x73\xe6\x6f\x96\x58\xe2\xff\x00\x96\x94\x01\xea\x9f\
\x09\x7e\x33\x78\xd3\xf6\x44\xd7\xae\x2f\xbc\x31\x3d\x97\x97\xaa\
\x7e\xee\xe2\xc2\xfe\xde\x3b\x9b\x6b\xaf\xdd\xff\x00\xcb\x48\xeb\
\x9f\xf8\x9d\xf1\xcb\xc6\x3f\x16\xa2\xf2\xf5\xcb\xef\x33\x47\xfb\
\x47\xdb\x7f\xb3\x6d\x23\xfb\x35\xb7\x99\xfe\xb3\xfd\x5c\x75\x9f\
\x7b\xaf\x5d\x78\x92\xd6\x3f\x33\xf7\x5e\x57\xfa\xb9\x24\xaa\x73\
\x79\xf0\xc3\x1f\x99\xfb\xcf\xfa\xe7\x40\x1f\x42\x7c\x66\xff\x00\
\x82\x9c\x3f\xc4\x8d\x07\x47\xff\x00\x8a\x46\x5b\x69\x34\x1b\x38\
\xed\xac\xfc\xcd\x52\x4f\xb0\xd8\x7e\xef\xfd\x64\x76\xff\x00\xea\
\xeb\x83\xd0\x7c\x61\xe2\x0f\x89\xd7\x57\x1a\xff\x00\x89\xb5\xc9\
\x6e\x64\xba\x8f\xcc\x8f\xcc\x93\xfe\x59\xff\x00\xcb\x3f\xfb\x69\
\xfe\xb2\xbe\x73\xfd\xa1\x3c\x55\x1d\x9f\x82\x2e\x34\xd8\x20\x8a\
\x2b\x8b\xaf\x2f\xcc\x93\xfd\x5c\xb1\x47\xfe\xb3\xf7\x95\xe7\xfa\
\x07\xc7\xdf\x11\xe9\xf3\x47\x05\xa4\xe2\xf6\xde\x5f\x2e\x38\xed\
\x09\x92\x4f\x37\xfe\x59\xff\x00\xed\x4a\x7f\x00\x1f\xa0\x91\x40\
\x93\x5a\xc7\x24\x7f\xbd\xff\x00\xa6\x9f\xfb\x52\xb9\xfd\x62\xce\
\x4f\x36\x4f\xf9\xe7\xff\x00\x4c\xeb\x97\xf8\x41\xf1\x1f\x55\xff\
\x00\x85\x43\xa7\xa6\xab\xa7\x7d\x8b\x58\xff\x00\x57\xe4\x49\x27\
\xfa\xa8\xff\x00\xe5\x9f\x99\x55\xfc\x49\xe3\x6b\xe9\x65\xb8\xdf\
\x7d\x15\x8f\x95\xfb\xb8\xe3\xab\x03\x43\x52\x87\xfd\x2b\xfe\x7a\
\x7f\xcf\x3f\x2e\xa4\xd3\x61\x78\x7c\xb9\x3f\xe7\xaf\xfc\xf3\xac\
\x7f\x0a\xe8\xfa\xae\xa5\x2c\x72\x6f\xbd\xbe\x93\xcb\xff\x00\x57\
\x1c\x7f\xba\xaf\x48\xd0\x7e\x00\x78\xff\x00\xc4\x96\xb1\xc9\x6b\
\xe1\x2d\x7e\x58\xe5\xff\x00\xa7\x7f\x2b\xff\x00\x46\x54\x7b\x40\
\x33\xec\xff\x00\x73\x17\xfc\xf4\xff\x00\xae\x7f\xf9\x0e\xbe\x88\
\xff\x00\x82\x75\xfe\xd2\x1f\xf0\xce\xbf\xb4\xb7\x86\xf5\x89\x2e\
\xfc\xbb\x3f\xb4\x47\x1d\xc4\x7f\xf2\xd6\x58\xff\x00\xd5\xc9\x5f\
\x3f\xf8\xab\xe0\xff\x00\xc5\x8f\x86\xf6\xbf\x6a\xbb\xf8\x49\xe3\
\x6b\xdb\x3f\xf5\x9e\x7e\x99\xe5\xde\xfe\xee\xbc\xbe\x6f\x8d\x9e\
\x0e\xf8\x91\xff\x00\x12\xad\x4a\xeb\x56\xf0\xbe\xb1\x6b\x27\xfa\
\x3c\x92\x5b\xc9\x6d\x75\x61\x25\x20\x3f\xaa\x78\x2f\x63\xbe\xb4\
\x8e\x7b\x57\x8e\x5b\x79\x63\x8f\xcb\x91\x3f\xe5\xac\x72\x47\xe6\
\x7f\xe8\xb9\x29\x67\xed\x5f\x19\x7f\xc1\x16\xff\x00\x6c\x6d\x63\
\xf6\x8f\xfd\x9f\x7f\xe1\x12\xf1\x75\xc5\xb5\xef\x8a\xfc\x07\xe5\
\xd9\x26\xa5\x07\xfa\xad\x7b\x4f\xff\x00\x97\x79\x3c\xbf\xf9\xe9\
\xff\x00\x2c\xff\x00\xed\x9d\x7d\x93\x34\xd4\x01\x24\x1d\xe8\xa8\
\xe1\x9b\xf7\x55\x27\x9f\xed\x40\x12\xc3\xfe\xa6\xab\x4d\xfb\xd9\
\x7f\xe9\x9d\x49\x3f\x6a\x8e\x19\xbc\xaa\x00\x92\x0e\xf4\x4f\xda\
\x89\xa6\xf3\xbe\x7a\x8e\x6f\xf5\xd4\x00\x4f\xda\x8a\x26\x9a\x31\
\x45\x00\x58\x83\xbd\x49\xe4\x7b\xd1\x07\x7a\x28\x00\x9a\x1f\xdd\
\x54\x7f\xf2\xd6\xa4\x9f\xb5\x47\xe4\xfe\xf6\x80\x08\x61\xa9\x3c\
\x8f\x7a\x28\xa0\x08\xe6\x86\x88\x61\xa9\x07\xf0\x51\x40\x07\x91\
\xef\x51\xcd\x0f\xee\xaa\x4a\x27\xed\x40\x11\xc3\x0f\xef\x6a\x4f\
\x23\xde\xa3\x87\xfd\x75\x49\x40\x07\x91\xef\x51\xf9\x3f\xbd\xa9\
\x2a\x3a\x00\x93\xc8\xf7\xa2\x18\x7f\x75\x45\x14\x00\x79\xde\x55\
\x47\x07\x7a\x26\xff\x00\x55\x1d\x49\x07\x7a\x00\x3c\x8f\x7a\x8e\
\x68\x6a\x4a\x28\x02\x38\x61\xfd\xed\x49\xe4\xfe\xea\x8f\xf9\x6b\
\x44\xdf\xea\xbe\x7f\xdd\x79\x5f\xbd\xfd\xe5\x00\x47\x34\x3f\xba\
\xff\x00\x9e\x9f\xf4\xce\xb9\xff\x00\x8b\x5f\x15\x3c\x3f\xf0\x37\
\xe1\xf5\xe7\x88\xfc\x55\xa9\x45\x63\xa5\xda\xff\x00\xdf\xd9\x64\
\xff\x00\x96\x71\xc7\x5c\xff\x00\xed\x2d\xfb\x54\xf8\x3b\xf6\x58\
\xf0\x97\xf6\xaf\x89\xaf\xff\x00\xd3\x25\x8f\xcc\xb7\xb0\x8f\xfe\
\x3e\x6e\xa4\xff\x00\x96\x7f\xf6\xce\xbf\x1f\xbf\x6e\x3f\xdb\x13\
\x5f\xfd\xaf\xbc\x6d\xf6\xad\x62\x61\x63\xa3\xd8\x7e\xee\xcf\x4c\
\xb7\x93\xca\x8a\xd7\xfe\x79\xff\x00\xe4\x3a\xd7\xd9\x81\xa3\xfb\
\x7a\xfe\xdf\x5a\xe7\xed\x5b\xe3\x83\x23\xcf\xf6\x1f\x0e\x5b\x7f\
\xc8\x33\x4d\x8f\xfd\x54\x51\xff\x00\xf6\xca\xf9\x8e\x6f\x15\x79\
\xde\x63\xff\x00\xcb\x4f\xfa\x69\x5a\x9a\x3f\xc3\x1d\x57\xc6\xd7\
\xfe\x5e\x95\x6b\xa9\x5f\x49\x17\xfc\xf3\x8e\xb3\xf5\xef\x83\x3a\
\xc7\x85\x6f\xe4\x82\xea\xd2\xf6\xda\xf2\x28\xe4\x93\xcb\x92\x3f\
\x2b\xf7\x75\x90\x18\x70\x4d\x26\xa5\x7f\x1b\xfe\xf3\xcc\x96\x4f\
\x2f\xcb\xae\x6f\xe3\xc7\x8a\xa0\xd1\xf4\x6f\xec\xa8\xe3\xf3\x64\
\x8b\xfd\x65\x73\xfa\xf7\xed\x39\x69\xf0\x97\xe2\x35\xc6\x8f\x75\
\x6b\x14\x9e\x57\x97\xfb\xcf\xfa\x69\x59\x7f\x63\xff\x00\x85\xa9\
\x7f\xfd\xb3\x77\x75\x27\xd9\xee\xbf\xe5\x9d\x00\x71\xfe\x0f\xf0\
\xdb\xf8\xab\x59\xfb\x22\x27\x9b\x1d\xd7\xfc\xb4\xff\x00\xa6\x75\
\xfb\x49\xff\x00\x04\x26\xff\x00\x82\x72\xe8\xda\x97\xec\x15\xac\
\x78\x9f\x5f\xb5\x8a\x3f\x10\x7c\x41\xb8\x92\xcb\x4f\xbb\x8e\x3f\
\xde\xe9\x76\xf6\xff\x00\xea\xfc\xbf\xfb\xf7\xe6\x57\xc5\xff\x00\
\xf0\x4c\x7f\xd8\xfe\x3f\xda\x8b\xf6\x9b\xf0\xff\x00\x85\x60\x49\
\x2d\xb4\xff\x00\x2e\x4b\x9d\x42\x78\xff\x00\xe5\xd6\xde\x3f\xfe\
\x39\x5f\xd0\x27\xc3\xdf\x87\xba\x57\xc2\xbf\x01\xe8\xfe\x19\xf0\
\xfd\xa4\x76\x3a\x3e\x8d\x67\xf6\x6b\x78\xff\x00\xe9\x9c\x74\x01\
\xf3\xdf\x86\xff\x00\x66\x3f\xf8\x46\xf5\xed\x51\xfe\xc3\xe6\xea\
\x9a\xcf\xd9\xff\x00\xb4\x3f\xe7\x94\xb7\x11\xff\x00\xcb\xcf\xfd\
\x74\x92\x38\xeb\xbc\xd1\xff\x00\x66\xf8\xff\x00\xb5\x37\xcf\x63\
\x6d\xe6\x7f\xac\xf3\x2e\x3f\x7b\x5e\xb8\x7f\xe5\x9f\xfc\xf4\xa9\
\x3c\xa4\xa0\x0c\x7d\x1b\xc1\x16\x9a\x3d\xac\x71\xfe\xeb\xcc\xad\
\x4f\x27\xca\xa9\x21\x87\xc9\x97\xfe\x7a\xd4\x73\x7f\xae\xa0\x08\
\xe1\xfd\xf7\xfc\xf5\xae\x6f\xe3\x0f\xc1\xfd\x2b\xe3\x67\xc3\xfb\
\xcf\x0e\x6a\xa9\xe6\xdb\xcb\x1f\xfa\x3c\x92\x47\xff\x00\x1e\xb7\
\x1f\xf2\xce\x4f\xfd\x19\x5d\x4c\x3f\xea\x69\x2b\x5f\x6a\x07\xe3\
\xff\x00\xed\xbf\xff\x00\x04\xa3\xf8\x95\xf1\x22\xd6\xdf\x47\xb4\
\xf0\xff\x00\xf6\xb7\xf6\x5d\xc4\x9f\x67\xbf\x8f\xfe\x5e\xab\xc1\
\xf4\x7f\xf8\x20\x0f\xc6\x6d\x4a\x29\x37\xf8\x57\xcb\xff\x00\xa6\
\x92\x49\x1f\xee\xab\xf7\xe2\x19\xbf\xe7\x9f\x9b\xff\x00\x5d\x24\
\xa2\x69\xbf\xe5\xa7\x99\xff\x00\xc6\xa9\xfc\x60\x7e\x07\xff\x00\
\xc4\x3f\x7f\x1a\x7c\xaf\xf9\x17\x23\xff\x00\x73\xcc\x8e\xb4\x34\
\xdf\xf8\x37\xd7\xe3\x4e\x9b\x14\x92\x27\x86\x22\xfd\xef\xfc\xb3\
\xfb\x44\x75\xfb\xc1\x0c\xcf\xe6\xd4\x93\x4d\xe7\x4d\xff\x00\x3d\
\x2b\x1a\x80\x7f\x39\xff\x00\x10\xbf\xe0\x9a\x7f\x11\xbe\x15\xdf\
\xc9\x69\xae\x78\x4b\x56\xb6\xf2\xbf\x77\xff\x00\x1e\xfe\x6c\x55\
\xe4\x7e\x24\xfd\x9b\xf5\x5d\x06\x59\x37\xe9\xb7\x31\xf9\x5f\xf2\
\xce\x48\xe4\x8e\xbf\xa8\x8f\xf5\xdf\xbb\x93\xfd\x26\x3f\xf9\xe7\
\x24\x75\xc9\xf8\xdb\xe1\x2f\x81\xf5\xeb\x09\x2e\xbc\x47\xe1\x8f\
\x0d\xc9\x1f\xfc\xf4\x9e\xce\x38\xa8\x03\xf9\x97\xd1\xfc\x05\x75\
\x07\x98\x92\x5a\x79\x9f\xf4\xce\xb2\xef\x21\x7b\x3f\x32\x3f\xdd\
\xc5\x24\x5f\xbb\xf2\xe4\xaf\xdb\x0f\xda\xd3\xe1\xbf\xec\xcb\xf0\
\xdf\x4b\x93\x5c\xd6\x3c\x31\x73\xa4\x69\xff\x00\x68\x93\xf7\xfa\
\x6f\xfa\xd9\x64\xff\x00\x96\x9e\x5c\x7f\xf3\xce\xbf\x26\xfe\x36\
\x4d\xe1\xcf\x88\x5e\x3c\xd4\x2f\xbc\x2b\xa5\x4b\xe1\xff\x00\x0d\
\xfd\xa3\xfd\x0f\xfb\x4b\xfd\x6c\xb1\xd0\x07\xcb\xff\x00\x1e\x3c\
\x13\x77\xaf\x45\x66\x96\x31\xf9\xb7\x9a\xa7\x97\x65\x6f\x1f\xfd\
\x34\x92\x4f\xf9\x69\x5e\xd0\x7f\x65\x8f\x0c\xfe\xcc\x91\x47\x63\
\xa3\xcf\xff\x00\x09\x07\x8a\x22\xb7\x8e\x3d\x42\xfe\x3f\xf9\xf8\
\xfd\xdf\x99\x1d\xbf\xfc\xf3\x8f\xfe\x59\xd6\xa6\x9b\xa0\x58\xe9\
\xb2\xef\x82\xd7\xcd\x93\xfe\x7a\x4f\x5a\x06\x69\xfc\xaf\xf5\xff\
\x00\xbc\xfd\xe7\xfa\xbf\xdd\x7f\xdb\x4a\x0e\x9f\x64\x6a\x43\xe1\
\x5f\x07\x59\xda\xc7\xf6\xe7\xf1\x4f\x88\x2e\x3f\xe5\xa4\x7a\x6d\
\x9c\x76\xd1\x79\x9f\xf3\xcf\xed\x1f\xeb\x2b\x3f\xc4\x9a\x6c\x10\
\xf8\xdf\x4b\xd6\x34\x0f\x0e\x4b\x65\x6f\xa5\xc7\x1f\xfa\x06\xa5\
\x27\xf6\x94\x52\xff\x00\xac\xfd\xe4\x9f\xf3\xd3\xfd\x65\x57\x9a\
\x69\x3c\xa8\xff\x00\x7f\x73\x47\x9d\x3c\x32\xc7\xfb\xfb\x98\xa3\
\xff\x00\x9e\x9e\x65\x06\x47\x51\x37\xed\x09\xf1\x2b\xc9\xd9\x6b\
\xaa\xc9\xe1\xfb\x79\x7f\x77\x24\x1a\x2e\x9f\x6f\xa6\xc5\xff\x00\
\x90\xeb\x87\xd6\x26\xbb\xd7\xae\xbc\xfd\x62\x4d\x4b\x52\xb8\x97\
\xfe\x5a\x5f\xc9\xf6\x99\x7f\xef\xe5\x6e\x4d\xac\x7f\x66\xc5\x24\
\x92\x5d\xcb\xfb\xaf\xfa\x69\x5c\x9e\xb3\xf1\x7f\x52\x9a\xeb\xc8\
\xb1\xbb\x97\xf7\xb2\x79\x7e\x65\x00\x74\x9e\x0f\xd6\x1f\xc2\xba\
\xcc\x77\xda\x54\xf7\xba\x4d\xe5\xaf\xfc\xb7\xb0\xb8\xfb\x34\xbe\
\x67\x97\xff\x00\x2c\xe4\x8e\xac\x7c\x60\xf1\x24\x7f\x18\x34\xb9\
\x3f\xe1\x31\xb1\xb2\xf1\x6d\xe7\xfa\xb8\xf5\x2b\xff\x00\xf9\x09\
\xda\xc9\xff\x00\x5f\x1f\xf2\xf1\xff\x00\x6d\x2a\x4f\x86\x3e\x15\
\xd6\x3c\x79\x2c\x69\xfe\xb2\x49\x7f\xe5\x9f\xd9\xe8\xf8\xb5\xf0\
\xf7\x55\xf8\x7b\x7f\x1c\x77\x70\x79\x51\xcb\x1f\xee\xe4\x93\xfd\
\x57\x99\x41\x99\xd2\x7f\xc1\x21\x7f\x6c\x6d\x4b\xfe\x09\xe3\xfb\
\x66\xf8\x4e\x4d\x66\xee\x5b\x9f\x86\xfe\x3c\x92\x4d\x16\xe2\x39\
\x24\xf3\x3e\xcb\xe6\x49\x1c\x7f\x69\xff\x00\xbf\x9e\x5d\x7f\x47\
\x92\x98\xcf\xfa\xbc\xcb\x1f\x97\x1c\x91\xba\x7f\xcf\x39\x3f\x79\
\x5f\xca\x7f\xc7\x2f\x07\xff\x00\xc2\x6d\xf0\x5a\xf3\xc4\x7a\x77\
\x99\x6d\xaa\x78\x4b\xfd\x23\xc8\xff\x00\xa6\x7e\x5f\xff\x00\xbb\
\x92\xbf\xa6\xcf\xd9\x17\x5e\xbb\xf1\x57\xec\x8d\xf0\xbf\x55\xd4\
\xa7\x96\x4d\x42\xff\x00\xc2\x7a\x7c\x92\x49\x27\xfa\xdf\x33\xcb\
\x8f\xf7\x94\x01\xe8\x10\xc3\x52\x79\x1e\xf4\x41\xde\x8a\x00\x96\
\x6f\xf5\x35\x5b\xc9\xfd\xed\x49\x3f\x6a\x20\xef\x40\x04\x1d\xea\
\x3f\x27\xcd\xab\x1e\x4f\x9b\x47\xfa\xaa\x00\xaf\xe4\x7b\xd1\x4b\
\x79\xfe\xa6\x3a\x28\x02\xdc\x1d\xe8\xa8\xfc\x8f\x7a\x3c\x9f\xf6\
\x28\x02\x49\xbf\xe5\x9d\x47\x0f\xfa\xea\x26\x87\xf7\x54\x79\x3f\
\xbd\xa0\x09\x28\xa8\xfc\x8f\x7a\x3c\x9f\xf6\x28\x02\x41\xfc\x14\
\x54\x73\x43\xfe\xae\x88\x61\xa0\x09\x28\x9f\xb5\x47\xe4\xff\x00\
\xb1\x44\xd0\xd0\x01\x0f\xfa\xea\x92\xa3\xf2\x3d\xe8\xf2\x7f\xd8\
\xa0\x09\x2a\x3a\x3c\x9f\xf6\x28\xf2\x3d\xe8\x02\x4a\x2a\x3f\x27\
\xfd\x8a\x3c\x9f\xf6\x28\x02\x49\xfb\x51\x07\x7a\x8f\xc8\xf7\xa2\
\x18\x7f\x75\x40\x12\x51\x51\xf9\x3f\xec\x51\x34\x34\x00\x43\x37\
\xef\x7f\xef\xe5\x78\xbf\xfc\x14\x0b\xf6\xba\x93\xf6\x33\xfd\x9e\
\x2e\x3c\x4f\xa7\x58\xc7\x7d\xac\x5d\x49\xf6\x6b\x3f\x3f\xfd\x54\
\x52\x79\x72\x49\xe6\x7f\xe4\x3a\xf6\x48\x61\xfd\xef\xfc\xb3\xfd\
\xef\xfc\xb4\xff\x00\xda\x95\xf9\xaf\xff\x00\x05\xda\xf8\xe5\x69\
\xe2\xad\x52\xcf\xc0\x16\x32\x7e\xf3\xc2\xf1\xfd\xa6\xf2\x4f\x33\
\xfe\x5e\x24\x8f\xff\x00\x8d\xff\x00\xe8\xca\x00\xfc\xda\xfd\xa2\
\x7f\x6b\xef\x1f\x7c\x64\xf1\x8d\xfe\xb7\xad\xea\x32\x6b\x5a\x9d\
\xcc\xf2\x08\x80\x93\x81\x5e\x39\xfd\xbd\xf1\x1a\xf2\x59\x1f\x7e\
\x89\x1f\x95\xe6\x49\xe5\xc9\x25\x75\x1a\xf6\x8f\x3c\x37\x51\xc9\
\xe4\x49\x2c\x72\xfe\xef\xcc\x8e\xb3\xe6\x86\xd6\x1b\x09\x24\xbb\
\xba\xfb\x0c\x71\x7f\xcb\x3f\xf5\x52\xcb\x5a\x01\xef\x9f\xb2\x57\
\xed\xbd\xff\x00\x0a\xdf\xc3\x92\x41\xa8\xdd\x5f\x78\x7f\x50\xd2\
\xed\xe4\x8e\x39\x2d\x2c\xe3\xb9\xb1\xba\xb8\xff\x00\x9e\x77\x1f\
\xf4\xce\xb8\xbf\x8c\x1f\xb6\x96\xb9\xf1\x83\xe1\xcd\xc4\x7e\x2a\
\xb1\xb1\x8f\x5c\x8a\xf3\xed\xb1\xeb\x51\xde\x7f\xc7\xad\x9c\x9e\
\x67\x99\x1c\x91\xff\x00\xcb\x4f\xf9\x67\x5e\x27\xaf\x7c\x5a\xd0\
\xfc\x37\x14\x91\xfd\xae\x29\x7c\xaf\xf9\x67\x1d\x73\xfa\x96\xa5\
\x77\xe2\xad\x17\xed\x57\x51\xf9\x5f\x6f\x93\xf7\x91\xc7\xff\x00\
\x3c\xff\x00\xe5\x9c\x75\x98\x1e\x0f\xf1\x53\xe2\x17\xfc\x27\xbe\
\x32\x93\x55\x48\xff\x00\x77\xfe\xae\x3f\x33\xfd\x6f\x97\xff\x00\
\x2c\xfc\xca\xfa\x33\xf6\x75\xd4\xa3\xd4\xbc\x11\x6f\x1f\x99\xe6\
\xc9\x17\xee\xeb\xe7\xbf\x8b\x5e\x09\x4f\x0d\xeb\xfb\x2d\x24\xff\
\x00\x43\xba\x8f\xed\x3f\xfa\x32\x4f\x2f\xff\x00\x21\xd7\xd3\x9f\
\xf0\x4a\xff\x00\x84\xba\x8f\xed\x21\xf1\x7f\x43\xf0\x06\x95\x1f\
\xfa\x66\xbd\x71\x1f\xef\x3f\xe7\xd6\xdf\xcc\xfd\xe5\x00\x7e\xe0\
\x7f\xc1\x04\xbf\x65\xdf\xf8\x56\x3f\xb3\xf6\xa1\xe3\xfb\xe8\x3c\
\xbd\x53\xc6\x57\x11\xc7\x67\xe6\x47\xfb\xdf\xb1\xc7\xff\x00\xdb\
\x2b\xef\xc9\xa6\xf3\xff\x00\xe9\x9d\x63\xf8\x2b\xc1\x36\x3f\x0d\
\xfc\x07\xa3\xf8\x73\x4a\x8e\x38\xb4\xbd\x06\xce\x3b\x2b\x3f\x2e\
\x3f\xf9\xe7\x1f\xff\x00\x6b\xad\x4f\x23\xde\x80\x23\xa9\x21\x9a\
\x83\xfc\x74\x4f\xda\x80\x08\x61\xfd\xd5\x47\x34\x34\x51\xe4\xf9\
\x54\x01\x24\x1d\xe8\x9f\xb5\x47\xe4\x7b\xd1\xe4\xf9\xd1\x50\x00\
\x3f\xd4\xc9\x44\x30\xf9\xb4\x4d\x0f\x93\x15\x1f\xea\x66\xff\x00\
\xae\x55\xad\x3a\x80\x10\xfe\xe7\xcb\xa3\xc9\xfd\xef\xc9\xfb\xdf\
\xfa\x67\x1d\x47\xa9\x4d\x06\x9b\x61\x71\x77\x77\x3c\x76\xd6\x7e\
\x5f\x99\xe6\x49\xff\x00\x3c\xeb\xc7\xfe\x24\x7c\x7e\x9f\x58\x96\
\x4b\x1d\x0d\x3e\xcd\x6f\x2f\xfc\xbd\xff\x00\xcb\x59\x6b\x20\x24\
\xfd\xa5\xbf\x6c\xcf\x0f\xfe\xce\xba\x36\xa1\x05\xaf\x95\xad\xf8\
\x93\x4b\xb7\xf3\x3e\xc1\x1c\x9f\xba\xb5\xf3\x3f\xd5\xfd\xa2\xbe\
\x6b\xf0\xa7\xed\x39\xe3\x4f\x8b\x56\xb1\xf8\xbb\xc6\x33\xe9\xba\
\x47\x82\xfe\xcf\x24\x92\x49\x27\xfa\x34\x5e\x65\x61\xfe\xd3\x9f\
\xb6\x07\x80\xff\x00\x66\x9b\x5b\x8f\xed\x9f\xb3\x6b\x7e\x20\xba\
\xff\x00\x57\xa4\xa7\xef\x65\x96\x4f\xf9\x67\x25\xc4\x95\xf9\xd7\
\xfb\x45\x7e\xd7\x5e\x2e\xfd\xa8\xb5\xe9\x24\xd7\x2e\xbe\xcd\xa3\
\xda\xff\x00\xc7\xbe\x93\x69\xfb\xab\x6a\xe6\xf8\xce\x9f\x64\x7a\
\xc7\xed\xf9\xfb\x6f\x68\x7f\x1b\x35\x9b\x3d\x1b\xc2\xb6\xb2\xdc\
\xdb\xe8\xdf\xbb\xfe\xd2\x9f\xfd\x55\xd7\xef\x3f\xe7\x9d\x7c\xaf\
\xe7\x7d\xb2\x59\x24\x9e\x4f\x32\x49\x7f\xf2\x15\x49\x65\xe5\xcb\
\x2f\xfd\x33\xff\x00\x9e\x92\x53\xfc\xe8\xe1\xf3\x29\x88\x64\x33\
\x79\x32\xff\x00\xf1\x15\x24\x33\x47\x35\x10\xc1\xfb\xaf\x32\xb2\
\xf5\x3d\x7a\x0d\x1e\x29\x3c\xf7\x8f\xfe\xba\x56\x86\x86\xc7\xee\
\xe6\xfb\xf5\x97\xac\x78\xaa\xd3\x47\x8a\x47\x91\xff\x00\xd5\x7f\
\xcb\x3a\xe2\xfc\x55\xf1\x6a\x38\x7f\xe3\xd3\xcd\x96\x4f\xf9\xe7\
\x5c\x5f\x9d\x7d\xe2\xab\xad\xf3\xbf\x95\x1c\xbf\xf2\xce\x4a\xd0\
\xe7\x3a\x8d\x7b\xc7\x93\xf8\x92\xea\x48\x2d\x3c\xcf\x2f\xfe\x99\
\xd7\x61\xf0\x4f\xe1\x2c\xfa\xfe\xa9\x1c\x97\x69\xfb\xba\xe6\xfc\
\x2b\xe1\xbb\x5d\x1e\x28\xfc\xcf\xde\x49\x5e\x91\xe1\xbf\x8c\x1a\
\x6f\x80\xe2\x8e\x49\x27\x8e\x2f\xf9\x6b\x40\x1f\x7a\x7e\xc7\x3f\
\x09\x7c\x39\xa6\x5a\xc6\xf7\xcf\x6d\x17\x95\x1c\x72\x47\xe6\x47\
\xff\x00\x4d\x2b\xe5\xff\x00\xf8\x2e\x17\xc7\xef\x0c\x45\x6d\x6f\
\xe1\x8f\x0c\x5d\x45\xfd\xa1\x2f\x99\x1d\xe7\x97\xff\x00\x2c\xa3\
\xff\x00\x57\x5e\x4f\xf1\x0b\xfe\x0a\x4d\xe2\x3d\x63\x4b\x93\x4a\
\xf0\x8d\xad\xcf\xfc\xf3\xf3\x23\x8e\xbe\x43\xf8\xcd\x37\x89\xf5\
\x8d\x52\xe3\x51\xf1\x1c\x17\xde\x65\xd7\x99\x24\x72\x49\x41\x99\
\xe9\x1f\xb2\xe7\xc7\xfb\x5d\x4a\xeb\x50\xf0\x57\x8c\x6f\xbc\xad\
\x2f\xc5\x1a\x7d\xc6\x9d\x6f\xa9\x49\xff\x00\x2e\xb2\x49\xff\x00\
\x2c\xeb\xfa\x40\xff\x00\x82\x48\xfc\x7e\x8f\xe3\x2f\xec\x8d\xa5\
\xe8\x17\x53\xc7\xfd\xb9\xf0\xfa\x3f\xec\x5b\x88\xe3\xff\x00\x96\
\xb6\xff\x00\xea\xe3\xaf\xe4\xbe\x6b\xdf\x3a\xeb\xfd\x67\xef\x3f\
\xe7\xa4\x7f\xfa\x32\xbf\x62\x3f\xe0\x83\xff\x00\xb7\x54\x7e\x08\
\xf1\x97\x84\xef\xb5\x59\xe5\x8f\x4b\xd5\x24\x93\xc3\x9e\x24\x8f\
\xfe\x9a\x79\x7f\xbb\xb9\xff\x00\xc8\x94\x01\xfb\xcb\x0f\xfa\x9a\
\x4a\x3c\x9f\x26\x5f\x93\xfd\x5c\xb4\x79\x1e\xf4\x00\x4f\xda\x88\
\x3b\xd4\x73\x43\xfb\xda\x21\x87\xca\xa0\x09\x3c\xff\x00\x6a\x28\
\x9f\xb5\x47\xe4\xfe\xea\x80\x16\xea\x6f\x9a\x8a\x8a\x58\x70\x68\
\xa0\x0d\x08\x3b\xd1\x44\x33\x51\x40\x04\xfd\xa8\x83\xbd\x13\xf6\
\xa8\xfc\xff\x00\x6a\x00\x92\x8a\x27\xed\x45\x00\x03\xf8\x28\xa0\
\x7f\x05\x14\x00\x51\x3f\x6a\x28\x9f\xb5\x00\x47\x0f\xfa\xea\x92\
\xa3\x87\xfd\x75\x49\x40\x05\x47\x52\x54\x74\x01\x25\x14\x51\x40\
\x04\xfd\xa8\x83\xbd\x13\xf6\xa2\x0e\xf4\x00\x51\x3f\x6a\x28\xf2\
\x52\x69\x63\xf3\x2b\x5f\x64\x06\x5f\x89\x3c\x55\x69\xf0\xf7\xc2\
\x5a\xa6\xbf\xa9\x49\x1d\xb6\x9f\xa5\xdb\xfd\xa6\x4f\x33\xff\x00\
\x21\xc7\x5f\xcf\x7f\xed\xc9\xf1\x69\xfe\x2c\xfc\x4b\xd6\x35\xc7\
\xbb\xbe\xb6\xd4\x2f\xef\x24\xb9\x8e\x48\xff\x00\xf2\x1f\xfe\x43\
\xf2\xeb\xf5\x03\xfe\x0b\x55\xfb\x51\x7f\xc2\x07\xf0\xfb\x4f\xf8\
\x7b\xa5\x5d\x7f\xa6\x6a\x9f\xe9\xba\x84\x9f\xf3\xca\x3f\xf9\x67\
\x1d\x7e\x2d\xfc\x42\xd7\xff\x00\xb4\xb5\x49\x3c\xc7\xff\x00\xa6\
\x9f\xf5\xca\xb2\x03\x8f\x9b\xc4\x9e\x27\x87\xcc\xfb\x26\xb3\x17\
\xfd\x33\x8e\x48\xeb\xce\xfe\x21\x43\xe3\xcf\x1b\x5d\x7f\xa7\x4f\
\xfe\x8f\xff\x00\x4c\x2b\xd5\x3c\x98\xe6\x96\x3f\xf9\x6b\x5a\x90\
\xe8\xdf\xf1\x2b\x92\x7d\xff\x00\xf2\xd2\x80\x3e\x73\xd1\xfc\x07\
\xfd\x83\x75\x1c\xfa\x94\x12\xcb\x71\x14\x9f\xeb\x24\xae\xb2\xf3\
\x52\xff\x00\x89\x5f\x9f\xfb\xcf\x32\xeb\xfd\x1a\x38\xe4\xff\x00\
\xd1\x95\xd6\x6b\x1e\x36\xd2\xb4\x7f\x14\x7d\xae\xee\x0f\xb7\x5c\
\x5a\xff\x00\xab\x8e\x4a\xc7\xf1\xdf\xc6\x6d\x1b\xc7\x9f\x1a\x7f\
\xe1\x31\xbe\xf0\xcd\x8c\x9a\x5d\xad\xbd\xbf\x99\xa1\x41\x27\xd9\
\xa2\xfd\xdc\x7e\x5f\x97\xff\x00\x6d\x2b\x30\x3c\x6f\xc6\x30\x4f\
\xaf\x78\xde\xdf\xfd\x54\xb6\xfe\x64\x76\xde\x67\xf9\xff\x00\xae\
\x95\xfd\x20\x7f\xc1\x15\x7f\xe0\x89\x36\x9f\xf0\x4d\xfb\x09\x3c\
\x63\xe2\xad\x62\xdb\xc4\x9f\x11\x35\x4b\x3f\xb3\x7f\xa2\x47\xfe\
\x8b\xa5\xdb\xf9\x7f\xf2\xce\xbf\x9e\x7f\x86\x3f\x0d\xe7\xf8\x9d\
\xf1\x2e\x3b\x1d\x37\x4a\x93\xcc\xd6\x75\x8b\x78\xed\xed\x23\xff\
\x00\x97\x5f\x32\xe7\xfd\x5c\x75\xfd\x8c\x79\x29\xa7\x5a\xdb\xc1\
\xe5\xf9\x71\xda\xc7\x1c\x75\xa0\x16\x3c\x9f\xdd\x7e\xf3\xfd\x65\
\x10\xcd\xe7\x79\x9f\xf3\xd2\xa3\xff\x00\x81\xf9\x9f\xf4\xd2\x89\
\xa6\xf2\x3c\xca\x00\x28\x82\x2f\xf9\x69\x51\xf9\xdf\xbd\xa3\xcf\
\xf6\xa0\x09\x26\xd9\x0c\xb5\x1c\xd3\x51\x3f\x6a\x8e\x80\x24\x86\
\x6f\xdd\x54\x93\x4d\x51\xd4\x90\xc3\xe7\x45\x1d\x00\x1e\x74\x93\
\x57\x37\xe3\x6f\x89\xda\x57\xc3\xdb\x0f\xf4\xb7\xfb\x4d\xc4\xbf\
\xea\xe0\x8f\xfe\x7a\x57\x9d\xfc\x7e\xfd\xa7\x2e\xbc\x13\x75\x71\
\xa5\x78\x73\x4a\xb9\xd4\xae\x22\x8f\xcb\xb8\xbf\x8f\xfe\x59\x7f\
\xcf\x4f\x2e\xbe\x77\xf1\x2f\xed\x2d\xe1\x8f\x0d\xe8\xda\xa6\xb1\
\xe2\x7b\xeb\xdd\x37\xec\x1f\xe9\x32\x49\x7f\x1f\x95\x2c\xbf\xf5\
\xcf\xfe\x7a\x51\xf0\x1a\x1e\xa1\xf1\x6b\xe3\x37\xdb\x2c\x2e\x35\
\x5f\x10\x6a\xb6\xda\x6e\x8f\x61\xff\x00\x2d\x24\xff\x00\x55\x17\
\x97\x5f\x9e\xff\x00\xb5\xd7\xfc\x15\x8a\x7d\x62\x2b\xcd\x03\xe1\
\x5f\xfa\x35\xbf\x99\x24\x77\x1a\xec\x91\xfe\xf6\x5f\xfa\xf7\xaf\
\x98\xff\x00\x6d\x2f\xdb\xdb\xc4\xdf\xb6\x37\x8d\xf6\x47\x24\x9a\
\x6f\x82\xec\x24\xf2\xec\xf4\xdf\xfe\x39\xff\x00\x4d\x2b\xc7\xff\
\x00\xe1\x24\x83\x4d\xff\x00\x9e\x92\x79\x55\x9f\xb5\x1f\xc0\x75\
\x17\x9a\xc4\xfa\xc5\xfc\x93\xdd\x5d\xdc\xdf\x5e\x5d\x7f\xa4\xc9\
\x3c\xff\x00\xf3\xd3\xfe\x7a\x49\x52\x43\x0b\xf9\xb1\xbf\xee\xab\
\x83\xf1\x57\xc4\xef\xec\x7b\x6f\x31\x3c\xa9\x2b\x8b\xd4\xbe\x33\
\x5d\xde\x45\xf7\xfc\xaf\xfa\xe7\x59\x9d\x3e\xd4\xf7\x09\xb5\x8b\
\x5d\x36\x2f\xf5\x91\x56\x1e\xb1\xf1\x3e\xd7\x4d\x8a\x4f\xde\x45\
\xe6\x45\x5e\x0f\xa9\x7c\x43\xbe\x9a\x2f\xf8\xfb\xfd\xdd\x65\xde\
\x6b\xb3\xde\x79\x92\x3c\xfe\x65\x69\x48\xe6\xf6\x87\xaa\x6b\xdf\
\x1b\x3c\xe9\x64\xd8\xfe\x6f\xfd\x73\xae\x5e\xf3\xc6\xd3\xeb\x12\
\xff\x00\xac\xfd\xdc\xbf\xf3\xd2\xb8\xb9\xb5\x2f\xf4\x58\xe4\x4f\
\xdd\xf9\xb5\x4e\xf7\x5e\xf2\x65\x92\xb4\x11\xdc\x43\xa9\x21\x97\
\xe7\x93\xf7\x75\x27\xfc\x2c\x18\x34\xdf\xf9\x69\xfe\xab\xfe\x59\
\xd7\x97\xcd\xe3\x09\x0f\x99\xe5\xd5\x38\x66\xba\xd7\xaf\xe3\xb4\
\x83\xf7\xb7\x97\x54\x19\x9e\x91\xa9\x7c\x66\xba\xbc\x8a\x38\xe0\
\xff\x00\x57\x2f\xfc\xf3\xaf\x4c\xf8\x05\xfb\x1f\xf8\xbb\xe3\xf6\
\xa9\x1c\xfa\xcc\x9f\xd9\x1a\x5c\xbf\xf3\xd2\x4f\xde\xcb\x5a\x9f\
\xb2\xbf\xec\xdf\xa5\x59\xcb\x1d\xf6\xab\xe6\xdc\xc9\xe5\xc7\x73\
\x27\xfc\xf2\x8a\x3f\x32\xbe\xb4\xbc\xf8\x9d\xe1\x2f\x85\x7e\x17\
\xb3\x7b\x58\x2d\xbe\xd1\x2f\xee\xed\xfc\xcf\xde\x4b\xff\x00\xee\
\xeb\x30\x31\xfc\x13\xfb\x34\xe8\x1f\x09\x7c\x39\xa8\x47\x04\x11\
\x7f\xcf\x38\xe4\xff\x00\x59\xe5\x47\x1c\x71\xd7\xc7\xff\x00\xf0\
\x50\x8f\x1b\x69\x42\xd6\xdf\x4e\xd3\x60\xfb\x34\x91\x7f\xcf\x4f\
\xf5\xbf\xf5\xd2\xbb\x8f\xda\x73\xf6\xba\xd2\xbc\x2b\x14\x96\x3e\
\x1f\xbe\x92\x38\xff\x00\xd6\x79\x1e\x67\xfa\xdb\x8f\xf9\x69\x5f\
\x1f\xea\x57\x9a\xcf\xc6\xcf\x19\x5c\x7c\x97\x32\xdc\x4b\xff\x00\
\x2d\x24\xff\x00\x55\x59\xd3\xf7\xcd\x3d\xa1\xcb\xff\x00\xcf\x37\
\xff\x00\x59\xff\x00\x5c\xeb\xef\x4f\xd9\x5f\xe0\x9e\xb3\xf0\xc7\
\xf6\x4b\xd6\x35\x9f\xb5\xff\x00\x66\xeb\x1a\xce\xb1\x67\x73\x67\
\xe6\x7f\xaa\x8b\xf7\x72\x79\x71\xff\x00\xdf\xba\xf3\xbf\xd9\xa7\
\xf6\x3f\xb4\xd4\xbc\x47\x67\x3d\xd4\x12\x5c\xc9\x17\x97\xe5\xc7\
\xfe\xb7\xf7\x9e\x65\x7d\x89\xfb\x51\x69\xbe\x15\xd1\xfe\x1a\x78\
\x7f\xe1\xce\xbf\xa5\x7f\x6b\x49\x75\x1f\xf6\xb6\xa1\xe4\x5e\x7d\
\x9a\x5d\x2f\xfe\x79\xf9\x7e\x5f\xfd\xb4\xae\xdf\x64\x66\x7e\xa0\
\x7f\xc1\x21\x7f\xe0\xa0\x5f\xf0\xd5\xdf\x06\xff\x00\xe1\x11\xf1\
\x54\x1f\xd9\xbf\x12\x3c\x07\x67\x1d\xb5\xe4\x1f\xf2\xcb\x54\xb7\
\xff\x00\x96\x77\x31\xd7\xd9\x13\xf6\xaf\xe6\xcf\xf6\x45\xfd\xa5\
\xbc\x47\xff\x00\x04\xd9\xfd\xa8\x3c\x27\xe2\xe9\xef\xaf\xbc\x53\
\xf0\xee\x2b\xcf\xb1\x5c\x5d\xdd\xff\x00\xc7\xf5\xad\xbf\xfc\xb4\
\x8e\x4a\xfe\x90\x3c\x2b\xe2\xad\x3b\xe2\x17\x85\xf4\xbd\x73\x47\
\x78\xee\x74\xfd\x66\xce\x3b\xdd\x3e\x48\xff\x00\xe5\xac\x72\x47\
\x1c\x9f\xfb\x52\xb2\x02\xc4\xfd\xaa\x38\x7f\xd7\x54\x90\xcd\xe7\
\x45\xff\x00\x5d\x68\xf3\xfd\xa8\x02\x49\xfb\x54\x75\x1c\xdf\xba\
\xa2\x80\x12\x7f\xf5\xa6\x8a\x59\xfb\x51\x40\x16\x20\xef\x45\x10\
\xcd\xff\x00\x4c\xea\x48\x66\xa0\x08\xfc\xef\xdd\x51\xff\x00\x2d\
\x68\x9b\xfd\x75\x49\x0c\x51\xcc\x28\x02\x39\xbc\xca\x2a\xc4\x30\
\xc7\xff\x00\x3d\x3f\xed\x9d\x47\x37\xee\x65\xff\x00\x9e\xb4\x01\
\x5e\x7e\xd5\x25\x48\x3f\x82\x8f\xf5\x54\x01\x1d\x15\x25\x13\xf6\
\xa0\x08\xfe\x7a\x28\x87\xfd\x75\x49\x40\x11\xd1\xf3\xd4\x95\x1d\
\x00\x14\x54\x94\x50\x05\x79\xfb\x52\xc3\xfe\xa6\xa7\x9a\x1a\x20\
\xef\x5a\x01\x1d\x67\xf8\x93\xc4\x96\xbe\x09\xf0\xe6\xa1\xae\x6a\
\x53\xc7\x6d\x67\x61\x6f\xf6\x9b\x89\x24\xad\x4f\xfa\xe9\xf8\xd7\
\xc6\x7f\xf0\x58\x6f\xda\x43\xfe\x10\x3f\x85\x56\xfe\x04\xb1\x9f\
\xcb\xbc\xf1\x1f\xfa\x4d\xe7\x97\xff\x00\x2c\xad\xff\x00\xe5\x9d\
\x68\x07\xe6\x5f\xed\xd5\xf1\xfa\xfb\xe3\x97\xc5\x1d\x73\xc4\x77\
\x72\x7f\xc7\xfc\x92\x79\x71\xc9\xff\x00\x2c\xa3\xf3\x3f\x77\x1f\
\xfd\xfb\xaf\x95\xf5\x8b\xcf\xb6\x4b\xff\x00\xb5\x24\xae\xe3\xe2\
\xa7\x8a\x5f\x52\xba\xb8\xff\x00\xa6\xbf\xf3\xce\xb8\x78\x61\xf3\
\xa2\xa8\xaa\x01\x65\x0b\xc5\x2f\x99\xfb\xdf\xdd\x49\x5a\x93\x5e\
\x79\x3a\x5c\x70\x7f\xab\x8f\xfd\x6f\x99\x45\x95\x9c\x66\xd6\x3f\
\xf9\x6b\xff\x00\x4c\xea\x9f\x89\x6f\x3f\xb3\x62\x93\xcc\x93\xfe\
\xd9\xd7\x30\x1e\x57\xf1\x82\x68\x35\x2b\xf8\xe0\x44\xff\x00\xa6\
\x9f\xbb\xaf\xa5\x3e\x2a\x7e\xcb\x9a\x04\x3f\xf0\x4f\x1b\xcd\x57\
\xc2\xba\x77\x9b\x79\xa5\xdc\x59\xea\xd7\x13\xc9\xfb\xd9\x65\xb7\
\xff\x00\x57\x27\xef\x2b\xe6\xbd\x07\x4d\x9f\xc6\x1e\x2e\x92\x7d\
\x9e\x67\xef\x3f\xd5\xd7\xd5\x9f\xb0\x1f\x8a\xbc\x6b\xfb\x45\x78\
\xcb\x4b\xfd\x9f\xbc\x39\xe1\xcb\x9b\xe9\x35\x49\x24\xb2\xd6\x35\
\x69\x3f\x79\x15\x85\x9f\xfa\xcb\x8a\xd3\xd9\x81\xf4\xa7\xfc\x1b\
\xa3\xff\x00\x04\xf1\x93\xc6\xde\x28\xd3\xfe\x2a\x78\x83\x4e\xff\
\x00\x89\x1f\x87\x2e\x3f\xb4\x74\xff\x00\x33\xfe\x5e\xae\x3c\xbf\
\xf4\x7f\xfb\xf7\xfb\xca\xfd\xb0\xff\x00\x5d\x2c\x9f\xf2\xd6\x49\
\x6b\x9b\xf8\x33\xf0\x7f\x40\xf8\x03\xf0\xab\x47\xf0\x57\x86\x6d\
\x63\xb2\xd1\xf4\x1b\x78\xec\xa3\xd9\x1f\x97\xe6\xc9\x1f\xfc\xb4\
\xae\x92\x0e\xf4\x00\x79\xde\x4f\xfc\xb3\xa2\x69\xbf\xe9\x9d\x15\
\x27\x93\xfb\xaa\x00\xaf\x0c\xdf\xbd\xa3\xce\xf3\x68\x9a\x1f\xde\
\xd4\x9f\xea\xa8\x00\x9f\xb5\x1e\x77\x93\xf3\xd1\x3f\x6a\xcf\xf1\
\x27\x89\x2d\x3c\x1f\xa5\xfd\xae\xf9\xe2\xf2\xfc\xcf\x2e\x3f\x32\
\x4f\x2b\xf7\x95\xaf\xb3\x02\xc6\xa5\xa9\x41\xa0\xe9\x72\x5d\x5d\
\x4f\x1d\xb5\xbf\xfc\xf4\xaf\x0b\xf8\xc1\xfb\x45\x5d\xeb\x11\x5c\
\x5a\xe9\x4f\x15\x8d\x9c\xbf\xbb\x92\x4f\xf9\xeb\x5f\x05\xff\x00\
\xc1\x55\xbf\xe0\xb2\x57\xda\x0f\x8a\x23\xf0\xaf\xc2\xed\x4a\xda\
\x4d\x52\xc2\xe3\xfe\x26\x9a\xd4\x9f\xbd\xb5\x8b\xcb\xff\x00\x96\
\x71\xd5\x3f\xd9\x5f\xfe\x0b\x55\xe1\x5f\x88\x5a\x5c\x7e\x1f\xf8\
\xe9\xa5\x45\xa2\x5e\x45\xe6\x49\x1f\x88\x74\x9b\x7f\xdd\x4b\x1f\
\x97\xfb\xbf\x32\x3a\xc8\xd6\x99\xf4\x67\x89\x35\xe4\xd3\x2d\x6f\
\x2f\xb5\x9b\xef\xb3\x59\xc5\xfb\xcf\x32\x49\x3c\xaf\xfc\x89\x5f\
\x97\x7f\xf0\x50\xef\xdb\x7a\xef\xf6\xaf\xf8\x8d\xff\x00\x08\xfd\
\x8c\xf2\x5b\x78\x3f\xc2\xff\x00\xbb\xb3\x82\x3f\xf9\x6b\xff\x00\
\x4d\x2a\xc7\xed\x77\xfb\x6c\x5f\x7c\x78\xf8\x8d\xaa\x79\x17\x72\
\xff\x00\xc2\x3f\x6b\x71\x25\xb6\x8f\x61\xff\x00\x2c\xa2\xb7\xff\
\x00\x9e\x9f\xf5\xd2\xbe\x77\xfe\xcd\xf3\x6f\xfc\xcd\xf5\xc5\x4c\
\xe9\xf6\x81\xe7\x79\x1f\x73\xcc\xac\x7f\x1b\x6b\xdf\xd9\xba\x5f\
\xfc\xb3\xfb\x45\x6c\x6a\x5a\x94\x1a\x6f\x99\xff\x00\x2c\xa3\x8b\
\xfd\x64\x95\xe3\xfe\x30\xf1\x54\x9a\xc6\xbd\xe6\x7f\xcb\x3f\xf9\
\x67\x1d\x6a\x72\x9d\x25\xe4\xb6\xb7\x9e\x03\xb8\xf3\xe4\x97\xfb\
\x42\xea\x48\xfc\xb8\xe3\xae\x0e\x6d\x36\xfa\x1b\xf8\xed\x60\xb1\
\xb9\xf3\x2b\xd4\x3e\x18\xf8\x71\xfc\x2b\x17\xf6\xe5\xf4\x91\xcb\
\x79\x2f\x99\x1d\xbc\x12\x47\xfe\xaa\x3a\xcf\xf1\x27\xc4\x2f\x27\
\xcc\xb1\xb1\x8e\x2f\xfa\x69\x24\x74\x01\xc7\xcd\xe0\x99\xec\xfe\
\x7b\xa7\xf2\xa4\xff\x00\x9e\x75\x63\x4d\xd0\x63\x9b\xe4\xff\x00\
\x59\x52\x43\x04\x93\x5d\x79\x8e\xf2\xff\x00\xcf\x4f\x33\xfe\x7a\
\xd1\x79\xaf\x47\xa3\xc5\x24\x71\xff\x00\xac\xff\x00\x96\x72\x56\
\x80\x58\xbc\xd3\x74\xdd\x36\x2f\xde\x47\xff\x00\x6c\xeb\x8f\xd7\
\xa6\xb1\x9e\x5f\xf5\x7f\xbb\xab\x10\xc3\xa8\xf8\xf3\x5f\x8e\xc7\
\x4a\x82\x5b\xeb\xc9\x64\x8e\x3f\x2e\x3a\xfa\x83\xe0\x3f\xec\x2b\
\x06\x8f\x15\xbd\xf7\x8a\xbf\xd3\x6e\x25\xfd\xe4\x90\x27\xfa\xa8\
\xbf\xeb\xa5\x00\x7c\xd7\xa0\xfe\xcb\xbe\x3b\xf1\xb6\x83\x26\xab\
\x63\xa1\xc9\xfd\x9f\xff\x00\x7e\xa5\xff\x00\xb6\x75\xcb\xf8\x3f\
\xc5\x5f\xf0\xac\x7c\x5b\x27\xda\xec\x64\x8e\xe2\x29\x3c\xa9\x3c\
\xc8\xff\x00\x7b\x14\x9f\xea\xeb\xf4\x83\xc7\x9f\x1e\x3c\x3f\xf0\
\x97\xc2\xf1\xc1\xe6\x79\xb2\x45\xff\x00\x6c\xff\x00\xe9\x9f\xee\
\xeb\xf3\xcf\xf6\x96\xf1\xb6\x95\xf1\x0b\xc6\x51\xdd\xe9\x56\xb1\
\xc5\x24\x5f\xbb\x93\xff\x00\xde\x7f\xdf\xca\x3e\x30\x3a\xcb\xcf\
\xda\xef\xc9\xf9\x2d\x63\xb9\x93\xca\xff\x00\x96\x7f\xea\xe2\xae\
\x3f\xc6\x1f\xb4\x86\xbf\xe3\x6b\xaf\x92\xee\x48\xff\x00\xcf\xfa\
\xba\xc3\xf0\xdf\xc3\x7b\xef\x15\x79\x7b\x13\xcb\x8f\xfe\x7a\x49\
\x5e\xa1\xe0\x9f\x82\x76\x9a\x3c\xb1\xc9\xff\x00\x1f\x37\x1f\xf4\
\xd2\x83\x33\xce\xfc\x1f\xf0\x7f\x55\xf8\x83\x75\xf6\xbb\xb7\x92\
\x2b\x79\x7f\xd6\x49\x25\x7d\x21\xf0\x7f\xe0\xcc\x1a\x6c\x51\xda\
\xd8\xc1\x2c\x76\xff\x00\xf3\xd2\xae\x68\xfe\x1b\xb4\xf0\xdd\xad\
\xbc\xfa\x8c\xf1\x5b\x47\xe6\x79\x7e\x5f\xfc\xb5\xf3\x3f\xe9\x9d\
\x70\xff\x00\x1f\xbe\x2a\x6b\xf0\xdf\xdc\x78\x57\x4e\xb4\x93\x44\
\xd3\xe2\xb3\xfb\x4f\xfd\x3d\x5f\xd6\xbf\x00\x1e\xc1\x0f\xed\x0b\
\x77\xe1\x5f\x11\xdb\xe8\xfe\x00\x9e\xda\x29\x3e\xd9\xf6\x6b\x8f\
\x10\xfd\x9f\xed\x31\x7d\xa3\xfd\x67\x97\x67\x1f\xfd\x73\x8f\xfd\
\x67\xfc\xb3\xad\x08\x74\xdd\x73\x5e\xd5\x2e\x27\x93\xed\x3a\x95\
\xe5\xd4\x9e\x65\xc4\xf2\x7e\xf6\x5b\xa9\x23\x93\xfd\x65\x78\x5f\
\xec\xeb\xf1\x82\xfb\xe1\x8f\x88\xfc\x3f\xa1\xe8\x70\x45\x73\xe2\
\x8f\x11\xde\x5b\xe9\x32\x4f\xff\x00\x2c\xb4\x1d\x3e\x49\x3f\x79\
\x6d\x6f\xff\x00\x4d\x2e\x7f\x79\xe6\x49\x5f\xb7\x9f\xb0\xdf\xc0\
\xd4\xf0\xaf\x85\xff\x00\xe1\x20\xd6\x34\xdb\x1d\x37\x47\x8a\xe3\
\xcb\xb3\x8e\x4f\xf9\x6b\x1f\x97\xff\x00\x2d\x2b\x2f\x6a\x07\xe6\
\x9f\x83\xfe\xc9\xe3\xcb\x09\x3c\x33\xae\x47\xe6\xd9\xeb\xd6\xf2\
\x5b\x79\x8f\xff\x00\x3d\x3f\xe7\xa4\x7f\xf5\xce\x4a\xfd\x70\xff\
\x00\x83\x7d\x7e\x24\x6b\x3a\xf7\xec\x0b\xff\x00\x08\xae\xb9\x3c\
\x97\xba\xa7\xc2\xff\x00\x10\x5c\x68\x1e\x64\x9f\xf3\xef\xfe\xb2\
\x3a\xfc\x3f\xfd\xb0\x3e\x3f\x69\xdf\x0c\x7f\x6e\x6f\x1a\x4f\xe1\
\x14\x8f\xfe\x10\xf9\x75\x4f\x33\xec\x11\xff\x00\xaa\xb5\x93\xfe\
\x5a\x7d\x9e\xbf\x78\x3f\xe0\x86\x3a\x97\x85\x7c\x6d\xfb\x16\x49\
\xe2\xaf\x0c\xdd\xc5\x73\x71\xe2\x8d\x62\x4b\x9d\x42\x48\xff\x00\
\xe7\xe2\x38\xfc\xbf\xfb\xf9\x5a\x01\xf6\x47\x95\xe4\xff\x00\xf1\
\xca\xaf\x34\xdf\xbd\xff\x00\x9e\x55\x66\x6f\xf5\x35\x14\xd0\xe2\
\x59\x28\x00\x87\xf7\xdf\xf4\xd2\x8f\x9e\x88\x7f\x75\x45\x00\x57\
\x9f\xb5\x15\x2c\xa7\xcc\x3e\x94\x50\x05\xbf\x3f\xda\x88\x3b\xd1\
\x0c\xd4\x79\xfe\xd4\x00\x51\x0c\xdf\xbd\xa2\x19\x92\xa3\x1f\xeb\
\xa4\xa0\x0b\x9f\x25\x47\xe4\xf9\xb5\x1c\x33\x51\xe7\xfb\x50\x04\
\x93\x79\x90\x4b\x1d\x10\xcd\x51\xcd\x37\xfa\xba\x21\x96\x49\x8d\
\x00\x49\x44\xfd\xa8\x9a\x6a\x8e\x69\xbf\x75\x40\x04\x3f\xeb\xaa\
\x4a\x8e\x19\xbf\x7b\x52\x79\xfe\xd4\x00\x54\x75\x27\x9f\xed\x51\
\xf9\xfe\xd4\x01\x25\x14\x79\xfe\xd4\x79\xfe\xd4\x00\x4d\x35\x10\
\x77\xa6\x4d\xfe\xa6\x92\x19\xb3\x14\x7f\xbb\xfd\xdf\xef\x3f\xf4\
\x5d\x68\x01\xa9\xeb\x30\x68\x1a\x35\xe6\xa5\x77\x27\x97\x67\xa5\
\xdb\xc9\x73\x71\x27\xfd\x33\x8e\x3f\x33\xff\x00\x69\xd7\xe1\x7f\
\xfc\x14\x0b\xf6\x8a\xbb\xf8\xcd\xf1\x6b\xc4\x1a\xe4\xff\x00\xf2\
\xff\x00\x71\x27\xd9\xe3\xff\x00\x9e\x56\xfe\x67\xee\xeb\xf4\xa3\
\xfe\x0a\xc5\xfb\x42\x7f\xc2\xa5\xf8\x23\x6f\xe1\xcb\x49\xfc\xad\
\x53\xc4\x7f\xbc\xb8\x4f\xfa\x73\x8e\xbf\x13\xfe\x33\x78\xaa\x4d\
\x4a\xfe\x4f\xde\x7e\xf2\xb4\x03\xce\xfc\x49\xa9\x7d\xb6\xfe\x4a\
\xa7\xa6\xcd\xfb\xd8\xff\x00\xe5\xaf\xfd\x33\xa9\x3c\xaf\xb6\x4b\
\xe6\x49\xe5\xd5\x88\x6c\xfc\x9f\xf9\xe5\xff\x00\x3c\xeb\x30\x35\
\x3f\xd4\xda\xc7\x22\x7f\xcb\x2f\xf9\xe9\x5c\x1f\xc5\xaf\x15\x7d\
\x8e\xc3\xfe\x7a\x49\x2f\xee\xeb\xb4\x9a\xf3\xc9\xb4\xd9\xff\x00\
\x3d\x6b\xc9\xfc\x61\xa9\x7f\xc2\x49\xe3\x78\xe0\x83\xfd\x5f\x99\
\xe5\xc7\x1f\xfd\x34\xac\xc0\xfa\x13\xfe\x09\x9d\xfb\x3a\xbf\xc7\
\xdf\x8d\xbe\x17\xd0\x0c\x12\x49\x71\xaf\x5e\x7d\x9f\xfe\x99\x79\
\x7e\x67\xef\x2b\xfa\x34\xf8\x33\xfb\x31\xfc\x3d\xfd\x9a\x74\xbb\
\x8b\x1f\x03\xf8\x57\x44\xd0\x3c\xdf\x2e\x2b\x89\xed\x2d\xff\x00\
\xd2\x6e\xbf\xeb\xa4\x95\xf9\xb7\xff\x00\x06\xee\xfe\xcd\x53\xd9\
\xea\x9a\xe7\xc4\x2b\xe8\x3c\xab\x3d\x06\xdf\xfb\x27\x4f\x93\xfe\
\x7a\xc9\x24\x7f\xbc\xaf\xd5\x49\xa6\xfd\xd4\x91\xff\x00\xab\xf3\
\x7f\x8e\x80\x09\xa6\xfd\xd7\xfd\xfc\xa2\x1f\xf5\xd4\x4d\x37\xee\
\xa8\x87\xfd\x75\x00\x14\x4d\x37\x91\x15\x1e\x7f\xb5\x13\xf6\xa0\
\x03\xfd\x74\xd4\x54\x70\xcd\xfb\xda\x93\xcf\xf6\xa0\x02\x18\x3c\
\xef\xdd\xc7\x5f\x95\x7f\xf0\x5a\xff\x00\xf8\x29\x96\x97\xe2\xaf\
\xf8\xb5\x7e\x08\xba\xf3\x3f\xb1\xae\x23\x93\x54\xd5\xa3\xff\x00\
\x9f\x88\xff\x00\xe5\xda\x3f\xfc\x89\x5f\x56\x7f\xc1\x60\x3f\x69\
\x0d\x63\xf6\x6f\xfd\x90\x2f\x27\xd0\x27\x96\xdb\x58\xf1\x45\xc7\
\xf6\x74\x73\xc7\xfe\xb6\x28\xfc\xbf\x33\xf7\x7f\xf7\xf2\xbf\x9f\
\xbd\x63\x58\x9f\x52\xbf\x91\xde\x49\x65\xf3\x7f\xd2\x64\x92\x4a\
\x0d\x08\xef\x2f\x1e\x6b\xa9\x3f\xe5\x97\xfd\x74\xa2\x69\xb3\xe6\
\x6f\xfd\xed\x53\xfd\xe0\x8b\xfe\x7a\xf9\x35\x1c\x3b\xfc\xda\xcf\
\xf7\x86\x85\x89\x8f\x93\x0c\x75\x24\x53\x24\xd7\x5b\xff\x00\xf2\
\x1d\x67\xea\x57\xbf\xba\xf3\x3f\xe7\x97\xfc\xf3\xa8\xe1\x9b\xf7\
\x5f\xfc\x72\x83\x32\x4f\x18\xf8\x3d\xfc\x49\xa2\xf9\x1f\x6e\xfb\
\x34\x75\x87\x69\xe0\xfd\x1b\xc1\x36\xbe\x7c\x8f\x15\xcd\xc7\xfd\
\x34\xab\x9a\xf7\x8a\xbe\xc7\x14\x9b\x24\xf3\x24\xae\x2f\x53\xbc\
\x9f\x5e\xba\xf3\x27\x79\x25\xff\x00\xa6\x74\x01\x73\xc5\x5e\x30\
\xba\xf1\x25\xd6\xc8\xff\x00\x75\x67\x59\x70\xc3\xe4\x45\x56\x26\
\x9a\x0b\x38\xa4\xf3\x3f\xe5\x95\x72\xfa\xf6\xbd\xe7\x5d\x6c\x83\
\xcd\xf2\xe5\xfd\xdc\x75\x98\x17\x35\xff\x00\x12\x79\x3e\x64\x71\
\xc9\xff\x00\x7e\xeb\x73\xe0\xcf\xc0\x1f\x13\xfc\x7f\xd6\x7c\xb8\
\x23\x92\xdb\x4f\xf3\x3f\x79\x3c\x9f\xea\xbf\x77\x5e\xa9\xfb\x31\
\xfe\xc2\xb7\xde\x36\x96\xcf\xc4\x1e\x2a\x8e\x4b\x1d\x2e\x5f\xde\
\x47\x07\xfc\xb5\xba\xff\x00\x9e\x7f\xbb\xaf\xa7\x3c\x49\xe2\xaf\
\x0c\x7c\x0d\xf0\xe4\x69\x07\xd8\xac\x63\xb5\xfd\xd4\x70\x47\xfe\
\xaa\x5a\x00\xe7\xfe\x15\xfe\xcf\x7e\x1f\xf8\x19\xe1\x7d\xe9\x1f\
\xfa\x67\x97\xe6\x49\x24\x9f\xeb\x65\xff\x00\xae\x75\xe6\xff\x00\
\xb4\x57\xed\xa5\xa6\xf8\x3f\x46\xfe\xca\xd1\xe4\x8a\x4f\x2a\x4f\
\x33\xf7\x7f\xf3\xd3\xff\x00\x8e\x57\x8d\xfe\xd3\x9f\xb6\xf5\xdf\
\x8a\xae\xae\x2c\x74\xe9\xfc\xab\x78\xbc\xcf\xdd\xa5\x78\x5f\x86\
\xfc\x13\xac\xfc\x54\xbf\x8e\x7f\xde\xc7\x6f\x2f\xfc\xbc\x49\xff\
\x00\xb4\xeb\x4a\x74\xf9\xc0\xb1\xe3\x6f\x8b\x5a\xe7\xc5\xad\x66\
\x4f\x9e\x49\x7e\xd5\x27\xfa\xb8\xeb\xa4\xf8\x6f\xf0\x1e\x79\xad\
\x63\x93\x55\xff\x00\xae\x9e\x45\x7a\x07\xc3\xdf\x83\xf6\x3e\x10\
\x8f\xfd\x16\xd7\xcd\xb8\xff\x00\x96\x93\xc9\x5d\x84\x33\x41\x69\
\x2f\xfa\xcf\x37\xff\x00\x69\x56\x80\x53\xd0\x7c\x07\x1c\x31\x46\
\x9b\x3c\xa8\xe2\xff\x00\x9e\x95\xd6\x43\x0e\x9b\xa0\xda\xc7\xe5\
\xf9\x7e\x64\xbf\xf2\xd2\x4f\xde\x57\x0f\xe2\xaf\x89\x16\x9a\x3c\
\x52\x79\xf7\x7e\x57\x95\x5e\x67\xe2\x4f\xda\x5b\xc9\x8b\xc8\xd3\
\x93\xcc\x93\xfe\x9a\x50\x66\x7b\x06\xa5\xac\x5a\xe9\x97\x52\x5f\
\x79\xff\x00\x69\xbc\x97\xf7\x7f\x6b\x9f\xfe\x79\xff\x00\xd3\x3f\
\xf9\xe7\x5e\x37\xfb\x42\x7c\x42\xb4\xd4\xb5\xed\x0e\xea\xd2\xef\
\xcd\x93\x46\xff\x00\x46\xfd\xdf\xfa\xdf\x2f\xcc\xaf\x33\xf1\x57\
\xc4\x2d\x57\xc5\x52\xec\xba\xba\x97\xcb\xff\x00\x59\xe5\xc7\x55\
\xe1\xf0\xad\xdf\xd8\x23\xbb\x9e\xd7\xf7\x7f\xf3\xd2\x4f\xf5\x55\
\x9f\xb5\x0f\x64\x7d\x89\xfb\x10\xfc\x07\xd0\xfe\x0c\xfc\x46\xff\
\x00\x84\xb7\xc4\xda\xc5\x8d\xcd\xc4\x56\xf1\xde\xe8\xf2\x7f\xac\
\x8a\x28\xe4\x8f\xfd\x67\xfd\x74\xaf\x78\xfd\xad\x3f\xe0\xb0\x17\
\x76\x7e\x03\x93\xc3\x9e\x19\xbb\xff\x00\x48\xf2\xfe\xcd\xe7\xf9\
\x95\xf2\xdf\xc1\x3f\x80\x3e\x35\xf8\xc1\xa5\xd9\xda\xf9\x17\xba\
\x6e\x8f\x61\xa5\xc7\x27\x9f\xfe\xab\xcd\x8f\xfe\x79\xc7\xfe\x7f\
\xe5\xa5\x7d\x41\x67\xfb\x16\xf8\x3b\xe1\xbf\x83\x6c\xe7\x93\x4d\
\xb6\xfb\x67\xd8\xe3\xb9\xb8\xbb\x9f\xfc\xff\x00\xac\xac\xc3\xd9\
\x1f\x9b\x7a\xf6\xbf\x26\xb1\xaa\x5c\x3b\xc9\x24\xb7\x17\x52\x7e\
\xf3\xcc\xaf\xd0\x8f\xf8\x37\x33\xfe\x0a\x41\x7d\xfb\x1f\xfe\xd9\
\x1a\x5f\x81\xf5\x8d\x46\x58\xfe\x1f\xfc\x50\xb8\x8e\xca\xe2\x39\
\x24\xfd\xd5\x86\xa1\x27\xfc\x7b\xc9\xff\x00\x7f\x3f\xf4\x65\x7c\
\x47\xfb\x45\x59\xe9\xba\x6f\xc5\xad\x43\xec\x29\xe5\x47\x2f\xfc\
\xb3\xae\x7f\xe1\x2d\x9e\xa5\xac\xfc\x46\xd0\xe0\xd2\xbc\xdf\xed\
\x0f\xed\x0b\x7b\x9b\x3f\x2f\xfe\x59\x7f\xd3\x4f\xfc\x87\x5d\x00\
\x7f\x6a\x1e\x4f\x93\x2f\x97\xb2\x3f\xdd\x51\xff\x00\x2d\x6b\x97\
\xf8\x1b\xe3\x07\xf1\xb7\xc0\xcf\x05\xea\xb3\xfe\xf6\xe3\x54\xd2\
\xed\xe4\xb8\x93\xfe\x7a\xc9\xe5\xd7\x51\xe7\x79\xd2\xd0\x01\x45\
\x14\x50\x01\x3f\x6a\x28\x9f\xb5\x14\x01\x62\x18\x68\xf2\x3d\xea\
\x3a\x93\xfd\x55\x00\x1e\x47\xbd\x47\x0c\x35\x24\xde\x5c\xd5\x1d\
\x00\x49\xe4\x7b\xd1\xe4\x7b\xd1\x45\x00\x13\x43\xfe\xae\x96\x1f\
\xf5\x34\x93\xf6\xa5\x87\xfd\x4d\x00\x3f\xfd\x74\xd4\x4d\x0f\xee\
\xaa\x38\x3b\xd1\x34\xdf\xba\xa0\x02\x18\x7f\xe9\xa5\x19\xff\x00\
\x6e\x88\x3b\xd2\xfc\xff\x00\xf4\xca\x80\x1f\x94\xff\x00\x9e\x75\
\x1c\xe6\x38\x47\xfa\xba\x3c\x97\xfe\xfd\x1e\x7f\xb5\x00\x10\x77\
\xa9\x3c\x8f\x7a\x8e\xa4\x83\xbd\x00\x2c\xdf\xea\x6a\xb4\x33\x41\
\x67\xe6\x5d\xce\xfe\x5d\xbd\x84\x7e\x6d\xc4\x92\x7f\xcf\x3a\x92\
\x6f\xdf\x4b\x5f\x17\xff\x00\xc1\x63\x3f\x6a\x2b\xaf\x85\x7f\x0e\
\x6c\xfc\x2b\x69\xaa\x5b\x69\x3a\x7d\xd4\x7f\x6d\xd7\x2e\xe4\x93\
\xcb\xf2\xa3\xff\x00\x96\x76\xd5\xad\x20\x3e\x23\xff\x00\x82\x90\
\x7e\xd5\x11\xfc\x72\xf8\xdd\xae\x6a\xbe\x7c\xb2\xd9\xf9\x9f\x62\
\xb3\x8f\xfe\x79\x5b\xff\x00\xab\xff\x00\xed\x95\xf1\x3f\x89\x2f\
\x23\xd4\xae\xbf\xd4\x4b\xfb\xdf\xf9\x69\x5e\x99\x34\x3a\xaf\xc7\
\x8f\xb6\x5d\xf8\x3b\xc3\x9e\x24\xf1\x25\xbc\x5f\xf2\xff\x00\x69\
\xa5\xc9\xf6\x6f\xfb\xf9\x59\xf0\xfe\xcb\x1f\x12\xb5\x2f\xde\x7f\
\xc2\x1d\x73\x14\x9f\xeb\x3c\xb9\xf5\x0b\x78\xff\x00\xf6\xa5\x15\
\x40\xf2\x7f\x25\x3c\xd9\x24\xf3\x3c\xbf\x2b\xfd\x64\x75\x1e\x9d\
\xa9\x41\x79\x17\xee\x2b\xb0\xf8\x9d\xfb\x37\xf8\xb7\xe1\x8f\x87\
\x35\x0d\x7f\x5c\xb1\xb6\x8f\x4f\xb0\x8f\xcc\xb8\x8e\xd3\x54\xb7\
\xb9\x97\xfe\xfd\xc7\xfe\xb2\xab\xf8\x0f\xe0\x0f\x88\x3c\x79\xe1\
\x7b\x3f\x13\x5a\xff\x00\x66\xc5\xa7\xeb\x31\xfd\xa6\xdf\xed\xfa\
\xa4\x76\xd2\xff\x00\xac\xf2\xff\x00\xd5\xff\x00\xcb\x3a\xc8\x0e\
\x6f\x58\x9a\x4b\xcb\x59\x3c\x88\x25\x96\xe2\x2f\x32\xbc\xff\x00\
\xe1\x5f\x86\xe7\xd4\xbc\x6f\xe6\x49\x04\x9f\x68\xff\x00\x9e\x72\
\x47\xff\x00\x2d\x3f\xd5\xc7\x5e\xb1\xf1\x3b\x40\xd5\x7e\x12\xd8\
\x47\x3d\xdf\xf6\x6d\xf5\xbc\xb2\x7f\xcc\x36\xf2\x3b\x99\x62\x92\
\xba\xcf\xd9\x77\xf6\x9c\xb1\xf8\x03\xf1\x07\x47\xd6\x2f\xbc\x39\
\xa6\xf8\xb7\xc3\xf7\x57\x11\xff\x00\x6a\x69\xb7\xf6\x7f\xbd\x96\
\x3f\xf9\xe9\x1f\xfd\x34\xff\x00\xe3\x74\x01\xfb\xf1\xff\x00\x04\
\xf1\xf8\x02\xff\x00\xb3\x7f\xec\x83\xe0\xff\x00\x0f\xcf\x1f\x95\
\xaa\x4b\x67\x1d\xee\xa1\xe6\x7f\xcf\xc4\x91\xf9\x9e\x5d\x7b\x27\
\x91\xef\x5f\x35\xfc\x01\xff\x00\x82\xae\x7c\x16\xf8\xcd\xf0\xbf\
\x47\xd5\x75\x1f\x1e\x78\x7f\xc3\x7a\x87\xef\x23\x92\xc2\xfe\x4f\
\x2e\x58\xab\xda\x34\x6f\xda\x13\xc0\x9a\xff\x00\x86\xff\x00\xb6\
\x74\xaf\x16\xe8\x9a\xb6\x97\xe6\x47\x1f\x9f\x63\x71\xf6\x9f\xf5\
\x91\xd0\x07\x59\x34\x34\x43\xfe\xba\xb1\xf4\x2f\x88\x5a\x1f\x8a\
\xbc\xbf\xb0\xea\xb6\xd7\x3e\x6f\xfc\xb3\xff\x00\x57\x5b\x1e\x4f\
\x93\xe5\xff\x00\xd3\x5f\xf5\x75\xaf\xb4\x00\xf2\x3d\xe8\x9f\xb5\
\x1e\x4b\x8f\xf5\x7f\xbd\xff\x00\xae\x74\x4d\x0f\x9f\x15\x64\x04\
\x70\xc3\x52\x79\x1e\xf5\x1d\x1f\xbc\xf3\x76\x27\xef\x64\xff\x00\
\x59\x40\x1f\x3b\xff\x00\xc1\x55\xbe\x03\xc7\xf1\xcb\xf6\x37\xd7\
\x2d\x63\xff\x00\x90\x86\x83\x27\xf6\x8d\xbf\xfd\x35\xff\x00\xa6\
\x75\xfc\xeb\xf8\xc3\x4d\x9f\x41\xd7\xaf\x2c\x5e\x39\x22\xb8\x8a\
\x49\x2b\xfa\x1c\xff\x00\x82\x93\xfc\x6c\xd0\xfe\x1e\xf8\x5f\x43\
\xd3\x75\x5d\x72\xdb\x4d\xb7\xba\x93\xed\x37\x09\xe6\x7e\xf7\xfe\
\xda\x47\x5f\xcf\xdf\xed\x09\xe3\x6b\x1f\x1b\xfc\x64\xf1\x06\xa3\
\xa7\x7f\xc7\x9c\xb7\x9f\xbb\x93\xfe\x7a\xc7\xe6\x56\x60\x72\x70\
\xea\x5e\x4c\x5f\x7e\xac\x4d\xfe\xab\x7c\x8f\xfe\xaa\xb3\xfe\xd9\
\xe4\xf9\x7f\xea\xff\x00\x7b\x51\xcd\x79\x1c\x3e\x64\x92\x49\xe5\
\xd0\x68\x68\x79\xd1\xfd\x96\x49\x37\xf9\x56\xf1\x57\x17\xe3\xcf\
\x89\x1e\x4f\xfa\x25\xa4\x9f\xeb\x7f\xe5\xa5\x67\xf8\xc3\xc7\x93\
\xde\x19\x20\xb4\xff\x00\x57\xfe\xae\xb9\x3f\x39\xf3\xe6\x7f\xe4\
\x4a\x0c\xcd\x08\x75\x87\x86\xeb\xef\xc9\x2c\x94\x4d\xe3\x0f\xec\
\xd8\x7f\xeb\xad\x63\xea\x5a\xc4\x70\x45\x58\x72\xde\x3c\xd2\xff\
\x00\xe8\xbf\x32\x80\x3b\x0d\x1f\x4d\xd5\x7e\x27\x78\x8e\x3d\x2b\
\x47\xb5\x96\xe6\xf2\x5f\x2f\xf7\x71\xd7\xd7\x9f\xb3\x7f\xec\x5b\
\xa7\x78\x0e\x2b\x7d\x63\xc4\x1e\x55\xf6\xa9\x17\xfc\xb3\x93\xfd\
\x54\x55\xc7\xfe\xc5\xb6\x7a\x57\xc2\x5f\x0b\x47\xa9\x5d\xa4\x52\
\xea\x97\x52\x49\x27\xee\xe8\xfd\xa4\x3f\x6d\xe8\xf4\x78\xae\x34\
\xed\x36\x7f\xfa\x67\xe6\x41\xfe\xb6\x5a\x00\xf6\x0f\x8d\x9f\xb4\
\xb6\x8f\xf0\xc6\xd7\xcb\xb5\x92\x29\x6f\x22\x8f\xcb\xf2\x3f\xe5\
\x97\xfd\xb4\xaf\x83\xfe\x39\x7e\xd2\x17\xdf\x12\x35\x49\x20\xb5\
\x92\x49\x63\x97\xfd\x64\x91\xd7\x61\xfb\x34\xfe\xcd\xfe\x38\xff\
\x00\x82\x84\x7c\x4b\x93\x4d\xb5\x7f\xec\xdd\x1f\x4b\x8f\xed\xba\
\xa5\xfc\x9f\xea\xad\x6d\xff\x00\xf6\xa4\x94\x7c\x66\xf0\x14\x9f\
\xb2\x8f\x8a\x2c\xed\x3f\xb1\xf4\xdb\x9f\x0f\xdf\xdc\x49\x6d\x6f\
\xa9\x79\x7f\xbd\xba\xf2\xff\x00\xd6\x7e\xf2\xb3\x03\x8b\xf8\x63\
\xf0\x1d\xf5\x2f\x2e\xfb\x55\xf3\x22\x8f\xfe\x59\xc1\xff\x00\xc7\
\x2b\xdb\x34\x7d\x36\xd7\x47\xb5\x8e\x38\x23\x8e\x28\xff\x00\xf2\
\x15\x72\x7e\x24\xf8\xc1\xa1\xf8\x56\x28\xff\x00\x7f\x1f\xef\x63\
\xf3\x23\x82\x3f\xfa\xe7\xfb\xba\xf2\xbf\x1b\x7c\x78\xd6\x3c\x5f\
\xf2\x5a\x79\xb6\xd1\xf9\x9f\xbb\x8e\x3a\xd5\x7f\x0c\x0f\x64\xf1\
\xb7\xc5\xad\x2b\xc2\xbf\xeb\xee\xfc\xdf\xfa\x67\x1d\x79\x1f\x8c\
\x3e\x3f\x5f\x6b\x12\xc9\x1d\x8b\xfd\x86\xdf\xfe\x59\xff\x00\xcf\
\x5a\xcb\xf0\xdf\xc1\xfd\x73\xc5\x52\xf9\xef\xe6\xfe\xf7\xf7\x9b\
\xe4\xaf\x50\xf0\x7f\xec\xeb\xa5\x68\xe6\x39\xee\xff\x00\xd2\x64\
\x8b\xfe\x5a\x79\x95\x68\x0f\x1b\xfe\xc1\xd7\x3c\x6d\x75\xbe\x3f\
\xb4\xcb\xe6\xff\x00\xcb\x49\x2b\xb4\xf0\xaf\xec\xd3\x7d\xa9\x08\
\xde\xef\xfd\x5f\xfa\xbf\x2e\x0a\xf7\x0b\x38\x74\x3f\x0d\xda\xf9\
\x6f\xf6\x68\xbc\xaa\x26\xf8\xcf\xa1\xe8\xf2\xfe\xe2\xfa\xda\x2a\
\xce\xa8\x14\xfe\x18\xfe\xc9\x70\x79\xd1\xc1\x6b\xa6\xfe\xf2\x59\
\x3f\xe5\xa5\x7d\x11\xf0\xf3\xf6\x45\xb1\xb2\xba\xb7\x9f\x55\xfe\
\xcd\x96\xde\x2f\x2f\xfd\x12\x49\x3f\x75\x2d\x7c\xe7\x79\xfb\x5f\
\xe8\xfa\x3c\xbe\x5f\xf6\x94\xb2\x7f\xd3\x38\x23\xae\x7e\x2f\xdb\
\xab\xc9\xd5\x23\x92\x38\x2f\xbc\xbf\xf9\xe9\x25\x66\x68\x7e\x8c\
\x43\xaf\x5a\x78\x3f\x41\xd3\xed\x2d\x6f\xb4\xdd\x12\xf2\xfe\xcf\
\xf7\x71\xc7\x6f\xe6\xc5\x15\xbc\x72\x7e\xf2\xbe\x53\xfd\xae\xbf\
\x6d\x2b\xbd\x1e\xd6\xf3\x4e\xd9\x63\x2c\x96\xb2\x79\x76\xf2\x47\
\xfe\xb6\x58\xeb\xe7\x3f\x88\x5f\xb6\x36\xa3\xa9\x7d\xb2\x7d\x35\
\xe5\xfb\x45\xd7\xfc\xb7\x93\xfe\xfe\x57\x9f\xf8\x3b\xe1\xee\xb9\
\xf1\x83\x54\x8e\xfa\xfb\xcd\xfb\x1f\xfa\xcb\x89\xe7\xff\x00\xda\
\x74\x7b\x30\x33\xf4\x7d\x07\x55\xf8\xb5\xe3\x39\x3c\xbf\x32\xe6\
\xe2\xeb\xf7\x92\x49\x5f\x6e\x7f\xc1\x3f\x7f\x64\xb9\x34\xdf\x19\
\x59\xea\x52\x58\xf9\x9a\xc4\xbf\xe8\xd1\xff\x00\xf1\xca\xe6\xfe\
\x06\x7c\x1f\xb4\xd3\x7c\xbb\x4b\x5b\x4f\x2f\xfe\x9a\x57\xeb\xa7\
\xfc\x12\x2f\xf6\x2d\xfe\xd8\xd5\x23\xf1\x56\xab\x6b\xe5\x68\xf6\
\x1f\xea\xfc\xcf\xf9\x6b\x27\x97\xff\x00\x2c\xeb\xa0\xcc\xfd\x00\
\xf8\x03\xe0\xf7\xf0\x4f\xc0\x7f\x09\xe8\x6f\xe6\xf9\x96\x1a\x5c\
\x71\xc9\xe6\x7f\xcf\x4a\xea\x3c\xef\x3a\x59\x3f\xe9\xad\x58\x9a\
\x6f\x3a\x5f\xf5\x7f\xf6\xce\x3a\x8e\x18\x68\x00\x86\x1a\x28\xf3\
\xbc\xaa\x26\x9a\x80\x23\x96\x6c\x9a\x28\x9f\xb5\x14\x01\x73\xe7\
\xa3\xce\xf2\xaa\x38\x66\xa2\x80\x24\x82\x7f\x3b\xfe\x79\x54\x7f\
\xf2\xd6\x8f\x27\xfd\x67\x97\xe6\xd4\x70\x77\xa0\x0b\x1f\xf2\xca\
\x89\xb6\x79\xb5\x1f\xfa\xda\x93\xfd\x4f\xfa\xca\x00\x27\xed\x40\
\xfe\x0a\x8f\xc9\xf3\xa5\xa9\x3c\x8f\x7a\x00\x3c\xff\x00\x6a\x26\
\x9b\xf7\x54\x79\x4f\x47\x91\xef\x40\x11\xd4\x9e\x7f\xb5\x1f\xeb\
\x68\xf2\x3d\xe8\x00\xf3\xfd\xaa\x3a\x93\xc8\xf7\xa8\xe8\x02\x4f\
\x3f\xda\x8f\x3f\xda\x8f\x23\xde\x8f\x23\xde\x80\x32\xfc\x63\xe3\
\x6d\x3b\xe1\xbf\x83\x75\x8f\x11\xeb\x13\xf9\x5a\x3e\x83\xa7\xdc\
\x6a\x37\x92\x7f\xcf\x28\xe3\x8e\xbf\x0b\xfc\x6d\xac\x5f\x7e\xda\
\x5e\x37\x93\xe3\xbf\xc5\x4b\x1f\xed\x28\xf5\x9b\xcf\xb4\xf8\x3f\
\xc2\x77\x72\x7f\xa0\xd8\x59\xff\x00\xcb\x3b\x9b\x88\xff\x00\xf4\
\x5d\x7e\xba\x7f\xc1\x48\x3e\x1b\xeb\x9f\x16\xbf\x61\x4f\x8a\x1e\
\x19\xd0\xe7\xfb\x35\xe6\xb3\xa3\xfd\x9b\x7f\x99\xff\x00\x2c\xe4\
\x92\x2f\xb4\x7f\xe4\x3a\xfc\xa3\xfd\xa8\xbc\x55\x07\xdb\xe3\xb5\
\xb1\xf2\xad\xb4\xfb\x08\xe3\xb6\xb7\x82\x3f\xf5\x51\x47\xfe\x63\
\xad\x69\x01\xe4\xff\x00\x1e\x3f\x69\xcf\x18\xeb\xda\x5c\x9a\x3f\
\xfc\x25\x5a\x94\x7a\x7d\xaf\xee\xfe\xc9\x61\xfe\x85\x6b\xe5\xff\
\x00\xcb\x38\xfc\xb8\xff\x00\xe9\x9d\x7c\xf7\x77\x35\xdd\xe7\xdf\
\xba\xb9\x96\x3f\xfa\xf8\x92\xba\x8f\x1b\x6c\x9a\xea\x47\x93\xfd\
\x5d\x63\xe9\x96\x6f\xac\x5d\x47\x04\x1f\xba\x8f\xfe\x7a\x49\x48\
\x0c\xb8\x61\x92\x69\x7f\x77\xff\x00\x3c\xeb\x63\x4d\xf8\x6f\x7d\
\xaf\x7e\xf3\x64\x51\xf9\xbf\xf3\xd2\x4f\xfc\x87\x5d\x26\x9b\x67\
\xa7\x59\xfd\xa2\x38\xfc\xa9\x24\xff\x00\x9e\x95\x27\xfc\x24\x9e\
\x4c\xb7\x1e\x5a\x7f\xcb\x3a\xcc\x0e\x7f\xfe\x15\x2c\xf0\xff\x00\
\xab\xba\xb6\xff\x00\x59\xfb\xcf\xdd\xd5\x7d\x4b\xe1\x2e\xb3\x0c\
\xbf\xb8\xf2\xae\x63\xff\x00\x59\x5d\x07\xfc\x26\xde\x77\xfa\xc8\
\xff\x00\x79\x44\x3e\x2a\x9e\x18\xbe\x77\xff\x00\x55\xfb\xb8\xe3\
\xa0\x0e\x2f\xfb\x35\xe1\xba\xfb\x2c\x96\x9f\xeb\x7f\xd6\x7f\xd7\
\x4a\xfa\x13\xfe\x09\x6b\xa9\x6b\x9a\xff\x00\xed\xc3\xa3\xf8\x7f\
\xc3\x17\x7f\xe8\x7a\x5c\x77\x17\xbe\x20\x92\x3f\x33\xec\xbe\x5f\
\xfc\xb3\x8f\xfe\xda\x49\x5e\x37\xac\x69\xb0\x78\xaa\xd6\xe2\xd2\
\xef\xcc\x96\x39\x7f\xe7\x9d\x7d\x99\xff\x00\x04\xf1\xfd\xb1\xbe\
\x14\x7e\xcf\x7e\x12\xb7\xf0\x54\xfe\x0e\x8b\xc1\xdf\x6a\xff\x00\
\x8f\x8d\x4a\xd3\xfd\x3b\xfb\x52\x4f\xf9\xe9\x71\xff\x00\x2d\x3f\
\xe7\xa5\x00\x7d\xf8\x61\x8e\xf2\xea\x4f\x93\xcb\xae\x7f\xe1\x5f\
\xc5\x4f\x8d\xba\x0f\x8c\xad\xe4\x9f\xfb\x02\xc7\x43\xf3\x24\xf3\
\x20\x8f\xf7\x92\xc5\x5a\x1a\x0f\x8d\xb4\x3f\x18\x69\x71\xdf\x69\
\x5a\xae\x9b\x7d\x67\x2c\x7f\xeb\x23\xb8\xad\x08\x21\x92\x68\xbc\
\xc8\x3f\xd2\x63\xff\x00\xa6\x1f\xbd\xac\xc0\xf6\x4f\x0a\xfe\xd6\
\x89\xe6\xfd\x93\xc4\x7a\x77\xd9\xbf\xe9\xbd\xa7\xfa\xaf\xfb\x69\
\x5e\xa1\xe1\xaf\x15\x58\xf8\xc2\xd7\xed\x5a\x55\xf5\xb5\xec\x7f\
\xf4\xce\xbe\x4b\xf2\x7f\x75\xfb\xcf\x32\x2f\xfb\x67\x55\xec\xf5\
\x29\xf4\x1b\xf8\xee\xb4\xdb\xb9\x74\xdb\x88\xbf\x79\xfb\xb9\x3c\
\xaa\xd0\x0f\xb1\x21\x3f\xf2\xd3\xcc\xac\xff\x00\x88\x57\x9a\x8e\
\x8f\xe0\x3d\x72\xfb\x47\x82\x2b\x9d\x62\xd7\x4f\xb8\xb9\xb7\x8e\
\x49\x3c\xa8\xa5\x92\xbc\x2f\xc2\xbf\xb5\xfe\xa5\xa0\xcb\x1c\x1e\
\x26\xb4\xfe\xd2\xb7\xff\x00\x9f\xbb\x7f\xdd\x4b\xff\x00\x5d\x2b\
\xe1\x3f\xf8\x2c\x67\xfc\x16\x92\xc7\x5e\xd0\x2e\x3e\x17\x7c\x27\
\xd4\xa5\x8f\x4f\xba\x8f\xfe\x27\x9a\xb4\x7f\xba\x96\x5f\xfa\x76\
\x8e\x80\x3e\x0f\xfd\xa5\xbe\x3f\x78\x83\xc4\x9e\x2d\xf1\x07\xf6\
\xce\xab\x2e\xaf\xe2\x4d\x66\xf2\x49\x2f\x2e\xe4\x93\xcd\x8a\xd7\
\xf7\x9f\xf1\xed\x1d\x78\x3d\xe5\xe2\x79\x5f\xeb\x3f\xe7\x9f\x99\
\x54\xf5\x2f\x12\x79\xdf\xf4\xd2\x4f\xf9\x69\x27\xfc\xf5\xac\xfb\
\xcd\x7b\xc9\x97\x7c\xff\x00\xf2\xcb\xfe\x59\xff\x00\xcf\x5a\xcc\
\xd0\xd0\x9b\x52\xf2\x7c\xc7\x92\xb9\x3f\x15\x78\xc1\xf5\x2f\xdc\
\x41\xfe\xae\xa3\xd7\xbc\x54\xfa\x8f\x99\x1a\x7e\xea\x3a\xcb\x86\
\x1f\x3b\xfe\xd9\x7f\xcb\x4a\x0c\xea\x84\x27\xc9\x8a\x3f\x2f\xfd\
\x67\xfd\x34\xac\xfd\x4b\x52\x48\x7c\xcf\xf9\x6b\x51\xea\x5a\xc7\
\xd8\xfc\xbf\xf9\xe9\x58\x73\x6a\x52\x1f\x31\xe4\x92\x80\x24\xbc\
\x9b\xfd\x2a\x3f\x9f\xfd\x6f\xef\x3c\xba\xe9\x3e\x1f\x78\x3d\xf5\
\x2b\xbf\xb7\x5f\x47\xfb\xb8\xbf\xd5\xc7\x55\xfc\x1f\xe0\x99\x35\
\xeb\xaf\xb5\xdd\x47\xfe\x87\x14\x75\x27\x8f\x3e\x24\x79\xd1\x7f\
\x67\x69\xbf\xba\xb7\x8b\xf7\x72\x49\x40\x1b\x1f\x10\xbe\x39\x4f\
\x0d\xac\x9a\x6e\x95\xfe\xb3\xfe\x7b\xd7\x95\xc3\x3c\x9a\xc5\xd4\
\x72\x5d\xc9\x2f\x99\xff\x00\x2d\x24\x92\xa3\x9b\xfd\x6f\x99\xe6\
\x7f\xad\xff\x00\x9e\x95\x24\xdf\xbe\xfd\xdc\x7e\x54\x74\x02\x3f\
\x44\x3f\x62\x1d\x06\x7d\x07\xf6\x5f\xd7\x35\x5d\x0e\x3b\xd9\x74\
\x79\x6d\xee\x23\xf2\xf4\xdf\xde\xdd\x4b\x71\x1c\x7f\xeb\x24\xff\
\x00\xae\x75\xf2\x3f\xc7\xf9\xbc\x47\xa0\xfc\x39\xd1\xfc\x33\xaf\
\xcf\xa9\x7f\x68\x4b\xaa\x5c\x6a\x36\xf6\x17\xf2\x7f\xc7\xad\xbf\
\x97\x59\xff\x00\x03\x7f\x6a\x8f\x1a\xfc\x07\xd0\x75\x0d\x0f\x43\
\xd6\x2f\xb4\xdd\x2e\xfe\x4f\xb4\xc9\x1f\x99\xfb\xaa\xd4\xd4\xb5\
\x2f\x08\xc3\xfd\xa1\xaf\xf8\x83\xc4\xff\x00\xdb\x7a\xc6\xa9\xfe\
\xae\x38\x3f\x7b\x75\xff\x00\x5c\xfc\xcf\xf9\x67\x5c\xd4\xbf\x88\
\x69\x33\xcd\xfc\x49\x65\xfb\xad\x3e\xee\xef\xf7\x52\x4b\x1f\xee\
\xfc\xbf\xf9\xe7\xff\x00\x2c\xff\x00\xf2\x1d\x5c\xf0\xdf\x8f\x2d\
\x3c\x2b\x61\xe5\xc7\xa6\xc5\x73\x24\x5f\xbc\xf3\x24\xac\x7d\x5f\
\x5e\x9f\x5e\xbb\xf3\xe7\x4f\x2e\xde\x2f\xf8\xf7\x8e\xa9\xcd\x0a\
\x79\x55\xd3\xed\x0c\xce\xd2\x6f\x8f\xda\xac\xdf\xbb\x44\x8e\xda\
\x3f\xfa\x67\x59\xf7\x9f\x16\xb5\xf9\xbf\x79\x25\xd4\x91\x7f\xd3\
\x3a\xe7\xf4\xdd\x1a\xee\xf0\x7c\x89\x2f\xef\x6b\x73\x4d\xf8\x6f\
\xa8\xea\x52\xf9\x92\x47\x2f\xee\xbf\x77\x40\x18\x7a\x96\xbd\x7d\
\xa9\x5d\x48\xef\x77\x2f\xfd\x73\x92\x4a\xaf\xf3\xcc\x3e\x78\xe4\
\x93\xfe\x9a\x57\xa8\x68\x3f\x03\x63\x9b\xcb\xf3\xe4\xf3\x7f\xe9\
\x9d\x76\x1a\x3f\xc3\x7d\x2b\x47\x97\xfe\x3d\x3c\xcf\xf9\xe7\xe6\
\x51\x48\x0f\x0b\xd0\x3e\x1e\xea\xba\xf7\xcf\x05\xa4\x9e\x5d\x6e\
\x4d\xf0\x67\xc4\x16\x77\x51\xc1\xe5\xff\x00\xad\xfd\xe7\xfd\x32\
\xaf\x7c\x83\x4d\xff\x00\x57\x1f\xfe\x43\xab\x9a\x6f\x86\xde\x6b\
\xa9\x3c\xcf\xf5\x75\xa0\x1e\x6f\xf0\xf7\xe0\x6c\x16\x7f\xbf\xd4\
\xbf\xd3\xae\x2b\xdc\x3c\x07\xf0\xf7\xcf\x8a\x34\xf2\x3f\x77\xff\
\x00\x2c\xff\x00\x77\x5a\x1e\x1b\xf0\x1d\xae\x9b\x6b\xf6\xab\xe9\
\xed\xac\x6c\xff\x00\xe7\xbc\xf2\x57\x3f\xe2\x5f\xdb\xc3\x47\xf8\
\x6f\xaa\x47\x63\xe0\x0d\x1a\x3f\x12\x6b\x9f\x68\xfb\x34\x77\xf7\
\xf1\xff\x00\xa3\x79\x9f\xf4\xce\x3f\xf9\x69\x40\x1f\xa1\x1f\xf0\
\x4e\xbf\xd8\x26\x7f\x8c\x1e\x37\xd1\xff\x00\xb5\x7e\xcd\xa6\xd9\
\xdd\x7f\xa4\xc7\xe6\x7f\xcb\xd4\x71\xff\x00\xcf\x3a\xfd\x8c\xf0\
\x4f\x83\xf4\xef\x86\xfe\x12\xb3\xd0\xf4\xa4\xfb\x35\x9d\x87\x97\
\x1f\xee\xe3\xff\x00\xa6\x75\xfc\xd7\xfc\x07\xff\x00\x82\x81\x78\
\xd7\xc2\xbf\xb7\x5f\x83\xfe\x2b\xdf\x78\x82\x5d\x5a\x3d\x1b\x54\
\x8e\xcb\x54\xb0\x8f\xf7\x51\x69\x76\xf2\x49\xe5\xc9\x1f\x97\xff\
\x00\x6d\x2b\xfa\x5f\x82\xfa\x0d\x4e\x1b\x7b\xeb\x49\x3c\xdb\x3b\
\xa8\xe3\xb8\x8f\xfe\xb9\xc9\x1c\x72\x47\xff\x00\xa3\x28\x02\x59\
\xa6\xfd\xec\x9f\xf4\xd6\x88\x66\x4a\x8e\x68\x73\x2c\x9b\x28\x86\
\x19\x3c\xd9\x28\x02\x4f\x3b\xcd\xa9\x2a\xbf\xcf\x0d\x1f\x3c\xd4\
\x00\x4f\xda\x8a\x25\x87\x06\x8a\x00\xb9\x07\x7a\x28\x83\xbd\x14\
\x01\x27\x9b\xe4\xc5\xe6\x7e\xee\xa3\x86\x6f\x36\x8f\xf9\x65\x51\
\xc1\xde\x80\x2c\x41\xde\xa3\xa2\x8a\x00\x26\x9a\xa4\xa8\xe6\xff\
\x00\x96\x74\x0f\xe0\xa0\x09\x26\x99\x3c\xaa\x3c\xe8\xe1\xa8\xe8\
\x9f\xb5\x00\x49\x07\x7a\x2a\x38\x66\xc4\xb1\xd5\x99\xbf\xd4\xd0\
\x04\x55\x1d\x49\x51\xd0\x04\x94\x51\x45\x6b\x48\x0f\x13\xff\x00\
\x82\x84\x78\xed\xfc\x09\xfb\x35\x6a\x7e\x43\xc9\x1d\xc6\xbd\x71\
\x1d\x97\xfd\xb3\xff\x00\x59\xff\x00\xb4\xeb\xf1\xaf\xe3\x35\xe7\
\x9d\x75\x24\x75\xfa\xb1\xff\x00\x05\x62\xbc\xf2\x7e\x10\x78\x7e\
\x3f\xde\x79\x72\xde\x49\x24\x9f\xf7\xee\xbf\x25\xfe\x2d\x6a\x56\
\x9a\x6c\xb7\x13\xcf\x27\x95\x1c\x55\x60\x78\x9f\x89\x34\xd9\x35\
\x2b\xf9\x20\xff\x00\x96\x7f\xeb\x24\xac\xff\x00\xb6\x47\x0c\x51\
\xc7\x1f\xee\xfc\xaa\x93\x5e\xf1\x57\xf6\xc5\xfe\xc4\xfd\xdd\xbd\
\x65\x99\xbc\xe9\x7f\xe9\xa5\x00\x5c\x33\x79\x3f\xea\xff\x00\xd6\
\x51\x34\xde\x4c\xbf\xeb\x3f\x79\x45\x9f\x86\xef\xb5\x89\x7f\x71\
\x07\xfa\xaf\xf9\x69\x25\x75\x1a\x6f\xc2\x4b\xb9\xe2\x8d\xee\xa4\
\xf2\xff\x00\xeb\x9d\x45\x50\x39\x78\x7f\xd6\xc8\xf2\x7e\xea\xae\
\x43\xa0\xdd\x6a\x51\x7e\xe2\x09\x3f\x7b\xff\x00\x2d\x2b\xb8\x87\
\xc1\xfa\x6e\x8d\x75\x1c\x93\xf9\x5f\xba\xff\x00\x96\x92\x54\x77\
\x9e\x2a\xb1\x8b\xee\x79\x92\xd6\x40\x61\xda\x78\x22\x73\xff\x00\
\x1f\x53\xff\x00\xdb\x38\xeb\x42\xce\x1b\x1d\x07\xff\x00\x8e\x56\
\x1e\xa5\xe3\x69\x22\x12\x47\x1f\xfa\xca\xc3\xbc\x9a\xeb\x58\xba\
\xfd\xe7\x9b\xe5\xff\x00\xd3\x3a\x00\xee\x2f\x3e\x2a\x49\x69\x14\
\x90\x5a\x5f\x5c\xc5\xff\x00\x3c\xe3\x8e\x4f\x2a\x2a\xcf\xd3\x7f\
\x68\x4f\x18\xf8\x56\xeb\xcc\xd2\xbc\x47\xe2\x0d\x37\xca\xff\x00\
\x9e\x77\x92\x57\x37\xff\x00\x08\xac\x73\x49\x1f\xef\x3f\xe0\x15\
\xa1\x67\xe1\xbf\xb1\xda\xc7\x77\xff\x00\x2c\xe5\xfd\xdd\x00\x7a\
\xc7\x83\xbf\xe0\xa0\x5f\x1c\x3c\x39\x2c\x7e\x47\x8d\x25\x92\xde\
\x2f\xf9\x67\x77\x6f\x5e\x89\xa3\xff\x00\xc1\x55\xbe\x2f\xf9\x51\
\xc1\x77\x1f\x84\xaf\xbc\xdf\xdd\xf9\x92\x59\xd7\xcd\xf7\x97\x89\
\xa6\xd8\x47\x3f\xfa\xdf\x37\xfe\x59\xd7\x2f\xe3\x0f\x88\x51\xf8\
\x26\x39\x3f\xe5\xa6\xa1\x75\xfe\xae\x3f\xf9\xf5\x8e\xb3\x03\xe8\
\x4f\xda\x5b\xfe\x0a\x97\xf1\x0f\x58\xf0\x45\xe7\x87\xef\xaf\xb4\
\x4b\x2b\x8b\xf8\xfc\xbb\x8f\xec\xdb\x3f\x2a\x5f\x2f\xfe\x79\xd7\
\xc2\xfa\xf7\x89\x1f\x52\xba\x92\x49\x24\xfd\xe5\x53\xf1\x57\x89\
\x27\xd4\xaf\xe4\x92\x7f\x32\x48\xe5\xae\x6e\x6b\xcf\x23\xe7\xff\
\x00\x5b\x41\xa1\xa9\x36\xb1\xfb\xa9\x3c\xc9\x3f\x79\x59\x7a\x96\
\xa5\x25\xe4\xbf\xbc\xff\x00\x57\x15\x57\x9a\x6f\x38\x6f\xff\x00\
\x9e\xb4\x43\xbf\xfe\xb9\xc7\x45\x33\x3a\xa5\x88\x66\xf2\x7e\x7a\
\xcf\xd4\xb5\xef\x26\x6d\x9b\xea\x3d\x4b\x58\xf2\x62\x92\x3a\xc7\
\x9a\x6f\x27\xf7\x92\x49\x40\x04\xd3\x79\xdf\xeb\x3f\xd6\x56\xa7\
\x85\x7c\x29\xfd\xb1\x77\x24\xf7\x7f\xf1\xef\x17\xfc\xb4\xa8\xfc\
\x2b\xa0\xff\x00\x69\x4b\xe7\xc9\xfe\xaf\xf7\x95\x73\xc6\xde\x36\
\x82\xce\xd7\xfb\x36\xc7\xfe\xda\x49\x40\x07\x8f\x3e\x21\x79\x36\
\xbf\xd9\xda\x6c\x71\xc5\xe5\x7f\xcb\x48\xeb\x8b\x86\x19\x26\xff\
\x00\x59\xfb\xd9\x25\xff\x00\x96\x75\x73\xc3\x5e\x1b\x9f\x5d\xba\
\xff\x00\x96\xbe\x65\x7a\x07\x85\x7e\x1b\xc7\x34\x54\x01\xc5\xe8\
\xfe\x0f\xba\xd4\xa5\x8f\xe4\xae\xa3\x4e\xf8\x63\x1f\x9b\x5e\x81\
\x0e\x83\x69\x67\x14\x71\xa4\x1e\x55\x7a\x47\xc3\x7f\x80\xff\x00\
\xda\x5e\x17\x8f\xc4\x7e\x2a\xd6\x7f\xe1\x16\xf0\xbd\xd4\x9f\x66\
\xb7\x9e\x48\xfc\xcb\xed\x53\xfe\xbd\xed\xeb\x2a\xb5\x69\xd3\xd6\
\xa0\x7b\x3f\x68\x78\x3e\x9b\xf0\x66\x7f\x12\x6b\xd6\xf6\x3a\x6d\
\xa7\x99\x79\x75\xfb\xaf\x2e\x3a\xe9\x26\xf8\x6d\xa7\x7c\x3d\xb5\
\xfb\x26\x87\xa3\xc7\xe2\x9d\x63\xcc\xff\x00\x4c\xd4\xa7\xb7\xf3\
\x6d\x62\x93\xfe\x79\xdb\xc7\x5f\x66\x68\x3f\xb1\x0d\xa6\x8f\xa5\
\xd9\xff\x00\xc2\x39\xe2\x0f\xed\x2d\x1f\x59\x93\xfe\x26\x9a\xb4\
\x91\xf9\x57\x5a\x5d\xbc\x7f\xf2\xed\xff\x00\x5d\x3f\x79\x5e\xb1\
\xa0\xf8\x3e\xd7\xe0\xfd\xad\x9d\xa7\x87\xfc\x39\xfd\x9b\xa5\xcb\
\xe6\x47\xe7\xcf\x67\xfb\xdd\x52\xbe\x73\x13\x9f\xd3\xa7\xfc\x33\
\xd2\xa7\x82\x3f\x2e\xfc\x7b\xf0\xc5\x3c\x49\xa2\xe9\xfa\xe4\x1a\
\x54\x7a\x44\x97\x37\x12\x5b\x6a\x11\xc7\x1f\xee\xbe\xd1\x1c\x71\
\xc9\xe6\x47\xff\x00\x5d\x23\x92\xab\xe8\x1f\x09\x60\x86\x5d\xee\
\x95\xfa\x29\xfb\x51\x7e\xc8\xba\x74\xda\x34\x71\xd8\xdd\xe9\xba\
\x26\xa1\x75\xaa\x5c\x5c\xd9\xd8\x49\x1f\xfc\x7f\xff\x00\xa3\x7f\
\xab\xff\x00\xc8\x75\xf1\x9f\x93\x24\xd2\xc9\xfb\xcf\xf9\x69\xfe\
\xae\xbd\x6c\xb7\x1b\x4e\xbd\x3f\x68\x71\x54\xfd\xd9\x87\xa6\xf8\
\x3e\xd2\xce\xd7\xfd\x47\xef\x2b\x63\x4d\xd3\x7e\xd8\x23\xff\x00\
\x96\x5f\xf4\xce\xac\x43\xa6\xc9\x5d\x86\x8f\xe1\x5f\xec\xdd\x2f\
\xed\xd3\xfe\xee\x3f\xf9\x67\x5e\xb1\x91\xcf\xff\x00\x63\xc7\xa6\
\xc5\x1f\x99\x1f\x95\xe6\xd4\x96\x7a\x6c\x70\xcb\xe5\xc9\x25\x6a\
\x4d\x67\x25\xec\xbe\x63\xff\x00\xac\xff\x00\x9e\x75\xb9\xa1\x78\
\x56\x39\xa2\xf3\x27\x78\xbf\x75\x40\x19\xfa\x0f\x82\x7f\xb4\xa5\
\xae\xd2\xcf\x47\xb4\xf0\xdd\xae\xf9\xe3\xfb\x4c\x9f\xf3\xce\xb2\
\xe6\xd7\xa0\xfd\xe4\x10\x79\xb1\x49\x15\x67\xea\x5e\x24\xf2\x7f\
\xe7\xac\x9e\x6d\x00\x6c\x69\xba\x96\x95\x79\xe2\x3b\x7b\xbd\x4a\
\xd3\xed\xdf\xbc\x8e\x3f\xdf\xff\x00\xaa\xf2\xfc\xcf\xde\x79\x71\
\xff\x00\xd7\x3a\xf9\x6f\xe2\x16\x83\x07\xc1\x9f\x8c\x9e\x28\xb1\
\xf2\xfc\xab\xcb\x59\x3c\xcd\x3f\xfe\x79\x45\xe6\x7f\xf6\xb9\x2b\
\xd7\x35\x8d\x7b\x89\x3f\x7f\xfb\xbf\x33\xfe\x5a\x57\x91\xfc\x6c\
\xd4\xa3\xf8\xcd\xf1\x82\x49\xf4\xa8\xe4\xfb\x45\xae\x97\xfe\x99\
\x24\x92\x7f\xad\x92\x3f\xf9\xe7\x59\x81\xc5\xf8\x57\xc6\xd7\xdf\
\x0f\x75\xef\xed\x5b\x19\x3c\xc9\x22\xf2\xfc\xc8\xe4\xff\x00\x97\
\xaf\xfa\x67\x25\x7f\x5a\x9f\xf0\x4c\x6f\xda\xef\xc3\xbf\xb6\xc7\
\xec\x51\xe0\x4f\x18\xf8\x66\x4f\xf5\x5a\x5c\x7a\x4e\xa1\x69\xff\
\x00\x3e\x17\x96\xff\x00\xeb\x22\x93\xff\x00\x21\xd7\xf2\x0f\xfe\
\xa6\x5f\xfa\x69\x5f\xb1\x9f\xf0\x69\x1f\xed\x15\x75\xe1\xaf\x8f\
\x1f\x11\x3e\x19\x5d\xcf\x27\xf6\x1f\x8b\x74\xf8\xf5\x1b\x38\xff\
\x00\xe5\x97\xda\x2d\xff\x00\xf8\xe4\x75\xa0\x1f\xbc\x9e\x4e\x3f\
\xe9\x95\x14\x4d\x36\x25\xfd\xe5\x10\xff\x00\xcb\x4a\x00\x28\xa2\
\xa4\xf2\x3d\xe8\x02\x39\xfb\x51\x44\xfd\xa8\xa0\x09\x21\x9a\xa4\
\xa2\x0e\xf4\x50\x01\x34\xdf\xba\xa6\x4d\xfe\xb5\xe9\xf3\xf6\xa2\
\x0e\xf4\x01\x1c\x1d\xea\x4a\x28\xa0\x08\xe7\xed\x44\x1d\xea\x49\
\xfb\x51\x40\x05\x32\x6f\xf5\x34\xfa\x27\xed\x40\x11\xc3\xfe\xb7\
\xcb\xa9\x21\x9a\x88\x3b\xd1\x40\x05\x14\x7f\xcb\x2a\x28\x02\x4f\
\x9e\xa3\xff\x00\x5b\x52\x57\x37\xf1\x83\xe2\x44\x1f\x07\xfe\x17\
\xeb\x9e\x27\xba\x82\xe6\xfa\xdf\x46\xb3\x92\xe7\xcb\xb4\xff\x00\
\x5b\x2d\x6b\x48\x0f\x9d\xff\x00\xe0\xb0\xda\xee\x8f\xe0\xef\xd9\
\x56\xdf\x58\xd5\x75\x28\xac\x63\xb0\xd4\x3c\xcb\x78\xff\x00\xe5\
\xad\xd7\xfd\x33\x8e\xbf\x0c\xfc\x7b\xe3\xcd\x57\xe3\x07\x89\x24\
\x92\xd6\xd2\x48\xac\xe5\xff\x00\x57\x04\x7f\xf9\x0f\xcc\xaf\xab\
\x3f\x6a\xdf\x89\xbe\x23\xfd\xb1\x7e\x28\x49\xe2\x6f\x1c\x4f\x24\
\x96\xf1\x7e\xef\x4b\xd1\x7f\xd5\x5a\xe8\xd1\xff\x00\xcb\x3a\xf3\
\xbd\x63\xec\x9e\x15\xb5\x91\x2c\x6d\x62\x8a\xe3\xfd\x5f\xfa\xba\
\xb0\x3c\x7f\x47\xf8\x33\x7d\x79\xff\x00\x1f\xd3\xc7\x63\xff\x00\
\x5d\x24\xae\xe3\x41\xf8\x57\xe1\xff\x00\x0d\xc5\xbe\x7b\xeb\x69\
\x64\xff\x00\x9e\x7e\x65\x61\xf8\xaf\xc5\x52\x7d\xae\x4f\x3f\xfd\
\x65\x71\x77\x9e\x2a\xf3\xae\xa4\xf3\x3f\x77\xff\x00\x3c\xea\x2a\
\x81\xea\x1a\x97\x8d\xb4\xad\x06\x4d\x89\x04\x72\x57\x37\xaf\x7c\
\x60\xf3\xfc\xc8\xff\x00\xf2\x1c\x75\xc1\xcd\xaf\x79\xff\x00\xeb\
\x27\xf2\xff\x00\xe9\xa5\x10\xe9\xb2\x4c\x23\xff\x00\x9e\x72\xff\
\x00\xab\x92\xb9\x80\xd4\xd4\xbc\x55\x77\xa9\x45\x24\x9e\x7d\x65\
\xcd\x35\xf4\xd1\x56\x84\x3a\x0b\xc2\x23\xf3\x2b\x52\xcf\x4d\x4f\
\xf4\x77\x8e\x3f\xdd\xf9\x9f\xfb\x4e\x80\x30\xf4\x7d\x1f\xce\x96\
\xb7\x2c\xf4\x17\xf3\x64\xab\x90\xcd\x6b\xa6\xcb\x22\x49\xfb\xa9\
\x25\xae\x6f\x58\xf8\x85\xfd\x83\xe6\x79\x09\xfb\xcf\xef\xd0\x06\
\xa4\xda\x95\xa6\x9b\x14\x89\xe6\x7e\xf3\xfe\x7a\x49\x5c\x7f\x89\
\x7e\x2a\x47\xa6\xc3\x26\xcf\xfb\xf7\x5c\x9f\x8f\x3e\x2d\x4f\x34\
\x5f\xbc\x93\xcb\xf2\xbf\xe5\x9d\x61\xe8\x30\xc9\xa6\xf9\x7a\x96\
\xa5\xfb\xdb\x8f\xf5\x96\x76\x9f\xf3\xcb\xfe\x9a\x50\x07\x61\x79\
\xe3\x67\xd0\x6d\x7e\xdd\x7d\xe6\xfd\xb2\x5f\xf8\xf7\xb4\xff\x00\
\x96\x51\x7f\xd7\x4a\xe0\xf5\x2d\x63\xfb\x62\xea\x4b\xb7\x9f\xcc\
\x92\xeb\xfe\x7a\x55\x3d\x7b\xc4\x8f\xac\x5d\xc8\xef\x3f\x9b\xe6\
\xd6\x3d\xe6\xaf\x3c\xd1\x7f\xd3\x3a\xcc\xd0\x8f\x52\x99\xe1\xba\
\x92\xb1\xe6\xff\x00\x5a\xf5\x62\x61\xe7\x4b\xff\x00\x3c\xff\x00\
\xe9\x9d\x57\xbc\x9a\x38\x62\xfd\xdd\x69\x48\xce\xa9\x1c\xf3\xf9\
\x3f\x27\xfc\xf2\xaa\x7a\x96\xb3\x27\xdc\xdf\x51\xea\x5a\x97\xee\
\xa4\xff\x00\xd1\x75\x8f\x34\xcf\x34\x54\x01\x24\xd3\x79\x31\x49\
\x3c\x95\xa1\xe1\x5d\x0b\xfe\x12\x49\x7c\xca\xa7\xa3\xe8\x32\x6b\
\x17\x5f\xf5\xcb\xf7\x9f\xbc\xa9\x35\xef\x15\xf9\x36\xbf\xd9\xb6\
\x31\xff\x00\xd7\x49\x28\x03\x43\x5e\xf1\x87\xf6\x3c\x52\x69\xda\
\x72\x7f\xd7\x49\x28\xf0\x4f\xc3\xdb\xad\x62\xea\x39\xee\xe3\xfd\
\xdf\xfa\xca\xd4\xf8\x6f\xf0\x95\xe6\x96\x3b\xbd\x47\xfe\xba\x47\
\x5e\x99\x67\x67\x05\x9c\x51\xc7\xb3\xfe\x99\xd6\x80\x53\xd1\xfc\
\x2b\x69\xa6\xda\xfc\x9e\x5f\xfd\xb3\xad\x48\x61\xfb\x1f\x99\xe5\
\xd4\x90\xff\x00\x73\xfe\x59\xff\x00\xcf\x4a\x93\x41\xd0\x6f\xbc\
\x49\xaa\x69\xfa\x76\x9b\xfe\x93\xaa\x5d\x49\x1d\xb5\xbc\x7f\xf3\
\xd7\xcc\xac\xea\xfe\xec\x29\x1d\x87\xc1\x3f\x86\x36\x9e\x3c\xd7\
\xaf\x35\x2d\x72\x79\x6d\xbc\x1f\xe1\xcb\x7f\xb6\xeb\x17\x1f\xf3\
\xd6\x3f\xf9\xf6\x8f\xfe\x9a\x49\x25\x7a\xc7\xc3\x7b\x3d\x4b\xe3\
\x97\x8e\x2c\xfc\x5d\x7d\x63\xf6\x68\xe2\xff\x00\x42\xf0\xbe\x93\
\xff\x00\x2c\xac\x2d\xff\x00\xe5\x9c\x9e\x5d\x57\xd4\xbe\x1e\xa6\
\xb1\x75\xa5\xfc\x2f\xd3\x9f\xfe\x29\xbf\x09\x7f\xc4\xc7\xc5\x17\
\xf1\xff\x00\xcc\x52\xf3\xfe\x79\xff\x00\xed\x3a\xfa\xb3\xf6\x7b\
\xf8\x6f\x07\x82\x7c\x39\x27\x8a\xb5\x24\x8e\x39\x22\xfd\xde\x9f\
\x61\xe5\xff\x00\xaa\xaf\x96\xcc\xb1\xdf\xbb\x3d\x2c\x35\x23\x73\
\x41\xf0\xdd\xaf\xc0\xdf\x83\x77\x16\xb0\x24\x77\x3a\xe7\x99\x1d\
\xef\x97\x27\xef\x3c\xdb\x89\x3f\xd6\x49\x25\x49\xf0\xf6\xf6\xea\
\xf3\xed\x96\x3a\xad\xf4\x97\xda\xc5\xfc\x7f\x6d\x8e\x39\xff\x00\
\xd5\x58\x79\x7f\xbc\xff\x00\xe3\x95\xd2\x7c\x3d\xf0\xaf\xf6\xcd\
\xae\xa9\xac\x6b\x33\xfe\xee\xea\x48\xee\x6e\x24\x93\xff\x00\x21\
\xd6\xe7\xc2\xbf\x15\x41\xaf\x7c\x50\x92\xc6\x0d\x36\xda\xdb\xc3\
\xff\x00\x67\x93\xcc\x93\xcb\xff\x00\x4a\xba\xff\x00\xa6\x92\x57\
\xc5\x7f\x12\xa1\xe9\x7c\x07\xcb\xff\x00\xb4\x86\xbc\x9f\xf0\x9b\
\xd9\xeb\x33\xfe\xf2\x3f\x0b\xe9\x77\x9a\xb4\x9f\xf5\xd2\x4f\xf5\
\x7f\xfa\x32\xbe\x1b\x86\x07\xf2\x63\xf3\x3f\xd6\x7f\xed\x4a\xfa\
\xa3\xf6\xe4\xf1\xb7\xf6\x6d\xaf\xf6\x54\x7f\xf1\xf9\xe2\x4b\x89\
\x2f\x64\x8e\x3f\xf9\x75\xb3\x8e\x4f\x2e\x38\xeb\xcf\xff\x00\x67\
\x5f\xd9\xbe\xeb\xe2\x46\xa9\x1d\xde\xa2\x92\xc5\xa7\xda\xfe\xf3\
\xcc\x93\xfe\x5a\xff\x00\xcf\x4a\xfb\x5c\xa6\xaf\xb0\xc3\x9e\x6e\
\x22\x9f\xb4\x32\xfe\x12\xfc\x0d\x93\xc4\x91\x7f\x69\x6a\x3f\xe8\
\xd6\x76\xbf\xf9\x16\xae\x78\xc2\xcf\xfb\x62\xeb\xcf\x8e\x3f\xb3\
\x69\xf1\x7e\xea\x38\xeb\xe9\x8b\xcf\x87\xb0\x6a\x7a\x5f\xf6\x6c\
\x1f\xe8\xda\x3e\x97\x1f\xef\x24\xff\x00\xa6\x75\xf3\xbf\xc5\x4f\
\x18\x41\x0e\xbd\x71\x1d\xac\x1f\x66\xb3\xb5\xfd\xdc\x71\xd7\xaf\
\x86\xc6\xfb\x73\x9a\xa5\x2f\x66\x72\xf7\x9b\x34\x7b\x5f\x3e\xef\
\xca\xfb\x44\xbf\xf2\xcf\xfe\x99\xd5\x38\x75\xef\xf5\x8f\xff\x00\
\x8e\x56\x3e\xb1\xaf\x3e\xa5\x2f\x99\xe5\xf9\x92\x7f\xcf\x3a\xc7\
\x9b\x58\xfb\x1d\x87\xef\x24\xf3\x7c\xda\xf4\x8c\x8b\x9a\x96\xa5\
\x24\x37\x57\x13\xf9\x9f\xeb\x7f\x77\x5c\x5f\x8d\xbe\x27\x5a\xe8\
\x3f\xbb\x79\x24\xf3\x2e\xbf\x77\x1c\x71\xff\x00\xad\xac\xff\x00\
\x88\x5f\x16\xa0\xf0\xa5\xac\x68\x91\xf9\xb7\x92\xff\x00\xab\x8e\
\xbd\x43\xf6\x69\xf8\x57\xe1\xcf\x07\xda\xff\x00\xc2\x69\xf1\x0d\
\xe2\xb9\xbc\xff\x00\x8f\x9b\x3b\x0f\xf9\x6b\x47\xb5\x03\x97\xf0\
\x87\xec\x97\xe3\xbf\x8c\xda\x0d\xbe\xb1\xae\x5d\x5b\x78\x5b\xc3\
\x77\x52\x79\x71\xc7\xe6\x7e\xf6\x5f\x2f\xfe\x5a\x56\x1f\xc7\x2f\
\x0a\xf8\x57\xf6\x63\xd2\xe4\xd2\xbc\x31\x7d\x2e\xad\xaa\x5d\x47\
\x1d\xb5\xc5\xdc\x72\x79\xb1\x45\x5d\xe7\xed\x21\xfb\x7b\xc1\xa9\
\x68\xd7\x9a\x3e\x95\x04\x7f\xe9\x52\x7d\xa7\xec\x9f\xf3\xeb\xff\
\x00\x4c\xeb\xe7\x3f\x0d\xf8\x6f\x55\xf8\xc1\xaf\x7d\xae\xef\xcc\
\xfb\x3f\xfc\xf4\xff\x00\x9e\x54\x52\x03\x97\xd0\x7c\x2b\x77\xaf\
\x5d\x47\x1d\xa4\x12\xcb\x24\xbe\x5f\xef\x2b\xf6\x83\xfe\x0d\xef\
\xfd\x9a\x64\xf8\x4b\xf1\xe3\xc3\xf7\x71\xc7\xe6\xea\x12\xf9\x97\
\x37\x93\xff\x00\xdb\x3a\xf8\xbf\xf6\x75\xf8\x33\x69\x0d\xd5\x9c\
\x16\xb6\xbf\xbc\xff\x00\x96\x75\xfb\xa9\xff\x00\x04\x9d\xfd\x9a\
\x64\xf8\x63\xf0\xfa\x4f\x15\x5f\x41\xe5\xdc\x5d\x47\xe5\xd9\xff\
\x00\xd7\x3a\xd0\xcc\xfa\xe3\xfd\x4c\xb2\x79\x7f\xea\xe8\xf3\xbf\
\x7b\x56\x26\xfd\xcc\xd2\x79\x7f\xbd\xa8\xff\x00\xe5\xad\x00\x1f\
\x3d\x14\x51\x40\x11\xcf\xda\x8a\x92\x7e\xd4\x50\x05\x88\x3b\xd1\
\x51\xc3\x35\x58\x86\x6f\xdd\x50\x04\x73\xf6\xa2\x0e\xf4\x4f\xda\
\x8a\x00\x2a\x48\x7f\xd6\xff\x00\xdb\x2a\x8f\xcd\x4a\x8e\x69\xbf\
\x7b\x40\x12\x4d\xfe\xba\x8a\x8e\x69\xbf\x7b\x52\x43\xfb\xda\x00\
\x28\xa3\xce\xf2\xaa\x39\xa6\x4f\x2a\x80\x24\xa2\x88\x3b\xd1\x40\
\x05\x1e\x77\xfb\x74\x79\xfe\xd5\x5f\x52\xd4\xa0\xd1\xed\x64\xbb\
\xba\x9e\x3b\x68\xff\x00\xe7\xa5\x00\x5c\xf3\xb1\xff\x00\x4c\xab\
\x83\xfd\xa4\x35\x2d\x3b\x52\xf8\x37\xe2\x8d\x0e\x4b\xbb\x6f\xed\
\x0b\xfd\x2e\x48\xa3\x83\xfe\x9a\x57\x2f\xf1\x3b\xe3\xc4\x9a\x94\
\x52\x5a\x68\x73\xc5\x6d\x1f\xfc\xf4\xff\x00\x9e\xb5\xe5\x7a\xf4\
\xd7\x57\xbf\xbf\x93\xf7\x9f\xfa\x36\x9f\xc0\x07\xe7\xff\x00\xc7\
\x8f\x83\x3f\x11\xbc\x1f\x6b\xe7\xda\x78\x2e\xf7\x52\xfd\xdf\xfa\
\xf8\xe4\xf3\x7c\xaa\xf9\x6f\x5e\xf8\xa9\x1c\x37\x52\x5a\xeb\x29\
\x7b\xa4\x6b\x11\x49\x27\x97\xe6\x7e\xf2\x2a\xfd\x84\x9f\x58\x93\
\xcd\xff\x00\x59\x5e\x67\xf1\xb3\xf6\x5d\xf0\x07\xed\x15\xa3\x5c\
\x5a\xf8\x9f\x40\xb6\xf3\x25\xff\x00\x97\xbb\x48\xfc\xbb\xa8\xbf\
\xe9\xa5\x1e\xd0\x0f\xc9\x7d\x7b\x52\xf3\xe5\x8f\xfd\x64\xbf\xf4\
\xd2\xb0\xf5\x28\x5f\xcd\xff\x00\xa6\x75\xee\x1f\xb5\xdf\xec\x37\
\xe2\x6f\xd8\xca\xea\x3b\xef\x32\x5d\x7f\xe1\xbd\xd5\xc7\xd9\xad\
\xf5\xa8\xe3\xfd\xee\x8d\xff\x00\x3c\xe3\xb8\xaf\x0b\xd4\xaf\x13\
\xca\xf3\x23\x93\xed\x31\xdd\x7f\xcb\x78\xeb\x2f\x6a\x06\x7f\x9c\
\xf0\xfd\x7f\xe7\x9c\x95\xb9\xe1\x5d\x79\xe0\xd4\x2d\xe0\xbb\x93\
\xfd\x1f\xcc\xfd\xdc\x95\xcb\xcd\x79\xfc\x72\x54\x73\x5e\x7e\xeb\
\xe4\xa0\x0f\x5c\xd7\xa6\x8f\x4d\xba\x8f\xfe\x99\x7e\xf3\xf7\x75\
\x87\xac\xf8\xaa\x0f\xee\x79\x7f\xf4\xd2\x49\x2b\x8b\x87\xc6\xd7\
\x77\x96\xbe\x5f\x9f\xfb\xc8\xbf\xe5\x9c\x95\x1f\xef\xf5\x2b\xaf\
\xf4\xaa\x00\x93\xc5\x5f\x10\xae\xa6\x97\xcb\x82\x79\x3c\xbf\xf9\
\xe9\x5c\x9f\x89\x3c\x6d\x21\xb5\xdf\x75\x3c\x5f\xba\xff\x00\x96\
\x72\x55\x8f\x15\x6b\x16\xba\x0c\x57\x12\x5d\x49\xe5\xc7\xff\x00\
\x2c\xeb\x8b\x86\x68\xf5\xfb\xa8\xf5\x5d\x56\x3f\x2a\xdf\xf7\x9f\
\x63\xb4\xff\x00\xda\x92\x50\x06\x87\x86\xe2\xfd\xec\x7a\x8e\xab\
\x07\x9b\xff\x00\x2d\x2c\xec\x24\xff\x00\xd1\x92\x55\x7f\x15\x78\
\xaa\x7b\xcb\xaf\xf9\x69\xe6\x4b\x27\xef\x24\x93\xfe\x79\xd5\x3d\
\x7b\xc4\x93\xde\x4b\xff\x00\x2c\xfc\xc9\x6b\x0e\x69\xbf\x75\xf7\
\xeb\x30\x2e\x4f\xa9\x7e\xea\x48\x3f\xe5\x9d\x57\xf3\x87\xfc\xf4\
\x96\xab\xf9\xdc\xfd\xff\x00\xde\x54\x77\x9a\x97\x93\x17\xfc\xf2\
\x92\xb4\x02\xc5\xe5\xe7\x93\x15\x61\xea\x57\x9e\x77\x99\x51\xde\
\x6b\xd3\xf9\xbf\xf2\xca\xb3\xe6\xbc\xf3\xbe\x7a\x00\x2f\x26\xf2\
\x62\x91\xfc\xca\x34\x8d\x1f\xed\x92\xc7\x3c\xff\x00\xba\x8f\xfe\
\x7a\x54\x9a\x6e\x9b\x25\xe4\xbe\x63\xff\x00\xab\xff\x00\x9e\x95\
\x1e\xbd\xaf\x79\xd2\xc7\x63\x63\xfe\xaf\xcc\xff\x00\xbf\xb4\x01\
\x26\xb1\xaf\x49\x7b\x0f\xf6\x75\x8f\x9b\xe5\xd7\x71\xf0\xf7\xe1\
\x5f\xf6\x3c\x51\xcf\x7d\xe5\x4b\x24\xb1\xd4\x9f\x0f\x7e\x18\x41\
\xa6\xda\xfd\xba\xeb\xcc\x92\xf3\xff\x00\x45\x57\x79\xf2\x67\x63\
\xd0\x01\xe4\xc7\x0f\xfa\xbf\xdd\xc7\x52\x43\xfb\xda\x21\xfd\xcc\
\x54\x43\xfe\xab\xfd\x67\x95\x5a\x01\x27\xfd\x33\x4f\xde\xff\x00\
\xd3\x3a\xf7\x0f\x81\xbe\x15\xba\xf8\x7b\xe0\x8f\xf8\x4b\x60\x83\
\xed\x3e\x2c\xf1\x6f\xfc\x4a\x7c\x2f\x07\xfd\x33\xff\x00\x57\x71\
\x7b\x5e\x7f\xf0\x1f\xe1\x5f\xfc\x2d\x4f\x1e\x47\x69\x77\x3f\xd8\
\x74\x3b\x08\xe4\xbd\xd6\x2e\xff\x00\xe5\x95\xad\x9c\x7f\xeb\x3f\
\xed\xa7\xfc\xb3\xaf\xad\x3e\x1b\xf8\x26\xef\xc7\x9e\x32\xfe\xd9\
\xfb\x0f\xd8\x64\xba\xb7\xfb\x16\x8f\x04\x9f\xf3\x01\xd2\xe3\xfd\
\xdf\xfd\xfc\x92\xbc\x4c\xcb\x1b\xc8\x74\xe1\xa9\x73\x9b\x9f\xb2\
\xe7\xc0\x18\x3c\x9b\x3d\x3a\x3f\xde\xe9\xf6\x1f\xbc\xbc\x9e\x4f\
\xf9\x7f\xb8\xff\x00\x9e\x95\xf4\x24\x3a\x77\xfc\x2c\x2d\x76\x38\
\x23\x8f\xfe\x25\x76\x1f\xea\xff\x00\xe9\xaf\xfc\xf4\xaa\xfa\x6e\
\x82\x9a\x0e\x97\x67\xe1\xcd\x3a\x3f\x2e\xe2\x58\xfc\xb9\x3c\xbf\
\xf9\x65\x1f\xff\x00\x6c\xad\x0f\x88\x5e\x30\xb5\xf8\x4b\xe1\x78\
\xf4\xeb\x49\x3f\xe2\x61\x75\xff\x00\x90\xab\xe1\x71\x38\x9f\x68\
\x7b\x74\x97\xb3\x2c\x6b\x1a\x9d\xae\xa5\x61\x26\x95\xb3\xcd\xb7\
\x8a\xe3\xcb\xf3\x3f\xe7\xac\x9e\x5d\x57\xf8\x27\x0c\x1a\x05\xaf\
\x89\x35\x9b\xb7\xf2\xe3\x8a\xdf\xcb\x92\x4f\xfb\xf9\x5c\xff\x00\
\x82\x66\xf2\x7c\x1b\xf6\xef\xfa\xf8\x93\xfe\xda\x49\x5a\x9e\x37\
\xd3\x67\xd0\x7f\x67\x8f\xec\xdb\x4f\xdd\x5e\x6b\x3e\x5c\x92\x49\
\xff\x00\x6d\x23\xff\x00\xe3\x7f\xf9\x12\xb9\xb0\xd4\xff\x00\xe7\
\xe0\x55\x3e\x37\xff\x00\x85\x4b\x7d\xf1\xfb\xe2\xfd\xe6\xb9\xaa\
\xff\x00\xa3\x69\xf1\x49\xfe\x8f\xe6\x7f\xcb\xad\xbf\xfc\xb3\xaf\
\xa2\x3c\x2b\xe0\x9f\xf4\x5b\x7d\x2b\x4d\x8f\xf7\x7f\xf3\xd3\xfe\
\x99\xff\x00\xd3\x4a\x93\xc2\xbe\x1b\xfb\x1f\x97\xa5\x58\xa7\xef\
\x3c\xbf\xf5\x91\xff\x00\xe8\xc9\x2b\xa4\xf1\x26\xa5\x1f\x83\xec\
\x23\xd1\xac\x53\xcc\xbc\x96\x4f\x2e\xe3\xcb\xff\x00\x96\xb7\x1f\
\xf3\xed\xff\x00\xb5\x24\xff\x00\xae\x75\xf4\x14\xbf\x79\xfb\xb3\
\x97\xf8\x67\x1f\xf1\x3b\x5e\xd3\x7c\x1f\xa0\xdc\x7e\xfe\x2b\x1d\
\x1f\x4b\xff\x00\x49\x92\x7f\xf9\xfa\x92\xbf\x3d\xfc\x79\xe3\x6f\
\xf8\x4a\xbc\x51\x79\x7d\x04\x7e\x55\xbc\xb7\x12\x79\x71\xff\x00\
\xcf\x28\xfc\xcf\x33\xff\x00\x6a\x57\xae\x7e\xd8\xdf\xb4\x24\x1e\
\x2a\xd6\x7f\xe1\x18\xd0\xee\xbe\xd3\xa5\xe9\x77\x1f\xe9\x93\xc7\
\xff\x00\x2f\xf7\x1f\xfc\x6e\xbe\x73\xfb\x64\x7e\x6e\xff\x00\xf9\
\x69\x17\x99\xff\x00\x7f\x2b\xeb\x30\x38\x6f\x67\x4c\xf3\xb1\x35\
\x0d\x09\xb5\x29\x21\x8a\x47\xff\x00\x96\x95\xc1\xfc\x42\xf8\xa9\
\x06\x8f\xfb\x8b\x57\xf3\x6f\x25\xff\x00\xc8\x55\x5f\xe2\x47\xc4\
\x8f\xec\xdf\xf4\x48\x3f\xe3\xe2\xbc\xff\x00\x4d\xf0\xa6\xab\xe2\
\xad\x43\xcf\x4b\x59\x7c\xbf\xf9\xef\x25\x77\x1c\xc6\x7c\x3a\xf4\
\xf6\x7a\xf7\xf6\x8c\x9f\xbd\xb8\xfd\xe4\x9f\xbc\xae\x92\xf3\xe2\
\x76\xbf\xe3\x6b\x58\xd3\xcc\xfd\xe7\xf7\x23\x8f\xfe\x59\xd6\x84\
\x3f\x07\xfc\xeb\xa8\xe3\x9f\xfd\x5c\x55\xe8\x9e\x0f\xf0\x1c\x1a\
\x3f\x96\x90\x27\xfd\x74\x92\x80\x38\x3f\x04\xfc\x01\x93\x58\xb9\
\xfb\x5e\xab\xfe\xae\x5f\xde\x79\x7f\xf2\xd6\xbe\x84\xf8\x7b\xf0\
\xdf\xc9\x8a\xde\x08\x20\xff\x00\x55\xfb\xb8\xe3\x4a\xd0\xf0\x1f\
\xc3\x1b\xbd\x62\xea\xde\x34\x82\x59\x2e\x3f\xe5\x9f\x97\x5e\xa1\
\xf0\xf7\xe2\xa7\xc2\xbf\x83\x1a\xce\xa1\x06\xab\xa8\xcb\xe2\x9f\
\x10\x68\x36\xf2\x5c\xc7\xa2\xe9\xbf\xbc\xff\x00\x48\xfd\xdf\xfa\
\x34\x92\x56\x80\x7d\x79\xff\x00\x04\xb5\xff\x00\x82\x7b\xdf\x7c\
\x5a\xf1\x1d\x9e\xb3\xaa\xda\x4b\x6d\xa3\xda\xc9\xe6\x5c\x49\x27\
\xfc\xb5\xff\x00\xa6\x75\xfa\xf9\x67\xa6\xda\x68\xfa\x5d\x9d\x8d\
\xaf\xfa\x35\x9d\xaf\x97\x1d\xbc\x7f\xf5\xce\xbf\x29\xff\x00\xe0\
\xde\xff\x00\xf8\x28\x77\x8b\x7e\x3f\x7c\x65\xf8\x89\xe1\x2f\x15\
\x7d\x9b\xfb\x3e\xfe\xde\x3d\x7b\x43\xb0\xb4\x8f\xca\x8b\x4b\xf2\
\xff\x00\x77\xf6\x68\xff\x00\xed\x9f\x97\x5f\xac\x13\x1f\x26\x5f\
\xfe\x39\x40\x0b\x37\xfa\xd7\xa8\xbf\xe5\xad\x47\x34\xdf\xbd\xa8\
\xe1\x9b\xf7\xb4\x01\x62\x8a\x21\x9a\x8f\x3f\xda\x80\x09\xfb\x51\
\x51\xcf\xda\x8a\x00\xb1\x0c\x3f\xf4\xce\xa4\x9a\x1f\x36\x96\x1f\
\xf5\x34\xf8\x7f\xe7\xa6\x68\x02\x38\x7f\x73\x15\x57\x9b\xfd\x75\
\x58\x9f\xb5\x47\xfe\xba\x6a\x00\x3c\x9f\xdd\x51\x34\x3f\xbd\xa3\
\xcf\xf6\xa2\x80\x09\xa1\xf2\x7c\xba\x20\xef\x45\xe5\x1f\xea\xa8\
\x02\x4f\xf5\xb5\x1c\xfd\xa8\x83\xbd\x49\x37\xef\xa2\xa0\x08\xe0\
\xef\x56\x3c\x8f\x7a\xaf\x0f\xfa\xea\x93\xe7\xf3\x68\x02\x48\x61\
\x8f\xf7\x75\xf2\x9f\xed\xc9\xfb\x4b\x58\xfc\x31\xd0\x7c\x41\xac\
\x6b\x37\x7e\x5f\x87\xfc\x39\xfe\xb2\x3f\xf9\xeb\x27\xfd\x33\xaf\
\xaa\x0f\xfa\xe8\xeb\xf1\xaf\xfe\x0e\x0a\xf1\x54\xf6\x7e\x03\xd2\
\xf4\x78\x24\xb9\xf2\xef\xfc\x49\x71\xf6\x88\xfc\xca\x00\xf1\x3f\
\x12\x7f\xc1\x6a\xbe\x23\x78\xdb\xc7\x1e\x47\x87\xf4\xdf\x0f\xe8\
\x9a\x3c\xb2\x7e\xee\x39\x2d\xfe\xd3\x2f\x97\x5f\x54\x7c\x19\xfd\
\xb1\xb5\xff\x00\x11\xe8\x36\xff\x00\xdb\x10\x5b\x4b\xf6\xaf\xf5\
\x93\xc1\x1f\x97\x5f\x8c\xfe\x1b\xd7\xa3\xd3\xb5\x4f\x3e\x79\x23\
\x8f\xca\xb8\xff\x00\xbf\x55\xfa\x61\xfb\x22\xf8\x93\x4a\xf1\xbf\
\x85\xe3\xfb\x0e\xb3\x65\x73\x24\x51\xf9\x97\x11\xc7\x27\xfc\xb4\
\xac\xc0\xfb\x23\x41\xf1\xe6\x95\xaf\x79\x7e\x43\xf9\x57\x1f\xf3\
\xce\x4a\xd8\xfb\x1f\xef\x63\xdf\xfe\xb2\x2a\xf2\x7d\x07\x4d\xd3\
\x6f\x21\xfd\xdd\xf7\xfa\x47\xfc\xb4\xff\x00\x9e\x55\xd0\x68\xfe\
\x36\xbb\xf0\x7d\xd4\x76\xba\xc7\x9b\x2e\x97\x2f\xfa\xbb\xf8\xff\
\x00\xe5\x95\x15\x40\xf4\x09\xa1\xb4\xd4\xb4\xbb\x8d\x3a\xfa\xd6\
\xca\xf7\x4f\xd5\x23\x92\xda\xe2\xd2\xee\x3f\x32\x2b\xaf\xfa\x67\
\x25\x7e\x67\xfe\xdf\x9f\xf0\x4c\xdb\xaf\x80\x32\xea\x9e\x34\xf8\
\x6b\x69\x7b\xab\xfc\x3f\xba\xfd\xe6\xa1\xa2\xff\x00\xad\xbe\xd0\
\x64\xff\x00\x9e\x91\xff\x00\xd3\x3a\xfd\x2c\x9a\x1f\x38\xfe\xed\
\xe3\x92\x3b\xaf\xde\x47\x27\xfc\xb2\xf2\xea\x38\x66\x92\x1f\xf9\
\xe7\x2f\xfd\x33\x93\xfe\x5a\xd6\x61\x48\xfc\x07\xbc\xbc\xfd\xec\
\x72\x79\x9e\x64\x7f\xf3\xd2\x3a\xaf\xe7\x47\x0c\x52\x79\x1f\xeb\
\x2b\xf4\x23\xfe\x0a\x1d\xff\x00\x04\xc1\x7b\xcf\xed\x0f\x1e\x7c\
\x2b\xb1\x8b\xfe\x7e\x75\x4f\x0d\x47\xff\x00\x2c\xbf\xe7\xa4\x96\
\xf5\xf9\xcf\xa9\x5e\x3d\x9c\xbb\x36\x7e\xee\xd6\x4f\x2b\x7f\xfc\
\xf2\x93\xfe\x79\xd0\x68\x5c\xbd\x9a\x48\x7e\xcf\x27\xee\xbc\xca\
\xb9\xaf\x78\xf2\xd3\x4d\xd0\x7e\xd7\x3c\xff\x00\xbb\x8b\xfe\x59\
\xd7\x1f\xac\x78\x92\x3b\x3b\x59\x36\x7f\xdf\xca\xe2\xf5\x28\x64\
\xf1\x24\xb1\xcf\x3f\xfc\x79\xda\xc9\xe6\x47\x1c\x9f\xf2\xd6\xb4\
\x33\x35\x3f\xb4\xdf\xc7\x97\xf2\x6b\x3a\x8f\x99\x16\x9f\xff\x00\
\x2e\x76\x9f\xf3\xd6\x4a\xb1\xa8\xeb\xde\x77\xff\x00\x1c\xac\xff\
\x00\xb6\x49\x37\xfd\x73\xff\x00\xa6\x75\x1c\xd3\x56\x60\x13\x6f\
\xf2\xa4\xff\x00\xd1\x95\x5f\xcf\xff\x00\x57\x27\xfe\x43\xa8\xef\
\x3f\xdf\xaa\x77\x97\x9e\x4f\x97\x5a\x01\x62\x7d\x4b\xfb\x95\x87\
\xa9\x6b\x1e\x74\xbe\x5d\x1a\x95\xe7\x93\xe6\x55\x3f\x26\x38\x68\
\x02\x3f\x3b\x31\x79\x93\xff\x00\xdb\x3a\xb1\x0e\x9b\x26\xa5\x75\
\x1c\x9f\xea\xe3\x8a\xa3\xf2\x7c\xe9\x77\xff\x00\xcb\x38\xaa\x39\
\xa7\x9f\x52\xba\x8f\x4d\xb1\x4f\x32\x49\x7f\xe5\x9f\xfc\xf5\xa0\
\x0b\x17\xba\x9c\xfa\x94\xb1\xd8\xd8\xf9\xb2\xfe\xf3\xfd\x65\x7a\
\x67\xc3\x7f\x86\xf1\xf8\x56\x2f\x3e\xed\x3f\xd3\x25\xa3\xe1\x87\
\xc3\x74\xf0\xad\xac\x77\x53\xfe\xf2\xf2\x58\xff\x00\x79\xe6\x7f\
\xcb\x2a\xea\x26\x87\xf7\xbf\xf4\xce\xb4\x02\xe7\x93\xe5\x54\x90\
\xcd\xe4\x4b\x55\xe1\x87\xce\x8a\x3a\x93\xc9\xf2\x3c\xb9\x28\x00\
\x86\x6f\xde\xfe\xf2\xae\x69\xb6\x72\x5e\x5d\x47\x04\x69\x25\xcd\
\xc4\xb2\x79\x71\xc7\x1f\xfc\xb5\x92\x4a\x8e\x18\x64\xfd\xdf\xfa\
\xaf\xf5\x95\xf4\xe7\xec\x4f\xfb\x3d\x7d\x8e\xd7\xfe\x13\xfd\x72\
\x3f\x2a\x38\xa4\xf2\xf4\x38\xe4\xff\x00\x9e\x9f\xf2\xd2\xe6\xb9\
\xb1\xb8\x9f\x61\x4c\xd6\x95\x2f\x68\x76\x9f\x0a\xfe\x00\xff\x00\
\xc2\x07\xe0\x8b\x3f\x0c\xec\xfb\x4d\xe5\xd5\xc4\x77\x3a\xe7\x97\
\xff\x00\x2f\xfa\x87\xfc\xbb\xd9\x7f\xd7\x38\xff\x00\xd6\x49\x5f\
\x4e\x78\x27\xc1\xe9\xe0\x3d\x1b\xcf\x93\xfd\x27\x54\xd5\x24\xff\
\x00\x57\xff\x00\x3d\x64\xff\x00\xe3\x71\xd6\x7f\xc3\x1f\x01\xc1\
\xe1\xbb\x5f\xed\x8d\x57\xf7\x5f\xf3\xce\x3f\xf9\x6b\xfb\xcf\xf9\
\x67\x1f\xfd\x34\x92\xbd\x13\x41\xb3\x8f\x47\xb5\xb8\xf1\x3e\xb9\
\x24\x51\x47\xff\x00\x2e\xf1\xc9\xff\x00\xa2\xeb\xf3\xcc\x6e\x36\
\xa5\x7a\x87\xad\x4a\x9f\xb3\x2b\xde\x5e\x5a\xfc\x19\xf0\xbd\xe6\
\xb9\xaa\xfe\xf6\xf2\xeb\xf7\x91\xf9\x9f\xf2\xd7\xfe\x9a\x57\xc8\
\xfa\x97\xc6\x0b\xaf\x8c\xff\x00\x17\xfe\xc9\x6b\x24\xb2\xc7\x17\
\xfc\x7c\x49\x59\x7f\xb6\xc7\xed\x81\x27\x8d\xb5\xe9\x34\xeb\x19\
\xe5\xf2\xe2\xf3\x3f\xd5\xff\x00\xcb\x2a\x93\xf6\x1b\xf0\x1b\xc3\
\xa0\x5c\x6b\x97\x69\xfb\xcb\xaf\xf9\x69\x25\x6b\x4f\x05\xc9\x43\
\xda\x54\x05\x57\x9e\xa1\xf5\x46\x83\x0a\x43\xe0\xdb\x3d\x37\xfe\
\x9a\x49\xe6\x49\xff\x00\x4c\xe3\xa3\xe3\x35\xe4\x9a\xf5\xd7\x87\
\xf4\xab\x44\x96\xe6\xe2\x2b\x3f\xb6\xc9\x1b\xff\x00\xaa\xb5\xab\
\x1a\x0c\x32\x6a\x56\x1f\xd9\xa9\x6b\xf6\xdf\xb5\x79\x77\x3f\xbb\
\xff\x00\x96\x51\xf9\x9f\xbc\xa8\xfe\x33\x78\xdb\x4a\xf0\x7d\xad\
\xe6\xb9\xac\xea\x56\x36\x56\xf6\xbf\xea\xed\x3c\xcf\xf9\xe7\x5c\
\x34\xd5\x4a\x9f\xc3\x3a\x6a\x99\xfa\xc6\xa5\x63\xf0\x7f\xc2\xd7\
\x17\xd2\x5d\x79\x57\x11\x47\xf6\x99\x2f\xe4\xff\x00\x96\x5f\xfd\
\xb3\xfe\x79\xc7\x5f\x2d\xfe\xd3\x9f\xb4\x24\xfe\x14\xd1\xa4\xb1\
\xb4\x93\xca\xf1\x26\xbd\x6f\xfb\xc8\xe3\x93\xfe\x40\x3a\x7c\x9f\
\xfb\x71\x73\x47\xc5\xaf\xda\x42\x79\xb4\x6b\x7f\x1a\x6b\x10\x79\
\x51\xcb\x71\xe5\xf8\x3f\x42\x93\xfe\x5e\xa4\xff\x00\x96\x77\xb7\
\x1f\xf4\xcf\xfe\x79\xd7\xca\xfe\x24\xd6\x27\xd7\xb5\x4b\x8b\xeb\
\xbb\xa9\x6e\x6e\x2f\xee\x24\xb8\xb8\x92\x4f\xf9\x6b\x27\xfc\xb4\
\xaf\xb6\xca\x32\xdf\xf9\x79\x50\xf2\x31\x35\x4c\xbb\xcb\xc9\x26\
\xb5\xf2\xff\x00\xe5\x9d\x65\xde\x42\xf7\x92\xc6\x9f\xea\xea\xc7\
\xfc\xb5\xa9\x21\xb3\xf3\xbc\xba\xf7\xce\x23\x9f\xb3\xf0\x4c\x10\
\xcb\xfb\xc8\x22\x96\x4f\xf5\x9e\x65\x6e\x69\xba\x3f\xef\x63\x8f\
\x67\x97\x5a\x9a\x6e\x83\x24\xd2\xd7\x59\xe1\xbf\x07\xf9\xde\x5f\
\x9f\x40\x1c\xfe\x8f\xe0\x99\xf5\x29\x63\xf3\x3f\xd5\xd6\xe7\x89\
\x35\x2d\x0f\xe1\x2d\x84\x77\x7a\xc7\x9b\xe6\x5d\x47\xfe\x8f\x69\
\x07\xfa\xd9\x6b\xa8\x87\xfd\x0e\x2f\xdc\x47\x5e\x67\xfb\x5a\x6b\
\xd7\x5a\x3f\x86\xfc\x3f\xaa\xd8\xc1\x6d\x73\x79\x6b\x71\xf6\x68\
\xe4\x93\xfe\x59\x79\x91\xd0\x07\x0f\xf1\xcb\xf6\xa8\xf1\x56\xa5\
\x61\x1e\x95\x69\x07\xfc\x22\x5a\x3d\xd4\x7f\xf1\xe9\x69\xff\x00\
\x1f\x37\x51\xff\x00\xcf\x49\x24\xae\x2f\x4d\xd1\xe7\xf8\x63\xe1\
\x78\xef\xa4\xff\x00\x46\xd6\x35\x4f\x2e\xe6\xdf\xfe\x7a\xda\xc7\
\xff\x00\xc7\x2a\x3f\x0a\xf8\x56\xee\x6d\x7b\xfb\x56\xea\x3b\x9d\
\x7f\x5c\xf3\x3f\x77\x1f\xfa\xdf\xde\x7f\xd3\x4a\xcb\xf8\x9d\x36\
\xab\x0f\x8a\x24\xfe\xd8\x82\x58\xb5\x4b\xaf\xde\x7e\xf2\xb3\xf6\
\xa0\x7e\xaa\x7f\xc1\xb4\xff\x00\xb4\x57\x85\x7c\x49\xfb\x66\xc7\
\xa5\x78\x8e\xfa\xdb\x48\xf1\x84\xba\x5d\xc4\x76\x72\x7f\xab\x8b\
\x5e\x93\xff\x00\x8e\x57\xef\x84\xb1\x79\xdf\xf5\xd2\xbf\x8b\x3f\
\x01\xf8\xdb\x55\xf8\x61\xe3\x2d\x3f\xc4\x7a\x1d\xdc\x9a\x6e\xb9\
\xe1\xcb\x88\xef\x6c\xe7\x8f\xf7\x5e\x55\xc4\x72\x57\xf5\xd1\xff\
\x00\x04\xf7\xfd\xa9\xe0\xfd\xb4\xbf\x62\xdf\x01\xfc\x4d\x8f\xfe\
\x3f\x3c\x47\xa7\xf9\x7a\xa4\x7f\xf3\xca\xf2\x3f\xdd\xdc\x7f\xdf\
\xcf\x2f\xff\x00\x22\x56\x80\x7b\x24\xf0\xff\x00\xac\x4a\x8f\xc9\
\xfd\xed\x49\x07\xfa\xaf\xde\x55\x7f\xf5\xd3\x50\x05\x88\x61\xfd\
\xd7\xfd\x33\xa2\x6f\xfa\x67\x44\x1d\xea\x39\xa6\xa0\x02\x7e\xd4\
\x51\xfe\xb6\x8a\x00\xb1\x37\xef\xa2\xa3\xcf\xf6\xa8\xe1\x86\x8a\
\x00\x93\xce\xfd\xd5\x47\x07\x7a\x93\xca\x7a\x8f\xc9\xfd\xed\x00\
\x49\x45\x10\xc3\x47\x91\xef\x40\x04\xfd\xa8\xa8\xe6\x86\x88\x61\
\x79\xa2\xa0\x09\x28\x9a\x6a\x3c\x99\x3c\xda\x3e\x7a\x00\x8e\x19\
\xaa\x4f\x3b\xce\x96\xab\xf9\x3f\xf5\xcf\xfe\xba\x57\x99\xfc\x60\
\xfd\xab\xb4\x3f\x85\x71\x79\x70\x79\x5a\x95\xe4\x5f\xeb\x23\xff\
\x00\x96\x54\xe9\xfb\xe0\x7a\xc4\x33\x7e\xf6\x3f\xfd\xa9\x5f\x91\
\xff\x00\xf0\x71\x47\xc2\xb9\xe1\xf0\x44\x7a\x8a\x7f\xcb\x86\xb1\
\xf6\x99\x3c\xcf\xf9\xe7\x27\x99\xff\x00\xb5\x2b\xdd\x3e\x2d\x7f\
\xc1\x55\xbc\x5d\xa6\xcb\x27\xf6\x34\x7a\x6d\x94\x7f\xf3\xcf\xec\
\xfe\x6f\xfe\x8c\xaf\x93\xff\x00\x6c\x0f\xdb\x93\x5f\xfd\xaa\x3c\
\x11\xa8\x78\x7f\xc5\x53\xd9\x4b\x67\x7f\x6f\xf6\x2f\x32\xde\xdf\
\xca\x97\xfe\xba\x55\x81\xf9\x7f\xf0\xde\x1f\x0f\xde\x7c\x55\xd2\
\xec\x7c\x47\x3f\xd9\xbc\x3f\x2d\xe4\x72\x6a\x12\x47\xff\x00\x2c\
\xad\xff\x00\xe5\xa5\x7e\x9a\x7c\x31\xfd\xa4\x3e\x1b\x78\x53\xe3\
\x77\x86\xfc\x25\xe0\x0d\x2b\xc3\x7a\xff\x00\x87\xee\xa3\xf2\xf4\
\xbd\x7a\x3b\x7f\xb3\x4b\x7f\x1c\x9f\xbc\x8e\xda\xe3\xfe\x9a\x47\
\x5f\x9e\x7f\x10\xbf\x67\x58\xf4\x7b\xf8\xe7\xd0\xf5\xcf\x36\x4b\
\x59\x3c\xc8\xfe\xdf\x1d\x7a\x27\x82\x6c\xfc\x33\xe0\xfb\xaf\x09\
\xf8\xd2\xef\x55\xff\x00\x84\x5b\x50\xd0\x75\x0f\xed\x1b\x8b\x0d\
\x36\x49\x2e\x62\x96\xe2\x3f\xdd\xf9\x9e\x5f\xfc\xb3\xf3\x3f\xd6\
\x57\x35\x2f\xe2\x01\xfa\x81\xaf\x7f\x60\x69\x17\xff\x00\xe9\x4f\
\x73\xe1\xbb\x8f\xde\x7e\xf2\x4f\xf5\x52\xd7\xc9\xfa\x3f\xfc\x14\
\x3a\xef\xf6\x90\xf8\xbf\x71\xf0\xdb\xc0\x1a\x8d\x8d\xb5\x9d\xaf\
\x99\x26\xa9\x77\x7f\x27\xfc\xbb\xc7\xfe\xb3\xcb\xaf\x17\xf8\x91\
\xfb\x63\x41\xf1\x9b\x5e\x8e\xfa\xef\xc7\x1f\x69\xbc\xb5\xb8\xf3\
\x2c\xfe\xd7\x67\x24\x51\x45\x5e\x2f\xaf\x7c\x2b\xd3\xb5\x2f\x19\
\x5c\x78\x9a\xd2\x08\xfe\xd9\x75\x24\x92\x49\x26\x9b\x79\xfb\xaf\
\xde\x7f\xd3\x3a\xd4\x0f\xd3\x8f\x82\x7f\xb6\x6f\x86\x7c\x2b\xaf\
\x7f\x61\xff\x00\xc2\x47\x65\xe2\x4f\x0b\xf9\x9f\x66\xfb\x7c\x7f\
\xf2\xca\xe3\xf7\x7f\xbc\x8f\xfe\xb9\xd7\xd4\x9e\x74\x73\x5a\xc7\
\x75\x69\x3c\x57\x36\x72\xfe\xf3\xcf\x8f\xfe\x5a\xc7\x5f\x81\xfe\
\x15\xb3\x7f\x0a\xf8\x4b\xc4\x9a\x1b\xdd\xff\x00\xa1\xdd\x47\x1d\
\xce\x97\x24\x71\xfe\xf6\xc2\xe2\x3a\xfa\x93\xfe\x09\x6b\xff\x00\
\x05\x56\xd4\x74\x7d\x52\x4f\x03\xf8\xc6\x39\x75\x2b\xc8\xbf\xe5\
\x9f\xfc\xfd\x47\x1f\xfc\xf3\xff\x00\xa6\x95\xcf\x50\x0f\xd4\xcb\
\x3f\x32\x19\x77\xc1\xe6\x7e\xeb\xfe\x5a\x47\xfb\xba\xfc\xb7\xff\
\x00\x82\xd2\x7c\x1f\xf0\x07\x85\x75\xe9\x3c\x6b\xe1\x2d\x56\x2f\
\xf8\x4a\x25\x93\xfe\x27\x9a\x15\xa7\xfa\xaf\x2f\xfe\x7a\x57\xd1\
\x1f\xb5\xa7\xfc\x14\x22\xd3\x41\xd0\x64\xfe\xca\x7b\xed\x23\x47\
\x97\xfe\x3c\xe4\xf2\xff\x00\xd2\x6e\xa4\xaf\xcd\xbf\x1b\x78\xc2\
\xeb\xe2\xa7\x8b\x75\x0d\x46\xed\x24\xb6\xf3\x7f\x79\x24\x92\x49\
\xfe\xb6\xb3\x34\x3c\x9f\x41\xf0\x7d\xd7\x89\x2e\xa3\x9e\xee\x39\
\x7c\xb9\x7f\xd5\xc7\x5d\xa4\xdf\x0f\x6d\x2f\x2c\x3c\x84\xff\x00\
\xbf\x95\x73\x4d\x87\xc9\x97\xe7\xff\x00\x57\xff\x00\x2c\xfc\xca\
\xd8\x86\x1f\x26\x2f\x93\xca\xad\x00\xf2\x3f\x18\x78\x6e\xef\xc2\
\xb7\x52\x6f\x8f\xfe\xda\x56\x1c\xda\x94\x7e\x54\x9f\xf2\xd6\xbd\
\xc3\x5e\xd1\xe0\xd7\xac\x24\x82\xef\xf7\xb5\xe1\xfe\x3c\xf0\xdd\
\xdf\x83\xef\xe4\x49\xd3\xf7\x72\xc9\xfb\xba\xd0\xcc\xcb\xbc\xbc\
\xf3\xa2\xac\xfd\x4a\x6f\xde\x49\xe5\xbd\x47\x35\xe2\x7d\xf8\xea\
\xbf\x92\xf3\x7e\xf3\xcb\x8f\xcb\xa0\x03\xfe\x5e\x7f\xd8\xa2\x18\
\x5e\x5f\xfa\x65\x1d\x10\xc3\xe7\x79\x61\xff\x00\x77\x1c\x54\x79\
\x33\xeb\xda\xa4\x76\xb6\x31\xf9\x94\x00\x45\x2d\xd6\xaf\x75\x1d\
\x8d\x8f\xfa\xca\xf5\x8f\x87\xbf\x0e\x3f\xe1\x0f\xb5\xf3\xe4\x78\
\xfe\xd9\xff\x00\xa2\xa8\xf0\x1f\xc3\x78\xfc\x1d\x6b\xf3\xfe\xf6\
\xe3\xfe\x7a\x57\x49\x0c\x3e\x4f\xfd\xb5\xad\x00\x92\x1f\xf5\x34\
\x7f\xcb\x2a\x93\xca\x7a\x3c\x97\x11\x49\x40\x07\xfc\xb3\xfd\xde\
\x2a\xc4\x50\xf9\xdf\xf5\xd3\xfb\x94\x43\x0f\xfe\x42\xaf\x58\xfd\
\x95\xff\x00\x65\x7d\x57\xf6\x84\xf1\x1f\xfc\xf9\x78\x7e\xc2\x4f\
\xf4\xcb\xf9\x3f\xf4\x5c\x7f\xf4\xd2\xb9\xb1\x38\x9f\x61\x4c\xd2\
\x95\x2f\x68\x6a\x7e\xc7\xff\x00\xb2\xbc\x9f\x1c\xbc\x47\xf6\xab\
\xef\xf4\x2f\x09\xe9\x7f\xbc\xbc\xbb\x93\xfe\x5e\xbf\xe9\x9c\x75\
\xf7\xe7\x85\x7c\x2b\x6b\xa9\x7d\x9e\xeb\xc8\x8b\x4d\xf0\xfe\x97\
\xfb\xbd\x3e\x09\x3f\xe5\x94\x7f\xf3\xd2\x8f\x04\xf8\x0f\x4e\xd3\
\x7c\x25\x67\xa5\x69\xd6\x9f\xd9\x1e\x13\xd1\xbf\xd6\x47\x27\xfc\
\xbd\x7f\xd3\x49\x2b\xa8\xd0\x74\x79\x3c\x79\xaa\x47\x23\xff\x00\
\xa0\xe8\xf6\x1f\xbc\xfd\xe7\xfa\xaf\xfa\xe9\x25\x7c\x0e\x65\x99\
\x54\xaf\xfb\xb3\xd7\xc3\x52\xf6\x65\xcf\x0d\xe8\xff\x00\xdb\xd7\
\x5f\xda\xb7\xd1\xfd\x87\x4b\xb0\x8e\x4f\xfb\x65\x1f\xfc\xb3\xaf\
\x97\xff\x00\x6f\x0f\xdb\x33\xce\x8a\x4d\x03\x47\x9e\x38\xa3\xb5\
\xfd\xd6\xc8\xff\x00\xe5\x97\xfd\x34\xae\x93\xf6\xde\xfd\xb1\xad\
\x3c\x2b\xa1\x5c\x78\x73\xc3\xf3\xfe\xef\xfd\x5f\xfd\x7d\x49\xff\
\x00\x4d\x2b\xf3\xef\xc4\x9a\xf5\xd6\xbd\xaa\x49\x75\x75\x3f\x99\
\x24\xbf\xeb\x2b\xb7\x24\xca\x7d\xa7\xef\x2a\x19\x62\x71\x25\xcd\
\x02\x79\xfc\x55\xe2\x7b\x74\x79\x3c\xd9\x2e\xa4\xff\x00\x59\x5f\
\xa2\x1f\x07\xf4\x74\xf0\xdf\x83\x74\xfb\x48\xe3\x8e\x2f\xb2\xf9\
\x7e\x5c\x95\xf9\xc7\xe1\x5d\x63\xfb\x37\x54\xb7\x9e\x0f\xf9\x75\
\xfd\xe5\x7d\x19\xa6\xfe\xdd\x5f\xd8\x3a\x0c\x70\x25\x8f\xfa\x67\
\xee\xff\x00\x79\x5e\xde\x6b\x96\xf3\xd3\xf6\x74\x8c\xf0\xd5\x79\
\x0f\xb1\x3c\x4b\xe3\x6b\x5f\x86\x36\xba\xe6\xb9\x3d\xd7\xfc\x81\
\xb4\xb8\xed\xa3\x8e\x3f\xf5\xb2\xc9\x27\x97\xe5\xd7\xcc\x7e\x3c\
\xd4\xa3\x9e\xc2\xe3\xc7\x1f\x13\x64\xf2\xbc\x3f\x61\x24\x7f\xd9\
\x7e\x1a\xf3\x3f\xd2\xb5\x9b\x8f\xf5\x91\xfd\xa2\x3f\xf9\xe7\x5c\
\xbc\x3f\xf0\x50\xeb\xad\x7b\xc2\xfa\xc6\x9b\xaf\xe9\x52\xc7\x71\
\x2c\x91\xc9\x1d\xfe\x93\xe5\xc5\x2c\xbe\x5f\xfc\xb3\x93\xcc\xff\
\x00\xda\x7f\xbc\xaf\x02\xf8\x91\xf1\x3a\xfb\xe2\x76\xbd\xf6\xeb\
\xe8\x23\xb6\xb7\x8b\xf7\x76\xf6\x91\xff\x00\xaa\xb5\x8f\xfc\xff\
\x00\xdb\x4a\xe7\xca\x72\x9f\x67\xfc\x40\xc4\xe2\x79\xcb\x3f\x10\
\xbe\x21\x6a\xbf\x16\xbc\x65\x79\xae\x6b\x32\x45\x25\xe5\xd7\x99\
\xfb\xb8\xff\x00\xd5\x5a\xc7\xff\x00\x3e\xd5\xcd\xcd\xff\x00\x4c\
\xea\x48\x66\x79\xbe\xff\x00\xef\x6a\x48\x6c\xe4\xbc\x96\xbe\xb2\
\x95\x2f\x66\x79\xa5\x78\x6c\xa4\x9b\xfe\x99\xd6\xa6\x9b\xa3\xf9\
\xc6\x3f\xdd\xd4\x96\x7a\x6f\x93\x17\xef\x2b\x52\xce\x6f\x26\x90\
\x16\x34\xdb\x38\xec\xfc\xba\xd4\xfb\x62\x79\xd5\x4f\xfd\x74\xd4\
\x5e\x6a\x5e\x48\xf2\xeb\x3a\x60\x49\x79\xa9\xf9\x31\x7e\xef\xfe\
\xd9\xd7\x2f\xf1\x23\x4d\x83\xc6\xd6\x1a\x3e\x87\x27\xef\x6e\x2e\
\xb5\xcb\x7f\xb3\xc7\x1f\xfc\xb5\xfd\xe7\xfa\xb8\xea\x3f\x1b\x78\
\xf2\x0f\x07\xf9\x7f\xbb\xfb\x4e\xa1\x75\xff\x00\x1e\xf0\x47\xfe\
\xb6\x59\x2b\xd7\x3f\x67\x5f\x86\x3a\x1f\xc2\x4b\x0f\xf8\x4e\x3e\
\x23\x5f\x5b\x6a\x5e\x28\xba\x8f\xfe\x25\xfa\x6c\x1f\xea\xb4\xba\
\xcc\x0f\x44\xf0\x4f\xec\xd3\xa5\x7c\x0d\xf0\xbd\xc6\x9b\x1c\x11\
\x4b\x71\x17\x99\xf6\x8b\xff\x00\xf5\xbe\x6f\x97\x1f\xfa\xbf\xfc\
\x89\x5f\x0d\xfe\xda\x5e\x2a\xb1\xd7\xbc\x6f\x1a\x5a\x41\x15\xb7\
\x95\x27\x97\xfb\xba\xf5\x0f\xda\x8b\xf6\xba\xb5\xd1\xef\xee\x34\
\xaf\x0c\x6b\x17\xdf\x67\x97\xfd\x26\x48\xe3\x93\xfe\x5a\x57\xcd\
\xfe\x09\xf0\x4d\xf7\xc4\xef\x14\x49\x7d\x1f\xfa\xb9\x7f\x79\x71\
\x3c\x94\x53\xa4\x05\x3f\x86\xfe\x15\xbe\xf1\xe7\x8c\xb4\xfd\x1f\
\x4d\x49\x3e\xd1\x75\xe5\xff\x00\xdb\x28\xeb\xfa\x68\xff\x00\x82\
\x0c\xf8\x6f\xfe\x15\xef\xec\x8d\xaa\x78\x57\x7c\xbf\x63\xd0\x75\
\x08\xfc\xb9\x3f\xeb\xa4\x7f\xbc\xaf\xc6\xbf\xd9\x17\xe0\x45\xa6\
\x83\xaa\x5b\xfd\x92\xd7\xfd\x32\xea\x48\xe3\xf3\x3c\xbf\xde\xf9\
\x75\xfd\x04\x7f\xc1\x3f\x7e\x0c\xcf\xf0\x67\xf6\x78\xb3\xb5\xbb\
\x8f\xec\xd7\x9a\xcd\xc7\xdb\x64\x8f\xff\x00\x45\xd6\x80\x7b\x47\
\x9d\xfe\xb2\x8f\xf9\x6b\x51\x98\x64\xf2\xbf\x79\xfe\xb2\x8f\x23\
\xde\x80\x24\xa9\x26\xff\x00\x5d\x51\xff\x00\xaa\xa3\xfd\x4c\x34\
\x00\x4f\xda\x8a\x6b\x7d\xc1\x45\x00\x5a\x87\x7f\x9b\x45\x47\x0f\
\xfa\xea\x3c\xff\x00\x6a\x00\x93\xc8\xf7\xa2\xa3\x9a\x6f\xde\xc9\
\xfb\xca\x8e\x0e\xf4\x01\x62\x7e\xd4\x43\xfe\xb7\xcc\xa8\xfc\xef\
\x3a\x2a\x3c\xff\x00\x6a\x00\x3f\xe5\xa7\x99\x44\xff\x00\xeb\x7f\
\x77\x44\xdf\xf2\xce\xa4\x86\x1f\xdd\x49\x5a\x01\x1c\x3e\x64\xd2\
\xd6\x7f\x8a\xbc\x55\x63\xe0\x9d\x2e\x4b\xbd\x46\xee\x2b\x68\xfc\
\xba\xe2\xfe\x33\x7e\xd2\xda\x1f\xc2\xab\x59\x11\x27\x8e\xe6\xf3\
\xff\x00\x45\x57\xc3\x7f\xb4\x27\xed\x9b\x77\xae\xea\xb7\x1e\x65\
\xf7\x9b\x25\x6d\xec\xc0\xfa\x03\xe3\xc7\xed\x75\x7d\xac\x5a\xc9\
\x63\xa5\x7f\xa3\x5b\xff\x00\xab\xfd\xe4\x9f\xf1\xf5\x5f\x1d\xfc\
\x5a\xd7\xbc\x55\xa9\x7d\xa2\x44\x82\x5b\x98\xe5\x93\xcb\xf2\xe3\
\x93\xf7\xbe\x65\x79\x5f\x8d\xbf\x69\xcd\x57\x4d\x8b\xfe\x42\x51\
\xf9\x7f\xeb\x3c\xba\xef\x3f\x64\x5f\xda\x8b\x4d\xf1\xb5\xd6\xa1\
\x6b\xae\x6a\xba\x45\x8e\xb1\x14\x9f\xe8\x70\x5d\xc9\xe5\x7d\xaa\
\xb2\xa9\xfb\xb0\x39\x79\xff\x00\x66\x3f\x89\x5e\x3c\xd1\xa4\xbb\
\xb5\xd3\xad\xac\xa3\xff\x00\xa7\x8b\x8f\x2a\xbe\x5b\xfd\xa2\xa1\
\xf1\x1f\xc2\x5f\x11\xc9\xa1\xf8\x8e\xd7\xfb\x37\x50\x8b\xfe\x7a\
\x7f\xaa\x96\x3f\xf9\xe9\x1c\x95\xf6\x06\xa5\xe2\xaf\x0a\xfc\x20\
\xfd\xa0\xb5\x4d\x63\x55\xf1\xc4\xbe\x2d\xbc\xd6\x7f\xd2\x6d\xfc\
\x3d\x63\x71\xfb\xaf\xb4\x57\xcf\x7f\xb6\x95\xe5\xdf\xed\x51\xa8\
\x47\x7d\x63\xfd\xa5\x6d\xae\x79\x7f\xf1\x23\xd0\xad\x34\xf9\x24\
\x96\xff\x00\xfd\x27\xec\xde\x5f\x99\xff\x00\x2c\xff\x00\xd5\xc9\
\x59\xfd\x64\x0f\x93\xfc\x49\xe3\x69\xef\x2e\xbc\xcf\x32\x2f\x2e\
\x58\xff\x00\x79\x25\x72\x73\xfc\x42\xbb\xd3\x6e\xa3\x7b\x57\xff\
\x00\x96\x9f\xf2\xd3\xfd\x55\x57\xf1\x26\x8f\xae\x43\xe3\x2b\xcd\
\x0d\xed\x6e\x7f\xb5\x2c\x2e\x3c\xbb\x88\x2d\x3f\xd2\x7f\x79\xff\
\x00\x5d\x23\xac\xfd\x4b\xc2\xba\x96\x83\xe5\xcf\xa8\xe8\xfa\x96\
\x9b\x1c\xbf\xea\xfe\xd7\x6f\x24\x74\xaa\x01\xa9\xfe\x89\xe3\x69\
\x7f\x71\xe5\xe9\xba\xa7\xfa\xcf\xdd\xff\x00\xaa\x96\xb9\x3d\x63\
\xc4\x9a\x8f\x82\x6e\xb7\xff\x00\xa4\xdb\x5c\x5a\xff\x00\xcf\x09\
\x2b\xa0\xd3\x74\xd7\x9a\x2f\xfa\x67\xe6\x7f\xdf\xda\xeb\x2c\xe1\
\xb5\xd7\xed\xa3\xb4\xd5\x60\x8a\xe7\xfe\x79\xf9\x95\x98\x19\x7e\
\x09\xf8\xfd\x69\xa9\x7d\x9e\xd3\xc5\x50\x79\xb6\x7f\xbb\x93\xed\
\xf6\xf1\xfe\xf6\x2a\xf6\xcf\x04\xfe\xcf\x7a\x57\x8a\xbc\x51\xa3\
\xf8\xab\x4a\xbe\x8a\x48\xed\x64\xf3\x2c\xf5\x2b\x0f\xfd\x17\x25\
\x78\x5f\xc4\x1f\x80\xfe\x4d\xd6\xfb\x19\xfe\xcd\x71\x75\xfb\xcb\
\x7b\x49\xff\x00\xd5\x4b\xff\x00\x5c\xeb\x3f\xe1\x2f\xc6\x6f\x17\
\x7e\xcc\x7e\x32\x93\xec\x9e\x6c\x52\x7f\xab\xbc\xd3\x6e\xe3\xff\
\x00\x45\xba\x8f\xfe\xb9\xd0\x07\xde\x1a\x96\xb1\xa5\x7c\x78\xf0\
\x6f\xfc\x20\x1e\x27\xfb\x0e\x9b\xaa\x5a\xc9\x27\xd8\xf5\x28\xff\
\x00\xd5\x4b\x71\x5f\x27\xfc\x4e\xf8\x7b\xe3\x5f\x0a\xfc\x46\xbc\
\xf0\xfd\xd6\x9b\x65\x65\x71\x61\x1f\xda\x6c\xfc\xcb\x8f\xde\xea\
\x91\xff\x00\xd3\x3a\xf5\x8f\x0d\xfc\x42\xf0\xc7\xed\x15\x61\x27\
\xf6\x1c\x9f\xd9\x1a\xa4\x5f\xf1\xf1\xa6\xc9\x27\xef\x6d\x64\xff\
\x00\xa6\x75\xd6\x6b\x1f\xd8\x7f\x15\x3c\x39\x67\xe0\x3f\x89\x29\
\xf6\x6d\x42\x2f\xdd\x78\x7f\xc4\xb1\xff\x00\xad\x8a\x4f\xf9\xe7\
\x24\x94\xfd\x95\x30\x3e\x67\xd0\x75\xe8\x35\xeb\x5f\xdd\xfe\xee\
\xe2\x2f\xdd\xf9\x72\x7f\xcb\x2f\xf9\xe9\x57\x26\x96\x4d\x37\xcc\
\xf3\xff\x00\x77\x5c\x9f\xc7\x2f\x04\xf8\x8f\xf6\x69\xf8\xa1\x26\
\x9b\xac\xff\x00\xc7\xc7\xee\xfc\xb9\xe3\xff\x00\x55\x7f\x1f\xfc\
\xb3\x92\xab\x8f\x1e\x47\xaf\x5a\xf9\x9f\xf2\xf1\xe5\xd2\x0f\x6a\
\x74\x1a\x96\xbd\x1c\x22\x48\xff\x00\xd5\xfe\xef\xcc\xf3\x2b\x8f\
\xf1\x86\xa4\x9a\xc5\x84\x89\x3c\x7e\x67\xfc\xf3\x92\xb3\xf5\x2d\
\x7a\x4f\x3a\x3f\x33\xfd\x5f\xfa\xbf\x32\xae\x7c\x3d\xf0\x4e\xab\
\xf1\x37\x59\x8e\xd6\xc6\xd6\x59\x63\x96\x80\x3c\xcf\x58\xb3\xfe\
\xcd\xba\xf9\xff\x00\xed\x9d\x57\x86\x19\xe6\xfd\xe6\xcf\x2a\x39\
\x6b\xef\x0f\x0a\xfe\xc5\xbe\x0a\xf0\xaf\xc3\x4b\xc8\x3c\x62\xff\
\x00\xe9\x17\x51\xff\x00\xac\xff\x00\x9f\x5a\xf8\x7f\x5e\xd1\xfc\
\xef\x16\xde\x68\x1a\x55\xdc\x97\xb6\xf1\x5c\x79\x71\xcf\x45\x20\
\x32\xe1\xb3\x9f\x5f\xd5\x23\xb1\xb1\x8f\xfd\x6d\x7b\x07\xc3\xdf\
\x87\xb1\xf8\x22\xd7\xfe\x59\x49\x27\xfa\xc9\x28\xf0\x4f\x80\xed\
\x3c\x13\x6b\xe5\xa4\x7f\xbc\xff\x00\x96\x92\x56\xe7\x93\x1c\x31\
\x56\xbe\xcc\x00\xff\x00\x1d\x49\x0f\xef\xbc\xba\x21\xfd\xcf\x99\
\xff\x00\x2c\xea\x48\x7f\xe5\xa5\x20\x0f\xf9\x6b\x44\x33\x7f\xac\
\xff\x00\xa6\xb5\x25\x9e\x9b\x3e\xa5\x2f\xc9\x1f\xda\x7c\xdf\xf9\
\xe7\x5f\x48\x7c\x01\xfd\x92\xd2\x0b\xfd\x3f\x55\xf1\x74\x12\xdc\
\xdc\x5f\xf9\x7f\xd9\xfa\x15\xa7\xfa\xdb\xaf\xf9\xe7\xf6\x8f\xfa\
\x67\x5c\x58\xec\x6f\xb0\x35\xa5\x4b\xda\x1c\xbf\xec\xc7\xfb\x25\
\xea\xbf\x1b\x2e\xa3\xd4\xb5\x5f\x33\x49\xf0\xbc\x5f\xbb\xf3\xe4\
\xff\x00\x5b\x75\x27\xfc\xf3\x8e\xbf\x41\x3c\x13\xf0\xf7\x4d\xf0\
\xaf\x84\xac\xec\x60\x82\x2d\x13\x43\xd2\xe3\xf2\xfc\x8f\xf3\xfe\
\xb2\xa3\xf0\x4f\x85\x13\xc1\xd6\x11\xdd\xea\xbf\x61\x8a\xe2\xd6\
\x38\xe3\x8e\xd2\x0f\xf5\x56\xb1\xff\x00\xcf\x38\xeb\xa0\xd0\x74\
\x1b\xbf\x89\x17\x71\xcf\xb3\xec\xde\x1f\xb0\xff\x00\xbf\x5f\xfe\
\xf2\xbe\x17\x1b\x99\x54\xa8\xcf\x5a\x96\x1b\xd9\x92\x68\xfa\x0d\
\xdf\xc4\x3b\xf9\x1f\xcc\x92\xdb\x43\xb5\x8f\xfd\x5c\x9f\xea\xbf\
\xeb\xa5\x79\x1f\xed\x81\xfb\x63\x69\xdf\x0f\x7c\x39\xfd\x81\xa0\
\x3c\x5f\x67\xfd\xe7\xfd\xb5\x93\xfe\x7a\x51\xfb\x63\x7e\xd8\xd6\
\x3f\x0f\x74\x1f\xf8\x47\x3c\x39\x3c\x5e\x5f\x97\xe5\xc9\xe5\xff\
\x00\xcb\x59\x2b\xf3\xdf\xc6\x1e\x36\xbe\xf1\x4e\xa9\x25\xdc\xf3\
\xc9\x2d\xc4\xb2\x7f\xcb\x4a\xee\xcb\x32\x8f\x69\xfb\xca\x86\x58\
\x9c\x4f\xfc\xfb\x0f\x18\x78\xc2\xef\xc5\x5a\xa5\xc5\xd5\xd7\xef\
\x64\x96\xb2\xe1\x87\xc9\x8b\xfe\x9a\x4b\x51\xf9\xb2\x7e\xf2\x79\
\x3c\xaa\x21\x9b\xf7\xb1\xff\x00\xd3\x5a\xfb\xda\x58\x65\x4e\x99\
\xe4\x92\x7e\xf2\xf2\x2f\x2e\xae\x68\xfa\x6d\xd7\x89\x35\xf8\xec\
\x6c\x6d\x2f\x6f\xaf\x2e\xa3\xff\x00\x57\x1f\xf9\xff\x00\x57\xff\
\x00\x5d\x2b\x53\xc1\x3f\x0d\xff\x00\xb7\xac\x24\xd5\x75\x2b\xab\
\x6d\x13\xc3\xf6\xbe\x67\xda\x2e\xe4\x8f\xf7\xb2\xc9\xff\x00\x3c\
\xe3\x8f\xfe\x5a\x7f\xf6\xca\xf4\xcf\x0a\xe9\xb1\xf8\x27\xc2\xf7\
\x96\xb3\xd8\xc5\xa4\x47\x6b\x27\x99\x79\xe7\xfe\xeb\xf7\x7f\xf3\
\xd2\x49\x3f\xd6\x5c\x7e\xef\xfe\x59\xff\x00\xab\xae\x7a\x98\x8e\
\x4f\xe1\x81\xe3\x73\x79\x96\x77\x52\x41\x27\xee\xa4\x8a\x4f\x2e\
\x4f\x2f\xfe\xba\x55\x79\xb6\x43\x2d\x6a\x78\xdb\x58\xb1\xd7\xbc\
\x47\x79\x77\x63\x1f\x9b\x6f\x2f\xfa\xb9\x24\x8e\x38\xff\x00\xef\
\xdc\x7f\xf2\xcf\xfe\xb9\xd6\x3c\x3e\x67\xfd\xb4\xae\x84\x68\x49\
\x0c\xde\x6d\x68\x43\x0d\x53\x83\xbd\x68\x41\xde\xa3\xda\x19\x96\
\x20\xff\x00\x96\x7e\x65\x68\x43\x0d\x53\x87\xfd\x57\xfd\x72\xa3\
\xed\x9e\x4d\x1e\xd0\x0d\x0f\xb6\x3c\x3e\x65\x61\xf8\xc3\xc6\xf6\
\xbe\x09\xd0\x6e\x2f\xae\xa4\xff\x00\x55\xfe\xaf\xfe\xba\x7f\xcf\
\x3a\xd0\xfb\x64\x90\xf9\x92\x57\xce\xff\x00\xb4\xb7\x8d\x9f\x58\
\xf1\x97\xf6\x35\x8f\xfc\x7b\xd8\x7f\xcb\x3f\xf9\xeb\x48\x0d\x8f\
\x04\xfc\x6c\xb1\xd3\x75\x9b\x8f\x10\x6a\x4f\xf6\x9d\x62\xeb\xf7\
\x76\xf1\xc7\xff\x00\x2e\xb1\xd6\x7f\x8f\x3f\x69\x0f\x10\x7c\x42\
\x96\x4b\x4b\x4f\x32\x2b\x79\x7f\x77\xe5\xf9\x75\xcf\xf8\x3f\xe0\
\xfd\xf6\xbb\x17\x99\x75\xfe\x83\x6f\x2f\xfe\x45\xaf\x5c\xf0\x17\
\xc3\x6b\x1f\x0d\xff\x00\xc7\xa2\x47\x25\xc7\xfc\xf7\x93\xfd\x6d\
\x00\x70\x7e\x03\xf8\x1d\x75\xac\x5d\xdb\xdf\x6b\x2f\x27\xfd\x73\
\xaf\xa2\x3e\x18\xfc\x3d\x82\x19\x63\xb4\xb4\xb5\xf2\xa3\x8b\xfe\
\x59\xc7\x52\x78\x0f\xc1\x2f\x34\xbf\x72\x5f\xde\xff\x00\xcb\x3a\
\xfb\xe3\xfe\x09\xcb\xff\x00\x04\xd8\xd6\x7e\x39\x78\x8e\xde\xfb\
\x55\xb1\x96\xc7\x43\xb5\xff\x00\x59\x3c\x9f\xea\xa9\xfc\x00\x7a\
\x67\xfc\x12\x47\xf6\x1b\x9f\xc6\xda\xf5\xbf\x8a\xb5\x8b\x5f\x2b\
\x47\xb0\xf2\xe4\xfd\xe7\xfe\x8b\xaf\xd5\x8f\x25\x21\x8b\xcb\x83\
\xfd\x5c\x5f\xea\xe3\xff\x00\x9e\x55\xcf\xf8\x0f\xc1\x3a\x57\xc3\
\x7f\x09\x59\xe8\x7a\x34\x11\xdb\x69\xf6\x1f\xbb\x8e\x3f\x2e\xb6\
\x3c\xef\x3a\x5a\x40\x49\xe4\x7b\xd1\xe4\xfe\xf6\xa3\x98\x49\xff\
\x00\x3d\x28\xff\x00\x5b\x40\x16\x3c\x8f\x7a\x8f\xfd\x55\x47\x0f\
\xfb\xf4\x7f\xcb\x5a\x00\x8e\x7e\xd4\x51\x3f\x6a\x28\x02\xc7\x9f\
\xed\x52\x61\xff\x00\xe7\xa5\x47\x07\x7a\x92\x1f\xdf\x7d\xca\x00\
\x8e\x6f\xf5\xd5\x1f\xfc\xb5\xab\x1e\x47\xbd\x47\x34\xd5\xa0\x04\
\x33\x54\x9e\x77\xee\xbf\xe5\xad\x49\x0c\x3e\x7c\xb5\xf3\xff\x00\
\xed\x51\xff\x00\x05\x08\xf0\x97\xec\xd3\x6b\x71\x69\xa5\x7f\xc5\
\x49\xe2\xcf\xf9\xf4\x8f\xfd\x55\xac\x9f\xf4\xd2\xab\xd9\x01\xec\
\x1e\x3c\xf8\x85\xa1\xfc\x31\xf0\xe4\x9a\xc6\xbf\xa9\x5b\x69\xba\
\x7c\x5f\xf2\xd2\x79\x3f\x75\x2d\x7c\x5f\xfb\x45\x7f\xc1\x5d\x3c\
\x33\x0f\xda\x34\xdf\x0f\xf8\x83\x4d\xb1\x8f\xfe\x5a\x49\xfb\xcf\
\x36\x5f\xfb\xf7\x1d\x7c\x07\xfb\x60\x7e\xd7\x5e\x35\xfd\xa2\xbc\
\x5b\x26\xab\xe2\x6d\x66\x5b\x9f\xf9\xe7\x69\x1c\x9f\xe8\xd1\x7f\
\xd3\x3f\x2e\xbe\x6f\xf1\x26\xbd\x25\x99\xfb\xf5\x40\x7d\x99\xf1\
\x23\xf6\xd8\xb1\xf1\x5d\xd4\x92\x7f\xc2\x47\x63\x27\xfd\x74\xf3\
\x3c\xdf\xfd\x17\x5e\x27\xe3\x0f\x8e\x73\xcd\x61\x71\x27\xd9\x7c\
\xdb\x7f\xf9\xef\x04\x91\xcb\x5f\x33\xeb\xde\x2a\xff\x00\x58\xff\
\x00\xf9\x0e\xb9\x7f\xf8\x4a\xae\xfe\xd5\xfe\x8b\x3c\x91\x49\xff\
\x00\x3c\xe3\x93\xca\xf2\xaa\xbd\xa0\x1e\xc1\xaf\x7c\x60\xb4\xd4\
\xa5\x93\xcb\x9f\xcd\x92\xbc\xdf\xc4\x9e\x37\x93\x52\x96\x4f\xf9\
\xe9\xfe\xb3\xf7\x95\x87\xa9\x41\xa9\x78\xc2\xd7\xf7\xf0\x79\x97\
\x9e\x67\xee\xfc\xbf\xf5\xb5\xcb\xeb\x1a\x6e\xab\x0d\xd4\x76\xbe\
\x7f\x99\x1c\xbf\xdf\xa3\xf8\x80\x68\x4d\xf1\x0a\xeb\x41\xd7\xa3\
\xbb\xd2\xae\xae\x6d\xb5\x4b\x59\x3c\xc8\xe7\x8e\xe3\xfe\x5a\x57\
\xa2\x68\xff\x00\xf0\x50\x2f\x89\x3a\x3f\x81\xfc\x41\xa5\x26\xab\
\xf6\xed\x43\x59\xb3\x8e\xcb\xed\xf2\x7f\xad\xb5\x8f\xcc\xff\x00\
\x59\x1c\x9f\xf3\xd2\xbc\x7f\x5f\xf0\xde\xa5\xe1\x5b\xa8\xd3\x52\
\xb4\x96\xda\x49\x7f\xd5\xf9\x9f\xf2\xd6\xac\x59\xe9\x91\xc1\xe6\
\x7f\xcb\x5a\xe5\x03\xee\x8f\x15\x6a\x5f\x0a\xff\x00\x67\x5f\xd9\
\x07\xc2\xfe\x27\xf0\xcc\x1a\x97\x8a\x2d\xf5\x9f\xf4\x2b\x8f\xb2\
\x5c\x49\x6d\xfe\x99\xe5\xfe\xf2\x4b\xcb\x8f\xf5\x95\xc1\xfe\xcd\
\x3e\x24\xf1\xe7\xed\x21\xf1\x5b\x5c\xd2\xbc\x33\x06\x91\xfd\x97\
\x16\x9f\x26\xa3\xff\x00\x08\xbf\x88\x64\x92\xf6\xc6\xea\x3f\xf9\
\x69\x1d\xbc\x9f\xeb\x3c\xca\xf2\x3f\x83\x3f\x1a\xf5\xcf\x83\x51\
\x49\x6b\x6b\xf6\x6b\xef\x0f\xdf\xff\x00\xc8\x43\x42\xbf\x8f\xcd\
\xb1\xba\xff\x00\xe3\x75\xe9\x90\xe9\xbf\x0d\xac\xb5\xe8\xfc\x55\
\xe1\x1f\x1a\xeb\x7e\x04\xb3\xbf\xfd\xdd\xc6\x93\x05\x9c\x92\x5c\
\xd8\x7f\xcf\x48\xe3\x93\xfe\x79\xff\x00\xcf\x3a\xcc\x0c\x7f\xda\
\x13\xe0\x6e\x95\xa0\xff\x00\xc2\x27\xaa\xf8\x7e\xc7\x52\xd3\x6f\
\x3c\x6f\x67\xf6\x99\x3c\x35\x27\xfa\x4d\xce\x97\xe5\xc9\xe5\xf9\
\x91\xc9\xff\x00\x3c\xfc\xc8\xeb\x83\xfe\xc7\x9f\x41\x96\x4b\x4b\
\xab\x4b\x9b\x6b\x8f\xf9\x69\x05\xdc\x7f\xf9\x12\xbe\xa0\xf0\x1f\
\xed\xc9\xe1\x8f\x07\xfe\xd1\x9a\xc7\x88\xee\xfc\x3f\x7d\xa9\x78\
\x5e\x2d\x2e\xdf\x49\xd1\xff\x00\xe7\xeb\x4b\xb7\x8f\xcb\xae\x4f\
\xf6\x90\xf8\x85\xae\x7e\xda\x5e\x37\xd6\x3c\x69\xa1\xf8\x56\x5b\
\x6d\x0f\xc2\xf6\x71\xfd\xb2\xef\xff\x00\x8e\x7f\xd3\x4a\x00\xf2\
\xbd\x07\x52\xb1\xbc\xb5\xfe\xca\xd7\x20\x92\xe7\x43\xba\xff\x00\
\x59\xe5\xff\x00\xad\xb5\xff\x00\xa6\x91\xd5\x7f\x8e\x7e\x1b\x93\
\xe1\xef\x87\x2c\xf4\xaf\x15\x24\x7a\xff\x00\x84\xef\xed\xfe\xd3\
\xe1\xff\x00\x12\xda\x7f\xad\xf2\xff\x00\xfb\x5f\xfc\xf3\xae\x6e\
\x6d\x63\xf7\x5b\xfc\xc8\xa2\xff\x00\x96\x9e\x65\x6c\x78\x0f\xe3\
\x65\x8e\x83\xa0\xdc\x78\x47\xc4\xd6\x3f\xda\xfe\x0b\xd6\x7f\xe3\
\xe2\xd3\xfe\x7c\x24\xff\x00\x96\x77\x36\xf4\x01\xf3\xfc\xd3\x6a\
\x5f\x0d\xfc\x47\x6f\x77\x63\x7d\xe5\x79\x52\x79\x96\x77\x76\xff\
\x00\xea\xbf\xe9\x9d\x7d\x61\xf0\x7f\xf6\x84\xd1\xff\x00\x69\x6f\
\x04\x49\xa3\x78\x8f\xec\xd6\xde\x20\x8a\x3f\xfb\x65\x75\xff\x00\
\x5c\xeb\xe6\x3f\x8b\x5e\x09\xff\x00\x85\x65\xaa\x5e\x40\x93\xff\
\x00\x6d\xe8\x77\x5f\xe9\x36\x73\xc7\xff\x00\x2d\x63\xff\x00\x96\
\x72\x7f\xd7\x4a\xe7\xf5\x29\xa3\xf0\x4d\xfe\x97\xa9\x68\x1a\xc7\
\xda\x7f\xe9\xa4\x71\xf9\x5f\x65\x92\x80\x3e\x80\xfd\xa7\x35\xeb\
\xad\x63\xe1\xf5\xbf\x87\x35\xf9\xfe\xd3\xfd\x83\x27\xfc\x4a\xef\
\xe4\xff\x00\x5b\xf6\x7a\xf9\xbf\x47\xd6\x27\xd3\x6e\xa4\xff\x00\
\x5b\x24\x71\x7f\xac\xf3\x2b\xe8\x4f\x0a\xf8\xda\xd7\xe3\xf7\x85\
\xfe\xc9\x75\x1f\x99\xaa\x45\x1f\xfa\x44\x75\xe2\x7f\x12\x7c\x1d\
\x77\xf0\xaf\xc5\xb1\xc1\x7d\x04\x92\x59\xcb\xff\x00\x2d\x3f\xe9\
\x9d\x00\x7a\xc7\xc0\x7f\xd9\x8f\x55\xf8\xc1\x2d\xbd\xf4\xff\x00\
\xba\xd3\xeb\xe9\xcd\x7b\x5e\xf0\x3f\xec\xaf\xe0\xd9\x24\x7f\x2a\
\x29\x22\x8f\xfe\x5a\x7f\xad\xaf\x97\xfe\x18\xfe\xd9\x9a\xaf\xec\
\xeb\xf0\xd2\xe3\x43\xb5\xd2\xa2\xbd\xb8\xbf\x93\xed\x3a\x7d\xdf\
\xfc\xf2\x8f\xfe\x79\xd7\x9d\xea\x50\x78\x8f\xe3\xc7\x88\xff\x00\
\xb5\x7c\x4f\x7d\x2f\x97\x2c\x9e\x67\x97\x25\x0b\xda\x01\xd4\x7c\
\x60\xfd\xa5\xfc\x55\xfb\x45\x6b\xd2\x5a\x69\x5e\x6d\x8e\x8f\xff\
\x00\x3d\x2a\x3f\x04\xfc\x3d\xb4\xf0\x7d\xa6\xff\x00\x2f\xed\x37\
\x1f\xf3\xde\x4a\xd0\xd1\xf4\x18\x34\x7b\x0f\x22\xd2\x3f\x2a\xb6\
\x3c\xef\xf4\x5d\x95\xaf\xc0\x05\x3f\xf5\x30\xd1\xfe\xba\x1a\x3c\
\xef\x36\x89\xa1\x4f\x3a\xac\x08\xc7\xf0\x56\xa6\x9b\xa6\xcf\xa9\
\x5d\x47\x1c\x75\x4e\x1d\x37\xce\x97\xcc\xff\x00\x9e\x55\xd6\x7c\
\x37\xf0\x7b\xf8\xab\x54\x8e\x3d\xfe\x55\x9f\xfc\xf4\xa8\xab\x53\
\xd9\x85\x23\xd4\x3f\x67\xbf\x0a\xc7\x0e\xbd\x1c\x7e\x1c\xb1\x8b\
\x52\xf1\x04\xbf\xbd\xb8\xd4\xa4\xff\x00\x55\xa5\xff\x00\xd3\x4a\
\xfb\x23\xe1\xef\x83\xec\x7e\x0f\xe8\xbf\x6e\xbb\x9e\x5d\x4b\x5c\
\xbf\xff\x00\x59\x3f\xfc\xb5\x97\xfe\xb9\xff\x00\xcf\x38\xeb\xcd\
\xfe\x03\xe8\x30\x78\x53\x4b\x8e\xd7\x47\xb1\xff\x00\x48\xfe\xff\
\x00\xfc\xb2\x8a\x4f\xfa\x69\x5e\xf1\xe0\xff\x00\x01\xda\x78\x57\
\xcb\xd4\x75\xf9\x24\xbd\xd4\x2e\xbf\x79\x1c\x1f\xf2\xd6\x5f\xfa\
\x69\xff\x00\x4c\xe3\xaf\x80\xcd\xb1\xae\xa5\x4f\x67\x4c\xf6\xf0\
\xd4\xfd\x98\x78\x53\xc1\xf7\x7e\x3d\xb9\xfe\xd2\xd7\x3f\xd0\x74\
\xb8\xbf\xe7\x9f\xfe\x8b\x8e\xbc\xbf\xf6\xcc\xfd\xb7\x6d\x3e\x1e\
\xe8\xd2\x78\x57\xc3\x8f\xe5\x5c\x45\xfb\xbf\x2e\x3f\xfd\xa9\x5c\
\x7f\xed\x99\xfb\x78\x7d\x8f\xed\x1e\x1c\xf0\xe4\xf1\x5c\xde\x45\
\xe6\x5b\x5c\x5d\xc7\xfe\xaa\xd7\xfe\x99\xd7\xc4\x7a\xf6\xbd\x77\
\xaf\x5d\x49\x3d\xdb\xc9\x2d\x74\xe5\x39\x45\x49\xfe\xf2\xa1\x9e\
\x27\x12\x5c\xf1\x87\x8c\x2e\xbc\x49\xaa\x49\x77\x75\x3f\xda\x64\
\x96\xb1\xe1\xbc\x8e\x6f\xf5\x9f\xeb\x22\xa8\xfc\xef\xdd\x7f\xe4\
\x4a\xe9\x3c\x13\xf0\xc2\xfb\xc6\xf2\xfd\xaf\xcc\xfb\x36\x97\x6b\
\xe5\xf9\x97\x72\x7f\xed\x38\xff\x00\xe5\xa4\x95\xf6\x14\x97\xb0\
\x3c\xc3\x9f\x9a\x54\x86\xd7\x7c\x91\xf9\x75\xd4\x78\xab\xe1\x5e\
\xab\xe1\x5d\x03\x47\xbe\xba\x83\xfe\x43\x37\x1f\x66\xb7\x8e\x38\
\xfc\xdf\xde\x7f\xf6\xca\xec\x3c\x55\xf0\x67\xc3\x90\xe8\xd7\x1a\
\x6e\x9d\xae\x5b\x5b\x6b\x16\xbe\x5d\xed\xc7\xf6\xb5\xc7\x95\x2f\
\xd9\xff\x00\xd5\xf9\x7f\xf5\xd2\x3a\xcb\xf1\x27\xc7\xeb\xed\x1e\
\xd7\xfb\x0f\xc3\xf7\xd2\x7f\x65\xda\xd9\xdb\xe9\xdf\x6f\x92\x3f\
\xf4\xab\xaf\x2f\xfe\x5e\x63\xff\x00\x9e\x75\x1f\x59\xa9\x33\x32\
\x49\xb5\x24\xf0\xaf\x85\xf4\xff\x00\x0f\xf8\xc6\xd3\xfb\x4b\xfb\
\x06\x49\x2f\x74\xbb\x08\xff\x00\xd6\xf9\x92\x7f\xac\x8e\xe2\xe3\
\xcc\xff\x00\x57\xfe\xaf\xf7\x75\xc9\xf8\xaf\xc6\xda\x97\xc4\x2d\
\x6b\xed\xda\x94\xfe\x67\x9b\xff\x00\x2c\x23\xff\x00\x55\x6b\xff\
\x00\x5c\xff\x00\xe9\x9d\x65\xc3\x0c\x93\x5d\x49\x24\x9f\xf7\xf3\
\xfe\x5a\xd5\x88\x61\xf2\xab\x4a\x74\x80\x8f\xc9\xff\x00\x32\x54\
\x73\x4d\xfb\xda\xb1\x37\xfa\x9a\x8f\xc8\xf7\xad\x3d\xa0\x12\x59\
\xff\x00\xad\x35\xa9\x67\xe5\xc3\x17\xfc\xf4\xac\xf8\x66\xfb\x1f\
\x97\xbf\xfe\xfe\x56\x85\x9c\xde\x75\xaf\xc8\x9f\xbb\xa0\x0b\x10\
\x77\xa8\xe6\x9b\x31\x7e\xee\x3a\x92\x18\x7f\x75\x25\x53\xbc\x9b\
\xf7\xbb\x28\x02\xbc\xd3\x3f\xfd\x34\xae\x4c\xe8\x56\xbf\xdb\xd2\
\x4f\x25\xac\x7e\x67\xfc\xf4\xf2\xeb\xb8\xd3\x74\xd9\xef\x2e\xf6\
\x79\x7e\x65\x6a\x69\xbf\x0d\xee\xf5\x2b\xf8\xfc\x8b\x5f\x36\x49\
\x64\xf2\xe8\x03\x97\xd1\xfc\x37\x25\xe5\xd7\xfc\xf4\xff\x00\xa6\
\x7f\xf3\xca\xbd\x33\xe1\x8f\xc2\x5b\xef\x15\x6a\x91\xc1\x63\x6b\
\x2c\xb2\x79\x91\xff\x00\xcb\x3a\xfa\x63\xf6\x3f\xff\x00\x82\x51\
\xf8\xe3\xe3\xf5\xd5\xbd\xd7\xd8\x7e\xc5\xa5\xff\x00\xcf\x79\xff\
\x00\x75\x17\x97\x5f\xab\x1f\xb2\x8f\xfc\x13\x67\xc0\x1f\xb3\x1d\
\xad\xbd\xd7\xd9\x22\xd6\xfc\x41\x17\xfc\xbd\xc9\x1f\xee\xa2\xad\
\x00\xf9\x1f\xf6\x03\xff\x00\x82\x39\xcf\xa9\x7d\x8f\xc4\x7e\x3c\
\x4f\xb0\xe9\xff\x00\xeb\x3e\xc9\x27\xfa\xd9\x6b\xf4\xb3\xc3\x7e\
\x15\xd2\xbc\x07\xe1\xcb\x7d\x1f\x43\xb4\xfb\x0e\x9f\x6b\x1f\xee\
\xe3\x8e\xb5\x26\x9a\x99\x37\xfa\x9a\xcc\x04\xf3\xbf\xd5\xd4\x75\
\x24\x30\xf9\xb4\x7c\x94\x01\x1c\xd3\x51\xff\x00\x2d\x6a\x4f\x27\
\xcd\xa3\xc9\xfd\xd5\x00\x47\x52\x43\xfb\xda\x31\xfe\xc5\x49\xe7\
\x24\x3f\x7e\x80\x2b\xcb\xc9\xff\x00\x59\x45\x12\xcd\x93\x45\x00\
\x58\xf3\xfd\xa8\xf3\xbc\xaa\x8f\xcd\x4a\x92\x80\x0f\x3f\xda\x89\
\xaf\x20\xb3\x86\x49\xee\xe4\x8a\xda\xde\x28\xff\x00\xd6\x57\x2f\
\xf1\x23\xe3\x06\x87\xf0\xaf\x4b\x92\x7b\xe9\xff\x00\xd2\x3c\xbf\
\xdd\xc7\x1d\x7c\x67\xfb\x45\x7e\xdd\x57\x7e\x2a\x12\x24\x77\x7f\
\x66\xb3\xff\x00\x96\x71\xc7\x5d\x00\x7b\x67\xed\x21\xfb\x63\x58\
\xe9\xba\x5d\xe6\x95\xa5\x4f\xe5\x47\xfe\xae\xe2\x48\xeb\xe0\xff\
\x00\x8a\x9f\x19\xad\x6f\x25\xb8\xf2\x2d\x2c\x7f\xeb\xa4\x91\xd7\
\x07\xf1\x3b\xe3\xf4\x9a\x94\xb2\x79\xf3\xd7\x85\xf8\xdb\xe2\xd4\
\x93\x7f\x1f\xee\xeb\xa0\x0e\xa3\xe2\x47\x8d\xac\x6f\x21\xfd\xe4\
\x16\x5f\xf2\xd3\xfe\x59\xd7\x83\xfc\x42\xfe\xca\xbc\x8a\x4d\x9f\
\xbb\x93\xfe\x99\xd5\x3f\x1b\x7c\x4e\xff\x00\xa6\x92\x57\x99\xeb\
\xde\x36\xfb\x60\xf3\x1f\xcd\x8e\xde\xb0\xaa\x05\x7d\x7a\x19\x3e\
\xd5\x27\xef\x3c\xd8\xea\x4d\x07\x4d\xf3\xa2\xfd\xe5\x71\x7a\xc7\
\x8a\x9e\xf3\xcc\xf2\x24\xfd\xdd\x1e\x1b\xf1\x85\xde\x83\x75\xb2\
\x3f\xde\x47\xff\x00\x2d\x23\xff\x00\x9e\xb5\xc4\x07\xb8\x68\x3a\
\x6c\x16\x76\xb1\xc9\x22\x45\xe5\xff\x00\xab\xf3\x3f\xf6\x9f\xfd\
\x34\xff\x00\xae\x75\x73\xc5\x5a\x0e\x9b\xaf\x19\x23\xbb\x8f\xca\
\x93\xf7\x72\x49\x27\xfa\xa9\x7f\xe9\x9f\xfd\x73\xff\x00\xae\x75\
\xcd\xf8\x43\xc6\xc9\xac\x45\x1b\xc1\x27\x95\x24\x5f\xbb\xf2\xeb\
\x42\x6d\x79\x3e\xcb\x1f\x96\xff\x00\xbb\xff\x00\x96\x7e\x5c\x7f\
\xfa\x4f\x1f\xfe\xd4\x92\x83\x43\x63\xe1\x8f\x8c\x34\xef\x07\xc5\
\x27\x86\x7c\x79\xa5\x49\xe2\x9f\x05\xdd\x79\x91\xc7\x27\xfa\xab\
\xeb\x0f\xfa\x79\xb7\x93\xfe\x59\xd7\x37\xf1\xb3\xe0\x65\xa7\xc3\
\x0d\x6a\xce\x7f\x0f\xeb\x91\x78\x93\xc2\xfa\xa7\x99\x26\x9f\x77\
\xfe\xae\x5b\x5f\xfa\x76\xb8\xff\x00\x9e\x72\x56\x7d\xe7\x8a\xa3\
\x9a\xd2\x4f\x31\x23\xfb\x1f\xfc\xf4\x93\xf7\xb1\x7f\xf6\xc9\x2a\
\x9e\x8f\xe2\x4b\x19\xbc\xcd\x1b\x55\x9e\x5b\x6d\x3e\x5f\xf5\x77\
\x7f\xf2\xd6\xd6\x4f\x2f\xfe\x5a\x50\x66\x47\x67\x65\xe4\xf9\x7f\
\x24\x55\x72\x69\xa3\x9a\x5f\xfa\x69\x17\xfc\xb4\x92\xb2\xef\x21\
\xbe\xf0\x7f\xd9\xe0\xd5\x63\xff\x00\x43\xba\xff\x00\x8f\x3b\xbf\
\xf9\x65\x75\x1d\x58\xbc\xd4\xbf\x7b\x27\x91\xfb\xa8\xe8\x03\xd5\
\x3f\x67\x5f\x86\x3a\x57\xc5\x4f\x19\x5b\xc1\xac\xcf\x7d\x7d\x79\
\x75\x71\x1d\xb6\x97\xe1\xed\x36\x3f\xf4\xed\x66\x4f\xfa\xe9\xff\
\x00\x2e\xf1\xff\x00\xcf\x49\x2b\xe9\xcf\x8e\x5f\x0a\xfc\x41\xf1\
\x3b\xc3\x91\xf8\x02\xd3\x59\xf0\xb7\xc3\x7f\x86\x7e\x17\x8f\xed\
\x3a\xc4\x91\xde\x79\xbf\xe9\x1e\x5f\xfc\xb4\x8e\x3f\xfb\xf7\xfb\
\xc9\x3f\xe5\x9d\x7e\x7f\xd9\xf8\xda\xeb\xc1\x37\xff\x00\x6a\xd2\
\xae\xaf\x6c\x6f\x3f\xe5\xa5\xdd\xa4\x9f\x66\x96\x2f\xff\x00\x79\
\x5e\xd1\xe1\x4f\xda\x2b\xc0\x7f\x13\xae\xfc\x2f\xa0\x78\x8f\x4a\
\xf1\x26\xad\x6f\x7f\x79\x1d\x94\x7e\x1a\xd1\x7f\x75\x63\xe6\x49\
\xff\x00\x2d\x2e\x24\xff\x00\x59\x71\x24\x9f\xeb\x2b\x40\x38\x7f\
\x8c\xde\x1b\xf0\xae\xb1\xe2\xdb\x8d\x3b\xe1\x44\x7e\x29\xf1\xb6\
\x9f\xa0\xd9\xc9\x26\xa9\xab\x49\x67\xfb\xa9\x7c\xbf\xf5\x92\x7f\
\xcf\x38\xe3\xaf\x07\xd4\xf5\xe9\x2f\x22\x93\xf7\x7f\xe7\xfe\x9a\
\x57\xdc\xbf\x1f\xbc\x6d\xe3\x0d\x62\xcf\xc4\x3f\x05\xbe\x15\xdc\
\x68\x9f\x64\xb0\xfd\xe7\x8a\xf5\x9d\x37\xfe\x25\x3a\x3e\x83\x67\
\xff\x00\x2c\xec\xbc\xca\xf9\x5b\xc6\xdf\xb2\x5d\xf6\x83\xe0\x3f\
\xf8\x48\x34\x0f\x15\x78\x4b\xc6\xda\x5d\xad\xe4\x76\x57\x9f\xd8\
\xb2\x49\x2c\xba\x5c\x92\x7f\x9f\xf5\x95\x98\x1e\x6f\x0f\x8a\xa7\
\xfe\xcb\xb8\xd3\x5f\xcd\xf2\xe5\xff\x00\x96\x75\xcb\xcd\x67\xfe\
\xb1\x1f\xcd\x8e\x3f\xf9\xe1\xff\x00\x3e\xb5\xf5\x07\xc1\x2f\xd9\
\x45\xe6\xb9\x8e\xee\xfa\x3f\x36\x48\xbf\xd5\xcf\xff\x00\x3c\xaa\
\xc7\xed\x8d\xfb\x25\xff\x00\xc2\x1f\xe1\xc8\xfc\x71\xa3\xc1\xe6\
\xdb\xc5\xfb\xbd\x52\xc2\x3f\xfd\x19\x41\xaf\xb3\x3e\x5f\xf0\x4f\
\x8d\xaf\xbe\x1b\xf8\xa2\x3b\xbb\x19\x25\x8e\x48\xa4\xff\x00\x57\
\xff\x00\x3d\x6b\xed\xc9\xbe\x1e\x78\x73\xf6\xdf\xfd\x9f\x63\xbb\
\xb1\x78\xa2\xd4\x25\xfd\xdc\x7f\xf3\xd6\xd6\xe2\xbe\x1b\xf1\x26\
\x83\xf6\x3f\xdd\xf9\x9e\x6c\x7f\xeb\x2d\xe4\xff\x00\xa6\x75\xe9\
\x9f\xb1\x6f\xc6\x6d\x4b\xe1\xbf\xc4\x0b\x8d\x2a\xd2\xef\xca\xb3\
\xd7\xa3\x92\xda\x48\xe4\xff\x00\x9e\x9e\x5d\x66\x23\x0f\xc1\xfa\
\x6c\xfa\x0e\xbd\x79\xe1\xcd\x72\x0f\xf8\x98\x68\x37\x92\x49\x6f\
\x1f\xfd\x73\xff\x00\x9e\x75\xe8\x16\x7f\xbe\x8b\x7f\xfc\xb4\xac\
\xbf\xda\xba\x1f\xf8\x43\xfe\x2d\x68\x7e\x20\x48\xfc\xcb\x7b\xf8\
\xfe\xcd\x71\xff\x00\x4d\x7f\xe7\xa5\x5c\xd1\xef\x3c\x98\xbf\xe9\
\x9f\x97\xe6\x56\x94\xfd\xf3\x32\xe4\xde\x5c\x3f\xf4\xd2\x8c\x79\
\xd1\x7c\xf5\x5f\xce\xf3\x6a\x4b\x39\xbc\xea\xd0\x02\x7e\xd4\x59\
\xcd\xfe\x95\xf2\x7e\xea\x3a\x2f\x3f\xd6\x8a\x8c\xff\x00\xa9\x8e\
\xb5\xf6\xa0\x6c\x69\xb6\x7f\x6c\xff\x00\xa6\x51\xff\x00\xac\xf3\
\x2b\xde\x3f\x67\xaf\x0d\xc1\xac\x6a\x91\xc1\x05\xa4\x97\x37\x15\
\xe2\x7e\x15\xb3\xfb\x67\xfa\xf9\xfe\xcd\x67\x17\xfc\xb4\xaf\x6c\
\xd0\x7c\x79\xa5\x7c\x31\xf0\x97\x98\xf7\x57\x3a\x6e\x9f\x2c\x7f\
\xea\x20\xff\x00\x8f\xed\x53\xff\x00\x8d\xc7\x5e\x6e\x37\xda\x4c\
\xd6\x9e\xe7\xd6\x9e\x15\xf1\x86\x95\xf0\xdf\x47\x92\x48\xde\xca\
\x4b\xcb\x0f\xdd\xdc\x5d\xc9\xfb\xab\x1b\x0f\xfe\x39\x25\x7c\xcf\
\xfb\x4b\x7e\xdd\x57\x5e\x2a\xfb\x46\x95\xe1\x5b\xa9\x7e\xcf\x2c\
\x9e\x5d\xe6\xa5\xff\x00\x2d\x6e\xbf\xeb\x9f\xfc\xf3\xaf\x1b\xf8\
\xb5\xfb\x42\x6a\xbf\x13\xbc\xbb\x1f\xdd\x69\xba\x1d\x87\xfc\x7b\
\xd8\x5a\x7f\xaa\xae\x0e\x1f\x33\xce\xfd\xdf\xfe\x43\xaf\x37\x0d\
\x94\xc3\xf8\x95\x0d\x2a\x62\x6a\x17\x3c\xe7\x9b\xef\xd5\x79\xa6\
\xf2\x22\xf3\x37\xff\x00\xdb\x39\x2a\xc6\x9b\xa6\xc9\xa8\xeb\x56\
\xfa\x6f\x99\x1d\xb4\x97\x52\x7d\x9b\xf7\x9f\xf4\xd2\xbd\xf3\xc2\
\xb6\x76\x3f\x03\x3c\x2f\xe4\x5a\x69\xba\x47\xfc\x25\x97\x5a\x5d\
\xc5\xec\x7a\xd6\xa7\x1f\xda\x7f\xd2\x34\xeb\xdf\xde\x59\x47\x1f\
\xfc\xb3\xfb\x4c\x7e\x5d\x7b\xea\x9f\x63\x98\xe7\xfe\x09\xfc\x01\
\xd1\xf5\xd9\x74\xbb\xef\x15\x5d\xfd\xa7\x4f\xba\x92\x39\x24\xb4\
\xb0\x93\xca\xb5\xb5\xb7\x92\x4f\xf5\x97\x17\x1f\xf3\xd3\xfe\x5a\
\x47\x6f\xff\x00\x2d\x2b\x9b\xfe\xd2\x93\xe0\x66\xbd\xe3\x8d\x01\
\xe3\xf2\xbc\x41\x6b\x71\x25\x95\x9d\xdc\x7e\x5c\xb2\xc5\x24\x72\
\x7e\xf3\xfe\xb9\xfe\xee\xb5\x3c\x49\xf1\xfa\xd7\x4d\xfb\x64\x1e\
\x15\xb1\xf2\xbc\xdb\x8f\xb4\xdb\xc9\x77\x1f\x9b\x16\x8d\xe6\x47\
\xfb\xcf\x2e\x3f\xf9\xe9\xff\x00\x4d\x2b\xce\xe0\xb3\x9f\x58\xd5\
\x2e\x24\x91\xe5\xb9\xb8\xba\x93\xcc\xb8\x93\xfe\x5a\xf9\x94\x01\
\x5e\x69\xbf\xb4\xa6\x92\x49\x3f\x7b\x24\xb2\x49\xfe\xb2\xae\x68\
\xda\x3f\xee\xbc\xc4\xfd\xdf\xee\xeb\x52\xcf\x47\x4b\x38\xaa\x49\
\xb6\x4c\x3e\xff\x00\x95\x40\x19\xfe\x4f\x95\x52\x4d\xfb\xe9\x64\
\xf9\xe9\xf3\x7f\xc7\xa5\x2c\x1d\xe8\x02\xbf\x93\xe4\xc5\x25\x47\
\x0f\xfa\x9a\xb1\x3f\xee\x65\xdf\x51\xcd\x32\x79\x5e\x5d\x00\x74\
\x1f\x09\x7e\x18\x5d\xfc\x60\xf8\x8d\xa7\xe8\x16\x93\xd8\xd8\xfd\
\xbe\x4f\xde\x5d\xdd\xc9\xe5\x45\x6b\x1f\xfc\xb4\x92\x4a\x8f\xf6\
\xcc\xf8\x7b\x77\xf0\x67\x54\xd4\x3f\xe1\x07\xf1\x54\x5a\xbe\x97\
\xe1\x79\x23\x8e\xf3\xf7\x7f\xe9\x52\xff\x00\xcf\x49\x24\x8f\xcb\
\xfd\xdc\x7f\xbc\xaf\x7c\xff\x00\x82\x78\xfc\x01\xf0\xff\x00\xc6\
\xcd\x67\x5c\xfb\x75\xd5\xcc\xba\xc6\x83\x6f\x1d\xce\x9f\x61\x07\
\xfc\xbd\x49\x27\x9b\x1f\x99\x5e\x1f\xfb\x48\x7c\x1f\xf1\xaf\xec\
\xf7\xf0\xfb\xe2\x05\xd7\x8e\x2e\xef\x74\x8f\x18\x7c\x55\xd5\x23\
\xd1\x74\xfd\x0a\x3f\x2e\x5f\xb7\xd9\xc7\x27\x99\xf6\xd9\x3f\xe7\
\x9c\x7f\xbb\xa0\x0e\x6f\xc2\xbe\x24\xff\x00\x84\x93\x4b\xb7\xbe\
\xf2\x3c\xaf\xb5\x47\xfb\xca\xe9\x34\x7f\x07\xbe\xa5\x7f\x1f\x98\
\x92\xcb\xe6\xff\x00\xab\xae\x93\xf6\x57\xfd\x95\xfc\x47\xf1\x0a\
\xdb\x4b\xd1\xac\x74\xab\x9b\xeb\xc9\x63\x8f\xf7\x70\x5b\xfe\xeb\
\xfe\xd9\xd7\xeb\x47\xec\x41\xff\x00\x04\x55\xd2\xbc\x13\x15\x9f\
\x88\x3e\x21\x7e\xf6\xf3\xfd\x67\xf6\x6c\x7f\xbc\xff\x00\xbf\x94\
\x01\xf1\x3f\xec\x4f\xff\x00\x04\xc1\xf1\x77\xed\x21\xaa\x5b\xba\
\x58\xfd\x87\x47\x8a\x4f\xf4\x89\xe7\x8f\xf7\x55\xfa\x99\xf0\x07\
\xfe\x09\x53\xf0\xd7\xe0\x9c\x56\xf3\xdf\x58\xc7\xaf\xea\x16\xbf\
\xf2\xd2\x7f\xf5\x51\x57\xd1\x1a\x0e\x8f\x63\xe0\xfd\x06\x3d\x3b\
\x4a\xb1\xb6\xd3\x6c\xed\x7f\x77\x1c\x70\x47\xe5\xc5\x56\x3c\xef\
\x26\x5f\xf9\xeb\x40\x04\x30\xc1\xa6\xda\x47\x05\xa4\x71\xdb\x5b\
\xda\xff\x00\xab\xb7\x8f\xf7\x51\x55\x8f\xf9\x65\x55\xe6\x9b\xf7\
\xb5\x24\x33\x56\xbe\xd4\x02\x96\x6f\xf5\x34\x9e\x7f\xb5\x47\xe7\
\x27\x95\xf7\x25\xac\x80\x92\x1f\xdc\x7d\xfa\x26\x9a\xa3\xf3\xbc\
\xda\x28\x02\x4f\x3f\xda\xa3\xf3\xbf\x7b\x44\xd3\x54\x7e\x77\xef\
\x68\x02\x48\x3b\xd1\x3f\x6a\x21\x9a\x8f\xb6\x79\x34\x00\x4f\xda\
\x8a\x8e\x5b\xde\x68\xa0\x0b\x1f\xf2\xcb\xf7\x9f\xba\xff\x00\x9e\
\x95\xe3\x7f\xb4\x2f\xed\x5d\x63\xf0\xc6\xc2\xe2\xd7\x4e\x93\xed\
\x37\x92\xfe\xef\xcf\xae\x3f\xf6\x9c\xfd\xb0\x60\xd1\xec\x24\xd2\
\xb4\x69\xff\x00\xe5\x9f\xfa\x44\x95\xf0\x3f\xc6\x0f\x8d\x93\xeb\
\x17\x52\x7f\xa5\xd7\xa5\xec\x80\xec\x3e\x3c\x7e\xd3\x9a\x8f\x8a\
\xaf\xe4\x77\xbb\xf3\x24\x97\xfe\x5a\x49\x5f\x37\xf8\xdb\xe2\x74\
\x93\x4b\x27\xcf\x1c\x92\x4b\x5c\xff\x00\x8f\x3e\x21\x7f\xd3\x7f\
\x36\xbc\x7f\xc6\xde\x3c\xff\x00\x58\xfe\x7f\x95\x6f\x47\xf0\xc0\
\xd8\xf1\xb7\xc4\x8f\xf4\xa9\x3e\x7f\xfb\xf7\x5e\x4f\xe3\x0f\x88\
\x52\x4f\x2c\x9b\x2b\x9b\xf1\xb7\xc4\x8f\x26\x39\x37\xbf\xee\xff\
\x00\xe5\x9d\x79\x5e\xbd\xe3\x69\x35\x2f\xf9\x69\xe5\x47\x2f\xfc\
\xb3\xae\x3f\x6a\x07\x61\xaf\x7c\x42\xf3\xa5\x93\xcc\x7f\x32\x4a\
\xe6\xee\xf5\xe9\xf5\x29\x7f\x79\x25\x73\x70\xcf\xe7\x7f\x1f\xee\
\xeb\x43\x4d\x89\x3f\x79\x58\x81\xa1\x0d\x9b\xcd\xfe\xb2\xb4\x2c\
\xed\x3f\xe7\x9d\x47\xa6\x7f\xaa\xe3\xfd\x5d\x74\x1a\x6d\x9c\x7e\
\x57\x96\x95\x98\x11\xe9\xb6\x6f\x0c\xbf\xf4\xd2\xb4\x25\xd4\xa7\
\xf2\xbf\xd2\xbc\xa9\x3f\xe7\xa4\x93\xff\x00\x9f\xf5\x75\x62\x1b\
\x3f\xdd\x7e\xf3\xfd\x65\x58\xf2\x7c\xef\xf5\x9e\x57\x97\x2f\xfc\
\xf4\xa3\xd9\x01\xcd\xea\x5e\x24\x79\xbe\x74\xf3\x7f\x7b\xfb\xb8\
\xe4\x8e\xb0\xe7\xd4\xbf\xd5\xc9\xbf\xff\x00\x8d\x7f\xdb\x3f\xfa\
\x69\x57\x3c\x6d\xe1\xb9\x34\xc8\xbc\xf4\xfd\xe5\x9f\xfd\x34\xff\
\x00\xda\x95\xcd\xfd\xb3\xf8\xf7\xf9\x7e\x6f\xfa\xb9\x3f\xf8\xdd\
\x1e\xc8\x0f\x58\xf8\x57\xf1\x9a\xd2\x6d\x2e\x4f\x0a\xf8\xaa\x0f\
\xb7\x69\x77\xf2\x7f\xac\x93\xfe\x3e\xad\x64\xff\x00\x9e\x9e\x65\
\x73\xfe\x30\x86\x7f\x87\xba\xcc\x76\x37\x77\x5f\x6e\xb3\x97\xf7\
\x9a\x7d\xdf\xfc\xfd\x47\xff\x00\x2c\xeb\x87\xf2\x7c\xe8\xbc\x8f\
\x2e\x39\x3c\xaf\xde\x49\x07\xfc\xb2\x8b\xfe\x9a\x49\x25\x6e\x6a\
\x5a\xf5\xd6\xbd\xe0\xd9\x2d\x6e\xae\xbe\xdd\xff\x00\x3e\x77\x73\
\xc7\xff\x00\x7f\x23\x8e\xde\x80\x29\xea\x5a\xf7\xee\xa4\xf2\xdf\
\xfd\x55\x47\xe0\xff\x00\x8b\x5a\xcf\xc3\xdf\x12\x7f\x6c\x78\x7e\
\xfa\x4d\x37\x54\xb5\x8e\x48\xe3\xbb\x8e\x3f\xde\xf9\x7f\xf2\xd2\
\xb9\xbb\x39\xae\xb5\x2b\xaf\xb2\xa4\x7e\x6d\xc7\xfa\xba\xf5\xcf\
\x83\xff\x00\xb3\x4c\xfe\x2a\xba\x8e\x4b\xe8\x28\x03\xe8\xdf\x07\
\xfc\x06\xb4\xf8\x9d\xf0\xe3\xe1\xda\x5d\xea\x56\x51\x7c\x08\xb5\
\xd2\xe4\xbd\xf1\x04\xf1\xea\x1f\x66\xbe\xbf\xd7\x24\xff\x00\x96\
\x92\x47\xfe\xb2\x49\x3c\xdf\x2e\xb4\xfe\x12\xfe\xce\xb7\xde\x03\
\xf8\x55\x1e\x9b\x07\xfa\x37\x85\xf5\xeb\xcf\xb6\xc7\x27\xfc\xb5\
\xba\x92\x3f\xf5\x71\xc9\x57\x3c\x07\xf0\x97\x4a\xf0\x1e\x8d\x1b\
\xdd\xfe\xee\xde\xd7\xfe\x9a\x7e\xeb\xfe\xfd\xd7\xb2\x5e\x6a\x50\
\x7c\x2b\xf0\xec\x7a\x55\xd2\x7f\x6b\x6a\x12\xf9\x77\x36\xfa\x4f\
\xef\x3c\xab\x5f\x33\xfe\x5a\x49\x59\xd4\x3a\x69\xd2\x39\x3d\x66\
\x6b\x1f\x86\x36\x16\x76\x91\xd8\xc9\xf6\x8b\xa8\xff\x00\xd0\xe3\
\x8f\xfe\x5a\xc7\x54\xf4\x0f\x01\xdf\x78\xda\xeb\xed\x7a\xe5\xdc\
\xb2\xd9\xcb\xfb\xbf\x2f\xfe\x59\x7f\xd7\x3a\xed\x34\x1f\x87\xba\
\xaf\x8d\xb5\x99\x35\x5d\x65\xfe\xdd\x79\x14\x7f\xbc\x92\x4f\xf5\
\x51\x47\xff\x00\xb4\xff\x00\xeb\x9d\x67\xf8\xf3\xe3\x36\x95\xf0\
\xf6\xd7\xcb\xb5\x93\xcd\xbc\xff\x00\xbf\xb2\xcb\xff\x00\x4c\xeb\
\x33\xac\xfc\xff\x00\xfd\xa2\xfe\x00\xff\x00\xc2\x99\xf8\xa1\xaa\
\x78\x4b\x64\xb1\xe9\x77\x52\x49\x7b\xe1\xf9\x24\xff\x00\x96\x51\
\xc9\xff\x00\x2e\xd5\xe2\x70\xcc\xfe\x08\xf1\x95\x9e\xa5\xfe\xab\
\xec\xb7\x1f\xbc\xff\x00\xbf\x95\xf7\x67\xed\x21\xf0\xaf\x52\xf8\
\xd9\xf0\xbf\x50\xd4\xae\xdf\xec\xda\xc6\x97\x1f\xdb\x74\xbf\x33\
\xfd\x6f\xee\xeb\xe2\xbd\x7a\x1f\xf8\x4b\xf4\x68\xee\xbc\xbf\xf4\
\x8b\xaf\xdd\xdc\x47\xff\x00\x4f\x15\x74\xce\x0a\x87\xb8\x7e\xd5\
\x1a\x0c\x7f\x10\xbe\x0b\x7f\x68\xda\xff\x00\xac\xb0\x92\x3b\xd8\
\xff\x00\xf6\xa5\x79\xbf\xc3\x1d\x7a\x4f\x12\x78\x72\xdf\xf7\x9f\
\xe9\x1f\xea\xeb\xd4\x3e\x03\xde\x27\xc4\x2f\x81\x9f\x61\xbb\x93\
\xfd\x22\x28\xe4\xb2\x93\xfe\x99\x57\x86\xfc\x13\xb5\x97\x4f\xf8\
\x89\xfd\x97\x79\x34\xb6\xba\x3c\x57\xe2\xdb\x51\x91\x0e\x65\xf2\
\x3c\xce\x63\x8f\xfe\xd9\xe6\xb5\x32\x3b\xed\x4b\xc4\x9a\x1f\x86\
\xed\x7f\xd3\xae\xe2\x8e\x4f\xf9\xe6\x91\xd6\x86\x8f\xac\x58\xeb\
\xd1\x47\x3d\x8c\xfe\x6d\xbd\x7d\x99\xfb\x63\x78\xdb\xe1\x27\xc7\
\xef\x19\x7c\x33\xf8\x49\xe1\xcf\x05\xd9\x78\x4b\x4b\xbf\xb3\x8e\
\xda\xce\x4b\x0f\xb3\xfd\xaa\x29\x3c\xbf\x2e\x49\x2f\x3c\xcf\xde\
\x57\xc1\x7f\x09\x74\x78\xf4\x1b\x5f\x12\x5a\x79\xf1\xf9\x7a\x5e\
\xa1\xe5\xdb\xc9\xff\x00\x3f\x5f\xbc\xa3\xda\x81\xda\x6a\x5f\xdf\
\xa8\xec\xe6\x49\xa5\xfd\xe4\x75\x63\xc9\xff\x00\x45\xfb\x9e\x5d\
\x53\xff\x00\x96\x3f\xf4\xca\xb4\x03\x62\xcb\x5e\xfb\x1c\xb1\xf9\
\x1f\xf2\xcb\xf8\xe4\xff\x00\x96\x55\x4e\xf2\xf1\xf5\x29\x7f\x79\
\x3c\xb7\x32\x7f\xd3\x4a\xa7\xfe\xbb\xfd\x65\x14\x01\x26\x3c\x9f\
\xfb\x6b\xfb\xba\xe8\x3c\x37\xe0\x3d\x4b\x52\xd7\xa3\x82\x4d\x2a\
\x4b\xdb\x78\xbf\xd2\x6f\x23\x8f\xfe\x7c\xff\x00\xd6\x49\xfb\xcf\
\xfa\xe7\x5c\xfc\xd3\x79\xd1\x6c\xfd\xec\x55\xd8\x78\xab\xe2\x77\
\xfc\x25\x5e\x0d\xd0\xec\x6d\x7e\xdb\x6d\x79\x6b\x67\xf6\x2d\x62\
\x38\xe4\xf2\xe2\xbf\xf2\xe4\xfd\xdc\x9f\xf5\xd3\xf7\x94\x7b\x40\
\x3a\xcf\x1b\x7c\x0d\xd3\x7e\x1e\xeb\xda\x86\xa5\xe2\x0d\x66\xe7\
\x48\xf0\xdd\xd4\x9f\x69\xd0\xfc\x89\x23\xb9\xbe\xd5\x23\xff\x00\
\x59\x6f\xff\x00\x5c\xff\x00\xeb\xa5\x71\xfe\x3c\xf8\x85\xae\x7c\
\x54\xba\x8e\x7b\xb7\x97\xcb\xff\x00\x9e\x11\xff\x00\xaa\xff\x00\
\x57\xe5\xf9\x9f\xf5\xd2\xb8\xfb\xcd\x7a\x08\x7e\x79\xee\xbc\xcb\
\x8f\xfa\xe9\x54\xff\x00\xe1\x30\x9f\xfe\x58\x7e\xea\x80\x3b\x8d\
\x1f\xc2\xbf\xba\xfd\xfd\x6c\x43\x0f\xd8\xe2\xf9\x20\xf2\xfc\xaa\
\xf2\xbf\xf8\x4a\xaf\xa1\xf3\x3c\xbb\xe9\x62\xff\x00\xae\x95\xa1\
\xa6\xfc\x4e\xba\x86\x58\xe3\xbe\xfd\xe4\x94\x01\xde\x79\xde\x6d\
\x13\x4d\x5c\xfe\x9b\xe2\xab\x5b\xcf\x33\xfe\x59\xc9\x2d\x68\x75\
\xfe\x3f\x36\x80\x2c\x79\xdf\xbc\xd9\x47\xdb\x23\xf4\x35\x5c\xf9\
\x93\x1f\xf5\x75\xb9\xa4\x78\x0f\x55\xd7\xee\xe3\x8e\xd2\xd3\xfd\
\x6d\x3f\x8c\x0c\xbf\xf5\xb5\x1f\x91\xe7\x7d\xc9\x24\xaf\xa2\x3e\
\x06\xff\x00\xc1\x36\x7e\x23\x7c\x6c\xbb\x8e\x3d\x2b\xc3\xfa\x95\
\xf5\xbc\xbf\xf2\xd2\x3b\x7f\xdd\x7f\xdf\xca\xfb\x53\xe0\x6f\xfc\
\x1b\xdf\xac\x4d\xf6\x7b\xaf\x1a\xea\x5a\x6e\x93\x1f\xfa\xcf\x2e\
\x3f\xf4\x99\x6a\xc0\xfc\xc7\xf8\x7b\xa9\x78\x9b\xc2\x1e\x28\xb3\
\xd6\x3c\x2b\xa8\xeb\x7a\x26\xb9\x61\xe6\x5b\x47\x7f\x61\x71\xe5\
\x5d\x79\x72\x7f\xac\x8f\xfe\x79\xc9\x1c\x9f\xf3\xce\x4a\xfb\x13\
\xf6\x33\xff\x00\x82\x5a\xfc\x43\xfd\xba\xbe\x23\x7f\xc2\x5b\xe3\
\x4b\xbd\x4b\xfb\x3e\x2f\xf8\xf8\xd5\xb5\x29\x24\x92\x59\x7f\xef\
\xe5\x7e\x9e\x7c\x18\xff\x00\x82\x51\xfc\x24\xf8\x33\x2d\xbc\xef\
\xa5\x49\xe2\x0b\xc8\xbf\xd5\xbd\xdf\xee\xe2\xff\x00\xbf\x75\xf4\
\x86\x9b\x67\x69\xa3\xd8\x5b\xda\x58\xc1\x6d\x6d\x6f\x6b\xff\x00\
\x1e\xf1\xc7\x1f\x95\xe5\x50\x07\x9b\xfe\xcd\xff\x00\xb2\x2f\x81\
\xff\x00\x65\xcf\x0e\x5b\xda\x78\x73\x4a\x8f\xed\x91\x7f\xac\xd4\
\xa7\x8f\xfd\x2a\x5f\xfa\x69\x5e\x91\xe7\x79\xdf\xf2\xcf\xf7\x7f\
\xf2\xcf\xfe\x79\x51\x3f\x6a\x8e\x0e\xf5\x98\x16\x26\x9a\x38\x68\
\xa6\x4d\xfe\xa6\x92\x0e\xf5\xaf\xb2\x00\x9f\xb5\x10\xff\x00\xae\
\xa2\x6f\xf5\xd5\x24\xfd\xa9\xfb\x20\x19\x37\xfa\x9a\x8a\x6f\xdc\
\xc5\x56\x3e\x4a\xaf\x47\xb2\x00\x86\x1a\x93\xfe\x59\x54\x70\xcd\
\x44\xd3\x56\x20\x49\x3f\x6a\x8e\x19\xbc\xaa\x27\xed\x51\xd6\xbe\
\xc8\x09\x28\x9f\xb5\x14\x79\x3e\x6d\x3f\x64\x04\x72\xc3\x83\x45\
\x49\xe4\x7b\xd1\x47\xb2\x03\xf1\x8f\xe2\xa7\xc5\xa9\xf5\x8b\xf9\
\x3f\x7f\x5e\x17\xe3\x6f\x1b\x49\x37\x99\xfb\xca\xd0\xf1\x86\xbd\
\x25\xe7\x98\xf5\xe5\x7e\x3c\xf1\x24\x7a\x3d\xac\x93\xcf\xff\x00\
\x2d\x63\xae\xda\x8f\x90\x0c\xff\x00\x1e\x78\xd9\x2c\xed\x64\x79\
\xe7\xaf\x03\xf8\x9d\xf1\x6b\x99\x23\xfd\xd4\x97\x1f\xf3\xce\x3f\
\xf9\x65\x54\xfe\x30\x7c\x5a\x79\xee\xa4\x48\x24\x8b\xcc\x97\xff\
\x00\x21\x57\x91\xde\x5e\x49\xa9\x5d\x49\x27\xfc\xb4\xae\x57\x57\
\xda\x01\xa1\xac\x6b\x13\xeb\xd7\x5b\xe7\x92\x5f\x32\x8f\xf5\x3f\
\xeb\x2b\x3e\xcb\xfe\x5a\x55\xcf\xf9\x65\x1f\xfd\x35\xae\x60\x2c\
\x43\x37\xef\x6a\xe5\x9c\xde\x4d\xd5\x65\xf9\xdf\xed\xd5\x88\x66\
\xf2\x62\x8e\x80\x3a\x4b\x39\xbf\xd6\x79\x95\xd0\x69\xba\x97\x93\
\xe5\xfe\xf3\xf7\x75\xc7\xd9\xea\x5e\x4d\x68\x43\xac\x79\x32\xc7\
\xfe\xae\x80\x3b\xc8\x66\x8e\x69\x7f\xd7\xff\x00\xad\xa2\x6d\x4a\
\x38\x7f\x71\x1c\x95\xc5\xff\x00\xc2\x49\xe4\xc5\xff\x00\x2c\xbc\
\xca\x8e\xf3\xc4\x92\x4d\x15\x00\x6c\x6b\x1a\xc2\x4d\x17\x97\x27\
\xef\x6b\xcf\xf5\x8d\x96\x77\xff\x00\xb8\x93\xca\x8f\xfe\x7a\x55\
\x8d\x4b\x5e\x92\x6a\xc7\x9b\x52\xfd\xe4\x71\xc8\xf4\x01\xb9\xa6\
\xde\x47\xfe\xae\x48\x22\x97\xfe\x79\xc7\xff\x00\x2c\xa2\xff\x00\
\xae\x95\xb9\xe4\x79\xd2\xfd\xad\xe7\xf2\xbe\xd5\xfb\xbf\xb7\xc9\
\xfe\xb7\xfe\xb9\xdb\xc7\x58\x7a\x0e\x83\x3c\x3e\x5f\x99\x6b\x14\
\x51\xff\x00\xcf\x39\x3f\xd5\x7f\xd7\x49\x2b\xa0\x87\xf7\x3e\x5d\
\xdf\xef\x7c\xbb\xaf\xdd\xc7\x77\xff\x00\x2f\xd7\xff\x00\xf5\xef\
\x1f\xfc\xb3\x8e\xb3\x03\x53\xc1\xfe\x0f\x49\xae\xbe\xdd\xa5\x24\
\x71\x78\x83\x4b\xff\x00\x49\xfb\x24\x92\x79\xbe\x6c\x7f\xf2\xd3\
\xcc\xff\x00\xa6\x95\xf5\x67\xc2\xbf\x88\x7a\x74\xde\x12\xb7\xbb\
\xb5\xb1\xf3\x3c\xdf\xf9\x67\xff\x00\x4d\x2b\xe4\xfd\x07\x52\xba\
\xf0\xae\xbd\x1d\xdd\xa7\x95\xf6\xcd\x2f\xfd\x27\xec\x9f\x68\xf2\
\xe2\xb5\xff\x00\xa6\x97\x92\x7f\xcb\x49\x2b\xe9\x0f\x80\xfe\x36\
\xd2\xb4\x1d\x67\x4f\xd4\xbc\x8b\x6b\xef\x0b\xf8\xa3\xf7\x77\x1e\
\x7f\xee\xbf\xb2\xef\x3f\xf8\xdd\x67\xed\x0d\x51\xe9\x1a\x3f\x83\
\xf5\x1f\x88\x57\xf1\xfd\xb8\xc9\xf6\x7f\xf9\xe7\xfe\xaa\x28\xab\
\xdb\x21\x86\xc7\xfb\x06\xce\x7f\x10\x4f\xf6\x68\xf4\xbb\x7f\xf4\
\x79\x23\xff\x00\x8f\xab\xff\x00\xfa\x67\x5c\x9f\x89\x3c\x61\x6b\
\xf0\xf6\xc3\xe7\x92\xda\x5f\x2a\x49\x3f\xd5\xff\x00\xaa\x8a\x4a\
\xf2\xbd\x4b\xc6\xda\xcf\xc4\xed\x52\x49\x20\x7f\x2f\x4b\xf3\x3f\
\xd2\x24\x9e\xb2\xf8\xce\xf4\x7a\xa6\xbd\xe3\xcd\x57\xe2\xa5\xad\
\xc5\xae\x8d\xf6\x6d\x03\xc2\xf6\xb2\x7e\xf2\x78\xff\x00\xd5\x45\
\xff\x00\xc7\x24\xae\x6f\xe2\x77\xfc\x23\x16\x72\xc7\xe2\x7b\x48\
\x2e\x6e\x6f\x2d\x6d\xe3\xb6\xbc\xbb\x92\x3f\xdd\x45\x24\x7f\xf2\
\xd2\x8f\x15\x78\xf3\x4a\xd1\xf4\x6d\x3f\x55\xf1\x55\xf4\xb6\xda\
\x5c\xbf\xbb\xb3\xb0\xb4\x8f\xfe\x59\xf9\x95\xe4\xff\x00\x16\xbf\
\x68\xad\x66\xf3\xe2\x36\xa9\xe1\x8b\x14\xb6\xd6\xf4\x7d\x52\x3f\
\xb1\x69\xfa\x6d\xa4\x9f\xba\xfd\xe4\x7f\xeb\x3f\xeb\xa5\x33\x1a\
\x95\x39\x0e\x6f\xe2\x77\xc7\x89\xf5\x2b\xa9\x20\x8d\xff\x00\xd5\
\x79\x9f\xbb\xaf\x98\xff\x00\xd1\x6c\xfe\x28\x5e\x5a\x47\x27\x95\
\x67\xac\xff\x00\xa4\xc7\xff\x00\x5d\x2b\xa4\xfd\xa8\xbc\x35\xe3\
\x2f\x81\xd7\x5a\x42\x6b\xf6\x3f\x66\x8f\x5d\xb3\xf3\x6c\xee\x23\
\xb8\xf3\x62\x97\xcb\xff\x00\x96\x7f\xf6\xce\xbc\x1f\xfb\x7a\xea\
\x1d\x53\xed\x5e\x67\xef\x2d\x7f\x79\x5a\x7b\x33\x9b\xe3\x3e\x90\
\xfd\x9d\x75\x2f\xf8\x45\x7c\x6f\xae\x68\x71\xc9\xfb\xbd\x53\xfd\
\x36\xdf\xfe\x9a\xd7\x7b\xfb\x24\xf8\xbf\xc0\x9f\x00\xbf\x6f\xf4\
\xbb\xf1\xf5\xbd\x91\xf0\xbe\xbb\x65\x70\x4c\x93\xc7\xe6\xc5\x0d\
\xc7\xfc\xb3\xfd\xdf\xfd\xb3\xaf\x0e\xd3\x3c\x6d\x1e\x9b\xf1\x1b\
\xc3\xfa\xe6\xff\x00\xdd\xcb\x27\xd9\xae\x3f\xeb\x9c\x95\xa9\xfb\
\x63\x68\x3e\x76\x97\xa7\xea\x51\xfe\xf7\xec\xbf\xbb\xff\x00\xbf\
\x95\xa1\x91\xf4\x27\xed\x8b\xf1\x3f\xe1\x66\x99\xf1\xcb\xc4\x1e\
\x37\xf0\xc6\xad\x6d\xe3\xaf\x14\x6a\xb6\xff\x00\x66\xd0\x34\xc8\
\xed\xff\x00\x75\xe1\xcb\x8f\xf9\xf8\xff\x00\xb6\x75\xf2\xff\x00\
\xc1\x9f\x04\xdd\xe9\xb7\xf7\x17\xd7\x72\x49\x27\xfd\xb4\xff\x00\
\xc8\x95\x43\xe1\xf6\x83\x1d\xde\x85\x67\xf6\x5f\x2a\x3b\x39\x7c\
\xcf\xb4\x47\x1f\xfa\xdb\xaf\xfa\xe9\xff\x00\xc6\xeb\xd1\xe1\x86\
\x3b\x3f\xf5\x69\xe5\xd0\x06\x87\x9d\xfe\xdd\x53\xbc\x9b\xf7\xbf\
\xf2\xd6\x4a\x3c\xd7\xaa\x77\x93\x7f\xcf\x4a\xe9\xf6\x40\x49\xfe\
\xb6\xa4\xf3\xbc\xe9\x6b\x2e\x6d\x62\x3b\x4f\x31\xfc\xcf\x32\x4a\
\xc7\xd4\xb5\x89\xf5\x29\x7c\xbf\xfc\x87\x59\x01\xd4\x5e\xeb\xd6\
\xba\x3f\xfa\xff\x00\x2e\x59\x2b\x0e\xf3\xc5\x77\x5a\x97\xdc\xfd\
\xd4\x75\x8f\xf2\x41\xfe\xb3\xf7\x92\x51\x36\xa5\xfb\xaa\x00\xd4\
\x86\xf2\xa3\x9a\xf3\xf7\xb1\xfc\xff\x00\xf2\xd2\xb1\xcd\xe7\x9d\
\x14\x9f\xf2\xd7\xfe\xd9\xd1\x67\xe7\xeb\x17\x5f\x64\xb5\x4b\x9b\
\x9b\x8f\xf5\x5e\x5c\x15\x98\x1a\x93\x5e\x51\xe7\x47\x34\x5e\x44\
\x88\x65\xff\x00\x9e\x91\xc9\xfe\xaa\xbe\x94\xfd\x98\xff\x00\xe0\
\x8d\xbf\xb4\x2f\xed\x5d\x14\x77\x7a\x07\x80\xef\xb4\x8d\x1e\x59\
\x3f\xe4\x25\xad\x49\xf6\x28\xbf\xf2\x27\xef\x24\xaf\xd1\x4f\xd9\
\x8f\xfe\x0d\x6b\xd0\x34\x0f\x2e\xef\xe2\xbf\x8f\xee\x75\x29\x3f\
\xd6\x7d\x83\xc3\xd6\xff\x00\x66\x8b\xfe\xb9\xf9\x92\x47\xff\x00\
\xb4\xeb\xa7\xd9\x01\xf8\xcf\xe0\xfd\x06\xfb\x58\xd7\xa4\xd3\x6c\
\x6d\x2e\x6f\xae\x3f\xd6\x47\xe5\xfe\xf2\xbe\xdc\xfd\x8f\xff\x00\
\xe0\x92\xff\x00\x19\x7e\x3b\xd8\x59\xdf\x49\xe1\xcd\x4a\xcb\x4f\
\xff\x00\x9e\x97\x71\xfd\x9b\xf7\x75\xfb\x81\xfb\x3a\xff\x00\xc1\
\x3c\x7e\x0b\x7e\xcb\xb6\xb6\xf0\x78\x3b\xc0\x1a\x04\x77\x91\x47\
\xff\x00\x1f\xf7\x76\xf1\xde\xdf\x7f\xdf\xc9\x3f\xd5\xd7\xb6\x79\
\xd2\x79\x5b\x12\x4f\x2a\x3f\xf9\xe7\x4f\xd9\x01\xf9\x9f\xf0\x1f\
\xfe\x0d\xf5\xb5\xd1\xbe\xcf\x3f\x8d\x75\xfb\x1b\x18\xff\x00\xe5\
\xa4\x16\x91\xf9\x95\xf6\x07\xc1\xff\x00\xf8\x27\x5f\xc2\x1f\x82\
\x71\x47\x26\x95\xe1\x9b\x6d\x4a\xf2\x2f\xf9\x6f\x7f\xfb\xd9\x6b\
\xd9\x3f\xe5\xa7\xee\xf3\x52\x4d\x0f\x9d\x17\xfc\xb2\xa9\x00\xd3\
\x61\xb4\xd1\xed\x63\x82\xd2\x0b\x6b\x68\xff\x00\xe9\x9c\x75\x24\
\xd3\x79\x1e\x65\x57\x86\x14\xfe\xfd\x13\x7f\xae\xad\x00\xb0\x7c\
\xb9\x87\xfa\xca\x92\x08\x7f\xb8\xf5\x4e\x0e\xf5\x27\x9d\xfb\xaf\
\xbf\xe5\x56\x60\x49\x34\x2f\xfd\xfa\x8e\x1d\x9f\xbc\xa9\x3f\xe5\
\x97\xce\xf5\x5e\x0e\xf4\x01\x73\xfd\x4f\xfa\xba\x8e\x7e\xd5\x5f\
\xfe\x5a\xd1\x34\xdf\xba\xad\x00\x92\x6f\xf7\xea\x4f\xf9\x65\x54\
\xfe\x4f\x36\xa4\x87\x67\x95\x40\x16\x33\xfe\xdd\x47\x46\x3f\xd8\
\xa8\xe6\x85\x3f\xbf\x40\x12\x41\xde\x8a\xaf\x9f\xf6\xea\x49\xa1\
\xfd\xcf\xfa\xca\x8f\x64\x04\x9f\x25\x47\xe7\x7e\xf6\xa3\x96\x5f\
\x27\xfe\xba\x54\x70\xfe\xf6\xac\x0b\x10\xcd\x52\x79\xfe\xd5\x1c\
\x3f\xef\xd4\x73\x09\x3f\xe7\xa5\x00\x58\xf3\xfd\xa8\xaa\xfe\x53\
\xff\x00\xd3\x3a\x28\x03\xf9\xcf\xf1\x87\xc5\x3d\x3b\x49\xb4\x9c\
\xc9\x0d\xd9\x31\xc7\xd5\x21\x8c\x1f\xfd\x0a\xbe\x4c\xf8\xe5\xfb\
\x44\x2e\xa9\x75\x27\xd9\xe0\xb8\x4f\x9f\x67\xef\x23\x43\xf2\x7a\
\x75\xa2\x8a\xda\xab\x03\xc4\xaf\x7c\x43\x1c\xb7\x6a\xe5\xa6\xf9\
\xcf\x98\xff\x00\xbb\x5e\x7f\x5a\x5b\x9f\x12\x43\x1c\xaf\xb9\x6e\
\x17\xcb\xfe\xe1\x02\x8a\x2b\xcd\x02\x4b\xcd\x7a\x2b\x1b\x99\x21\
\xdb\x33\x37\xf7\xc9\x15\xa7\x6d\x76\x58\x46\x54\x61\x7d\x28\xa2\
\x80\x24\xb5\x94\xac\xdb\xdb\x9a\x5b\x89\x4d\xb4\x3b\x13\x8a\x28\
\xa0\x07\xc7\x29\x54\xde\xdc\x9a\x67\xf6\x89\xf4\xa2\x8a\xd0\x06\
\xcd\x76\xfe\x6c\x7f\x31\xa6\xdd\x5f\x93\xf7\x46\x28\xa2\x80\x2b\
\x5d\x33\x5f\xdc\xdb\xc2\x8c\xc0\x7f\xb4\x6b\xd7\xbe\x06\xfc\x0a\
\x83\x56\xbd\x8e\xe2\xf2\x65\x90\xfb\x66\x8a\x29\xdc\xd0\xf6\x8f\
\x16\x7c\x37\xd2\xb5\x2b\x2b\x2d\x22\x3b\x64\x37\x11\x9d\xe9\x24\
\x9c\xa2\x7e\x15\xe4\xba\xb6\x80\x9a\x7c\x9e\x20\x94\xdc\xcf\x9d\
\x12\x5f\xb1\xea\x9a\x8e\x03\xdf\x4d\x27\xf7\x2d\x81\xf9\x62\x87\
\xdb\x39\xa2\x8a\xe6\x03\x98\x99\x8c\x49\x65\x07\x91\x06\x35\x13\
\xfe\x81\x63\xb8\xfd\x96\x27\xff\x00\x9e\xd3\x1f\xbd\x23\x7f\xb3\
\x8c\x7b\xd7\x5b\xf0\x93\xc4\xed\x37\x89\xf5\x2f\x0f\xde\xc9\x73\
\x77\x69\x76\x63\xb5\xbe\x9f\x21\x24\x17\x32\x7d\xc7\x81\x47\x11\
\xa2\x76\x19\xcd\x14\x56\x86\x67\xa8\xf8\x67\xe2\x3d\xdf\x8d\x86\
\x9b\xe1\xcd\x51\x9a\x78\xb4\x49\x5b\x4f\x76\x1d\x26\x0b\xf7\x1b\
\xea\x2b\x47\xe2\x7f\xc5\x6b\x8d\x12\xda\x3b\x4b\x55\x68\x23\xff\
\x00\x57\xf2\x51\x45\x07\x4d\xd9\xe5\x3e\x3f\xfd\xa1\x6f\xae\x7c\
\x04\xda\x05\xe5\xba\x5c\x43\x67\x73\xf6\xdb\x49\xff\x00\xe5\xac\
\x2b\xfd\xca\xf2\x2f\x87\x5f\xb4\xf6\xa3\xf0\xaf\xe3\x16\x9f\xe2\
\x18\x6d\xa2\xbe\x4d\x21\xff\x00\x7b\x6d\x30\x1f\xbe\x5c\x79\x78\
\x56\xea\x9f\x85\x14\x50\x22\xc7\xed\x73\xfb\x5e\x6a\x5f\xb5\x46\
\xb5\x66\xf7\x56\xef\x6b\xa5\x68\x51\xff\x00\xa2\xc3\x24\x9e\x64\
\x8b\xf8\xf4\xaf\x20\x95\x55\x7c\xbc\x28\x23\xcc\x8f\x83\xd2\x8a\
\x28\x39\xcf\x41\xf1\x36\x8e\xd6\x7f\x0b\xac\xae\xcb\x82\xd6\xf7\
\x7b\x00\x1d\xeb\xd8\x3c\x50\xb1\xfc\x42\xf8\x12\x8d\x2a\x94\x79\
\x2c\x43\xe4\xff\x00\x7e\x38\xf8\x34\x51\x40\x1e\x4d\xf0\x2b\x54\
\x69\x2d\x6e\xe0\x61\x93\x1f\x7a\xf4\x99\x6e\xde\x28\x76\x6e\x38\
\xa2\x8a\x00\xca\xd6\x35\xe6\x82\x4f\x26\x20\x55\xbf\xbe\x6b\x3b\
\xfb\x42\xe2\x7f\xf5\x93\xc8\xd4\x51\x5a\xdc\xca\xc5\x5b\x3b\x97\
\xd5\x5d\xd6\x33\xe4\x24\x7d\x85\x2c\xb2\x92\xde\x54\x7f\xbb\x4f\
\x4a\x28\xac\x87\x62\x8d\xc2\xb2\x4f\x24\x4a\x70\x95\xb1\xe1\x0f\
\x04\xde\xf8\xeb\x51\x5b\x48\xae\x2d\xe1\x0f\xf7\xd9\xc1\x24\xfe\
\x42\x8a\x2b\x33\xa0\xf7\xef\x86\x3f\xb1\xe7\x86\x74\x3f\x11\x69\
\xb2\xf8\xca\x7b\xdd\x52\xc2\xe3\xa2\x69\xa1\x20\x92\x4f\xf7\xc9\
\x18\x35\xfa\x6d\xfb\x2c\x7c\x11\xf8\x77\xf0\x6b\x44\xb4\xbf\xf0\
\x97\x84\x34\xab\x03\x27\xfc\xbd\x5c\xdb\x2d\xc5\xda\xfd\x19\x89\
\x14\x51\x5d\x17\x03\xeb\x8f\x86\xff\x00\x18\xf5\x4d\x06\x58\xe4\
\xf3\xe5\x91\x3f\xb9\xda\xbe\x83\xf0\x0f\xc4\x51\xe3\x4b\x48\xe4\
\x7b\x71\x0c\xbe\xa2\x8a\x2b\xa6\x9b\x03\xa1\x99\x9a\xda\x23\xf2\
\xa3\x79\x9e\xa2\x94\xbb\x49\xd4\xd1\x45\x23\x31\x82\x5f\x2a\x5e\
\x28\x9a\x2c\xd1\x45\x00\x2f\x90\xbe\x94\xd9\x9d\x7f\x77\xf2\x8f\
\xce\x8a\x28\x00\xfb\x52\xff\x00\x70\x53\x6e\x6f\x4a\x7d\xd5\x02\
\x8a\x28\x01\xd1\xdc\x38\xfb\xc7\x35\x18\xb9\x58\xa5\xfb\x82\x8a\
\x28\x02\x5f\xf9\x65\x44\xd2\xe6\x8a\x29\x59\x01\x1c\xd2\xe6\xa5\
\xf3\x64\xf2\xbe\xf9\xa2\x8a\x2c\x80\x4a\x82\x6f\xf5\x34\x51\x4c\
\x07\xf9\x71\xff\x00\x72\x97\xc8\x5f\x4a\x28\xac\xc0\x4a\x82\x49\
\xfc\x9f\x33\x72\x87\xa2\x8a\xd0\x09\xe3\xff\x00\x4c\xfb\xbf\x25\
\x35\x62\x67\xfb\xcc\x4d\x14\x52\xb2\x00\x6f\xb8\x28\xa2\x8a\x2c\
\x80\xff\xd9\
\x00\x00\x18\x66\
\xff\
\xd8\xff\xe0\x00\x10\x4a\x46\x49\x46\x00\x01\x01\x01\x00\x48\x00\
\x48\x00\x00\xff\xdb\x00\x43\x00\x08\x06\x06\x07\x06\x05\x08\x07\
\x07\x07\x09\x09\x08\x0a\x0c\x14\x0d\x0c\x0b\x0b\x0c\x19\x12\x13\
\x0f\x14\x1d\x1a\x1f\x1e\x1d\x1a\x1c\x1c\x20\x24\x2e\x27\x20\x22\
\x2c\x23\x1c\x1c\x28\x37\x29\x2c\x30\x31\x34\x34\x34\x1f\x27\x39\
\x3d\x38\x32\x3c\x2e\x33\x34\x32\xff\xdb\x00\x43\x01\x09\x09\x09\
\x0c\x0b\x0c\x18\x0d\x0d\x18\x32\x21\x1c\x21\x32\x32\x32\x32\x32\
\x32\x32\x32\x32\x32\x32\x32\x32\x32\x32\x32\x32\x32\x32\x32\x32\
\x32\x32\x32\x32\x32\x32\x32\x32\x32\x32\x32\x32\x32\x32\x32\x32\
\x32\x32\x32\x32\x32\x32\x32\x32\x32\x32\x32\x32\x32\xff\xc0\x00\
\x11\x08\x01\x11\x01\xa6\x03\x01\x22\x00\x02\x11\x01\x03\x11\x01\
\xff\xc4\x00\x1b\x00\x01\x01\x00\x03\x01\x01\x01\x00\x00\x00\x00\
\x00\x00\x00\x00\x00\x00\x05\x01\x03\x04\x06\x02\x07\xff\xc4\x00\
\x48\x10\x00\x02\x02\x01\x02\x02\x05\x07\x05\x0d\x08\x01\x05\x00\
\x00\x00\x00\x01\x02\x03\x04\x05\x11\x21\x31\x06\x12\x13\x41\x51\
\x14\x22\x52\x61\x71\x81\x91\x24\x32\xa1\xa2\xb1\x15\x16\x23\x33\
\x42\x43\x62\x72\x82\x92\xb2\xc1\xc2\x25\x34\x36\x64\x74\xa3\xb3\
\xd1\x53\x26\x44\x63\xe1\xe3\xff\xc4\x00\x15\x01\x01\x01\x00\x00\
\x00\x00\x00\x00\x00\x00\x00\x00\x00\x00\x00\x00\x00\x01\xff\xc4\
\x00\x1a\x11\x01\x00\x03\x01\x01\x01\x00\x00\x00\x00\x00\x00\x00\
\x00\x00\x00\x00\x01\x11\x41\x21\x31\x61\xff\xda\x00\x0c\x03\x01\
\x00\x02\x11\x03\x11\x00\x3f\x00\xfd\xfc\x00\x00\x00\x00\x00\x00\
\x00\x00\x00\x00\x00\x00\x00\x00\x00\x00\x00\x00\x00\x00\x00\x00\
\x00\x00\x00\x00\x00\x00\x00\x00\x00\x00\x00\x00\x00\x00\x00\x00\
\x00\x00\x00\x00\x00\x00\x00\x00\x00\x00\x00\x00\x00\x00\x00\x00\
\x00\x00\x00\x00\x00\x00\x00\x00\x00\x00\x00\x00\x00\x00\x00\x00\
\x00\x00\x00\x00\x00\x00\x00\x00\x12\xf5\xbc\xbb\xb1\x34\xfd\xb1\
\xba\xbe\x55\x7d\x91\xa2\x8e\xb2\xdd\x29\xc9\xed\xbb\x5d\xe9\x2d\
\xe4\xfd\x49\x9c\xf5\x74\x5b\x46\x54\xb8\xdf\x81\x46\x4d\x92\xe3\
\x65\xf9\x10\x53\xb6\xc9\x77\xc9\xc9\xad\xf7\xfb\x3b\xb6\x02\xe0\
\x20\x61\x3b\x74\xad\x52\x1a\x65\x96\xd9\x66\x2d\xf0\x95\x98\x92\
\xb2\x4e\x52\x83\x8e\xdd\x6a\xdc\x9f\x16\xb6\x69\xc5\xbe\x3b\x75\
\x97\x72\x2f\x80\x00\x00\x00\x00\x00\x00\x00\x00\x00\x00\x00\x00\
\x00\x00\x00\x00\x00\x00\x00\x00\x00\x00\x00\x00\x00\x00\x00\x00\
\x00\x00\x00\x00\x00\x00\x00\x00\x00\x00\x00\x00\x00\x00\x00\x00\
\x00\xc0\x12\x33\x33\xb3\x25\xa8\x2d\x3b\x4e\x8d\x6e\xf8\xc1\x59\
\x75\xb7\x6e\xe1\x4c\x1b\x6a\x3c\x17\x19\x49\xb4\xf6\x5b\xae\x09\
\xb6\xf9\x27\xab\xcb\xf3\xf4\xdc\x88\x2d\x51\x63\xd9\x8b\x6c\x94\
\x16\x56\x3c\x65\x05\x5c\x9b\xd9\x29\xc5\xb7\xb2\x6f\x87\x59\x3e\
\x6d\x6e\x97\x33\x66\x93\x15\x2d\x5b\x5c\xb7\xf2\xbc\xaa\x15\xfb\
\xa3\x4d\x6f\xed\x93\xf8\x94\x72\xb1\xa9\xcc\xc4\xbb\x1b\x22\x0a\
\x74\xdb\x07\x09\xc5\xf7\xc5\xad\x99\x46\xf4\x64\x93\xa0\x64\x5b\
\x76\x98\xaa\xc9\x9b\x9e\x4e\x2c\xe5\x8d\x74\x9f\x39\x4a\x0f\x6e\
\xb7\xed\x2d\xa5\xef\x2b\x10\x45\xd4\x54\xac\xe9\x0e\x8d\x4a\xf9\
\xb0\xed\xb2\x1a\xf5\xc6\x0a\x0b\xfe\x42\xca\x24\xda\xf7\xe9\x76\
\x1a\xf0\xc1\xbd\xfc\x6c\xab\xfe\x8a\xe0\x46\xe9\x07\xe0\xe9\xc2\
\xcb\x4f\x67\x8d\x9b\x4c\xb7\xfd\x19\x4b\xb3\x97\xd1\x36\x58\x44\
\x7e\x94\xc7\x7e\x8c\xea\x12\x5c\xeb\xa9\xd8\xbd\xb1\x6a\x5f\xc8\
\xb0\x86\x01\x1a\x7a\xae\x66\x56\x5d\xb4\xe9\x78\x95\xdf\x1a\x24\
\xe1\x6d\xf7\x5c\xeb\xaf\xae\xb9\xc6\x3b\x46\x4e\x4d\x77\xf0\xd9\
\x3e\x1b\xee\x9a\x3a\xf5\x7c\xd7\xa7\x69\x19\x99\x91\x49\xca\x9a\
\xa5\x38\x27\xdf\x2d\xb8\x2f\x7b\xd8\x69\x58\x31\xd3\x74\xcc\x6c\
\x34\xf7\x75\x41\x29\x4b\xd2\x97\x39\x49\xfa\xdb\xdd\xfb\xc0\xe6\
\xc5\xd5\x6c\x96\x6c\x30\xb3\xb1\x5e\x26\x44\xf7\x75\x6d\x3e\xbd\
\x77\x25\xcf\xa9\x2d\x97\x14\xb8\xec\xd2\x7b\x71\x5b\xa4\xca\xe8\
\x8f\xd2\x4a\x9c\xf4\x3c\x9b\xa0\xbf\x0f\x8a\xbc\xaa\x97\xde\xa7\
\x5f\x9c\xbe\x3b\x35\xec\x6c\xab\x55\xb1\xba\xa8\x59\x07\xbc\x67\
\x15\x24\xfd\x4c\x0d\x80\x00\x00\x00\x00\x00\x00\x00\x00\x00\x00\
\x00\x00\x00\x00\x00\x00\x00\x00\x00\x00\x00\x00\x00\x00\x00\x00\
\x00\x00\x00\x00\x00\x00\x00\x00\x00\x00\x00\x00\x00\x06\x0c\x98\
\x02\x46\x93\x28\xad\x57\x5b\xaf\xfc\xdc\x27\xf1\xa2\xbf\xfa\x65\
\x7e\xe2\x15\x77\x55\x81\xd2\x1d\x5e\xdb\xec\x50\xa9\xe3\x63\xdf\
\x29\x3e\x4b\xf1\x91\x6f\xea\xa3\x64\x7a\x4d\xa6\x5b\x3e\xa6\x3d\
\xb6\xe4\xcb\xfc\xb5\x16\x5b\xf4\xc6\x2d\x2f\x89\x66\x03\x0b\xe4\
\xfd\x27\xd5\x31\xdc\xb8\x5f\x5d\x39\x51\x5e\xbd\x9d\x72\xfe\x08\
\xfc\x4b\x44\x5c\xad\xa9\xe9\x5e\x9b\x66\xdf\x8e\xc7\xbe\x96\xfd\
\x69\xc2\x6b\xec\x91\x68\x82\x45\xab\x6e\x97\x61\xbf\x1c\x1b\xd7\
\xc2\xca\xbf\xec\xfb\xc9\xd6\x71\xb1\x72\x27\x43\xab\x32\xdb\x61\
\xb6\xf1\xa3\x12\xc9\xa5\xba\xdf\xe7\x28\xed\xf4\x9a\xb3\x65\xd4\
\xe9\x46\x92\xfd\x2a\x32\x61\xff\x00\x1b\xfe\x93\xab\x37\x4e\x86\
\x72\x87\x5b\x23\x2a\xa7\x5e\xfb\x79\x3e\x44\xab\xdf\x7f\x1d\x9f\
\x1f\x78\x13\xf5\x5c\xd5\x9f\xd1\x4d\x62\x5e\x4b\x93\x42\x8e\x25\
\xcb\x6b\xea\xea\x37\xe6\x3e\x29\x32\xdd\x52\xeb\x55\x19\x78\xc5\
\x32\x2e\xab\x83\x4e\x07\x45\x35\x7a\xa9\x76\xc9\x4b\x16\xe9\x4a\
\x56\xdb\x2b\x24\xdf\x66\xf8\xef\x26\xd9\x63\x17\xfb\xad\x3f\xa9\
\x1f\xb0\x60\x97\xd2\x2d\xa7\x83\x8f\x8e\xd6\xea\xfc\xcc\x7a\xda\
\xf5\x76\x91\x93\xfa\x22\xcb\x2b\x91\x23\x58\x4a\x7a\x8e\x89\x5b\
\xef\xcd\x72\xfd\xda\x6d\x7f\x6e\xc6\xad\x4a\x1a\xd5\x36\x4a\xfc\
\x1c\x89\x5d\x5c\xa5\xb2\xa1\x63\x57\x27\x05\xb7\x3d\xdd\x90\xdd\
\x7b\xf7\xe2\x05\x1d\x49\x29\x69\x99\x6a\x5c\x9d\x33\xdf\xf7\x59\
\xab\x43\x6d\xe8\x3a\x73\x7c\xde\x35\x5b\xfe\xe2\x38\x6e\xbf\x35\
\x74\x4f\x50\xbb\x3a\x33\x8d\xf1\xc7\xba\x4d\x4e\xb8\xc1\xec\xa2\
\xf6\xe1\x19\xc9\x7d\x25\x5d\x3a\xae\xc3\x4e\xc5\xa7\xd0\xa6\x11\
\xf8\x45\x21\x83\xa8\x00\x00\x00\x00\x00\x00\x00\x00\x00\x00\x00\
\x00\x00\x00\x00\x00\x00\x00\x00\x00\x00\x00\x00\x00\x00\x00\x00\
\x00\x00\x00\x00\x00\x00\x00\x00\x00\x00\x00\x00\x00\x00\x04\x5b\
\x23\xd9\x74\xbf\x1a\x5b\xec\xaf\xc1\xb6\x3e\xd7\x0b\x20\xd7\xf1\
\xb3\xee\xed\x15\xdf\x7d\x96\x7d\xd3\xd4\xa1\x19\xcb\x77\x5d\x79\
\x1d\x58\xaf\x52\xe1\xba\x5e\xc6\x7c\xea\xab\xb3\xd6\xb4\x4b\xf7\
\xdb\xe5\x16\x52\xfd\x92\xaa\x4f\xed\x82\x2c\xa0\x22\xea\xdd\x5a\
\x73\x74\x5b\x78\xf9\x99\x9d\x4d\xdb\xdf\x84\xaa\xb2\x3f\x6e\xc5\
\x95\xc8\x91\xd2\x24\x96\x0e\x3d\xcf\xf3\x59\xb8\xd3\xf7\x76\xb1\
\x4f\xe8\x6c\xae\x86\x08\xfa\xac\x54\x75\x8d\x0e\xdf\xf3\x36\x57\
\xfb\xd4\xd8\xfe\xd8\xa2\xc2\x23\x6b\xfb\xc5\x69\xb6\x2f\xcd\xe7\
\xd1\xf5\x9b\x87\xf5\x16\x57\x20\x26\xf4\x8b\xfc\x35\xab\x7f\xa3\
\xbb\xf8\x19\xdd\x8f\xfd\xda\xaf\xd4\x5f\x61\xc3\xd2\x2f\xf0\xd6\
\xad\xfe\x8e\xef\xe0\x67\x6e\x33\xf9\x35\x5f\xa9\x1f\xb0\xb8\x25\
\x6a\x1b\xcb\xa4\x9a\x2c\x3d\x1e\xde\xcf\x84\x14\x7f\xa8\xb4\x48\
\xc8\xda\x5d\x2c\xd3\xe3\xe8\x61\xe4\x4b\xe3\x3a\x57\xfd\x96\x10\
\x11\xba\x50\xdf\xde\xe6\x6d\x6b\x9d\xd1\x8d\x2b\xf6\xe4\xa1\xfd\
\x45\x84\x47\xd7\xdc\xa5\x5e\x9f\x8f\x15\xf8\xec\xfa\x13\xf6\x46\
\x5d\xa3\xfe\x02\xc2\xe4\x4c\x19\x23\x65\x6a\x59\x2f\x3a\xcc\x0d\
\x33\x1e\xbb\xf2\x2b\x8a\x95\xd6\x5b\x37\x1a\xa9\xdf\x92\x7b\x26\
\xdc\x9f\x3e\xaa\xee\xe2\xda\xdd\x6f\x43\x3b\x2a\xbc\x0c\x0c\x8c\
\xbb\x77\xec\xe8\xae\x56\x4b\x6f\x04\x9b\x39\x34\x3c\x3b\x70\xf4\
\xba\xfc\xa5\x7c\xae\xe6\xef\xc9\x7e\x36\xcb\x8c\xbd\xcb\xe6\xaf\
\x52\x40\x72\xad\x4b\x50\xc0\xb6\xa5\xaa\xe3\xd0\xa8\xb6\x6a\xb5\
\x93\x8d\x63\x71\x84\x9b\xda\x2a\x71\x92\x4d\x26\xf8\x6e\x9b\xe2\
\xd6\xfb\x73\x2f\x11\xfa\x4d\x05\x3e\x8b\xea\xd1\x97\x2f\x24\xb5\
\xfb\x1a\x83\x69\xfc\x51\x5c\x65\x8c\x80\x00\x00\x00\x00\x00\x00\
\x00\x00\x00\x00\x00\x00\x00\x00\x00\x00\x00\x00\x00\x00\x00\x00\
\x00\x00\x00\x00\x00\x00\x00\x00\x00\x00\x00\x00\x00\x00\x00\x8d\
\xd2\x15\xd5\xc6\xc3\xbd\x3d\xbb\x1c\xec\x79\x6f\xea\x76\x28\x3f\
\xa2\x4c\xb0\xb8\x11\xfa\x52\x9f\xde\xd6\x74\xd7\x3a\xa0\xad\x5f\
\xb1\x25\x2f\xe4\x63\x5b\xc0\x8e\x5c\x2a\xb1\xe9\xcb\x3a\x50\x6d\
\x76\x6f\x21\xd7\xb2\x7d\xe9\x72\x6f\x82\xe6\x07\xd7\x49\xab\x76\
\x74\x6b\x50\x71\xf9\xd5\xd2\xed\x8f\xb6\x1e\x72\xfb\x0a\x95\xce\
\x36\x42\x33\x8b\xde\x32\x5b\xa7\xea\x22\xe9\x3a\x6c\xe1\x8b\x97\
\x4d\xd8\x11\xc4\xa2\xf8\xf5\x55\x4b\x2a\x77\x3d\x9a\x69\xef\xbf\
\x08\xf3\xe4\x8e\x8e\x8d\xdb\x2b\x7a\x3b\x82\xe7\xf8\xc8\x54\xaa\
\x9e\xfe\x94\x3c\xc9\x7d\x31\x60\x7c\xf4\x96\x5d\x4d\x19\xcf\xd0\
\xc8\xc7\x9f\xc2\xe8\x33\x1a\x96\x0e\x6c\x9d\x99\x38\x59\xd9\xb1\
\xb7\x86\xd4\x57\x6d\x71\x83\xfd\xf8\x4b\x63\x1d\x29\x5f\xfa\x6f\
\x31\xf8\x28\xbf\x84\xd3\x2c\xa1\x83\xcb\xdd\x0d\x4d\x74\x6f\x59\
\x8e\xa2\xae\x6d\xe3\x59\xd5\x95\xb7\x57\x37\xf3\x1e\xe9\x28\x42\
\x29\x2f\x8b\xe2\x7a\x0c\x27\xd6\xc1\xa1\xf8\xd7\x1f\xb1\x1a\xf5\
\x78\xf6\x9a\x36\x74\x3d\x2c\x7b\x17\xd5\x66\x34\x89\xf6\x9a\x2e\
\x0c\xfd\x2c\x7a\xdf\xd5\x45\xc1\xc3\x29\x46\x1d\x2d\xba\xd9\xb4\
\xa1\x46\x9c\x9c\x9b\xee\x52\xb2\x4f\xfa\x0d\xd5\xf4\x97\x44\xb3\
\x65\x1d\x5f\x0b\x77\xc9\x4a\xf8\xa7\xf4\xb3\x5e\x07\xe1\x7a\x4f\
\xab\xcf\xba\x15\xe3\xd2\xbd\xca\x53\xfe\xb4\x7c\xd9\xa1\xe5\x4a\
\xb9\x57\x0d\x6b\x33\xb3\x7b\xfe\x0e\xea\xea\xb9\x2f\x56\xf2\x86\
\xed\x7b\x58\xe0\xce\x74\xd5\xfa\xf6\x89\x08\x35\x28\x27\x76\x46\
\xe9\xee\x9a\x55\xf5\x53\xff\x00\x70\xb6\x88\x18\xf0\x70\xe9\x35\
\x14\x6e\x9a\xc5\xd3\xba\xbb\xa8\xa8\xad\xe7\x62\x5c\x97\x05\xf8\
\xbe\x45\xf1\x22\x2f\x48\x17\x6f\x56\x16\x06\xc9\xac\xbc\xba\xe1\
\x25\xfa\x11\xde\xc9\x7c\x54\x36\xf7\x96\x51\x1a\xdf\x94\xf4\xb7\
\x1e\x1d\x5d\xe3\x89\x89\x3b\x1f\xeb\x59\x25\x18\xfd\x10\x9f\xc4\
\xe1\xd4\x34\xed\x4a\x8c\xd7\x7e\x15\xd9\xf6\x63\xcf\x8c\xa1\x4e\
\x62\xed\x21\x2d\xde\xfb\x46\xd4\xe0\xd7\x2e\x1b\xad\xbd\x60\x77\
\xf4\xa3\xad\x3e\x8e\xe5\x63\xc7\xe7\x64\xf5\x71\x97\xb6\xc9\x28\
\x7f\x51\x65\x1e\x7f\x39\xd9\x7e\x6e\x87\x87\x67\x69\x29\x3b\x1e\
\x4d\xae\x69\x29\x35\x5c\x3b\xd2\xe1\xbf\x5e\x70\xe5\xc0\xf4\x08\
\x98\x00\x00\x00\x00\x00\x00\x00\x00\x00\x00\x00\x00\x00\x00\x00\
\x00\x00\x00\x00\x00\x00\x00\x00\x00\x00\x00\x00\x00\x00\x00\x00\
\x00\x00\x00\x00\x00\x00\x00\x27\x6b\x95\xf6\xda\x06\xa3\x52\xe7\
\x3c\x5b\x63\xf1\x83\x37\x69\xd7\x79\x46\x9b\x8b\x7f\xfe\x4a\x61\
\x3f\x8c\x53\x37\xdb\x05\x6d\x73\x83\xe5\x28\xb8\xfc\x49\xbd\x1a\
\x9f\x5f\xa3\x1a\x54\xbb\xfc\x92\xa4\xfd\xaa\x29\x0c\x15\x48\xda\
\x36\xf8\xfa\x86\xad\x80\xdb\xfc\x1e\x47\x94\x56\x9f\xa1\x6a\xeb\
\x7f\x1a\xb0\xb2\x44\xd4\x7e\x41\xad\x61\x6a\x5f\x9a\xb7\xe4\x79\
\x0f\xc1\x49\xef\x5c\x9f\xb2\x5e\x6f\xed\x88\x1f\x5d\x29\xff\x00\
\x0e\x65\xaf\x49\x46\x3f\x19\xc5\x16\x51\x1b\xa4\x2d\x4f\x0f\x17\
\x1b\x6d\xde\x46\x65\x10\x4b\xd4\xac\x53\x97\xd5\x83\x2b\x4a\x71\
\x84\x5c\xa7\x25\x15\xe3\x27\xb1\x70\x2d\xad\x59\x54\xe0\xf9\x4a\
\x2e\x3f\x12\x6f\x46\xe7\xd7\xe8\xc6\x97\x2e\xff\x00\x24\xa9\x3f\
\x6a\x8a\x4f\xec\x28\x55\x7d\x37\x6f\xd9\x5b\x0b\x3a\xbc\xfa\x92\
\x4f\x6f\x81\x17\x46\xc9\xab\x4e\xe8\xfe\x57\x6b\x2d\xa1\xa7\xdb\
\x91\x19\xfa\xa3\x19\xca\x4b\xea\xb8\x90\x6f\xd0\xf7\xb6\xcd\x53\
\x25\xaf\xc7\x67\x58\x93\xf5\x41\x46\xbf\xe8\x65\x82\x67\x47\xf1\
\xac\xc4\xd0\xb0\xeb\xb9\x35\x73\xaf\xb4\xb5\x3e\xe9\xc9\xb9\x4b\
\xe9\x93\x29\x89\xf4\x47\xc4\x97\x5f\xa5\x7a\x9b\xf4\x31\xb1\xa0\
\xbe\x36\xcb\xf9\x96\x19\x17\x4c\x7d\x6e\x91\xeb\x6f\xc1\xd1\x1f\
\xf6\xf7\xfe\x65\x0d\x43\x32\x1a\x7e\x9d\x93\x99\x67\x18\x51\x5c\
\xac\x6b\xc7\x65\xbe\xc5\x1c\x1a\x3a\xed\xf5\x1d\x5b\x37\x8e\xd3\
\xc8\x54\x41\xbf\x46\xb8\xa8\xbf\xae\xe6\x59\x22\x61\xf6\xba\x1e\
\x83\x87\x5d\x98\xd9\x19\x17\x75\x77\xb9\x51\x15\x26\xa7\x2d\xe5\
\x39\x35\xba\xe1\xd6\x6f\x97\x89\xd7\x83\xab\x62\xe7\xca\xca\xaa\
\x76\xc2\xea\xd2\x73\xa6\xda\xa5\x5c\xe2\x9f\x27\xb4\x92\xe1\xeb\
\x5c\x04\x8e\x6c\x6f\x94\xf4\xaf\x36\xde\x3d\x5c\x4c\x7a\xe8\x8f\
\xeb\x4d\xb9\xcb\xe8\x55\x96\x88\xbd\x1d\x7d\xb6\x1e\x4e\x6e\xed\
\xf9\x5e\x55\xb6\xa7\xfa\x2a\x5d\x48\x7d\x58\x44\xb4\x24\x00\x04\
\x00\x00\x00\x00\x00\x00\x00\x00\x00\x00\x00\x00\x00\x00\x00\x00\
\x00\x00\x00\x00\x00\x00\x00\x00\x00\x00\x00\x00\x00\x00\x18\xdc\
\xe7\x9e\x6e\x2d\x56\xf6\x76\x64\xd3\x09\xfa\x32\xb1\x27\xf0\x3c\
\xdd\x5a\x85\x3d\x21\xd5\xb2\x30\xac\xcf\x74\x51\x4d\x96\x54\xb1\
\x6b\xb1\xc2\xdc\x87\x09\x38\xc9\xca\x4b\x67\xd5\x4d\x7c\xd8\xbe\
\x5c\x64\xf8\xec\x5a\xaf\x40\xd1\xeb\xad\xd7\x0d\x2b\x09\x47\xbd\
\x79\x3c\x78\xfb\x78\x71\x2d\x57\xa2\x92\x69\xf2\x32\x43\x97\x47\
\xeb\xc6\x6e\xcd\x26\xe9\xe9\xd6\xef\xbf\x56\xaf\x3a\x99\x7e\xb5\
\x4f\x87\xee\xec\xfd\x67\xde\x0e\xa9\x64\xb2\x96\x06\xa3\x52\xc7\
\xce\xd9\xca\x2b\xad\xbd\x77\xc5\x73\x95\x72\xef\xf5\xc5\xf1\x5e\
\xcd\x99\x05\x90\x00\x18\x67\x9e\xd0\x7c\xb2\x5d\x15\xc2\x86\x14\
\xe8\x85\xb1\x4e\x1b\xdd\x09\x4a\x3b\x29\x49\x72\x4d\x78\x78\x9e\
\x84\x8d\xd1\x85\xb6\x87\x5c\x7d\x1b\xaf\x8f\xc2\xe9\xa1\x82\x6d\
\xd9\xfd\x23\x95\xd3\xa3\x0d\x55\x7d\x91\x6e\x2e\x4f\x4e\x9d\x35\
\x27\xbe\xdf\x3e\x76\xf1\x5f\xaa\x99\x53\x0f\x07\x3f\x27\x4c\xbb\
\x1b\x5f\xbb\x13\x2e\x57\xa7\x19\xc3\x1e\x99\x57\x05\x16\xb6\xdb\
\x8c\x9b\x7e\xde\x05\x7d\x8c\x96\xc4\x4c\x4d\x1b\x22\xac\xba\x6e\
\xcb\xd4\xad\xcc\x58\xca\x4b\x1a\x33\x82\x8b\x8b\x6b\x6e\xb4\xda\
\xf9\xf2\xdb\x75\xbe\xcb\x83\x7c\x37\x7b\x9c\xd9\x5d\x0a\xd1\xb2\
\xb3\x27\x9b\xd9\x59\x5e\x4c\xdb\x94\xac\x53\xeb\xa7\xfb\x13\xeb\
\x47\xe8\x3d\x20\x25\xc8\x81\xa7\xe8\xd9\xba\x5d\xff\x00\x27\xc8\
\xc2\x95\x12\x92\xed\x13\xc2\x8d\x76\x38\xaf\xd2\x83\x49\xbf\x6c\
\x4f\xac\xbd\x05\x65\x66\x59\x6b\xca\xb6\x18\xb7\xca\x13\xc9\xc6\
\x49\x38\xdb\x28\xed\xb3\xdf\x9a\x4f\x68\xa6\x97\x34\x97\xaf\x7b\
\xa0\xb6\x3c\xd6\xa9\x66\xbd\x4e\x75\xb3\xc4\x8d\xf2\xc6\x49\x35\
\xd4\xaa\xab\x36\xe1\xc7\xcd\x73\x8c\x9f\xc7\x7f\x03\x5e\x17\x49\
\x2e\x9d\xae\xbb\xa1\x56\x5c\x53\xda\x53\xc3\x52\x56\xd7\xc7\xf3\
\x94\x4b\xcf\x8f\xbb\xad\xec\x3d\x4e\xc7\x26\x46\x9f\x89\x97\x6d\
\x76\x64\x62\xd3\x6c\xeb\x6a\x55\xca\x75\xa6\xe0\xd3\xdd\x34\xf9\
\xa1\x62\x7e\x9d\xe6\xf4\x93\x5a\x8f\x8f\x61\x3f\xa8\xd7\xf4\x98\
\xd6\x1f\x96\xe7\x60\x69\x51\x7b\xc6\xc9\xf9\x45\xeb\xc2\xaa\xda\
\x7b\x3f\x6c\xfa\x8b\xd9\xd6\x34\xe6\xe6\xd5\xa3\xf4\x86\xcc\x9c\
\x85\x35\x4e\x5e\x2c\x21\x19\x42\x12\x9b\x95\x95\xca\x5e\x6a\x49\
\x3d\xe4\xd4\xf8\x2e\xfd\x99\xbb\x4d\xa6\x74\xc3\x2b\x57\xd4\xf6\
\xa2\xfb\xd2\x72\x52\x92\xdb\x1e\x98\xef\xd5\x83\x7c\xb8\x6e\xe5\
\x2e\xed\xdb\xee\x48\x7d\x1d\xb9\xb8\x15\x6a\x14\x28\x59\x2b\xab\
\x71\x97\x5a\x13\xa6\xc7\x09\xc2\x5c\x78\xa6\xbd\xbc\x9f\x0f\x14\
\x72\x65\x3c\x9d\x1b\x44\xcf\xca\xb3\x3e\xec\xb9\x55\x4c\xe7\x5b\
\xba\x10\x4d\x35\x17\xb2\xf3\x62\xb7\xdd\xec\x55\xaa\xda\xee\xae\
\x36\x55\x38\xce\x12\x5b\xc6\x51\x7b\xa6\xbc\x53\x25\x74\x8f\x6b\
\x30\x71\xf1\x1a\xdf\xca\xb2\xe8\xa9\xaf\x18\xf5\xd4\xa5\xf5\x62\
\xc4\x0e\xdd\x2f\x13\xc8\x34\xac\x4c\x3f\xfc\x14\xc2\xbe\x1d\xfb\
\x45\x23\xb4\xc2\xe4\x64\x80\x00\x00\x00\x00\x00\x00\x00\x00\x00\
\x00\x00\x00\x00\x00\x00\x00\x00\x00\x00\x00\x00\x00\x00\x00\x00\
\x00\x00\x00\x00\x00\x00\x03\xca\x6b\x18\x14\x61\xdf\x65\xd9\x11\
\x97\xdc\xcc\x89\xab\x6e\x9c\x1e\xd3\xc3\xb9\x70\x57\xc5\xae\x31\
\x4f\xf2\x9a\xe4\xf8\xbe\x0e\x45\x1d\x2b\x37\x23\xca\x2d\xd3\xb3\
\xa7\x19\xe5\x53\x15\x3a\xee\x8a\x49\x64\x54\xf8\x29\xa4\xb8\x26\
\x9f\x09\x25\xc3\x7d\x9f\x04\xd1\x61\xc5\x49\x34\xd2\x69\xf3\x4c\
\xf3\x13\xd2\xae\xd1\x75\x3a\xb3\xf0\xaa\xb7\x2b\x06\x9a\xe7\x05\
\x87\x17\xe7\x63\xa9\x34\xe4\xea\xf4\x97\x9a\xbc\xc6\xf8\x7e\x4f\
\xa2\x5f\x47\xa9\x27\xea\x3a\x7d\x3a\x9e\x2b\xa6\xde\xb4\x5a\x92\
\x9d\x76\x41\xed\x3a\xa6\xb9\x4e\x2f\xb9\xaf\xfe\x9f\x06\xd1\xb3\
\x0b\x3f\x17\x50\xc6\x59\x18\xb7\x46\xda\xdb\xdb\x78\xf7\x35\xcd\
\x35\xcd\x35\xde\x9f\x14\x76\x10\x49\xd2\x33\x6f\xba\x37\x62\xe6\
\x38\xf9\x66\x24\xd5\x77\x38\x70\x8c\xf7\x49\xc6\x69\x77\x29\x27\
\xcb\xb9\xee\xb8\xed\xb9\x58\x93\xa9\xe8\xf4\x67\xc9\x5f\x5f\xc9\
\xf3\xe1\xf8\x9c\xba\xe3\xe7\xc1\xae\x49\xfa\x51\xf1\x8b\xe0\xd3\
\x67\xd6\x95\xa8\x4f\x36\xbb\x29\xc8\x82\xa7\x3b\x1e\x4a\x19\x15\
\x27\xba\x4f\xba\x51\xf1\x8c\x97\x14\xfd\xcf\x8a\x68\x0a\x64\x8e\
\x8e\x6c\xb4\xa9\x2f\x0c\xbc\x95\xfe\xfd\x85\x73\xcb\xe9\x3a\x4c\
\xb2\xb1\x6f\xba\x3a\x96\x7d\x0e\x59\x99\x5e\x6d\x37\x25\x05\xf8\
\x79\xf2\x4d\x32\xe0\xf5\x3b\x82\x34\xb4\xbd\x4e\xb4\x9e\x3e\xbf\
\x92\xda\xee\xc9\xa2\xab\x23\xef\xea\xc6\x2f\xe9\x38\x72\xb5\xbd\
\x6b\x45\x5d\xa6\xa3\xa3\xf9\x6e\x22\xf9\xd9\x3a\x74\xb7\x94\x17\
\x8c\xaa\x96\xcf\x6f\xd5\x72\x25\x58\xf4\xe0\x93\xa6\xf4\x83\x4d\
\xd5\x5c\x63\x8d\x92\xbb\x59\x45\x4d\x55\x62\x70\x9b\x8f\x8a\x4f\
\x9a\xf5\xad\xd7\xac\xad\xb8\x00\x00\x00\x00\x18\xd8\x9f\x9d\xa6\
\x2c\xd9\xc6\xc5\x97\x99\x8f\x64\x56\xc9\xe3\xde\xe2\xbd\xae\x3c\
\x62\xfd\xe9\x94\x40\x1e\x4b\x13\x45\xcd\xc2\xd4\x23\x5c\x2b\xb2\
\xa8\xb9\xf5\xa5\x97\x83\x6c\x6a\x84\xd7\xff\x00\x25\x0f\x78\xf5\
\xbc\x5c\x57\x1d\xf7\xe1\xc8\xa9\xa8\xf5\xad\xe9\x06\x8f\x42\xe2\
\xa1\x2b\xb2\x1f\xec\xc3\xa8\xbe\x9b\x4b\x24\x65\xd6\xb7\xa6\x2f\
\xc2\x8c\x0f\xe3\xb3\xff\x00\xcc\xb6\x2c\x23\x20\x10\x00\x00\x00\
\x00\x00\x00\x00\x00\x00\x00\x00\x00\x00\x00\x00\x00\x00\x00\x00\
\x00\x00\x00\x00\x00\x00\x00\x00\x00\x00\x00\x00\x00\x0c\x19\x00\
\x41\xc9\x8c\x74\xde\x91\xe3\x66\x45\x28\x53\x9e\xbc\x9a\xfd\xb8\
\x27\x6a\x5b\xd7\x27\xeb\xd9\x4a\x3b\xf7\xef\x15\xe0\x5d\x47\x26\
\xa1\x85\x4e\xa3\x83\x6e\x25\xea\x4e\xbb\x63\xb3\x71\x7b\x34\xf9\
\xa6\x9f\x73\x4f\x66\x9f\x73\x48\xe5\xd1\xb3\x2e\xba\xbb\x71\x73\
\x5a\xf2\xec\x49\x2a\xee\x69\x6c\xa6\xb9\xc6\xc4\xbc\x24\xb8\xfa\
\x9f\x59\x77\x14\x56\x22\xea\xf8\xb7\x57\x65\x7a\xae\x15\x6e\x79\
\x78\xd1\x6a\x75\x47\x9e\x45\x5c\xe5\x5f\xb7\xbe\x3e\xbe\x1c\x9b\
\x2d\x18\x20\x9d\x2d\x5f\x06\x1a\x5d\x7a\x8b\xc9\x8f\x93\x59\x14\
\xe1\x35\xbb\xeb\xef\xc9\x25\xcd\xb7\xe0\xb8\xef\xc0\x9d\xd1\xac\
\x7d\x52\x18\xf3\xbb\x39\x79\x3d\x73\x9d\xb2\xab\x17\x83\x92\x53\
\xb6\x53\xeb\xcd\xf7\x4b\x66\x97\x55\x3e\x1c\x77\x6d\xbe\x1d\x57\
\xf4\x67\x46\xc8\xc9\xf2\x89\xe9\xd5\x46\xfe\xbb\x9f\x6b\x5e\xf0\
\x9a\x93\xe6\xd4\xa2\xd3\x4d\xef\xc7\x6e\x7d\xe2\x3d\x19\xd2\x7a\
\xf1\x95\x98\xd2\xbb\xaa\xf7\x4a\xfb\xac\xb5\x27\xec\x94\x9a\x2f\
\x28\x59\x31\xb0\x32\x41\xe5\x35\x3d\x37\x1b\x4e\xb2\x76\xdf\x8f\
\x1b\x74\x7b\x27\xd7\xba\x3b\x6c\xf0\xec\x7f\x9e\xad\xae\x31\x4d\
\xf1\x96\xdb\x6c\xfc\xe5\xf9\x47\x5c\x6d\xd4\x74\x64\xbb\x77\x66\
\xa1\xa7\xad\xb6\xbe\x11\xde\xfa\x97\xe9\x45\x7e\x31\x7e\x94\x7c\
\xef\x14\xf8\xb2\xec\xa2\xa7\x17\x19\x24\xd3\x5b\x34\xfb\xc8\x9a\
\x53\x7a\x5e\x7d\x9a\x24\xdb\x74\x28\xf6\xd8\x2d\xbd\xff\x00\x05\
\xba\x52\xaf\xf6\x1b\x5b\x7e\x8c\xa3\xe0\xcb\x62\xbe\x36\x55\x19\
\xb8\xd0\xc8\xc6\xb6\x16\xd3\x62\xde\x13\x84\xb7\x52\x5e\xa6\x6f\
\x21\x65\x69\x77\x62\xe4\xcf\x50\xd2\x25\x1a\xb2\x24\xfa\xd7\x63\
\xcb\x85\x59\x3e\x3b\xfa\x33\xfd\x35\xef\x4d\x1d\x9a\x6e\xa7\x4e\
\xa3\x5c\xbb\x35\x3a\xee\xaa\x5d\x4b\xa8\xb1\x6d\x3a\xa5\xe8\xc9\
\x7d\x8d\x70\x6b\x8a\x6d\x10\x51\x00\xe2\xc7\xce\x86\x56\x5e\x5d\
\x10\x84\xfe\x4d\x38\xd7\x29\xbd\xb6\x72\x71\x52\xd9\x7b\x13\x5b\
\xfb\x40\xed\x00\x00\x22\xe0\x37\x67\x49\xb5\x89\xf7\x42\x18\xf5\
\x7c\x23\x29\x7f\x59\x65\x92\x34\x94\x9e\xa7\xae\x4f\xc7\x32\x31\
\xf8\x51\x51\x45\x80\x01\x00\x00\x00\x00\x00\x00\x00\x00\x00\x00\
\x00\x00\x00\x00\x00\x00\x00\x00\x00\x00\x00\x00\x00\x00\x00\x00\
\x00\x00\x00\x00\x00\x00\x00\x00\x00\x85\xac\x27\xa7\xe6\xe3\x6b\
\x30\xe1\x1a\xda\xa3\x2b\xd7\x4c\x9f\x09\x3f\xd4\x93\x4f\xd8\xe7\
\xe2\x5d\x39\xb3\x71\x2b\xcd\xc1\xbf\x16\xd5\xe6\x5d\x5c\xab\x97\
\xb1\xa6\xbf\x98\x81\xd0\x8c\x93\x34\x0c\xa9\xe6\x68\x18\x17\xda\
\xdb\xb6\x54\x47\xb4\x6f\xd3\x4b\x69\x7d\x29\x94\xc0\x00\x00\x00\
\x00\x11\x3a\x43\xb6\x3e\x36\x36\xa4\x9e\xd3\xc1\xbe\x16\x36\x97\
\xe6\xdb\xea\x58\xbf\x76\x4d\xfb\x52\x2d\x9c\x5a\xa6\x2f\x96\xe9\
\x39\x98\x8b\x9d\xf4\x4e\xb5\xef\x8b\x42\x3d\x1d\x88\x9f\x7e\x9f\
\x55\x9a\x95\x1a\x85\x72\x95\x59\x15\x2e\xa4\xa5\x0f\xce\xd7\xc7\
\xcc\x92\xef\x49\xf1\x5d\xe9\xf2\xe6\xd3\xfb\xd2\x32\x9e\x76\x8f\
\x85\x96\xdf\x9d\x75\x10\x9b\xf6\xb8\xa6\xce\xe0\x31\xdc\x47\xe8\
\xde\xd6\x69\x4f\x29\x27\xf2\xbc\x8b\xb2\x13\x7d\xf1\x94\xe5\xd5\
\x7f\xbb\xd5\x33\xd2\x0b\x6c\x78\x30\xc1\xa2\x4e\x37\xe7\x58\xb1\
\xa1\x28\xf3\x8a\x69\xb9\xcb\xda\xa0\xa4\xd7\xaf\x62\x95\x34\xc3\
\x1e\x8a\xe9\xaa\x0a\x15\xd7\x15\x18\x45\x72\x49\x2d\x92\x18\x37\
\x00\x00\xc3\xe4\x47\xd1\x3f\xbc\xeb\x2f\xc7\x3e\x5f\xf1\xd6\x8b\
\x0f\x93\x23\xe8\x9c\x32\xb5\x98\xf8\x67\xcb\xe9\xae\xb7\xfc\xca\
\x2c\x80\x08\x00\x00\x00\x00\x00\x00\x00\x00\x00\x00\x00\x00\x00\
\x00\x00\x00\x00\x00\x00\x00\x00\x00\x00\x00\x00\x00\x00\x00\x00\
\x00\x00\x00\x00\x00\x06\x19\x90\x04\x6e\x8e\x75\x61\xa7\x5d\x8e\
\xb9\xd1\x97\x91\x5b\x5e\x0b\xb5\x93\x5f\x43\x45\x93\xcf\xe5\x4a\
\x7a\x1e\xa1\x7e\xa1\xd5\x72\xd3\xb2\x5a\x96\x56\xcb\x77\x44\xd2\
\x51\xed\x36\xef\x8b\x49\x29\x78\x6c\x9f\x2d\xda\xbb\x09\xc6\xc8\
\x29\xc2\x4a\x51\x92\xdd\x34\xf7\x4d\x16\x47\xd8\x00\x80\x00\x00\
\x61\x99\x30\xc0\x8d\xd1\xad\xab\xd3\x2c\xc5\x5f\xfb\x5c\x9b\xe9\
\xdb\xc1\x2b\x24\xe3\xf5\x5c\x4b\x24\x6d\x29\xf6\x7a\xde\xb5\x8f\
\xb6\xc9\xdd\x5d\xeb\xf6\xab\x8a\xfb\x60\xcf\xbd\x6b\x32\xea\x68\
\xaf\x17\x0e\x4b\xcb\xb2\xe5\xd9\x50\xf9\xf5\x38\x79\xd6\x35\xe1\
\x15\xbb\xf6\xec\xbb\xc6\x8d\x38\xdf\xda\x9d\x21\xbb\x33\x9e\x36\
\x0a\x96\x35\x1e\x12\xb1\xed\xda\xcb\xdd\xb2\x82\xf5\xa9\x97\x4e\
\x3c\x0c\x3a\x74\xfc\x2a\x71\x68\x5b\x57\x54\x54\x63\xbf\x16\xfd\
\x6d\xf7\xb7\xcd\xbe\xf6\x76\x00\x00\x00\x24\x69\x5c\x35\x4d\x76\
\x3d\xde\x59\x07\xf1\xa2\xa2\xb3\xe4\x47\xd0\xe5\xda\x64\x6b\x17\
\x77\x4f\x3e\x69\x3f\xd5\x84\x21\xf6\xc5\x81\x64\x00\x00\x00\x00\
\x00\x00\x00\x00\x00\x00\x00\x00\x00\x00\x00\x00\x00\x00\x00\x00\
\x00\x00\x00\x00\x00\x00\x00\x00\x00\x00\x00\x00\x00\x00\x00\x00\
\x00\x06\x1a\xdd\x10\x29\x5f\x7b\xf9\xf5\xe2\xf2\xd2\xb2\x67\xd5\
\xa3\xc3\x1a\xd7\xca\xbf\x54\x25\xf9\x3e\x0f\xcd\xe4\xe2\x97\xa0\
\x39\x33\xb0\xe9\xcf\xc3\xb7\x16\xf8\x75\xea\xb2\x2e\x32\x5e\xaf\
\x57\x83\xf0\x7d\xc0\x75\x23\x24\x8d\x13\x2a\xeb\x29\xb3\x0f\x32\
\x7d\x6c\xcc\x39\xf6\x56\xcb\x97\x68\xb6\xde\x36\x7e\xd4\x76\x7e\
\xde\xb2\xee\x2b\x80\x00\x00\x00\xc0\x12\x31\xf8\x74\xb3\x3d\x25\
\xc2\x58\x58\xee\x5e\xde\xbd\xc7\x54\x30\x2b\x8e\xab\x66\x7c\xa5\
\x39\xdb\x2a\xd5\x50\x52\xe5\x5c\x77\xdd\xa8\xfb\x5e\xcd\xfb\x17\
\x81\xc5\xa3\x7c\xa7\x33\x54\xd4\x3f\x26\xeb\xfb\x1a\x9e\xfc\xe1\
\x52\xea\xef\xfb\xfd\xa3\x2d\x96\x40\x00\x40\x00\x01\xaa\xdb\x61\
\x4d\x53\xb6\x72\x51\x84\x13\x94\xa4\xfb\x92\xe2\xc9\xbd\x1c\xae\
\x71\xd0\x31\x6c\xb5\x6d\x66\x42\x96\x4c\xd7\x83\xb2\x4e\x6d\x7d\
\x6d\x8f\x8e\x90\xb7\x76\x15\x5a\x64\x1b\xed\x35\x0b\x16\x3f\x07\
\xc5\x57\xce\xc7\xfb\x8a\x5e\xf6\x8a\xf1\x4a\x31\x49\x24\x92\xe0\
\x92\xee\x18\x3e\xc0\x00\x00\x00\x00\x00\x00\x00\x00\x00\x00\x00\
\x00\x00\x00\x00\x00\x00\x00\x00\x00\x00\x00\x00\x00\x00\x00\x00\
\x00\x00\x00\x00\x00\x00\x00\x00\x00\x00\x00\x00\x44\xce\x5e\x45\
\xd2\x2c\x0c\xc4\xf6\x86\x52\x78\x77\x71\xe6\xf6\x73\xad\xfb\x9a\
\x9a\xfd\xb2\xd2\x27\xeb\x38\x76\x67\x69\xb6\x57\x4c\x94\x32\x22\
\xe3\x6d\x13\x97\x28\xd9\x19\x29\x47\x7f\x56\xe9\x6f\xea\xdc\xc6\
\x97\xa9\x55\xa8\xe3\xb9\xa8\xba\xaf\xad\xf5\x2f\xa2\x7f\x3e\x99\
\xf7\xc6\x5f\xc9\xf2\x6b\x66\xb8\x32\x8a\x40\x02\x01\xa6\xf8\x59\
\x3a\x2c\x85\x56\x76\x76\x4a\x2d\x46\x7b\x6f\xd5\x7b\x70\x7b\x77\
\xec\x6e\x00\x71\xe9\xf8\x75\x69\xda\x7e\x3e\x1d\x3b\xf6\x74\xd6\
\xa1\x16\xf9\xbd\x97\x37\xeb\x7c\xce\xc0\x00\x00\x00\x18\x07\x9f\
\xce\xba\x7a\xd6\x55\xba\x56\x1c\xa4\xb1\xa0\xfa\xb9\xd9\x31\x7b\
\x6c\xbb\xe9\x83\xf4\x9f\xe5\x35\xf3\x57\xad\xad\x83\xef\x4c\x6f\
\x54\xd4\xed\xd6\x1f\x1c\x78\xc5\xe3\xe1\x7a\xe1\xbf\x9f\x62\xfd\
\x69\x24\x97\xe8\xc5\x3e\xf2\xf1\xaa\xaa\xa1\x4d\x71\xae\xb8\x46\
\x10\x82\x51\x8c\x62\xb6\x49\x2e\x49\x23\x68\x00\x00\x00\x00\x00\
\x00\x00\x00\x00\x00\x00\x00\x00\x00\x00\x00\x00\x00\x00\x00\x00\
\x00\x00\x00\x00\x00\x00\x00\x00\x00\x00\x00\x00\x00\x00\x00\x00\
\x00\x00\x00\x02\x56\x7e\x91\x4e\x66\x42\xc9\xae\x76\xe2\xe6\xc6\
\x3d\x58\xe4\xd0\xd2\x96\xde\x8c\x93\x4d\x4e\x3e\xa9\x26\xbc\x36\
\x65\x50\x07\x9c\xfb\xa9\xac\x60\xea\x35\xe0\x64\xe0\xc3\x3f\xaf\
\x54\xad\x8d\xd8\xb2\x55\xca\x4a\x2e\x29\xef\x09\xbd\xb7\xf3\x93\
\xe1\x2f\x71\xd5\xf7\xcb\xa7\xd6\xa3\xe5\x7e\x51\x84\xdf\x76\x56\
\x3c\xeb\x4b\xf6\xb6\xea\xfd\x23\x55\x8a\xaf\x5a\xd1\x32\x37\xdb\
\x7b\xec\xa1\xfb\x25\x54\x9f\xdb\x08\x96\x12\x03\x93\x1b\x54\xc0\
\xcd\x7b\x62\xe7\x63\x5e\xfc\x2a\xb6\x32\xfb\x19\xbe\xcb\x61\x4d\
\x72\xb2\xc9\x46\x10\x8a\xde\x52\x93\xd9\x25\xeb\x67\x2e\x4e\x91\
\xa6\xe6\xb6\xf2\xb4\xfc\x5b\x9b\xef\xb2\x98\xb7\xf1\x68\xe5\xaf\
\xa3\x1a\x35\x73\x52\xfb\x9d\x4c\x9c\x78\xc7\xb4\x4e\x69\x7b\x14\
\xb7\x48\x70\x63\xef\x93\x0e\xd5\xbe\x25\x39\xb9\x8b\xba\x78\xd8\
\xd3\x94\x1f\xb2\x6d\x28\xbf\x73\x1f\x7c\x58\xf5\xf1\xca\xc5\xcf\
\xc4\x87\xa7\x76\x34\xba\xbe\xf9\x47\x74\xbd\xe5\x9d\x90\xd8\x70\
\x4c\x8f\x48\xb4\x49\xc7\x78\xeb\x18\x0d\x7f\xa9\x82\xfe\x66\xa9\
\xf4\x97\x4a\x6d\xd7\x8f\x93\xe5\x76\x6d\xc2\x18\x70\x77\x3f\xaa\
\x9a\x5e\xf2\x9c\xf1\xe9\xb1\xf5\xa7\x55\x72\x7e\x32\x8a\x66\xc5\
\x15\x15\xb2\x49\x25\xdc\x87\x07\x96\x96\x4e\xa7\xaa\xea\xf5\x69\
\xd6\x46\x7a\x76\x24\xa8\x95\xd6\x75\x6c\x4f\x22\x51\x52\x51\x8c\
\x5b\x5b\xaa\xd3\xdd\xf2\x6e\x5e\x6f\x34\xcf\x47\x89\x89\x46\x0e\
\x2d\x78\xd8\xd5\x46\xaa\x6b\x5b\x42\x10\x5b\x24\x89\xb8\x72\xed\
\x7a\x53\xaa\x4f\x6f\xc5\xd3\x8f\x4a\x7e\x1f\x3e\x6f\xf8\x91\x68\
\xb2\x00\x02\x00\x00\x00\x00\x00\x00\x00\x00\x00\x00\x00\x00\x00\
\x00\x00\x00\x00\x00\x00\x00\x00\x00\x00\x00\x00\x00\x00\x00\x00\
\x00\x00\x00\x00\x00\x00\x00\x00\x00\x00\x00\x00\x00\x08\xbd\x20\
\xf3\x7e\xe6\x4f\xd1\xd4\x29\xfa\x77\x8f\xf3\x2c\xae\x44\x6e\x90\
\x71\xfb\x99\x1f\x4b\x50\xa7\xe8\x6d\xff\x00\x22\xca\xe4\x30\x64\
\x00\x00\x00\x00\x00\x04\x7d\x2d\x7f\x6c\x6b\xb2\xff\x00\x33\x5c\
\x7f\xd8\xaf\xfe\xcb\x04\x7d\x29\xff\x00\x6c\x6b\xab\xfc\xd5\x6f\
\xfd\x8a\xff\x00\xe8\xb0\x24\x00\x00\x00\x00\x00\x00\x00\x00\x00\
\x00\x00\x00\x00\x00\x00\x00\x00\x00\x00\x00\x00\x00\x00\x00\x00\
\x00\x00\x00\x00\x00\x00\x00\x00\x00\x00\x00\x00\x00\x00\x00\x00\
\x00\x00\x00\x46\xd5\xf6\x9e\xa7\xa2\x52\xfb\xf3\x25\x3f\xdd\xa6\
\xc7\xf6\xb4\x58\x44\x7c\xd8\xf6\x9d\x27\xd2\xa3\xdd\x0a\x72\x2d\
\xff\x00\x8e\x3f\xd6\xcb\x20\x00\x00\x00\x00\x00\x00\x44\xd3\x38\
\x74\x8b\x5b\x8f\x8c\xe8\x97\xfb\x69\x7f\x22\xd9\x17\x01\x75\x7a\
\x51\xab\xaf\x1a\xb1\xa5\xf4\x4d\x7f\x22\xd1\x40\x00\x40\x00\x00\
\x00\x00\x00\x00\x00\x00\x00\x00\x00\x00\x00\x00\x00\x00\x00\x00\
\x00\x00\x00\x00\x00\x00\x00\x00\x00\x00\x00\x00\x00\x00\x00\x01\
\x80\x00\x03\x20\x00\x00\x00\x00\x01\x1e\xef\xf1\x7e\x1f\xfa\x0b\
\xff\x00\xe4\xa8\xb0\x01\x64\x00\x04\x00\x00\x01\xdc\x00\x11\xf0\
\xff\x00\xc5\x5a\xaf\xfa\x6c\x6f\xb6\xd2\xc2\x00\x48\x00\x00\x00\
\x00\x00\x00\x00\x00\x00\x00\x00\x00\x00\x00\x00\x00\x00\x00\x00\
\x00\x00\x00\xff\xd9\
\x00\x00\xa9\xa5\
\xff\
\xd8\xff\xe0\x00\x10\x4a\x46\x49\x46\x00\x01\x01\x01\x00\x48\x00\
\x48\x00\x00\xff\xdb\x00\x43\x00\x03\x02\x02\x03\x02\x02\x03\x03\
\x03\x03\x04\x03\x03\x04\x05\x08\x05\x05\x04\x04\x05\x0a\x07\x07\
\x06\x08\x0c\x0a\x0c\x0c\x0b\x0a\x0b\x0b\x0d\x0e\x12\x10\x0d\x0e\
\x11\x0e\x0b\x0b\x10\x16\x10\x11\x13\x14\x15\x15\x15\x0c\x0f\x17\
\x18\x16\x14\x18\x12\x14\x15\x14\xff\xdb\x00\x43\x01\x03\x04\x04\
\x05\x04\x05\x09\x05\x05\x09\x14\x0d\x0b\x0d\x14\x14\x14\x14\x14\
\x14\x14\x14\x14\x14\x14\x14\x14\x14\x14\x14\x14\x14\x14\x14\x14\
\x14\x14\x14\x14\x14\x14\x14\x14\x14\x14\x14\x14\x14\x14\x14\x14\
\x14\x14\x14\x14\x14\x14\x14\x14\x14\x14\x14\x14\x14\xff\xc0\x00\
\x11\x08\x02\x58\x03\x20\x03\x01\x22\x00\x02\x11\x01\x03\x11\x01\
\xff\xc4\x00\x1e\x00\x00\x02\x02\x03\x01\x01\x01\x01\x00\x00\x00\
\x00\x00\x00\x00\x00\x00\x01\x02\x03\x04\x05\x06\x07\x08\x09\x0a\
\xff\xc4\x00\x51\x10\x00\x01\x03\x02\x04\x03\x04\x06\x06\x06\x06\
\x07\x08\x03\x00\x03\x01\x00\x02\x03\x04\x11\x05\x12\x21\x31\x06\
\x41\x51\x07\x13\x22\x61\x14\x32\x71\x81\x91\x92\x08\x15\x16\x53\
\x54\xd1\x23\x42\x52\x93\xa1\xb1\x55\x94\xa2\xb2\xc1\xf0\x09\x24\
\x33\x43\x44\x62\x72\x25\x34\x35\x36\x73\x74\x82\xf1\x26\x63\xe1\
\x17\x18\x45\xff\xc4\x00\x1c\x01\x01\x01\x01\x00\x03\x01\x01\x01\
\x00\x00\x00\x00\x00\x00\x00\x00\x00\x01\x02\x03\x04\x05\x06\x07\
\x08\xff\xc4\x00\x2b\x11\x01\x00\x02\x02\x01\x04\x02\x01\x04\x03\
\x01\x01\x01\x01\x00\x00\x00\x01\x02\x03\x11\x04\x05\x12\x21\x31\
\x13\x41\x51\x14\x22\x32\x42\x23\x52\x61\x06\x33\x53\x71\xff\xda\
\x00\x0c\x03\x01\x00\x02\x11\x03\x11\x00\x3f\x00\xfd\x45\x42\x10\
\xb0\x04\x21\x08\x04\x21\x08\x04\x21\x08\x04\x21\x08\x04\x21\x08\
\x04\x21\x08\x04\x21\x0a\xc0\x10\x84\x2b\xb0\x21\x08\x54\x08\x42\
\x14\x90\xc2\x95\xec\xa0\x99\x37\xb2\x80\xbd\xc1\x49\xde\xab\x7c\
\x82\x7c\x8f\xb1\x27\x8d\x3d\xca\x09\xdf\x46\xa1\x45\xbb\x37\xd8\
\xa4\x80\x42\x10\x80\x42\x10\x80\x42\x10\x80\x42\x10\x80\x42\x10\
\x80\x41\x36\x28\x51\x7b\x6e\xe2\x82\x48\x40\xd9\x08\x04\x21\x08\
\x04\x21\x08\x04\x9d\xb8\x4d\x45\xdc\x90\x47\xf5\xfd\xc9\xc5\xb2\
\x89\x36\x76\xaa\x51\xe8\xd0\x82\x47\x77\x24\x77\x49\xce\xb3\xbd\
\xa8\x5a\xd8\x10\x84\x29\xb0\x21\x08\x40\x21\x08\x50\x08\x42\x10\
\x08\x42\x10\x08\x42\x10\x08\x42\x10\x17\xb2\x4c\xd5\x33\xb2\x4d\
\xf5\x47\xb5\x04\x2d\xe2\x05\x49\x1b\x14\x2d\x40\x45\x35\x17\x72\
\xf6\xa9\x2c\x81\x22\x6c\x9a\x8b\x82\x08\xbb\xd6\x04\x29\xbb\xd4\
\x72\x86\xc4\xa9\x3f\x62\x10\x27\x6c\x10\x91\xd8\x26\x8d\x6c\xb9\
\xa6\x84\x23\x28\xbb\x60\x92\x97\x25\x10\x8d\x40\x42\x10\x8a\x8b\
\x81\x3b\x29\x72\x42\x10\x26\xec\x9a\x10\x8c\xc8\x50\x92\xe4\x85\
\x34\x9c\x0a\x21\x21\x1b\x21\x1a\x08\x42\x11\x42\x10\x84\x02\x10\
\x95\xae\x8c\xc9\x3f\xc2\x95\xff\x00\x8a\x1e\x09\x6d\xd1\xbd\xad\
\xd1\x11\x9a\x84\x21\x00\x84\x21\x00\x84\x21\x00\x84\x21\x00\x84\
\x21\x00\x84\x21\x00\x84\x21\x00\x84\x21\x00\x84\x21\x00\x84\x21\
\x58\x02\x10\x4d\x92\x69\xb8\x57\x61\xa1\x08\x49\x0d\x44\x8b\xf3\
\x4d\x0b\x21\x83\x6b\x79\x29\x03\x75\x04\xd8\x2c\x4a\xa2\x48\x42\
\x14\x02\x10\x84\x02\x59\xbc\x56\x41\xdc\x24\x74\x90\x20\x90\xd5\
\x09\x0d\x93\x40\x21\x08\x40\x21\x16\x45\x90\x08\x45\x90\x80\x42\
\x10\x80\x42\x11\x64\x02\x44\x5d\x3b\x24\xed\x02\x04\x59\x7e\x69\
\x81\x61\x64\x30\xe6\x1a\x26\x81\x16\xe9\x75\x1b\x1b\x85\x27\x28\
\xb8\x90\xe6\xa6\xc3\x23\x2e\xe5\x2d\x0a\x6e\x26\xe8\x75\xb4\x36\
\x54\x24\x21\x08\x04\x21\x0a\x01\x08\x42\x01\x08\x42\x01\x08\x42\
\x01\x08\x42\x01\x2f\x55\xb6\xdf\x54\xd2\x77\x24\x08\xeb\xae\xc8\
\x48\x9f\x15\x93\x5a\x80\x88\xbd\x93\x42\x16\x74\x05\x17\x9c\xad\
\xba\x92\x44\x02\x10\x43\x99\xf3\x4c\x95\x1e\x6a\x57\xbd\xfd\xa9\
\xa9\x08\x1b\x8b\xa0\x1b\x84\x5b\x44\x0d\x37\xd9\x3d\x06\x84\x69\
\xe6\x84\x0a\xfe\x2b\x28\xf3\x2a\x44\x58\xdf\x9a\x8a\x2c\x04\x21\
\x08\xd0\x42\x10\x80\x42\x10\x89\x20\xe8\x91\x72\x8b\xb5\x36\x4d\
\xc0\x31\x0d\x84\x24\x0d\xc2\x68\xa1\x08\x49\x03\x42\x10\x8c\xec\
\x90\x8e\x61\x44\x3c\xdc\x82\x8a\x67\xaa\x86\x6b\x1d\x95\x81\xc0\
\x94\x0b\x14\x56\x5a\x10\x0d\xd0\x8c\x04\x21\x08\x05\x16\x12\x77\
\x52\x51\x66\xc5\x04\x90\x84\x20\x10\x84\x20\x10\x84\x20\x10\x84\
\x20\x10\x84\x20\x10\x84\x20\x10\x84\x20\x10\x10\x84\x02\x10\x85\
\xa9\x02\x14\x4b\x2e\x6e\xa4\xa4\x01\x36\xee\x92\x12\x44\x86\xe5\
\x34\x81\xb3\x02\x88\x36\xcd\xfe\x79\x28\x26\x84\x0d\x90\x74\x08\
\x13\x8d\x82\x8d\xf5\xf3\x47\x2f\x7a\x09\xf0\xb5\x04\xed\x64\x21\
\x08\x2b\x96\x56\xc3\x14\xb2\x48\x72\xb2\x36\xe6\x2e\xbd\xac\x16\
\xbe\x2e\x23\xc3\x64\x60\x73\x6a\x1c\xe6\x90\x2c\x72\xef\xcd\x64\
\xe2\x3f\xf8\x7d\x60\xff\x00\xf4\xbb\xf9\x29\x60\x92\xc2\x70\xfa\
\x48\x6e\xd3\x20\xa7\x63\x8b\x2d\xa8\x16\x1a\xab\xad\x8c\x7f\xb4\
\x38\x77\xdf\xbb\xe5\x47\xda\x1c\x3b\xef\xdd\xf2\xad\xce\x56\x7e\
\xcb\x7e\x08\x2c\x60\xdd\xad\xf8\x26\x8f\x4d\x37\xda\x1c\x3b\xef\
\xdd\xf2\xa3\xed\x0e\x1d\xf7\xee\xf9\x56\xd1\xae\x85\xed\xcc\x0b\
\x0b\x7a\x8b\x11\xf1\x53\x2c\x65\xb4\x6b\x7e\x01\x34\x9b\x69\x27\
\xe2\x9c\x2a\x9b\xbb\xef\x2a\x08\xce\xe0\xc6\xdd\xbb\x93\xb2\xb0\
\xf1\x06\x1c\x2c\x3b\xe7\x0e\x7e\xaa\xc2\x15\x51\xe2\xbc\x55\x25\
\x03\xd8\xd7\x41\x4d\x03\x67\x00\x8b\x11\x26\x7b\x5f\xf8\x2d\xa3\
\x31\x10\xec\x6a\x4a\x23\x08\x01\x91\x36\x42\xff\x00\x69\x3a\x7f\
\x05\xae\xd9\x66\x2d\x12\xa3\xed\x0e\x1d\xf7\xee\xf9\x51\xf6\x87\
\x0e\xfb\xf7\x7c\xab\x6e\x5a\xd0\x3d\x56\xfc\x12\xb3\x34\xf0\xb7\
\xe0\xb3\x3e\x1b\x6a\x7e\xd0\xe1\xdf\x7e\xef\x95\x23\xc4\x18\x77\
\xdf\xbb\xe5\x5b\x8c\xb1\xed\x66\xfc\x10\xc6\xb4\x83\x66\xb7\xe0\
\x9f\x67\xb6\x89\xfc\x4d\x85\xc5\x24\x71\xfa\x49\x6b\xe4\xb9\x60\
\xcb\xbd\xb7\xfe\x61\x5d\xf6\x83\x0e\xe7\x3b\xbe\x55\xb0\x96\x86\
\x19\x6a\xa1\x98\xb0\x77\x91\x07\x06\x9b\x6d\x7b\x5f\xf9\x2c\x80\
\xc6\xf3\x68\xf8\x20\xd3\x1e\x20\xc3\x4f\xfb\xf7\x7c\xa9\x7d\x7f\
\x86\xf3\x99\xdf\x29\x5b\x9c\x8c\xfd\x96\xfc\x13\x0c\x67\xec\x8b\
\x7b\x13\x5b\x1a\x6f\xb4\x18\x6f\xdf\x3b\xe5\x28\xfb\x41\x86\x9b\
\x7e\x99\xdf\x29\x5b\x8b\x32\xf6\xca\xdb\xfb\x10\x1a\xcf\xd9\x6f\
\xc1\x35\x29\xb6\x8b\xed\x36\x14\xe9\xcc\x22\xa0\xf7\x81\xb9\x8b\
\x72\x9d\x95\xbf\x68\x30\xde\x73\xbb\xe5\x2b\x3d\xb0\x53\xb6\xbe\
\x49\x03\x47\x7e\x58\x03\xb4\xe5\xc9\x65\x06\x32\xde\xa8\xf8\x26\
\x8d\xb4\xdf\x68\x30\xdf\xbe\x77\xca\x51\xf6\x83\x0d\xfb\xe7\x7c\
\xa5\x6e\xb2\x33\xf6\x47\xc1\x2c\x8d\xfd\x91\xf0\x57\x4a\xd3\x7d\
\xa0\xc3\x7e\xf9\xdf\x29\x40\xe2\x0c\x34\xff\x00\xbe\x77\xca\x56\
\xe3\x2b\x7f\x65\xa3\xdc\x91\x6b\x40\xf5\x5b\xf0\x53\x43\x49\x07\
\x13\x61\x53\xb1\xce\x8e\xa0\xbc\x07\x16\x93\x97\x62\x15\x9f\x68\
\x30\xdf\xbe\x77\xca\x56\xca\x96\x8a\x0a\x46\x16\xc4\xc0\xd6\xb9\
\xc5\xee\xd3\x72\x75\x59\x19\x1a\x76\x60\xf8\x26\x86\x97\xed\x06\
\x1b\xf7\xce\xf9\x4a\x3e\xd0\x61\xbf\x7c\xef\x94\xad\xd6\x46\x8f\
\xd4\x6f\xc1\x2c\xac\xb5\xf2\xb7\xe0\x9a\x1a\x6f\xb4\x18\x6f\xdf\
\x3b\xe5\x2a\x2f\xe2\x3c\x31\x8c\x2e\x74\xee\x0d\x68\x24\xf8\x76\
\x5b\xb2\xd6\x00\x7c\x2d\xf8\x2a\x07\xa3\xd7\x40\xf0\xd0\xd9\x22\
\x75\xda\x4b\x47\xb8\xa6\x93\x6d\x54\x5c\x45\x86\x4a\xc6\xc8\xda\
\x87\x39\xae\x17\x07\x2a\x91\xc7\xf0\xd3\xfe\xfd\xdf\x2a\xdb\x43\
\x4d\x15\x3c\x4d\x89\x8c\x68\x6b\x45\x80\xb2\x9b\x98\xc0\x2e\x5a\
\xdf\x82\x68\xdb\x4d\xf5\xee\x19\xbf\x7e\xef\x95\x1f\x5f\x61\xbf\
\x7e\xef\x94\xad\xad\x3b\xe2\xa9\x8f\x3b\x03\x4b\x49\x23\x65\x70\
\x8d\x83\xf5\x5b\xf0\x5a\xd6\x8d\xb4\x9f\x5f\x61\xbf\x7e\xef\x95\
\x57\x3f\x12\x61\x54\xd1\x99\x24\xa9\x2c\x68\xfd\x62\xd5\xbd\xc8\
\xc2\x7d\x51\xf0\x54\xd7\x51\x43\x5d\x4c\xf8\x64\x60\x74\x6f\x16\
\x70\xb2\x9b\x56\xad\xb8\xee\x1a\x5a\x3f\x4e\xed\xb7\xcb\xba\x0e\
\x39\x86\xfd\xf3\xcf\xff\x00\x15\xba\x8e\x26\x01\xea\x8f\x65\x94\
\xfb\xb6\x7e\xcb\x7e\x08\x34\x5f\x5e\x61\x9f\x7c\xff\x00\x94\xa5\
\xf5\xe6\x19\xf7\xcf\xf9\x56\xf7\x23\x07\xea\x0f\x82\x3b\xb6\xdb\
\xd5\x6f\xc1\x51\xa3\xfa\xef\x0c\xfb\xe7\xfc\xa9\xc7\x8b\xe1\xb3\
\x4a\xc8\x9b\x50\xe0\xf9\x0e\x56\xdc\x5a\xe5\x6e\x5d\x1b\x7f\x65\
\xbf\x05\xa6\xe2\x0c\xb9\xb0\xc2\x00\xff\x00\xbd\x0d\x87\xfc\xae\
\x52\x44\xdf\x52\x19\x89\xbe\x93\x5f\x0c\x79\xc9\x2a\xf0\xb0\x66\
\xd3\x89\xe7\xff\x00\xdb\xb7\xfb\xcb\x38\x7e\x4b\x2a\x89\xdf\x74\
\x26\xed\x94\x4e\x96\x45\x83\x42\x11\xcd\x00\x84\x58\x74\x45\x87\
\x44\x4d\x84\x21\x08\x22\x35\x72\x1c\x35\x52\x48\xb7\x36\xb7\x44\
\x44\x6c\x9a\x81\x04\x39\x4d\x1a\x09\x73\x4d\x08\x0d\x3a\xa3\x4e\
\xa8\x42\x26\x89\xdb\x68\xab\x23\x41\xe6\xac\x22\xe1\x40\xe8\xeb\
\x22\xe8\x9b\xb9\x52\xd9\x08\x45\x65\xb3\x9a\x6e\x36\x09\x0f\x0f\
\xbd\x29\x0d\xd9\x74\x61\x20\x6e\x9a\x4d\x4d\x00\x93\x5a\x42\x68\
\x40\x21\x08\x40\x21\x08\x40\x21\x08\x40\x21\x08\x40\x21\x08\x40\
\x21\x08\x40\x21\x08\x40\x21\x08\x40\x21\x08\x54\x08\x3a\x21\x04\
\x5c\x8f\x25\x00\x8f\xd6\x08\x45\xae\xe0\xa8\x2e\x0b\x40\x49\xdb\
\x14\x0f\x08\x3c\xd1\xeb\x34\xf2\x56\x04\xc1\xb8\x43\xbd\x52\xa0\
\xd3\x94\xd9\x48\x9b\xe8\xb2\x10\xd5\x27\x0b\x65\x4c\x68\x42\x91\
\x17\xb6\xbb\x20\x7c\xd0\x8e\x68\x54\x60\xe3\x13\x08\x30\x9c\x42\
\x53\xb3\x29\xde\xe3\xec\x0d\x25\x79\xd6\x13\xc7\x42\x67\x45\x5f\
\x46\xcc\xb9\xa9\xe8\xe9\x8b\x65\xdc\x07\xc8\x05\xfe\x05\x7a\x0e\
\x3c\xce\xf3\x03\xc5\x19\xfb\x54\xb2\x36\xfe\xd6\x90\xbc\x0a\x4c\
\x3c\x60\x7c\x1a\xd7\xbb\xbd\xcd\x89\x08\xa1\x87\xc8\xc7\x63\x98\
\x1f\x68\x5d\xde\x36\x38\xbc\x4c\x4f\xb7\x9f\xca\xcb\x6c\x73\x16\
\x8f\x4f\x5c\xc7\xfb\x4e\xa1\xc1\xb1\x08\x70\xe0\x4c\x95\xd3\x4c\
\x61\x63\x46\xc0\x8b\x6f\xf1\x5d\x53\x71\x8a\x57\xd4\xcf\x4e\x65\
\x6b\x64\x8c\x37\x36\x63\x6d\xf6\x5f\x3a\x3b\x01\xa9\xc5\xf1\x63\
\x89\x52\x54\x89\xa6\xae\x9e\x3f\x47\x70\xd4\xb0\x90\x6c\x6f\xd7\
\xc2\x6e\xb3\x2b\xe8\xb1\xde\x28\xae\x92\xa1\xed\x95\xbd\xc4\xd1\
\xc1\x51\x2b\x09\x00\xc9\x13\x85\xc9\xf6\xe5\x2b\xb7\x6e\x2d\x37\
\x1a\x97\x4e\xbc\xbc\x9a\xf3\x57\x5b\x81\xf1\xab\x71\x6e\x18\xc5\
\x30\xf8\x03\xa9\xdf\x46\xe7\x31\xd2\xbf\x42\x5c\x65\x7e\xde\x56\
\xb2\xde\x4f\xc6\x86\xaa\x92\x09\xa9\xe5\x74\x4d\x8d\x8f\x8e\x5c\
\xc4\x68\x46\xc4\xfc\x17\x9d\xe2\xb4\xff\x00\x54\x4b\x48\xc9\x22\
\x73\x65\xa8\xa5\x7b\xe4\x2c\xd9\xde\x37\x16\xdf\xcd\x5b\xc2\xb8\
\x15\x46\x29\x8d\xe2\x78\x7c\xaf\xef\xe8\x6a\x70\x86\xcc\x6c\x76\
\x7b\x86\x86\xfd\x56\xed\x87\x1c\x46\xdc\x15\xcf\x96\x3c\x3a\x7e\
\x0f\xe3\x78\xa7\xc6\x66\xae\xa8\x77\x79\x51\x2d\x01\x7d\x9b\xb3\
\x83\x24\x22\xff\x00\x00\xb6\x78\x4f\x1f\xd1\xd4\xf1\xdc\xd1\x3a\
\x66\xbd\xb5\x31\x01\x4c\x5b\xb1\x0d\xd4\xdc\xfb\xd7\x95\x61\x58\
\x75\x4e\x13\x40\xd8\x5b\x1b\xe1\xa8\xa4\xbe\x1f\x23\xb9\x9c\xde\
\x30\x07\xb9\xc1\x57\x5d\xc1\x78\x8e\x01\x8a\xc1\x0d\x18\x9a\x4a\
\xca\xc8\x1a\x22\x23\x40\x0b\xc9\xcc\x07\x4d\x82\xe5\xfd\x3e\x1c\
\x93\x3e\x75\xf8\x71\xc7\x23\x35\x2b\xeb\xd4\xf9\x7b\xf1\xe2\xd6\
\x3b\x0e\xad\xac\x8d\xf1\xca\xd8\x04\x67\x2b\x5c\x0d\xae\x2e\x6f\
\x65\xc3\xb7\xb6\x38\xe9\x31\x3a\xbc\x26\xa6\x39\x9d\x50\xe8\x1d\
\x52\xc7\xb5\xbb\x0f\xfe\x97\x17\x45\x06\x27\x83\xd1\xcd\x49\x58\
\x24\x13\x31\xcc\x6b\xe1\xfd\x53\xe0\x2c\xb9\x3e\xf5\xb5\x8f\x00\
\x8b\x18\xc5\x2b\x65\x2d\x6f\xa4\xb8\x32\x8d\x8f\x1b\xd8\xb1\xa1\
\x70\xd7\x8d\x4a\xc4\xc5\xa7\x7f\xf5\xd8\xb7\x2b\x2d\xa6\x3b\x63\
\x4f\x55\xaf\xe2\x08\x23\x6d\x2c\xc2\x6c\xce\x64\x46\x67\x30\x68\
\x48\xca\x4f\xf8\x27\xc1\xdc\x64\xde\x24\xc2\x62\xae\x95\xac\xa5\
\x6b\xc1\x75\x9c\xe1\xa6\xb6\x1f\x15\xe2\x78\xcc\x98\xa4\x78\x85\
\x4c\x30\x3e\x4f\xd0\xbd\xf0\xdd\xc7\x57\x31\xa2\xd6\xfe\x25\x6b\
\xe9\xb0\x1c\x66\xbe\x0f\x40\xa4\x73\xa9\x22\x95\xbd\xe8\x79\x71\
\xb6\x56\xb3\xd5\x03\xdc\x91\xc3\xa5\xab\xbd\xb3\x3c\xec\x91\x6f\
\xe2\xfa\x28\x71\x66\x1e\xfc\x49\xd4\x62\x76\xe7\x68\x24\xbe\xf6\
\x68\xb7\x2b\xfb\xd5\x91\xe3\xd0\x3a\xb6\xbe\x19\x1e\x21\x8e\x93\
\xbb\x2e\x95\xee\x01\xa4\x39\xb7\xdd\x7c\xe9\x86\xf0\xee\x39\x84\
\xd5\x60\x38\x53\x1c\xec\xb5\x11\xe9\x33\x89\xbb\xc1\x71\xcd\xa9\
\xe6\x34\x5b\xfc\x5e\x83\x14\xa2\xc3\x78\x96\x87\x12\x91\xf2\xc3\
\x23\x1b\x24\x6f\xfd\x67\x06\x10\x3e\x01\x71\xdb\x89\x4d\xc7\x6d\
\xdc\xf5\xe7\x5f\x53\xdd\x47\xa9\x50\x71\xa5\x3c\xd8\xd4\x14\xa2\
\x78\xe5\x86\xa4\xc8\x62\x95\xae\x16\x39\x45\xc8\x05\x5e\xfe\x31\
\xa5\xae\xc3\x31\x19\x21\x98\x47\x35\x1b\xf2\xca\xcb\x8c\xcc\xd4\
\x6a\x42\xf0\xac\x0b\x81\x31\x67\x61\x70\x06\x54\xe4\x73\x26\xf4\
\xa8\xda\xd7\x1b\xf7\x59\x41\x78\x1d\x2e\x2e\xb7\x15\xd8\x3e\x23\
\x8b\xd3\xcd\x89\x61\xe5\xf4\xc3\x12\xc3\xda\xf9\xe5\x03\xc1\xe1\
\x75\x83\x7c\xc9\xba\xb6\xe3\x63\x8b\x78\xb3\x15\xe5\x66\x98\xd4\
\xd5\xec\xd8\x5f\x15\xd0\x63\xd4\x95\x0e\xa4\x98\xda\x2b\xb3\x3b\
\x86\x5b\x9b\x72\xea\xb5\xf8\x37\x16\x7a\x3e\x19\x86\x36\xbc\x3a\
\x39\x6a\x26\x74\x01\xce\x3b\x9b\xe8\x7d\xeb\xcd\xaa\xb0\x2c\x63\
\x85\x30\xb6\x4d\xde\x98\xe9\xe1\xa0\x7c\xf2\xb5\xa3\x4e\xf4\xb4\
\x86\x8f\x6e\x62\x16\x2f\x1a\xd5\xe2\x98\xc4\xb4\x58\x76\x1d\x0c\
\x8f\x9e\x95\xac\x9c\x06\x1d\x5c\xfc\x8d\x26\xde\x62\xff\x00\xc5\
\x71\xc7\x1e\xb3\x6f\x6e\x59\xe5\x5e\xb1\xe6\x3c\xbd\x57\x12\xe2\
\xba\x3c\x2b\x1c\xa7\x73\xe4\x6b\xe3\xab\x73\x61\x12\x07\x8c\xad\
\x25\xa4\x8f\xe4\xb3\x3e\xdc\xe1\x79\x2a\xdf\xdf\x8c\x94\xee\xc8\
\x4e\xd7\x3f\xe7\x9a\xf0\x9c\x36\x93\x16\xaf\xef\x69\x2a\xe3\x68\
\x92\x8a\x66\xbe\xce\xb9\xc9\xdd\xb4\x86\xdf\xe2\xba\x58\xf8\x52\
\x79\x69\x6a\xa4\xc4\x7f\x47\x23\x18\xd9\xda\xd8\xcf\x85\xc1\xe6\
\xe6\xff\x00\x1d\x96\xed\xc7\xc7\x58\xf3\x66\x23\x95\x92\xde\xaa\
\xf4\x7e\x1f\xe3\xca\x3e\x23\x8a\x39\x29\xdc\xc1\x1c\x94\xc2\xa5\
\xae\x12\x34\x82\x09\x23\xfc\x15\x9c\x35\xc4\xf3\x62\x56\xa7\xac\
\x89\xd1\x55\xe5\x7c\x96\x36\x00\xb4\x3e\xc3\xe3\xa2\xf0\x7c\x67\
\x0f\xc4\x38\x56\x7a\x28\xa9\x29\xa5\xa2\xc3\xa6\xcd\x04\x66\x3f\
\xd4\x8d\xa4\x1f\x81\x25\x6e\x38\xab\x1c\xc4\xe0\x92\x58\x28\x64\
\x95\x95\x31\xd3\x43\x19\x92\x31\xab\xfb\xc0\x0e\xfd\x6e\x55\xfd\
\x2d\x67\x5d\xb3\xed\x3f\x5b\x6f\x3d\xd5\xf3\x0f\x5a\xad\xe2\x48\
\xb1\x3c\x26\x92\xa2\x8e\xa6\x37\xe6\xad\x64\x4f\x30\xbc\x38\x0b\
\x38\x87\x0d\x39\xac\xdc\x4b\x10\x74\x78\xfe\x15\x03\x64\xb3\x24\
\x2e\xce\xd0\x79\xdb\x45\xe2\x18\x9f\x07\x62\xdc\x1f\x80\xc7\x55\
\x49\x24\xb4\x71\x36\x78\xf4\x79\xdd\xf2\x7a\xce\x1e\x61\x65\x41\
\x4d\x8b\x60\xbd\xed\x61\x9a\xa2\x6a\xa7\xb5\x9e\x89\x3c\x9a\x97\
\x5f\x53\x6e\xa7\x97\xbd\x67\xf4\xd1\x31\xe2\xcd\xfe\xae\xd1\x3f\
\xba\xaf\x5e\x9f\x8e\x68\x99\x8b\x36\x81\x84\xba\x52\xe6\xb5\xc7\
\x6b\x12\xec\xab\xa4\x6d\x54\x4f\x17\x6b\xda\x47\x50\x6e\xbe\x7f\
\xe1\x9c\x2f\x16\xc6\xf1\x8f\x49\x9a\x4f\x46\xaf\x95\xef\x6b\x43\
\xc5\xf2\x96\xdd\xf7\x3e\xfd\x16\x14\x58\x17\x13\xe2\x15\x3f\x57\
\xe1\x93\xd4\x53\x3a\x9c\xe7\x2d\x99\xe4\x77\xd6\x3a\x90\x7d\xea\
\x5b\x8b\x58\x9d\x77\x2d\x79\xb7\x98\xdf\x6e\xdf\x47\x17\x8b\x5e\
\xc5\x68\x29\xb8\xaa\x95\xf5\xd5\xb0\xfa\x4c\x52\x18\xea\x44\x20\
\x07\x8d\x2e\xd0\x7f\x99\x2b\x84\xa9\xc2\x78\xa3\x0e\xa7\x96\x4f\
\x4d\xab\x7c\xef\xa7\x32\x48\x06\xb9\x5d\x98\x6d\xe6\x17\x9e\xe3\
\x7c\x1b\x89\xe1\x18\x16\x1f\xc4\x74\xf3\xd5\x54\x3a\xa6\xb4\x4d\
\x56\xc1\xfe\xed\xb7\x0d\x24\xfc\xa4\xae\x3c\x7c\x7a\x4c\xf9\xb3\
\x79\x39\x76\x88\x8d\x52\x5f\x44\xcb\x8d\xd2\x7a\x3d\x4b\xdd\x33\
\x22\x64\x5e\x17\x39\xce\x16\xd7\x63\x7e\x85\x61\xf0\x8d\x4c\x70\
\x60\x31\x17\xc8\xd6\x35\xd2\x48\x01\x71\xb5\xfc\x66\xcb\xc3\x71\
\x58\xeb\xe3\xa8\x6d\x0b\x66\x95\xd4\x35\xf2\xcb\x14\xc1\xe2\xfe\
\x18\xac\x58\x2f\xef\x2b\x26\x8d\xb8\x87\x13\x61\xf4\x18\x55\xa7\
\x61\xa7\x63\xaa\x18\x1c\xe2\x1c\xf1\x73\x67\x7f\x85\x97\x2c\xf1\
\x2b\x11\xfc\x9c\x31\xce\x9d\xf8\xab\xdc\xb0\xfe\x29\xc3\xf1\x27\
\x54\x08\x2a\x18\xe6\xc1\xeb\xbe\xfa\x1e\xbf\x05\xad\xa8\xed\x1b\
\x06\x8a\xb6\x9a\x9e\x4a\x96\xb3\xd2\x63\xcf\x1b\xf9\x12\x48\x01\
\xbf\xc5\x79\x1b\xf8\x62\xbf\x02\x8f\x08\xc2\x1a\xf7\xc2\x71\x16\
\x4e\xd9\x2f\x7c\xc5\xc7\x2e\x53\xfc\xd6\xa3\x14\xe1\x9c\x56\x1e\
\x2a\x86\x27\x37\xbd\x38\x5d\x0b\xaa\x03\x8b\x74\x01\xac\x24\x0f\
\x88\x0b\x54\xe2\xe3\x9f\x76\xf0\x5f\x9b\x96\x23\xc5\x7c\xbd\xb7\
\x82\xb8\xba\x96\xbd\xf5\xf4\x12\x3f\x24\xf4\x93\x96\x3b\x3e\x80\
\xdc\xf8\x6d\xed\xba\xe9\x2b\x71\xaa\x3c\x3d\xb1\x3a\xa6\xa2\x38\
\x5b\x23\xc4\x6d\x2e\x36\x05\xc7\x60\xbe\x76\xc7\xe9\x31\x5c\x37\
\x0a\xc2\x38\x8a\x82\x51\x1c\xd5\xcf\x86\xaa\xa1\xa7\x40\xe2\xd3\
\x70\xdf\x8a\xdd\xd5\x70\x36\x3b\x8c\x46\xee\xfa\xad\xd5\x13\xd3\
\xbe\x3a\xb7\xc2\xff\x00\x55\xae\x20\x91\x6f\x82\xc5\xb8\xb4\xde\
\xfb\x9a\xa7\x2f\x26\xb5\xda\xf5\x6c\x63\x89\x1f\x0d\x76\x14\xda\
\x59\x58\xea\x7a\x8a\x87\x41\x29\x23\x98\x07\x4f\x88\x57\xe0\x7c\
\x53\x47\x8a\x89\x32\xd4\x46\x5c\xd9\x1e\xd0\xdc\xc3\xf5\x77\xfe\
\x6b\xc1\x2a\xaa\xb1\xf6\xc1\x4e\xda\xf0\xf7\x35\xd5\x5e\x99\x18\
\x66\x96\x25\xd7\x31\x8f\x3c\xca\xea\x9c\x03\x1a\xa5\xc4\x23\x8e\
\x8a\x96\x48\x1d\x27\x79\x24\xb6\x37\x75\xe4\x0d\xb8\x03\x95\xac\
\x35\xf3\x5b\xfd\x25\x75\xfc\x98\x8e\x65\xa6\xdb\xed\x7d\x01\x88\
\x71\x25\x06\x14\xf9\x1b\x55\x52\xc8\x4c\x71\xf7\xae\xcd\xfb\x3d\
\x7f\x8a\xb2\x9b\x88\x28\x2a\x88\x11\xd4\xb0\x97\x30\x48\xd0\x4d\
\x89\x69\xd8\xaf\x9d\x31\x6c\x1b\x8a\x69\xea\x26\x92\x77\xba\x76\
\x5d\xd1\x3f\xbc\xf1\x1b\x3b\x56\xb4\x7b\x81\x54\xe1\xd8\x47\x17\
\x53\x39\x97\x8a\x66\x41\x11\xc9\x24\xf2\x0b\xfe\x8e\xd7\x6b\x5b\
\xef\x2a\xfe\x8a\x9d\xbb\xef\x3f\x5f\x7e\xed\x76\x3e\x94\xfa\xe2\
\x91\xc6\xcd\x9d\x8e\x25\xb9\xc0\xbe\xe3\xcb\xae\xca\x9a\x3e\x24\
\xa1\xaf\x8e\x9d\xd0\xce\xd3\xdf\xb8\xb6\x30\x74\x2e\x23\x53\xa7\
\xb9\x78\xe0\xc1\xb1\x8a\x5c\x2c\x4c\xf7\x4a\xca\x9a\x7a\x46\x38\
\xeb\xab\x1a\x73\x5f\xfc\x15\x78\x77\x0f\x71\x24\xb5\x58\x5c\xb4\
\x90\x39\xb0\xd0\x35\xb2\xc6\x4b\xb5\x79\x73\x73\x16\xbb\xa6\xf6\
\x5c\x1f\xa7\xaf\xfb\x39\xff\x00\x57\x7d\xff\x00\x07\xb0\xd5\x71\
\x55\x05\x33\x6a\xef\x3b\x6f\x4a\xcc\xf2\x6b\xb0\x5c\x26\x19\xc7\
\x1f\x69\xb8\xbe\x5a\x46\xc6\xf8\xe2\x8a\x48\x65\x66\x62\x3f\x65\
\xdf\x9a\xe1\xf1\x8a\xaa\xba\x6c\x07\x11\xae\x99\xad\x7b\x6a\xa7\
\x11\xcb\x09\xd3\x29\x24\x80\x01\xf2\x20\xae\x8f\x86\x70\x99\x30\
\xdc\x47\x87\x71\x38\xe1\x32\x37\x12\x01\x93\x4f\xc9\xa4\x34\x96\
\xe9\xec\xba\xd4\xe0\xad\x31\xcd\xa6\x5c\x75\xe4\xdf\x26\x58\xac\
\x47\x87\xa4\xcb\xff\x00\x99\xe7\xbf\x38\x1b\xaf\xff\x00\x25\x9e\
\x36\x5a\xf7\x9b\xf1\x34\xe3\xa4\x0d\xfe\x6b\x3e\xf6\x16\xf2\x5e\
\x5c\xc7\x97\xb3\xee\x20\x9c\xd2\x4e\x89\x15\x35\x12\xcb\xf3\x45\
\x82\x42\x10\x8d\x04\x21\x08\xc8\x42\x10\x88\x10\x84\x20\x4e\xd8\
\x24\x9b\x88\xb0\x49\x16\x02\x10\x84\x68\x24\x76\x4d\x22\x6c\x10\
\x44\x12\x6c\x90\xd4\xdd\x31\xc9\x21\xb1\xf6\xa0\x68\x42\x10\x64\
\x93\x62\x10\xe3\xe1\xb2\x64\x03\xc9\x45\xc2\xc1\x12\x61\x36\xa9\
\x28\x66\xca\x13\x6b\xb3\x12\x8c\xa4\xa2\xf7\x58\x68\xa4\xa2\xed\
\xc0\x40\xda\x6e\x01\x4d\x26\xec\x9a\x01\x08\x42\x01\x08\x41\x40\
\x12\x02\x59\x82\x88\x37\x45\xd0\x48\x1b\x9f\x24\xd4\x39\xef\x64\
\xdb\x7b\xa0\x92\x10\x84\x02\x10\x84\x02\x10\x84\x02\x10\x84\x02\
\x10\x84\x02\x10\x85\x60\x27\x5f\x2a\x1b\xea\xa7\x6b\xe8\x85\xa0\
\xad\xaa\x93\x75\xb9\x49\x03\x4f\x7a\x81\xb7\x5d\x54\x94\x59\xb1\
\x52\x59\x02\x0e\xc5\x08\x3b\x20\xc1\xc5\x1b\x9b\x0b\xae\x1d\x60\
\x70\xd7\xd8\xb8\xf9\xb8\x5a\x26\x70\xf7\x0e\xd3\xca\xcf\x4b\x2c\
\x36\xce\x5b\x6d\x1e\x35\x1f\xc5\x76\x58\x87\xfe\x1d\x5b\x7d\xbb\
\x97\x6f\xcb\x44\xb0\x9a\xca\x57\x61\x34\x59\xa7\x86\xe2\x16\x6e\
\xed\xbc\x21\x72\xd2\xf3\x49\xdc\x38\xb2\x63\x8c\x91\xa9\x6b\xb8\
\x77\x83\xe8\x30\x6c\x2e\x86\x08\xe9\x59\x11\xa5\x37\x63\x6d\xab\
\x4e\xbc\xfd\xea\xda\x9c\x1a\x2c\x3a\x83\x1a\x97\x30\xb4\xf1\xbe\
\x42\x00\xb0\x6d\x9a\x56\xdc\xd7\x53\x82\x7f\xd6\x22\xd7\xfe\x65\
\x83\x8e\xd4\x43\x57\x83\x57\xc1\x14\xd1\xbe\x59\x20\x7b\x5a\x33\
\x81\xa9\x69\xb2\xd7\x7c\xda\x77\x32\x9f\x1c\x56\x3d\x7d\x34\xf4\
\x7c\x2b\x16\x20\xdc\x3a\xb1\xcd\x67\xe8\xe9\xda\xd0\xd7\x32\xfd\
\x4f\xf8\xa9\x60\x9c\x0e\x30\x9c\x5e\xa2\xb8\x49\x61\x3d\x33\x69\
\xcc\x40\x68\x03\x74\x6d\xbe\x25\x6f\x30\xba\xa8\x62\xc3\xa9\x63\
\x7c\xf1\x07\x32\x16\x34\x8c\xdb\x10\xd1\x75\x93\xe9\xf4\xc2\xff\
\x00\xeb\x11\x7c\xca\xce\x4b\x6b\x4c\xc6\x2a\x7b\x70\x5c\x55\xc0\
\xcc\xa6\xa2\x15\x10\x97\x49\x21\xa9\x64\xd2\x7b\x9a\x1a\x2d\xee\
\x0b\x61\xe8\xcd\xa9\xc7\xf8\x70\x3a\xd7\x65\x2c\xcf\x1e\xd1\x96\
\xcb\xa2\xc4\x71\xaa\x3a\x56\x42\xd7\xc9\x1c\x82\x69\x04\x61\xa0\
\xdf\x52\x86\xc3\x87\x0a\xb8\xa7\x12\x45\xde\xc2\xd7\x46\xc3\x9f\
\xd5\x06\xd7\x1f\xc0\x27\xcb\x69\x88\xac\xa7\xc3\x11\x33\x31\xf6\
\xa7\x88\xf0\x16\x63\x58\x5c\xb4\xad\xcb\x1b\xde\xe6\x3b\x35\xba\
\x38\x1f\xf0\x5c\x84\x9c\x3f\x26\x0b\x8d\x17\x12\x5f\x0c\xf5\xb0\
\x39\xaf\x22\xdc\xc0\xb0\xf8\x2f\x40\x35\xd4\xc7\x43\x51\x17\xcc\
\xb0\x31\x48\x69\x71\x2f\x46\xbd\x54\x63\xb8\x99\xb2\xfa\xfb\x90\
\x6e\x94\xc9\x35\x8d\x6d\x32\x61\x8b\x6a\x7e\xe1\xce\x3f\x06\xa6\
\xae\xe3\x87\xc5\x53\x4c\xd7\xc3\x24\x0f\x94\x07\x0d\x09\xbb\x7f\
\x35\x99\x8a\xe0\x54\x78\x76\x35\x82\xba\x9e\x06\xc4\xd7\xbd\xf1\
\x16\x30\x59\xb9\x72\x93\xb2\xdc\x18\xa9\x1d\x8b\xc7\x5c\x2a\x62\
\xcc\xc8\x9d\x10\x19\xb9\x12\x0f\xf8\x2c\x4c\x72\x56\x4f\x8a\x60\
\xcf\x8e\x46\x39\x91\x4c\xf7\x3d\xc1\xde\xa8\x2c\x21\x5f\x92\xd3\
\x31\xa9\x48\xc5\x58\x8d\xda\x3c\xa1\x8e\x70\xd3\x2a\xf1\x1c\x0e\
\x78\x23\x03\xd0\x26\x27\xc8\x34\xef\xfc\x82\xb7\x1c\xe1\xb1\x8a\
\x99\x65\x61\x02\x57\x40\x61\x01\xc3\xc3\xab\x81\x27\xf8\x2c\xe9\
\xb1\xaa\x58\xab\x69\xe9\xcc\xac\x26\x60\xf2\xd7\x07\x0b\x0c\xb6\
\xbf\xf3\x59\x22\xba\x9f\xef\xe2\xf9\x96\x22\xd3\xf9\xf4\xe6\xf8\
\xeb\xe7\xfe\xb5\x92\x70\xec\x51\xe1\x72\xb2\x08\x98\xda\xa3\x07\
\x76\xd7\x81\x6d\x72\xd9\x5d\x87\x60\x50\x41\x81\x41\x87\x3e\x16\
\xb6\x16\xc6\x18\x63\x1b\x75\x59\xde\x9d\x4e\x3f\xe2\x22\xf9\x92\
\xf4\xea\x7f\xc4\x45\xf3\x2c\xcc\xcc\xac\x52\x21\xcf\xf6\x89\x85\
\xba\xb3\x82\x31\x2a\x78\x6d\x76\xc5\x98\x66\xe8\xdd\x7f\xc1\x6c\
\x70\x8c\x26\x94\xd1\x50\xce\x60\x8c\x4e\x21\x69\xef\x00\xd6\xe5\
\xa2\xfa\xfb\x82\x9e\x34\xe8\x71\x1c\x22\xb6\x95\x95\x31\x07\xcd\
\x0b\xe3\x07\x37\x37\x34\x81\xfc\xd5\xb8\x7d\x44\x14\xf4\x54\xf0\
\xba\xa6\x22\xf8\xe3\x6b\x09\x0e\xd3\x41\x65\xa8\xb4\xc4\x69\x9e\
\xc8\x9b\x6e\x61\x54\xdc\x33\x40\xf8\xea\x43\x29\xd9\x13\xea\x4e\
\x69\x1e\xc1\x62\xe3\xed\x5a\xae\x23\xc0\x9b\x1e\x15\x56\xf8\x18\
\xe9\x2a\x1d\x0b\x62\x0d\x6e\xb7\x03\x65\xba\x6e\x35\x4a\xea\xe7\
\xd2\xf7\xcc\xcc\xd6\x07\x97\x66\xd2\xc5\x5c\x6b\x69\xaf\xff\x00\
\x78\x8a\xde\x4e\x52\x2d\x3f\x72\xb3\x4a\xeb\xc4\x34\x7c\x45\xc2\
\x11\x71\x35\x0c\x0c\x96\x43\x0b\xd8\xcc\xa0\x81\xc8\xda\xff\x00\
\xc9\x63\x62\x5c\x01\x4d\x5b\x35\x19\x6b\xbb\xa6\xc3\x91\xce\x20\
\x6b\x21\x65\xb2\xdf\xdc\x17\x4b\xe9\x94\xda\xff\x00\xac\x45\xf3\
\x26\x2b\x69\xff\x00\x11\x17\xcc\xb5\x19\x2d\x1e\xa5\x99\xc3\x49\
\x9f\x4e\x7b\x8f\xf0\xb8\xf1\x1e\x1e\xee\x25\x19\xe3\x13\x46\xeb\
\x11\xd0\xad\x8c\x58\x24\x3d\xf5\x2b\xfb\xa6\x18\x21\x8b\x2c\x6c\
\x70\xf5\x4e\x8b\x3a\x4a\xaa\x49\x1b\x95\xf3\x42\xf1\x7b\xd8\xb9\
\x31\x5b\x4c\x4d\xbb\xf8\xbd\xce\x59\xee\x9d\x6b\x6d\x46\x38\xde\
\xdc\xfe\x1f\xc1\x31\xe1\xd8\xbc\x55\xd1\xce\xf3\x96\x49\x1e\xe6\
\x1e\x79\x81\xd3\xf8\xad\xc4\x18\x43\x63\xc5\x64\xac\x76\xaf\x2d\
\xca\xdf\x20\x77\x09\xd1\x63\x74\x95\xf1\x48\xe6\xcd\x1b\x43\x5e\
\x58\x43\x9d\xcc\x1b\x2c\x8f\x4d\xa7\xfc\x4c\x7f\x32\xb3\x7b\x4f\
\x99\x2b\x8a\xb5\xf1\x0b\x64\x8b\x3b\x1e\x01\x20\x90\x45\xd6\x0e\
\x1b\x81\xc3\x49\x84\x36\x82\x5b\x4f\x10\x0e\x0e\x0e\x1a\x38\x12\
\x49\x07\xe2\xb2\x7d\x3a\x9f\xf1\x31\x7c\xc8\xf4\xea\x6f\xc4\x45\
\xf3\x2c\x7a\xf4\xe4\x98\xdf\xb6\x06\x2b\xc2\xf4\x58\x9b\x29\xda\
\xf8\x5a\xde\xe2\x4e\xf5\x84\x34\x68\x79\xfc\x56\x6c\x78\x4d\x2c\
\x53\xb6\x76\x53\xc6\xd9\x5a\xcc\x8d\x78\x68\xb8\x6f\x4b\xf4\x52\
\xf4\xea\x63\xff\x00\x11\x17\xcc\xa3\x36\x25\x4d\x14\x2f\x79\x9e\
\x32\xd6\x34\xba\xc1\xdd\x16\xbb\xad\xf9\x67\xb2\xbf\x86\x0e\x31\
\xc3\x34\xd8\xc5\x5d\x0d\x4c\x84\xb6\x5a\x47\xe7\x8d\xc0\x6b\xe6\
\x14\x64\xc1\x22\x8f\xeb\x2a\x87\xc4\xd7\xc9\x51\x1b\x98\x4d\xb5\
\x2d\xb1\x19\x56\x6d\x1e\x2b\x4d\x57\x4d\x1c\xc2\x78\xc3\x64\x6d\
\xc0\x2e\x57\x7a\x6d\x30\x1f\xf7\x88\xbe\x64\x8b\x4c\x78\xda\x4e\
\x3a\xcf\x9d\x39\xec\x0b\x86\xe8\xab\xf8\x62\x86\x9a\xb6\x8e\x39\
\x59\x15\xf2\xc7\x23\x7d\x5f\x11\xb2\xdb\xd2\xe0\xe2\x97\x11\xab\
\xa9\xcd\x71\x3b\x5a\xdc\x96\xdb\x2d\xff\x00\x35\x92\xda\xda\x66\
\x8d\x27\x88\x7b\x1c\x9f\xa7\xd3\xfe\x26\x2f\x99\x49\xb4\xc9\x14\
\xac\x7d\x39\xdc\x7f\x82\x69\xf1\xca\xfa\x47\xbc\x08\xe9\xe0\x04\
\x8c\x82\xc4\x3a\xf7\x5b\xaa\x4c\x22\x1a\x5a\xa7\xce\x06\x69\x64\
\x68\x69\x27\xa0\x57\x8a\xda\x6f\xc4\x45\xf3\x2c\x7c\x47\x1b\xa6\
\xc3\x68\x66\xa9\x74\xb1\xbd\xb1\x8b\xd9\xae\x0a\xf7\x4c\x91\x48\
\x89\x61\x71\x06\x1d\x05\x5b\xe8\x22\x91\x97\x8c\xd4\x5c\x81\xcf\
\xc2\x56\xc6\x5c\x22\x9a\xa2\x93\xd1\x8b\x32\xc4\x2d\xe1\x1e\x5b\
\x25\x2c\xb4\x93\x39\x85\xf3\xc6\x7b\xb7\x66\x68\x2e\x1a\x1b\x2b\
\xfd\x3e\x9f\xf1\x11\x7c\xca\x6e\x4e\xc8\xde\xd8\x15\x9c\x3d\x15\
\x44\xb5\x0f\x06\xdd\xf4\x4d\x88\xb6\xda\x00\x0e\x8b\x61\x0d\x23\
\x20\x6f\x85\xa0\x1d\x2f\x61\xbd\x86\x8a\x3e\x9f\x4d\xf8\x88\xbe\
\x64\x7a\x7d\x30\xff\x00\x88\x8b\xe6\x52\x66\x65\xae\xd8\x8f\x4e\
\x13\xb4\xfe\x12\xa7\x9f\x85\x31\x19\x60\x82\xf2\x07\xb2\x7c\x8d\
\xd0\x02\xd3\x7b\xff\x00\x15\xb9\x92\x92\x3a\x2c\x2f\x02\x82\x26\
\x06\x46\xc9\x98\x1a\x1a\x36\xf0\x1d\x96\xdb\x15\xf4\x5c\x4b\x0d\
\xa9\xa5\x75\x44\x60\x4a\xc2\xdf\x59\x6b\xf1\x47\xc5\x97\x09\x86\
\x29\x59\x21\x65\x48\xd1\xae\xbe\x99\x4a\xe5\x9b\xcc\xd6\x28\xe2\
\x8c\x71\x17\x9b\x2d\x97\x4e\x26\x97\xff\x00\x6e\xdf\xef\x2c\xeb\
\x7f\x25\x83\x29\xbf\x13\xcd\xff\x00\xb7\x6f\xf7\x96\x7f\x2f\x72\
\xeb\xb9\xc1\xdd\x04\x6c\x83\xba\x10\x43\x99\x42\x6e\x6d\xd2\xb6\
\x54\x5d\x84\x58\x21\x08\xa3\x64\x21\x00\x83\xcd\x13\x41\x09\xe9\
\xd5\x2b\x84\x45\x6e\x1a\xdf\xcd\x34\xde\xdd\x3d\xaa\x3b\x00\x39\
\xa3\x50\x92\x10\x84\x50\xa0\xe3\xaa\x9a\xad\xfc\xfd\xc8\x1f\x41\
\xc9\x3c\x83\x64\x8a\x6e\x3b\x5b\x9a\x04\x45\x8a\x11\xbd\xd0\x83\
\x2a\xc3\xa2\x68\x42\x30\x12\x4d\x24\x52\x1e\xb7\x92\x6f\xd4\x37\
\xc9\x17\x08\xb6\x88\x49\x9f\x50\x8e\x68\x8f\x41\xee\x48\xa9\x67\
\x1a\x68\x86\x83\x76\xb7\x34\xd4\x6f\x77\x20\x93\xaa\x20\x6e\xae\
\xba\x92\x8b\x74\x2a\x48\x13\xb7\x0a\x21\x49\xdb\x85\x10\x6c\x8a\
\x68\x66\xc5\x2b\x85\x26\x82\x10\x93\x42\x10\x88\x10\x84\x20\x10\
\x84\x20\x10\x84\x20\x10\x84\x20\x10\x84\x2b\x00\x42\x10\xae\xc0\
\x84\x23\xaa\x7b\x12\x6e\xc9\xa8\xb7\xfc\x54\x94\x02\x3f\xfe\xa1\
\x07\x64\x18\x18\x85\x0b\xf1\x3c\x3a\xa6\x92\x39\x8c\x0f\x96\x3c\
\xb9\xc0\xd4\x25\x45\xc2\xd8\x7d\x3d\x2c\x50\xba\x96\x29\x1c\xc6\
\x06\x97\x91\x6c\xc4\x0b\x5d\x67\x42\xf1\x1b\x9c\xe7\x38\x35\xad\
\x1a\x93\xa0\x01\x40\x63\xf8\x6e\xff\x00\x58\x52\xfe\xf9\xbf\x9a\
\xa2\xbf\xb3\x78\x6f\xe0\xa1\xf8\x14\x7d\x9a\xc3\x7f\x05\x0f\xc0\
\xab\x7e\xbf\xc3\x7f\xa4\x29\x7f\x7c\xdf\xcd\x1f\x5f\xe1\xbf\xd2\
\x14\xbf\xbe\x6f\xe6\xa8\xab\xec\xde\x1b\xf8\x28\x7e\x05\x23\xc3\
\xb8\x68\x07\xfd\x4a\x2f\x82\xbb\xeb\xfc\x37\xfa\x42\x97\xf7\xcd\
\xfc\xd2\x38\xee\x18\x4f\xfe\x21\x4b\xfb\xe6\xfe\x68\x39\x0e\x30\
\xec\xbe\x3e\x25\x9e\x9e\x4a\x4a\xc7\x61\x62\x11\x62\x22\x6d\xc3\
\xb5\xbd\xf7\x5d\x2d\x37\x0c\x61\xf1\xd3\xc4\xc7\xd2\x44\xf7\xb5\
\xa1\xa5\xc4\x6f\xe6\xb2\x5d\x8f\xe1\x8d\x00\xfd\x61\x4a\x39\x5c\
\xcc\xdf\xcd\x31\x8f\x61\xbf\xd2\x14\xbf\xbe\x6f\xe6\x82\xbf\xb3\
\x78\x6f\xe0\xa1\xf8\x14\x7d\x9c\xc3\x7f\x07\x0f\xc0\xab\x7e\xbf\
\xc3\x7f\xa4\x29\x7f\x7c\xdf\xcd\x1f\x5f\xe1\xbf\xd2\x14\xbf\xbe\
\x6f\xe6\x82\xaf\xb3\x78\x69\xff\x00\x82\x87\xe0\x52\x3c\x39\x86\
\x8f\xf8\x28\x4d\xf4\xd8\xab\xbe\xbf\xc3\x7f\xa4\x29\x7f\x7c\xdf\
\xcd\x1f\x5f\x61\xbf\x8f\xa5\xfd\xf3\x7f\x34\x1c\x36\x31\xd9\x2f\
\xd6\x58\xd9\xae\x8b\x13\x7d\x34\x5d\xe7\x79\xdc\x35\x9e\x11\xa0\
\xf0\x8d\x76\xd1\x76\x4c\xe1\x9c\x38\x30\x35\xd4\x91\x38\x8e\x64\
\x6f\xe7\xba\xb4\xe3\xd8\x60\x70\x1f\x58\x52\xdf\xa7\x7c\xdf\xcd\
\x3f\xaf\xb0\xcf\xe9\x0a\x5f\xdf\x37\xf3\x41\x5f\xd9\xbc\x37\xf0\
\x50\xfc\x0a\x3e\xcd\xe1\xbf\x82\x87\xe0\x55\xbf\x5f\xe1\x9f\xd2\
\x14\xbf\xbe\x6f\xe6\x8f\xaf\xf0\xdf\xe9\x0a\x5f\xdf\x37\xf3\x41\
\x57\xd9\xbc\x37\xf0\x50\xfc\x0a\x8b\xb8\x73\x0d\xb1\x02\x8a\x2f\
\x68\x05\x5f\xf5\xfe\x19\xfd\x21\x4b\xfb\xe6\xfe\x69\x7d\x7d\x86\
\xff\x00\x48\x52\xfe\xf9\xbf\x9a\x0e\x22\x83\xb2\x51\x49\xc4\x31\
\xe2\x2e\xc4\x64\x9a\x9c\x38\x97\x53\x48\xcd\xfd\xf7\x5d\x9f\xd9\
\xbc\x34\xff\x00\xc1\x43\xf0\x2a\x7f\x5f\xe1\x97\xb7\xd6\x14\xb7\
\xb7\xdf\x37\xf3\x52\xfa\xff\x00\x0c\xfe\x90\xa5\xfd\xf3\x7f\x34\
\x15\x7d\x9b\xc3\x7f\x05\x0f\xc0\xa3\xec\xde\x1b\xf8\x28\x7e\x05\
\x5b\xf5\xfe\x1b\xfd\x21\x4b\xfb\xe6\xfe\x68\xfa\xff\x00\x0d\xfe\
\x90\xa5\xfd\xf3\x7f\x34\x15\x7d\x9b\xc3\x7f\x05\x0f\xc0\xac\x3c\
\x5f\x84\xe8\xeb\xb0\xda\x8a\x78\x20\x8e\x9e\x59\x1b\x95\xb2\x35\
\xba\xb4\xf5\xdd\x6c\x7e\xbe\xc3\x0f\xff\x00\xf4\x29\x7f\x7c\xdf\
\xcd\x1f\x5e\xe1\xbf\x8f\xa6\xfd\xf3\x7f\x34\x1c\x6f\x07\xf6\x5a\
\xce\x1c\xaa\x9a\x6a\xba\xe7\x62\x8d\x91\xb9\x43\x25\x66\x50\xd3\
\x7b\xdf\x75\xd6\x8e\x1b\xc3\x7f\x05\x17\xc0\xab\x06\x3f\x86\x11\
\xa6\x23\x4b\x6f\xfd\x66\xfe\x69\xfd\x7d\x86\xff\x00\x48\x52\xfe\
\xf9\xbf\x9a\x0a\xbe\xcd\xe1\xbf\x82\x87\xe0\x51\xf6\x6f\x0d\xfc\
\x14\x3f\x02\xad\xfa\xff\x00\x0d\xfe\x90\xa5\xfd\xf3\x7f\x34\x7d\
\x7f\x86\xff\x00\x48\x52\xfe\xf9\xbf\x9a\x0a\xbe\xcd\xe1\xbf\x82\
\x87\xe0\x56\x9b\x8a\x38\x0e\x97\x1e\xc2\xdd\x47\x4c\x5b\x87\x48\
\x5c\x3f\x4d\x18\xbb\x80\xe7\x6d\x56\xfb\xeb\xfc\x37\xfa\x42\x97\
\xf7\xcd\xfc\xd2\x38\xee\x1b\xbf\xd6\x14\xb6\xff\x00\xd6\x6f\xe6\
\x83\x9a\xe0\xfe\xce\xa0\xe1\xca\x49\x21\xa9\x9c\x62\x4e\x7b\xae\
\xd7\xca\xcb\x64\x1d\x37\x5d\x08\xe1\xbc\x36\xdf\xf7\x28\xbe\x0a\
\x63\x1e\xc3\x1d\x63\xf5\x85\x2d\xb9\x7e\x99\xbf\x9a\x97\xd7\xd8\
\x6f\xe3\xe9\x7f\x7c\xdf\xcd\x05\x5f\x66\xf0\xdf\xc1\x43\xf0\x28\
\xfb\x37\x86\xfe\x0a\x1f\x81\x56\xfd\x7f\x86\xff\x00\x48\x52\xfe\
\xf9\xbf\x9a\x3e\xbf\xc3\x7f\xa4\x29\x7f\x7c\xdf\xcd\x05\x5f\x67\
\x30\xd1\xff\x00\x05\x0f\xc0\xae\x5f\x8c\x7b\x32\x8b\x89\x4d\x3f\
\xa2\x55\x1c\x2f\xba\xbe\x61\x13\x33\x67\xbd\xb7\xd5\x75\xbf\x5f\
\xe1\xbf\xd2\x14\xbf\xbe\x6f\xe6\xa2\xfc\x7f\x0b\x68\xcc\x71\x1a\
\x50\x39\x93\x33\x7f\x34\x1a\x8e\x1c\xe0\x9a\x5c\x1f\x0a\x8a\x8e\
\xa7\x2d\x7c\xac\x24\x99\xe4\x6d\x8b\xbf\x8a\xda\x7d\x9b\xc3\x7f\
\x05\x0f\xc0\xab\x06\x3d\x86\x8d\xeb\xe9\x7f\x7c\xdf\xcd\x3f\xaf\
\xf0\xdf\xe9\x0a\x5f\xdf\x37\xf3\x41\x57\xd9\xbc\x37\xf0\x50\xfc\
\x0a\x3e\xcd\xe1\xbf\x82\x87\xe0\x55\xbf\x5f\xe1\xbf\xd2\x14\xbf\
\xbe\x6f\xe6\x8f\xaf\xf0\xdf\xe9\x0a\x5f\xdf\x37\xf3\x41\x57\xd9\
\xcc\x34\x03\xfe\xa5\x15\x8f\x20\x17\x1f\xc4\x5d\x96\xbf\x14\xc6\
\x86\x21\x87\xe2\xb2\xe1\x39\x5a\xd6\xb6\x38\x59\x71\xa7\xbd\x76\
\x9f\x5f\x61\x9f\xd2\x14\xbf\xbe\x6f\xe6\xa5\x1e\x31\x41\x51\x23\
\x63\x8a\xb2\x09\x24\x27\x46\xb2\x50\x4f\xf0\x28\x34\xb4\xf0\x3a\
\x9b\x1c\xee\xa4\x90\xc8\xf6\xd2\xb4\x17\xbb\x72\x6f\xba\xda\x6c\
\x7d\xcb\x0a\x51\x7e\x25\x98\xdb\x4e\xe1\xbf\xde\x59\xc4\x6b\xee\
\x59\x01\x42\x10\xa0\x10\x84\x20\x8b\x87\x89\x21\xb2\x1e\x75\x45\
\xd1\x42\x11\xba\x11\xa0\x84\x21\x02\x1c\xd0\x76\x4d\x45\xde\xb0\
\x46\x02\x10\x84\x68\x21\x08\x45\x45\xfa\x80\xa3\xb2\x93\xf6\x37\
\x51\x3b\x20\x68\x45\xb5\x42\x0c\xb4\x21\x08\xc0\x42\x10\x80\x42\
\x10\x81\x26\x91\x42\x2e\xcc\x68\x4a\x12\xb7\x92\x2d\xe4\x8b\xb0\
\xd1\xb2\x99\x50\x1c\x94\xd1\x94\x4b\xae\x53\x68\xd1\x01\xb6\x52\
\x40\xb2\x84\x21\x08\x04\x21\x08\x04\x21\x08\x04\x21\x08\x04\x21\
\x08\x04\x21\x08\x04\x21\x0a\x81\x08\x42\x80\x46\xc8\x46\xeb\x5b\
\x12\xb6\x5f\x3d\x53\x51\xcf\xfc\xd0\x1d\x72\x81\x9f\x55\x1c\x93\
\x77\xf8\x25\xc9\x51\x87\x88\x5b\xea\xda\xdb\xfd\xcb\xbf\x92\x86\
\x0d\x83\xd1\x3b\x0a\xa3\x2e\xa5\x84\xde\x16\x1d\x58\x3a\x05\x65\
\x79\xb6\x1d\x5a\x4e\xdd\xcb\xbf\x92\xbf\x05\x77\xfd\x93\x47\x6f\
\xb9\x67\xf7\x42\x10\x97\xd4\xb4\x1f\x83\x83\xf7\x61\x1f\x52\xd0\
\x7e\x0e\x0f\xdd\x85\x96\x49\x37\x51\xce\x7a\xa2\x6d\x8d\xf5\x2d\
\x07\xe0\xe0\xfd\xd8\x47\xd4\x94\x1f\x83\x83\xf7\x61\x65\x77\x88\
\x2e\x3d\x54\x56\xaf\x10\xe1\x5c\x3e\xbf\xb8\xff\x00\x57\x8a\x3e\
\xea\x41\x20\xca\xc1\xad\x8d\xec\x56\x48\xc1\x28\x35\xbd\x1c\x17\
\x26\xff\x00\xec\xc2\xcb\xcc\x7a\xa3\x39\x4f\x28\xc5\xfa\x92\x83\
\xf0\x70\x7e\xec\x23\xea\x5a\x0f\xc1\xc1\xfb\xb0\xb2\xbb\xc4\x66\
\x2a\x8c\x5f\xa9\x68\x3f\x07\x07\xee\xc2\x47\x06\xa0\xfc\x1c\x1f\
\xbb\x0b\x2c\x38\xde\xda\x7b\xd1\x74\x56\xb2\x6e\x18\xa0\x9a\xb6\
\x9e\xa3\xd1\xa2\x69\x89\xaf\x19\x72\x0b\x1c\xd6\xfc\x96\x4f\xd4\
\x94\x1f\x83\x83\xf7\x61\x65\x87\x84\x17\x5f\x62\x9e\x53\x6c\x4f\
\xa9\x68\x3f\x07\x07\xee\xc2\x3e\xa5\xa0\xfc\x1c\x1f\xbb\x0b\x2f\
\x31\x46\x75\x15\x89\xf5\x2d\x07\xe0\xe0\xfd\xd8\x47\xd4\xb4\x37\
\xd2\x8e\x0f\xdd\x85\x97\x9d\x01\xfb\xdc\x20\xd5\x37\x86\x28\x1b\
\x5c\xfa\x9f\x46\x88\x97\x30\x33\x2e\x41\x6d\x16\x57\xd4\x94\x1f\
\x83\x83\xf7\x61\x65\xde\xc8\x2f\xb2\x23\x13\xea\x5a\x0f\xc1\xc1\
\xfb\xb0\x8f\xa9\x28\x3f\x07\x07\xee\xc2\xcb\xcf\xaa\x45\xe8\x31\
\x7e\xa5\xa0\xfc\x1c\x1f\xbb\x09\xfd\x4b\x41\xf8\x38\x3f\x76\x16\
\x50\x79\x28\xce\x8a\xd5\xd0\xf0\xbe\x1f\x43\x1b\xd8\x29\xa2\x78\
\x7b\xcb\xfc\x4c\x1a\x5c\xdd\x64\xfd\x4b\x41\xf8\x38\x3f\x76\x16\
\x5d\xfc\xd1\x7b\x27\x91\x89\xf5\x2d\x07\xe0\xe0\xfd\xd8\x47\xd4\
\xb4\x1f\x83\x83\xf7\x61\x65\x67\x4e\xea\x8c\x4f\xa9\x68\x3f\x07\
\x07\xee\xc2\x84\xd8\x05\x04\xd0\xbe\x3f\x44\x85\xa1\xed\x2d\x24\
\x46\x16\x75\xd1\x9e\xca\x79\x1a\xea\x3e\x1c\xa0\xa4\xa7\x8e\x2f\
\x46\x85\xe1\x8d\xb5\xcc\x62\xe5\x5d\xf5\x25\x07\xe0\xe0\xfd\xd8\
\x59\x45\xe9\x97\x72\x26\xc5\x3c\xa3\x0c\xe0\xd4\x03\xfe\x0a\x0f\
\xdd\x84\xc6\x0b\x40\x7f\xe0\xe0\xfd\xd8\x59\x45\xd6\x46\x7b\xf9\
\x2a\xac\x5f\xa9\x28\x3f\x07\x07\xee\xc2\xc6\xc4\xb8\x62\x83\x10\
\xa2\x92\x9c\xd3\x42\xc0\xf1\xeb\x08\xc6\x8b\x66\x5c\x42\x59\xc8\
\xf3\x51\x18\xc3\x04\xa1\x00\x03\x49\x01\xb7\xff\x00\xac\x23\xea\
\x4a\x0f\xc1\xc1\xfb\xb0\xb2\xf3\xe8\x82\xe2\x13\x63\x13\xea\x5a\
\x0f\xc1\xc1\xfb\xb0\x8f\xa9\x28\x3f\x07\x07\xee\xc2\xca\xb9\x4b\
\x31\x57\xc8\xc6\x38\x25\x07\xe0\xe0\xfd\xd8\x5a\xac\x6f\x0e\xa5\
\xa5\x97\x0d\x7c\x34\xf1\xc4\xf3\x52\x06\x66\x36\xc7\xd5\x2b\xa0\
\x0e\x2b\x4f\xc4\x47\xc5\x86\xff\x00\xee\x87\xf7\x4a\x8a\xa9\xfa\
\x71\x2c\xde\x74\xed\xfe\xf2\xcc\x06\xff\x00\x05\xc9\x71\x97\x1f\
\x60\x7c\x0d\xc4\x02\x4c\x66\xb5\xb4\x8d\x9a\x10\x23\xcc\x09\xbe\
\xbe\x41\x6b\xa8\xbb\x76\xe0\xbc\x46\xb6\x0a\x4a\x7c\x61\xb2\x4f\
\x2b\xc3\x1a\xdc\x8e\x1a\x9e\x5b\x28\x3b\xeb\xee\x9f\xb1\x71\x3c\
\x4b\xdb\x0f\x0b\xf0\x8e\x28\xfc\x3f\x13\xc4\x5b\x05\x5b\x5a\x1c\
\x5a\x5a\xe3\xa1\xf6\x05\x91\xc3\xbd\xa9\xf0\xf7\x15\x52\xd7\xd4\
\xe1\xd5\xa2\x78\x28\x58\x1f\x50\x40\x23\x28\xf7\xa8\x3a\xe4\x5e\
\xde\xe5\xe6\x1f\xff\x00\xb1\xbc\x0f\xfd\x26\x40\xda\xd9\x1d\xf9\
\x2d\xef\x11\x76\xb1\xc3\xdc\x2d\x41\x87\x56\x62\x15\x66\x38\x2b\
\xdb\x9a\x12\xd6\x6e\x2d\x74\x1d\x96\x5d\x76\x50\xff\x00\x05\xc3\
\xf0\xb7\x6c\xfc\x35\xc6\x38\xb3\x30\xdc\x32\xa5\xd3\x55\x3d\xa5\
\xcd\x05\xa4\x6c\xb0\x31\x3e\xdf\xb8\x4b\x0a\xc4\x6a\x68\x67\xa8\
\x9b\xd2\x29\xe4\x74\x72\x06\xc6\x6c\x1c\x0d\x8a\x0f\x47\xbf\x98\
\x40\xd4\x5f\x92\xe3\x87\x6a\xf8\x13\xf8\x44\xf1\x23\x65\x90\xe1\
\xad\x90\x44\x4e\x5f\x16\x6f\x62\xd1\xd0\xfd\x21\xb8\x4e\xbe\xb6\
\x0a\x58\x64\xa8\x32\xcc\xf1\x1b\x09\x8e\xc2\xe7\x6b\xa3\x4f\x4d\
\x42\xe5\x31\x0e\xd3\x30\x6c\x2f\x8c\x21\xe1\xa9\xdf\x2b\x71\x09\
\xb2\xe4\xf0\x78\x49\x3c\xae\xba\xbe\x64\x21\xb2\x26\xc8\x22\xe6\
\xe8\x22\xe8\x71\xb3\x4a\x26\xd1\x4d\x26\x9b\x84\xd5\x50\x84\x20\
\x28\xaa\xdc\x6e\x48\x4f\x90\x51\xfd\x77\x29\x7e\xa8\x40\x21\x22\
\xef\x12\x68\x32\xd0\xaa\x7f\xaa\xa4\xdd\x8a\x30\x9a\x10\x84\x02\
\x10\x84\x02\x10\x84\x02\x10\x91\xd9\x02\x73\xac\x0a\x90\x26\xfb\
\xa1\x17\xb1\x45\xd2\x48\x51\x76\xa4\x24\xdf\x59\x04\x8b\x80\x43\
\x2e\x5b\x75\x19\x37\x09\xb3\x9a\x22\x48\x49\xdb\x14\x99\xb2\x09\
\x21\x08\x40\x21\x08\x40\x21\x08\xbf\x24\x02\x10\x84\x02\x10\x84\
\x02\x10\x84\x02\x89\x36\x25\x49\x07\x62\x82\x2c\xd4\x6a\xa4\x06\
\xa9\x33\x40\x9a\x07\x22\x7c\x94\x4e\xa1\x4a\xfe\x15\xad\x8c\x0c\
\x55\xe6\x3c\x27\x10\x73\x5b\x98\xb6\x07\xba\xdd\x74\x3a\x2e\x2b\
\x86\xea\xf8\x9e\x41\x0d\x41\xa6\x10\xd2\x54\x42\xc0\xc8\x5c\xeb\
\x96\x10\x06\xa7\xa6\x8b\xb8\xaf\x3f\xf6\x7d\x6f\xfe\x8b\xbf\x92\
\xc8\xc1\xda\x3e\xa9\xa2\x24\x7f\xb9\x67\xf7\x42\xe3\xb5\x66\xdf\
\x6e\x5a\x5e\x2b\x1a\xd3\x92\x93\x18\xe2\xb3\x1b\x9b\x4f\x86\xc3\
\x23\xb3\x16\xe6\x73\x88\xcb\x6b\x6b\xbe\xab\x31\x98\x9f\x10\x36\
\xba\x96\x19\x69\xa1\x60\x9d\xa7\xc5\xa9\x0c\x23\xad\xba\xd9\x75\
\xed\x00\x6c\x10\x58\x09\x06\xdb\x2c\x7c\x5f\xf5\xa9\xc9\x1f\xeb\
\x0e\x3e\x4c\x57\x89\x21\x2f\x3f\x57\x45\x2b\x06\x82\xce\xd6\xdd\
\x56\x24\x58\x9f\x15\x45\x4b\x19\x7d\x0b\x64\x7d\xfd\x50\xed\x6d\
\xb8\xba\xef\x2c\x8b\x27\xc5\x3f\x95\xf9\x63\xfd\x61\xc4\x9c\x6b\
\x89\x20\x7f\xa4\xc9\x87\xb4\xd3\x31\x97\x92\x36\xfa\xc0\xda\xf7\
\x1d\x6c\xb2\x3e\xb2\xe2\x22\x7b\xc6\x50\xc2\xe8\xdc\x49\xca\xe7\
\x58\x86\xd8\x5b\x9e\xfb\xae\xb5\xe0\x39\xb6\x3b\x14\x98\x00\x16\
\x1c\x95\xf8\xe7\xf2\x9f\x24\x7f\xac\x39\x19\x31\x6e\x23\xef\x9a\
\xf6\xe1\x8c\x31\x11\x91\xcc\x73\xf6\x37\xde\xfd\x2d\x74\x51\xe3\
\x3c\x41\x2b\x4c\x92\xe1\x8c\x0d\x2f\xca\xd0\x1d\x62\x05\xed\x7d\
\x57\x60\xe6\x87\x0b\x20\x00\x02\xbf\x1c\xfe\x53\xe4\xaf\xfa\xb8\
\x8c\x33\x11\xe2\x57\xc3\x33\xe6\xa0\x60\x21\xa3\x2b\x64\x3c\xc7\
\x30\xb6\x8c\xc4\xb1\x83\x4e\xd1\xf5\x78\xf4\xac\xa0\x9f\x1f\x80\
\xe9\x7d\xd7\x46\x8b\x2b\x14\x98\xfb\x49\xbc\x4f\xd3\x97\x65\x66\
\x3d\x03\x1e\xd7\x52\xc5\x33\xef\x70\xe6\x3a\xc0\x0f\xd9\xf6\xac\
\x49\x71\x7c\x7c\xe4\x6b\xa9\x62\x80\xc9\x21\x6b\x1f\xab\xac\x2c\
\x4e\xa3\xdc\xbb\x3d\x02\x4e\x6b\x5d\xa1\x01\x49\xa4\xcf\xd9\x17\
\x8f\xc3\x8b\x97\x18\xe2\x57\xc7\x14\x94\xd8\x7c\x72\x6e\xd7\xb1\
\xee\xca\x0d\x8e\xfd\x42\xb2\xa7\x14\xe2\x59\x20\xa8\x31\xe1\xb1\
\x43\x23\x5a\x0c\x67\x3e\x6b\x9b\xea\x17\x60\xd6\x06\x8d\x13\xb2\
\x7c\x7f\xf5\x7e\x48\xff\x00\x58\x71\xb3\xe2\x9c\x47\x49\x03\xe5\
\x7d\x14\x72\xd9\x9a\x36\x37\x0f\x69\x3f\x0e\x4b\x5d\x43\x8f\x71\
\x2d\x35\x44\xb2\x4f\x86\x77\x90\x3c\x87\x80\x5c\x0b\x9a\xdf\xcf\
\xc9\x7a\x13\x9a\x08\xd4\x24\x1a\xde\x8b\x33\x8a\x7e\xa5\xb8\xcb\
\x58\xf7\x48\x79\x9d\x4f\x13\xf1\x53\x6a\x85\x48\xc2\x1c\x29\xda\
\xf2\x19\x10\xde\x46\xd8\x9b\x9e\x9b\x2e\x82\x97\x88\x31\xca\xb6\
\x8f\xfb\x1f\xba\xbc\x22\x4c\xcf\x70\x02\xe7\xf5\x7e\x0b\xab\x2d\
\x6f\x30\xa7\x61\x6f\x25\x23\x15\xa3\xfb\x13\x96\xb3\xea\x90\xf3\
\x9a\x5e\x30\xe2\x36\xc5\x1c\x95\x38\x2b\xce\x79\x9c\x0b\x58\x35\
\x0d\xe5\xfe\x2b\x70\xec\x63\x1f\x10\xc6\x63\xc3\x59\x33\xe5\x75\
\xc1\x0e\xb0\x63\x7c\xef\xcd\x75\x79\x1b\xd1\x4c\x00\x05\x95\x8c\
\x53\x1f\xd9\x27\x25\x67\xd5\x5c\x55\x16\x31\xc4\xed\x15\x66\x7c\
\x2d\xb2\xe4\x77\xe8\xec\xe0\xdb\x8b\x72\x59\xad\xc5\xb1\xe9\x5d\
\xe1\xc2\xe3\x8c\x65\xb8\xef\x24\xd7\x37\x4d\xd7\x50\x85\xaf\x8e\
\x7f\x2c\xf7\xc4\xff\x00\x58\x73\x55\x75\xf8\xfb\x20\xbc\x78\x7c\
\x2e\x93\x4b\x90\xfd\x3c\xf9\xa5\x2e\x2d\x8e\x47\x0b\x0f\xd5\x4d\
\x7c\x96\xbb\xb2\xc8\x2c\x3c\x97\x4c\x85\x7b\x3f\xeb\x31\x78\xfc\
\x39\x19\xb1\x9c\x7e\x2a\x19\xa6\x7e\x19\x1b\x08\xb5\x9a\x24\xb9\
\xd7\x73\xbf\x25\x38\x31\x2e\x20\xab\x94\xc4\xda\x18\xe1\x63\x40\
\x3d\xfc\x8e\xd1\xde\xc0\xba\xb2\xd0\x46\xc8\x00\x04\xec\x9f\xca\
\xf7\xc7\xfa\xb9\x9a\x8c\x57\x1c\x89\xd6\x6e\x16\xc9\x1b\xb0\x22\
\x41\xbf\xc5\x57\x26\x25\xc4\x79\x9a\xc6\xe1\xb4\xe4\xdb\x33\xaf\
\x26\x80\x5f\x51\x7b\xee\xba\xa4\x58\x74\x57\xb3\xfe\xa4\x5e\x3f\
\x0e\x72\x9f\x10\xc6\xdc\xc8\xcc\xb8\x6c\x60\xb9\xc3\x30\x12\x6c\
\xdf\x8e\xe9\x35\xd8\xbc\xf5\xb1\xcf\xe8\xa2\x18\x18\x1c\x1d\x13\
\x9f\x72\xee\x85\x74\x80\xdd\x35\x3b\x27\xf2\x93\x68\x9f\xa7\x17\
\x5f\xc4\xf8\xed\x14\x94\xec\x6e\x0d\xde\x99\xde\x5a\xd0\xd7\xdc\
\x80\x39\xb9\x49\x98\x8f\x13\x8a\x17\xd4\x3e\x82\x07\x54\xb8\x78\
\x69\x43\xfc\x2c\xf6\x9b\xae\xc0\xb0\x13\x7b\x6a\x98\x00\x2c\xfc\
\x73\xbd\xf7\x39\x3e\x4a\xeb\x5d\xb0\xe2\x9f\x8b\x71\x21\x9a\x18\
\xdb\x45\x10\x7b\x9b\x99\xc1\xc7\xc3\x7d\xed\xfe\x0a\x34\x18\xcf\
\x12\xe2\x0e\x9d\xc3\x0f\x8a\x06\x67\xca\xc6\xc8\xeb\x11\x6d\xcf\
\x98\x5d\xb3\x98\x1f\xcb\x50\x80\xc0\x39\x27\xc7\x3f\xec\x9f\x24\
\x7f\xac\x38\x7a\xee\x21\xe2\x8a\x79\x7b\xb8\xb0\x56\xc9\x96\x46\
\x8e\xf0\x3e\xe1\xec\x3b\x95\x7c\xd8\xe7\x12\x48\x64\x8a\x1c\x25\
\x8c\x94\x6a\xd7\x97\xf8\x48\xe9\xed\x5d\x92\x2c\xa4\x62\xb4\x7f\
\x69\x5f\x92\xbf\xeb\x0e\x36\x5e\x23\xc6\xe9\x84\x8c\x97\x0a\xb3\
\xd9\x08\x96\xf1\xbb\x30\x26\xf6\xcb\xed\x51\x9b\x1a\xe2\x6f\x49\
\xa7\x6b\x70\x88\x83\x08\x25\xe3\xbc\xbf\x2d\x05\xee\xbb\x27\x35\
\xa7\x70\xa4\x00\x01\x6b\xb2\x7f\x29\xf2\x57\xfd\x61\xca\xfd\x6b\
\xc4\x46\x36\x9f\xaa\xe1\x63\x80\xbb\x9a\xe9\x2f\xa7\x41\xae\xeb\
\x5b\x57\x89\x63\x75\x75\xf8\x4b\x6b\x68\x63\xa6\xa7\x13\x83\x23\
\xda\xeb\xf8\xb2\x9b\x59\x77\x87\x65\xa6\xe2\x3f\x5b\x0c\xff\x00\
\xdd\x37\xfb\xae\x4e\xc9\xfc\xb3\x37\x89\xfa\x69\xf1\xce\x1f\xc3\
\x31\xfe\x20\x7b\x71\x2a\x1a\x7a\xc6\xc7\x10\xcb\xdf\x46\x1d\x94\
\xdf\x95\xd2\xa6\xec\xfb\x86\xe9\x66\x64\xd1\x60\xf4\x6c\x99\x8e\
\xcc\xd7\x36\x20\x0b\x4f\x25\xb2\x94\x7f\xf9\x34\xe7\xff\x00\xd0\
\xdf\xef\x2c\xf6\x7a\xab\x6e\x36\x9b\x13\xe1\x1c\x13\x16\xad\x35\
\x35\x98\x55\x25\x54\xee\x16\x32\x4b\x13\x5c\x6c\x36\x1b\x29\xd0\
\xf0\xc6\x11\x85\x45\x34\x54\x98\x75\x35\x34\x53\x8c\xb2\x36\x28\
\xda\x03\x87\x9f\x55\xb5\xe7\xef\x51\x7e\xfe\xf4\x58\x68\xdb\xc0\
\x5c\x35\xfd\x07\x87\xff\x00\x56\x67\xe4\xb3\x2a\xf8\x73\x09\xae\
\x8e\x18\xaa\xb0\xda\x5a\x98\xa2\x16\x8d\xb2\xc2\xd7\x06\x0f\x2d\
\x34\x5b\x24\xb9\xa2\xcb\x5b\x43\xc3\x18\x3e\x19\x38\x9e\x8f\x0b\
\xa3\xa5\x98\x0b\x07\xc3\x03\x5a\x40\xf6\x80\xa1\x2f\x08\xe0\x73\
\x4c\xf9\xa4\xc1\xe8\xa4\x91\xe4\x97\x3d\xd4\xed\x2e\x24\xf3\x26\
\xcb\x6c\x84\x65\x80\x30\x0c\x31\x94\x3e\x85\xe8\x14\xde\x87\x7b\
\xf7\x22\x26\xe5\xbf\x5b\x5a\xcb\x19\xbc\x31\x82\x46\xe6\xba\x2c\
\x26\x85\x8e\x04\x10\x5b\x4e\xc0\x45\xbd\xcb\x70\x76\x2a\xbb\x83\
\x6d\x95\x1e\x2b\xda\xa4\x71\xb3\xb6\x2e\x0c\x90\x30\x36\x47\xc9\
\xe2\x3c\xce\xbc\xfa\xaf\x6b\xbf\x88\x9f\x35\xe7\xfc\x65\xc4\x98\
\x46\x17\xc7\x3c\x3d\x41\x59\x84\xb6\xb2\xbe\xa9\xdf\xa0\xaa\x76\
\xf0\xea\xbd\x04\xee\x8b\xa2\x41\xd8\xa0\x21\x44\x40\x6c\x9a\x10\
\xb5\x21\x34\xdc\x1f\x6a\x68\x42\xcb\x68\x16\x9c\xc4\xa0\x7a\x9e\
\xf5\x34\x20\xa9\xde\xb0\x52\x77\xf8\x24\x45\xdd\x73\xb2\x76\xb2\
\x0b\x9f\xea\xa9\x03\x66\x94\x9f\xea\x94\x8f\xa8\x51\x25\x30\xeb\
\x29\x0d\x54\x3f\x24\xda\x6e\x0f\x92\x32\x77\xdd\x35\x55\xee\xef\
\x6a\xb0\x1b\x84\x0d\x08\x42\x01\x24\xd0\x81\x5c\x23\x74\x59\x08\
\xb0\x13\x03\xc5\x74\x24\x1d\x63\x64\x24\x3f\x52\x13\x66\xe5\x30\
\x01\xb9\xb2\x4d\x36\xb9\x44\x48\xec\x52\x66\xc8\x3a\x82\x86\x6c\
\x81\x93\x64\x24\x45\xd0\x4e\x5b\x20\x68\x48\x1b\xa6\x80\x51\xfd\
\x73\xec\x52\x51\x3a\x3e\xfe\x48\x24\x84\x5c\x20\x1b\xa0\x10\x84\
\x20\x10\x84\x20\x13\x49\x08\x04\x26\x12\xfd\x41\xed\x40\x21\x9e\
\xa9\x42\x19\xea\x14\x18\xb8\x87\xfe\x1d\x5b\xb0\x1d\xcb\xb7\xf6\
\x15\x6e\x0b\x57\x0f\xd5\x34\x5f\xa6\x8f\xfd\x83\x3f\x58\x7e\xc8\
\x54\xe2\x34\x73\xd7\xe1\xf5\x54\xd4\xd3\x8a\x79\xe5\x8c\xb5\xb2\
\x96\xe6\x0d\xf7\x28\x50\x70\xb5\x14\x14\x54\xf0\xcb\x0b\x64\x91\
\x91\x86\xb9\xe0\x90\x1c\x6d\xa9\xdd\x6a\x06\xdb\xd2\xe0\xfb\xe8\
\xfe\x70\x8f\x4a\x87\xef\xa3\xf9\x82\xc1\xfb\x35\x87\x7e\x18\x7c\
\xce\xfc\xd3\xfb\x37\x87\x7e\x18\x7c\xce\xfc\xd5\x19\xbe\x95\x0f\
\xdf\x47\xf3\x04\x8d\x64\x03\x79\xa3\xf9\xc2\xc3\xfb\x37\x87\x7e\
\x18\x7c\xce\xfc\xd2\x3c\x37\x87\xe9\x6a\x61\x7f\xfa\x8f\xe6\x82\
\x75\xd8\xdd\x2d\x17\x73\x9e\x56\xda\x59\x04\x6d\x21\xc3\x73\xb2\
\xc9\x6d\x5c\x3f\x7d\x1f\xce\x17\x0f\xc6\x7d\x9d\x57\xe3\x73\x52\
\xbb\x07\xc4\xd9\x84\xc7\x17\xae\xd3\x19\x93\x31\xbd\xee\x2e\x74\
\x2b\xa7\xa4\xe1\x8a\x38\xe9\xa3\x6c\xd0\xb6\x49\x43\x40\x73\xee\
\x46\x63\xd7\x74\x1b\x3f\x4a\x87\xef\xa3\xf9\x82\x3d\x2a\x1f\xbe\
\x8f\xe6\x0b\x0b\xec\xde\x1d\xf8\x61\xf3\x3b\xf3\x47\xd9\xbc\x3b\
\xf0\xc3\xe6\x77\xe6\x83\x37\xd2\xa1\xfb\xe8\xfe\x60\x83\x57\x08\
\xff\x00\x7d\x1f\xcc\x16\x17\xd9\xbc\x3b\xf0\xc3\xe6\x77\xe6\x91\
\xe1\xbc\x3a\xdf\xf7\x61\xf3\x3b\xf3\x41\x64\xd8\xc5\x2c\x75\x70\
\x53\x99\x99\x9e\x60\xe7\x37\xc4\x36\x16\xbf\xf3\x59\x02\xb2\x12\
\xd0\x7b\xe8\xfe\x70\xbc\xf7\x1a\xec\xd3\x17\xad\xc7\x05\x5d\x1e\
\x36\xda\x4a\x31\x21\x73\x69\xcc\x59\xb2\xb4\x81\x76\xdf\xdc\xbb\
\x46\x70\xce\x1e\x18\x03\xa9\xc1\x36\xd4\xe6\x3a\x9e\xbb\xa0\xd8\
\x7a\x5c\x3f\x7d\x1f\xcc\x11\xe9\x50\xfd\xf4\x7f\x30\x58\x5f\x66\
\xf0\xef\xc3\x0f\x99\xdf\x9a\x3e\xcd\xe1\xdf\x86\x1f\x33\xbf\x34\
\x19\xbe\x97\x0f\xdf\x47\xf3\x04\xbd\x32\x0f\xbe\x8f\xe6\x0b\x0f\
\xec\xde\x1d\xf8\x61\xf3\x3b\xf3\x51\x77\x0d\x61\xf6\x36\xa6\x68\
\x3c\xbc\x47\xf3\x41\x68\xc5\xe9\x5f\x5b\x25\x30\x99\xa2\x46\x30\
\x3c\xf8\x85\xac\x56\x50\xaa\x86\xdf\xed\xa3\xf9\x82\xf3\xcc\x3f\
\xb3\x6c\x62\x97\x88\xe2\xad\x97\x1c\x8e\x7a\x06\xe8\xea\x5e\xea\
\xc5\xc2\xdb\x5d\x76\xdf\x66\xf0\xef\xc3\x0f\x99\xdf\x9a\x0c\xdf\
\x4a\x87\xef\xa3\xf9\x82\x3d\x2a\x1f\xbe\x8f\xe7\x0b\x0b\xec\xde\
\x1d\xf8\x61\xf3\x3b\xf3\x47\xd9\xbc\x3b\xf0\xc3\xe6\x77\xe6\x83\
\x37\xd2\xe1\x1f\xef\xa3\xf9\x82\x3d\x32\x0f\xbe\x8e\xdf\xf5\x05\
\x85\xf6\x6f\x0e\xfc\x30\xf9\x9d\xf9\xac\x2c\x5f\x85\x60\xaa\xc3\
\x27\x86\x8e\xd4\x95\x2e\x6d\xa3\x98\x92\xec\x87\xad\xae\x83\x61\
\x45\x8c\xd2\xd7\xb1\xef\x8e\x56\x00\xd7\xb9\x84\x97\x8d\xc1\xb2\
\xca\xf4\xb8\x7e\xfa\x3f\x98\x2e\x07\x82\xfb\x38\xc4\xf0\x4a\xa9\
\x9f\x8c\x62\xec\xc5\x60\x91\xb6\x10\xb6\x3e\xef\x29\xbd\xef\xa2\
\xec\x07\x0d\xe1\xd6\xff\x00\xbb\x0f\x99\xdf\x9a\x0c\xef\x4a\x87\
\xef\xa3\xf9\x82\x3d\x2a\x1f\xbe\x8f\xe6\x0b\x0b\xec\xde\x1d\xf8\
\x61\xf3\x3b\xf3\x47\xd9\xbc\x3b\xf0\xc3\xe6\x77\xe6\x83\x37\xd2\
\xa1\xfb\xe8\xfe\x60\xaa\x9f\x12\xa7\x82\x17\xc8\xe9\xa3\xb3\x41\
\x24\x67\x1c\x96\x3f\xd9\xbc\x3b\xf0\xc3\xe6\x77\xe6\xb4\xbc\x57\
\xc1\x6f\xc5\x70\x87\xd3\xe1\x35\x0d\xc2\xea\x9c\x45\xa7\x2d\x2f\
\xb0\xe9\x62\x83\xa0\xa4\xc4\xe9\xaa\xa0\x8e\x66\xca\xd0\xc7\x8b\
\xb6\xee\x0a\xff\x00\x4b\x80\xff\x00\xbe\x8f\xe6\x0b\x8f\xe0\xde\
\x03\xa9\xc1\x68\xa5\x83\x18\xad\x6e\x2a\xf7\x11\x95\xe1\xa5\x81\
\xa3\xa5\x81\x5d\x10\xe1\xac\x38\x7f\xc3\x0f\x99\xdf\x9a\x0c\xef\
\x4a\x87\xef\xa3\xf9\x82\x3d\x2a\x1f\xbe\x8f\xe6\x0b\x0b\xec\xde\
\x1d\xf8\x61\xf3\x3b\xf3\x47\xd9\xbc\x3b\xf0\xc3\xe6\x77\xe6\x83\
\x34\xd5\xc1\xf7\xd1\xfc\xc1\x63\x62\x38\xcd\x2e\x1b\x47\x25\x44\
\xb3\x33\x23\x05\xcd\x9c\x15\x5f\x66\xb0\xef\xc3\x0f\x99\xdf\x9a\
\xe5\xf8\xd7\xb3\xea\xec\x71\xb4\xed\xc1\xb1\x26\x61\x0c\x65\xc4\
\xa1\xd1\xf7\x99\xef\x6b\x6e\x83\xb4\x65\x64\x24\x7f\xb6\x8f\xde\
\xe0\xa5\xe9\x50\xfd\xf4\x7f\x30\x5c\xef\x0e\x70\x68\xc3\xf0\xb8\
\xe0\xc4\xe6\x6e\x25\x56\xd2\xe2\xea\x8b\x16\x66\x04\xe9\xa5\xd6\
\xd7\xec\xde\x1d\xf8\x61\xf3\x3b\xf3\x41\x9b\xe9\x50\xfd\xf4\x7f\
\x38\x47\xa5\x43\xf7\xd1\xfc\xc1\x61\x7d\x9b\xc3\xbf\x0c\x3e\x67\
\x7e\x68\xfb\x37\x87\x7e\x18\x7c\xce\xfc\xd0\x66\x1a\xc8\x76\x33\
\x47\xf3\x85\xa7\xe2\x0a\x88\xa4\x7e\x16\x1b\x23\x5c\x7d\x28\x68\
\xd7\x03\xfa\xae\x59\x67\x86\xb0\xeb\x1b\x53\x0b\x9f\xf9\x8f\xe6\
\xb8\xfe\x24\xec\xfb\x1d\xae\xc6\xd9\x59\x82\xe3\xed\xc1\xe9\xda\
\x1a\x1b\x07\x73\xde\x58\x8d\xcd\xcf\x54\x1d\x1c\x87\xff\x00\xc9\
\x27\xeb\xdc\x37\xfb\xcb\x39\xae\xb0\xf7\x2d\x5d\x2c\x32\xc5\x8c\
\x98\xa7\x93\xbe\x99\x94\xac\x0e\x96\xd6\xcc\x6f\xa9\x5b\x3b\x00\
\x3d\xcb\x20\x1b\xfb\xd2\x93\xd6\xf7\xa9\x34\x0e\xbc\xd2\x70\xcc\
\xee\x9a\xa8\xb0\x68\x4a\xe9\xa3\x41\x08\x42\x32\x0e\xa1\x56\xe6\
\xe5\xd7\x92\xb1\x45\xe6\xc2\xf7\xb2\xa8\xf2\xfe\xd0\x38\x43\x15\
\xc6\xbb\x47\xe1\x6c\x4e\x8e\x9b\xbd\xa3\xa2\x75\xe6\x97\x30\xf0\
\x8b\xaf\x4f\x27\xc4\xef\x6a\xf2\x5e\xd2\x31\xdc\x47\x0f\xed\x4b\
\x84\x68\xe9\xab\x25\x82\x8e\xa1\xc0\x4d\x0c\x67\xc2\xed\x79\xaf\
\x5b\x22\xce\x76\xba\x5d\x46\xa0\x82\x0e\xc5\x01\x08\xca\x09\xa6\
\xed\x02\x88\xd4\x5d\x6a\x40\x0d\xd3\x51\x0d\xb1\x52\x59\x6c\x21\
\x08\x41\x09\x36\x41\xfd\x5f\x62\x93\x9b\x99\xb6\x51\x79\xb0\x1a\
\x6c\x10\x64\x1d\x92\x23\x4b\x27\x6d\x40\x51\x27\xc4\x10\x3e\x45\
\x30\x6c\xd4\xda\x2e\x12\x23\x5b\x23\x28\x34\xdd\xc1\x58\xdd\x92\
\xb0\x09\xb7\x64\x25\x24\x21\x08\x81\x08\x42\x01\x24\xd2\x45\x83\
\x4b\x74\xd0\x8d\x00\x48\x1a\x25\x6d\x13\x42\x21\x01\x6d\x2e\xa6\
\x05\x94\x07\xae\x14\xd1\x01\x36\x0a\x24\x92\x06\x89\xbb\xd5\x28\
\x02\xed\x08\x84\xdd\xca\x92\x00\xb2\x10\x0a\x2e\xd4\xa9\x28\x9f\
\x59\x04\x5b\xb1\x4d\xa0\xb5\x30\x05\xca\x92\x01\x08\x42\x01\x08\
\x42\x01\x08\x42\x01\x08\x4c\x8b\x1b\x20\x4a\x43\xc2\xd3\x65\x13\
\xb2\x1e\x74\xf7\x2b\x01\xc0\x6c\xf7\x79\x6f\x75\x78\xa9\x8f\xef\
\x19\xf3\x05\xac\xc4\xb5\xc3\xeb\x85\xcf\xfb\x17\x6c\x6d\xcb\xaa\
\xa3\x08\xe1\xda\x09\x70\xca\x47\x3a\x12\x4b\xa1\x61\x24\xbc\xeb\
\x70\x3c\xd6\x86\xef\xd2\x63\xfb\xc6\x7c\xc1\x1e\x93\x1f\xde\x33\
\xe6\x0b\x03\xec\xd6\x1f\xf7\x1f\xda\x28\xfb\x35\x87\xfd\xc7\xf6\
\x8a\x0c\xff\x00\x49\x8f\xef\x19\xf3\x04\x7a\x4c\x7f\x78\xcf\x98\
\x2c\x0f\xb3\x58\x7f\xdc\x7f\x68\xa3\xec\xd6\x1f\xf7\x1f\xda\x28\
\x33\x5d\x51\x10\xff\x00\x7a\xcf\x98\x21\xb5\x31\x5b\xfd\xa3\x0f\
\xff\x00\x20\xb4\xd8\x8f\x07\x50\x55\xf7\x05\xad\x74\x7d\xd4\x81\
\xfa\x3c\xf8\xac\x76\x59\x4d\xe1\xbc\x3c\xdf\xf4\x1b\x9e\x4e\x28\
\x36\x3e\x93\x1f\xde\x33\xe6\x08\xf4\x98\xfe\xf1\x9f\x30\x58\x1f\
\x66\xb0\xff\x00\xb8\xfe\xd1\x47\xd9\xac\x3f\xee\x3f\xb4\x50\x67\
\xfa\x4c\x7f\x78\xcf\x98\x25\xe9\x31\x7d\xe3\x3e\x60\xb0\x7e\xcd\
\x61\xdf\x71\xfd\xa2\x97\xd9\xac\x3f\xee\x7f\xb4\x50\x66\xba\xa6\
\x20\x45\xa4\x8f\x6d\x3c\x61\x48\x54\xc5\x6f\xf6\x8c\xf9\x82\xd3\
\x4f\xc2\x34\x12\xd6\xd3\x4d\x91\xc0\x44\x1c\x32\x07\x9b\x3a\xf6\
\xfc\x96\x50\xe1\xac\x3f\xee\x0f\xcc\x50\x6c\x3d\x26\x2f\xbc\x67\
\xcc\x11\xe9\x31\xfd\xe3\x3e\x60\xb0\x3e\xcd\x61\xff\x00\x71\xfd\
\xa2\x8f\xb3\x58\x7f\xdc\x7f\x68\xa0\xcf\xf4\x98\xfe\xf1\x9f\x30\
\x47\xa4\xc5\xf7\x8c\xf9\x82\xc0\xfb\x35\x87\xfd\xc7\xf6\x8a\x3e\
\xcd\x61\xff\x00\x71\xfd\xa2\x83\x34\x54\x47\x73\xfa\x56\x7c\xc1\
\x4b\xd2\x62\xfb\xc6\x7c\xc1\x69\x9b\xc2\x34\x2d\xaf\x7c\xf9\x5c\
\x5a\xe6\x06\x64\xce\x6c\x3c\xd6\x57\xd9\xac\x3f\xee\x3f\xb4\x50\
\x67\xfa\x4c\x7f\x78\xcf\x98\x23\xd2\x63\xfb\xc6\x7c\xc1\x60\x7d\
\x9a\xc3\xfe\xe3\xfb\x45\x1f\x66\xb0\xff\x00\xb8\xfe\xd1\x41\x9f\
\xe9\x31\xfd\xe3\x3e\x60\x97\xa4\x44\x7f\xde\x33\xe6\x0b\x07\xec\
\xd6\x1f\xf7\x1f\xda\x28\x1c\x37\x87\x83\xfe\xc0\xfc\xc7\xf3\x41\
\x9a\x2a\x62\x27\xfd\xab\x3e\x60\x9f\xa4\xc7\xf7\x8c\xf9\x82\xd3\
\xd0\x70\x85\x0d\x1c\x72\x31\xcd\x32\x66\x7b\x9e\x0b\x9e\xed\x2e\
\x6f\x65\x93\xf6\x6b\x0f\xfb\x83\xf3\x14\x1b\x0f\x49\x8f\xef\x19\
\xf3\x04\x7a\x4c\x7f\x78\xcf\x98\x2c\x0f\xb3\x58\x7f\xdc\x7f\x68\
\xa3\xec\xd6\x1f\xf7\x1f\xda\x28\x33\xfd\x26\x3f\xbc\x67\xcc\x12\
\x35\x31\xdb\xfd\xa3\x7d\xb9\x82\xc1\xfb\x35\x87\xfd\xc7\xf6\x8a\
\xaa\x7e\x16\xc3\xe5\x86\x48\xc4\x45\xa5\xed\x22\xe1\xe7\x4d\x2d\
\xd5\x06\xcb\xd2\x22\x3f\xef\x19\xf3\x05\x2f\x49\x8f\xef\x19\xf3\
\x05\xa8\xa3\xe1\x6a\x08\x29\xa3\x89\xd1\x17\xb9\xa2\xd9\x8b\xcd\
\xff\x00\x9a\xc8\xfb\x35\x87\xfd\xc1\xf9\x8a\x0c\xff\x00\x49\x8f\
\xef\x19\xf3\x04\x7a\x4c\x7f\x78\xcf\x98\x2c\x0f\xb3\x58\x7f\xdc\
\x7f\x68\xa3\xec\xd6\x1f\xf7\x1f\xda\x28\x33\xfd\x26\x3f\xdb\x67\
\xcc\x14\x4d\x44\x43\xfd\xe3\x07\xff\x00\x20\xb0\xbe\xcd\x61\xff\
\x00\x71\xfd\xa2\xb1\x31\x3e\x10\xa1\xad\xa1\x96\x06\x31\xd1\x3d\
\xc3\x47\x87\x9d\x10\x6e\x05\x44\x57\xff\x00\x68\xcf\x66\x60\xa5\
\xe9\x31\xfd\xe3\x3e\x60\xb5\xac\xe1\xac\x3e\xda\xc3\x73\xd7\x31\
\x53\xfb\x35\x87\xfd\xc7\xf6\x8a\x0c\xff\x00\x49\x8f\xef\x19\xf3\
\x04\x7a\x4c\x7f\x78\xcf\x98\x2c\x0f\xb3\x58\x7f\xdc\x7f\x68\xa3\
\xec\xd6\x1f\xf7\x1f\xda\x28\x33\x8d\x4c\x5f\x78\xcf\x98\x20\x4d\
\x1c\x86\xc1\xed\x27\xa0\x70\x2b\x03\xec\xce\x1d\xf7\x1f\xda\x2b\
\x5b\x8b\x61\x14\xb8\x74\xf8\x6c\x94\xec\x74\x6e\x35\x20\x12\x1e\
\x75\x19\x4e\x88\x2f\x7e\xbc\x4b\x31\x1b\x7a\x3b\x7f\xbc\xb3\xb2\
\xff\x00\x25\x82\xff\x00\xfc\xcd\x51\xff\x00\xa0\xdf\xef\x2d\x80\
\xdb\xdc\xb2\x20\x63\xb5\xd2\xbe\xa1\x58\x75\x2a\xb1\xeb\xd9\x45\
\x81\xcc\x7b\x13\x51\x6e\xe5\x3e\x68\xbb\x34\x21\x08\xc8\x26\xc1\
\x40\x92\xeb\x29\xaa\xde\x0d\x8d\xb9\x74\x41\xc0\xf1\x9d\x17\x0c\
\x4f\xc7\x7c\x3d\x2e\x2d\x55\x24\x58\xc4\x67\xfd\x4e\x26\x9f\x0b\
\xf5\xe6\xbb\xf1\xb9\xfe\x4b\xc7\x3b\x50\xa4\x9e\x7e\xd6\xb8\x36\
\x58\xa0\x91\xd1\xb1\xc3\x33\xd8\xcb\x81\xaf\x32\xbd\x90\xea\xe3\
\xcc\xdf\x74\x6a\x11\xb2\x60\x59\x08\x43\x44\xe1\x70\xa2\x34\xd1\
\x4d\x45\xde\xb0\x40\x21\x26\x9b\x83\xed\x4d\x14\x21\x08\x40\x24\
\x45\xd3\x42\x0b\xaf\xa8\x2a\x1f\xae\x3c\x93\xb8\x4d\x12\x64\x59\
\x08\x42\x24\x20\x46\xea\xc6\xec\xab\x70\x37\x57\x21\x28\xb8\xd8\
\x28\x87\x66\x52\x71\xe4\x92\x2a\x5f\xac\x87\x6c\x51\xfa\xc8\x3a\
\x84\x64\xd0\x90\xba\x68\x11\x17\x40\xd1\x34\x91\x4d\x09\x5c\x26\
\x8d\x10\xf5\x82\x6f\xbe\x9a\xa4\x41\xb5\xd2\x00\xdf\x54\x66\x53\
\xbe\x88\x6e\xca\x36\x52\x69\xe4\x88\x68\x40\x20\xa1\x00\x91\x09\
\xa1\x00\x05\x90\x84\x20\x10\x84\x20\x10\x84\x20\x10\x84\x20\x10\
\x84\x20\x0e\xb7\x43\x82\x63\xd5\x72\x0a\xd4\x0c\x6c\x43\xff\x00\
\x0d\xad\xeb\xdc\xbb\xf9\x2b\xf0\x63\xff\x00\x65\x51\x7f\xe8\xb3\
\xfb\xa1\x62\xe2\x65\xdf\x54\xd6\x96\x80\x5e\x29\xde\x40\x3c\xf4\
\x5c\x1e\x1f\x8c\xf1\x4c\x34\xd8\x7c\x15\x14\xcd\x8e\x9a\xad\xb1\
\x88\xe6\x8c\x5c\xc4\x6f\xb3\x87\x4b\x73\x5b\x8a\xed\xa8\xae\xde\
\xa3\x98\x0e\x69\x87\x8e\xab\x81\x1c\x5f\x8b\xb2\x28\x69\x5d\x41\
\x27\xd6\x32\xcf\xdd\xe6\x74\x7f\xa3\x03\x91\xba\xbe\x6a\xfc\x66\
\x5a\xd9\x70\xf9\xe3\x74\x22\xb3\x48\xa5\x69\xd2\x30\x07\x88\xdc\
\x75\xd6\xca\xf6\xaf\xc6\xee\x33\x8b\x90\x93\x9c\x06\xe4\x2f\x2b\
\xc3\x3b\x41\xc5\x68\x29\xe5\x15\x34\x93\x56\xba\x39\x5d\x4e\x1b\
\x14\x47\x31\x23\x62\x7c\xad\x6d\x53\xc5\x38\xb3\x1f\xaf\xc0\xe3\
\xa7\x8e\x9f\xd1\xb1\x5a\x89\x18\xe8\x73\x34\x86\xe4\x3a\xda\xfd\
\x74\x56\x29\x2b\x18\xe5\xea\x57\x69\x1a\x1b\xa4\x64\x63\x1c\xd6\
\x92\x03\x9d\xb3\x4e\xe5\x79\xcf\x0b\xf1\x86\x2d\xe9\xd5\x30\xe2\
\x74\xb5\x2f\x92\x26\x64\x11\xb2\x3d\x1c\xf0\x75\x70\x3d\x12\xe2\
\x5c\x7b\x17\x18\x85\x0d\x4b\x70\x8a\x88\x9c\xc8\xe5\x01\xcd\xb3\
\x83\x6f\x96\xc4\x80\x7d\xa9\xd9\x3b\xd1\xd9\x3b\xd3\xd2\x09\x03\
\xaf\xb5\x3b\x8b\x5e\xeb\xce\xb0\xfe\x26\xc4\xa8\x71\x01\x5b\x5a\
\x65\xa9\xc1\xe6\x69\x8c\x96\x33\xc5\x0c\x80\xf3\x1b\xeb\xb7\xbd\
\x59\x87\x71\x26\x39\x2c\x52\x56\x36\x86\x52\xd9\xa5\x2c\x64\x32\
\x0b\x16\xb4\x1d\xf5\xea\x2c\xa7\x64\x9d\x92\xf4\x13\x6b\x6f\x75\
\x1d\x3a\xaf\x30\x97\xb4\x4c\x53\x1e\x6d\x1c\xf8\x56\x13\x58\xc8\
\x4c\xc0\x66\x7b\x07\x8e\xc0\xe6\x1b\xff\x00\x15\xd1\x50\xf1\x65\
\x44\x4f\xab\x6d\x65\x34\xb2\x4f\x1e\x57\x36\x18\x59\xe2\x6b\x48\
\x07\x5f\x8a\x9d\x92\x4d\x25\xd7\x1b\x01\xfc\x54\x3b\xe6\x07\x16\
\xe7\x19\x9b\xbb\x6f\xb2\xe0\x31\x3e\x25\xc7\x23\xae\x99\x92\x51\
\x4d\x4d\x0c\xb1\xb5\xf1\x4a\xc1\x76\xb2\xde\xb6\x6f\x71\x0b\x51\
\x8a\x62\xd8\x8c\x55\x13\x54\x1a\x69\x1f\xf5\xb9\x64\xb0\xba\x20\
\x6d\x13\x23\xda\xff\x00\xf5\x05\x7e\x39\x92\x29\x2f\x59\x16\x36\
\xea\x99\x3a\xaf\x24\x1c\x71\x89\xc7\x5b\x86\x4f\x5b\x0c\xcd\x70\
\xef\x3b\xc6\x44\xc3\x60\xde\x44\x8f\x67\x35\x9e\x78\xd3\x1c\x8b\
\x18\x84\xcb\x87\xbc\x47\x2b\x7b\xb8\xc3\x5b\x76\xdd\xdb\x3a\xe3\
\xd8\xac\xe3\x95\xf8\xe5\xe9\x97\xeb\xb2\x44\x85\xe6\xc7\x8e\x71\
\xf3\x5e\x30\xc6\x50\xb5\xf8\x84\x72\x66\x98\x81\xe0\xc9\x7d\x81\
\xea\x42\xdb\x8e\x31\xc4\x5d\x52\x43\xb0\x6a\x88\xa9\xe3\x77\xe9\
\x5e\xeb\x5d\xa2\xdb\x8b\x1d\x54\xec\x98\x4e\xc9\x76\x05\xcd\x07\
\x29\x70\xb9\xea\x54\x83\xb5\x5e\x77\x5b\xc4\x15\x31\xd7\x52\xe2\
\x35\x51\x10\xca\x38\xbb\xe7\xc7\x08\x24\xbd\xaf\x1d\x3a\xdc\x85\
\x4e\x2b\xc6\xd8\x90\x73\xf1\x3c\x2f\x0e\xaa\xa9\x89\xf1\x32\x08\
\xe3\x2c\xb0\x06\xf7\x2f\x23\xdf\x6f\x72\x76\x49\xd9\x32\xf4\xbc\
\xe1\xc3\xc9\x17\x16\xdd\x79\xcd\x47\x1f\xe2\x26\x82\x98\x37\x0b\
\x9e\x3a\xb7\xce\x23\x94\x16\xd9\xac\xe9\xaf\x9e\xab\x27\x16\xe2\
\x2c\x66\x94\xcd\x14\xf4\x4f\x81\xb2\xb8\x32\x29\x99\x62\x1a\x6f\
\xb9\xb6\xc2\xc9\xd9\x27\xc7\x2e\xf6\xe2\xe8\xba\xf3\x87\x71\xae\
\x30\xfa\x29\x62\xa7\xc3\xe5\xa9\xa8\x86\x68\xc3\xa4\x8b\x29\x0e\
\x8c\xe8\x4e\xfe\x4b\x62\x38\xf2\xaa\x19\xa6\x8e\xa7\x07\xa8\x8b\
\xb8\x6d\xe4\x76\x66\x90\xd0\x4d\x81\xdf\x9a\x76\x49\xf1\xcb\xb6\
\xd0\xf3\xb2\x34\x5e\x66\xfe\x31\xc7\x59\x8d\x7a\x04\x70\x67\x73\
\x88\x7b\x5c\xf6\x58\x39\xa7\x5b\x03\xe4\xb6\xd5\x1c\x5f\x89\xe1\
\xb2\x98\xaa\x30\x89\xa6\x24\x66\x0f\x8a\xd9\x40\xe9\xbe\xe9\xd9\
\x2b\xd9\x2e\xde\xf7\x09\x5f\xc9\x70\xb5\x5c\x6d\x8a\xc0\xd8\xe9\
\x8e\x03\x55\xe9\x93\x92\xd6\x65\xb1\x63\x75\xd0\x93\x7f\x7a\x1b\
\xc6\x98\xac\x42\x88\x7d\x4f\x3c\x90\xbc\x91\x24\xcd\x03\x91\xb1\
\x20\x6f\xf1\x4e\xc9\x4e\xc9\x77\x57\x4f\x36\xb6\x5c\x0d\x47\x1a\
\xe3\x22\x3a\xc7\xc5\x83\x3e\x4e\xe4\xb6\x36\x30\x1f\x11\x79\x3b\
\x9f\x2b\x5d\x5b\x59\xc4\xbc\x46\xc7\x45\x0c\x78\x31\x33\x49\x1e\
\x6e\xf3\x30\x2d\x63\xaf\x6b\x1f\xf3\xb2\x76\x4a\x76\x4c\x3b\x9c\
\xc1\x19\xd7\x1d\x27\x17\xd6\x61\xb4\x91\x8a\xec\x36\x66\x55\x38\
\x80\x1a\x08\x20\xf5\x76\x87\x40\x34\xf8\xac\x31\x8e\x71\x1d\x7d\
\x3c\x13\x53\xc2\xd8\x62\x64\x6e\x96\x67\x39\x81\xc5\xfa\x12\xd0\
\xdf\xe0\x13\xb6\x4e\xd7\x78\x4a\x57\x69\xe6\xb8\x0a\x9e\x2f\xc5\
\xea\xe9\xa3\xa3\x8f\x0f\x92\x9b\x10\x95\x80\xdd\xf6\xca\xed\x2e\
\xe0\x3d\xc4\x2c\x2e\x1c\xe2\x7c\x6b\x08\xc2\x22\xa5\xaa\xc3\x2a\
\xb1\x19\xa3\xfd\x1b\x8c\x44\x17\x07\x5f\x99\x24\x68\x9d\x93\xf9\
\x6b\xb2\x5e\x9a\x08\x40\x20\xae\x5a\x6c\x7f\x15\x8e\x48\x0f\xd5\
\x4e\x0c\x9c\x86\x35\xa5\xc3\x33\x4d\xaf\x73\xc8\x05\x82\x38\xbb\
\x14\x97\x14\x34\xac\xc3\x66\x8b\xbc\x25\x91\x77\x8d\xd2\xed\xd5\
\xce\x24\x72\x37\x00\x7b\x0a\x45\x65\x9e\xd9\x76\xe6\xc3\x9a\x2f\
\x65\xe6\x73\x76\x8b\x8d\xc6\x63\x8b\xea\x47\x1a\xb6\x38\x32\x68\
\x73\x0b\x9d\x2f\x76\xfb\x81\x59\x4c\xe3\x5c\x5d\x92\x57\x7f\xd9\
\x33\xb5\xef\xd6\x91\xb2\xdb\x29\xf0\x02\x43\xac\x4a\x76\x4a\xfc\
\x72\xf4\x2c\xfa\xa7\x99\x79\x7b\xbb\x47\xc6\x22\x9e\x78\xa6\xc2\
\x5d\x1c\x94\xdd\xd9\x94\x12\x2d\x63\x7b\xb8\x1e\x62\xf6\xf8\xad\
\x9c\x9c\x6d\x8d\xf7\xb4\xad\x8f\x01\x97\xfd\x60\x3b\x26\x67\x0d\
\xc0\x26\xe7\xa6\xdc\xd3\xb2\x53\xb2\x5d\xe9\x72\xd3\x71\x11\x19\
\xb0\xcf\xfd\xd0\xfe\xeb\x97\x2d\x3f\x1d\x62\x66\x59\x59\x1d\x0b\
\x99\x35\x14\x7d\xe5\x54\x32\x37\xd6\x1d\x1a\x42\xbe\x3e\x20\xac\
\xc5\x0e\x10\xea\xfa\x27\xd1\x89\xa6\x63\xe3\xe7\x7f\x09\xdf\xa2\
\x9d\xb3\x07\x66\xa1\xbd\x93\xff\x00\x33\x4f\xff\x00\xb7\x6f\xf7\
\x96\x61\xe4\xb0\xdc\x3f\xfc\x9a\x7f\xfd\x06\xff\x00\x79\x66\x72\
\xf8\x2c\x30\xb0\x6b\x65\x5e\xcf\x2a\x6d\xd8\x2a\xdf\xbf\xbd\x65\
\x60\xda\x34\xf7\xa3\x9a\x69\x73\x45\x93\x42\x10\x8c\x85\x17\xec\
\x2d\xbf\x2d\x51\x7b\x85\x12\x3a\x20\xf3\x9e\x37\xe3\xaa\xfe\x1e\
\xe3\xfe\x1c\xc1\xa9\x99\x03\xe9\x6b\x88\x12\x3a\x46\x5d\xc3\x5d\
\x6c\x57\xa3\xda\xc4\x85\xe7\xfc\x69\xc1\x3f\x5f\x71\xdf\x0f\x62\
\xc7\x14\xa5\xa5\xf4\x03\xff\x00\x76\x9d\xe0\x3e\x4d\x7f\x57\xaa\
\xf4\x13\xeb\x11\xa6\xfc\x91\xa8\x22\x52\x6e\xc8\xb0\xba\x77\x08\
\x04\x1d\x8a\x47\xc4\x2c\x0a\x89\xd0\xd9\x0d\x81\xaa\x6a\x2c\xbe\
\xde\x6a\x48\xa1\x08\x42\x01\x08\x42\x0b\x6c\x85\x1c\xd6\xdd\x01\
\xd7\x28\xca\x48\x42\x11\x02\x79\xbc\x92\x48\x0b\x22\xc8\x26\xef\
\x07\xa2\x68\x45\x91\x52\x1b\x94\xd2\x07\x52\x9a\x32\x10\x84\x9c\
\x6c\x10\x34\x21\x08\x11\x1a\x26\x84\x22\x84\x24\x9a\x2f\xb0\x93\
\x5d\xce\xc8\x48\x37\xcd\x13\x49\x81\x97\x54\xc1\xb8\x51\xcc\x48\
\x4d\xba\x35\x10\xd0\x90\x75\xc9\x4d\x00\x84\x21\x00\x84\x21\x00\
\x84\x21\x00\x84\x21\x00\x83\xb2\x60\x5c\xd9\x19\x3c\xc9\x54\x3d\
\xc5\x93\xb6\x88\x4b\xcf\x92\xb3\x3a\x18\x75\xe7\xfe\xcc\xab\xe7\
\x68\x1d\xfc\x95\xd8\x44\x42\x4c\x26\x87\x30\xcd\x68\x58\x45\xff\
\x00\xe9\x0a\x9a\xff\x00\xfc\x36\xb0\x7f\xfa\x1d\xfc\x96\x4e\x0a\
\x6d\x84\x51\x6a\x0f\xe8\x59\xfd\xd0\xaf\x93\xd3\x2b\xba\x07\x7d\
\x79\xea\x99\x89\xa4\x83\xa1\x23\x62\x46\xca\x44\xdf\xff\x00\xb4\
\x90\x52\xda\x68\xd8\xe2\xe6\xb1\xad\x24\xdc\x90\x37\x2a\x32\x51\
\x45\x2b\xe3\x7b\xd8\xd7\x3a\x33\x99\xa4\x8f\x54\xf5\x0b\x27\x37\
\xf9\xba\x0b\x93\xca\xee\x55\xf7\x40\x5c\x80\x2f\xd6\xc9\x77\x57\
\x3a\x5a\xdd\x3f\x9a\xaa\xb2\xbe\x2a\x11\x11\x95\xd9\x44\x8f\x11\
\xb4\xf5\x24\xe8\x16\x40\x37\xdc\xa2\x2a\x65\x14\x71\xb0\xb1\xac\
\x68\x69\xd4\x8b\x69\x75\x31\x0e\x96\xd1\x4d\x08\xbb\x55\x15\x2b\
\x61\x68\x6b\x18\xd6\x30\x68\x1a\xd1\x60\x10\xda\x56\x47\x2b\xa4\
\x6b\x5a\xd7\xba\xc0\xb8\x0d\x4f\xbd\x5a\x8b\xdb\xa2\x22\x0f\x80\
\x48\xc2\xc2\x01\x69\x1a\xb4\xea\x14\x0d\x1b\x0c\x3d\xd6\x46\xe4\
\x03\x28\x16\xd8\x28\xcd\x5b\x14\x35\x70\x53\xb9\xd6\x96\x60\xe2\
\xc1\xd7\x2d\xaf\xfc\xd6\x40\xdb\x70\x83\x19\x98\x7c\x2c\x76\x6e\
\xe9\x99\xad\x6b\x91\x73\x6e\x8a\xd1\x03\x40\x6e\x82\xcd\xf5\x74\
\xd9\x5a\x1d\xfe\x6e\x82\x6f\xd3\xe2\x9e\x57\x6c\x68\xf0\xf8\x62\
\x91\xd2\x47\x1b\x1b\x2b\xf5\x73\xc0\xd4\xab\x4c\x00\x8d\x75\xb7\
\x22\xa6\x84\x45\x1e\x83\x16\x72\xee\xed\x84\x91\x94\x92\x37\x1d\
\x14\xc4\x01\xa2\xcd\x19\x07\xfc\xa2\xca\x1e\x99\x13\xaa\xdf\x4c\
\x1d\xfa\x56\xb7\x31\x6f\x40\xb2\x03\xbf\xcd\xd0\x54\xea\x76\xbf\
\xd6\x68\x3c\xf5\x1c\xd2\x96\x9a\x39\xe2\x74\x72\x34\x48\xc7\x02\
\x1c\xd2\x34\x37\x57\x13\x7e\x9f\x14\xbd\xe1\x17\x6c\x5a\x3c\x3a\
\x0c\x3e\x26\xc5\x4f\x1b\x63\x8d\xa2\xc0\x00\xa6\x68\xe2\x73\x9e\
\xe7\x46\xc2\x5c\x2c\x4e\x51\xa8\xf3\x57\xfc\x11\x7d\x50\x54\xea\
\x58\xdc\xe0\xe2\xc6\x17\x37\x62\x5b\xb7\xb1\x4c\xc5\x99\xb6\x36\
\x3e\xdd\x55\x54\x95\x91\x56\x31\xcf\x89\xd9\x83\x5c\x58\x7d\xa0\
\xd8\xab\xfe\x08\x88\x98\xf4\x48\x47\x6b\xec\xa6\x84\x15\xb6\x20\
\xd2\x6c\x05\xce\xe6\xda\x94\xfb\x9d\x6f\xe4\xa6\xa3\x24\xad\x86\
\x27\xc8\xe3\x66\xb0\x12\x4a\x0a\xe4\xa3\x6c\xc7\xf4\x8d\x6b\xc6\
\xda\x8b\xa9\x32\x01\x13\x1a\xc6\x86\xb5\xad\xd0\x00\x2c\x02\x29\
\x6a\x5b\x55\x0b\x25\x61\x05\x8e\x17\x05\x59\xa2\x0c\x67\xd0\x45\
\x2d\x44\x53\xbd\x81\xd2\xc5\x7c\x8e\x23\x51\x75\x63\x60\x0c\x24\
\xb4\x00\x4e\xa6\xc2\xd7\x56\xa1\x17\x68\xf7\x57\x23\xa2\x5d\xd5\
\xce\xc1\x4e\xea\x8a\xea\xd8\xb0\xfa\x67\xcf\x29\xb4\x6d\x17\x25\
\x0d\x98\xa2\x85\xb2\xba\x51\x1b\x04\x86\xde\x3c\xba\xfc\x54\xbb\
\x81\xa1\xb0\xbd\xef\x7b\x29\xb6\xfd\x7c\x36\xd1\x48\x1b\x74\xf8\
\xa2\x31\xa6\xa1\x86\x70\xec\xd1\x46\xe2\xe1\x62\x5c\xdb\x92\x3a\
\x15\x60\x83\x6b\xdb\x4e\x4a\xdc\xdf\xe6\xe9\x2b\xb9\x5d\xaa\xf4\
\x56\x67\x2e\x2d\x6e\x62\x2c\x48\x68\xd5\x6a\xb8\x86\x30\xd7\x61\
\x7d\x3d\x28\x6d\xff\x00\x4b\x96\xe9\x69\xb8\x8d\xd6\x38\x61\x1a\
\xff\x00\xad\x8f\xee\xb9\x67\xca\x6d\x5b\xf4\xe2\x49\xff\x00\xf4\
\x1b\xaf\xff\x00\x25\x98\xff\x00\x0b\x7f\x82\xc4\x93\xff\x00\x32\
\x4f\xff\x00\xa0\xdf\xef\x2c\xc9\x35\xd1\x34\x24\x36\x0a\xb9\x37\
\xf7\xab\x36\x55\x6e\x42\xc8\x9a\x39\xa5\x74\xd1\x64\x24\x76\x29\
\xa8\x97\x13\x70\x88\x5c\x90\x7e\x08\x3b\x20\xa0\xf1\x7e\xd5\x49\
\x1d\xb0\x70\x4b\x73\x16\xdd\xc0\x81\xe7\x7d\x57\xb4\x90\x73\x1f\
\x6f\x4b\x2f\x3e\xe3\x4e\x21\xc1\xb0\xce\x3b\xe1\xfa\x1a\xdc\x1a\
\x3a\xda\xfa\xa3\xfe\xaf\x58\xed\xe1\x37\xdd\x77\xf6\x0d\x71\xeb\
\xd4\x04\x6a\x0c\x22\xc8\x08\x46\x40\x0a\x2e\x3e\x20\x9b\x8d\xac\
\x96\xfb\xaa\x22\xc1\xad\xfa\x72\x52\xd9\x20\x00\xd9\x35\x1b\x08\
\x42\x10\x0a\x27\x52\xa4\xa3\xcc\xfb\x10\x58\x45\xd4\x41\xb3\x94\
\x90\x88\x61\xdb\xdd\x04\xf4\x49\x08\x9a\x48\x1d\x35\x4d\x43\xd5\
\xd5\x4e\xe8\xa1\x16\x42\x11\x4b\x6d\x94\xc1\xd3\x75\x14\x07\xd8\
\x0d\x11\x9d\x26\xa0\xfd\xbd\xe8\x8c\xd8\xa4\xe7\xdc\xdb\xc9\x11\
\x26\x1b\x85\x25\x06\x68\xd5\x2b\xa0\x68\x42\x10\x24\xd0\x84\x50\
\x84\xac\x3a\x22\xc3\xa2\x2e\xc0\xd9\x49\xbb\x28\xa9\xdf\x44\x65\
\x16\xfa\xc5\x49\x45\xa7\x52\xa4\x80\x42\x10\x80\x42\x10\x80\x42\
\x10\x80\x42\x10\x81\x8d\xd3\xd4\x5b\xd8\xa2\x86\xfa\xe4\xaa\x26\
\x74\x36\x47\x2f\x24\x24\xef\x54\xa5\x86\xbb\x1d\xce\x70\x8a\xb8\
\xe3\x95\xb0\xcb\x24\x65\xad\x91\xc0\x90\x2f\xbe\xcb\x49\x43\x43\
\x81\xc1\x45\x04\x52\xd5\x55\xf7\x8c\x60\x0e\xc9\x51\x2e\x5b\xdb\
\x96\xab\xaa\x68\x0e\xd0\x80\x74\xe6\x13\x11\xb3\x6e\xed\x9f\x28\
\x4d\x8e\x6f\xd1\x78\x7f\xf1\x75\xbf\xd6\x26\xfc\xd1\xe8\xbc\x3f\
\xf8\xba\xdf\xeb\x13\x7e\x6b\xa4\xee\xa3\xfb\xb6\x7c\xa1\x1d\xd4\
\x7f\xb0\xdf\x94\x2b\xb1\xcd\xfa\x2f\x0f\xfe\x2e\xb7\xfa\xc4\xdf\
\x9a\x5e\x8d\x80\x1d\xaa\xeb\x7f\xac\xcd\xf9\xae\x97\xba\x8f\xf6\
\x1b\xf2\x84\x77\x51\xfe\xc3\x3e\x50\x9b\x1e\x65\xc6\x58\x04\x98\
\x8c\xf4\x87\x05\xc5\xe4\x82\x36\x0b\xbd\xb5\x13\x4c\xef\x17\x27\
\x05\xd2\x53\x52\xe0\x6d\x86\x31\x35\x65\x63\xa5\xca\x33\xb8\x54\
\x4d\x62\x79\x9d\xd7\x53\xdd\x47\xfb\x0d\xf9\x42\x3b\xa8\xfe\xed\
\x9f\x28\x4d\x8e\x6f\xd1\x78\x7f\xf1\x75\xbf\xd6\x26\xfc\xd1\xe8\
\xbc\x3f\xf8\xba\xdf\xeb\x13\x7e\x6b\xa4\xee\xa3\xfd\x86\xfc\xa1\
\x1d\xd4\x7f\xb0\xdf\x94\x26\xc7\x37\xe8\xbc\x3f\xf8\xba\xdf\xeb\
\x13\x7e\x68\xf4\x5e\x1f\x3b\x55\xd6\xff\x00\x59\x9b\xf3\x5d\x27\
\x75\x1f\xec\x37\xe5\x08\x31\x47\xf7\x6d\xf9\x42\x6c\x79\x46\x33\
\x80\x56\x55\x63\x8c\xa8\xa2\xc6\x9c\xca\x20\xf2\x63\x64\x92\xca\
\x5e\xd6\x9b\x68\x3e\x05\x76\x2d\xa7\xc0\x72\x82\xea\xca\xdc\xdc\
\xed\x51\x36\xff\x00\x15\xd2\xf7\x51\xfd\xdb\x7e\x50\x9f\x75\x1f\
\xdd\xb3\xe5\x09\xb1\xcd\xfa\x37\x0f\xfe\x2e\xb7\xfa\xc4\xdf\x9a\
\x3d\x17\x87\xff\x00\x17\x5b\xfd\x62\x6f\xcd\x74\x9d\xd4\x7f\xb0\
\xdf\x94\x23\xba\x8f\xf6\x1b\xf2\x84\xd8\xe6\xfd\x1b\x87\xc7\xfc\
\x5d\x6f\xf5\x89\xbf\x35\x17\xd3\x60\x05\xa6\xd5\x95\xa0\xff\x00\
\xee\x25\xfc\xd7\x4d\xdd\x47\xf7\x6c\xf9\x42\x3b\x98\xfe\xed\x9f\
\x28\x4d\x8f\x28\xa1\xe1\xda\xd8\x38\x91\x95\x55\x18\xe3\xa5\xa0\
\xf5\x5e\xd1\x34\xdd\xe1\x1c\x82\xec\xfd\x1b\x87\xff\x00\x17\x5b\
\xfd\x62\x6f\xcd\x74\x9d\xcc\x7f\x76\xcf\x94\x23\xba\x8f\xf6\x19\
\xf2\x84\xd8\xe6\xfd\x17\x87\xff\x00\x17\x5b\xfd\x62\x6f\xcd\x1e\
\x8b\xc3\xff\x00\x8b\xad\xfe\xb1\x37\xe6\xba\x4e\xea\x3f\xd8\x6f\
\xca\x11\xdd\x47\xfb\x0d\xf9\x42\x6c\x73\x7e\x8d\xc3\xff\x00\x8b\
\xad\xfe\xb1\x37\xe6\xb1\x31\x4a\x3c\x29\xf8\x7c\xcd\xa2\xae\xac\
\x8e\xac\xb6\xd1\xb9\xf5\x13\x10\x0f\xc5\x75\xfd\xd4\x7f\x76\xcf\
\x94\x23\xba\x8f\xf6\x1b\xf2\x84\xd8\xf2\xde\x0e\xe1\xf9\xf0\xda\
\x9a\x87\x63\x78\xcb\xea\x69\xdc\x2e\xc6\x53\xcd\x30\xb3\x89\xdc\
\xae\xbb\xd1\xb8\x7f\x9d\x5d\x6d\xff\x00\xf7\x32\xfe\x6b\xa4\xee\
\xa3\xfd\x86\xfc\xa1\x1d\xd4\x7f\x76\xcf\x94\x26\xc7\x37\xe8\xbc\
\x3f\xf8\xba\xdf\xeb\x13\x7e\x68\xf4\x6e\x1f\xfc\x5d\x6f\xf5\x89\
\xbf\x35\xd2\x18\xa3\xfb\xb6\x7c\xa1\x45\xd1\x47\x6f\xf6\x6c\xf9\
\x42\x6c\x73\x9e\x8f\xc3\xff\x00\x8c\xad\xfe\xb1\x37\xe6\xb5\x1c\
\x51\x85\x52\xd7\x61\x2f\x87\x07\xc4\xaa\x69\xea\xdc\x7d\x79\x6a\
\x25\x2d\x03\x9e\x97\x5d\xc6\x48\xfe\xed\xbf\x28\x4b\xba\x61\x77\
\xfb\x36\x7c\xa1\x36\x38\x0e\x0f\xc2\x22\xc3\xa8\x64\x8b\x1a\xc5\
\x66\xa9\x93\x37\xe8\xdd\x04\xf3\x34\x06\xf4\xdd\x6f\xfd\x17\x00\
\xbe\xb5\x75\xbf\xd6\x66\xfc\xd7\x45\xdd\x46\x7f\x51\x9f\x28\x47\
\x75\x1f\xec\x33\xe5\x09\xb1\xcf\x7a\x2f\x0f\xfe\x2e\xb7\xfa\xc4\
\xdf\x9a\x3d\x17\x87\xff\x00\x17\x5b\xfd\x62\x6f\xcd\x74\x3d\xd4\
\x7f\xb0\xdf\x94\x23\xba\x8f\xf6\x1b\xf2\x85\x36\x39\xef\x46\xe1\
\xf1\xff\x00\x17\x5b\xfd\x66\x6f\xcd\x72\xfc\x6b\x81\x9c\x51\x90\
\x47\x82\xe2\xd2\x53\xc7\xaf\x7c\xda\x89\xa6\x70\x70\xf2\x5e\x93\
\xdd\x47\xfb\x0c\xf9\x42\x3b\xa8\xfe\xed\x9f\x28\x57\x63\x8b\xc0\
\x28\x28\x29\xf0\xc8\xd9\x8a\xe2\x55\x33\xd6\x82\x73\xbe\x2a\x89\
\x83\x4f\x4d\x2e\xb6\x5e\x8f\xc3\xdf\x8b\xad\xfe\xb1\x37\xe6\xb7\
\xe6\x38\xee\x7f\x46\xcf\x94\x29\x36\x28\xfe\xed\x9f\x28\x4d\x8e\
\x7b\xd1\xf8\x7b\xf1\x75\xbf\xd6\x26\xfc\xd1\xe8\xfc\x3d\xf8\xba\
\xdf\xeb\x13\x7e\x6b\x7c\x63\x66\x73\xe0\x67\xca\x13\xee\xa3\xfd\
\x86\x7c\xa1\x36\x34\x1e\x8f\xc3\xf7\x1f\xeb\x75\xbf\xd6\x66\xfc\
\xd7\x29\xc4\x18\x4d\x71\xc7\x19\x55\x82\x63\x62\x1a\x68\xc3\x4b\
\x62\xab\x74\x92\x59\xdc\xce\xb7\xf3\xf8\xaf\x4b\xee\xa3\xfd\x86\
\x7c\xa1\x2e\xe6\x3e\x51\xb3\xe5\x09\xb1\xa9\xc3\x5e\xfa\x9a\xe1\
\x52\xe9\x04\xd7\xa7\x11\xba\x46\xb4\x80\x5c\x0e\xba\x2d\xab\x8d\
\xc8\x4d\x8d\x0d\x06\xc0\x34\x74\x01\x27\xfa\xcd\xb2\x6c\x4c\x9b\
\x02\xab\xb5\xac\x54\xde\xab\xd4\xac\xae\x92\x06\xc9\xa1\x1c\xd1\
\x64\x28\x9d\x0d\x94\x89\xb2\x89\x3a\x23\x24\x51\xa5\xc5\xd0\x52\
\x3b\x8e\x48\xd3\xcc\x3b\x42\xe0\xfc\x5b\x1a\xed\x27\x85\xf1\x4a\
\x4a\x63\x35\x05\x09\x0e\x9a\x4c\xc0\x65\xd5\x7a\x81\x76\x62\xe3\
\x65\xe4\xdd\xa4\xe3\xd8\x8e\x1d\xda\x8f\x09\x51\x53\x56\x4b\x0d\
\x2d\x43\xbf\x4b\x0b\x5d\xe1\x7e\xbc\xd7\xac\x91\x77\x13\xa6\xe8\
\x0d\x35\x45\xc2\x3a\x21\x54\xd2\x1a\xbb\x64\xf6\x29\xbb\x40\x95\
\xb3\x2a\x68\x21\x23\xa7\x9a\x6b\x2d\x04\x21\x08\x04\x8e\x81\x34\
\x20\x92\x10\x84\x02\x10\x84\x02\x44\xd9\x34\x88\xb9\x1e\x48\x18\
\x24\x6f\xb2\x98\x37\x50\x2a\x43\x64\x42\x70\x25\x36\xe8\xdd\x50\
\x4d\xac\x99\x44\xd9\x0d\x2c\x83\xa9\x05\x3b\x21\x0d\x01\xa2\x2e\
\x84\x22\xe9\x20\x6f\xed\x4d\x42\xf6\xd5\x49\x10\xd0\x84\x22\x04\
\x8e\x81\x34\x88\xba\x00\x38\x14\x59\x26\xb3\x2a\x92\x00\x1b\x15\
\x20\xe0\x54\x50\x0d\x90\x48\x38\x15\x0c\xc7\x44\xda\x35\x40\x41\
\x24\x21\x08\x04\x24\x0d\xd3\x40\x21\x08\x40\xd4\x6e\x6e\x9a\x59\
\x76\x54\x4c\x9f\x0a\x09\xf0\xa8\x9d\x80\x4c\x9b\x85\xa0\x0e\x45\
\x23\x7c\xc4\x84\x21\x60\x30\x48\xdf\x75\x25\x02\x54\xed\x60\x16\
\xa2\x00\x84\xb3\x6b\x64\xc9\xb0\x59\x02\x12\x0e\xba\x68\x04\x21\
\x08\x04\x21\x08\x04\x21\x08\x04\x21\x08\x04\x21\x08\x04\x21\x08\
\x04\x21\x08\x04\x21\x08\x04\x23\x92\x87\x79\xad\xac\x81\xe7\x0a\
\x57\xb8\x50\xb2\x77\xb2\x09\x28\x29\x66\x3d\x14\x56\xc0\x84\x21\
\x62\x40\x84\x21\x58\x02\x10\x85\x00\x05\x8a\x10\xa2\x1f\xe2\xb5\
\x90\x2d\x73\x93\xc9\x35\x16\x6a\x09\xf3\x52\x56\x00\x84\x21\x24\
\x0a\xb1\xb9\x56\x2a\xc0\xd6\xfd\x54\x03\xb4\xbf\xb5\x34\x8f\x89\
\x34\x68\x21\x08\x44\x94\x5c\x92\x6e\xf5\xae\x90\xd9\x08\x06\xe5\
\x22\x9a\x44\xd9\x15\xc0\xf1\xa6\x1f\xc3\x33\xf1\xcf\x0f\xd4\x62\
\x95\x92\xc1\x8b\x30\x83\x47\x13\x6f\x95\xe6\xfc\xd7\x7d\x6b\xdc\
\xdf\x9a\xf1\xde\xd4\x69\x66\x9f\xb5\xbe\x0e\x9a\x38\x24\x92\x28\
\xdc\x33\xbd\xac\xbb\x5b\xaf\x33\xc9\x7b\x21\xf5\x9d\x7d\x81\x46\
\x50\x7e\xc1\x4a\xea\x2f\xf5\x50\x1d\x76\x0b\x6e\x8b\xb2\x7d\xc8\
\x1e\xd4\x07\x1e\x5b\xa4\xd0\x46\xe6\xe8\x0d\xb1\x2b\x52\x9b\x05\
\xc4\xa6\x12\x02\xc0\x85\x25\x95\x89\x08\x42\x11\xa0\x92\x6a\x0d\
\x36\xb8\xb5\xd0\x58\x4d\x8d\x94\x95\x68\xb9\xea\x82\x68\x42\x39\
\x94\x49\x90\x84\x6e\x10\x89\x03\x74\xc1\xb0\x49\x08\xd0\x24\x95\
\x26\xea\x14\x51\xaf\x54\x44\xd0\xa2\xc3\x75\x24\x40\x84\x21\x1a\
\x09\x87\x7a\xa9\x24\x2d\xa1\x46\x65\x62\x14\x73\x37\xa2\x77\x07\
\x6d\x11\x0d\x09\x5d\x34\x02\x10\x84\x02\x10\x84\x02\x43\x97\x54\
\xd2\x28\x26\x85\x0b\x95\x31\xb2\x08\x34\xdb\x45\x35\x13\xa3\x80\
\x52\x40\x21\x08\x40\x21\x08\x54\x08\x42\x12\x40\x84\x21\x40\x1d\
\x54\x9a\x6e\xa2\x8d\x79\x2a\x0b\x5d\xe1\x49\xdb\x15\x14\x1b\xf5\
\x57\x40\x17\x0a\x60\xe8\xa0\x8d\x7a\xa8\x26\x85\x0d\x7a\xa9\x02\
\x3a\x28\x1a\x10\x74\x0a\x2d\x75\xee\x82\x48\x51\x2e\xb5\xd2\xce\
\x50\x4d\x0a\x39\xee\x86\x9d\xef\xa8\x41\x24\x25\x70\xe1\x71\xa5\
\x94\x77\x1b\xa0\x91\xf0\xb4\x94\x83\x8d\xc2\x56\x23\x4b\xa1\x03\
\xcc\x98\x75\xd4\x77\x4d\xba\x38\x04\x0c\x90\x12\xcc\x50\x75\x25\
\x25\x62\x03\xcf\x70\x54\x6d\x73\x74\xec\x85\x74\x04\x21\x09\xa0\
\x21\x08\x54\x08\x42\x14\xd0\x10\x93\x9d\x95\x30\x6e\x14\x02\x10\
\x85\x00\x54\x2d\xb2\x35\x42\x00\x0b\x26\x84\x2d\x68\x08\x48\x9b\
\x11\xe6\x9a\x92\x05\x01\xf9\xa9\x39\x56\xd2\x4a\x81\xdb\xc9\x30\
\x84\x20\x12\x26\xc1\x35\x17\x72\x08\x0d\xca\x41\x08\x40\x24\x47\
\x9d\x93\x47\x30\x83\x84\xe3\x0e\x3f\x7f\x0e\x71\xb6\x07\x81\x8a\
\x18\xea\x46\x20\x6d\xdf\x39\xd6\x2c\xd7\xd8\xbb\xb2\x32\x93\xed\
\xe4\xbc\xe7\x8e\x78\x0f\x13\xe2\x1e\x3f\xe1\xbc\x66\x95\xac\x75\
\x1d\x03\xaf\x31\x73\xac\x77\x5e\x88\xe3\xae\x9a\x0b\xec\x81\xbf\
\x5b\x05\x10\x2c\x10\xf3\xe2\x09\xa0\x10\x84\x2d\x48\x59\x53\x42\
\x47\x65\x96\x8d\x46\xfe\x2b\x26\xdb\xdb\x54\x5b\x5b\xa2\x93\x8a\
\x40\x95\x22\x2e\xa2\x06\xc8\x26\x84\x21\x02\xb9\x1b\x20\x3f\xc4\
\x53\x48\x84\x49\x83\x2f\xf1\x05\x2b\x79\xaa\xda\x08\x37\x56\x13\
\x62\x8c\x8d\xac\x84\x21\x1a\x08\x41\x36\x42\x28\xe6\xa4\x48\x51\
\x45\x90\x4a\xc0\xec\x98\x50\x61\x52\xbd\xb7\x46\x4d\x16\x4a\xe8\
\xb8\x45\xd8\x23\x4f\x7a\x61\xd9\x4a\x59\x82\x37\x41\x20\xfd\x4e\
\x89\x83\x70\xa2\x90\x24\x23\x29\xdd\x0a\x37\x28\x06\xc8\x26\x84\
\xb3\x02\x9a\x01\x08\x42\xd6\xc2\x77\xaa\x50\xd2\x6d\x74\xd0\x9b\
\x0c\x1b\x8d\x46\xa9\xa8\xa0\x1b\x28\x24\x85\x10\xe3\x70\xa7\x65\
\x02\x42\x09\xb2\x15\x02\x2e\x84\x83\x00\x49\x0d\x08\x42\x80\x42\
\x10\x80\x42\x10\xb5\x00\x42\x10\xa8\x10\x84\x20\x10\x84\x20\x11\
\x64\x21\x01\x64\x21\x08\x04\x21\x08\x04\x1d\x90\x84\x09\xbb\x26\
\x84\x20\x10\x84\x20\x10\x84\x20\x10\x84\x20\x10\x84\x29\xb0\x21\
\x08\x50\x45\xe7\x45\x21\xb2\x8b\xda\x5c\x80\xe0\xd1\x62\x82\x48\
\xd3\xaa\x12\x23\x5b\xa0\x49\x5e\xc7\x64\x0f\x24\xc1\xcb\xba\xd0\
\x40\xdd\x34\x5e\xfb\x21\x66\x7c\x84\x83\xc9\x3e\x45\x44\xb8\x6c\
\x37\x50\x40\x1b\xc7\xe7\x75\x20\x93\x5b\x60\x9a\x01\x1c\x92\xbd\
\xae\x96\x6b\xdc\x20\x64\xec\x91\xdd\x2c\xa4\x6a\x50\x80\x42\x2e\
\x84\xd0\x12\x76\xc0\xf4\x29\xa2\xf6\xf3\xf2\x41\xe3\x9d\xa8\xd5\
\xd4\x41\xda\xdf\x06\x43\x1d\x44\xd1\x46\xf7\xf8\xa3\x64\x84\x35\
\xfa\xf3\x1c\xd7\xb1\x3c\x58\x9d\xf7\x2b\xcf\xf8\xce\xa3\x85\xe2\
\xe3\xae\x1f\x8b\x16\x86\xa2\x4c\x68\x90\x68\xdf\x17\xa8\x0d\xff\
\x00\x59\x7a\x00\xbd\xce\x97\x37\xdd\x6a\x03\x2a\x03\x65\x32\x77\
\x50\xd9\x50\x22\xd7\x40\x39\x4d\xca\x64\xdf\x65\x80\x36\xc2\xea\
\x1c\x8f\xb5\x03\x40\x6e\x80\x35\xbf\x52\xb5\x0b\x05\x7d\x42\x67\
\xd6\xf2\x4d\xce\x17\xf3\x49\xce\xb8\xf6\x29\x2a\x4e\xf5\x6c\x13\
\xe8\x83\xcd\x2f\x57\x53\xb2\xce\xf4\xab\x10\x84\x95\x48\x93\x42\
\x10\x8a\x45\xd6\x05\x0e\xf1\x0e\x88\x22\xe1\x44\xba\xd7\x46\x65\
\x20\x48\x0a\x59\xbc\x94\x40\xbe\xa9\xa2\x93\x86\x63\xd1\x49\xbd\
\x3a\x25\x6b\xa7\xa3\x6f\xaa\x29\x9d\x12\x0e\xb9\x1a\x26\x10\x89\
\xb2\xb7\x44\x6a\x53\x40\xdc\xa2\x18\x36\x40\x70\x3c\x92\x42\x22\
\x5a\x26\xa0\x2e\x13\xcd\xd5\x04\x90\x90\x29\xa0\x11\xbe\x9b\x21\
\x1b\xe8\xa4\x03\x62\x9e\x6d\x14\x40\xb2\x08\xba\xa2\x7b\xa6\xa1\
\x7b\x04\xf3\x20\x92\x12\x06\xe9\xec\x80\x42\x10\xac\x03\x9a\x33\
\x5d\x27\x1b\x0b\xa0\x1b\x85\x41\x6c\xc7\x75\x2c\xd6\x36\x43\x77\
\x48\x83\x99\x34\x24\x0d\xc5\xd0\x93\x74\x6a\x33\xdc\xa8\x1a\x10\
\x85\x00\x84\x21\x00\x84\x21\x23\xc0\x10\x93\x89\x1b\x0b\xa6\x0d\
\xd6\xb6\x04\x21\x09\xb0\x21\x09\x38\x91\xb0\xba\xa1\xa1\x20\x6e\
\x9a\x01\x08\x45\xd0\x08\x42\x10\x04\xd9\x08\x22\xe1\x1b\x04\x02\
\x10\x84\x02\x10\x84\x02\x10\x90\x37\x40\xd0\x84\x89\x59\x0d\x09\
\x66\xd3\x4d\x4f\x44\xef\xa5\xd4\x02\x44\xdf\x62\x82\xe0\x46\x84\
\x28\xe7\xb1\xb0\x08\x24\x01\x1b\x9b\xa4\xe6\x5c\xdd\x26\xb8\x93\
\xa8\x53\x5a\x81\x1b\x1e\xaa\x47\x51\xe6\x84\x9c\xe2\x36\xd5\x27\
\xc0\x1a\x2c\x93\x85\xdc\x15\x52\xd6\x47\x00\x2e\x95\xed\x63\x46\
\xe4\x9b\x2d\x35\x6f\x1b\xe0\x94\x04\xf7\xf5\xf1\xb4\x8d\x6d\x99\
\x49\x91\xbd\x68\xb0\x29\xdf\x42\x57\x15\x3f\x6b\xfc\x31\x09\xb1\
\xc4\x23\xb8\xf3\x55\xc7\xdb\x1f\x0b\x4a\xeb\x7d\x62\xc1\xed\x2b\
\x3b\x1d\xb9\x7d\x9b\xb6\xea\x2d\x39\x9d\xb5\x97\x3b\x49\xda\x0f\
\x0f\xe2\x00\x08\xb1\x48\x7c\x86\x65\xb9\xa6\xae\xa7\xac\x00\xc1\
\x3c\x72\x03\xfb\x2e\xba\xd6\xe0\x64\x93\x97\xcd\x30\x6e\xa2\x0e\
\x5f\x34\xc9\xd4\x6a\x02\x9f\xff\x00\x00\x45\xc7\xf0\x48\xd9\xa7\
\xaa\x65\xda\x1f\x25\x1b\x93\xaa\x6a\x44\xb3\x5e\xe0\xa8\x8d\x92\
\x6b\xaf\x74\xc9\x01\x35\xe4\x22\x2e\x9e\xdb\xa0\x6b\xb2\x44\xdf\
\x45\xb0\x17\x78\x6e\x95\xc8\x04\x92\x0b\x57\x33\xda\x07\x68\x98\
\x1f\x66\x3c\x3d\x36\x33\xc4\x15\xcc\xa0\xa1\x8b\x77\xbb\x72\x7a\
\x01\xcc\xaf\x8e\xfb\x4b\xff\x00\x49\x4d\x16\x1b\x56\xe8\xf8\x4f\
\x0a\x65\x75\x30\x1a\x4f\x53\x26\x42\xe1\xd6\xd6\x5d\x9c\x5c\x7c\
\x99\xbf\x84\x33\x36\x88\xf6\xfb\x07\x88\xb8\x0b\x0f\xe2\x1e\x25\
\xc2\x71\xaa\x89\x64\x8e\xa7\x0d\x39\xa3\x6b\x34\x6b\xb5\xd2\xeb\
\xa7\xef\xda\x4b\xac\x74\x3a\xaf\xcc\x0c\x7f\xfd\x25\xfc\x67\x8c\
\xd0\x55\xd1\x41\x82\xd0\xd2\xc7\x34\x65\x9e\x90\xc7\x9c\xcd\xf3\
\x0b\xcf\x07\xd3\xb7\xb4\xc8\x70\xf8\xe9\xa0\xc7\xdd\x92\x33\xe1\
\x71\x02\xe4\x79\xae\xed\x7a\x76\x59\xf7\xe1\xc5\x39\x62\x25\xfa\
\xe3\x8a\x71\x05\x0e\x0d\x18\x96\xba\xaa\x3a\x68\x9c\x6c\x1f\x23\
\xac\x2f\xed\x58\xd3\x71\x96\x0b\x04\x02\x77\xe2\xb4\x8c\x86\xf6\
\xce\x66\x6d\xbf\x9a\xfc\x62\xe3\x1f\xa4\xd7\x1d\x71\xd5\x3c\x94\
\xd8\xa7\x12\xd4\x4d\x0b\x8e\x66\xb1\xa6\xd9\x79\xae\x3a\xb7\xb4\
\xee\x22\xa8\xa7\xee\x64\xc7\xaa\xdd\x1b\x86\xad\x32\x9b\x2e\x78\
\xe9\xbf\x9b\x1f\x33\xf7\x0e\xbb\xb4\x8e\x1b\xa0\xa6\xef\xe7\xc6\
\xe8\x04\x17\xb6\x71\x50\xdb\x7f\x35\xc8\xcb\xf4\x98\xec\xda\x0a\
\xa7\x53\x4b\xc5\x74\x0c\x98\x1b\x65\x33\xb4\x5f\xf8\xaf\xc5\x2a\
\xae\x2c\xe2\x0a\xba\x61\x11\xc6\x2a\x5f\x04\x7a\x86\x19\x0d\x97\
\x3f\x59\xc4\xd5\xcd\x86\xce\xa8\x6c\xb7\x3a\x6b\x77\x24\x74\xfa\
\xc7\xb9\x4f\x97\x6f\xdb\x1c\x53\xe9\x8d\xd9\x76\x13\x20\x6c\x9c\
\x47\x03\xee\xec\x87\xbb\x70\x3a\xa1\xff\x00\x4c\xae\xca\xbb\xb0\
\xf6\xf1\x3d\x3b\xda\x77\xb3\x86\x9e\xd5\xf8\x8b\xf6\x94\xc7\x06\
\x67\xb1\xd2\x3f\x36\x92\xe6\xf5\x7d\xca\xb8\xb1\xe9\x65\x97\x2e\
\x6b\x30\xf3\x07\x40\x9f\xa1\xc7\x1f\x6d\x77\xcc\xbf\x68\x31\x8f\
\xa7\x7f\x65\x78\x64\xfd\xd4\x58\xc1\xac\x75\xae\x0c\x36\xb7\xb1\
\x70\xf8\xcf\xfa\x47\xb8\x22\x93\x11\x10\xd3\xd3\x4e\xf8\x47\xaf\
\x29\x23\xf8\x2f\xc9\x9f\xae\x1a\x2e\x5a\x49\x73\x6f\x7b\x3b\x75\
\x07\x62\x32\x3e\xdf\xa6\x0e\x68\xbb\xae\x77\x5c\x95\xe1\xe1\x67\
\xba\x5f\xac\xb8\xef\xfa\x49\x78\x1e\x92\x8a\x9a\x5a\x0a\x6a\xaa\
\xc9\x4b\xb2\xbe\x27\x36\xda\x7b\x56\xda\x3f\xf4\x8d\xf6\x6a\x68\
\xa9\xe6\x73\x2b\x3b\xe7\x1b\x4b\x00\x6f\xa8\xbf\x21\xdb\x51\x2b\
\x32\x82\xf2\x5f\xeb\x37\x29\xd0\xa8\xc9\x59\x39\x94\xbb\xc5\x33\
\xbd\x5c\x83\x45\xa9\xe1\xe2\xd2\xf7\x59\xfd\x17\x17\x58\x28\x87\
\x87\x1b\x25\x7f\x15\x90\x6c\x17\xcc\xbb\x1a\x58\x91\x51\x0e\xb8\
\x27\xa2\x1a\xfc\xe8\x6d\x26\x9b\x80\x50\x40\xd5\x00\x58\x00\x9e\
\x9f\xe4\xa1\xb2\x77\xab\xa1\x49\x84\xeb\xad\xd1\x6f\x18\x3c\x93\
\xb2\x1b\x34\x90\x9a\x34\x1a\x4d\xc2\x92\xac\x0d\x53\x3b\x23\x3a\
\x4d\x08\x1b\x21\x10\x21\x08\x40\x21\x08\x45\xd8\xf6\x68\x8b\x9f\
\xda\x42\x11\x24\xc1\x2a\x4a\xa7\x72\x4d\x84\xd9\x05\x88\x51\xcd\
\xad\x94\xaf\x74\x02\x4e\x36\x09\xa1\x02\x6e\xad\x27\xa2\x90\x36\
\xdd\x24\x20\x95\xee\xe4\xd5\x64\x84\xc7\x84\x5e\xf7\x57\x42\x7b\
\xe9\xd5\x3c\xa3\xa2\x89\xf5\x4a\x57\xd5\xa9\xad\x09\x38\x5a\xd6\
\xd1\x36\xed\xba\x4d\xb5\xcd\xf4\x52\xb8\x57\x60\x55\xb9\xe0\x15\
\x62\x2c\x3a\x05\x42\x0e\x05\x34\x59\x0a\x68\x08\x50\x07\x50\xa6\
\xac\x01\x08\x45\xec\xb3\xa0\x22\xd6\x45\xed\xa2\x10\x1c\x90\x79\
\x84\xff\x00\x54\x04\x90\x08\x42\x15\xd8\x46\xfc\x82\x62\xfc\xd3\
\x49\x36\x0c\xba\x22\xd6\x40\xbb\x90\xa6\xc1\x74\x7b\xec\x8c\xd7\
\xd1\x27\x6c\x53\xd0\x76\x1f\xb4\x96\x5b\x0d\xd3\xfd\x56\xdd\x2d\
\x2c\x55\xd8\x68\xb1\x1b\xa1\x08\x0b\x8e\x66\xc8\x3a\xea\x36\x45\
\xae\x85\x40\x05\xf5\x25\x00\x24\x76\x43\x3d\x55\x03\x51\x6e\xba\
\xf9\xa9\x24\xed\x1a\x54\xd0\x00\x01\x35\x16\xef\xb2\x92\xba\x08\
\x80\x01\x28\x0d\xd2\xfd\x53\x45\xd5\x10\xe7\xba\x01\xf6\x79\x92\
\x94\xd3\x32\x16\xb9\xcf\x21\xad\x1a\xdf\xf3\x5e\x6b\xc5\xdd\xa3\
\xbd\xf2\x49\x47\x84\x59\xcf\x6e\x8f\x98\x8b\x34\x7b\x3a\xac\xf7\
\x0e\xcb\x1d\xe2\xfc\x37\x87\xa2\x2f\xaa\xa8\x63\x5d\xc9\xb7\xf1\
\x1f\x72\xf3\x9c\x6b\xb6\x0c\x42\xb7\x34\x78\x5d\x28\x82\x3d\xbb\
\xf9\xb9\xfb\x02\xe3\xe6\x89\xd5\x13\xba\x6a\x87\xba\xa2\x67\x1b\
\x97\x48\x6e\x07\xb1\x07\x2e\x52\x02\xe3\xb4\xca\xc2\xaa\xdc\x43\
\x14\xc5\x89\xf4\xcc\x4e\xa2\x4b\x9d\x5a\xd7\x10\xd5\xa9\x93\x0e\
\x89\xb7\x2e\x19\xdd\xfb\x4f\xd4\xad\xa4\xae\xca\xd2\xb0\x66\x96\
\xde\x6b\x8a\x65\x7c\x35\x95\x14\x90\x8b\xf8\x5a\x3d\xcb\x55\x51\
\x4f\x1b\x5a\x4f\x76\xd3\xed\x0b\x73\x33\xf3\x15\xa4\xaf\x79\x07\
\x65\xba\xed\x96\xae\x66\xc6\x35\x03\x21\x1c\xdb\xa1\x4e\x97\x89\
\xf1\x9c\x16\x5c\xf4\x38\xad\x44\x59\x75\x0d\x74\x84\xb7\xe0\xb1\
\xea\x9e\x75\xb2\xd5\xd4\x49\x6e\x5e\x4b\x96\x23\xf2\xd6\xf5\xed\
\xea\xbc\x37\xf4\x97\xc6\x30\x59\x1b\x16\x33\x4a\xca\xba\x71\x60\
\x66\x8e\xe5\xc0\x75\xb2\xf7\x2e\x0d\xed\x47\x87\xf8\xda\x10\x68\
\xab\x5b\xdf\x5b\x58\x9d\xa1\x07\xde\xbe\x29\x9d\xe2\xf7\x76\xeb\
\x16\x1c\x42\x6c\x26\xa9\xb5\x34\xb3\xbe\x92\x76\x9b\xb5\xf1\x9b\
\x5f\xda\x15\xd6\xbc\xa4\x79\xf4\xfd\x0f\x0e\x06\xc0\x29\x5c\x73\
\x5f\x31\x76\x51\xf4\x99\x31\x54\x41\x84\x71\x3b\x9a\xc7\x3f\xc3\
\x1d\x5d\xb4\x77\xb7\xa1\x5f\x46\xb7\x1d\xc3\xdf\x49\x1d\x47\xa5\
\xc4\x22\x78\xcc\x1d\x9b\x70\xb1\x39\x2b\x1e\x7e\x9a\x8a\x4d\xbc\
\x44\x36\x00\x00\x8b\x02\xb9\x6a\xfe\xd1\xb0\x3a\x0b\xe7\xac\xef\
\x1c\x0e\xd1\xb6\xeb\x9c\xc4\xfb\x6a\xa1\x84\x9f\x45\xa5\x7c\xdd\
\x0b\xf4\x0b\xa7\x93\x9f\xc7\xc7\xee\xce\xde\x3e\x16\x7c\x9e\xaa\
\xf4\xa2\x08\x3a\x68\xbe\x75\xfa\x58\xfd\x29\xf0\x6e\xc3\xb8\x7e\
\xa7\x0c\x8a\xb1\xe3\x8a\x2a\x60\x2f\xa5\x10\xb4\x3c\x44\x6f\xbb\
\xef\xb2\xdc\xe2\x1d\xb5\xe2\x93\x34\xfa\x3c\x51\xc1\xec\x17\x5f\
\x2d\x7d\x28\x78\x32\x97\x8f\xb0\x1c\x5b\x88\x6a\x69\x44\xd8\xc8\
\x8a\xfd\xf5\xce\xa0\x72\x58\xe3\xf5\x7e\x2c\xe6\xad\x26\x77\xb7\
\x76\xdd\x23\x93\x5a\x4d\xe6\x3d\x3e\x54\xed\x4b\xe9\x19\xc6\x7d\
\xac\x61\xcd\x8f\x1f\xc6\xa6\xad\x8a\x37\x66\x64\x59\xec\xcf\x87\
\x55\xe4\x8d\xc6\x24\xa8\x89\xc6\xe0\x06\x38\xdc\x38\xfa\xc5\x61\
\xfa\x6c\x79\xa6\xa4\x12\x00\xf6\x38\x9c\xb9\x6c\x5a\x7f\xc5\x61\
\x31\xb2\x09\xdc\xe7\x35\x8e\x16\xe4\x79\x75\xb2\xfd\x12\xb6\xac\
\x7f\x1f\x0f\x98\x98\x9f\xec\xd9\x3e\xa5\xf6\x2f\x6b\xf2\xdb\xa1\
\x50\x8e\xb5\xf1\x0c\xbe\xb3\xad\xcf\x9a\xc0\x6d\x5b\x63\x70\x63\
\xee\xe2\x6e\x74\xd4\x1f\x25\x53\x31\x26\xcb\x3e\x62\x5a\xdc\xa6\
\xda\x6f\xec\xb2\xdf\x73\x3a\xd3\x6c\xcc\x41\xa4\xb9\xf9\x2c\xe0\
\x75\xf2\x54\xbe\xab\x30\x76\xed\xcc\xe1\x67\x03\xa2\xc3\xad\x98\
\xbd\x99\xe3\x73\x5a\x4d\xfc\x23\xf8\xad\x63\x27\x31\x4a\x1d\x2b\
\x9c\x43\x45\xec\x2e\x41\xe8\xa4\xdd\xae\xd6\xfe\x69\xdf\x0c\xa1\
\xf1\xfa\xe5\xbb\xf5\x5a\xa9\xa0\x0e\x98\x48\xd6\xb4\xb9\xe2\xe5\
\xce\xdc\x7b\x15\xb1\x55\x48\xf7\xb0\x87\xb4\xc6\xfb\x90\x49\xd1\
\xba\x6c\xb1\x99\x52\x43\x1b\x29\x68\x36\xb9\x0e\xfd\x9d\x76\xb2\
\xe3\xb5\x96\x2b\xa4\x5e\xd7\x44\xdd\x08\x8c\xee\xd3\xc8\xa4\x6a\
\x04\x76\xca\xd6\xb8\x5b\x57\x34\x8d\x4a\x4f\x9e\x2a\x98\xc9\x2e\
\x12\x34\x8b\x10\x34\x37\x51\x86\x16\xc7\x1b\xf2\x31\x84\x37\xae\
\xe3\xa8\x58\xdf\xe1\xb4\x63\xa8\x23\x35\x9a\xd9\x09\x71\xb9\x67\
\x3d\x3f\x9a\xba\xe6\xc7\x93\xdd\xe7\xb2\x84\x73\xc7\x18\x20\x46\
\xcd\x89\x36\x1a\xaa\x65\xaa\x82\x17\xb6\xe1\xd7\xcc\x42\x82\xd0\
\x25\x0d\xf0\x4b\x95\xa1\xfa\x93\xc8\x73\x52\x74\x93\xed\x9f\x23\
\x1a\x6c\x5c\x37\x70\xea\xb1\xdc\xf7\x39\xe4\xdd\xb7\xd2\xcc\xf7\
\xa9\xcd\x33\x48\x6d\x9e\x5e\x6e\x01\xb6\xc3\x55\x99\x91\xfd\x24\
\xa1\x04\xd9\x0b\xe5\x1d\xb0\xa2\x1b\x62\xa4\x84\x67\x49\x04\xd5\
\x65\xd6\x56\x20\x10\x84\x22\x12\x2e\x13\x48\x8d\x11\x4d\x23\xaa\
\x68\x46\x8f\x36\x8a\x20\xea\x0a\x76\x09\x0d\xca\x30\x96\x70\x9a\
\x81\x52\xcd\xe4\x81\xa1\x17\x17\x42\x01\x09\x39\xe1\xa5\x30\x6e\
\x10\x08\x42\x10\x08\xd4\x0d\x10\x84\x12\x06\xfe\xd4\xd4\x36\x70\
\x2a\x59\xb5\xd9\x03\x26\xc9\x07\x03\xb2\x1c\x09\x16\x51\xb6\x5b\
\x20\x95\x85\xd1\x6d\xed\xb2\x01\xcc\x74\xd1\x30\xeb\x8b\x73\x54\
\x48\x1d\x93\x27\xc5\x74\xad\xa0\x0a\x25\xe3\xa5\xc2\x6c\x4c\xf8\
\xad\x65\x16\x30\x84\x34\xeb\xa0\xd0\xa0\xbf\x5e\x9e\xd5\x9f\x42\
\xcd\x82\x88\x69\x1c\xd5\x2f\xae\x82\x1d\x24\x9a\x36\xfb\x5c\x14\
\x59\x89\x52\xbf\xd5\xa8\x8d\xde\x41\xe1\x4f\x92\xb1\xf6\xe4\xec\
\xb6\xb7\xa6\x55\xed\x64\x2a\x5d\x55\x09\xd3\xbd\x67\xcc\x13\x6c\
\xec\x70\x05\xaf\x69\xf6\x1b\xab\x17\xac\xfd\xb1\x35\xb4\x79\xd2\
\xdb\xd8\x22\xfa\x28\x87\x87\xe9\xb2\x03\x80\x1a\x91\x6f\x6a\xd7\
\x74\x33\xe7\xf0\x92\x45\x20\x34\xbe\x89\xdf\xc9\x55\x0e\xdc\x26\
\x02\x59\x82\x77\x52\x64\x1c\xec\x84\xbf\x5a\xe9\x67\x50\x49\x09\
\x03\xa5\xd3\xba\xa0\x42\x2e\x99\x0a\xe8\x00\x86\x9d\x52\x08\xdd\
\x09\xa0\x21\x08\x49\x09\xda\x80\x9b\x7d\x5f\x34\x27\xfc\xd3\xe8\
\x24\x27\xba\x49\x00\x48\xe6\xe4\x9a\x15\x09\xc0\x90\x91\x69\xb6\
\x8a\x49\x17\x58\xec\x81\x31\x85\xba\x92\xa4\x90\x78\x3e\x7e\xc4\
\xc6\xa1\x00\x84\x22\xea\x48\x0a\xa6\xa2\x66\xc1\x13\xa4\x7b\x83\
\x1a\xd1\x7c\xd7\x56\xe6\xb5\xc9\x1a\x05\xe6\x9c\x7b\xc5\x06\xae\
\x53\x86\x52\xbf\x2b\x47\xfb\x57\x83\xcb\xa2\xcc\xce\x86\xbf\x8b\
\xf8\xb2\x6c\x76\x77\xd2\x52\x93\x1d\x0b\x4e\x59\x1e\x37\x93\xc8\
\x15\xcb\xbd\x8c\x81\x96\x68\xb2\xc9\x0f\x6c\x6d\x0c\x65\x80\xe4\
\x3a\x2c\x2a\x89\x6f\x75\xc5\x3e\x45\x13\x3d\x62\x49\x31\xde\xea\
\x53\xca\xd6\xb6\xe5\xc3\xe2\xb5\xf5\x15\xf0\x44\x0e\x69\x1b\xf1\
\x52\x6d\x1f\x72\xb1\x13\xf4\xb6\x59\x74\xdd\x62\x48\xec\xed\x24\
\x2c\x29\x31\x76\x9d\x58\xc7\xbc\x79\x05\xa8\xc5\x38\xb6\x0c\x35\
\x85\xd5\x0f\x64\x3c\xc3\x5e\xe1\x7f\x87\x35\xd7\xbe\x7c\x74\xf7\
\x2e\xcd\x70\x66\xbf\x88\xab\x6d\x2b\x8b\x6f\xec\x5a\xaa\xd7\x78\
\x45\xfa\x2d\x0c\xfc\x61\x3d\x68\xbd\x34\x4e\x63\x7f\x6d\xe2\xc0\
\xae\x6b\x18\xe2\x87\xc2\x1d\xdf\x54\x5e\xdf\xb2\x57\x4a\xdd\x4b\
\x1d\x7d\x79\x7a\x54\xe9\x59\xaf\x1f\xbb\xc3\xa2\xad\xa9\x8a\x2c\
\xc4\xbc\x5f\xda\xb9\xac\x47\x88\x29\xa9\xc1\x26\x51\x61\xba\xe1\
\x71\x3e\x30\x75\x5c\xaf\x8a\x94\x3a\x63\xd4\x7a\xa3\xda\x56\xa1\
\xd4\xd2\xd6\xbb\x35\x4b\xcc\xb7\xfd\x46\x12\x07\xff\x00\xd5\x88\
\xe6\xe6\xcb\xfc\x63\x50\xe5\xb7\x0b\x07\x17\xf9\xdb\x72\xe9\x6b\
\xb8\xee\x06\xbd\xcc\xa7\x8e\x4a\x99\x7a\x01\xa7\xc5\x6b\xdd\x8c\
\xe2\xb5\x7e\xa1\x8e\x99\x87\xf6\x45\xca\xc7\xa6\xa1\xee\xc0\xb3\
\x43\x1a\x36\x16\xb0\x59\xf1\x30\x1d\x1a\x17\x3c\x5a\xde\xe6\x7c\
\xba\x37\xb5\x22\x7f\xc7\x1a\x63\xb6\x9a\x49\x49\x33\x48\xe7\x97\
\x0d\x5c\x4a\xf4\x7e\x01\xed\x1a\xa7\x02\xee\x70\xcc\x52\xa1\xf3\
\x61\xee\xd2\x39\xc9\xd6\x23\xd0\xf9\x2e\x15\x94\xd7\x37\x91\xc6\
\xdc\x96\x53\x62\x6d\x43\x0c\x4e\x6e\x66\xda\xc6\xfd\x14\xc9\x48\
\xcf\x59\xa5\x9c\x74\xcf\x38\x6d\x17\x87\xd1\x44\xf7\xac\x6b\xda\
\xee\xf2\x37\x6a\x08\x37\x4a\x58\x09\x8e\xe0\x5c\x9d\x57\x9d\xf6\
\x57\xc6\x62\x9e\xa9\x98\x0e\x23\x29\x73\x08\x26\x9a\x67\x9f\xec\
\xaf\x5f\x14\xfd\xe4\x64\xe9\x7e\x5a\x2f\xcf\xb9\xdc\x6c\x9c\x6c\
\x9d\xb3\xe9\xf7\xfc\x2e\x65\x39\x18\xfb\xa1\xa0\x14\x59\xdb\x73\
\xf0\x5c\xa7\x68\x3c\x32\xec\x77\x86\xeb\x28\x98\xf2\x0c\x8c\x2c\
\xe9\xbe\xcb\xd2\x19\x46\x05\xc9\xda\xd7\xb2\xd5\xe2\x98\x79\x9a\
\x07\x03\xab\x1d\xb0\x3c\x97\x53\x16\x49\xc7\x92\xb6\x8f\x6e\xed\
\xe6\x97\xac\xd6\x7e\xdf\x91\x5c\x51\x82\xd4\xf0\xdf\x14\xe2\x14\
\x95\x2e\x61\x7c\x12\x49\x1b\x80\xd4\xee\x7f\xc1\x73\x31\x87\xb6\
\x49\x0c\x40\x35\xa4\x5d\xac\xb6\xbe\xdf\x25\xee\x1f\x4a\xae\x10\
\x67\x0d\x76\x9f\x53\x2b\x9a\x19\x1d\x50\x12\x31\xfb\x5c\xde\xd6\
\x3f\x05\xe1\x1d\xe3\x45\x4c\xae\x73\x86\x6f\x55\x80\xec\x17\xf4\
\x17\x03\x3f\xea\x38\xb4\xbf\xbf\x0f\xc9\xf9\x98\x7e\x1e\x45\xaa\
\xcb\x9a\x7b\xb5\xa5\x91\xe4\xce\xd0\x4b\xad\x75\x8f\x19\x7c\x5d\
\xe3\xda\x18\x73\x68\x1a\x77\x3e\xd4\xe9\xe6\xfd\x1e\x67\x39\xd2\
\x00\xec\x80\x01\xa0\xf6\x2c\x79\xda\xd2\x07\x84\xb9\xcf\xd8\xea\
\x2d\xed\x5e\x83\xa7\xa5\xf1\xd3\xb2\x38\x5e\xe9\xa5\xee\xa4\x68\
\xb8\xca\x6e\xdf\x62\xc6\x8e\xae\xee\x3e\x1c\xcc\xe5\xe6\xac\x78\
\x1d\xd1\x64\x91\x8b\x38\xdc\x80\x76\x29\x54\x3e\x95\xac\x0c\x14\
\xee\xce\x06\xee\x36\xb7\x98\x59\x99\x54\x66\xb4\x6e\x63\xb4\x9a\
\x13\xa8\xd7\x55\x5c\xd5\x11\x77\x84\xe5\x7b\x18\x6c\x6c\x37\xd1\
\x42\x6e\xee\x4b\x36\x0d\x1e\x40\x24\x9d\x80\xe6\xa8\x12\xbc\xe5\
\xca\xd2\xee\x60\xe6\xb9\xf6\x2e\x2b\x58\x64\xc5\x51\x13\xae\xc6\
\x34\xb4\xb8\x78\x73\xe8\x9c\xae\x64\x72\x36\xee\xce\x1f\x70\xe6\
\xb4\xec\x42\xa5\xf4\xa6\x3a\x63\x57\x9d\xcd\x13\x10\xd3\x15\xee\
\x5a\xa8\x8a\x4b\x87\xb5\x85\xec\x6e\xb9\x4e\x5f\xe6\x57\x1f\x7c\
\xc0\xcd\x81\x8c\xd4\xb7\xf4\x61\xda\x02\x55\x92\x13\x4b\x50\xe6\
\x3e\x3b\xb4\x8b\x87\xb8\xdf\x55\x8b\xe8\xec\x92\x9d\xa5\xae\x91\
\xce\x3e\xb1\xe4\x0f\x92\x83\x1c\xf0\x1b\x1c\xf9\x9e\x18\xed\x49\
\xe8\xb5\x17\x16\xfa\x49\x7c\x41\xce\x36\x24\xf8\xad\xed\xfe\x4a\
\xd6\x98\x5e\xdb\x45\x23\x5a\x00\x24\xdd\x52\xc8\x5a\xd6\x16\x47\
\x62\xd0\x6e\x0b\xaf\x6f\x67\xb1\x0e\x60\x74\x0f\x8d\xa5\x80\x3c\
\xdd\xd9\x46\xc3\xc9\x3b\x87\xf4\xa1\x72\x6e\x7c\xd1\x9b\x55\x1e\
\xa9\x91\x62\x17\xcc\x3b\x49\x82\x0a\x14\x36\xd9\x4b\x9a\xbb\x4d\
\x82\xdb\xa9\x66\x29\x69\xd5\x0a\xa9\xe6\x4c\x3a\xe1\x41\xdb\x0f\
\x6a\x36\xd8\xd9\x11\x62\x14\x5a\x4f\x55\x24\x40\x84\x21\x02\x40\
\xdc\xa6\x84\x02\x44\x26\x84\x08\x02\xd3\xd5\x3c\xe4\xa1\x0a\x85\
\x97\x31\xd5\x4c\x0b\x05\x14\xda\xa0\x68\x41\x36\x48\x38\x14\x0d\
\x08\x42\x01\x34\x90\x81\xe6\x28\x26\xe9\x23\x98\x40\xd9\xa0\xbf\
\x54\x33\xaf\x9a\x1d\xa0\xd1\x30\x2c\x10\x37\xba\xda\x6e\xb5\x35\
\x58\xac\xad\xaa\xee\x61\x8f\x37\x53\xd1\x6d\x49\xeb\xaf\x45\xe3\
\x5d\xb2\x71\x36\x2b\xc2\x38\x84\x72\xc3\xfa\x2a\x29\xc0\xcb\x50\
\x0e\x8d\x3c\xee\xba\xbc\x8c\x96\xc3\x4e\xe8\xf4\xef\x70\xf0\x47\
\x23\x2f\x66\xf5\x2f\x49\xc4\xb1\x1a\xba\x28\x73\xbd\xcd\x68\xf2\
\x5c\x9e\x2f\x88\x62\x38\xa4\x41\x94\x95\x0f\xef\x5c\xeb\x78\x4e\
\x96\x5e\x49\x07\x1f\x3a\xb5\x81\xf8\x87\x11\xb5\xd1\xf2\x0d\x24\
\xab\xa8\x3b\x58\xc2\xf0\x49\x7f\x45\x5a\x66\x17\xdc\x95\xe0\x65\
\xe6\xc5\xbc\x3e\xae\x9d\x2a\xd8\xa3\x73\x1b\x97\x7b\x53\x86\xd5\
\xd3\x82\xe9\xe7\x74\x8f\x68\xd6\xe5\x69\x26\xaf\x11\xca\x4f\x7c\
\x41\xb7\x22\xb9\xbc\x4f\xb6\xac\x3e\xaf\x33\x23\x98\x34\xbb\x99\
\x72\xd3\x53\xf1\x1d\x2e\x26\xf2\x5b\x30\x2e\x3d\x0a\xf1\xf2\xdb\
\x53\xfb\x26\x5e\x9e\x1e\x34\xc5\x7f\xcb\x10\xf4\xcc\x26\xb6\xa1\
\xf0\x87\x3e\x57\x10\x76\x24\xec\xb6\x07\x10\xa8\x8e\xe2\x39\xdc\
\x0f\x50\x57\x15\x41\x8d\x08\xa9\xdb\x13\x5f\x7c\xbc\xd6\xc2\x3c\
\x61\x8e\x6e\x6c\xd6\x2b\x8e\xb9\xa6\xbf\xd9\xc5\x93\x8d\x5d\xfa\
\xf0\xdc\x56\xf1\xb6\x2b\x41\x91\xac\xab\x90\x17\x1b\x72\x5a\xea\
\x5e\xd5\xb1\x79\x6b\xe5\x88\xd4\x3f\xbb\x8c\x9f\x16\x51\xaa\xd1\
\xe2\x75\xc0\xcb\x1b\x83\xb3\x96\x92\x55\x54\x0c\x85\xed\x63\xc9\
\xca\x5c\x2e\x47\x3b\xad\x7e\xb7\x2d\x7f\x8d\x9a\x8e\x1e\x0d\x6e\
\xd5\xdb\xd3\xb0\xfe\xd1\x31\x09\x23\x19\x88\x77\xb9\x6c\xdb\xc7\
\xd5\x40\x0c\xcd\x69\x5c\x25\x0d\x4c\x00\x00\xe7\x0c\xab\x32\x7a\
\xda\x66\xb4\x59\xcd\xba\xec\x47\x3b\x34\x7f\x67\x42\xfc\x1c\x36\
\xb7\xf0\x76\xac\xed\x09\xcd\xb6\x78\x9b\xee\x2a\xf8\xfb\x43\x8c\
\x90\x05\x39\x3e\xf5\xe6\x52\x62\x54\xf9\xad\x9c\x5c\x6b\x75\xb0\
\xc3\xc7\xa5\x33\xbc\x02\xcd\x3a\x82\xb9\x2b\xd4\xb3\xcf\xa9\x70\
\x5f\xa6\x60\x88\xdc\xc3\xd1\x47\x1c\xc4\xed\x4d\x31\xf9\x92\x1c\
\x7b\x4e\x1d\x63\x03\x80\xf6\xae\x29\xcc\x73\x6d\x6d\x42\xc7\x9a\
\xe0\xf8\x81\x5c\x91\xd4\x73\xba\xd1\xc0\xc1\x2f\x45\x87\x8d\x69\
\x24\xfd\x43\x65\x9b\x17\x14\x51\x4b\xa6\x62\xcf\xfa\x97\x92\x99\
\xcb\x5d\xe1\xbb\x56\x5c\x35\xd2\x16\x5a\xfa\xf5\x5d\x8a\xf5\x3c\
\xb1\xed\x9b\x74\xcc\x7f\x4f\x58\x6e\x33\x46\xfd\x05\x43\x35\xe4\
\xaf\x65\x64\x0f\xd4\x4a\xdf\x8a\xf2\x98\x6a\x1c\x4f\x8b\x7e\xb7\
\x59\xad\x7b\x9c\xd1\x69\x08\xf7\xae\xcd\x7a\xb4\xfd\xc3\xa7\x6e\
\x9d\x58\xfb\x7a\x63\x65\x6b\xb6\x2d\x3e\xc2\xa6\x1c\x17\x9a\xb2\
\xaa\x68\xb6\xa8\x78\xf6\x38\xac\xa8\xf8\x8e\xba\x10\x1a\x26\x24\
\x7f\xcf\xaa\xe6\xaf\x55\xc7\x3e\xe3\x4e\x0b\x70\x2f\xf5\x3b\x7a\
\x05\xf5\x28\xcd\xa2\xe3\xa9\xf8\xd6\x66\x69\x2c\x2d\x7d\xb4\xf0\
\xe8\xb3\xa1\xe3\x3a\x69\x6f\x9e\x17\x34\x85\xdd\xa7\x3f\x15\xa3\
\xdb\xad\x3c\x4c\xb5\xfa\x74\x79\xb4\x46\x65\xa9\x8b\x89\x28\xa5\
\x6f\x86\x5c\xa7\xa1\x0a\xd7\x63\xf4\x76\x1f\xa5\xfe\x0b\xb1\xfa\
\x9c\x73\xfd\x9c\x53\x83\x24\x7f\x56\xc0\xb8\x8d\x53\xcd\xaa\xd5\
\x1e\x20\xa4\x1b\x3f\x37\xb9\x40\xf1\x35\x1b\x4e\xe4\x9f\x62\xcf\
\xea\xb1\x47\xd9\xf0\xe4\x9f\xea\xdc\x5f\xc9\x19\xc2\xd1\x49\xc5\
\x54\xad\xd9\xae\x2b\x0a\xa3\x8b\xde\x4e\x58\x62\x68\x07\xf5\x9c\
\x57\x15\xf9\xd8\xa9\x1f\xc9\xcb\x5e\x2e\x4b\x7f\x57\x53\x99\xbd\
\x52\x2e\x04\x68\x42\xe0\x6b\x71\xca\xb9\x49\x3e\x90\xe1\xe4\x0a\
\xd4\xd4\x62\xf5\x57\xb8\xa8\x93\xe6\x2b\xcc\xc9\xd6\x71\x52\x7c\
\x43\xbb\x4e\x9b\x7b\x7d\xbd\x48\x77\x6c\xfd\x60\x0a\x4f\xaa\x85\
\x87\x59\x58\x34\xe6\x57\x91\x4b\x8c\x56\x9f\xf7\xf2\x1f\xfe\x4a\
\xa3\x5d\x34\x87\xc7\x23\x8f\xbd\x75\xad\xd7\xa9\xf5\x0e\xc4\x74\
\x9b\x7d\xcb\xd6\x24\xc7\x68\xa0\x36\x75\x4c\x60\xfb\x56\x2c\x9c\
\x5d\x87\x47\xe1\xef\xc3\x89\xd8\x05\xe6\x25\xd7\xf1\x5c\x9f\x6a\
\x84\x52\x1d\x40\xd6\xfc\x82\xea\xdb\xae\x5e\xfe\x2b\x57\x34\x74\
\xaa\x44\x6e\xd6\x76\x9c\x4f\xda\x0d\x36\x1f\x83\x4f\x3c\x2d\x71\
\x76\x8c\x67\x2c\xce\x3b\x59\x79\x2f\xd6\xce\x68\x73\xcb\x73\x4a\
\xf3\x99\xee\x26\xfa\x94\xb8\xb2\xb2\xbb\x13\xc6\x5b\x87\x50\xc4\
\x0c\x34\x6c\xfd\x2d\x4b\xfd\x50\xf3\xbf\xbf\x65\x8b\x1e\x0a\x32\
\x87\x4b\x33\xe7\x3b\x66\x71\xb0\xbf\xb1\x7a\x15\xe6\xe4\xb5\x62\
\x75\xe5\xc1\x1d\x3e\xbf\x9f\x08\xd4\x63\x52\x00\x5d\x9c\x33\xda\
\x16\x93\x10\xe2\x11\x03\x73\x49\x23\xe4\xcc\x6c\xd6\x34\x7a\xc7\
\xc9\x1c\x4f\x5b\x16\x08\xc6\xb5\x94\xfe\x97\x88\x4c\x72\xc1\x4c\
\xdd\xcb\xb9\x2e\x6e\x9b\x01\xe2\x08\x0c\xb5\x18\xb6\x21\x45\x81\
\x99\x0e\x6e\xf6\x52\x1f\x2c\x63\xa3\x47\x24\xf9\x73\x5d\xda\xa7\
\x0b\x05\x3c\xda\x5d\x03\xde\x23\xa4\x35\x78\x94\xa2\x82\x2b\x5c\
\x44\xf7\x78\xed\xd7\xc9\x6a\x24\xc7\x05\x55\xfe\xac\xc3\xdd\x3c\
\x6c\xbe\x6a\x99\x4e\x56\x0f\x3b\xaa\x9b\x06\x0e\x67\x3e\x8b\x0d\
\x57\x17\x57\x8f\xd7\xaa\xb8\x84\x1f\x61\xd2\xca\x9c\x42\x84\xbc\
\x09\xb8\x8a\xb9\x91\x40\xdf\x53\x0e\x80\xe5\x85\x9e\xee\xab\x82\
\x71\xe5\xb7\xb7\x66\xbf\xa7\xc7\xea\x1c\xb6\x2f\x57\x8f\xf1\x0d\
\x57\x73\x86\x56\x99\xc5\xff\x00\x4b\x3d\x3b\x72\xc1\x18\xe6\x01\
\xe6\xa9\x38\x46\x17\xc3\xc0\xcf\x59\x39\xc4\xab\x87\xad\x2c\xce\
\xd0\x7b\x39\x2c\xdc\x67\x8d\xdf\x58\xd3\x87\xf0\xf5\x09\x73\x06\
\x99\x98\xdc\xac\x0b\x40\xde\x03\xc4\xb1\x47\xf7\xd8\xac\xee\x2d\
\xdc\xc4\xc3\x66\x84\xfd\x1e\x4b\x42\xcf\x3f\x1e\x1f\x7a\x6a\x71\
\xae\x31\x92\xb6\x53\x0d\x0c\x66\xa2\x4d\xad\x16\xc3\xda\x57\x3b\
\x51\x85\xcf\x56\xec\xf8\x84\xae\x79\x3b\x53\xc4\x6c\x07\xb4\xae\
\xf2\xa3\x06\xa4\xc3\x5b\xdd\x44\x32\xe9\xea\xc6\xdb\x5f\xda\x56\
\x9e\xae\x96\xc6\xd9\x44\x63\xa7\x35\xcb\x4e\x25\x71\xf9\x97\x43\
\x2f\x52\xb6\x5f\x15\xf1\x0e\x7d\x94\x8c\x0c\x0c\x6c\x6d\x89\x83\
\xf5\x5b\xcf\xda\xa4\x59\xdd\x96\x86\xd8\x7f\x82\xcf\x92\x16\x47\
\xa5\xd6\x1c\xaf\xca\xef\x25\xdb\x8a\xc6\xb5\x57\x95\x6b\x4c\xce\
\xf6\x9b\x48\xe6\x73\x3b\xf8\x2b\x1a\x1d\x63\xa8\x54\x31\xaf\x94\
\xe5\x02\xde\x6b\x36\x1a\x66\xb2\xc5\xce\xb9\xe8\xb7\xad\x38\x6d\
\x3a\x38\x61\x20\xdf\x52\x16\x5b\x41\xcb\xfe\x0a\x19\xda\xcd\x06\
\x8a\xc8\xe7\x6e\xba\x05\xc9\x0e\xb4\xca\x89\xa0\x90\x64\x91\xaf\
\xc9\x2c\x6e\x0f\x63\x87\xea\x90\xbe\x89\xec\xcb\x89\xd9\xc5\x9c\
\x3d\x14\xee\x20\xd4\x33\xf4\x73\x37\xa3\x86\x97\x5f\x3a\xcc\x5f\
\x36\xa6\xcd\x6a\xea\x7b\x1f\xe2\xa8\xf8\x7b\x8d\x1b\x44\xe9\x2d\
\x4f\x5e\x32\x65\x3b\x07\xf2\x5e\x77\x50\xe3\xd7\x91\x8a\x67\xee\
\x1e\xb7\x4f\xcf\x38\x72\x44\x4f\xa9\x7d\x1c\x69\x8d\xcb\x82\xa2\
\xa6\x90\x3d\xa1\xb6\xdf\x55\x9d\xdf\x78\x48\x27\x5e\x48\x7b\x4b\
\x5a\x49\x1a\x2f\x81\x9a\xbe\xde\x2d\xb9\xdc\x3e\x11\xfa\x7f\xf0\
\x54\x51\xe1\x78\x6e\x2e\x43\x5d\x2b\x5e\x22\x23\x99\x17\xbf\xf8\
\xaf\x86\x3c\x6f\x70\xcb\x17\x77\x93\x40\x1d\xad\xd7\xea\x7f\xd2\
\xef\x85\x69\x38\x83\xb2\xbc\x52\x69\xa2\x33\xcf\x03\x73\x46\x07\
\x23\xd5\x7e\x57\x54\xf7\xa2\xa3\x5c\xac\x0c\x37\x16\x16\xcd\xed\
\x0b\xf5\xdf\xfc\xd6\x6d\xf1\x3b\x77\xbd\x3e\x2f\xad\x63\xed\xcd\
\xdd\xf9\x58\xd9\x0c\x2f\x73\x04\x79\x1c\xe6\xe6\x06\xfa\x5d\x22\
\x5c\xf6\xbf\x2b\x81\x20\x6a\x6f\xcd\x53\xdf\xbd\xa5\x83\x26\x57\
\x5e\xee\x00\xf2\x51\x94\x82\xc3\xdd\x9f\x16\x6f\x10\x27\x52\xbe\
\xc2\x6d\xe1\xf3\xa1\xa2\x77\xc8\xe6\xb2\xa2\xce\x26\xe0\x16\xdf\
\x45\x27\xb2\x57\x87\x31\xf2\xf7\x86\xe1\xd6\x0c\xd4\x59\x63\x4a\
\xc0\x4b\x64\x66\x68\xc8\xd4\x90\x75\xf6\x29\x44\xd7\xe6\xcc\xda\
\xa9\x1a\x5e\x0e\xa3\xa7\x45\xc7\xdc\x19\x73\xde\xf3\x24\xb9\x5b\
\x21\x24\x69\xa0\xb2\x88\x8d\xec\x96\xcd\x76\x86\xc4\x30\x8b\x7c\
\x16\x3b\xa3\xc9\x2b\xb2\x3e\x4b\x03\x7c\xae\xd4\x9f\x35\x37\x0a\
\x82\x7b\xe7\x3d\xae\x23\xd5\x68\x1a\x2e\x39\x90\xe7\x91\xc1\x8e\
\x24\x96\x8b\x9d\x2f\xa5\xd3\x33\xbc\x40\xc2\xc6\x87\x75\x71\x3c\
\xfa\x59\x57\x25\x4c\xd9\xcb\x5c\xc6\x00\x05\xfc\x27\x9a\x8b\x66\
\x78\x2e\xcc\xc8\xf3\x9d\xae\x56\x76\x2d\x63\xbb\xc3\x67\x3c\x45\
\x26\xe1\xb7\x53\x9a\xa1\xd3\x09\x5a\x41\x71\x23\x30\xb9\xd0\xdb\
\xa2\xc7\xee\x9a\x47\x89\xb1\xeb\x7f\x11\xdc\x1b\x2c\x87\x08\xfc\
\x3d\xcc\x71\x97\x36\xde\x2b\xee\x82\x22\xb5\xc1\x8c\x63\x03\x49\
\x76\x84\x9e\x4a\x6d\x95\xcd\x8d\xcd\x6b\x1b\x13\xad\x62\x46\xb7\
\x55\x3c\xe5\x7b\x99\x76\x16\x8f\x11\xd3\x64\x35\x82\x17\x92\xc3\
\x19\xca\x41\x19\x55\x6a\x1f\xd2\xb5\xef\xc9\x08\x42\xf9\xe7\x64\
\x72\x4d\xa1\x23\xa0\x52\x16\x01\x66\x59\x93\x40\xd9\x09\x03\xa2\
\xb0\x41\xa2\xc8\x42\xaa\x1b\xeb\x29\xaa\x85\xf3\x15\x60\x37\x46\
\x4d\x2b\xa4\xd7\x58\x58\xf3\x51\x66\x84\xa0\x9e\xe9\xa4\x9a\x01\
\x08\x42\x04\x9a\x12\x03\xc4\x4a\x35\x06\x97\x92\x12\x73\x7c\x40\
\xab\x0c\xa5\xb0\x3e\xc4\xda\x34\x48\x10\x09\x52\x06\xea\x01\x08\
\x42\x01\x1b\xa1\x26\x0b\x12\x81\xdd\x07\x65\x1b\x10\x0a\x95\xad\
\xf0\x41\x2b\x5c\xdd\x31\xa9\xba\x8b\x0d\xaf\x75\x26\x38\x5b\xde\
\x81\x1d\x35\x0b\x0b\x1a\xc0\xe8\x78\x8f\x0f\x96\x8b\x10\xa6\x8e\
\xaa\x96\x46\x96\xba\x39\x1b\x7f\xf3\xee\x59\xb6\x20\x26\xcb\xdc\
\xec\xa4\xc4\x5a\x35\x66\xa2\x66\xbe\x6b\x3a\x97\xcb\xfd\xa0\xfd\
\x07\xe8\x31\x99\x25\xa8\xe1\x8e\x22\xad\xc1\x65\x76\xa2\x9e\x47\
\x67\x88\x7b\x06\xe3\xe2\xbc\x4b\x1a\xfa\x14\x76\xc1\x87\xd4\x5a\
\x83\x15\xc3\xf1\x28\x79\x38\xcd\xdd\x93\xee\x25\x7e\x87\xec\x97\
\x3d\x57\x4e\xfc\x4c\x37\xf3\xa7\xad\x8f\xaa\xf2\x71\xc6\xa2\xdb\
\x7e\x6d\xcf\xf4\x47\xed\xb6\x02\x1c\x28\xe9\x66\xff\x00\xa2\xb1\
\xa3\xfc\x52\xa7\xec\x33\xb7\x0e\x18\x39\xc7\x0e\xf7\xed\x1a\x91\
\x1d\x50\x71\xf8\x05\xfa\x4d\xa5\xb6\xd1\x48\x12\x36\x2b\x8a\xdd\
\x3f\x0d\xa3\x51\x0e\x78\xeb\x5c\x9f\x76\xf2\xfc\xf2\xa7\xe2\x9e\
\x28\xe1\xbb\x47\xc4\x38\x15\x7d\x0b\xdb\xeb\x17\x44\xec\xbf\x15\
\xbf\xa2\xed\x56\x82\xaa\x31\x1b\x6a\x03\x1d\x6d\x5a\xed\x0a\xfb\
\xa6\x7a\x58\x6a\x6e\x25\x86\x39\x41\xfd\xb6\x02\xb8\x6e\x2c\xec\
\x2b\x82\xb8\xcd\x8f\x18\x86\x07\x0b\x24\x7e\xf3\x53\x00\xc7\x8f\
\x7a\xf3\x72\xf4\x58\x9f\x35\x77\xf0\xf5\xdf\xff\x00\x4a\x3e\x5a\
\x87\x8d\x69\xe7\x90\xb0\xcf\x62\xed\x96\xde\x97\x88\x5a\xdd\xa4\
\x0e\x1b\x2d\xdf\x1a\x7d\x09\x5f\x09\x75\x47\x07\x63\xb2\xc5\x23\
\x6e\x5b\x49\x88\x3a\xed\x3d\x06\x71\xb7\xc1\x79\x06\x3d\xc1\x7c\
\x63\xc0\x12\x98\xb1\xdc\x26\x76\x86\xff\x00\xbf\x84\x17\xc4\x47\
\x5b\xff\x00\xfc\x5e\x36\x6e\x9b\x9b\x0f\x9f\xa7\xbf\x83\xa9\x71\
\xb3\xfa\x9d\x4b\xd5\xa0\xc7\x2f\x17\xad\xa9\x54\xd4\xe3\xcf\x8d\
\x83\xc7\x6f\x6a\xf2\x6a\x2e\x20\x7c\xe0\x5a\x5b\x38\x1f\x54\xe8\
\xb6\x98\x5e\x23\x55\x8f\x56\xc5\x4d\x4e\x0b\x89\xf5\x8e\xe0\x05\
\xe6\xdf\x1d\xa2\x7c\xc3\xd5\x88\xac\xc6\xde\x97\x81\x3e\x6c\x66\
\xac\x00\x48\x89\x87\x57\x5f\x75\xeb\x18\x5f\x71\x14\x6c\x6b\x8e\
\x8d\x16\x0c\x0b\xcc\x28\xe5\x8f\x87\xa8\xd8\xc6\x0b\xc8\xd1\xaf\
\x5b\xad\x8e\x0d\x8a\xd4\x56\x3d\x8e\x2e\x2c\xb9\xbe\x55\x6b\xfb\
\x1d\x1c\xf8\xfe\x58\xf1\xe9\xe9\xb2\x56\xb6\x37\xb4\x16\xb4\x36\
\xda\x68\xb5\x55\xf5\x25\xda\xb0\x8f\x62\xb2\x28\xbb\xea\x56\xb9\
\xe7\x50\x37\x5a\x8a\x86\xb9\x8e\x70\x07\x37\x9a\xe5\x9c\x9e\x1e\
\x56\x3a\x56\x27\x46\xf9\xf3\xba\xd6\xd7\x9a\xb2\x29\x0e\xb9\x4d\
\xec\xb5\x8e\xce\x5f\xd1\x5c\x1c\xe8\xdb\x7e\x5c\xd7\x1c\x5b\x6e\
\xdc\xd6\x27\xd3\x68\xca\x97\x17\xda\xfa\xad\x84\x55\x4e\x16\x0b\
\x49\x14\xdb\x3a\xda\x7f\x15\x9d\x1d\x64\x79\x6e\xe1\x63\xe4\xb5\
\x16\x75\xaf\x4f\xc3\x64\xfa\xa6\xdb\x54\xdb\x2b\x5e\x2e\xdd\x16\
\xb6\x3a\xc6\x3c\x86\x9d\x02\xb8\xd4\x44\x1a\xd0\xc3\x72\x9b\x70\
\xfc\x6c\xa7\x54\x86\x9d\xae\x07\x34\xd9\x35\xc5\xc1\xf8\xac\x47\
\xd4\xe9\x93\x2a\x9b\x24\x65\x80\x26\xc5\x37\x31\xe8\x9a\x33\x98\
\xf7\x0d\x46\xaa\xde\xf9\xde\xc5\x80\xd9\x40\x36\x6b\xb4\x52\xef\
\x4b\xcd\xaf\xb2\xbf\x2d\xa1\xc7\x38\xd9\x7d\xfb\xf9\x24\x65\x25\
\x84\xbb\x75\x43\x1d\x7d\x2c\xaf\x73\x5b\x96\xfe\x4b\x1f\x2d\x8e\
\xc5\x26\xa6\xc1\x45\xb3\x38\xe8\x36\xea\x93\xb4\x6d\xec\x9b\x4b\
\x48\x22\xf6\x36\xd9\x71\x77\x4c\xfb\x73\xc4\x78\x27\x92\xef\x6a\
\xa2\x71\x76\x5c\x68\x55\xd9\xc6\x6d\x3d\x8a\x9a\xa7\x06\xb5\x75\
\x6d\x3b\x6a\x3f\xe3\x06\x76\xe5\x39\x9d\xb2\x29\x5e\x24\xbd\x85\
\xd5\xc4\x09\x2d\x71\x7b\x85\x7c\x70\xb6\x26\xd8\x0b\x2c\x69\xc9\
\xdd\x3a\x37\x47\x76\xdb\xd5\x45\x33\x1b\x0b\xcc\xba\x13\x1b\x4b\
\xcd\xfc\x93\x77\x89\xba\x6a\xa8\xc4\x25\xee\xf0\xba\x97\x8d\x09\
\xcb\x1f\xc4\xae\xd7\x1e\xb1\x6c\x90\xeb\x65\xb6\xa9\x2d\x6b\x62\
\x12\x35\xd7\xb3\x63\x73\x8b\xdd\xe6\x7c\xd6\xaf\x89\x71\xaa\x7c\
\x0b\x0f\x92\xae\x6b\x34\x6d\x1b\x79\xb8\xf4\x0b\x61\x5b\x55\x0d\
\x15\x23\xe6\x99\xfd\xd4\x31\x8b\x92\x4e\x84\xf4\x5e\x74\x30\xaa\
\xce\xd3\xb1\x47\x4f\x38\x92\x9f\x0c\x8b\x48\x9a\x74\xbf\x9a\xfb\
\x7e\x37\x1b\xbe\x77\x2f\x1b\x36\x78\xc3\x5e\xeb\x4f\x86\x96\x8d\
\xb4\x18\xe5\x69\xc6\x71\x6c\x72\x4a\x0a\x92\xe2\x5b\x1c\x4e\x1e\
\x06\xf4\x1e\x6a\xf9\x78\x87\x84\x28\x5c\xff\x00\x45\xa7\xaa\xc7\
\x6a\x7f\x6a\xa3\x34\x84\x9f\xe4\xbb\x4a\x6e\xc9\x70\x2a\x6b\x19\
\x63\x92\xa1\xc3\x5f\x13\xb4\x5b\xda\x2e\x1b\xc3\xb0\xc6\xff\x00\
\xab\xd2\xc7\x17\x9e\x50\x4a\xf6\x2b\x87\x1d\x3c\x4b\xc3\xcd\xd5\
\x6b\xfd\x62\x65\xe6\x0d\xaf\xe2\xac\x76\xd1\x61\xd8\x6c\x38\x45\
\x33\x87\xae\xf6\xe5\x36\x56\x52\xf6\x56\xc9\x26\xef\xb1\x6a\xd9\
\x6b\xa6\x3a\xe5\x2e\xb3\x42\xf5\x19\x1a\x00\x36\x01\x6b\xa7\x37\
\x06\xe1\x73\x56\x29\x3e\xaa\xf2\xf2\x75\x1c\xd9\x3c\x57\xc4\x39\
\x67\xe0\x74\x58\x4c\x21\x94\xb4\xec\x16\xe8\x34\x5c\xfe\x2b\x03\
\xdf\xfe\xd0\x97\x6b\xfe\xcd\x9a\x05\xda\xd5\xb7\x30\x20\xe9\x75\
\xcb\xe3\x2d\xee\x9c\x43\x5c\xd0\x2d\xb9\x2b\x93\x25\x62\x21\xc1\
\x8f\x25\xa6\x77\x2e\x17\x14\x64\xa4\xeb\x92\x36\x0d\xad\xba\xe6\
\x6b\x8b\x5a\x48\x69\x2f\x90\xf3\x5d\x46\x2f\x5b\x04\x25\xd6\x71\
\x90\xf3\xca\xb8\xdc\x46\xb0\xc8\x49\x16\x8c\x72\xb6\xa5\x79\x79\
\x62\x22\x5e\xbe\x18\xee\x8f\x2c\x1a\x99\x34\x39\xc8\x6a\xd7\xc9\
\x53\x1e\xd7\xcc\x54\x6a\x3f\x4a\x08\xf1\x38\xf5\x2b\x18\x86\xc7\
\xb9\xd7\xa2\xeb\xc3\xbd\x15\xdb\x61\x0d\x41\xb8\xb6\xfc\x96\x5b\
\x24\x26\xf9\xac\x16\x95\x95\xac\x6f\xaa\x0d\xfc\xf5\x53\xef\xdc\
\xfd\xee\x07\x9a\xac\xcd\x7f\xe3\x6c\x67\x68\x36\x24\xa0\xcf\x95\
\xa4\xef\x65\xa5\xaa\xc6\xa9\xa8\x58\x73\xca\x1c\xeb\x6c\x0a\xe4\
\x71\x5e\x2f\x9a\xad\xc6\x38\x01\x6b\x6e\xb3\x37\x8a\x7b\x95\xa7\
\x1e\xd9\x27\xf6\xc3\xb1\xc5\xf8\x8a\x2a\x76\x96\x19\x2c\x6d\xb0\
\x5c\x7c\x9c\x59\x51\x06\x27\x4b\x57\x03\x8e\x6a\x79\xd9\x2d\xc1\
\xe8\xe0\x56\xa6\x3a\x7a\xba\xd7\x17\x39\xe7\xde\xae\x38\x3c\xcc\
\x61\x20\x72\x2b\xa9\x7e\x46\xe7\x50\xf6\x30\xf0\x26\x91\xb9\xf6\
\xfb\xf7\x86\x71\xc1\x8a\x60\x54\x35\xa7\x2b\xc4\xf0\xb5\xf7\x5b\
\x77\xd5\x19\xda\xe1\xb0\x3b\x6a\xbc\x93\xb0\x6c\x71\xd5\xbd\x9a\
\xe1\xcd\x94\x19\x24\xa7\xbc\x25\x77\xac\xc4\xac\x45\xf4\x17\xd1\
\x7c\x4f\x22\xbd\x99\x2d\x0f\xa7\xc1\x4e\xea\x47\xfc\x68\x7b\x4f\
\xc2\xa3\xc7\x38\x4f\x11\xa3\x91\x99\x8c\xd0\xb9\xb9\x49\xb0\x3a\
\x2f\xc7\xae\x26\xc3\xaa\x30\xcc\x62\xb2\x99\xcd\x31\x46\xd9\x1c\
\xc2\xc7\x1b\x91\x63\xd5\x7e\xca\xe2\xb2\xb2\xaa\x82\x76\xdb\x31\
\x20\xea\x7d\x8b\xf2\x1b\xb6\x0c\x1d\xf8\x2f\x68\x58\xe4\x4f\x91\
\xe4\x8a\x87\x66\x69\x3a\xea\x79\x79\x2f\xb6\xff\x00\xcb\xe4\x98\
\x9b\xd1\xf3\xfd\x7b\x14\xf6\xd6\xce\x36\x42\xe6\x40\x1a\xc7\x32\
\x56\x5c\x5f\xa8\x4e\x33\x9e\xa8\xde\x20\x73\x6c\xee\x41\x48\xb2\
\x4a\x5a\x56\x3c\x46\xcb\x4c\x6c\x2c\x6e\x50\xf9\x5b\x2b\x5a\xcf\
\x0f\x84\x6b\xe4\xbf\x47\x8b\x69\xf1\x52\xad\xf1\xc3\x14\x81\x84\
\x3c\x13\xfa\xd7\xd7\xdc\xab\x73\x22\x89\xe6\xce\x93\x35\x8e\x85\
\x42\x68\xe2\x3a\x34\xba\x67\xee\x2c\x7d\x50\xa4\x63\x64\x11\x77\
\x9d\xeb\xb3\x6c\x2e\xdb\xdc\x2c\xcc\x9a\x21\x2b\xa3\xa7\xb3\x73\
\x86\x9d\x0b\xdc\x35\xf6\x25\x24\xc1\xa0\xb1\x95\x00\xb9\xda\x80\
\x5b\xb7\x92\x8c\xa5\xd2\x40\xc6\x3a\x47\xb5\x80\xdc\x02\xdd\xfc\
\xd4\x43\x65\x6e\x68\xb3\x0f\x27\x16\xac\xed\x0d\xb9\x69\xc3\x45\
\x43\x73\x97\x5c\xe9\xba\x94\x8c\x89\xb3\x30\xb0\xb7\x35\xae\x09\
\xe4\xa9\x6b\x26\x63\x81\x71\x63\xcb\x36\xb8\xd5\x4e\x23\x33\x9e\
\xe0\xd7\x46\xe2\x45\xc0\xb6\x81\x64\x48\xd8\x35\xd2\x38\xb7\xd6\
\x00\x8f\xda\x4d\x94\xce\x74\x6e\x7c\x6d\x60\xb1\x3a\xdf\x65\x18\
\x1c\xe7\x4a\xf1\x2e\x47\x16\x8f\x54\x9d\x07\xb1\x43\xbd\x7b\x5a\
\x63\x8d\x97\x26\xe4\xb8\x1d\x2c\x82\xe9\x1c\xe1\x24\x84\xe4\x69\
\xb5\x88\x3c\xc7\x55\x28\xde\xd7\xd4\xc5\x95\xcc\x63\x2d\x67\x90\
\x39\x28\x54\x3d\xcf\xf1\xda\x3c\xbf\xac\x01\xd5\x45\xd2\x87\x86\
\x79\xe8\x6c\xd4\xda\xbf\xa5\xb4\x21\x17\x5e\x13\xb3\x00\x8b\xa0\
\x9e\x68\x41\x17\x52\x44\xc6\xed\xf2\x48\x0d\x12\x0e\xbd\xd4\x80\
\xb2\x8c\x8d\x90\x97\x44\xd6\x9a\x81\xcb\xcd\x36\xbb\x4b\x24\x11\
\xf9\xa2\x81\xc9\x39\x08\x0d\xf3\x4b\x6b\x21\xc4\x90\x8c\x88\xee\
\xa6\x90\xd9\x34\x40\x84\x21\x00\x84\x24\xe3\x60\x81\xa4\x80\x6e\
\x02\x68\x04\x34\xdb\x44\x24\xb5\x22\x68\x42\x09\xb0\x59\x02\x59\
\xb5\xb2\x01\xba\x32\xeb\x74\x0d\x08\x42\x06\xdb\x0d\x79\xa7\xcc\
\x79\x95\x0d\x73\x59\x4c\x0d\x74\xd5\x00\xf7\xd8\xec\x4a\x62\xe7\
\x54\x5c\x91\xaa\x3d\x85\x03\xb6\x6b\x79\x29\x68\xa0\x0e\xb6\x53\
\xb2\x01\xa3\x7b\xea\x14\x94\x73\x58\x29\x2b\x01\x17\x59\x3d\xc2\
\x89\xf5\x94\x86\xcb\x42\x2f\xe4\x4f\x5d\x94\x27\xa6\x8a\xae\x17\
\x47\x33\x04\xb1\xb8\x6a\xd7\x8b\x82\xac\x76\xba\x75\x48\x5f\x60\
\x16\x27\x53\x3a\x98\xf0\xb1\x3a\x9f\x0f\x26\xe3\xcf\xa3\xb7\x04\
\x71\x3c\x33\x55\x4b\x45\xf5\x65\x48\x17\xf4\x8a\x57\x16\x0f\x7b\
\x76\x5e\x41\xc3\x9c\x0f\x43\xc1\xad\x9e\x1a\x49\x5d\x52\xe2\xe3\
\x69\xdc\x35\x70\xe4\xbd\xaf\xb4\xfe\x2b\x21\xae\xc3\x69\xa4\xb0\
\x1a\xc8\x5b\xfc\x97\x97\xc2\x4c\xae\x0d\xe8\x57\xc7\xf5\x2c\x98\
\xed\x7e\xcc\x70\xfb\x7e\x97\x5c\xd4\xc7\xdf\x7b\x7b\x6b\x66\xa0\
\x7d\x44\xa0\x38\x69\xd1\x67\xe1\x14\x52\x9a\xf8\x63\x63\x74\x69\
\xd4\xad\xfd\x06\x18\xe9\xde\x1b\x6b\x93\xb9\xe8\xba\x4c\x2f\x05\
\x8a\x91\xce\x70\x01\xef\xea\x17\x93\x4c\x53\x79\xd3\xd4\xc9\xc8\
\xed\x89\x84\xcc\x2e\x8e\x99\xad\xe8\x35\x5a\x5a\xb0\x35\xb9\xb1\
\x25\x6f\x71\x59\xdd\x0c\x5a\x78\x6e\xb9\x6a\xd9\x1c\x4f\x88\xd9\
\x4c\x98\xe2\x9e\x1d\x5c\x31\xdd\xe4\xe5\x68\x6e\xa6\xfe\xe5\x28\
\xdc\xd7\x00\x2d\x7b\xac\x77\x38\xe4\x1c\xd4\x62\x2e\x2f\x25\xa7\
\x92\xeb\x3b\xba\xd3\x35\xac\x03\xd5\xbf\xbd\x4d\x9b\x1b\xdb\x4e\
\xaa\xa8\x1e\x4d\x81\xd0\xf5\x56\xf7\x64\x9b\x5d\x25\xc7\x3a\x19\
\x1a\x32\xba\xe2\xca\xe3\x1f\x76\x1a\xe0\x46\xbd\x16\x18\x6b\xc4\
\x99\x6f\xe1\x57\x0b\xed\xae\x8b\x1b\x94\xed\x66\x32\x67\x39\xc3\
\x4d\x47\x35\x5d\x43\x33\xbe\xf7\xd5\x49\x8d\xf0\x0b\x95\x64\x91\
\xb4\x90\x1a\x7e\x2a\xf9\x70\xcc\x6a\x58\xe2\xa0\xc6\x32\x90\x47\
\x42\x16\x4d\x3d\x5b\x6f\x9a\xe4\xf5\x50\x96\x10\xf2\x05\xef\xe6\
\x9b\x58\xd8\x74\x03\x42\xaf\xa5\xf1\x2c\xf1\x3d\xc5\xdb\xcd\x4c\
\x3c\x96\xbf\xcb\x42\xb0\xe2\x93\x20\x3d\x15\x62\xbc\xbd\xe1\x80\
\x5a\xe3\x55\xc7\x36\x71\xf6\xad\x96\x6f\xd2\x64\xbe\x81\x11\x4e\
\x49\xb9\xd7\xcd\x60\xc9\x99\x8f\x06\xfa\x92\xab\x64\xe5\x8e\x71\
\xbe\x9c\xfc\x97\x17\x73\x92\x28\xcf\xaa\x91\xcd\x24\x03\xe7\x70\
\xb0\xfd\x24\x58\xe6\x26\xe1\x50\xf9\xdc\xf7\xe5\xcd\xa5\xb4\x58\
\xb2\x4d\xe2\x24\xe9\xe4\xb8\x76\xec\x57\x1b\x61\x0c\xc4\x06\xb9\
\xa4\xd9\x67\x36\x71\x2b\xbd\x6d\xf9\x9e\x6b\x45\x05\x5b\xb3\x34\
\x07\x00\x15\x86\x52\x1d\x94\x1d\x39\x27\x76\xcb\x62\x6f\x1b\x20\
\x75\xc0\x70\x0b\x0f\x88\xe6\x8a\x8b\x04\x64\x92\xba\xcc\x33\x02\
\xee\xa6\xda\xd8\x2c\x01\x53\x91\xc3\xc5\xaa\x96\x2c\x69\x25\xc3\
\xe8\xa4\xaf\x99\xac\x63\x2a\xee\x33\x9b\x02\x72\xe8\xbd\x3e\x9f\
\xab\x66\x88\x97\x9b\xcd\x89\xc7\x86\x6d\x11\xb6\x81\xb8\x2d\x4f\
\x17\x54\xb6\x7c\x41\xae\x87\x0f\x61\xbc\x74\xd7\xb1\x75\xb6\x71\
\x5d\x5c\x30\x45\x45\x13\x63\x89\xa1\x91\x8d\x9a\xdd\x14\x9b\x51\
\x11\x60\xc8\xe6\xb9\xbc\xb2\x95\x8f\x2c\xe1\xa7\xf9\x2f\xbd\xa4\
\x6a\x3f\x6b\xf3\xae\x4e\x4b\xe5\xb4\xf7\x78\xff\x00\x8c\x87\x49\
\xbe\xa0\xf9\x15\x8b\x34\xc7\x5b\x1b\x75\x58\xfe\x90\x73\x9d\x55\
\x32\x4f\x7b\x80\xb9\xea\xf2\xed\x5d\xfd\x89\x9c\xdd\x48\xbe\x8b\
\x5f\x51\x30\x00\x91\xaf\xb1\x4a\xa2\xad\xac\x16\x27\xda\xb4\xb5\
\xb8\x94\x6c\x61\xcc\xf0\xd6\xfb\x57\x66\xb5\x9f\x6c\x45\x66\x67\
\x51\xe5\x4e\x29\x54\xe1\x1b\xbf\x48\x1b\x7f\x8a\xe1\x31\x87\x54\
\x4e\x5d\xdd\xc6\xf7\x0f\xda\x76\xca\xde\x27\xed\x1b\x04\xc0\xc3\
\xbb\xca\xb8\xdd\x28\xfd\x56\x38\x12\xbc\x97\x88\x7b\x76\x74\x99\
\xdb\x47\x4c\xf7\x0d\x83\xde\xeb\x2c\x66\xcd\x4a\xc6\xa5\xee\x71\
\x78\x39\xf2\x79\xad\x5d\x4e\x21\x03\xa3\x07\xbc\x91\xb9\xba\x02\
\xb9\x2c\x4b\x13\x65\x33\xc8\xd3\x4e\xb6\x5e\x77\x8c\x76\x9b\x8c\
\x55\xb9\xe5\x92\x88\x73\x7e\xc8\xd4\x2e\x46\xbf\x1d\xae\xad\x24\
\xcb\x53\x23\xca\xf1\x72\x72\x6b\x33\xe1\xf4\x78\xba\x6d\xe2\x3f\
\x73\xd4\x2a\xf1\x9c\xce\x24\x4b\x1b\x07\x3f\x18\x5a\x3a\xbe\x26\
\xa3\xa7\x75\x9f\x52\xd7\x38\xf2\x69\xba\xe1\x29\xe8\x6b\x71\x02\
\xdc\xad\x91\xd7\xd3\x55\xb8\xc3\xf8\x1a\xa2\x5b\x39\xf1\x39\xe7\
\xd8\xba\x76\xe4\xc4\x3d\x3c\x7d\x37\x7e\xdb\x83\xc7\x11\xd8\xb2\
\x9e\x22\xfb\x7e\xb1\x0b\x1e\x4c\x6b\x15\xc5\x4e\x56\x02\xd6\xf9\
\x2e\x83\x09\xec\xfe\x5f\x09\x30\xf7\x63\xa9\x0b\xa9\xa3\xe1\x38\
\xa0\xb5\xec\xeb\x6f\x95\x75\xad\xca\x9f\xa7\x72\xbc\x1c\x54\xf6\
\xf3\x8a\x6e\x1b\xac\xae\x93\x35\x43\xdc\xef\x25\xd1\xd0\x70\x80\
\x8d\xa3\xf4\x24\x9e\xa4\x2e\xf2\x0c\x26\x28\x2c\x58\xc1\xef\x0b\
\x67\x1c\x04\x34\x00\xd0\x3c\xec\xba\x76\xcd\x6b\x7d\xbb\x31\x14\
\xaf\xf1\xab\x8e\xa3\xe1\xde\xec\x02\x60\x00\x0d\x75\x0b\x62\x30\
\x70\x46\xb1\x31\xdd\x40\x0b\xa3\x14\xb2\x3f\x5c\xc0\x05\x09\x63\
\xee\xc1\x21\xe2\xeb\x11\x69\x9d\x34\xeb\xbb\x12\x79\xa2\xc2\x71\
\x08\x03\x43\x5a\xca\x8b\x80\x3d\x8b\xbf\x74\xad\x73\x5b\x60\x37\
\xd5\x79\xc7\x65\xef\xee\xe9\x71\x27\x13\xbc\xe3\x5f\x72\xee\xfb\
\xe6\x80\xd1\xef\xba\xf2\x39\x7f\xfd\x1d\xee\x27\xff\x00\x35\xd5\
\x12\xdd\x84\x68\x2f\xb2\xfc\xde\xfa\x64\x70\x9c\x18\x1f\x69\xae\
\xae\x19\xb3\xd6\xc6\x24\x20\x68\x2f\xcd\x7e\x85\xd6\x54\x5f\x31\
\x1a\x9b\x6c\xbe\x24\xfa\x73\xd4\x44\xea\xfc\x29\xd2\x47\x98\x3a\
\xfa\x90\xbd\xcf\xfc\xed\xe6\x9c\xc8\x88\xfb\x79\xdd\x6b\x1f\x77\
\x16\x66\x3e\x9f\x2a\x4f\x53\x2f\xa2\x00\xd6\x46\x22\x2e\xb0\xd6\
\xe6\xe5\x62\x80\x63\x93\x2b\x22\x20\xc6\xcf\x1b\xad\xa2\xbb\xbd\
\x31\xc4\xd0\xc6\xb4\xc9\x25\xed\x16\xc7\xca\xca\xa6\xd3\x87\xbd\
\xae\x71\x71\x24\x59\xcc\x1d\x7c\xd7\xeb\xb2\xfc\xce\x50\x8e\x5b\
\x46\x43\x99\x1b\x5a\x75\xb0\x77\x8b\xcd\x2e\xe9\xae\xfd\x25\x3b\
\x8b\x74\xb7\x8c\xe6\xba\x55\x10\xde\xa0\x31\x90\x07\x8b\x58\x39\
\xa7\x65\x50\xa1\xc8\xf6\x87\x09\x22\x8c\x79\xac\x6c\x82\x9e\x50\
\xe7\xb5\xaf\x2f\x0c\x68\xb0\xb8\x41\x96\xcd\x05\xb2\xb9\xac\xe4\
\xd2\x35\xba\x83\x9a\xd6\x39\xbf\xed\x01\xbf\xeb\x05\x92\xf8\xa6\
\x95\xef\x91\x8f\x63\x9a\xeb\x72\xb0\x0b\x1b\x96\x98\xaf\x6c\xb3\
\x5d\xc2\x66\xdc\x6e\x3a\xa9\x96\x54\x42\xc2\x7b\xc8\xc5\xf5\xca\
\x14\x98\xe9\xdc\xd0\xc0\xd6\x58\xde\xe6\xca\x11\x32\x60\x0b\xdd\
\x09\x31\xdb\xc5\x6d\x90\x58\xd8\x5c\xf6\xe7\x63\x2f\x33\x75\xb8\
\xd8\xf5\x48\xb3\x7f\x06\xae\x1b\x87\x58\x29\x09\xdb\x1b\x9d\x96\
\x17\xb7\x98\x17\xd3\x55\x5c\xa2\x37\x0e\xed\xa0\xb7\x4d\x01\xea\
\x9e\x00\x60\x05\xb9\x4b\x18\xe7\x68\x3c\x2e\xf3\x57\xc9\x4e\x5e\
\xf2\xd6\xcc\x18\xdb\x8f\x08\xe4\xb1\x72\x35\xba\x36\x27\xe6\x1b\
\xd8\xf3\xbe\xea\xf7\x35\xe6\x46\xb5\x90\xe5\xfd\x67\x5c\xee\xac\
\x23\xfa\x5c\xba\x46\xda\x6a\x83\xab\x82\x76\x0b\xc2\xdb\x98\x21\
\x08\x1b\x95\x3d\xb5\xb0\x46\x85\x30\xed\x6c\x92\x2c\x15\xd1\x30\
\x9a\x14\x6f\x64\x34\xe6\xdd\x13\xd2\x48\x45\x87\x9a\x56\xd3\x75\
\x4d\x9a\x4e\xd8\x7b\x53\x42\x29\xb3\x54\xda\xe0\xe4\x89\xca\x34\
\x51\x8b\x72\x51\x34\x9b\x8e\x84\xa4\xdd\x92\x76\xa3\xdc\x9b\x51\
\x12\x48\x8b\xa6\x84\x09\x34\x21\x00\x84\x21\x50\x07\x65\xdd\x4b\
\x42\x14\x37\x53\x1a\x85\x01\xb2\x8b\x8d\x88\x43\x94\x90\x2c\xe0\
\x94\xd1\x60\x85\x40\x8c\xf6\x42\x2f\x6e\x49\xa1\x23\xa0\xbf\x24\
\xce\xc2\xca\x37\xf0\x80\x92\x82\x44\x26\x0d\x9d\xaa\x82\x6d\xd9\
\x51\x20\x09\x17\xba\x9b\x4e\xaa\x2d\x3a\x11\xe6\xa5\x7b\x37\x4d\
\xd6\x84\xac\x2e\x85\x5b\x6e\x39\xfb\x54\x9c\x6e\x74\x40\xce\xeb\
\x55\xc4\xf8\xcb\x30\x3c\x1e\xa2\xa9\xc6\xc5\xad\xb3\x7c\xcf\x25\
\xb5\x24\x80\x7d\x8b\xca\x7b\x68\xc6\x8c\x0d\xa6\xa2\x6b\xec\xd3\
\xe3\x73\x47\x3d\x57\x4f\x97\x97\xe2\xc3\x6b\x43\xbb\xc4\xc5\xf3\
\xe6\xad\x67\xe9\xe7\xf5\xb5\xaf\xae\x96\x59\x24\x24\xbd\xee\x2e\
\xb9\x58\x78\x73\xf3\xe2\x0e\x8c\x0f\x03\x46\x6b\xa2\x9e\xb1\xb5\
\x52\x35\x91\xea\xe1\xba\xca\x92\x26\x50\x45\x23\x80\xb5\xf9\xaf\
\x85\xd4\xdb\xf7\xdb\xdb\xf4\x18\xed\xac\x76\x43\x6f\x4d\x8d\xb6\
\x9d\xaf\x63\x1e\xd6\xdf\x42\x56\xe7\x86\xf1\xc6\x33\x33\x65\x75\
\xda\xe3\xa3\x8a\xf2\x77\xe2\x17\x98\xeb\x6d\x7a\xad\xd5\x26\x27\
\x99\x8c\x0d\x37\x23\xf8\xa9\x5c\xdd\xb3\xe1\xc9\x7e\x3c\x5a\x8f\
\x54\xc4\x9a\xc9\xd9\x70\xec\xdc\xc5\x97\x21\x88\x80\x5f\xae\x81\
\x4b\x0d\xc6\x1f\x3c\x41\x8e\x24\x38\x74\x59\x92\x50\xba\x71\x77\
\x8c\xbf\xc5\x63\x25\xe2\xfe\x61\xd2\xc7\x5f\x87\xc4\xb5\x51\x0e\
\xf1\xa5\xbb\x72\x59\x14\xd0\x77\x5b\xea\xa6\x69\xfb\x97\x1b\x68\
\x3c\xd6\x05\x7e\x23\xe8\xc0\xb4\x1b\x9d\xd7\x4e\x67\x5e\x5d\xad\
\xf7\x7a\x6c\xe7\x92\x36\x34\x59\xc1\x63\x3a\xba\x38\xda\xec\xc7\
\x5e\x4b\x9c\x35\xb3\xd6\x01\x96\xf6\x59\xd1\xd2\x3d\xf0\x82\xe5\
\xc7\xdf\xdc\xdf\xc7\x11\xe6\x5b\x2a\x5c\x4e\x27\x97\x34\xee\x39\
\xac\xaf\x48\x6c\x9e\xa6\xab\x53\x0e\x14\x45\x9c\x4e\xbe\x4b\x65\
\x0c\x1d\xd0\x1a\xa6\xd8\xbc\x56\x3d\x2f\x13\x9d\x5a\x54\xa4\xa9\
\x90\x34\x0b\x59\x55\x23\x80\x6d\xee\x05\x94\x1b\x52\xd1\x67\x12\
\x48\xf3\x5a\xde\xa1\xc5\xa8\x96\x64\x55\x8e\xca\x01\x39\x2f\xcd\
\x59\x25\x43\x23\x04\x93\x9b\xcd\x69\x5f\x89\x32\x17\x10\xed\x5a\
\xb5\x15\xd8\xcb\x9d\x21\x31\xba\xc3\xa2\xc7\xc9\xaf\x6e\x4a\xe1\
\xee\x97\x4f\x25\x58\x68\xb3\x4d\xda\x55\x2f\xc4\x22\x0d\x05\xae\
\xb9\x07\x5b\xee\xb9\x0f\xac\xe6\x76\xef\x23\xa0\x56\xb6\x79\x24\
\x01\xce\xd3\x4d\xee\xb8\x26\xdb\x76\xbe\x08\x87\x49\x2d\x6e\x66\
\x97\x02\x2e\x76\x58\x86\xba\x42\x43\x74\xb0\xd5\xcb\x5d\x1d\x43\
\x9e\x03\x08\xd1\x55\x25\x53\xa2\x24\x1b\x5c\xe9\x6f\x25\x3d\xad\
\x71\x46\xdb\x91\x28\x02\xf7\xf1\x6c\xa1\x2c\xed\x6e\x6c\xce\xd4\
\x69\x65\xa7\x18\xa1\x0d\xd4\x85\x47\xa7\x0e\xf0\x9b\xe6\xfd\x6d\
\x56\x65\xcb\x18\xa6\x1b\x96\xbf\x34\x86\xda\x2c\xb8\xc9\xee\x89\
\xdd\xc1\x68\xe1\xc4\x9b\x18\x6f\x33\x75\x94\x31\x12\x6c\x73\x00\
\x0f\x25\xc5\x32\xcd\xa8\xd9\x36\xa4\x5e\xe6\xda\x05\xaf\xe2\xda\
\x68\xb1\xae\x10\xaa\x85\xed\x07\xba\xa8\x8e\x40\x0e\xc3\x50\x09\
\x50\x7d\x5b\x18\xd7\x1b\x82\x06\xab\x1e\x1a\xa6\xd7\x53\x56\xd2\
\x5c\x91\x51\x0b\xb2\xb6\xfb\xb8\x6a\x17\x67\x89\x93\xb3\x34\x4b\
\xab\xc8\xc3\xfe\x39\x97\x1b\xdd\xe2\x78\x6b\x43\x69\x31\x29\x1a\
\xc1\xea\xb3\x36\x8a\x93\xc6\x7c\x4b\x87\xfa\xd9\x6a\x9b\xd0\xae\
\x76\x7e\x2e\xc4\xcb\x08\x8e\x8d\x91\x86\x9c\x9e\x2d\xee\x0a\xd6\
\x56\x63\xd8\xd4\xc0\xe6\x74\x71\xdf\x60\x17\xde\xe1\xcd\x31\xad\
\xbc\x6c\x9c\x5c\x79\x7c\xde\xae\xd3\xff\x00\xf3\x15\x65\x2e\x95\
\x58\x48\x07\x91\x6b\x96\xa3\x13\xed\xdd\xd0\xb5\xc1\xb4\x4d\x63\
\xb9\x02\xe5\xc1\x57\xbe\xaa\xa1\xd9\xaa\x6b\x03\x7c\x86\xeb\x49\
\x53\x2d\x34\x32\x13\x1b\x0c\xaf\xfd\xb9\x57\xaf\x4e\x44\x56\x3c\
\xc3\xca\xbf\x49\xc1\x69\xf4\xea\x31\x4e\xd9\xb1\xba\xc2\xf3\x03\
\x5b\x4e\xc3\xe6\xb8\x7c\x6b\x8d\x71\x5c\x4c\xb9\xb3\x57\x4c\xe0\
\x77\x6b\x5f\x60\xb0\x71\x3a\xe1\x72\x64\x37\x27\x66\x35\x6a\x72\
\x4b\x5f\x33\x63\xa7\x89\xd2\x48\xed\x98\xcd\x4a\xe0\xcd\xcc\x99\
\x8d\x43\xb5\x87\xa7\xe1\xc7\xfd\x58\x35\xf5\x79\x89\xcc\xec\xc6\
\xfa\xdf\x9a\xd5\xc1\x4d\x5b\x8d\x4f\xdc\xd0\x53\x3e\xaa\x42\x6c\
\x32\x0d\x07\xb7\x92\xf5\x4e\x1e\xec\x72\x6a\xd7\x8a\xac\x6a\x43\
\x4f\x09\x17\xee\x18\x7c\x47\xda\xbb\xd8\x68\x70\xec\x0a\x9c\x53\
\x50\x53\x47\x4f\x13\x45\xbc\x0d\xb1\x3e\xd3\xcd\x78\x59\x73\x4c\
\xbd\x38\x9a\xd7\xc4\x3c\x63\x0f\xec\x6e\xba\x70\xd9\x31\x3a\x9f\
\x47\x07\x5e\xee\x2d\x4a\xdd\xd3\xf6\x7f\x82\xe1\xe7\x27\x74\xf9\
\x5f\xcc\x91\x7d\x57\x75\x55\x5c\x63\xcd\x95\x99\x87\x4b\xad\x4d\
\x4e\x3b\x90\xeb\x4e\xf6\xe9\xc9\x74\x66\xd6\xb3\x96\x25\x89\x45\
\xc3\xb4\x50\xb4\x77\x34\x8e\x36\xea\x00\x0b\x65\xe8\x82\x06\x1c\
\xb1\xc7\x13\x6d\xcc\xec\xb4\x73\xf1\x2d\x89\xdd\xbf\xf5\x5d\x6b\
\xea\xb8\x91\xf5\x0d\x2d\x6f\x76\x45\xba\x95\xc7\x31\x2e\xc4\x44\
\xcf\x87\x4e\xd9\x5a\x77\x9d\xa4\x0e\x4d\x53\x15\x8d\x66\x8d\xd5\
\x70\xcd\xc6\xe4\x84\x59\xae\x8c\x05\x36\xf1\x0c\xcd\x04\xe7\x67\
\xb8\xa9\x35\xb4\xb9\x22\xb1\x1e\xdd\x9b\xf1\x29\xc1\x01\x91\x13\
\xe7\x75\x11\x5f\x58\xe3\x62\xd0\xdf\x69\x5c\x83\x38\xa9\xcd\xf5\
\xbc\x6a\x32\x71\x5c\x6e\x07\x47\x8f\x7a\x46\x3b\x4b\x13\x31\x0e\
\xcf\xd2\x67\x22\xc6\x66\x0f\x62\xa9\xd5\x1d\xd9\x39\xa5\x07\xde\
\xb8\x51\xc5\x70\x02\x73\xbc\xb4\xff\x00\xcc\xaa\xa8\xe2\x08\x1f\
\x1b\x8c\x73\x5c\xbb\xc2\xdb\x1e\x6b\x9a\xb8\xa5\xc1\x6b\xc4\x7b\
\x7b\x87\x01\xbd\xf4\x9c\x31\x2c\xed\x20\x77\xd3\x17\x02\x79\xd9\
\x6f\xa8\xb1\x87\x4b\xe0\x71\x76\xeb\x5d\x82\xd2\x36\x83\x85\xf0\
\xda\x27\xba\xd2\xc7\x08\x2f\x07\x9b\x8e\xaa\x71\xb8\x46\xf0\x6e\
\x2f\xcd\x78\x1c\x99\xde\x59\x88\x7a\xfc\x78\x8a\xe2\xd4\xb6\xd5\
\x75\x25\x92\x12\x74\xd3\x9a\xf9\x23\xe9\x9b\x48\x26\xc3\x28\xeb\
\x5e\xde\xf3\xb9\x93\x28\x1b\x81\x75\xf5\x1d\x6d\x73\x1f\x09\xb9\
\xf1\x0e\x6b\xe5\xaf\xa6\x1d\x4b\xe4\xe1\xc8\x19\x00\x2e\x79\x94\
\x17\x6b\x6d\x2c\x57\xad\xd1\x77\x1c\xca\xcb\xcf\xea\xbe\x78\xb6\
\x7c\x8a\xea\xa1\x24\x26\xa0\x30\x3a\x56\x78\x46\x67\x58\xfb\x56\
\xb4\x42\x1c\xec\xef\x91\xcd\x95\xfb\x35\xa6\xe0\xac\x9b\x39\x8c\
\x0f\x01\xa2\x46\x37\x98\xba\xc3\xcc\xdb\x02\x5a\x4d\xcd\xc9\x03\
\x6f\x62\xfd\x8a\x7c\xbf\x28\xfb\x5a\xea\x66\xc5\xca\x46\xb8\x0b\
\x82\x0a\xaf\xd1\x5b\x23\xb5\x91\xed\x73\xb9\x13\x7b\x29\x66\xb5\
\xda\x1a\xe7\x82\xdd\x46\x6d\x40\x50\x07\x2b\x33\x46\x1c\x1d\xd2\
\xf7\xb2\x93\x2d\x24\x29\x5f\x19\xb0\x9b\x3e\x5d\x81\xea\xab\x73\
\x65\x80\x38\x19\x32\xdb\xf6\x46\x85\x28\xdb\x96\x32\xf6\xcc\xf3\
\x21\x36\xd0\x5c\x0f\x6a\xb5\xad\x7c\x47\x2b\xdd\x99\xc4\x5f\xab\
\x4a\xc2\x94\x64\x64\x0e\xcc\xd2\x1c\x2c\x05\x94\x9e\xe2\x5b\x96\
\x26\xb6\xc4\x6a\x33\x2a\xaf\x23\xdd\x98\x16\x1f\x68\xb0\x09\x99\
\x9e\xdb\x7e\x8e\x23\x7f\xd6\x6a\x09\xbc\x93\x94\x80\xe6\xf8\x6d\
\x6e\x45\x49\xd3\xc7\x3c\x4d\xb9\xc8\xf6\x1f\x54\x85\x13\x9e\x42\
\x03\x35\x70\x20\xd8\x1d\x2c\xa9\x64\xce\x33\x9c\xcd\xb5\xb9\x39\
\xa9\xb1\x78\x94\x67\xef\x1c\xef\x63\x18\x37\x49\xcd\x73\x88\x2e\
\x8e\xcd\xdd\xc5\xc6\xca\x6e\x7b\x9b\x28\xc9\xe3\x36\xfd\x61\x65\
\x44\xb9\x85\xce\x8d\x17\xd0\x13\x70\x4a\xbd\xcc\xe9\xfd\x2f\x82\
\x4e\xe8\x6b\x86\xa8\xea\xa3\x96\xcb\xc2\x76\x34\xb2\xe1\x2b\x84\
\x02\x8b\xeb\x65\x61\x0e\xe1\x17\x45\x91\x65\x57\x62\xe8\x06\xd7\
\x47\x44\x5a\xe8\x26\x85\x1c\xd6\x3b\x26\x1c\x3d\x88\x80\x8f\x1d\
\xd2\x22\xe4\x29\x21\x17\x61\x08\x42\x06\x1c\x00\x4a\xf6\x72\x12\
\x71\xb5\xca\x2a\x69\xa8\xb5\xc2\xca\x48\x9a\x08\x42\x11\x02\x10\
\x84\x02\x60\xd9\xba\xa8\x94\x8b\x6e\x6f\xcb\xa2\xa2\xc0\x85\x10\
\x72\x8b\x59\x49\x5d\x08\xe5\x37\x52\x42\x15\x02\x10\x84\x08\x84\
\xae\x46\xfb\x29\x24\xed\x96\x74\x1a\x93\x76\x51\x03\x44\xf3\x58\
\x20\x39\x9f\x72\xb1\x56\x35\xb9\x53\xcd\xe2\x01\x58\x0e\xc9\xb5\
\xb6\x37\x40\xdd\x4f\x92\xa2\x2e\x3b\xaf\x9c\x3b\x6f\xac\x98\x71\
\x9f\xa3\x34\xf8\xdd\x1b\x72\x03\xe7\x6d\x17\xd1\xf6\x16\xe4\xbc\
\x83\xb5\xae\x13\xa7\x9f\x88\xe8\x31\x97\x48\x03\xa3\x8c\xb0\xc2\
\x77\x71\xbe\x85\x79\x7d\x42\xbd\xd8\x65\xeb\x74\xdb\x76\xe7\x87\
\x13\x82\x61\x4d\xc3\x28\x87\x79\xe2\xa8\x78\xbb\x8f\x45\x81\x8e\
\xce\xf9\xdb\xdd\x30\xd9\xa1\x6c\x2b\x27\x91\xa3\x33\x4f\x92\xc2\
\x65\x2b\xeb\x2c\xee\x7c\xd7\xc4\x5f\x27\x8d\x43\xed\xf1\xd7\xcf\
\x75\x9c\xb9\xc2\xde\xf9\x83\x47\x55\xbb\xc3\xf0\xc7\xc2\xe6\x92\
\x4d\x82\xdd\xb3\x0a\x8c\x10\x43\x75\x0b\x32\x0a\x40\xd1\x96\xc1\
\x74\xa2\xb3\x32\xee\x5b\x34\x6b\x4b\x70\xb8\x2c\x0b\xad\x91\xc3\
\x62\xb7\x74\xce\x7b\x5b\xa7\x88\x91\xcd\x61\x41\x01\xd0\x69\x7e\
\x41\x64\xb6\x47\x43\x60\x08\xbf\x45\xcf\x5a\xcc\x3c\xdb\xcf\x73\
\x13\x12\x6f\x75\x13\xe4\xf5\x6d\xa9\x5e\x7f\x88\xe2\x66\xaa\x52\
\x73\x69\x7d\x17\x63\xc4\xf8\xc3\x69\xa9\x5c\x0d\x89\x3b\xaf\x31\
\x74\xe6\xa6\x62\xe6\x9d\x01\xd0\x2e\x1c\x93\xf5\x0e\xf7\x1f\x1c\
\xc5\x7c\xbb\x5c\x16\xa6\x3e\xe1\xad\x70\x00\xf5\x5b\x6e\xf9\x8d\
\x36\x06\xcd\x1c\xfa\xae\x2e\x86\xb8\xc4\xd0\xd7\xf2\xd8\x85\x9b\
\xf5\xbb\x8b\xc5\x8d\xc7\x45\xd7\x89\xd4\xb9\x2d\x4d\xcb\xa5\x9e\
\xbc\x32\xc1\xa2\xc5\x52\xfc\x4f\x23\xb5\x37\x5a\x17\x62\xaf\x2f\
\x70\x20\x11\xc9\x54\xea\xae\xf2\xf7\xd0\x90\x9d\xe7\xc7\x0d\xd5\
\x4e\x2c\x2c\x48\x76\xbd\x16\x23\xf1\x60\x58\x5b\x72\x0a\xd6\x3d\
\xd7\x6e\xa7\xda\xb0\x2a\x65\x73\x35\x6b\xb5\x3b\x5d\x66\x6c\xdc\
\x63\x86\x65\x46\x24\x5f\x7b\x9d\x95\x71\x54\xb2\x66\x03\xcc\x15\
\xab\x63\x89\x04\xbc\xdc\xf9\x29\x40\xe2\xc2\x6c\x74\xdd\x71\xcf\
\x97\x66\xb1\x1a\x6d\xda\xe0\x08\xbe\xd7\x56\xb6\x62\x33\x34\x1b\
\x80\xb5\xc6\xa0\xf7\x66\xe0\x84\xa3\xa9\xce\xc3\xc9\xdb\xa8\xba\
\x89\x6c\x5d\x58\x58\x6f\x9b\x2d\x96\x33\xb1\x0e\xf6\xfa\xdc\x9f\
\xd6\x5a\xaa\xea\xb1\x13\x85\x9c\x48\x3b\xad\x64\x98\xc3\x18\xc2\
\xd6\x3a\xdd\x42\x9e\x5c\xb5\xab\x76\xea\xe6\xb5\xd9\x7d\x62\x8f\
\x49\x01\xc0\x8d\x09\x5c\xab\x71\x90\x24\x06\xfc\xec\xb2\x3e\xb6\
\x8d\x8f\x0f\xcf\xe1\xb2\x9a\x99\x72\xcd\x62\x1b\xd9\x2b\x4c\x72\
\xbf\xc5\x7e\x6a\xbf\xae\x1e\xdd\x0b\x8e\x5e\x4b\x99\x38\xd0\xce\
\xe3\x9a\xde\xd5\x55\x66\x34\x32\x82\x1e\x2d\xfc\x56\x7b\x65\xc7\
\xe2\x5d\x33\xf1\xf7\x5e\xd7\x20\x2a\xe3\xe2\x36\xd0\xd4\x43\x33\
\x5e\x7f\x46\xec\xc5\xbd\x75\x5c\x2d\x6f\x11\x88\x9b\x60\xf1\x73\
\xd5\x6b\x1d\xc4\x19\xae\xec\xf7\xd6\xcb\x7f\x14\xcc\xc4\xc3\x36\
\xad\x66\x3c\xba\x3e\x38\xa8\x8b\x00\xc7\xa6\x8c\x0c\xd1\x54\x30\
\x54\xc4\x4f\x47\x72\xf7\x59\x71\x95\x9c\x40\x26\x3a\xba\xc0\x74\
\x5d\x36\x33\x82\xbf\xb4\x8e\x19\xa0\x96\x8a\xad\x94\xb8\xa6\x18\
\xee\xee\x57\x49\xaf\x79\x01\xf2\x1d\x35\xf8\xac\x0a\x6e\xc5\x75\
\xbd\x46\x2c\xe7\x83\xbf\x74\xdd\x3d\xcb\xeb\xf0\xdb\xba\xb1\x3f\
\x6f\x9a\xbd\xfe\x3b\x4d\x25\xc8\xd4\xe3\x10\x0d\x5c\xf0\xe3\xe6\
\x56\xac\x49\x59\x8c\xcf\xdc\x61\xf4\xd2\x4e\xf7\x1b\x59\x9b\x7c\
\x57\xaa\xd2\x76\x4d\xc3\xd4\xa4\x3a\x73\x51\x57\x6f\xbd\x94\xdb\
\xf9\xad\xb4\x4e\xc0\xf8\x6a\x37\x7a\x38\xa4\xa1\x1b\x17\x17\x36\
\xe7\xe2\xbb\x1f\x24\xc3\x86\x72\x7d\x3c\xe3\x07\xec\x93\x10\xab\
\x2d\x93\x14\x94\x53\xb3\x9b\x19\xa9\x0b\xbf\xc1\xf8\x7b\x0b\xe1\
\x98\x6d\x47\x03\x73\x0d\x1d\x2c\x9a\xb8\xad\x56\x27\xda\x86\x01\
\x42\xe7\x07\xe2\x31\xc8\xf1\xb8\x8c\xdf\xf9\x2e\x33\x1d\xed\xaa\
\x84\x8c\xb4\x74\x95\x95\x57\xe6\xd6\x10\x17\x14\xee\x59\x9b\x4c\
\xfd\x3d\x13\x13\xc6\xa2\x8a\xe5\xf2\x66\x20\x69\x6e\x4b\x8b\xc5\
\xb8\xae\x00\xe7\x17\x4c\x23\x16\xe4\xbc\xe3\x15\xed\x5e\xa6\xa1\
\xaf\x6b\x30\xa9\xa3\x3b\x5d\xc5\x71\x58\xa7\x19\xd6\xce\xe7\x77\
\x90\xb6\xdf\xb3\x9d\x48\xc5\x32\xcc\x5a\xb1\xed\xea\xf5\x5c\x57\
\x49\x33\x5c\x19\x52\xf7\x1f\x25\xa8\x9f\x1e\xb8\xbc\x53\x17\x1f\
\x35\xe4\x12\xf1\x7c\xd1\x5c\x77\x41\xa7\xfe\x57\x15\x5f\xdb\x37\
\x81\xa3\x8b\x4e\xeb\x9e\x38\xf2\xd7\xea\x2b\x0f\x49\xaa\xe2\xda\
\xa8\x5f\x95\xce\x04\x72\x04\x2d\x6d\x4f\x16\x97\x5c\x39\x8d\x07\
\xa8\x16\x5c\x1c\xbc\x61\xdf\x1f\x1f\x8b\xcd\x63\xc9\x8f\x32\x51\
\xa3\xac\x57\x3d\x78\xb3\x3f\x4c\x4f\x32\xb1\xf6\xeb\xaa\x38\x82\
\x53\xab\x1d\xa7\x42\xb1\x9f\x8f\x97\x0b\x4a\x48\x1e\x4b\x94\xfa\
\xc1\xa4\x5f\x33\x90\xda\xce\xf0\xd8\x5c\xae\x7a\xf1\x67\xf0\xeb\
\x5b\x9d\xaf\xb7\x4e\x31\x30\xed\x63\x95\xc3\xda\xac\x18\xcd\x4c\
\x76\xb3\xf3\x05\xce\x34\xc8\xf6\xd8\x6c\xad\x6b\x26\xb0\xb1\xb7\
\xb1\x72\xfe\x92\x63\xe9\xd0\xbf\x50\xac\x4f\xb6\xf6\x4c\x6e\x47\
\xee\x01\xea\xba\x4e\xcc\xb0\xcf\xb5\x3c\x6d\x87\xc0\xf1\x7a\x6a\
\x67\x8a\xa9\x88\xfd\x96\x1b\xdb\xf8\x2e\x10\x53\x17\x36\xef\x25\
\x7b\x2f\x64\x58\x23\x78\x73\x87\xea\x31\x69\x06\x5a\xbc\x4b\xf4\
\x71\xdf\x71\x18\x3f\xe2\xb8\x39\x38\xff\x00\x4f\x8e\x6d\x3e\xdc\
\x9c\x5c\xf3\xca\xcb\x14\xab\xd9\x6a\x71\x61\x2c\xd9\x9a\x74\xb7\
\xb2\xc3\x92\xc6\x7d\x79\x24\x06\x9b\xae\x5c\x62\xb9\xa4\x70\xcf\
\x6e\x81\x31\x88\x9b\xfa\xf6\x16\xd7\xaa\xf8\xbf\x8f\x76\xdb\xef\
\x3d\x44\x47\xe1\xbb\xab\xaf\x39\x4e\xe5\xde\x4b\xe7\x3f\xa5\x5d\
\x54\x52\xf0\xa3\x1d\x25\xf3\x89\x86\x5b\x7b\x0a\xf6\x5a\xbc\x4c\
\x35\xa5\xd9\x89\xb2\xf9\xf3\xe9\x33\x5c\xd9\xb8\x75\x81\xb9\xbf\
\xdb\x0d\x77\x5e\xe7\x49\xc5\xae\x55\x65\xe3\xf5\x5b\xc4\x71\x6d\
\x0f\x99\x21\x95\xd6\xf0\x8d\x5b\x70\x08\x1e\xb2\xa5\xae\x2e\x7b\
\x8d\x85\x86\xed\x78\x59\x11\xb9\xac\x0c\x6b\x73\x58\xea\xd7\x38\
\x8b\xdf\xcd\x62\x91\x23\x1e\xe7\x19\x1b\x98\x9b\x6a\xbf\x55\xff\
\x00\xaf\xcb\xc8\xcb\x11\x95\xb6\x68\xb8\xbe\x6f\x35\x37\x80\xf8\
\xcf\x75\x1b\x7a\x92\x4d\xae\xa5\x33\x4c\x44\xd8\x44\xe9\x1b\xae\
\x61\xb9\x48\x52\x65\x19\xec\x4b\x8e\xa1\xb7\xd3\xce\xeb\x28\xac\
\xc7\x1c\x45\xd7\x39\x1c\x47\xaa\x35\x05\x49\xae\x90\xb4\x47\xde\
\x32\x26\x1d\x8d\xb5\x40\x85\xa6\x10\xeb\xc8\xdf\x23\xb7\xb1\x41\
\xc5\xd2\x58\x0b\x3f\xa6\x61\xa8\x46\x93\x95\xc5\xbe\x12\x04\xf6\
\x1a\xdc\x5a\xca\xc2\x48\x85\xae\x31\xb5\xa0\x0b\x13\x7d\xd5\x41\
\xc4\xe5\x12\x0c\xec\xbf\xaa\xcd\x10\xe6\xbe\x69\x43\x7b\xab\x37\
\x90\x71\x52\x44\x5a\xe7\x96\x02\xd1\x7c\xbd\x0a\x9b\x9e\xf9\x5c\
\xd7\x08\x5c\x49\xd0\x9b\xa8\xcf\x18\x8c\x1b\xb4\x46\x36\x22\xff\
\x00\x92\x04\xa2\x32\x32\x5d\xa2\xc3\x43\xb9\x59\x13\x96\x27\x46\
\x1c\xe3\x76\xba\xe3\x72\xa5\x0b\x65\x70\xca\xd2\xcb\x6f\xb5\xd4\
\x64\x73\x64\x8c\xe6\x36\xbd\x8d\x9c\x55\x2e\x95\xed\x7b\x44\x6e\
\x0c\xcb\xbe\x50\x83\xfa\x63\xb7\x9a\x2c\x7a\xa8\xdd\xdd\x53\x17\
\x25\x78\xae\x5d\xa5\x72\x0a\x57\x37\xe8\x9a\x4b\x4d\x69\x2b\xf9\
\xa3\x96\xea\x3c\x91\x65\x26\x52\x53\x28\x51\x2e\x09\x87\x5d\x50\
\xd0\x45\xd0\x84\x58\x80\x1e\xa5\x98\x28\x03\x74\x69\xcd\x13\x5a\
\x59\x70\x76\x42\x85\xec\xa6\x88\x10\x75\xba\x0e\xc8\x46\xa0\x87\
\x85\x4b\x35\xce\xa9\x20\x8b\xa2\x9e\x7d\x6c\xa5\xba\xab\x26\xaa\
\x5e\xc4\x61\x34\x9c\x6c\x13\x48\x8c\xda\x20\x12\x07\xc4\x42\x0d\
\xda\x13\x03\x9a\x06\x46\x88\x0e\x25\x22\xa4\x1a\x16\xa2\x44\x94\
\x5c\xec\xaa\x49\x10\x0e\xea\x80\x6a\x82\x40\xe6\x80\x2c\x96\x50\
\x50\x34\x11\x9b\x44\x1d\x02\x4d\x37\x08\x00\x2c\x9a\x4e\x36\xb2\
\x07\x25\x99\x80\xf3\x69\xb2\x91\x36\x39\x94\x2f\x60\x41\x53\x3e\
\xaa\x9b\x13\x6b\xae\x87\x12\x47\x45\x13\xe1\xb6\x97\x41\x78\x69\
\x37\xb0\x1e\x69\x36\x88\xf6\xb1\xbf\xa4\xb6\xb8\x5e\x25\xda\x37\
\x11\x7a\x6e\x35\x34\x6d\x77\x82\x1f\x07\xc0\xea\xbd\x57\x1b\xc7\
\xa9\xa8\x28\xe7\x3d\xfc\x66\x52\xc3\x95\xad\x3c\xd7\x86\xd4\xe0\
\xf3\xe2\x35\x32\x4d\x33\xcb\x03\xdc\x5c\xe0\xdd\x6f\xaa\xf9\xee\
\xa9\xc8\xaf\x67\xc7\x49\x7d\x0f\x49\xc1\x33\x7f\x92\xec\x4a\x67\
\x09\xd9\xa9\xb8\x25\x6c\x98\xc8\xa0\x8c\x00\x35\x3d\x15\xd1\x50\
\x45\x48\xcc\x82\xc7\x2e\xa5\x51\x52\xe6\xb5\xa4\xb4\xf2\x5f\x21\
\xeb\xdb\xeb\xf7\x13\xe9\x68\x73\x5b\xea\xfa\xa4\x6e\xa3\xdf\x01\
\xb1\x06\xfd\x16\xa2\x5c\x42\x28\xa2\x2f\x92\x6c\x96\xe5\xd5\x69\
\x2b\xb8\xde\x96\x8e\x21\x67\x02\xeb\xf2\x56\x2d\x0e\x4a\xe1\x9b\
\x3b\x96\x4c\xf2\x3f\x48\x32\x37\xaa\xd7\x63\xbc\x5f\x4b\x84\x8b\
\x07\x87\xbe\xdb\x82\xbc\xf3\x11\xed\x06\xa6\xaa\x11\x1c\x0f\x27\
\x36\x8b\x9d\x92\x5a\x9a\xa9\xae\xf7\x17\x9b\xec\x4a\xb3\x92\x34\
\xe6\xa7\x1a\x37\xe5\xd0\x63\x5c\x41\x26\x2b\x39\x24\x92\xd7\x2c\
\x7a\x16\x08\xe4\x07\x37\x87\xa2\xc6\x65\x3f\x76\xd6\x9b\x8b\x9e\
\x4b\x3a\x9d\xa0\xf8\x49\xbb\xad\x70\xba\xb3\x3b\xf2\xed\xf8\x8f\
\xdb\x0d\x94\x40\x4a\xed\x34\xe9\x75\x33\x4e\xe6\xbc\x1e\x5c\xd5\
\x34\xad\x78\x17\x75\xb4\xd9\x64\xc3\x28\x90\x58\x8b\x1f\x35\xc1\
\x2c\x48\x78\x20\x03\x6d\x92\x77\x78\x48\xca\x34\x57\xbc\x02\x06\
\xaa\x0c\x8f\xc4\x75\xf7\x29\xa6\x06\x7b\xbc\x0b\x7b\x56\x1d\x64\
\x64\x1b\xdb\x4b\xac\xec\x8d\x8c\x66\x3f\x15\x81\x5a\xf2\x61\x71\
\x06\xea\x48\xd7\x55\x4a\x58\xd7\x0c\xc0\x1f\x20\xb1\xa9\xea\x1c\
\x08\x2e\x70\xb2\xc7\x9a\xb7\x20\x71\x22\xeb\x10\x57\xb1\xf1\xe6\
\xbb\x41\xe9\x75\x35\xb7\x2c\x6d\xbf\xef\x9c\xe0\x40\x90\x65\x0a\
\x8a\x99\xc5\x2c\x24\xe6\xd4\xeb\x7b\xae\x69\xdc\x40\xca\x39\x7c\
\x7a\x82\xb5\x9c\x55\xc6\x54\x82\x94\x77\x72\x78\xbc\x96\xe3\x1c\
\xd9\xaf\x5e\x5b\x5c\x4f\x88\x5b\x1e\xae\x39\x9b\xfc\x97\x25\x59\
\x8e\x77\xb2\x17\x31\xd9\x5a\x0d\xf7\x5c\x8d\x6f\x15\x09\xd8\x5d\
\xde\x5a\xfd\x57\x37\x5d\xc4\xc6\x26\x38\x35\xe5\xc2\xda\x92\xbb\
\x54\xc1\x32\xb3\x96\x2a\xef\x5f\xc5\x4e\x65\x47\xad\x60\x35\xb9\
\xd8\xaa\xfe\xd5\x07\x93\xfa\x42\x75\xd3\x55\xe4\x35\xdc\x54\x5a\
\xd0\xec\xee\x37\xe5\x75\xa7\xa9\xe3\xef\x47\xb6\x57\x10\x6f\xd5\
\x76\xeb\xc2\xb5\xbd\x3a\xf6\xe6\x56\x3d\xbd\xd6\x4e\x2b\x6b\x06\
\x69\x1f\x94\x2d\x4e\x2b\xda\x05\x3c\x0c\xb0\x75\xdd\xcb\x55\xe0\
\x18\xa7\x68\x55\x13\xe6\x0d\x90\x91\xd0\x15\xa2\x9f\x8a\x6a\x5e\
\x5a\x5d\x29\x3e\xf5\xdb\xa7\x4e\x9f\x72\xe8\xdf\xa8\xd6\x3c\x43\
\xdc\xab\x38\xe0\xca\xeb\x97\x1d\x76\x4a\x9f\x8b\x9b\x66\xde\x4d\
\xf4\x22\xeb\xc3\xe3\xe2\x19\x0d\x89\x90\x93\xd1\x5e\xce\x22\x78\
\x39\x9c\x48\x3d\x2e\xbb\x53\xc0\xfc\x3a\xb3\xcf\x8d\xbe\x95\xe1\
\x4e\xd2\xc7\x0d\xe2\x91\x56\x35\xd9\xe2\x70\xee\xe6\x8e\xfe\xbb\
\x0e\xff\x00\x05\x9f\xc6\x38\xe6\x33\x86\xe2\x2d\x34\xd8\xd4\xd2\
\xe0\xd5\x6d\xef\x68\xe7\x8b\x2e\x52\x0f\xea\x5e\xdb\x8d\x97\xcc\
\x27\x8b\x67\xb5\x81\xd7\x91\xe8\xbb\xee\xce\xfb\x56\xa6\x96\x03\
\xc3\x5c\x43\x23\x99\x84\xd5\x3e\xf4\xd5\x3b\x9a\x39\x49\xd1\xde\
\xc3\xcf\xda\xbb\x38\x78\xb6\xaf\x89\x74\xb3\xf2\xa9\x6f\xf2\x69\
\xdd\xcb\x8b\x57\xcd\x66\xcb\x89\xd6\x3b\x37\x2e\xf4\x0f\xf0\x58\
\xed\xa3\x82\xae\x4c\xf2\xb6\x5a\x80\x3e\xf6\x52\x55\xd5\xbc\x25\
\x35\x2c\xef\x82\x4c\x46\x50\x74\xc8\xf8\xcd\xda\xf6\xf2\x70\x3d\
\x0a\xd7\x4d\xc2\x87\x29\x07\x11\xaa\x77\xb1\xf6\x5e\x8d\x78\x16\
\xb7\xab\x43\xc9\xbf\x57\xc7\x5f\x54\x96\x6c\xd0\xe1\xb4\xa3\x3f\
\xa2\x46\xd7\x0e\x76\xba\xe7\xb1\x7e\x2b\xa4\x89\xc5\xad\x99\xac\
\x23\x93\x08\x68\x56\x4d\xc1\xd4\xe0\x66\x96\x4a\x8a\x8b\x72\x7c\
\x8b\x5b\x55\x83\x52\x52\xb7\xc1\x42\xdf\x6e\xe5\x76\xb1\xf4\xd8\
\x9f\x77\x79\xb9\x3a\xfc\xc4\xfe\xda\x4b\x9b\xc5\x78\x9f\xbe\xcd\
\x96\x5d\x37\xd0\xdc\xae\x5e\xb3\x14\x96\x50\xe7\x08\xe4\x75\xfa\
\x36\xcb\xb0\xab\xa2\x63\x83\xac\xd7\x31\xbd\x32\x68\xb9\xec\x42\
\x92\x20\xd2\x19\x9a\xfe\x4d\x2b\xbf\x8f\xa6\x63\xfb\xb3\xce\x9e\
\xb7\x92\xf3\xfc\x74\xe6\xa4\x9a\x79\xdd\xea\xe5\xff\x00\xa9\x57\
\xdd\xcb\xae\x67\x80\xb2\x67\x81\xcc\x71\xf0\x13\xe7\x65\x8f\x24\
\x86\xde\xa1\x16\x5d\xfa\xf0\xa9\x1e\x1c\x73\xd4\x72\x5f\xd8\x8e\
\x16\x93\x77\x4b\x73\xe4\xb2\x62\xa6\x61\xf3\x0b\x09\xb5\x39\x4e\
\xc3\xde\xb2\xe1\xab\xda\xed\x69\x0b\xb3\x5e\x35\x21\xd7\xb7\x2e\
\xcc\xf8\xa9\xda\xeb\x0b\x7f\x15\xb0\xa7\xa5\x0d\x3a\x0b\x2c\x2a\
\x69\xda\x6d\x78\xc9\xf3\x69\x5b\x38\x1c\xcb\x8b\x82\xd5\xbf\x82\
\xb0\xe9\x5f\x97\x2c\xb8\x29\x5a\xe6\x72\x0b\x36\x1a\x26\x00\x09\
\x78\xb5\xd6\x3c\x33\x45\x94\x0d\xb9\x2c\xda\x60\xea\xba\x81\x4f\
\x4c\x5a\xf9\x08\xcc\xeb\xe8\x18\xde\x6e\x27\xa0\x5c\x57\xc7\x5a\
\x56\x6d\x67\x56\x39\x19\x32\x5a\x31\xd5\xb3\xc0\x30\x18\xb1\x8c\
\x48\x46\xf9\x03\x28\xe0\xfd\x2d\x44\xa7\x6c\xa3\xf5\x6f\xd4\xae\
\xf6\x6e\x25\x86\x59\x33\xb1\xbd\xdd\x3b\x40\x64\x31\x8d\x03\x5a\
\x34\x0b\xca\xeb\xf8\xba\x0a\x78\x46\x1f\x86\xff\x00\xdc\xd8\xec\
\xcf\x94\x68\x67\x93\x99\x3e\x5d\x15\x71\x71\x2b\x9f\xa3\xcd\xaf\
\xf0\x5f\x13\xd4\x3b\xb9\x16\xd4\x7a\x7e\x97\xd2\x71\x57\x89\x4e\
\xeb\xff\x00\x29\x7a\xb4\x58\xfb\x43\xae\x79\xf3\x52\x76\x36\x1c\
\xeb\x87\x59\x79\x94\x7c\x50\xd8\x88\x19\xc1\xbf\x55\x6f\xda\x80\
\xe7\x58\x3f\x65\xe4\x7e\x96\x61\xf4\x31\xca\x89\x77\x55\x78\xd5\
\x89\x19\xb4\xdd\x78\x3f\x6f\x38\xd8\x9e\x9a\x0a\x60\xf2\x73\x3b\
\x63\xcb\xcd\x76\x55\x7c\x45\x91\x8e\x73\xa4\xdf\xcd\x78\x37\x68\
\x78\xbc\x98\xbe\x32\x5c\xe7\xfe\x8a\x33\xa7\x3d\x57\xbd\xd2\xb8\
\xd3\x19\xbb\x9e\x1f\x54\xe4\xef\x0e\x9c\xbc\x8c\x0c\xbc\x65\xf1\
\xc9\x28\x6d\xd8\xe6\xf5\x58\xd7\x02\x22\x25\x36\x79\x26\xed\xb6\
\x84\xfb\x56\x44\x9e\x8f\x1c\x20\xc1\x29\x91\xc4\x6b\x9b\x42\xd2\
\xb1\x1b\x33\x46\x50\xc2\xe2\x47\xac\x37\xba\xfb\x59\xb6\x9f\x16\
\x9b\x4b\x1c\x43\x46\x53\x29\x1a\x12\x74\x09\xd9\xc7\x47\xda\xda\
\x5c\x35\xf6\x0a\x99\x4e\x42\x03\x83\xb3\xf4\x22\xc1\x32\x58\xd2\
\x0b\x34\xd3\x5c\xda\x85\x9d\xa2\x6e\xb8\x8d\xae\x0e\x01\xa4\xe8\
\x01\xba\xb1\x93\x19\x65\x19\x24\x19\x80\xb1\x24\x00\xb1\x03\xa3\
\x16\x05\xc3\x5d\x6c\x5b\xa2\xb7\xd1\xc3\x6f\x99\x9d\xd3\xad\xad\
\x8a\x9b\x95\x5e\xe6\x3e\x2d\x49\x03\x99\xbe\x9f\xc5\x55\xde\x6e\
\xec\xcd\x21\xba\x86\xef\xfc\x55\x52\x1b\x32\xc2\x67\x98\xcf\x22\
\x54\x1d\x18\x92\xce\x0e\x24\x34\x6b\x63\xcd\x4d\x8b\x65\x0f\x79\
\xcc\x1a\x6e\x41\x16\x6f\x2d\x10\x62\xca\x48\x7e\x70\x00\xb8\xd2\
\xf7\x49\x97\x0e\x0e\xbb\xec\x3a\x3b\x9a\x24\x7e\x67\x96\xc8\x48\
\x70\xd8\x5e\xe0\x20\x32\x17\x17\x1c\xcc\xb7\xec\xf3\xb2\xb1\xad\
\x0f\xa7\xd2\x50\xd0\x79\x65\xd5\x56\x1f\xfa\x42\x59\x21\x20\x0b\
\x10\xab\x8e\x3b\xb8\x97\x8b\x73\x16\x29\xb1\xfd\x32\xd8\x79\xa3\
\x4f\x34\xae\x2c\x11\x98\x73\x2b\xc7\x73\xa5\xec\xba\x6d\x17\x1d\
\x54\x33\x8e\xa8\x0e\x23\x6d\x90\x95\x96\xf2\x4a\xca\x39\x8f\x44\
\x66\x3a\x23\x29\x22\xde\xe4\xb3\x04\xf7\x5a\x69\x2b\x8e\xa9\xe9\
\x65\x0b\x27\x98\x80\x8c\xa5\x60\x8b\x28\x87\x1e\x69\xde\xe4\x22\
\xc1\xa4\x39\xea\x9a\x10\x91\x9a\xc8\x0e\xd5\x08\x44\x4d\x16\x50\
\x45\xc9\x41\x35\x13\x7d\x75\x46\xcd\x01\x24\x13\xcf\x95\x01\xfa\
\xa8\xde\xfb\xa9\x5e\xc1\x00\xe1\x7d\x8a\x60\xe5\x07\x9a\x5c\x93\
\x6d\xc0\x40\x66\xf2\xfe\x0a\x67\x6d\xd4\x6f\x64\x02\x10\x3f\x7a\
\x1b\xa1\x29\x03\xaa\x8b\x8e\xa1\x41\x61\x75\x93\x69\xb8\x55\x5c\
\xe6\xd3\x62\xac\x04\x0d\x2e\xa8\x4d\x3d\x54\x8e\x8a\x17\xcb\xa9\
\x21\xa3\xad\xd6\x3d\x46\x29\x4b\x4e\xcb\xc9\x3c\x6d\xff\x00\xe5\
\x75\xc7\x6b\xd2\xbe\x6d\x2d\xc5\x2d\x6f\x35\x86\x4b\xb6\x09\x91\
\x70\x2d\xba\xe7\x6b\x38\xdf\x0f\xa7\xf5\x4b\xa5\x3e\x41\x68\xeb\
\xfb\x43\x94\xc6\x4c\x31\x36\x31\xc8\x9d\xd7\x4b\x27\x50\xc1\x5f\
\x72\xee\x63\xe0\xe6\xbf\xd3\xbe\x7b\x83\x5b\x73\xa7\xb5\x73\xfc\
\x45\xc6\xd8\x76\x03\x09\x7b\xe7\x64\x92\x72\x8d\xa5\x79\x67\x11\
\xf1\x85\x75\x44\x0f\x73\xea\x1c\x05\xaf\x66\x9b\x2f\x3c\xe2\x7e\
\x23\x67\x75\x0c\x62\x42\xf7\x3d\xb9\x8e\xbc\xd7\x8d\x9f\xab\x4c\
\xc4\xd7\x0d\x5e\xdf\x1b\xa3\x4d\xad\x13\x79\x7a\xd6\x27\xda\xcd\
\x74\xaf\x8d\x90\x35\x90\x32\x41\xa6\xb7\x2b\x5c\xee\x25\xaf\xc4\
\x24\xb3\xea\x24\x37\xde\xce\x20\x2f\x2e\xa7\xaf\x7c\xac\xc2\x64\
\x24\xd9\xcf\xca\x4f\x92\xef\x70\xf9\xa3\x82\x40\xe2\x7d\xbe\xc5\
\xe1\xdb\x95\x9b\x37\x8b\xd9\xef\x7e\x8b\x0e\x2f\xe1\x56\xda\x07\
\x49\x51\xe2\xd5\xce\xb7\x32\xb2\x9b\x4c\x72\x92\xe7\x68\x06\xab\
\x06\x6c\x7a\x3a\x56\x5d\x85\xad\x1c\xec\xb4\x95\xbc\x5b\x1b\x1a\
\xec\xae\x37\x27\x5b\xae\x19\xbc\x47\xb9\x6a\x98\x6f\x33\xaa\xc3\
\x6d\x5f\x2c\x70\x07\x3f\x73\x6e\x6b\x97\xc4\xb1\x87\x16\xb8\x07\
\x01\xa6\xc1\x69\xf1\x6e\x2b\x05\xae\x1d\xe5\xd7\x23\x5b\xc5\x0c\
\x69\x20\x48\x2e\x79\x2e\xa4\xdf\xbe\x5e\x8e\x3c\x1d\xbe\xd9\xd8\
\xb5\x7c\xb5\x06\x46\x07\x11\xd4\x03\xba\xe7\xa4\xa5\xcf\xe2\x71\
\xf8\x94\xce\x33\x13\x4b\x9e\xe7\x00\xef\x32\xb5\xf3\xf1\x05\x3b\
\x43\x8e\x66\x93\x7e\xab\x92\x22\x5d\xc8\xf5\xa5\x8f\x6b\xe2\x7d\
\x83\xf2\xfb\x14\xe9\x2a\x4c\x32\x97\x3a\x52\x3d\xeb\x99\xc5\x78\
\xa1\x91\x9d\x1c\x00\xea\xb4\xb5\x9c\x61\x18\x63\x72\x3c\x39\xc7\
\x9a\xec\x46\x3d\xfd\x1b\x8f\xcb\xd2\x4e\x39\x95\xc0\x66\x1e\xf5\
\x9d\x16\x2e\x03\x33\x13\xec\x5e\x3b\x07\x12\x36\xaa\x4b\x97\x8d\
\x3a\x2d\xc5\x1e\x2e\xf2\x33\x07\x9c\xbe\xd5\xc7\x7c\x47\x87\xaf\
\x50\x63\x4c\x92\xc3\xd6\x2b\x60\xca\xb1\x29\x02\xe0\x79\x2f\x2b\
\xc3\xb1\x77\xea\x43\xf2\xdb\xa2\xe8\xe8\x31\xc2\xe0\x0d\xf7\xd2\
\xeb\xab\x6a\x76\xb3\x31\xb7\x62\xda\xe3\x0b\xae\x45\xf5\x56\x47\
\x89\x36\x47\xe9\x60\x57\x34\xfc\x5d\x92\x37\x35\xed\x6d\x0a\xb6\
\x8a\xbe\x17\xb4\xeb\x67\x2e\x19\xf0\xc7\x6b\xa4\x9a\x67\xba\x13\
\xe2\x00\x2d\x55\x54\x80\x42\x7c\x7b\x8b\x5e\xeb\x5b\x88\x63\x5d\
\xd4\x56\x0e\xd1\x73\xd3\x63\x79\xc9\x01\xc4\x37\xcd\x23\xcc\xb5\
\x10\xc9\xab\xae\x6c\x42\x40\xe3\x7b\x2e\x66\x5a\xdc\xd2\xb9\xc1\
\xe5\xa2\xfb\x2a\xeb\x2a\x1e\x5e\xe2\x5f\x70\x4a\xd2\xe2\x58\xa3\
\x69\xa3\x27\x4d\x39\x85\xda\xae\x3d\xf8\x6a\x7c\x42\xde\x22\xc5\
\xd9\x1d\x04\x8e\xce\x06\x51\xbd\xf9\xaf\x25\xae\xe2\x29\x26\x91\
\xd6\x98\xba\xfa\x6e\xb2\x78\xb7\x88\xdf\x5c\xe3\x03\x5d\xe1\x06\
\xfe\x15\xc7\x4c\x4b\x35\xd6\xf6\xdc\xaf\x57\x07\x1f\xc7\x97\x9d\
\x9f\x3c\xc7\xed\x86\xd6\x5c\x6e\xf1\x16\x39\xe6\xe1\x73\x78\xb7\
\x10\xbd\xf6\x63\x5f\x66\x8d\xca\xae\xae\x57\x86\x17\x34\xe9\xd5\
\x7a\x17\x61\xff\x00\x45\xfe\x2f\xed\xfb\x11\x3f\x56\x40\x28\xf0\
\x78\x9e\x05\x46\x21\x53\x76\xb4\x0e\x8d\xea\x57\xab\x8b\x8d\xb9\
\xf0\xf2\x33\xf2\xa7\x1c\x7e\xe9\xf0\xf1\x8c\x4f\x1b\x92\x69\x0b\
\x58\xf2\x09\x36\x00\x1d\x57\xa0\xf0\x47\xd1\x8b\xb5\x2e\xd4\xd9\
\x1c\xf8\x27\x0b\x56\x3e\x9e\x4d\x5b\x51\x53\xfa\x08\xcf\x9d\xdf\
\x65\xfa\x6f\xd8\xbf\xd0\xbf\xb3\xee\xc8\xa0\xa7\x98\xe1\xec\xc7\
\x31\x86\xea\xfa\xca\xe6\x87\x80\xeb\x6b\x95\xb6\xb0\x5e\xf7\x0c\
\x51\xd2\xc4\xd8\xa1\x8d\xb0\x46\x05\x84\x6c\x68\x00\x7b\x00\x5e\
\xe6\x3e\x37\x6f\xb7\xcd\xe6\xea\x16\xb7\xf1\x7e\x5f\x70\xc7\xfa\
\x2f\xfb\x40\xc4\x61\x64\x98\xbe\x2b\x87\xe1\x4e\x3e\xb4\x59\xc4\
\xa4\x7b\xdb\x70\xbb\xac\x3b\xfd\x14\xd2\x10\x3d\x33\x8d\x80\x3d\
\x19\x00\x3f\xe0\xbf\x42\x41\xd7\x74\x13\xd5\x76\x63\x15\x74\xe8\
\x4f\x2b\x24\xfd\xbe\x0f\xa6\xff\x00\x45\x5e\x0c\x0f\xe9\xf8\xce\
\xa9\xc7\xfe\x48\x5a\x3f\xc1\x6c\xa1\xff\x00\x45\x8f\x09\x31\xa3\
\xbe\xe2\xcc\x4d\xe7\x9d\xa3\x67\xe4\xbe\xde\x6b\x85\x92\x26\xdb\
\xeb\xaa\xd4\x63\xab\x8e\x73\x64\xfc\xbe\x35\xa4\xff\x00\x45\xef\
\x67\xf1\x10\x67\xe2\x0c\x62\x5b\x72\x68\x60\xbf\xf0\x5b\xba\x3f\
\xf4\x6c\x76\x55\x4c\x43\xa5\x9b\x14\xa9\xb7\xea\xbe\x40\x2f\xf0\
\x5f\x57\x17\xdf\x96\x8a\x23\x4d\x95\xf8\xea\xcc\xe5\xbf\xe5\xe1\
\xc7\xe8\x89\xc1\x14\x7c\x37\x0e\x17\x45\x15\x4e\x6a\x6b\x9a\x79\
\xa7\x94\xb9\xec\xe8\x2e\x4e\xad\xba\xf2\xcc\x67\xb2\x3c\x33\x84\
\xeb\x8d\x26\x25\x84\xb6\x27\x5f\xf4\x72\x3a\xe5\x92\x7b\xd7\xd8\
\xde\xc5\xad\xc7\x78\x7e\x87\x88\xa8\x9d\x4b\x5d\x4e\xd9\x63\x22\
\xc3\x30\xd4\x79\x82\xa7\x66\x9c\x73\x33\x2f\x8d\xea\x38\x2f\x03\
\x89\xa4\x0c\x2e\x9c\x9f\x36\xec\xb4\xf5\x7c\x27\x82\xb6\xd6\xc3\
\x29\xff\x00\x76\x17\xb8\xf1\xa7\x62\x98\x9e\x13\xde\x54\x60\xef\
\xf4\xea\x36\xea\x61\x7b\xbf\x48\xdf\x21\xd5\x79\x0e\x20\xe7\x52\
\xce\xea\x7a\x98\xa4\xa6\x9d\xa7\x58\xe5\x19\x4a\xd4\x78\x71\x4d\
\x5c\xc5\x47\x0b\xe1\x0d\x27\xfe\xce\xa6\x1e\x5d\xd8\x58\x52\xf0\
\xce\x11\x94\xff\x00\xd9\x94\xa7\xdb\x08\xfc\x97\x43\x51\x63\xae\
\xfe\x6b\x0a\x56\xdf\x5d\x87\x55\xc9\xdf\xa6\x63\x1c\x4b\x96\x9f\
\x84\xf0\x57\xde\xf8\x4d\x1f\xee\x5b\xf9\x2d\x7c\xfc\x0b\x81\x3c\
\x6b\x84\x52\x6b\xd2\x36\xae\xbd\xed\x69\xd2\xd7\x58\xee\x87\x5d\
\x02\xdc\x65\x95\xf8\xe1\xc4\xcf\xd9\x87\x0d\xd4\x7a\xf8\x55\x3b\
\x7d\x8d\x01\x61\xcb\xd8\xb7\x0d\x4e\x08\x6d\x20\x8c\x9f\xd9\x0b\
\xbe\x31\xdc\x90\x35\x3d\x13\x0c\xcb\x62\x7d\x81\x73\x46\x66\x27\
\x0c\x3c\xd6\x5e\xc2\x30\x30\x3f\x46\x1e\xcf\x3b\x95\x87\x3f\x61\
\xb4\x80\x5e\x3a\x87\x8e\x97\x21\x7a\xd4\x4c\x92\xae\xa1\x90\xd2\
\xc5\x25\x44\xe4\x80\x23\x89\xa5\xc6\xeb\xd5\xb8\x0f\xe8\xd9\x8c\
\xf1\x33\xe2\xa9\xc7\x0f\xd5\x78\x7b\x88\x77\x74\xd3\xfa\x57\x8f\
\xf0\x53\xe7\xb4\x38\x27\x8d\x5b\x3e\x54\xe1\xcf\xa3\x66\x2f\xc6\
\xd8\xbb\x30\xcc\x11\xe6\x69\x0b\xac\xf9\x88\x05\xb1\xf5\x25\x7a\
\xce\x3f\xfe\x8f\x1e\x2d\x87\x07\x65\x26\x0b\x8c\x51\x4a\xc7\x37\
\x34\xf9\xdd\x92\x49\x1d\xd0\x9e\x41\x7d\xcd\xc2\x5c\x15\x84\x70\
\x56\x18\xca\x2c\x2e\x91\xb0\xb0\x00\x1c\xfb\x0c\xce\xf3\x25\x6f\
\x3d\xcb\x83\x26\x4b\x65\xaf\x6c\xbb\x18\x30\xd7\x05\xbb\xa1\xf9\
\x3b\xc4\x1f\x41\x5e\xd5\x38\x78\x3d\xe7\x01\xf4\xc6\x5f\x47\x53\
\x54\x47\x21\x3e\xe6\x95\xe6\x38\xff\x00\x63\x7c\x63\xc3\x24\xfd\
\x65\xc3\xf8\x85\x25\xb4\x2e\x74\x0e\xca\x3d\xf6\x5f\xb6\x1a\x8e\
\xa0\x1e\x8a\x99\xa8\xa9\xab\x18\x59\x3d\x3c\x53\xb7\xf6\x64\x8c\
\x38\x1f\x88\x5d\x29\xc1\x1f\x4f\x5a\x39\x99\x3e\xdf\x85\x32\xd1\
\x54\x43\x23\x9a\xe6\x38\x39\xbb\xb4\x9f\xf0\x58\x8f\x32\xc5\x7b\
\x66\x04\x9d\xb5\x5f\xb5\xdc\x4b\xd8\xaf\x04\x71\x73\x5c\x31\x3e\
\x19\xa1\x98\x9f\xd7\x6c\x41\xae\x1f\x0b\x2f\x21\xe2\x9f\xa0\x1f\
\x66\xdc\x42\xf7\xbe\x91\xb5\xd8\x53\xdd\xa8\xee\x64\x04\x7f\x10\
\xb8\xe7\x8f\x0e\x78\xe6\x7e\x5f\x93\x98\xa6\x22\xf8\xa2\x25\xc7\
\x2f\x99\x5e\x55\x8e\xd5\xe6\xa8\x73\xdb\x77\x38\xba\xe4\x91\xa2\
\xfb\x67\xe9\xbf\xf4\x5e\x87\xe8\xdf\x85\x61\x18\x9e\x1f\x53\x26\
\x2d\x86\xe2\x12\x18\x8b\xe5\x20\x3e\x27\xdf\x6b\x73\x1b\x2f\x86\
\x6b\xff\x00\x4d\x53\x76\x9f\x1d\xcd\xcf\x2b\xaf\x4f\x8b\x8b\xb3\
\xcb\xa9\xc9\xcf\x19\x04\xb3\xc3\x20\xbb\x8b\x18\xe7\x37\x50\xcd\
\x6e\xb0\xdc\x73\xc8\x4b\x5f\x92\xdb\x58\x58\x95\x93\x3b\x5f\xdc\
\x8f\x03\x18\x36\x79\x1c\xd6\x19\x25\xa7\x33\x5b\xb7\x35\xe8\xcc\
\xbc\xf4\xdb\x2b\xcb\xc9\x75\x8d\xc6\xa1\xdc\xd4\x83\x64\x94\x58\
\x30\x35\xa3\x60\x4a\x80\x91\xb2\x37\xf4\x8e\x21\xdc\x8d\x93\x73\
\x8f\x85\xb7\x05\x9d\x46\xeb\x3b\x0d\xbd\xe8\x05\x8e\x88\x3e\xdc\
\xca\x88\x0e\x2d\x25\xfe\x23\xe7\xaa\x66\x47\xbf\x42\xed\x1b\xb2\
\x51\xbd\xd9\xf3\x34\x00\x79\xdd\x4d\x87\xa1\x7b\x72\xea\x2d\x7b\
\x59\x36\x49\x6b\x81\x08\x00\xee\x46\x89\x49\x19\x12\x5d\xce\xb1\
\x3d\x15\x6c\x90\x46\xe3\xad\xc5\xed\xaa\x6f\x4b\x0b\x8d\x4e\x57\
\x37\xf4\x79\x80\xd0\xe9\xfc\x54\x9c\xf0\x4b\x9a\x35\x6d\xb4\x21\
\xba\xaa\xa5\x95\xfa\x0b\xe8\xdd\x46\x88\x2e\xcf\xab\x9d\xec\x25\
\x15\x20\xe8\x5b\x11\x19\x49\x79\xdc\xd9\x44\xb0\x10\xe1\xab\x5c\
\x76\xb0\xd9\x48\x36\xc2\xe4\xb4\x8e\x81\x0d\x73\x24\x76\x87\x21\
\x6f\x23\xcd\x19\x7f\x4c\x27\x56\x81\xcd\x0a\x2d\x7e\x62\x9d\xf5\
\x5e\x53\x9f\x66\xa5\x9b\x4d\x94\x50\x86\xd3\x40\x51\x26\xe9\x83\
\x70\x86\xc3\x46\x52\x54\x83\x86\xd6\x4a\xde\x68\x56\x11\x34\x8e\
\xca\x39\xd3\xcd\xa2\xa2\x48\xd8\xde\xc9\x6b\xd1\x01\x16\x52\x06\
\xe6\xd6\x4c\x1b\xa8\xf3\x46\x70\x02\x32\x92\x12\x0e\x05\x3b\x84\
\x02\x6d\xf5\x82\x48\xe6\x10\x32\x6f\x6f\x21\x64\x90\x84\x07\x35\
\x3b\x28\x58\xd8\x14\xf3\x1e\x88\x13\xaf\x70\xa6\xd7\x5c\x5d\x42\
\xf7\xdf\x4b\x26\x0d\xbc\xd0\x48\xea\xa2\x0f\x87\x9f\xb9\x4b\x7f\
\x25\xad\xc7\x71\x41\x85\x52\x87\xe9\x99\xda\x00\x56\x6d\x6e\xd8\
\xdb\x74\xac\xde\xd1\x58\x66\x4b\x3c\x50\x0b\xbd\xe1\xab\x57\x59\
\xc5\x74\x74\x37\x24\x48\xff\x00\xfa\x5a\xa9\xc3\x20\x76\x28\xc7\
\x4a\x49\x71\x3d\x56\x07\x10\xe1\xcf\x80\x5d\xce\xb0\xe8\xba\xb7\
\xcd\x7d\x6e\xb0\xf4\x71\xf1\xb1\xcd\xfb\x2d\xed\xa7\xc6\xfb\x61\
\x87\x0a\x77\x86\x96\x4f\x22\xed\x97\x3b\x55\xda\xee\x21\x88\xb0\
\xfa\x33\xc4\x5c\xfd\x54\x71\xd6\x1f\x49\x57\x85\x53\xbb\xc0\xd7\
\x8d\x09\x5c\x8c\x98\x74\x74\xd4\x86\x48\x1c\x0d\x9b\xc9\x7c\xef\
\x2b\x91\x9e\x2d\x31\x36\xf0\xfa\xce\x2f\x0b\x8b\xd9\x13\xdb\xe5\
\x95\x57\xc6\x78\xb5\x64\x84\xcb\x5b\x2d\xba\x07\x58\x2b\x70\x9c\
\x72\x4a\xa8\xda\x5e\xf2\xf3\xb5\xc9\xb9\x5c\x5d\x76\x22\xd8\x20\
\x7b\xc9\xb1\x0b\x61\x82\xe3\x30\x52\xd3\x36\xfc\xdd\x75\xe0\xdb\
\x35\xed\xfc\xac\xf5\xad\xc5\xc7\x15\xfd\xb5\x77\xf1\xca\xf1\xe2\
\x75\xfb\xb0\x2c\x48\xe6\xa3\x53\x94\xb2\xf7\xb3\x57\x39\x3f\x19\
\xc4\xd6\x77\x4d\x75\x9a\x4f\x55\xac\xae\xe2\xc1\x7f\x0b\xda\x5a\
\x06\x82\xea\x45\xe3\xd3\xaf\xf0\xcc\xcb\x2f\x1f\xa8\x12\x45\xdd\
\x8f\x54\xe9\x72\xb8\xd7\x49\x4b\x24\xc3\xbc\x2d\x73\x98\x2d\x65\
\x4e\x35\xc5\x56\x8d\xcd\xcc\x06\xa4\xe8\x57\x16\xfc\x59\xd1\x57\
\xfa\x49\x73\x5d\x1f\x30\xb3\xad\xfa\x7a\x38\xf1\xcd\x21\xde\x54\
\x57\x36\x0a\x4a\x30\x3c\x21\x92\xe9\x75\xb0\x97\x8b\x9b\x4e\x64\
\x05\xfb\xe9\x75\xe3\xf8\xb7\x1e\x19\x2a\x32\xba\x46\x36\x21\xa8\
\x03\x92\xe5\xf1\x7e\xd2\x19\x01\x3f\xa7\x1d\x4e\xab\x1f\x15\xe7\
\xd3\x92\x62\x23\xf9\x3d\xab\x12\xe3\x5c\xb9\xad\x21\x2d\xf3\x5c\
\xb6\x2d\xc7\x2d\xee\x8f\xe9\x40\xf8\x2f\x0c\xc6\x7b\x5a\xb6\x66\
\x89\x6c\x3d\xcb\x8b\xc4\xfb\x52\x92\x77\x96\xb1\xc6\x42\x76\x01\
\x76\xb1\xf0\xaf\x7f\x6c\x5b\x91\x8b\x1c\x79\x97\xbb\xe2\xdc\x78\
\xd0\xdb\xf7\xe3\x55\xc8\xd7\xf6\x83\x04\x6f\x2f\x7c\xa3\xda\x0a\
\xe2\x38\x4f\xb3\xae\xd2\xbb\x51\x95\xad\xc0\xb8\x6f\x10\xa8\x81\
\xe7\x49\x9d\x09\x64\x63\xff\x00\x91\x16\x5f\x41\x70\x0f\xfa\x37\
\x38\xaf\x1a\x6b\x67\xe2\xce\x23\x87\x0a\x8d\xda\x9a\x7a\x66\x67\
\x90\x79\x13\xa8\x5e\xbe\x2e\x9b\x69\xfa\x79\x59\xba\xb6\x2c\x7e\
\xa7\x6f\x1d\xac\xed\x52\x37\x0f\x0c\xba\x79\xad\x05\x67\x6a\xb7\
\x6b\x83\x5f\x73\xd0\xaf\xbc\x78\x6f\xfd\x1d\x5d\x98\x61\x0c\x1f\
\x59\x9a\xfc\x66\x41\xb9\x9a\x62\xc0\x7e\x5b\x2e\xf7\x0f\xfa\x1a\
\xf6\x3b\x87\x16\x3a\x1e\x0b\xa5\x71\x6f\xeb\x4b\x34\xae\xfe\x6e\
\x5e\x85\x7a\x5d\x63\xdb\xca\xbf\x5d\xaf\xf5\x87\xe5\x95\x5f\x68\
\x15\xf8\x93\xc4\x74\xcd\x7c\xae\x27\x46\x31\x85\xc4\xfb\x00\x51\
\x1c\x63\x59\x0b\xcc\x75\x11\xc9\x0b\xf6\x0d\x7b\x6c\x47\xb8\xaf\
\xd8\x3c\x07\xb1\x3e\x02\xe1\xa7\xb2\x4c\x37\x84\xb0\xba\x77\xb3\
\xd5\x7f\x70\x1c\xe1\xf1\xba\xd2\xf6\x91\xf4\x69\xec\xf3\xb4\xfa\
\x29\x62\xc5\x38\x76\x96\x2a\x87\x0b\xb6\xaa\x95\xbd\xd4\x8c\x77\
\x5f\x0d\xae\xbb\x5f\xa0\xa4\x47\x87\x4a\x3a\xd4\xcd\xbd\x78\x7e\
\x50\x51\x71\x3c\x99\xc5\xa4\x71\x3b\xae\xe3\x08\xe2\x72\x61\x68\
\x7b\x89\x71\xe8\xbd\x07\xb6\x2f\xa1\x07\x16\x76\x6b\x3c\xd5\x78\
\x1b\x1f\x8f\x60\xcd\x25\xcd\x92\x9d\x84\xc8\xc6\xef\x67\x0f\x2e\
\xab\xc5\x28\xa8\x7d\x08\xe5\xab\x9d\xd1\xc8\xd3\xab\x08\xb1\x07\
\xa5\x97\x95\x9f\x8d\x35\x9d\x4c\x3d\xee\x3f\x32\xb9\xa3\x75\x97\
\xb0\xe0\x98\xc3\x24\x86\xe6\xc3\xad\xd7\x43\x16\x37\x06\x40\xc6\
\x6f\xd5\x78\xc4\x1c\x43\x0d\x34\x65\xb1\xb8\x93\xe6\x56\xd7\x0f\
\xe2\xf8\x9b\x6b\xc8\xd1\x6d\x4a\xf2\xad\x83\x6f\x66\xb9\x23\x5a\
\x7a\xbd\x3e\x23\xeb\x83\x27\x84\xf9\xac\xba\x6c\x54\xb0\xdb\x36\
\xdb\x2f\x37\xa5\xe2\x81\x23\x43\x60\x6f\x79\x23\x8f\xf0\x5d\x25\
\x04\xf7\x2d\x2f\x04\x93\xa9\xf2\x5d\x0c\xb8\xa2\x1c\xb1\xe5\xd6\
\x49\x56\x2a\x29\xfc\x42\xcf\xbe\x97\x5a\x7a\xfa\xb6\xc5\x21\x16\
\x59\x20\x3b\x20\xb1\xd3\x75\xaa\xc5\x48\xb3\x89\xdf\xaa\xe1\xad\
\x62\x1c\x9d\xb1\x0d\x55\x5e\x24\x18\xc9\x01\x77\xb0\x2e\x1f\x1c\
\xc6\x5c\x43\xd8\x1c\x48\xf3\x59\xd8\xf6\x2c\xca\x6c\xc3\x38\xb8\
\x5c\x1e\x21\x88\x3a\xa2\x42\x73\x5e\xe6\xfa\x2f\x57\x06\x2d\xcf\
\x73\xcf\xe4\x64\x8a\xc2\x33\x30\x4c\xe2\xe2\x6c\x55\x15\x0d\x1d\
\xd5\x9d\xa8\x03\x65\x5c\x95\x65\xa4\x37\x4b\x2e\xb3\xb2\xbe\xcd\
\x71\x8e\xd7\xf8\xc6\x93\x03\xc2\xa0\x7b\x8b\xdc\xd3\x3c\xad\x69\
\x2d\x85\x97\xd5\xce\xe9\xa2\xf5\xe9\x8e\x6f\x3a\x87\x87\x93\x2d\
\x71\xc4\xda\xce\x97\xe8\xd9\xf4\x6f\xc4\x7b\x77\xe3\x36\xc9\x33\
\x5f\x4d\xc3\x54\x6f\x6b\xeb\x27\x20\x80\xf6\xfe\xc3\x7a\x9d\x17\
\xea\x7f\x09\xf0\xae\x19\xc1\x58\x05\x26\x0b\x83\xd2\xb6\x92\x82\
\x95\x82\x38\xe3\x66\xda\x0d\xcf\x9f\x9a\xd4\x76\x59\xd9\xb6\x17\
\xd9\x4f\x05\xd0\x70\xfe\x13\x13\x59\x0c\x0d\xbc\x92\x73\x91\xfc\
\xdc\x4f\x35\xd6\x5c\x82\x4e\xeb\xe8\xb0\xe2\x8c\x75\x87\xc7\xf2\
\xb3\xdb\x35\xb5\xbf\x09\x02\x6d\xfc\xd2\x76\xba\xff\x00\x04\x83\
\x93\x71\xb8\x5d\x87\x48\xc1\x04\xa4\xe1\xe2\xdd\x21\x71\x64\x6a\
\x4a\x06\xd3\x60\x91\xb9\x1a\x21\x0a\x83\x74\x59\x08\xb8\x40\x26\
\x95\xc7\x54\x8b\xba\x2b\xb0\xb5\x17\x3b\xad\x27\x11\xf0\x6e\x0f\
\xc5\x71\x77\x78\x9d\x04\x55\x23\xf6\x88\x19\xbe\x2b\x77\x98\x91\
\xb2\x8f\xbd\x67\x50\x3c\x4b\x88\x3e\x8c\x58\x6d\x41\x73\xf0\x8c\
\x42\x5a\x12\x76\x64\x87\x33\x42\xe0\xb1\x4f\xa3\x5f\x17\x52\x38\
\x9a\x6a\x8a\x1a\xc8\xfa\x82\x5a\x4f\xf0\x5f\x55\x12\x3d\xa9\x6c\
\x2c\x14\xed\x81\xf1\xac\xfd\x86\xf1\xc4\x4f\xb7\xd5\x51\xbf\xcd\
\xaf\xd1\x42\x2e\xc2\x78\xe2\x77\x0f\xfb\x2d\x8c\x3d\x5f\x20\x5f\
\x66\x92\x4f\x32\x14\x4b\x9f\x7d\xee\x9a\x1f\x27\x61\xdf\x46\x5e\
\x30\xad\x37\xa9\xa8\xa3\xa3\x69\xe4\x49\x71\x1f\xc1\x77\x18\x17\
\xd1\x47\x0b\x87\x23\xb1\x9c\x4a\x5a\xd2\x35\x31\xc4\x4b\x1a\x57\
\xbc\x1d\x4a\x35\xe6\x54\xf2\x8e\x77\x85\xf8\x03\x87\xf8\x3e\x20\
\xcc\x27\x0d\x8a\x9f\x2f\xeb\xda\xee\xf8\xae\x87\xc4\x49\x25\xc4\
\x9b\x6e\x51\x7c\xa5\x2c\xfa\xab\x0a\x33\xdb\x4b\x29\x12\x2c\xa9\
\x2e\x1a\xfb\x52\xcd\xe6\xa8\xb2\xe3\xad\xd3\x0e\xb2\xa6\xf6\xfd\
\x64\x67\xf3\x41\x69\x70\x71\xbe\xca\x0e\xd7\x4d\x35\xe5\x65\x00\
\x6d\xcd\x3b\x93\xaa\x7d\x8f\x0f\xfa\x5e\xf6\x04\xff\x00\xa4\x37\
\x65\xd3\x60\x30\x3a\x08\x71\x38\x5e\xd9\xe9\x65\x98\x5c\x35\xc3\
\x97\xbd\x7e\x36\xf6\xc3\xf4\x65\xe3\xce\xc5\xaa\x2f\xc4\x78\x4b\
\xe1\x83\x30\x69\xaa\x8c\x7e\x88\xb8\xde\xc0\x1e\xab\xfa\x00\x75\
\x8e\x87\x50\x77\x5e\x6f\xdb\x9f\x61\xf8\x17\x6f\x5c\x15\x2f\x0d\
\xf1\x08\x93\xd1\x9c\xe1\x23\x25\x8d\xd6\x7c\x6e\x1d\x0a\xec\x63\
\xbe\xa7\x49\x31\xb8\x7f\x3e\x78\x84\x52\x47\x76\x08\x8b\x05\xee\
\x09\xe6\xb0\xfb\xbb\xfa\xe0\xba\xdc\xc1\x5f\x66\xf6\xb9\xfe\x8f\
\x5e\x3f\xc1\x78\xfe\xae\x83\x87\x30\xd9\xb1\x3c\x11\xa4\x1a\x6a\
\x9b\x12\x03\x7a\x13\xd5\x73\x52\xff\x00\xa3\xbf\xb6\x01\x55\x0c\
\x31\x70\xf8\x70\x98\x12\x24\xcd\x60\xcf\x6f\x45\xd9\xee\x89\x71\
\xc4\x6a\x5f\x2b\x16\x32\x43\x72\xec\x8c\xe8\x9b\x59\x93\xd4\x60\
\xb7\x52\xbd\xcf\x14\xfa\x17\xf6\xa7\x87\x63\x35\x18\x64\x9c\x35\
\x51\x35\x6c\x44\xe6\x8a\x16\x13\x76\xfe\xd0\xf2\xf3\x55\x61\x3f\
\x43\xee\xd4\xf1\x3c\x4a\x2a\x08\xb8\x4b\x10\x6d\x43\xda\x48\x63\
\xe2\x76\x80\x79\xa4\xcc\x47\xdb\x6f\x11\x78\x7b\xac\x4b\x6c\x6f\
\xa1\x51\x2e\x12\x34\x5c\x06\xbc\xaf\xa2\x2a\x3e\x83\x9d\xb1\xb2\
\x36\xc8\xee\x0d\xae\x2d\x2e\xcb\x94\x46\x6e\xb5\x18\xaf\xd0\xd3\
\xb5\x3c\x1e\x95\xd5\x35\x7c\x15\x8a\x45\x18\x04\x92\x21\x71\xb0\
\x1c\xf6\x59\xee\x83\x4f\x0d\x78\x7e\x80\x7a\xfc\x92\x93\x2b\x1a\
\x2e\x33\x75\x21\x7b\x24\x1f\x45\x1e\xd3\x24\xc1\x59\x8b\x37\x84\
\x31\x47\x51\x3c\x1c\xb2\x8a\x67\x93\x7e\x96\xb2\xc0\x9f\xe8\xd3\
\xda\x4d\x2b\xed\x2f\x05\x62\xec\x05\xb9\xc3\x9d\x4a\xfb\x5b\xe0\
\xb5\xdd\x03\xca\x40\xca\x2e\xdf\x10\xe8\x75\xb2\x62\xee\x26\xed\
\x16\xf2\x0b\xd4\x1d\xf4\x74\xed\x00\x07\x3c\x70\x76\x2e\x2f\x61\
\xa5\x23\xff\x00\x25\xa5\xa8\xec\xcb\x89\xe8\x6a\x65\xa5\x97\x01\
\xad\x64\xec\xd1\xd1\xbe\x9d\xc1\xc3\xdd\x65\x9e\xef\xfa\x38\xa1\
\x4e\x0b\xf4\xb1\x1b\x6e\x87\x30\x17\x64\xb5\x88\xe8\xbd\x0f\x0f\
\xec\x4b\x8d\x71\x38\xda\xe8\xf8\x5f\x13\x7b\x5c\x33\x5d\x94\xaf\
\xd4\x79\x68\xbd\x0b\x87\xfe\x84\xfd\xa9\x71\x15\x18\xab\xa6\xe1\
\x9a\xae\xe8\x9b\x01\x23\x0b\x5d\xef\x5a\x89\x8f\xc8\xfd\xdd\x07\
\x29\x25\x49\xae\x05\x41\xba\xf9\xa7\xb1\x5e\x6c\xb7\xa4\xd0\xa2\
\x09\x05\x00\xeb\xba\x88\x92\x02\x45\xd6\x4e\xe8\x18\x36\x47\x78\
\x12\xb5\xd0\x05\x93\x42\x40\xdd\x32\x2e\xa0\x1d\x6b\xa1\xae\xb9\
\x5a\x86\x93\x6b\x88\xf8\x26\x08\xb5\xec\x90\xd9\x08\xca\x57\xb9\
\xd0\x22\xca\x07\x42\x2c\xa6\x0e\x81\x01\x64\xc0\xd4\x25\xb7\x34\
\xd0\x49\x0a\x1e\xf2\x98\x24\x79\xa0\x92\x8b\x49\x27\xc9\x48\x1b\
\x8d\x77\x46\x88\x0e\x56\x41\xd5\x2b\xde\xc9\xa0\x37\xd1\x08\x42\
\x00\x68\x0e\x8b\x94\xed\x2d\x92\x47\xc3\xaf\xab\x89\x86\x57\x53\
\x38\x3d\xcd\x6e\xf6\xeb\xfc\x17\x56\xa0\xf6\x36\x48\xdc\xd7\x80\
\xe6\x38\x58\xb4\xea\x08\x5c\x79\x29\xdf\x5e\xd7\x26\x3c\x9f\x15\
\xe2\xff\x00\x87\xcf\x94\x3d\xbf\x53\xe1\x76\xa7\x82\x56\xc8\xe3\
\xa3\x48\xdf\xde\x15\x78\xbf\x68\x58\x9f\x10\xf8\xc4\xa6\x18\xce\
\xb7\x25\x5b\xda\x67\xd1\x8d\xd5\x95\xf2\xe2\xfc\x23\x3c\x74\xd5\
\x6f\x39\x9d\x45\x50\x2d\x19\x3f\xf2\x9e\x4b\xc0\x78\xe7\x86\xfb\
\x5c\xe1\xe2\x62\x77\x0b\xd5\xd4\x46\x0d\xb3\xd3\x3c\x3d\xa7\xe0\
\x57\xce\xdf\x1f\x22\xb3\x35\xfa\x7d\xbf\x1f\x37\x0f\x26\xaf\x3a\
\x8b\x4b\xd3\x71\x7e\x2b\x8a\x2a\x67\x45\x51\x59\xde\x3d\xbf\xf3\
\x2e\x56\x6e\xd5\x60\xa3\x84\xc5\x9b\xc3\x6f\xda\x5e\x0f\x8b\xb7\
\xb4\x3c\xe5\xf3\x70\xb6\x2e\xc3\xcd\xbd\xc3\xc8\xfe\x4b\x93\xc4\
\x87\x1c\xd4\x5d\xbf\x67\x31\x40\xe3\xa0\x1e\x8c\xf1\xfe\x0b\xa5\
\x6e\x36\x6b\xdb\x72\xf6\xab\xc8\xe3\x52\xba\x89\x87\xb8\xe2\xfd\
\xa3\xc3\x57\x25\x9b\x30\xb7\x45\x85\x2f\x6a\x50\x53\x0c\xbd\xeb\
\x49\xde\xd7\xd9\x78\xae\x13\xd9\x7f\x6b\x3c\x4d\x27\x77\x86\xf0\
\x96\x25\x2b\x89\xd0\xbd\x86\x30\x3d\xee\xb2\xf4\x7e\x1b\xfa\x0c\
\xf6\xd1\xc4\x59\x1f\x5d\x15\x2e\x0c\xc7\x1d\x4c\xd5\x2d\x7b\x9a\
\x3a\xe8\x4a\xcc\x74\xcb\xcf\xd3\x8b\x27\x55\xe3\xd2\x35\xb6\xe3\
\x10\xed\x62\x2e\xe4\x0e\xf4\x5c\xeb\x70\xe5\xa1\x9f\xb6\x26\x46\
\xd2\xd7\x4e\x3e\x65\xe8\xd4\x1f\xe8\xda\xe2\xc9\xdc\xd1\x5f\xc6\
\xd4\x91\xc7\xfa\xc6\x16\x39\xce\xfe\x21\x76\xd8\x2f\xfa\x33\x38\
\x5e\x20\xd7\xe2\xfc\x63\x8b\xd7\x38\x7a\xcc\x8e\x26\x31\xbf\x1d\
\xd7\x67\x1f\x4a\xfc\xc3\xa1\x7e\xb7\x8a\x3d\x3e\x61\xc4\x3b\x63\
\x84\xb8\xb8\xce\x03\xbf\xea\x5a\x97\xf6\xbc\x5c\x1e\x22\xcd\x23\
\x8e\xcd\x65\xcd\xfe\x0b\xef\x9e\x1e\xfa\x05\x76\x49\x80\x96\x99\
\xb0\xaa\x8c\x51\xe3\x9d\x5c\xce\x20\xfc\x0a\xf5\x2c\x03\xb0\x7e\
\xcf\x78\x62\x36\x8a\x0e\x0f\xc1\xd8\x46\xce\x7d\x2b\x1e\x7e\x36\
\x5d\xca\xf4\xaa\xc7\x99\x79\xf7\xeb\xfb\xfe\x35\x7e\x55\xe1\x38\
\x0f\x68\x1d\xa0\xd5\x08\xf0\x1e\x19\xc4\xab\x0b\xcf\x85\xcc\x8c\
\x86\xfc\x4d\x97\x79\x81\xfd\x06\xfb\x67\xe2\xca\x86\xb6\xba\x86\
\x1c\x0a\x02\x75\x96\xae\x5b\x96\xfb\x82\xfd\x4c\xa2\xa0\xa6\xc3\
\xa2\x11\xd2\xd2\xc3\x4b\x18\xd3\x2c\x2c\x0c\x1f\x00\xb2\x05\x89\
\xfe\x61\x77\xf1\xf0\x71\xd3\xdb\xcb\xcb\xd5\xf3\x64\xf5\xe1\xf0\
\xa7\x07\xff\x00\xa3\x0e\x89\x91\xc5\x2f\x15\x71\x84\xf5\x46\xde\
\x28\x28\xe0\xc8\xdb\xf3\xf1\x66\x3f\xc9\x7d\x03\xd9\xff\x00\xd0\
\xfb\xb2\xae\xcf\x1b\x14\x94\x7c\x2f\x4f\x88\xd5\xb0\x8f\xf5\xac\
\x40\x77\xaf\x07\xa8\x5e\xd3\xcf\x4d\x10\x75\x5d\xca\xe2\xa5\x7d\
\x43\xcb\xbf\x27\x2e\x4f\xe5\x2a\x69\x28\xe9\xe8\x21\x6c\x54\xb4\
\xf1\xd3\x42\xdd\x03\x21\x68\x68\x56\x97\x0b\xd8\x68\x86\xea\x35\
\x4e\xc3\xde\xb9\x5d\x7d\x93\x85\xbc\xd4\x41\x3a\xa0\x5c\x91\xcf\
\x44\x36\xf6\xd5\x11\x31\x7b\x6e\x8b\x92\x14\x09\xb0\xb7\x9a\x77\
\xf3\x40\xec\x1f\xe1\x70\x19\x5d\xa1\xb8\xba\xf9\xa3\xb7\xef\xa1\
\xde\x0f\xc7\x9e\x99\x8f\xf0\xfb\xd9\x82\xe2\xb9\x1d\x24\x90\x47\
\x15\xe2\x98\x81\xbd\xaf\xa1\x2b\xe9\x5c\xc2\xeb\x13\x1c\xc4\x62\
\xc3\x30\x8a\xca\xb9\xdc\xd8\xe3\x8a\x27\x3c\xbd\xdb\x0b\x05\xc5\
\x92\x22\x69\x3b\x76\x78\xd9\x2f\x8e\xf1\xf1\xbf\x15\x31\x39\x99\
\x4d\x8b\xd6\x61\xb2\xd4\xb6\x0a\x98\x24\x74\x4f\x63\xbd\x60\x41\
\xb1\x5d\x37\x09\x70\xce\x13\x89\xc8\xd3\x53\x8a\xd8\x8d\xda\x74\
\xb2\xe9\xf8\xa7\xb2\x31\xc5\xdc\x67\x8a\x57\x46\xc7\x44\x6a\x6a\
\x9f\x28\x98\x0d\xee\x79\xaf\x4c\xe0\x2f\xa3\x96\x15\x14\x2c\x7d\
\x59\x7c\xcf\xe7\xd3\xf8\x2f\x8e\xcf\x9f\x1d\x22\x62\x1f\xa7\x61\
\xc5\x6d\x44\xdc\xb8\x2f\x84\xf8\x7a\x96\x36\xbe\x32\xd9\x5c\xd1\
\xeb\xbc\xee\xbb\x09\xb0\xaa\x26\x86\xbe\x38\xa3\x68\x3f\xb1\xcd\
\x75\x94\x1d\x88\xe0\xd4\xf4\xdf\xa2\x32\x43\x6e\x8f\x5a\xec\x73\
\x87\x61\xc1\x23\x2c\x89\xfa\x30\x5e\xe7\x9a\xf0\xb2\xe4\x99\x77\
\xa9\x34\x9f\x4e\x3b\x12\x8d\xb1\xe9\x1b\x40\x3d\x17\x03\xc4\xb5\
\xce\x81\xf2\x0b\x96\xfb\xd6\xff\x00\x88\x71\xa1\x06\x77\x68\x24\
\x3a\x0b\x15\xe4\x7c\x51\xc4\x9d\xf4\x8f\x19\xee\xeb\xea\xb9\x70\
\x63\xb5\xa6\x36\x66\xbd\x69\x56\x8b\x89\x31\x3e\xf5\xfe\x13\x7e\
\xab\x41\xe9\x19\xb4\x69\xd7\x64\xab\xaa\x4c\xaf\x20\x10\xed\x79\
\x72\x5b\x1e\x09\xe0\xdc\x5f\x8f\x78\x92\x93\x07\xc1\xa9\x5f\x57\
\x5b\x3b\xac\xd6\xb3\xf9\x9b\xf2\x5f\x49\x8f\x1c\xf8\xac\x3e\x5f\
\x3e\x59\x89\xee\x99\xf0\xda\x76\x79\xc0\x18\xbf\x69\x9c\x4b\x4f\
\x82\xe0\xb4\xcf\xa9\xaa\x9c\x8c\xc4\x0d\x18\xdb\xea\xe2\xbf\x52\
\x7b\x01\xec\x0f\x06\xec\x33\x85\xdb\x4b\x4b\x1b\x2a\x71\x79\x87\
\xfa\xe6\x20\x5b\x67\xbc\xfe\xc8\xf2\x0b\x0f\xe8\xf1\xf4\x7c\xc1\
\xfb\x0f\xe1\x88\x99\x1b\x19\x55\x8e\xd4\x00\xea\xaa\xd7\x34\x66\
\x17\xdd\x8d\x3d\x02\xf5\xe0\x7c\x67\x7b\xf9\xaf\x7f\x8f\x82\x29\
\x1b\x97\xc9\x72\xf9\x36\xcd\x6d\x56\x7c\x25\xfc\x2f\xba\x14\x4e\
\x86\xc8\x27\xc3\xba\xee\x4b\xcf\x3c\xc1\x34\x80\x1d\x13\x27\x42\
\xa0\x12\x27\xc4\x10\x1d\x72\x93\x9d\x64\x12\x41\xd0\x28\x5e\xfc\
\xec\xa3\xde\x7b\xd0\x4b\x37\x9a\x7b\xee\xa2\x5c\x3a\x59\x26\xba\
\xee\xde\xc1\x03\x73\xb2\xa5\x9f\xc9\x44\xea\x4e\xa9\x68\x39\x20\
\x9e\x7b\xba\xd6\xd1\x45\xfa\x5a\xdd\x52\xcf\x72\x83\xe6\x6e\x81\
\xdc\x0d\xb5\x28\xcc\x7a\x28\x9b\x0e\x41\x2b\x82\x0e\xc8\x27\x98\
\xf4\x51\xce\x2e\xa2\x36\x46\x60\x39\x7f\x04\x12\xce\x2c\x96\x75\
\x53\x9d\x7f\x20\x96\x9c\x89\x41\x6b\x9e\x37\x55\xb8\xdc\xa5\x65\
\x12\x72\x9e\xa8\x1b\xb6\x41\xb5\xae\xa0\xe3\x70\x08\x2a\x2e\x7f\
\x24\x13\xcc\x0a\x45\xe0\x2a\xcb\xec\x91\x76\xa8\x2c\xef\x01\x46\
\x62\x47\x45\x58\xd5\x05\xd7\xe4\x50\x4a\xe6\xea\x45\xc0\xf2\x54\
\xf2\xdf\xf8\xa2\xe3\xaf\xf1\x40\x18\xda\xf7\x5e\xc1\x48\x44\x2f\
\x7d\x8f\x45\x10\xe2\x14\xb3\xdc\xdf\x75\x76\xb1\x0a\x7e\xaf\x81\
\xd3\xf7\xae\x8a\x33\x25\xac\x1f\x97\xc5\xf1\x56\x36\x8a\x16\x48\
\x24\x6c\x6c\x6b\xc7\xeb\x35\xba\x8f\x7a\x96\x73\xc8\x59\x2c\xda\
\xa9\xe5\x75\x09\x16\x34\x90\x4e\xed\xfe\x05\x27\xc0\x25\x04\x48\
\xd0\xf0\x74\x21\xc2\xe0\x84\xf3\x5f\x44\xf3\x91\xcd\x20\xd2\xa6\
\xd0\xc0\xd8\x84\x6d\x89\x8c\x8c\x0b\x06\x06\xe9\x6f\x62\x4f\xc3\
\xa0\x93\x57\x45\x19\xd2\xda\xb4\x2b\xbb\xc4\x13\x75\xad\x8c\x57\
\x61\x74\xce\xd5\xd0\x44\x4e\x96\xbb\x07\x25\xae\x9b\x82\x70\x69\
\xe6\x7c\xf2\x61\x94\xae\x7b\xfd\x67\x3a\x11\x72\xb7\x68\xd6\xe3\
\x52\xa6\xc6\xb2\x0e\x16\xc3\x69\x1a\xd6\xc1\x47\x4f\x18\x02\xc0\
\x36\x31\xb7\x45\x97\x16\x1b\x0c\x03\xc1\x14\x71\xf9\x34\x5b\x5e\
\xab\x28\xbc\x8b\xf3\x4d\xae\xb8\x4f\x2d\x6a\x11\x09\x87\x24\x4d\
\x90\x0d\xd4\x61\x32\xe1\xcd\x17\x55\xbf\x63\xe4\xa6\x08\xb2\x9a\
\x43\xba\x2c\x2e\x8d\x3c\x90\x45\xc8\x29\xa1\x26\xfa\xa9\xa8\xdf\
\x4b\x20\x12\x37\xd5\x58\x81\x2d\x91\x74\x5e\xe9\x69\x72\x3a\x22\
\xa4\x0e\x89\xe6\x0a\x28\x44\x4c\x1b\x84\x9d\xa8\x01\x0d\x3c\x93\
\xbe\xa5\x02\x24\x5f\x54\xd8\xe2\xe5\x12\xd2\x49\x4d\xd7\xb6\x9a\
\x20\xb1\x2b\xea\xab\x69\x20\xeb\xaa\x90\x70\x2e\x28\x24\x40\x45\
\x82\x01\xcc\x10\xdd\x05\x8a\x09\x37\xa9\x41\xd5\xba\x28\xdc\x80\
\x9b\x4d\x80\x40\xef\x60\x90\xf0\xb5\x32\x2f\x64\x3b\x56\x84\x0c\
\xa5\x7f\xe3\xcd\x3b\xde\xc7\xaa\x2c\x81\x1f\x5b\xc9\x17\xbe\xfa\
\xf9\x15\x22\xa1\x93\x55\x34\x11\x8d\x86\xf9\xa3\x61\x1e\x6d\x1f\
\x92\x80\xa6\x86\xf7\xee\x22\xfd\xd3\x7f\x25\x7a\x06\x80\xa7\x8f\
\xc1\xb9\x45\xac\x6b\x07\x85\x8d\x6f\x9b\x5a\x02\x95\xee\xd2\x92\
\x3a\xa4\x44\x13\x33\x3e\xc3\x45\xb5\xe6\x79\xa9\x6a\x46\x85\x2e\
\x88\x69\xb0\xe4\xaf\x8f\xc2\x1e\x9e\x48\x1a\xfb\x51\x7b\xa4\x09\
\x0e\x52\x23\x4a\x65\xe4\x05\x26\x8b\x12\x54\x5c\x2e\x53\x04\x05\
\x44\x86\x89\xa4\x0d\xd0\x4d\x82\x03\x30\x55\x9b\x93\x70\x98\x3a\
\x5d\x00\xde\xfe\x48\x13\x41\x2e\x1a\xd9\x1c\xf5\x52\x51\x27\xc4\
\x80\x07\x30\xba\x88\x3a\xea\x83\xa2\x84\x92\xb2\x28\xcc\x92\x3c\
\x31\x80\x5d\xce\x71\xb0\x0a\x4c\xc4\x7b\x58\x89\x9f\x4b\x64\x73\
\x5a\xc2\xe7\x10\xd6\x80\x49\x24\xf4\x5e\x0f\xda\xf7\x1d\xbb\x88\
\x24\x7e\x11\x44\xe7\x1a\x28\xcf\xe9\x1e\xd3\xab\xcd\xb6\xf6\x2c\
\xce\xd1\x3b\x53\x76\x23\x24\x98\x66\x0e\xfb\x42\x3c\x32\x4d\x6f\
\x5b\xc8\x2e\x16\x9a\x9d\x90\xc6\x0b\xcb\x43\xf7\x5f\x25\xd5\x3a\
\x8f\x77\xf8\xb1\x4b\xec\xfa\x4f\x4c\xf8\xf5\x9f\x34\x35\xb8\x57\
\x0b\x31\xf6\x71\x89\xad\x1e\xc5\xd6\xd1\xe1\xc2\x86\x1f\x06\x50\
\x0f\x50\xb0\xe3\xac\xee\xe3\x2d\x04\x5e\xcb\x06\xbb\x1e\x7b\x23\
\x2c\xef\x00\x3e\xd5\xf2\x96\xbe\xe7\xcb\xea\xf5\x7b\xf8\x6d\x31\
\x0c\x51\xb4\xb1\x38\xb4\x8c\xdc\xfa\x2f\x26\xe3\xfe\x2c\x0d\x82\
\x42\xe7\x59\xa0\x6a\x42\xb3\x8a\xb8\xc5\x94\x30\x49\x79\x6e\x57\
\x84\xf1\x7f\x1a\x8a\xb9\x64\x1d\xe6\xe3\x50\x4e\x8b\x97\x0e\x2b\
\x65\x95\x88\xae\x1a\xb5\x3c\x5d\xc6\x5d\xec\x85\xad\x77\x82\xfa\
\x1b\x2f\x3d\xc5\xf1\x06\xcc\xf7\x38\x1c\xc0\xfe\xb6\xca\x9c\x63\
\x1b\x8c\xbd\xf6\xf1\x5c\xea\x56\xff\x00\xb2\x4e\xcb\x38\x8f\xb6\
\xae\x26\xa7\xc1\xf0\x1a\x37\xbd\x8f\x70\x13\x55\xb9\xa7\xb9\x85\
\xbf\xb4\xe7\x59\x7d\x47\x1f\x8f\x31\x1e\x1e\x17\x2b\x95\x15\xf3\
\x69\x6a\x78\x43\x84\xf1\x6e\x3a\xc7\xe9\xb0\x8c\x16\x91\xf5\x75\
\xb5\x2e\x0d\x64\x6d\x1f\xc4\x9e\x41\x7e\xa2\xfd\x1a\x7e\x8d\xb8\
\x67\x61\xfc\x3e\xc9\xa7\x6b\x2b\x38\x8e\xa9\x81\xf5\x15\x24\x0f\
\xd1\x1b\x6a\xc6\x9e\x43\xcd\x6c\x7b\x05\xfa\x3a\xf0\xf7\x61\x58\
\x1b\x21\xa3\x8d\xb5\x78\xcc\x80\x7a\x4e\x22\xf1\x77\x39\xfc\xc3\
\x7a\x05\xeb\x17\xde\xeb\xe8\x70\x71\xe2\x91\xb9\xf6\xf8\xee\x57\
\x2a\x72\xcf\x6c\x7a\x58\xdd\xc5\xf5\xf6\xa9\x5f\x4d\x15\x6d\xde\
\xfb\xa6\x4f\x45\xdc\x79\x91\x1a\x4c\x13\x7b\x10\x9e\xca\xad\x6e\
\x99\x24\x91\xe4\xa2\x99\x7e\xa4\x26\x0e\x9a\xaa\xc1\x05\xdb\x29\
\x66\xb9\xd9\x04\xaf\x6d\x92\x24\x90\x93\x8d\xfc\xbd\xaa\x36\xba\
\x09\x0d\x14\x73\x0b\xee\x98\x51\xcc\x4a\x09\x5c\x94\x1d\x92\x71\
\xba\x89\xbd\xb5\xd5\x03\xbd\xb6\x45\xdd\xe4\xa3\x9b\xc9\x22\xeb\
\x20\x9e\x63\x6e\x4a\x19\xba\xa8\x17\x58\x5d\x44\x12\x50\x5c\x48\
\x2a\x1a\x03\xb2\x8e\xdc\xd2\x26\xe5\x05\x85\xf6\x48\x92\x79\xaa\
\xdc\x4d\x94\x49\x37\x28\x27\xa8\xe6\x87\x10\xe1\x61\xba\x85\xd4\
\x09\xb9\x41\x61\x24\x28\xb8\x92\x14\x08\x41\x28\x00\xe2\x74\x51\
\x3e\xb2\x7b\xed\xa2\x83\x8f\x2e\x68\x24\xe3\xd5\x2c\xed\xbe\xea\
\x00\x9b\x9b\xea\x82\x6e\x82\x59\xee\x8c\xe7\x5b\x85\x03\xaf\x35\
\x1c\xc8\x27\x71\x65\x1b\x05\x1b\x91\xbe\xa9\xe7\x08\x18\xb5\xd4\
\x9a\x72\x95\x0b\xdf\x64\x67\xb6\xe8\xd4\x27\x9b\x53\xd0\xa9\x35\
\xda\x2a\x83\xc2\x77\xdf\x92\x2a\xdb\xd8\x5d\x01\xc3\x9a\xa8\x1d\
\x00\x25\x17\xea\x82\xc7\x49\x64\x07\x9d\xd4\x34\x42\x0b\x4c\xba\
\x6f\x75\x10\xfb\xa8\x5d\x03\x43\xb2\x0b\x5a\x4a\x65\xc4\x74\x55\
\x13\x7d\xb4\x45\x8f\x51\xf1\x45\x85\xe0\x79\xa2\xf6\xba\x4d\x24\
\x9d\x53\x47\x19\x97\x6e\x9e\xfb\x68\xa2\x84\x12\xca\x7a\xa9\x66\
\xf1\x59\x43\x35\xb7\x4c\x6a\x82\x77\xba\x2c\xa2\x98\x75\xb7\x45\
\xd1\xdb\xcd\x03\x4f\x34\x6e\x9a\x2e\x8d\xa7\x37\x24\xd4\x1a\x7c\
\x76\x53\x46\x4e\xf6\x46\x63\xd1\x24\x20\x61\xc7\xa2\x1c\xeb\x82\
\x92\x00\xb2\x00\x6c\x81\xa1\x28\xb5\xd4\xc0\x02\xe8\x13\x5d\xaa\
\x64\xde\xe9\x06\x80\x9a\x06\x6c\x46\xe9\x87\x6c\xaa\x04\x84\x7a\
\xda\x04\x16\x97\x5c\x84\x86\xca\x20\x5b\x6d\xd3\x1a\x14\x12\xb6\
\x89\xe6\x3d\x14\x2e\x5a\x2f\xbf\x92\x04\x80\x94\x13\x04\x92\xa5\
\xcc\x28\xa4\x49\xb8\x41\x20\x6f\x74\xd2\x6e\xc9\xa0\x10\x84\x1b\
\xdb\x44\x02\x44\x12\x6d\x74\x03\xcb\x9a\x0f\xac\x10\x48\xf8\x76\
\xd7\x54\xb5\x0d\x05\x08\xde\xdd\x10\x3c\xc7\xa2\x07\x88\xa5\xd7\
\xc9\x36\xee\x82\x57\xb0\x52\xf5\x9a\xa2\x84\x08\xf8\x74\x45\xb2\
\x82\x53\xdd\x06\xdc\xd0\x47\x32\x8b\x8d\xce\xc9\xd8\x5c\x58\x24\
\x40\x1e\x13\xcf\xf8\x04\x99\x23\x7e\xd5\xd4\xd4\x47\x4b\x0b\xe6\
\x9a\x41\x1c\x4d\x19\x8b\x89\xd9\x78\x9f\x68\x3d\xa2\x54\x71\x01\
\x96\x82\x81\xdd\xcd\x15\xfc\x4e\xe6\xff\x00\x7a\xc9\xed\x3f\x8d\
\xdf\x89\x55\xbb\x0c\xa4\x79\x65\x34\x46\xcf\x23\xf5\x8a\xe0\x58\
\x44\x8c\xb0\x16\xba\xf9\x5e\x7f\x3a\x66\x67\x1e\x37\xdb\x74\xbe\
\x97\x5a\x56\x33\x65\xf7\x3f\x4c\x0c\x82\x8d\x8e\x75\xaf\xce\xeb\
\x51\x57\xc5\x34\xcd\x24\x4b\x20\x6b\xb6\xb3\x8d\x96\x56\x3d\x8a\
\xb2\x90\x65\x04\x5c\x6e\x0a\xf2\xde\x2f\xe2\xfa\x78\x67\x02\x5a\
\x70\x63\x3a\x17\x72\x5f\x2d\x31\xdd\x3f\xf5\xf6\x95\x88\xd6\xe5\
\xdb\xd6\xf1\x23\x44\x45\xcd\x9c\xc6\x2d\xa1\x06\xe1\x70\x98\xff\
\x00\x68\xd2\x51\x3c\x32\x59\x03\xd8\x74\x0f\x16\x5c\x1e\x35\xc6\
\x34\xd0\x44\x65\xa5\xa8\xee\xda\x09\x2f\x83\x36\x96\xea\x17\x99\
\xf1\x2f\x19\xfa\x6b\xb3\xc1\x2b\x8c\x6e\x1b\x13\xb1\x5d\x8c\x5c\
\x49\xb4\xf9\x75\xf2\xf2\xa9\x8f\xc4\x3b\x8e\x2f\xe3\x56\xd7\x17\
\xfe\x9b\xc3\xd2\xfb\xaf\x22\xc7\x31\x99\xab\x6a\x44\x54\xc1\xd2\
\x17\x9b\x34\x34\x66\x2e\x3e\x41\x74\xdd\x98\x76\x6b\xc5\x3d\xb6\
\x71\x1b\x70\xac\x02\x92\x59\xf5\xbc\xd5\x36\xfd\x1c\x0d\xea\xe3\
\xfe\x0b\xf4\x4f\xb0\xcf\xa1\xbf\x08\xf6\x51\x0c\x15\xb8\x8c\x11\
\xe3\xf8\xf8\x01\xc6\xa2\xa2\x3f\x0c\x4e\xff\x00\x94\x79\x75\x5f\
\x4d\xc5\xe0\xe9\xf2\x3c\xee\xa5\xa9\xed\x87\xc8\x1d\x81\xfd\x07\
\x38\xaf\xb5\x1a\x8a\x6c\x57\x89\x62\x93\x87\xf8\x7e\xe1\xee\x15\
\x2d\x2c\x9a\x76\xf4\x68\xe4\x0a\xfd\x1e\xec\xe3\xb3\x6e\x1d\xec\
\xb7\x87\x61\xc1\xf8\x76\x81\x94\x54\x91\xb4\x35\xd9\x07\x8e\x4f\
\x32\xee\x6b\xa2\x1e\x16\xd8\x58\x0e\x9c\x94\x8b\xb4\xe8\x17\xbd\
\x8f\x15\x69\xe9\xf2\x99\x33\xdf\x2c\xf9\x95\xa5\xd7\x16\xdf\xd9\
\xa5\xd2\xbf\x55\x56\x7b\x73\x4f\x39\xba\xe7\x75\x97\x0b\x21\x56\
\x1e\x2d\x74\xf3\x93\xb2\x09\x13\x64\xed\xa2\xaf\x31\xd8\xa9\x67\
\xf0\xa0\x91\x37\x68\xf6\xa6\x5c\x47\x25\x50\x7d\xc5\x91\xde\x5d\
\x05\x84\xe6\x1a\xe8\x96\x9d\x54\x33\xf5\xd5\x23\xaf\x92\x0b\x34\
\xea\x51\x7b\xe8\xab\xdb\xcd\x3c\xd6\x17\xd9\x04\xaf\xad\xae\x87\
\x1b\x0d\xee\xaa\x2f\x07\x5b\xa0\xba\xe3\x44\x12\xcf\x62\x76\x48\
\x90\x79\xaa\xcb\xf5\xd5\x1d\xe0\x40\xdc\xeb\xe9\x6d\x11\x70\x06\
\x97\x50\xcf\xa9\x49\xce\x03\x9e\xa8\x26\x49\x77\x2b\x23\x36\x5d\
\xd5\x61\xd7\x3b\xa1\xce\xb6\xe8\x24\x48\x26\xf7\x41\x78\x3c\xc2\
\xab\x3f\xf9\xba\x77\x1d\x10\x48\xdd\x43\xcd\x05\xe6\xca\x05\xc4\
\xee\x82\x59\x8f\x21\xfc\x52\xcf\x6e\x4a\x25\xd6\x48\xb8\x5a\xe8\
\x2c\xef\x3e\x2a\xb7\x3a\xee\xd5\x45\xcf\xb2\x8e\x7b\xde\xe8\x27\
\x9d\x2c\xd7\xe6\xaa\x24\x58\x28\x97\x79\xa0\xb1\xce\x37\xd1\x2b\
\xf9\xa8\x77\x80\x68\xa2\xe9\x2c\x82\xcb\xf9\xa5\x98\x8d\xca\xa4\
\xbd\x22\xff\x00\x72\x0b\xc3\xef\xcd\x05\xe0\x73\x58\xe2\x4b\x73\
\x47\x79\xe6\x8d\x43\x23\x38\xea\x98\x92\xdc\xee\xb1\xb3\xeb\xe6\
\xa5\x9c\xa2\xb2\x3b\xd3\xe4\x8e\xf4\xf9\x2c\x7c\xee\xe8\x8e\xf1\
\xc8\x32\x84\x83\x9a\x33\x8e\xab\x19\xb2\xeb\xba\x9e\x7b\x7f\xf6\
\x82\xed\xb5\xba\x6d\x7d\x8e\x85\x51\xde\x7f\x9b\xa6\xd7\xdf\xff\
\x00\xb4\x19\x19\xd2\xcd\xec\xf8\x2a\x33\x0b\xf3\x4c\xb8\x12\x8b\
\x0c\xfe\x6a\x44\xa8\xa1\x1c\x66\x1d\x7f\x24\xd4\x08\xba\x2e\x41\
\x41\x34\xc6\xfb\xa8\xde\xe2\xe0\x68\x9a\x09\xe8\x96\x85\x46\xc1\
\x36\xe9\x74\x0f\x35\xb4\x52\x04\x1d\x6f\xee\x4a\xca\x37\x00\xa0\
\xb3\x64\x5e\xdc\xd2\xcc\x54\x4d\xcb\x90\x4f\x7e\x6a\x59\xac\xa2\
\x1c\x39\xa2\xe1\x04\x8b\xfc\x93\x50\x3a\xec\xa5\x98\x75\x40\xd0\
\x1d\x6e\x77\x48\x9b\xa4\x34\x3a\xa0\x95\xee\x37\x45\xfc\xd2\xcc\
\x3a\xa7\xb8\x41\x1d\x5b\xe6\xa7\x6b\x58\x8d\x12\xb8\x1b\xa4\xeb\
\x8d\x90\x4b\x95\xd2\xbd\xd2\x0e\xd3\x54\xc1\xb8\x41\x26\xda\xda\
\xa8\xf9\xf4\x42\x1b\xa0\xd3\x9a\x09\x17\xdc\x69\xa2\x63\x5e\xba\
\x28\x29\x66\xb0\xd1\x04\xef\xed\x09\xfb\xd5\x59\xc9\x4c\xbb\x29\
\x28\x2c\xd3\xcd\x17\xf1\x0d\x4a\x88\x7b\x4f\x34\x5e\xee\x1d\x10\
\x49\xdb\xe8\xa2\x2f\x9a\xe9\xb8\x6b\xa2\x7c\x88\xe6\x81\xb7\x6d\
\xd3\xd1\x42\xc9\x8d\x0a\x09\x21\x17\x49\xa3\x52\x80\xbf\x9a\x9b\
\x7d\xb7\x51\x28\x36\xb8\x41\x3b\xa4\x54\x2c\x82\x4a\x03\x6b\xf2\
\x5c\xef\x1d\xe3\xe3\x01\xc0\x2a\x25\x0f\xcb\x34\xa3\x24\x7d\x6f\
\xcd\x74\x57\xb0\x3a\x6a\xbc\x77\xb5\xac\x49\xd5\xd8\xf4\x34\x6d\
\x71\xee\xe0\x07\xc2\x3a\x9b\x7e\x4b\xa5\xcb\xcb\xf1\x63\x99\x7a\
\x7d\x3f\x07\xcf\x9a\x21\xc0\x54\x0e\xee\x37\xd4\x4a\x4b\x9c\xed\
\x49\x3c\xca\xe1\xf8\x97\x8c\xdb\x84\x0f\xf6\x99\x1c\x76\x01\x74\
\xdc\x5b\x89\xcb\x4b\x08\xa5\x89\xbd\xe4\xcf\xd1\x8c\x0b\xcc\x71\
\xde\x06\x7e\x34\x5c\x6b\xea\x1d\x14\xc5\xbe\x1c\x86\xc0\x15\xf2\
\x13\x87\xbf\xcc\x3f\x4e\xad\xa2\x91\x11\xf8\x6a\x31\x3e\x2c\x38\
\x9d\xde\x5e\x47\x5d\x57\x11\xc4\xf8\xab\x64\xa5\x7b\x4b\xae\x1d\
\x76\x82\xe2\xb9\x5e\x23\xe2\x09\x78\x63\x15\x9b\x0f\x99\xe6\xec\
\x36\x07\x91\x0b\x93\xc7\x78\xbf\xd2\x61\x7b\x3b\xcf\x09\xdb\x55\
\xc7\x4e\x2c\xc5\xbd\x38\xb2\x72\x6b\xdb\x3e\x58\x78\xe4\x90\x19\
\x5c\xf1\x28\xcc\xdd\x1c\xdb\xee\xba\xbe\xc0\x7e\x8f\x98\xe7\x6f\
\x3c\x50\x69\xa8\x43\xe9\xb8\x7e\x09\x07\xa5\x57\x91\xe1\x8c\x5b\
\xd5\x6d\xf7\x25\x6e\x3e\x8f\x5f\x46\x7c\x77\xb7\xbc\x6d\xb5\x53\
\x87\xd1\x70\xc4\x4e\x06\xa2\xad\xde\x13\x23\x79\x86\x5f\x7d\x97\
\xe9\xd7\x03\x70\x3e\x0b\xd9\xdf\x0c\xd2\x60\x58\x15\x14\x74\x74\
\x34\xcd\x0d\x19\x1a\x33\x48\x40\xb6\x67\x1e\x65\x7d\x37\x17\x8d\
\x1e\x26\x5f\x11\xcd\xe7\xf9\x9a\xd3\xdb\x0f\xb2\xee\xca\xf0\x0e\
\xc8\xf8\x6e\x2c\x1b\x87\xe8\x63\x81\x8d\x00\xcb\x38\x6d\xa4\x99\
\xd6\xb1\x73\x8f\x35\xd8\xe6\xd3\x45\x4f\x79\xd3\x4f\x24\xc3\xee\
\x57\xb3\x11\x11\xe9\xf3\x73\x69\xb4\xee\x57\x66\xb8\x17\xd7\xda\
\xa4\x5c\x02\xa3\x35\xc5\x93\x0f\x24\x10\xaa\x2c\xcf\xa1\x4c\xbe\
\xf6\xb6\x8a\xa0\xfb\x23\x3a\x0b\x84\x81\x4b\xbc\xb2\xc7\x24\x06\
\xf9\xa9\x31\xe4\x84\x17\xe7\x49\xce\x20\x69\xaa\xa4\xba\xfb\xee\
\xa4\x1f\x60\x82\x61\xff\x00\xe6\xc9\x87\xf9\x2a\xb3\x1f\xf2\x11\
\x98\xff\x00\x90\x82\xec\xfe\x49\x17\xdb\x92\xab\x3f\x9a\x33\x1e\
\xa8\x26\xe7\xdb\x6d\xd2\xef\x34\x50\xb8\xf7\xa9\x66\xd3\x74\x12\
\xef\x12\x73\xf4\xd1\x56\x5c\x3a\xa8\x12\x06\xc8\x2d\xcc\x0e\xfa\
\xa4\xe7\x01\xc9\x57\x98\xa4\xe7\xd8\xeb\xb2\x09\xe7\xff\x00\x36\
\x48\xbc\x7f\x90\xa1\xde\x74\x48\x38\x94\x13\x0f\xd5\x40\xde\xe4\
\xdc\xfc\x52\x73\xbd\xe9\x07\x68\x82\x59\xac\x82\xf5\x0c\xfe\xc5\
\x1c\xe8\x27\x98\x9d\xd0\x5d\x6e\x56\x55\x19\x0d\x94\x4b\xaf\xba\
\x0b\x0c\x9a\xa3\x38\xe8\xaa\x2f\x00\xe9\x64\xbb\xcf\x30\x82\xc7\
\x3f\xa2\x89\x3a\x28\x17\x05\x1c\xe9\xb0\xf3\x58\xa8\x17\xea\xa2\
\xe3\xbd\x95\x65\xea\x6c\x5c\x5e\x2c\xa3\x9d\x54\x5f\x71\xba\x89\
\x75\x92\x45\xae\x7d\x8a\x8f\x79\xf0\x55\x17\x13\xb2\x61\xfa\x6a\
\xa0\xb3\x3d\x93\xcf\xe4\xa9\x7b\x86\x96\x51\xce\xe5\x61\xa8\x64\
\x77\x83\xa2\x45\xf6\x58\xfd\xef\x9a\x3b\xdf\x35\x15\x7b\x5f\xaf\
\x32\xa5\xde\x2c\x61\x27\x42\x9f\x78\x7a\xab\xa1\x90\xd7\xa9\x87\
\xff\x00\x9b\xac\x3c\xe7\xaf\xf1\x53\x0f\xf3\x48\x19\x21\xe7\xfc\
\x94\xc3\xec\x56\x3f\x78\x39\x14\x67\xb6\xe8\x32\x73\xd9\x48\x49\
\x75\x47\x78\x08\x48\x3f\xcd\x58\x1b\xc4\x28\x66\x3d\x11\x98\xf4\
\x46\x13\x42\x4d\x37\x4d\x02\xd4\x0b\x03\xa2\x60\x9e\x68\x42\x07\
\x98\x5e\xc9\x91\x75\x14\x66\x3d\x10\x3b\x27\xb0\xea\xa3\x98\xf4\
\x4c\x1b\xf2\x41\x37\x1c\xa8\xcc\x09\x50\x68\x23\x75\x24\x12\x4a\
\xde\xd4\xb3\x1e\x89\xe6\x40\x0f\x0f\xb1\x48\xb8\x05\x0c\xd7\x4d\
\xdb\xfb\xd0\x4b\x30\xba\x65\x40\x9b\xec\x8b\x14\x13\x21\x30\x40\
\x0a\x2d\x3a\x6a\x9d\xc7\x54\x0c\xb8\x66\x09\xe6\x50\x3b\x84\xc8\
\x25\x04\x9c\x2f\x64\x34\xda\xc1\x44\x02\x37\x37\x42\x06\x41\xba\
\x91\xbd\x90\x0d\xc2\x2e\x0a\x04\x01\x07\x55\x20\x37\x49\x27\x6d\
\xba\x06\x34\x22\xff\x00\xc1\x32\x75\x25\x45\xa7\x44\xfd\xe8\x00\
\x6e\x54\x8e\xc8\xcc\x10\x48\x23\x74\x11\x24\x95\x26\xbe\xd7\xba\
\x00\xb6\xbb\xa0\x8b\x9b\xda\xc8\x2c\x48\xa8\xe7\xb2\x95\xc0\x40\
\xed\x6b\x1e\x89\xe6\xf2\x29\x17\x82\x12\xba\x09\x83\x74\x5f\x5b\
\x28\xa5\x7b\x1b\xa0\x9a\x45\x2c\xe1\x22\x6c\x50\x49\xdc\x97\xcf\
\xdc\x65\x88\x3a\x6e\x2d\xaf\xbb\xac\xe6\xbc\x81\x7f\x25\xef\xcf\
\x3e\x1b\x2f\x98\x3b\x5e\xa9\x7e\x01\xc7\x35\x65\xd7\x6c\x72\x59\
\xe3\xcd\x79\x1d\x4b\x7f\x1c\x69\xf4\x1d\x1a\xd1\x5c\xb3\xb6\x3d\
\x15\x23\xc4\xf2\xd7\xd6\x34\x77\x87\x46\x17\x72\x0b\xca\xbb\x47\
\xe2\x53\x0d\x63\xbb\xa7\x59\x91\x9b\xdc\x68\x16\xf7\x8b\x3b\x4c\
\x77\xd5\x2e\xa7\x63\x9b\xde\x7e\xa9\x16\xd9\x78\xc7\x13\xe3\xe3\
\x12\x8d\xd1\xb1\xf7\x7b\xb9\xdf\x62\xbc\x5c\x31\xbd\x69\xf6\x39\
\x6f\xaa\xcc\xd9\xe4\xbd\xb8\x62\xec\xc4\x2b\xe9\xa7\x88\x0c\xee\
\xd0\xd8\x6a\xbd\x5f\xe8\xab\xf4\x43\xc4\xfb\x56\xae\xa6\xe2\x1e\
\x26\x8a\x4a\x1e\x16\x85\xc1\xed\x89\xd7\x64\x95\x44\x1d\xac\x7f\
\x55\x76\x9f\x47\x2f\xa2\x55\x47\x68\xdc\x50\xde\x2c\xe2\xf8\x1f\
\x07\x0e\x52\x38\x0a\x4a\x19\x5a\xe6\xbe\xa1\xc0\xdf\x31\xff\x00\
\x95\x7d\xfb\x4f\x49\x0d\x05\x2c\x54\xd4\xd0\xb2\x18\x22\x6e\x46\
\x47\x18\xb0\x68\xe8\x02\xfa\x2c\x38\x23\x51\x32\xf8\xbe\x57\x36\
\x77\x35\xac\xb1\x70\x6c\x12\x83\x86\xb0\x8a\x6c\x33\x0b\xa5\x8e\
\x8e\x82\x99\x81\x91\x43\x1b\x40\x0d\x01\x66\x67\xd4\xef\xbd\xf4\
\x48\x9b\x02\xa0\x64\x02\xeb\xbf\x11\x11\xe9\xe1\xcc\xcc\xce\xe5\
\x66\x70\x76\xd1\x2c\xd6\xb2\xa4\xbf\xcd\x2c\xf7\xe6\x88\xc8\x2e\
\x4d\xae\xd6\xfc\x95\x05\xc2\xd7\xba\x6c\x7f\x9a\x0c\x8c\xc0\x1f\
\x34\x66\xf2\x54\x99\x0d\xc2\x61\xc0\xa0\xb6\xfa\xea\x9b\x5d\x71\
\x60\xa9\xb8\xea\x98\xe7\xaf\xc5\x05\xe0\xd9\x1a\x9d\x8a\xa0\x3b\
\xd8\xa4\x1d\xa6\xe8\x2d\xd4\x6f\x64\x02\x55\x79\xbc\xd3\x2e\x23\
\x92\x0b\x33\x0f\x35\x12\xf2\x14\x73\x1e\x88\xbd\xca\x04\x5c\x49\
\x06\xc5\x4b\xbc\xf6\xa8\xeb\xc9\x17\x1d\x50\x30\xf1\xe6\x91\x76\
\x6d\x02\x09\xb0\x50\xcd\x90\xdc\xf3\x40\xca\x0e\xa3\xa2\x89\x7e\
\x63\x70\xa2\x5d\xee\x40\xef\xae\xe9\xf7\x96\x2a\x0e\x70\x0d\xdd\
\x56\x4e\xc5\x05\xee\x90\x11\xa2\x85\xca\xae\xf7\x27\x54\x67\x2c\
\xd2\xd7\x53\x62\x44\x6b\xba\x1c\xf0\x2c\xaa\x2e\xb9\xd4\xd9\x46\
\xf6\xbe\xba\x26\xc5\xc5\xe1\x56\xf7\x02\x2c\xab\x32\x69\xa2\x89\
\x7f\x32\xa8\xb0\x38\x05\x12\xfd\x55\x6e\x7e\xbb\xa8\x39\xfa\x6e\
\x82\xd7\x3d\x21\x25\xfa\x85\x49\x78\x3c\xd4\x4b\xc0\xe6\xb0\x2e\
\x73\x89\xf2\x50\x2e\xb5\xef\xaa\x86\x70\x76\x50\x73\xb7\xb9\x54\
\x4b\x3f\x91\x48\xba\xea\xa2\x40\x09\x67\x1d\x56\x85\x99\xf2\x94\
\x8b\xf5\x3a\xf2\x55\x97\x02\x37\x50\x2f\x20\xa3\x50\xb8\x3b\x44\
\x19\x00\xea\xa9\xef\x3c\xd2\x2e\xb9\x45\x5d\x9f\x5d\xd0\x5f\x6e\
\x65\x51\x9b\x54\x9c\xf1\x74\x19\x02\x4d\x75\xba\x4e\x78\x3b\x02\
\xb1\xf3\x84\x67\x08\x2e\x0f\xbf\xff\x00\x4a\xc1\x20\xb5\x96\x26\
\x7f\x35\x21\x25\xf9\xa0\xca\xce\x2e\x9f\x79\x75\x8e\x24\x40\x93\
\xcd\x06\x50\x7f\x9a\x03\x81\x76\xe5\x52\xd7\x84\x67\xd7\x74\x1d\
\x42\x14\x3d\xea\x43\x63\xaa\x30\x7a\x8d\x91\x98\xe6\x23\xa2\x0a\
\x2c\x82\x49\xa8\x23\xde\x50\x4d\x0a\x1a\xdf\x7d\x12\x04\xd8\x20\
\xb1\x2d\x79\x28\xe7\xb2\x3b\xdf\xf3\x64\x13\xb9\x45\xcf\x54\xb3\
\x0b\xec\x8b\xa0\x90\x75\xb7\x46\x8e\x51\x4f\xf8\x20\x96\xc9\xdd\
\x45\xa7\x4d\x4a\x77\xf3\x40\x6d\xaa\x90\x75\xcd\x94\x6e\x84\x13\
\x29\x5b\xc9\x21\xed\x52\x3b\x94\x02\x2e\x7a\xa1\x08\x18\x3d\x75\
\x45\xdb\xfe\x4a\x48\xdd\x04\xb7\x08\xb5\x94\x03\xac\xeb\x72\x53\
\xd1\x03\xcd\x6e\x69\xdf\x32\x49\x20\x9a\x08\xba\x80\xdf\x75\x3b\
\xa0\x2c\x12\x2d\x05\x19\xbc\x93\xba\x00\x5c\x6c\x53\xcc\x7a\xa5\
\x74\x20\x99\x04\x9b\xa5\x95\x20\x75\xf2\x52\xb8\x1e\x68\x0d\x90\
\x0d\x8a\x11\x64\x12\x06\xe9\xa8\x23\x3e\x5d\x39\xa0\x96\x50\x99\
\xd5\x42\xfa\x21\xc4\x86\x84\x12\xf6\x2f\x1d\xfa\x41\x76\x61\x57\
\xc7\x18\x0f\xa5\xe1\x5e\x1c\x56\x99\xa5\xcc\x60\xde\x51\xfb\x2b\
\xd8\x33\xec\x54\x1e\xc1\x2b\x57\x16\x4c\x55\xcb\x1a\xb3\x9b\x16\
\x5b\x62\xb4\x5a\xaf\xca\x0e\x31\xc5\xb1\xac\x17\x10\x7d\x25\x7d\
\x15\x45\x1d\x54\x4e\x2d\x31\xc8\xc3\x71\xad\xbd\xeb\xdc\x7e\x8a\
\x9d\x84\x54\x71\x76\x2a\xee\x20\xe2\x4a\x19\x1b\x85\x42\xeb\xc5\
\x0c\xcc\xb7\x7c\xe2\x2f\xf0\x5f\x66\x62\xfc\x0d\x81\x63\x15\x2d\
\x9e\xbb\x09\xa2\xa9\x95\x9b\x3e\x58\x1a\xe3\xf1\x5b\x6a\x4a\x38\
\x69\x22\x6b\x20\x6b\x63\x63\x45\x83\x18\x2c\x00\x5d\x4c\x7c\x3a\
\xd2\x76\xf4\xf3\x75\x3c\x99\xab\xa9\x42\x18\x21\xa4\xa7\x64\x10\
\xc6\xd8\xe2\x60\xca\xd6\xb0\x58\x00\xa2\xf2\x34\xb2\xbd\xc0\x10\
\x49\xdd\x50\xfd\x2c\xbd\x0d\x44\x78\x87\x8f\xb9\x9f\x6a\x5c\x4e\
\x52\xa9\x2e\xf0\xab\x8e\xe7\xa2\xa1\xdb\x14\x42\x73\xee\xa1\x98\
\x05\x17\xba\xd6\x03\xe2\x90\xd7\x9f\xf1\x41\x68\x79\x76\xea\x6c\
\x75\xb9\x2c\x62\x72\x85\x63\x1c\x08\x41\x69\x7d\xaf\xae\xea\x61\
\xe3\x40\xb1\x8b\xc0\x36\x53\x6c\x80\xa0\xbe\xfe\x68\x0f\xb7\x35\
\x47\x78\x9b\x5d\x9b\x9f\xf1\x41\x73\x5e\x2e\xac\xef\x16\x3e\x6b\
\x2b\x45\x88\xba\x0b\x41\x05\x30\x4a\xa5\xae\x04\xa9\x17\x1b\x1d\
\x4a\x0b\x5d\x71\xb2\x57\x2a\x19\xad\xb9\xbf\xb5\x2c\xc7\x90\xba\
\x0b\x2e\x52\x50\xcc\xee\x81\x3f\x7a\x09\x13\xa6\xea\x27\x50\x39\
\xa0\x1b\xf3\x50\xf8\xa0\x67\xc2\x34\x48\xea\x84\x20\x4e\x68\xb2\
\x81\xd6\xca\x67\x65\x13\x6b\x29\xb0\x8b\x6c\x09\x0a\x0e\x24\x92\
\xa5\xed\x2a\x26\xd6\xe5\x75\x04\x5c\xab\x73\xcb\x46\xea\x6e\x3e\
\x25\x03\xea\x9f\x6a\x08\x5f\xcd\x45\xf2\x26\xed\x95\x47\x55\x60\
\x05\xc4\xea\xa2\xe7\x9e\x65\x44\xef\xba\x85\xf4\xdc\xaa\x24\xe7\
\xe5\xd9\x05\xe1\x54\x5d\xa9\x41\xd9\x4d\x09\xe7\x48\xba\xea\xb6\
\xef\xbf\xc5\x0e\x37\x23\x55\x43\x71\x51\xce\x07\xff\x00\x69\x13\
\xae\xea\xbb\xef\xaa\x0b\x4b\xee\x34\x51\x0e\x23\x75\x0b\xf9\xa3\
\x7e\x68\xbb\x3c\xdb\xa5\x98\x74\x51\x36\xba\x2c\x3c\xd4\xda\x9d\
\xf5\x43\x8d\x8a\x4a\x2e\x3e\x69\xb5\x4a\xfd\x4a\x45\xe0\x73\x51\
\x26\xc7\x75\x59\x93\x42\x0f\xc5\x36\x2e\xce\x3f\xc9\x43\x64\xd5\
\x52\x1d\xe6\x9b\x5d\x64\xd8\xbf\x39\x09\x87\x5c\x2c\x7e\xf3\x92\
\x9b\x5d\x60\xa8\xb9\xaf\xbb\x80\x53\x0e\xb0\x21\x63\xe7\x1b\xf3\
\x4c\x3e\xe1\x07\x66\x83\xe4\xa0\x1c\x4a\x60\x91\xba\x30\x96\x62\
\xa4\x0f\x55\x0c\xe3\x64\xc1\xba\x06\x49\xe4\xa4\xa0\x41\x4b\x2a\
\x0b\x10\xab\xb2\x93\x74\x40\xee\x2e\x8d\x39\x28\xe9\x74\xc1\x0d\
\xf8\xa0\x92\x2c\xa3\x7d\x34\x46\x62\x82\x40\xd9\x4b\x30\xea\xa0\
\x0d\xf6\x4d\x04\xb7\x08\x51\x69\xd0\xee\x9b\x8f\x44\x0f\x50\x54\
\x83\xae\x4a\xac\x12\xa4\xd7\x0b\x9d\xd0\x4d\x16\x4b\x37\x91\x4b\
\x38\x41\x2f\x62\x40\xb9\x4a\xc9\x1d\x10\x36\xbb\xae\x89\xe6\x1d\
\x54\x41\xb8\x48\xba\xc8\x2c\xdd\x25\x06\xbb\x36\xc8\xb2\x0b\x32\
\x91\xba\x1a\x40\x2a\x37\x3c\xd0\x6e\xeb\x10\x82\xc4\x5b\xcb\xf8\
\xa8\xdc\xa3\x5f\xf2\x10\x4f\xdd\xfc\x52\xb2\x8e\xbf\xe4\x23\x31\
\x1e\xc4\x13\x04\x02\x9e\x61\x7d\xd4\x41\xba\x39\x84\x13\x42\x59\
\xc0\xea\x9e\xe8\x25\x99\x19\x80\xdd\x44\xe8\x12\xcd\x7b\xa0\x9e\
\x61\xd5\x23\x62\x6f\x75\x06\xb8\xf3\xd5\x05\xc4\x6a\x82\x59\x8f\
\x54\x5c\xec\xa0\x1d\xe6\x99\x7d\xc6\xe8\x24\x54\x73\x5b\x6d\x92\
\x26\xd6\xba\x88\x36\x08\x03\x94\xb7\x53\xaa\x89\xd0\xa3\x35\xb4\
\xe6\x93\x9c\x0d\x8a\x08\x38\x93\xba\xaa\x43\x7b\x2b\x1c\xed\x55\
\x6e\x6e\xc8\x28\x93\x9a\xa5\xfb\xab\x9e\xd3\xaa\xa4\x9c\xc5\x06\
\x33\xf6\x25\x55\x7d\x95\xb2\xe8\x15\x0f\x70\x07\xd8\x82\x45\xd6\
\x52\xef\x2c\x16\x3d\xc3\x89\xd5\x2b\x93\xba\x0b\xf3\xdf\x98\x52\
\x63\xf5\x58\x82\x4c\xa7\x9a\xb1\xb2\x7b\x50\x65\x67\x52\x12\x6d\
\xa2\xc6\x63\xee\x54\xc1\x37\x28\x32\x73\x07\x0e\x6a\x6c\x7e\x55\
\x40\x24\xda\xc5\x58\xd2\xa4\x8b\xf3\x79\x05\x2d\xc2\xa3\x31\x04\
\x05\x63\x5d\x70\x6c\xa8\x9d\xca\x60\xf5\x51\x69\x37\xd5\x34\x13\
\xcc\xd4\x8b\x87\x25\x14\x13\x6b\x20\x10\x10\x4d\x92\x0e\xbf\x54\
\x0e\xe1\x17\x0a\x01\x07\x41\x75\x26\x42\x79\x51\x22\xe6\xe8\x76\
\xa9\x9d\x94\x09\xca\x3b\x24\x2f\x7d\x50\x5c\x08\x28\x11\xd4\xdd\
\x56\xe3\xa3\x94\xcf\x87\x45\x07\x6b\x7b\x20\x83\xb6\x54\x90\x6e\
\xae\x22\xe6\xea\xb7\x9d\xfd\x8b\x42\xae\xaa\xa7\x68\x15\xae\x16\
\x71\x0a\xa2\x0b\x87\x92\x08\x3b\x92\x86\x63\xae\xaa\xc7\x0d\x02\
\xa9\xed\xd4\x74\xba\x03\xda\x6e\xa2\x49\xba\x99\x1a\x15\x01\xa0\
\x40\x24\xfd\x82\x69\x3b\x64\x10\x37\x01\x00\x92\x54\x9c\x34\x2a\
\x1b\x5b\x55\x37\xe5\x62\x12\xf7\x22\xe0\x28\xdc\xf5\x41\xd5\x45\
\x05\xc6\xf6\x48\x91\xaa\x6a\x24\x12\x51\x51\xcd\xae\xbb\x28\x4b\
\xa8\xd1\x4c\x83\x72\xab\x73\x80\x08\x16\x7b\x04\x67\x55\xbc\xe8\
\xa2\x5f\x64\x17\x67\x47\x7b\xe6\xa8\xef\x3d\xa8\x73\xfc\xd0\x64\
\x67\xf3\x56\xb2\x4d\x16\x20\x25\x58\xd7\x10\x36\x57\x6b\xa7\x76\
\x0d\xb7\x4c\x90\xab\xbd\xf9\x23\x9e\xca\xb8\xd3\x03\x5d\x14\x94\
\x06\x9b\x68\x8c\xda\x6a\x82\x56\x4e\xd6\x51\xcc\x08\x45\xc7\x92\
\x09\x66\x29\x87\x75\xd1\x44\x10\x9a\x09\x5c\x75\x42\x81\xdb\x65\
\x26\x7a\xa1\x03\x42\x8b\x5f\x73\x64\xc3\xae\x50\x48\x1c\xa8\xb9\
\x1a\xa4\x84\x13\x1a\xf3\xb2\x14\x3d\x89\xe6\x3d\x50\x49\x17\xca\
\x52\x06\xe5\x3b\x20\x90\xd4\x26\xa1\x7b\x29\x5c\x5b\xcd\x01\x64\
\x5a\xe1\x44\xb8\x82\x42\x33\xe8\x81\x86\xdb\x65\x2b\x68\xa2\x0d\
\xf5\xba\x6e\x36\x01\x03\x63\x6c\x02\x95\xc1\x50\x6e\xad\x08\xb2\
\x09\xa6\x0d\xb4\x50\xcd\xe6\xa4\x1d\x74\x0f\x31\xe8\x8c\xc7\xa2\
\x48\x41\x3b\x79\xa0\x8d\x14\x10\x82\x60\xda\xe8\xce\x3a\xa8\xdc\
\x8d\x92\xbf\x54\x13\x2f\xf7\xa9\xdb\x9a\x80\xb6\x54\x66\x21\x04\
\xcb\x89\x08\xb9\x0a\x1d\xe2\x33\xdf\x6d\x10\x32\x48\x36\xd1\x22\
\xe2\x46\xc8\x48\xb9\x01\x6b\x73\x51\xbf\x9a\x12\x36\x1a\xa0\x65\
\xd9\x77\x4c\x3e\xea\x37\x05\x19\x82\x07\xe6\x93\xc5\xd1\x98\x25\
\x72\x50\x22\x2e\x47\x92\xa8\x9b\x9b\xab\x4e\x8a\xa3\xa1\x41\x4b\
\xce\x8a\x87\xfa\xbe\x6b\x29\xe3\xc2\x56\x3c\x82\xc3\xde\x83\x0e\
\x5f\x54\xfb\x0a\xc6\x93\x9a\xc9\x9b\xd5\x58\xd2\x20\xa6\xf6\x27\
\xd8\xa0\x5f\x63\xba\x1c\x6d\x65\x5e\xe8\x2c\xce\x13\x63\xae\x77\
\x55\x1d\x42\x93\x2c\x83\x21\xa6\xdc\xd5\x8d\x77\x9a\xc6\x16\xcc\
\x2e\xad\x07\x4d\x10\x64\x83\xae\xea\xd6\x9b\x05\x8a\xd2\x6f\xba\
\xb9\x86\xe1\x34\x32\x1a\x74\x52\x69\xb1\xf6\xaa\x58\x75\x0a\xc0\
\xe0\xb2\xb3\x0b\xb7\x28\xb7\xb5\x56\xd3\xae\x8a\x59\xed\xba\x22\
\x56\xf3\x45\xef\x6f\x25\x1c\xd7\x02\xca\x43\x65\x60\x32\xe2\x79\
\x25\xef\x49\xdb\x20\x9b\x1d\x7a\x24\x80\x9c\xbb\x04\x17\x5f\x92\
\x57\xcc\x84\x88\xd8\x49\xec\x10\x83\xb2\x4c\x08\x28\xdb\x52\xa6\
\xa0\x74\x2a\x08\x49\x7b\xa4\x35\x01\x48\xb8\x5e\xc9\x2b\x02\x16\
\xdc\x2a\xc8\xd5\x59\x7d\x4a\x81\x17\xbd\x95\x14\xb8\x5f\xc4\xab\
\x22\xc1\x5c\xe6\x9b\x15\x53\x86\x9e\x68\x29\x23\x41\xaa\x8b\xf9\
\x2b\x1c\x2c\x15\x4f\xe4\x8d\x68\x88\xdd\x44\x05\x20\x6e\x0a\x89\
\x06\xe8\x68\x5b\xcd\x22\x13\xf6\xa4\xe2\x86\x91\xe4\x54\x54\xad\
\xa2\x32\x8b\x59\x66\x55\x14\x27\x90\x24\xac\x40\x2e\x8e\x57\x4a\
\xc8\x23\xc2\x3c\xd3\x42\x2a\xb7\x78\x5a\x55\xb9\x74\xf6\x2a\xde\
\x2e\x14\x14\xc8\x2e\x49\xea\xaa\x7e\xc4\x2b\xcb\x2e\xab\x7b\x11\
\x61\x56\xea\x06\xf7\xdd\x4c\x82\x36\x50\xb5\xc9\x46\xe2\x13\x0e\
\xb7\x35\x63\x65\x54\x5e\xc8\xbd\x90\xf4\xf4\x12\x6f\xca\xc9\xb7\
\x6d\xd4\x6e\x11\x70\x16\x9c\x0b\x5a\x40\x1a\xea\x91\xb1\x3b\x59\
\x43\x31\x3b\x6a\x8c\xc7\xc9\x04\x93\xcd\xaa\x86\x63\xd1\x31\x62\
\x82\x64\xd8\x5d\x3c\xfa\x85\x58\xbe\xa9\x93\x64\x12\xef\x39\x29\
\x34\x93\x7d\x54\x06\xfa\xa9\x1e\x76\x41\x20\x00\xe4\x84\xae\x52\
\x2e\x28\x26\x0d\xbc\xd3\xcd\xe4\xa0\xd7\x75\x4e\xf7\x40\xf3\x79\
\x29\x28\x25\x99\xc8\x2c\x45\xed\xcd\x41\x84\x97\x00\x54\xca\x03\
\x3f\x9a\x90\x3a\x28\xd9\x30\xfb\x6e\x82\x49\x65\x1d\x13\xd9\x17\
\x08\x06\x90\xdb\xe9\xa2\x1c\xe1\x6d\x90\x91\x21\x00\xd2\x4e\xfa\
\x05\x35\x14\x59\x04\xae\x9f\xf0\x50\x1b\x85\x24\x0f\xde\x53\x6e\
\xa3\x74\x89\xb6\xea\x39\xb9\x04\x13\x2e\xba\x5e\xf2\xa2\xd7\x12\
\xa4\x81\x7b\xca\x99\xd5\x47\x92\x1b\xb9\x41\x32\xf5\x2b\xdd\x56\
\xde\x89\xa0\x9e\x51\xd1\x16\xb7\x2b\x28\x66\x70\x45\xc9\xdd\x00\
\xeb\x93\xba\x2c\x9e\xe5\x45\xc7\x4f\x34\x03\xb5\xd8\xa5\xfc\x50\
\x84\x02\x10\x84\x02\x10\x84\x09\x56\x06\x87\xaa\xb0\xec\x54\x00\
\xd5\x05\x6f\x37\x69\x58\xd2\xed\xef\x59\x52\x05\x8e\xf0\x08\x1f\
\x14\x18\x72\x01\xb1\x0b\x12\x5e\x6b\x32\x51\xe1\xd3\x92\xc2\x90\
\xdf\x4e\x65\x06\x2b\xf7\xb2\xac\xef\xba\x9c\x9e\xb6\xaa\x07\x53\
\xa2\x05\xef\x28\xdb\x62\x82\x6c\x95\xef\x74\x17\x03\x7b\x6a\xad\
\x69\xb0\xd5\x63\xb4\xe9\xba\xb6\xfb\x5b\x54\x69\x78\x77\x87\x4d\
\xd5\xa0\x92\x79\xac\x66\x3e\xda\x15\x7b\x5f\xb2\x23\x21\x9a\xf3\
\xdb\xcd\x58\x2c\x16\x33\x48\x1b\x6b\x75\x6b\x09\x16\xbe\xcb\x2b\
\x2b\x83\xaf\x7b\x68\xa7\xa5\x85\xc2\xab\x96\x8a\x57\xb5\x91\x95\
\x96\xb2\x41\xda\x9b\xdc\xa6\x0a\x11\x61\x2c\xc0\xe9\x65\x17\xea\
\xef\x20\x10\x50\x11\x00\xd1\x09\x6b\x74\xd5\x89\x08\x0d\x12\xda\
\xea\x5b\x59\x44\x9b\x9d\x14\x00\xdd\x57\x72\x5c\x15\x9b\x2a\xc2\
\x08\xb8\x0c\xdb\x24\x74\x09\xb9\xde\x2b\x00\xa1\x62\x15\x00\x48\
\xe9\xb2\x0b\xb5\x51\xe6\xa0\x8c\x9e\xae\x8a\xb7\xda\xe0\xab\x9c\
\x2e\x15\x45\xb7\x08\x29\x90\x6e\xaa\x7d\x83\xb6\xd1\x64\x39\x8a\
\xb7\x36\xe7\x55\xa5\x85\x2e\x1a\xe8\x90\xbf\x35\x69\x6d\xd5\x64\
\x10\xe4\x69\x17\x6e\xa2\xe5\x65\x94\x5c\x02\x0a\xca\x0d\xc7\x9a\
\x91\x20\x26\x75\xb2\x92\x22\xa1\xcc\xea\xa7\x7f\x11\x4a\xca\x08\
\x5c\x22\xe1\x4b\x26\xb7\x4e\xc8\x23\x7b\xa8\x96\x85\x66\x8a\x2e\
\x1a\xa0\xa8\xb0\x86\xaa\xde\x37\x57\xbf\xd5\x55\xb8\x6f\xe6\x83\
\x1c\xb2\xd7\x55\xb8\x0b\xab\xdd\xad\xd5\x0e\x16\x21\x1b\x89\x57\
\xcc\x85\x17\x1d\x6d\x7d\x14\xed\xa9\x51\x20\x12\x49\x28\x3b\xf4\
\x28\xe6\xf2\x4c\x1b\xf2\x57\x6e\xb1\xdd\x01\xd6\xea\x84\xb5\x4d\
\xae\xd2\xcf\xe4\x50\x34\xf6\xa8\xea\x90\x04\x1d\xd5\x69\x6d\xcd\
\xd3\xcf\xe4\x55\x77\xf3\x52\x17\x28\x26\x0d\xd0\x2e\x09\x55\xd8\
\xa9\x83\xa2\x09\xb5\xc1\xc9\x8d\x79\xaa\x9a\x6f\x7b\x27\x62\x10\
\x58\x96\x6b\x2a\xc5\xc9\x52\xe4\x82\xc0\xeb\xa6\x1d\x75\x04\xdb\
\xe1\xb2\x09\xec\x6e\x9e\x71\xe6\xa0\x1d\xaa\x2f\x60\x75\x41\x60\
\x37\x47\x25\x5d\x89\x4c\x68\x10\x4f\x54\x6a\x96\x6b\x04\x07\x5c\
\xa0\x7a\xa3\x54\x21\x04\x81\xb9\xb2\x6a\x1b\x14\xf3\xa0\x64\x5c\
\x6e\x86\xdc\x73\x4c\x8b\x59\x08\x0b\xdc\xea\x84\x21\x00\xc7\x82\
\x0e\x89\xb8\xf8\x6c\xa0\x5b\xa6\x89\x96\xdc\x00\x82\x60\xec\x98\
\x36\x0a\x00\xdb\xcd\x30\xe0\x7c\x90\x4b\x35\x89\x3c\x93\xce\x3a\
\x15\x1b\xa6\x82\x40\xdc\x21\x44\x12\x06\xd7\x41\x37\xf2\x40\xcb\
\xac\xa2\x77\xba\x68\x40\x24\x4d\x93\x51\x71\x1a\x20\x33\x04\x67\
\x1d\x0a\x57\xd5\x17\x40\x17\x5b\x55\x26\xf8\x85\xd4\x1c\x2e\x13\
\x06\xc8\x24\x46\x9e\x6a\x2e\xf0\xda\xe8\x2e\xb2\x4e\x3a\x14\x11\
\x7e\xa5\x63\xbc\x66\x02\xca\xf2\x2c\x09\xdf\x45\x53\xb4\x41\x89\
\x20\x2d\x0b\x06\x51\xe2\x5b\x09\x85\xca\xc5\x94\x6a\x4a\x2e\x9a\
\xf9\x45\xce\xaa\x83\xe1\x25\x66\x4a\xdd\x76\x58\xf2\x35\x0d\x2a\
\x70\xcc\x10\xd0\x46\xea\x59\x6e\x12\xd9\x16\x02\xb5\xae\xb1\x55\
\x2b\x06\xc5\x09\x59\x75\x6d\x89\xb5\x95\x36\x36\x56\x58\xd9\x36\
\x9a\x5e\xcd\x00\x53\x0e\x39\x42\xa5\xaf\xf0\x8d\x36\x56\x34\xdd\
\xab\x2a\xb9\x8e\xb0\x52\x63\x83\x95\x6d\x3a\x05\x36\xe8\x8c\xac\
\x04\x9d\x95\x8d\x37\xd1\x52\x1e\x41\xd9\x4c\x3b\xcb\x74\x13\x26\
\xc2\xe8\xcc\x14\x2f\x60\x75\x41\x36\x01\x16\x16\x6e\x85\x10\xed\
\x11\x9b\xc9\x11\x22\x09\xba\x80\x4e\xe9\x20\x14\x7a\xa7\x9f\xde\
\xa2\x5d\x6e\x48\x13\x80\x06\xea\x3c\x93\x3e\x22\x96\x60\x05\x91\
\x61\x1d\x2d\xa2\x89\x06\xe9\x97\x58\xa8\x1b\x83\x7d\xd0\x05\xd6\
\xe4\x52\x3a\x9b\xf2\x47\xb9\x22\x2e\x88\x83\x9d\x61\xef\x51\x23\
\x9f\x45\x27\x36\xe1\x43\x91\x55\x61\x03\xba\x8b\x85\xc8\x4f\x99\
\x48\x9b\x2d\x34\x81\x16\x3a\xa5\x6d\x2f\xc9\x37\x7a\xd7\x55\x9b\
\xa8\x81\xcd\x07\x54\x25\x62\x98\xba\x1b\x21\x60\x4a\x47\x74\x73\
\x28\x45\x24\xce\x9a\xe8\xab\x20\xdd\x3e\x6b\x21\xdf\x5b\xa3\x30\
\xe8\x52\x46\xa8\x22\x41\x27\xc9\x41\xfb\x1f\x6a\xb0\x9b\x28\x3b\
\x6f\x7a\x0a\x08\x26\xea\xa7\x6c\x56\x53\xb6\xb2\xa1\xcd\xca\x6d\
\xd5\x06\x3b\x8f\x92\xa5\xef\xd4\x8e\x6b\x25\xc3\x43\xed\x54\xc8\
\xdd\x6f\x64\x5d\xbb\xd4\xc1\xb2\x10\x8e\x01\x9c\x20\x9b\x01\x64\
\x21\x02\x2e\x3d\x54\xd0\x85\x60\x16\xd6\xca\x48\x42\xa0\x09\xa1\
\x08\x15\xcb\x45\xc2\x61\xd7\x1a\xee\x84\x23\x66\xdf\xe2\x9a\x10\
\x81\xe6\x46\x60\x48\xb2\x10\x82\x49\x72\x28\x42\x07\x9a\xc3\x54\
\xc1\x07\x92\x10\x81\xda\xe2\xc9\xa1\x08\x11\x39\x45\xd4\xd0\x84\
\x02\x37\x08\x42\x00\x92\x40\x4f\x31\x08\x42\x06\x0d\xd3\x42\x10\
\x08\x42\x10\x08\x22\xe8\x42\x02\xe4\x6c\x9e\x60\x02\x10\x81\x67\
\x05\x48\x5b\x92\x10\x81\xa1\x08\x40\x28\x9b\x7b\xd0\x84\x09\x08\
\x42\x01\x08\x42\x01\x22\x2e\x10\x84\x10\x7e\x84\x00\xaa\xdc\x04\
\x21\x06\x3b\xda\x56\x3b\xc5\x88\x42\x11\xb6\x34\x8d\x37\x2b\x1d\
\xcd\xd3\x54\x21\x05\x4f\x16\x25\x44\x8b\xea\x84\x20\x88\x06\xea\
\x63\x44\x21\x04\xee\x76\x53\x04\xa1\x0b\x22\x6d\x27\x35\xb9\x2b\
\x41\xdd\x08\x56\x44\x99\xea\xdd\x5a\xd3\xa2\x10\xa0\x90\x37\x52\
\x69\xba\x10\x8c\xc9\x90\x35\x47\x21\x7d\x90\x84\x58\x4a\xfb\x59\
\x0e\x36\x08\x42\x32\x33\x78\x77\xe4\xa3\x98\x90\x10\x84\x05\xac\
\x52\x73\x4e\xe8\x42\x2c\x20\x4b\x86\xc9\x11\xaa\x10\x8d\x02\xd0\
\x54\x0b\x41\x16\x42\x10\x2c\x80\x24\x84\x20\x83\x80\xba\x89\x00\
\x1d\x10\x84\x15\xbc\x5d\x43\x2a\x10\xb4\x20\xf6\x95\x02\x2c\x02\
\x10\x8c\xc9\x27\xb2\x10\x88\x81\x16\x28\x42\x11\x61\x04\x21\x0b\
\x2d\x03\x6e\x6a\x24\x81\xb0\x42\x10\x2b\xf2\x51\x75\xee\x84\x20\
\x44\x5c\x79\xaa\x9c\xd2\x5c\x84\x20\xad\xcc\xdd\x56\xe6\x92\x10\
\x84\x1f\xff\xd9\
"

qt_resource_name = b"\
\x00\x02\
\x00\x00\x06\x87\
\x00\x62\
\x00\x67\
\x00\x04\
\x00\x06\xfa\x5e\
\x00\x69\
\x00\x63\x00\x6f\x00\x6e\
\x00\x0b\
\x0f\x42\x24\x03\
\x00\x6d\
\x00\x79\x00\x5f\x00\x70\x00\x69\x00\x63\x00\x74\x00\x75\x00\x72\x00\x65\x00\x73\
\x00\x09\
\x09\xb5\x18\x9e\
\x00\x70\
\x00\x6f\x00\x73\x00\x65\x00\x5f\x00\x69\x00\x63\x00\x6f\x00\x6e\
\x00\x15\
\x09\xe5\xc5\x07\
\x00\x70\
\x00\x69\x00\x6e\x00\x63\x00\x68\x00\x4c\x00\x69\x00\x74\x00\x74\x00\x6c\x00\x65\x00\x66\x00\x69\x00\x6e\x00\x67\x00\x65\x00\x72\
\x00\x2e\x00\x4a\x00\x50\x00\x47\
\x00\x08\
\x06\xc5\x22\xe7\
\x00\x66\
\x00\x6f\x00\x75\x00\x72\x00\x2e\x00\x4a\x00\x50\x00\x47\
\x00\x0d\
\x0c\x9f\xa5\x47\
\x00\x6f\
\x00\x70\x00\x65\x00\x6e\x00\x5f\x00\x68\x00\x61\x00\x6e\x00\x64\x00\x2e\x00\x4a\x00\x50\x00\x47\
\x00\x13\
\x0c\xc0\xdf\x27\
\x00\x70\
\x00\x69\x00\x6e\x00\x63\x00\x68\x00\x46\x00\x6f\x00\x72\x00\x65\x00\x66\x00\x69\x00\x6e\x00\x67\x00\x65\x00\x72\x00\x2e\x00\x4a\
\x00\x50\x00\x47\
\x00\x07\
\x06\x48\x2f\xa7\
\x00\x6f\
\x00\x6e\x00\x65\x00\x2e\x00\x4a\x00\x50\x00\x47\
\x00\x0c\
\x09\x42\x5e\x27\
\x00\x6f\
\x00\x75\x00\x74\x00\x72\x00\x65\x00\x61\x00\x63\x00\x68\x00\x2e\x00\x4a\x00\x50\x00\x47\
\x00\x09\
\x0c\xc1\xdc\xc7\
\x00\x73\
\x00\x65\x00\x76\x00\x65\x00\x6e\x00\x2e\x00\x4a\x00\x50\x00\x47\
\x00\x15\
\x09\xe5\xf1\x47\
\x00\x70\
\x00\x69\x00\x6e\x00\x63\x00\x68\x00\x4d\x00\x69\x00\x64\x00\x64\x00\x6c\x00\x65\x00\x66\x00\x69\x00\x6e\x00\x67\x00\x65\x00\x72\
\x00\x2e\x00\x4a\x00\x50\x00\x47\
\x00\x10\
\x0f\x07\x60\x67\
\x00\x69\
\x00\x6e\x00\x74\x00\x72\x00\x6f\x00\x66\x00\x6c\x00\x65\x00\x78\x00\x69\x00\x6f\x00\x6e\x00\x2e\x00\x4a\x00\x50\x00\x47\
\x00\x08\
\x00\xc8\x22\xe7\
\x00\x66\
\x00\x69\x00\x76\x00\x65\x00\x2e\x00\x4a\x00\x50\x00\x47\
\x00\x09\
\x08\xb8\xda\xa7\
\x00\x74\
\x00\x68\x00\x72\x00\x65\x00\x65\x00\x2e\x00\x4a\x00\x50\x00\x47\
\x00\x13\
\x09\x4c\xc2\x47\
\x00\x70\
\x00\x69\x00\x6e\x00\x63\x00\x68\x00\x52\x00\x69\x00\x6e\x00\x67\x00\x66\x00\x69\x00\x6e\x00\x67\x00\x65\x00\x72\x00\x2e\x00\x4a\
\x00\x50\x00\x47\
\x00\x09\
\x0d\xf7\xf8\xa7\
\x00\x65\
\x00\x69\x00\x67\x00\x68\x00\x74\x00\x2e\x00\x4a\x00\x50\x00\x47\
\x00\x07\
\x0b\xe2\x2f\xa7\
\x00\x74\
\x00\x77\x00\x6f\x00\x2e\x00\x4a\x00\x50\x00\x47\
\x00\x08\
\x00\x48\x21\xe7\
\x00\x6e\
\x00\x69\x00\x6e\x00\x65\x00\x2e\x00\x4a\x00\x50\x00\x47\
\x00\x07\
\x0a\x0b\x2f\xa7\
\x00\x73\
\x00\x69\x00\x78\x00\x2e\x00\x4a\x00\x50\x00\x47\
\x00\x08\
\x0c\xa7\x20\x47\
\x00\x72\
\x00\x65\x00\x73\x00\x74\x00\x2e\x00\x4a\x00\x50\x00\x47\
\x00\x08\
\x06\xc8\x21\x27\
\x00\x6c\
\x00\x6f\x00\x76\x00\x65\x00\x2e\x00\x4a\x00\x50\x00\x47\
\x00\x06\
\x05\x3e\x2f\x47\
\x00\x4f\
\x00\x4b\x00\x2e\x00\x4a\x00\x50\x00\x47\
\x00\x08\
\x00\xa7\x22\xe7\
\x00\x66\
\x00\x69\x00\x73\x00\x74\x00\x2e\x00\x4a\x00\x50\x00\x47\
\x00\x0a\
\x01\xe4\x67\x04\
\x00\x62\
\x00\x61\x00\x63\x00\x6b\x00\x67\x00\x72\x00\x6f\x00\x75\x00\x6e\x00\x64\
\x00\x0f\
\x00\x49\x9a\x57\
\x00\x62\
\x00\x61\x00\x63\x00\x6b\x00\x67\x00\x72\x00\x6f\x00\x75\x00\x6e\x00\x64\x00\x2e\x00\x6a\x00\x70\x00\x65\x00\x67\
\x00\x15\
\x0d\x34\xa3\x27\
\x00\x6d\
\x00\x6f\x00\x64\x00\x65\x00\x6c\x00\x5f\x00\x61\x00\x70\x00\x70\x00\x6c\x00\x69\x00\x63\x00\x61\x00\x74\x00\x69\x00\x6f\x00\x6e\
\x00\x2e\x00\x6a\x00\x70\x00\x67\
\x00\x08\
\x08\x47\x5c\xa7\
\x00\x68\
\x00\x61\x00\x6e\x00\x64\x00\x2e\x00\x6a\x00\x70\x00\x67\
\x00\x13\
\x0a\x2d\xf1\xe7\
\x00\x64\
\x00\x61\x00\x74\x00\x61\x00\x5f\x00\x63\x00\x6f\x00\x6c\x00\x6c\x00\x65\x00\x63\x00\x74\x00\x69\x00\x6f\x00\x6e\x00\x2e\x00\x6a\
\x00\x70\x00\x67\
"

qt_resource_struct_v1 = b"\
\x00\x00\x00\x00\x00\x02\x00\x00\x00\x02\x00\x00\x00\x01\
\x00\x00\x00\x00\x00\x02\x00\x00\x00\x01\x00\x00\x00\x19\
\x00\x00\x00\x0a\x00\x02\x00\x00\x00\x01\x00\x00\x00\x03\
\x00\x00\x00\x18\x00\x02\x00\x00\x00\x01\x00\x00\x00\x04\
\x00\x00\x00\x34\x00\x02\x00\x00\x00\x14\x00\x00\x00\x05\
\x00\x00\x02\x04\x00\x00\x00\x00\x00\x01\x00\x00\x56\x3a\
\x00\x00\x02\x6c\x00\x00\x00\x00\x00\x01\x00\x00\x75\x61\
\x00\x00\x01\x7e\x00\x00\x00\x00\x00\x01\x00\x00\x37\xff\
\x00\x00\x02\x5a\x00\x00\x00\x00\x00\x01\x00\x00\x6f\x43\
\x00\x00\x00\xde\x00\x00\x00\x00\x00\x01\x00\x00\x18\xf2\
\x00\x00\x00\x7c\x00\x00\x00\x00\x00\x01\x00\x00\x05\xce\
\x00\x00\x02\x44\x00\x00\x00\x00\x00\x01\x00\x00\x69\x22\
\x00\x00\x01\x94\x00\x00\x00\x00\x00\x01\x00\x00\x3e\x3e\
\x00\x00\x00\xf2\x00\x00\x00\x00\x00\x01\x00\x00\x1e\x1e\
\x00\x00\x01\xac\x00\x00\x00\x00\x00\x01\x00\x00\x43\xf0\
\x00\x00\x00\x4c\x00\x00\x00\x00\x00\x01\x00\x00\x00\x00\
\x00\x00\x01\x28\x00\x00\x00\x00\x00\x01\x00\x00\x2a\xb0\
\x00\x00\x02\x1a\x00\x00\x00\x00\x00\x01\x00\x00\x5c\xd0\
\x00\x00\x01\xf0\x00\x00\x00\x00\x00\x01\x00\x00\x50\xa6\
\x00\x00\x00\x92\x00\x00\x00\x00\x00\x01\x00\x00\x0c\x76\
\x00\x00\x02\x2e\x00\x00\x00\x00\x00\x01\x00\x00\x62\xf0\
\x00\x00\x00\xb2\x00\x00\x00\x00\x00\x01\x00\x00\x12\xf1\
\x00\x00\x01\x10\x00\x00\x00\x00\x00\x01\x00\x00\x25\x1f\
\x00\x00\x01\xd8\x00\x00\x00\x00\x00\x01\x00\x00\x4a\x8e\
\x00\x00\x01\x58\x00\x00\x00\x00\x00\x01\x00\x00\x31\x0e\
\x00\x00\x00\x18\x00\x02\x00\x00\x00\x01\x00\x00\x00\x1a\
\x00\x00\x02\x82\x00\x02\x00\x00\x00\x04\x00\x00\x00\x1b\
\x00\x00\x02\x9c\x00\x00\x00\x00\x00\x01\x00\x00\x7a\xdc\
\x00\x00\x02\xf0\x00\x00\x00\x00\x00\x01\x00\x01\x88\xee\
\x00\x00\x03\x06\x00\x00\x00\x00\x00\x01\x00\x01\xa1\x58\
\x00\x00\x02\xc0\x00\x00\x00\x00\x00\x01\x00\x00\xfc\x06\
"

qt_resource_struct_v2 = b"\
\x00\x00\x00\x00\x00\x02\x00\x00\x00\x02\x00\x00\x00\x01\
\x00\x00\x00\x00\x00\x00\x00\x00\
\x00\x00\x00\x00\x00\x02\x00\x00\x00\x01\x00\x00\x00\x19\
\x00\x00\x00\x00\x00\x00\x00\x00\
\x00\x00\x00\x0a\x00\x02\x00\x00\x00\x01\x00\x00\x00\x03\
\x00\x00\x00\x00\x00\x00\x00\x00\
\x00\x00\x00\x18\x00\x02\x00\x00\x00\x01\x00\x00\x00\x04\
\x00\x00\x00\x00\x00\x00\x00\x00\
\x00\x00\x00\x34\x00\x02\x00\x00\x00\x14\x00\x00\x00\x05\
\x00\x00\x00\x00\x00\x00\x00\x00\
\x00\x00\x02\x04\x00\x00\x00\x00\x00\x01\x00\x00\x56\x3a\
\x00\x00\x01\x80\x43\x14\xbc\x10\
\x00\x00\x02\x6c\x00\x00\x00\x00\x00\x01\x00\x00\x75\x61\
\x00\x00\x01\x80\x43\x14\xb4\x40\
\x00\x00\x01\x7e\x00\x00\x00\x00\x00\x01\x00\x00\x37\xff\
\x00\x00\x01\x80\x43\x14\xb4\x40\
\x00\x00\x02\x5a\x00\x00\x00\x00\x00\x01\x00\x00\x6f\x43\
\x00\x00\x01\x80\x43\x14\xbc\x10\
\x00\x00\x00\xde\x00\x00\x00\x00\x00\x01\x00\x00\x18\xf2\
\x00\x00\x01\x80\x43\x14\xbc\x10\
\x00\x00\x00\x7c\x00\x00\x00\x00\x00\x01\x00\x00\x05\xce\
\x00\x00\x01\x80\x43\x14\xb4\x40\
\x00\x00\x02\x44\x00\x00\x00\x00\x00\x01\x00\x00\x69\x22\
\x00\x00\x01\x80\x43\x14\xbc\x10\
\x00\x00\x01\x94\x00\x00\x00\x00\x00\x01\x00\x00\x3e\x3e\
\x00\x00\x01\x80\x43\x14\xbc\x10\
\x00\x00\x00\xf2\x00\x00\x00\x00\x00\x01\x00\x00\x1e\x1e\
\x00\x00\x01\x80\x43\x14\xbc\x10\
\x00\x00\x01\xac\x00\x00\x00\x00\x00\x01\x00\x00\x43\xf0\
\x00\x00\x01\x80\x43\x14\xbc\x10\
\x00\x00\x00\x4c\x00\x00\x00\x00\x00\x01\x00\x00\x00\x00\
\x00\x00\x01\x80\x43\x14\xbc\x10\
\x00\x00\x01\x28\x00\x00\x00\x00\x00\x01\x00\x00\x2a\xb0\
\x00\x00\x01\x80\x43\x14\xbc\x10\
\x00\x00\x02\x1a\x00\x00\x00\x00\x00\x01\x00\x00\x5c\xd0\
\x00\x00\x01\x80\x43\x14\xbc\x10\
\x00\x00\x01\xf0\x00\x00\x00\x00\x00\x01\x00\x00\x50\xa6\
\x00\x00\x01\x80\x43\x14\xbc\x10\
\x00\x00\x00\x92\x00\x00\x00\x00\x00\x01\x00\x00\x0c\x76\
\x00\x00\x01\x80\x43\x14\xbc\x10\
\x00\x00\x02\x2e\x00\x00\x00\x00\x00\x01\x00\x00\x62\xf0\
\x00\x00\x01\x80\x43\x14\xbc\x10\
\x00\x00\x00\xb2\x00\x00\x00\x00\x00\x01\x00\x00\x12\xf1\
\x00\x00\x01\x80\x43\x14\xbc\x10\
\x00\x00\x01\x10\x00\x00\x00\x00\x00\x01\x00\x00\x25\x1f\
\x00\x00\x01\x80\x43\x14\xbc\x10\
\x00\x00\x01\xd8\x00\x00\x00\x00\x00\x01\x00\x00\x4a\x8e\
\x00\x00\x01\x80\x43\x14\xb4\x40\
\x00\x00\x01\x58\x00\x00\x00\x00\x00\x01\x00\x00\x31\x0e\
\x00\x00\x01\x80\x43\x14\xbc\x10\
\x00\x00\x00\x18\x00\x02\x00\x00\x00\x01\x00\x00\x00\x1a\
\x00\x00\x00\x00\x00\x00\x00\x00\
\x00\x00\x02\x82\x00\x02\x00\x00\x00\x04\x00\x00\x00\x1b\
\x00\x00\x00\x00\x00\x00\x00\x00\
\x00\x00\x02\x9c\x00\x00\x00\x00\x00\x01\x00\x00\x7a\xdc\
\x00\x00\x01\x80\x43\x14\xac\x70\
\x00\x00\x02\xf0\x00\x00\x00\x00\x00\x01\x00\x01\x88\xee\
\x00\x00\x01\x80\x43\x14\xac\x70\
\x00\x00\x03\x06\x00\x00\x00\x00\x00\x01\x00\x01\xa1\x58\
\x00\x00\x01\x80\x43\x14\xac\x70\
\x00\x00\x02\xc0\x00\x00\x00\x00\x00\x01\x00\x00\xfc\x06\
\x00\x00\x01\x80\x43\x14\xac\x70\
"

qt_version = [int(v) for v in QtCore.qVersion().split('.')]
if qt_version < [5, 8, 0]:
    rcc_version = 1
    qt_resource_struct = qt_resource_struct_v1
else:
    rcc_version = 2
    qt_resource_struct = qt_resource_struct_v2

def qInitResources():
    QtCore.qRegisterResourceData(rcc_version, qt_resource_struct, qt_resource_name, qt_resource_data)

def qCleanupResources():
    QtCore.qUnregisterResourceData(rcc_version, qt_resource_struct, qt_resource_name, qt_resource_data)

qInitResources()
