host_wall_timestamp_ns,host_monotonic_ns,host_receive_index,sample_index,session_sample_index,generation,connection_generation,device_packet_sequence,device_sample_counter,device_time_ticks,sample_in_packet,action_label,action_phase,sample_rate_hz,device_id,session_id,quality_flags,sample_rate_source_kind,sample_rate_evidence_ref,sample_rate_confirmed,channel_1,channel_2,channel_3,channel_4,channel_5,channel_6,channel_7,channel_8
1700000000000000000,10000000000,1,0,0,0,0,,,,0,open_hand,hold,200.0,dev-0123456789abcdef0123456789abcdef,synthetic-3-open_hand,29,protocol,synthetic-demo-contract-v1,True,0.022994989589808005,0.0585698643295532,0.0941447390692984,0.12971961380904362,0.1652944885487888,0.20086936328853403,0.2364442380282792,0.27201911276802443
1700000000005000000,10005000000,2,1,1,0,0,,,,0,open_hand,hold,200.0,dev-0123456789abcdef0123456789abcdef,synthetic-3-open_hand,29,protocol,synthetic-demo-contract-v1,True,0.2542783166917882,0.29542271171256446,0.33660615564865837,0.3778170285148737,0.41904789856834085,0.46029379348010185,0.5015512616863593,0.5428178327711929
1700000000010000000,10010000000,3,2,2,0,0,,,,0,open_hand,hold,200.0,dev-0123456789abcdef0123456789abcdef,synthetic-3-open_hand,29,protocol,synthetic-demo-contract-v1,True,0.48543162892709146,0.5321525700085613,0.578947837860724,0.6257958837442602,0.6726827012788348,0.7195988117835371,0.7665375803014653,0.8134942277748192
1700000000015000000,10015000000,4,3,3,0,0,,,,0,open_hand,hold,200.0,dev-0123456789abcdef0123456789abcdef,synthetic-3-open_hand,29,protocol,synthetic-demo-contract-v1,True,0.7163965091511157,0.7687095356570753,0.8211247770992062,0.8736140519628876,0.9261584587366599,0.9787449290188787,1.0313641734929866,1.0840094242929246
1700000000020000000,10020000000,5,4,4,0,0,,,,0,open_hand,hold,200.0,dev-0123456789abcdef0123456789abcdef,synthetic-3-open_hand,29,protocol,synthetic-demo-contract-v1,True,0.9471161128708615,1.005044720391747,1.0630927229094205,1.1212300369656552,1.179435299389686,1.2376931890473941,1.2959925376804093,1.3543250591375182
1700000000025000000,10025000000,6,5,5,0,0,,,,0,open_hand,hold,200.0,dev-0123456789abcdef0123456789abcdef,synthetic-3-open_hand,29,protocol,synthetic-demo-contract-v1,True,1.1775358143259345,1.2411106339674076,1.3048084409795755,1.3686031683917526,1.4324740785691001,1.4964053104090294,1.5603848171376977,1.6244034046224791
1700000000030000000,10030000000,7,6,6,0,0,,,,0,open_hand,hold,200.0,dev-0123456789abcdef0123456789abcdef,synthetic-3-open_hand,29,protocol,synthetic-demo-contract-v1,True,1.4076038159082211,1.4768615514134058,1.546229963400289,1.6156937916599605,1.6852365357940158,1.7548438254248901,1.8245039328287,1.8942074917016165
1700000000035000000,10035000000,8,7,7,0,0,,,,0,open_hand,hold,200.0,dev-0123456789abcdef0123456789abcdef,synthetic-3-open_hand,29,protocol,synthetic-demo-contract-v1,True,1.6372717100521983,1.7122538602315824,1.7873168289757928,1.862463452091805,1.9376854481000145,2.012972216188504,2.0883137085538506,2.1637012306258825
1700000000040000000,10040000000,9,8,8,0,0,,,,0,open_hand,hold,200.0,dev-0123456789abcdef0123456789abcdef,synthetic-3-open_hand,29,protocol,synthetic-demo-contract-v1,True,1.8664949836651552,1.9472463832472162,2.028030311475538,2.10887507203492,2.189784778625382,2.270755046883409,2.3517789939484715,2.4328495287130876
1700000000045000000,10045000000,10,9,9,0,0,,,,0,open_hand,hold,200.0,dev-0123456789abcdef0123456789abcdef,synthetic-3-open_hand,29,protocol,synthetic-demo-contract-v1,True,2.0952334563015866,2.1818006731747084,2.2683336338435947,2.354893119853588,2.4414998197162125,2.5281580918811426,2.614865783884884,2.701618404833296
1700000000050000000,10050000000,11,10,10,0,0,,,,0,open_hand,hold,200.0,dev-0123456789abcdef0123456789abcdef,synthetic-3-open_hand,29,protocol,synthetic-demo-contract-v1,True,2.3234516445956377,2.4158812753712704,2.508192166533812,2.600483769717389,2.692797329843551,2.7851484590928663,2.877541333844184,2.9699751002242873
1700000000055000000,10055000000,12,11,11,0,0,,,,0,open_hand,hold,200.0,dev-0123456789abcdef0123456789abcdef,synthetic-3-open_hand,29,protocol,synthetic-demo-contract-v1,True,2.5511190469231924,2.6494559557151365,2.7475736083093683,2.8456150511916123,2.943645663662124,3.04169470806958,3.1397742708389655,3.237888185264034
1700000000060000000,10060000000,13,12,12,0,0,,,,0,open_hand,hold,200.0,dev-0123456789abcdef0123456789abcdef,synthetic-3-open_hand,29,protocol,synthetic-demo-contract-v1,True,2.778210343841435,2.8824958910526983,2.986448148034112,3.090256987713972,3.1940148945807154,3.2977669623700203,3.4015346994853313,3.5053276618410507
1700000000065000000,10065000000,14,13,13,0,0,,,,0,open_hand,hold,200.0,dev-0123456789abcdef0123456789abcdef,synthetic-3-open_hand,29,protocol,synthetic-demo-contract-v1,True,3.0047055115165158,3.114975820203606,3.2247886061876483,3.334381723130341,3.4438769292585727,3.5533370157417474,3.6627943028411902,3.77226506097858
1700000000070000000,10070000000,15,14,14,0,0,,,,0,open_hand,hold,200.0,dev-0123456789abcdef0123456789abcdef,synthetic-3-open_hand,29,protocol,synthetic-demo-contract-v1,True,3.230589847065605,3.346874154086021,3.462570555054157,3.577963635557034,3.693205613490099,3.808378431689554,3.9235264376480288,4.038673535384963
1700000000075000000,10075000000,16,15,15,0,0,,,,0,open_hand,hold,200.0,dev-0123456789abcdef0123456789abcdef,synthetic-3-open_hand,29,protocol,synthetic-demo-contract-v1,True,3.455853906473346,3.5781730441168755,3.6997724167636807,3.8209794379375883,3.941976828991144,4.062866636035873,4.183706223634949,4.304527946620035
1700000000080000000,10080000000,17,16,16,0,0,,,,0,open_hand,hold,200.0,dev-0123456789abcdef0123456789abcdef,synthetic-3-open_hand,29,protocol,synthetic-demo-contract-v1,True,3.6804933574593677,3.808858408645234,3.9363755386015624,4.063408264767245,4.19016858065406,4.316779002110316,4.443310626566683,4.569804946585947
1700000000085000000,10085000000,18,17,17,0,0,,,,0,open_hand,hold,200.0,dev-0123456789abcdef0123456789abcdef,synthetic-3-open_hand,29,protocol,synthetic-demo-contract-v1,True,3.9045087513383487,4.038919917781299,4.172364245243847,4.305231744567304,4.437761073895045,4.570094928239522,4.702318534741511,4.834483053070449
1700000000090000000,10090000000,19,18,18,0,0,,,,0,open_hand,hold,200.0,dev-0123456789abcdef0123456789abcdef,synthetic-3-open_hand,29,protocol,synthetic-demo-contract-v1,True,4.127905219493397,4.268350937580005,4.407725867821117,4.546434057803378,4.684736781775648,4.822795907244105,4.96071082867027,5.098542719091201
1700000000095000000,10095000000,20,19,19,0,0,,,,0,open_hand,hold,200.0,dev-0123456789abcdef0123456789abcdef,synthetic-3-open_hand,29,protocol,synthetic-demo-contract-v1,True,4.350692101545269,4.497148435117381,4.642450749957293,4.7870019800551065,4.9310805016403405,5.074865587686244,5.2184704436940335,5.361966395811074
1700000000100000000,10100000000,21,20,20,0,0,,,,0,open_hand,hold,200.0,dev-0123456789abcdef0123456789abcdef,synthetic-3-open_hand,29,protocol,synthetic-demo-contract-v1,True,4.572882513614669,4.725312846551052,4.876532231170732,5.026924910359247,5.1767794010733015,5.326289826649483,5.475582425325235,5.624738588816664
1700000000105000000,10105000000,22,21,21,0,0,,,,0,open_hand,hold,200.0,dev-0123456789abcdef0123456789abcdef,synthetic-3-open_hand,29,protocol,synthetic-demo-contract-v1,True,4.794492866215963,4.9528479107748495,5.1099666082595165,5.2661948847620055,5.421823053039569,5.577056733871024,5.732033977125081,5.886845907575094
1700000000110000000,10110000000,23,22,22,0,0,,,,0,open_hand,hold,200.0,dev-0123456789abcdef0123456789abcdef,synthetic-3-open_hand,29,protocol,synthetic-demo-contract-v1,True,5.01554234226515,5.179760471753839,5.342753075518405,5.504806575229234,5.666203460138156,5.827156707086336,5.987814500958841,6.148277107907817
1700000000115000000,10115000000,24,23,23,0,0,,,,0,open_hand,hold,200.0,dev-0123456789abcdef0123456789abcdef,synthetic-3-open_hand,29,protocol,synthetic-demo-contract-v1,True,5.236052346413786,5.406060253052552,5.57489364484899,5.742757274173316,5.909915067956981,6.076582458485806,6.242915629499803,6.409023127344128
1700000000120000000,10120000000,25,24,24,0,0,,,,0,open_hand,hold,200.0,dev-0123456789abcdef0123456789abcdef,synthetic-3-open_hand,29,protocol,synthetic-demo-contract-v1,True,5.456045937419293,5.631759608439717,5.806393047024479,5.980046864962636,6.152954767581352,6.325329032223387,6.497331250882481,6.669077113241735
1700000000125000000,10125000000,26,25,25,0,0,,,,0,open_hand,hold,200.0,dev-0123456789abcdef0123456789abcdef,synthetic-3-open_hand,29,protocol,synthetic-demo-contract-v1,True,0.1755472555206405,0.21937325276142333,0.26225861555409496,0.3041777788820782,0.34532188736857516,0.3858938129573601,0.42605752543556885,0.4659344435865814
1700000000130000000,10130000000,27,26,26,0,0,,,,0,open_hand,hold,200.0,dev-0123456789abcdef0123456789abcdef,synthetic-3-open_hand,29,protocol,synthetic-demo-contract-v1,True,0.39458095680193644,0.44391797751716766,0.4925001547570407,0.5401549391105599,0.5870181741608937,0.6332765254434813,0.6790928944554169,0.7245927404093867
1700000000135000000,10135000000,28,27,27,0,0,,,,0,open_hand,hold,200.0,dev-0123456789abcdef0123456789abcdef,synthetic-3-open_hand,29,protocol,synthetic-demo-contract-v1,True,0.613171666294822,0.667912355745527,0.7221297938006227,0.7754856923728389,0.8280477641666646,0.8799792252403335,0.9314380810109348,0.9825518757816364
1700000000140000000,10140000000,29,28,28,0,0,,,,0,open_hand,hold,200.0,dev-0123456789abcdef0123456789abcdef,synthetic-3-open_hand,29,protocol,synthetic-demo-contract-v1,True,0.8313434610989213,0.8913764409264043,0.9511618285796706,1.01017972900746,1.0684171437954837,1.126006280625884,1.1830960828010646,1.2398139703793576
1700000000145000000,10145000000,30,29,29,0,0,,,,0,open_hand,hold,200.0,dev-0123456789abcdef0123456789abcdef,synthetic-3-open_hand,29,protocol,synthetic-demo-contract-v1,True,1.0491193940976418,1.1143314646330067,1.1796125534135815,1.2442489922695272,1.3081351007860715,1.3713643458624705,1.4340721571158574,1.4963833846283874
1700000000150000000,10150000000,31,30,30,0,0,,,,0,open_hand,hold,200.0,dev-0123456789abcdef0123456789abcdef,synthetic-3-open_hand,29,protocol,synthetic-demo-contract-v1,True,1.266521067929086,1.3367995376190749,1.4075000846120487,1.4777075777557067,1.547212666016108,1.6160623259847575,1.6843737979818392,1.7522667024702803
1700000000155000000,10155000000,32,31,31,0,0,,,,0,open_hand,hold,200.0,dev-0123456789abcdef0123456789abcdef,synthetic-3-open_hand,29,protocol,synthetic-demo-contract-v1,True,1.483568267757605,1.5588033589061876,1.634844178010038,1.7105716238986817,1.7856630464303678,1.8601113333213168,1.9340107056014952,2.0074727078131818
1700000000160000000,10160000000,33,32,32,0,0,,,,0,open_hand,hold,200.0,dev-0123456789abcdef0123456789abcdef,synthetic-3-open_hand,29,protocol,synthetic-demo-contract-v1,True,1.7002786601036155,1.7803659372443588,1.8616660425964155,1.942859194528891,2.0235015495672086,2.1035246359952535,2.182994748225318,2.262012353756941
1700000000165000000,10165000000,34,33,33,0,0,,,,0,open_hand,hold,200.0,dev-0123456789abcdef0123456789abcdef,synthetic-3-open_hand,29,protocol,synthetic-demo-contract-v1,True,1.9166675635542074,2.001510329059791,2.0879881523586428,2.174590154542249,2.260745500203436,2.3463175986825155,2.4313399166227514,2.5158987247062976
1700000000170000000,10170000000,35,34,34,0,0,,,,0,open_hand,hold,200.0,dev-0123456789abcdef0123456789abcdef,synthetic-3-open_hand,29,protocol,synthetic-demo-contract-v1,True,2.132747795624333,2.2222593966808346,2.3138340584383563,2.4057860397434925,2.497414149673544,2.588507615938079,2.6790622713454875,2.769146991510107
1700000000175000000,10175000000,36,35,35,0,0,,,,0,open_hand,hold,200.0,dev-0123456789abcdef0123456789abcdef,synthetic-3-open_hand,29,protocol,synthetic-demo-contract-v1,True,2.348529598399848,2.4426355902521313,2.5392282036398757,2.6364699219555687,2.7335285784511516,2.830114038429884,2.9261798830027494,3.021774359788153
1700000000180000000,10180000000,37,36,36,0,0,,,,0,open_hand,hold,200.0,dev-0123456789abcdef0123456789abcdef,synthetic-3-open_hand,29,protocol,synthetic-demo-contract-v1,True,2.56402064390308,2.6626607563137537,2.7641957412566036,2.866666270496012,2.9691115926078795,3.071158092448116,3.1727127657933725,3.2738000116300805
1700000000185000000,10185000000,38,37,37,0,0,,,,0,open_hand,hold,200.0,dev-0123456789abcdef0123456789abcdef,synthetic-3-open_hand,29,protocol,synthetic-demo-contract-v1,True,2.779226118413581,2.8823559755438652,2.9887623600799453,3.0964008111215344,3.2041876147878754,3.3116627930830345,3.41868280456359,3.525245040873244
1700000000190000000,10190000000,39,38,38,0,0,,,,0,open_hand,hold,200.0,dev-0123456789abcdef0123456789abcdef,synthetic-3-open_hand,29,protocol,synthetic-demo-contract-v1,True,2.9941488832863707,3.101741431647619,3.2129541173331635,3.3257003835322076,3.4387825703545163,3.5516528514879457,3.6641136756822297,3.776132382187771
1700000000195000000,10195000000,40,39,39,0,0,,,,0,open_hand,hold,200.0,dev-0123456789abcdef0123456789abcdef,synthetic-3-open_hand,29,protocol,synthetic-demo-contract-v1,True,3.208789708171965,3.3208363128299796,3.4367972811302,3.5545927985068513,3.6729237693795054,3.791154576664957,3.90903076204664,4.0264867342177855
1700000000200000000,10200000000,41,40,40,0,0,,,,0,open_hand,hold,200.0,dev-0123456789abcdef0123456789abcdef,synthetic-3-open_hand,29,protocol,synthetic-demo-contract-v1,True,3.423147570990457,3.539658746724545,3.6603181838987466,3.783106695711813,3.906639785153528,4.030195772229853,4.153461062552818,4.276334477047468
1700000000205000000,10205000000,42,41,41,0,0,,,,0,open_hand,hold,200.0,dev-0123456789abcdef0123456789abcdef,synthetic-3-open_hand,29,protocol,synthetic-demo-contract-v1,True,3.6372200175776666,3.7582257690732908,3.8835430880299486,4.011271403186742,4.1399603299019105,4.268805628628593,4.39743309638195,4.525703584279348
1700000000210000000,10210000000,43,42,42,0,0,,,,0,open_hand,hold,200.0,dev-0123456789abcdef0123456789abcdef,synthetic-3-open_hand,29,protocol,synthetic-demo-contract-v1,True,3.85100357263444,3.976553325872574,4.106498064826272,4.239116799463526,4.3729161283882965,4.507014611291586,4.640976802472771,4.774623530029903
1700000000215000000,10215000000,44,43,43,0,0,,,,0,open_hand,hold,200.0,dev-0123456789abcdef0123456789abcdef,synthetic-3-open_hand,29,protocol,synthetic-demo-contract-v1,True,4.064494192496922,4.194656308128026,4.329208887616861,4.466673179219073,4.605538790084422,4.744854345223026,4.88412343456482,5.023125191164138
1700000000220000000,10220000000,45,44,44,0,0,,,,0,open_hand,hold,200.0,dev-0123456789abcdef0123456789abcdef,synthetic-3-open_hand,29,protocol,synthetic-demo-contract-v1,True,4.277687749328973,4.412548617804145,4.5517009396986685,4.693971123299483,4.837860680574564,4.982357496531024,5.126905452211603,5.271240745106134
1700000000225000000,10225000000,46,45,45,0,0,,,,0,open_hand,hold,200.0,dev-0123456789abcdef0123456789abcdef,synthetic-3-open_hand,29,protocol,synthetic-demo-contract-v1,True,4.490580535636707,4.630243263022275,4.773999137544473,4.9210413738832885,5.069914792849466,5.219557651410187,5.369356408175049,5.519003563576799
1700000000230000000,10230000000,47,46,46,0,0,,,,0,open_hand,hold,200.0,dev-0123456789abcdef0123456789abcdef,synthetic-3-open_hand,29,protocol,synthetic-demo-contract-v1,True,4.703169777533907,4.847752480061848,4.99612786949854,5.1479147154754745,5.301734619126614,5.456489193091608,5.611510832623217,5.766448102622927
1700000000235000000,10235000000,48,47,47,0,0,,,,0,open_hand,hold,200.0,dev-0123456789abcdef0123456789abcdef,synthetic-3-open_hand,29,protocol,synthetic-demo-contract-v1,True,4.915454144955561,5.0650878792619265,5.218110949959685,5.374621862342894,5.533354023811813,5.693187177275921,5.853404114562077,6.013609789313245
1700000000240000000,10240000000,49,48,48,0,0,,,,0,open_hand,hold,200.0,dev-0123456789abcdef0123456789abcdef,synthetic-3-open_hand,29,protocol,synthetic-demo-contract-v1,True,5.127434247029801,5.282260611510706,5.4399715888329405,5.601193352916177,5.764807118191424,5.929687206563294,6.095072380939293,6.26052490548739
1700000000245000000,10245000000,50,49,49,0,0,,,,0,open_hand,hold,200.0,dev-0123456789abcdef0123456789abcdef,synthetic-3-open_hand,29,protocol,synthetic-demo-contract-v1,True,5.339113101076149,5.499281551656104,5.661732375817534,5.82765945159439,5.996128137415533,6.166025304389898,6.336552373863179,6.507230468952633
1700000000250000000,10250000000,51,50,50,0,0,,,,0,open_hand,hold,200.0,dev-0123456789abcdef0123456789abcdef,synthetic-3-open_hand,29,protocol,synthetic-demo-contract-v1,True,0.05049656419487886,0.07866149487649987,0.10841527889321104,0.14155005829739165,0.17735132030013756,0.21473778897368223,0.2528813263836542,0.2912641125305832
1700000000255000000,10255000000,52,51,51,0,0,,,,0,open_hand,hold,200.0,dev-0123456789abcdef0123456789abcdef,synthetic-3-open_hand,29,protocol,synthetic-demo-contract-v1,True,0.2615937171386574,0.2954113618219324,0.3300416561717102,0.3678946260179987,0.40851079244128946,0.4508611477632356,0.4940968372836078,0.537663961362221
1700000000260000000,10260000000,53,52,52,0,0,,,,0,open_hand,hold,200.0,dev-0123456789abcdef0123456789abcdef,synthetic-3-open_hand,29,protocol,synthetic-demo-contract-v1,True,0.47241719109857977,0.5120424081759305,0.5516322800978056,0.5942220865327315,0.6396404530965333,0.686931912872106,0.7352367453291745,0.7839685088841001
1700000000265000000,10265000000,54,53,53,0,0,,,,0,open_hand,hold,200.0,dev-0123456789abcdef0123456789abcdef,synthetic-3-open_hand,29,protocol,synthetic-demo-contract-v1,True,0.6829834291733967,0.728566434199693,0.7732073728172454,0.820560784337082,0.8707738662491612,0.9229865379675743,0.9763390034255712,1.0302164918917953
1700000000270000000,10270000000,55,54,54,0,0,,,,0,open_hand,hold,200.0,dev-0123456789abcdef0123456789abcdef,synthetic-3-open_hand,29,protocol,synthetic-demo-contract-v1,True,0.8933128755998402,0.9449959898044996,0.9947866513790138,1.0469384187797528,1.1019441562291363,1.1590612770672808,1.2174415531216525,1.2764467651083027
1700000000275000000,10275000000,56,55,55,0,0,,,,0,open_hand,hold,200.0,dev-0123456789abcdef0123456789abcdef,synthetic-3-open_hand,29,protocol,synthetic-demo-contract-v1,True,1.1034300872770553,1.1613445707556742,1.2163893813087145,1.2733819942812448,1.3331839082214092,1.3951920656797048,1.458582199901128,1.5226981756753477
1700000000280000000,10280000000,57,56,56,0,0,,,,0,open_hand,hold,200.0,dev-0123456789abcdef0123456789abcdef,synthetic-3-open_hand,29,protocol,synthetic-demo-contract-v1,True,1.31336376368957,1.3776268017411073,1.4380344369800433,1.499917778436363,1.5645250739481333,1.6314144047052739,1.699798489691521,1.769009437984341
1700000000285000000,10285000000,58,57,57,0,0,,,,0,open_hand,hold,200.0,dev-0123456789abcdef0123456789abcdef,synthetic-3-open_hand,29,protocol,synthetic-demo-contract-v1,True,1.5231466929890123,1.5938586022373182,1.6597403671236952,1.7265712677185368,1.7959988827663291,1.867763247494039,1.9411275870134777,2.0154190092610587
1700000000290000000,10290000000,59,58,58,0,0,,,,0,open_hand,hold,200.0,dev-0123456789abcdef0123456789abcdef,synthetic-3-open_hand,29,protocol,synthetic-demo-contract-v1,True,1.7328156137012012,1.8100573313732093,1.8815254637487298,1.9533671604271567,2.027635758377265,2.104272890433492,2.1826061551830036,2.2619649663140446
1700000000295000000,10295000000,60,59,59,0,0,,,,0,open_hand,hold,200.0,dev-0123456789abcdef0123456789abcdef,synthetic-3-open_hand,29,protocol,synthetic-demo-contract-v1,True,1.9424109932475582,2.026241908321852,2.1034078327111874,2.1803293364481973,2.259465241298554,2.3409768674164613,2.4242702389677007,2.5086848838512523
1700000000300000000,10300000000,61,60,60,0,0,,,,0,open_hand,hold,200.0,dev-0123456789abcdef0123456789abcdef,synthetic-3-open_hand,29,protocol,synthetic-demo-contract-v1,True,2.1519767261728653,2.2424329051386778,2.3254054641491044,2.4074808433338646,2.4915159172051267,2.577907848514146,2.666155150085114,2.7556157147625933
1700000000305000000,10305000000,62,61,61,0,0,,,,0,open_hand,hold,200.0,dev-0123456789abcdef0123456789abcdef,synthetic-3-open_hand,29,protocol,synthetic-demo-contract-v1,True,2.361559756620552,2.4586526094043015,2.547536301012187,2.6348438881496072,2.7238153512011376,2.81509754315354,2.9082953559170157,3.0027936727578526
1700000000310000000,10310000000,63,62,62,0,0,,,,0,open_hand,hold,200.0,dev-0123456789abcdef0123456789abcdef,synthetic-3-open_hand,29,protocol,synthetic-demo-contract-v1,True,2.5712096311582755,2.674925054514909,2.769818303948165,2.8624398344870268,2.956390028041907,3.0525766080717993,3.1507243717978697,3.250254117739943
1700000000315000000,10315000000,64,63,63,0,0,,,,0,open_hand,hold,200.0,dev-0123456789abcdef0123456789abcdef,synthetic-3-open_hand,29,protocol,synthetic-demo-contract-v1,True,2.780977989498654,2.891276015985157,2.9922695108657367,3.0902892039995478,3.189265298283455,3.2903745602927503,3.393474657218926,3.4980314442826774
1700000000320000000,10320000000,65,64,64,0,0,,,,0,open_hand,hold,200.0,dev-0123456789abcdef0123456789abcdef,synthetic-3-open_hand,29,protocol,synthetic-demo-contract-v1,True,2.990918001953279,3.107732972679647,3.2149080895754047,3.3184116817845233,3.422465330297478,3.5285196953429483,3.636577516271559,3.7461589735702714
1700000000325000000,10325000000,66,65,65,0,0,,,,0,open_hand,hold,200.0,dev-0123456789abcdef0123456789abcdef,synthetic-3-open_hand,29,protocol,synthetic-demo-contract-v1,True,3.201083763575961,3.3243250324605276,3.4377523820131946,3.5468261249110555,3.6560130680518834,3.767039010896483,3.880063002634489,3.9946688491426143
1700000000330000000,10330000000,67,66,66,0,0,,,,0,open_hand,hold,200.0,dev-0123456789abcdef0123456789abcdef,synthetic-3-open_hand,29,protocol,synthetic-demo-contract-v1,True,3.411529655870897,3.5410828223217767,3.66082093867702,3.7755505733774135,3.8899301945217393,4.005958136009473,4.123959829389753,4.243591936776065
1700000000335000000,10335000000,68,67,67,0,0,,,,0,open_hand,hold,200.0,dev-0123456789abcdef0123456789abcdef,synthetic-3-open_hand,29,protocol,synthetic-demo-contract-v1,True,3.622309687644008,3.758038343665872,3.884132542049656,4.004602262775607,4.124237100562722,4.245301266076876,4.368295283931579,4.492957728814207
1700000000340000000,10340000000,69,68,68,0,0,,,,0,open_hand,hold,200.0,dev-0123456789abcdef0123456789abcdef,synthetic-3-open_hand,29,protocol,synthetic-demo-contract-v1,True,3.8334768270468396,3.9752247939568366,4.107706217944059,4.233997637943482,4.358952859049278,4.485091103616144,4.613095148210956,4.742794253246613
1700000000345000000,10345000000,70,69,69,0,0,,,,0,open_hand,hold,200.0,dev-0123456789abcdef0123456789abcdef,synthetic-3-open_hand,29,protocol,synthetic-demo-contract-v1,True,4.045082337092255,4.192676356545717,4.331561233884058,4.463752366896508,4.59409520405286,4.7253488049545,4.8583836245365974,4.993127987816462
1700000000350000000,10350000000,71,70,70,0,0,,,,0,open_hand,hold,200.0,dev-0123456789abcdef0123456789abcdef,synthetic-3-open_hand,29,protocol,synthetic-demo-contract-v1,True,4.257175126904941,4.410427961001722,4.555717083823966,4.693881354352061,4.829680514811921,4.966093932869314,5.104183267130492,5.243983779419625
1700000000355000000,10355000000,72,71,71,0,0,,,,0,open_hand,hold,200.0,dev-0123456789abcdef0123456789abcdef,synthetic-3-open_hand,29,protocol,synthetic-demo-contract-v1,True,4.469801130707588,4.62851501678585,4.780193458711993,4.92439875418817,5.06572380422508,5.207344415204468,5.350514919613179,5.495384769038947
1700000000360000000,10360000000,73,72,72,0,0,,,,0,open_hand,hold,200.0,dev-0123456789abcdef0123456789abcdef,synthetic-3-open_hand,29,protocol,synthetic-demo-contract-v1,True,4.683002726040727,4.846973123565988,5.005010202611843,5.1553179802161395,5.302238711581952,5.449116509459735,5.597397658570574,5.747352322437755
1700000000365000000,10365000000,74,73,73,0,0,,,,0,open_hand,hold,200.0,dev-0123456789abcdef0123456789abcdef,synthetic-3-open_hand,29,protocol,synthetic-demo-contract-v1,True,4.896818201980572,5.065837761885755,5.23018725431193,5.386651714691451,5.539237499232864,5.691424773325237,5.844848743330623,5.999905966816285
1700000000370000000,10370000000,75,74,74,0,0,,,,0,open_hand,hold,200.0,dev-0123456789abcdef0123456789abcdef,synthetic-3-open_hand,29,protocol,synthetic-demo-contract-v1,True,5.111281287169651,5.285143968257197,5.455744574569455,5.618411914039723,5.776731052888866,5.934282041109219,6.092883572054328,6.253063333613832
1700000000375000000,10375000000,76,75,75,0,0,,,,0,open_hand,hold,200.0,dev-0123456789abcdef0123456789abcdef,synthetic-3-open_hand,29,protocol,synthetic-demo-contract-v1,True,-0.17357925367137905,-0.13257400095587651,-0.09329794064571814,-0.061890188666695406,-0.035271114762717895,-0.009800594015473833,0.01651564422203161,0.04434010761797888
1700000000380000000,10380000000,77,76,76,0,0,,,,0,open_hand,hold,200.0,dev-0123456789abcdef0123456789abcdef,synthetic-3-open_hand,29,protocol,synthetic-demo-contract-v1,True,0.04226005259759159,0.08771698773356029,0.13307943967249602,0.1707559151188922,0.20323914255545342,0.23418620795779804,0.2657565295721677,0.2987499825205036
1700000000385000000,10385000000,78,77,77,0,0,,,,0,open_hand,hold,200.0,dev-0123456789abcdef0123456789abcdef,synthetic-3-open_hand,29,protocol,synthetic-demo-contract-v1,True,0.25881714158809366,0.30854860035369236,0.3598961687586586,0.40386000426639074,0.4422686140061487,0.4787500274450927,0.5156158435262088,0.5538046230372768
1700000000390000000,10390000000,79,78,78,0,0,,,,0,open_hand,hold,200.0,dev-0123456789abcdef0123456789abcdef,synthetic-3-open_hand,29,protocol,synthetic-demo-contract-v1,True,0.4761042514424225,0.5299506938852063,0.5871712976267409,0.6374311185835375,0.6818227433024787,0.7238966843190322,0.766101229110346,0.809513633687141
1700000000395000000,10395000000,80,79,79,0,0,,,,0,open_hand,hold,200.0,dev-0123456789abcdef0123456789abcdef,synthetic-3-open_hand,29,protocol,synthetic-demo-contract-v1,True,0.6941278515271805,0.7519509825274007,0.8149233401595493,0.8714775450185194,0.9219056424377198,0.9696302422752422,1.017218345361564,1.065884534302059
1700000000400000000,10400000000,81,80,80,0,0,,,,0,open_hand,hold,200.0,dev-0123456789abcdef0123456789abcdef,synthetic-3-open_hand,29,protocol,synthetic-demo-contract-v1,True,0.9128886606664545,0.9745747166205112,1.0431701290929136,1.1060067993531706,1.1625201071862257,1.2159530183501812,1.2689708621833502,1.3229227423181393
1700000000405000000,10405000000,82,81,81,0,0,,,,0,open_hand,hold,200.0,dev-0123456789abcdef0123456789abcdef,synthetic-3-open_hand,29,protocol,synthetic-demo-contract-v1,True,1.1323817540818801,1.1978443788920923,1.2719286644115664,1.3410256033713888,1.403667634095344,1.4628655974083227,1.5213604615943834,1.5806315618743891
1700000000410000000,10410000000,83,82,82,0,0,,,,0,open_hand,hold,200.0,dev-0123456789abcdef0123456789abcdef,synthetic-3-open_hand,29,protocol,synthetic-demo-contract-v1,True,1.3525967564870478,1.4217794024899042,1.5012149558163712,1.5765398575702112,1.6453484387047805,1.7103668514041712,1.7743868452922442,1.8390121797233643
1700000000415000000,10415000000,84,83,83,0,0,,,,0,open_hand,hold,200.0,dev-0123456789abcdef0123456789abcdef,synthetic-3-open_hand,29,protocol,synthetic-demo-contract-v1,True,1.573518117117064,1.6463959149895726,1.7310438610454966,1.8125546095636307,1.8875614747489264,1.95845396321372,2.028047748433584,2.0980636679353406
1700000000420000000,10420000000,85,84,84,0,0,,,,0,open_hand,hold,200.0,dev-0123456789abcdef0123456789abcdef,synthetic-3-open_hand,29,protocol,synthetic-demo-contract-v1,True,1.7951254608942757,1.8717065122264203,1.961428921933542,2.049074018410734,2.130304454119052,2.207122454820753,2.282338959512303,2.3577829933552903
1700000000425000000,10425000000,86,85,85,0,0,,,,0,open_hand,hold,200.0,dev-0123456789abcdef0123456789abcdef,synthetic-3-open_hand,29,protocol,synthetic-demo-contract-v1,True,2.017394008470107,2.097720065402353,2.1923822001711626,2.286101315179193,2.373573867385698,2.4563662196358256,2.5372543461982437,2.618165033749908
1700000000430000000,10430000000,87,86,86,0,0,,,,0,open_hand,hold,200.0,dev-0123456789abcdef0123456789abcdef,synthetic-3-open_hand,29,protocol,synthetic-demo-contract-v1,True,2.240295056570135,2.324441564466582,2.4239141147822565,2.523638760131642,2.617365004706777,2.7061775587197974,2.7927858869807207,2.879202600560264
1700000000435000000,10435000000,88,87,87,0,0,,,,0,open_hand,hold,200.0,dev-0123456789abcdef0123456789abcdef,synthetic-3-open_hand,29,protocol,synthetic-demo-contract-v1,True,2.463796508931418,2.55187200027009,2.656033283365413,2.7616875969950785,2.8616719769735415,2.9565472206794534,3.0489237084439624,3.1408864681543913
1700000000440000000,10440000000,89,88,88,0,0,,,,0,open_hand,hold,200.0,dev-0123456789abcdef0123456789abcdef,synthetic-3-open_hand,29,protocol,synthetic-demo-contract-v1,True,2.687863447180586,2.780008287455686,2.8887463691506365,3.000248004841388,3.106487737074344,3.2074644449999363,3.305656127985251,3.4032054094534154
1700000000445000000,10445000000,90,89,89,0,0,,,,0,open_hand,hold,200.0,dev-0123456789abcdef0123456789abcdef,synthetic-3-open_hand,29,protocol,synthetic-demo-contract-v1,True,2.912458730277209,3.0088432294764704,3.1220579359010547,3.2393190481695178,3.3518041011847455,3.458917008577435,3.562969701771326,3.6661462377846536
1700000000450000000,10450000000,91,90,90,0,0,,,,0,open_hand,hold,200.0,dev-0123456789abcdef0123456789abcdef,synthetic-3-open_hand,29,protocol,synthetic-demo-contract-v1,True,3.1375436106539083,3.2383655265441313,3.3559703126425275,3.478898625836015,3.5976117700216084,3.7108912752156984,3.820849277714387,3.9296938547955795
1700000000455000000,10455000000,92,91,91,0,0,,,,0,open_hand,hold,200.0,dev-0123456789abcdef0123456789abcdef,synthetic-3-open_hand,29,protocol,synthetic-demo-contract-v1,True,3.363078354932437,3.468559826703894,3.590483470132316,3.7189834195299767,3.843900350028104,3.9633722478515234,4.079278053235984,4.193831304243779
1700000000460000000,10460000000,93,92,92,0,0,,,,0,open_hand,hold,200.0,dev-0123456789abcdef0123456789abcdef,synthetic-3-open_hand,29,protocol,synthetic-demo-contract-v1,True,3.5890228570882265,3.6994068196241616,3.825594910881766,3.9595688425301483,4.090658374485645,4.216343623277109,4.338237637575068,4.458539831459896
1700000000465000000,10465000000,94,93,93,0,0,,,,0,open_hand,hold,200.0,dev-0123456789abcdef0123456789abcdef,synthetic-3-open_hand,29,protocol,synthetic-demo-contract-v1,True,3.8153372321747705,3.93088337208549,4.061299574428594,4.2006489895156784,4.337873324577393,4.469787849131282,4.597708118385657,4.723798948263385
1700000000470000000,10470000000,95,94,94,0,0,,,,0,open_hand,hold,200.0,dev-0123456789abcdef0123456789abcdef,synthetic-3-open_hand,29,protocol,synthetic-demo-contract-v1,True,4.041982379198345,4.162962703564491,4.2975897594129835,4.442216588227188,4.585531650455762,4.723686182936688,4.8576681323599,4.9895865030944755
1700000000475000000,10475000000,96,95,95,0,0,,,,0,open_hand,hold,200.0,dev-0123456789abcdef0123456789abcdef,synthetic-3-open_hand,29,protocol,synthetic-demo-contract-v1,True,4.268920502443101,4.395614599742737,4.534455063849966,4.68426295379117,4.833618792393034,4.9780187529662365,5.118094939603779,5.255878756110318
1700000000480000000,10480000000,97,96,96,0,0,,,,0,open_hand,hold,200.0,dev-0123456789abcdef0123456789abcdef,synthetic-3-open_hand,29,protocol,synthetic-demo-contract-v1,True,4.496115581471708,4.6288056612373225,4.771882344810345,4.926777946527895,5.082119202119408,5.232764620729154,5.3789645014853695,5.522650458978742
1700000000485000000,10485000000,98,97,97,0,0,,,,0,open_hand,hold,200.0,dev-0123456789abcdef0123456789abcdef,synthetic-3-open_hand,29,protocol,synthetic-demo-contract-v1,True,4.723533781148404,4.862499584356575,5.00985569852579,5.1697499340609205,5.331016364476357,5.4879018448748775,5.6402515616693805,5.789874939089636
1700000000490000000,10490000000,99,98,98,0,0,,,,0,open_hand,hold,200.0,dev-0123456789abcdef0123456789abcdef,synthetic-3-open_hand,29,protocol,synthetic-demo-contract-v1,True,4.951143794326497,5.096657470238975,5.248356461722959,5.4131657585347455,5.5802928195346695,5.7434075463215715,5.901929730046679,6.057524187891407
1700000000495000000,10495000000,100,99,99,0,0,,,,0,open_hand,hold,200.0,dev-0123456789abcdef0123456789abcdef,synthetic-3-open_hand,29,protocol,synthetic-demo-contract-v1,True,5.178917111284296,5.331238158342563,5.487363234769121,5.657010709726271,5.829930185345837,5.999257974425209,6.1639715692636,6.325568953048675
1700000000500000000,10500000000,101,100,100,0,0,,,,0,open_hand,hold,200.0,dev-0123456789abcdef0123456789abcdef,synthetic-3-open_hand,29,protocol,synthetic-demo-contract-v1,True,-0.09317178844722672,-0.07130142007829623,-0.04814807301969394,-0.011231495194399114,0.029909181512268967,0.06792857401472036,0.1013486835531219,0.13147883410697944
1700000000505000000,10505000000,102,101,101,0,0,,,,0,open_hand,hold,200.0,dev-0123456789abcdef0123456789abcdef,synthetic-3-open_hand,29,protocol,synthetic-demo-contract-v1,True,0.13485467542274784,0.16399412686332485,0.1917958242053231,0.23342127546250896,0.2802096537759546,0.3243940531286701,0.3640318095683272,0.40022238134122196
1700000000510000000,10510000000,103,102,102,0,0,,,,0,open_hand,hold,200.0,dev-0123456789abcdef0123456789abcdef,synthetic-3-open_hand,29,protocol,synthetic-demo-contract-v1,True,0.36297721411547496,0.39957903105928394,0.4321656785577684,0.47844956306693837,0.5308105998364319,0.5811284512990098,0.626990908917979,0.6692671974564255
1700000000515000000,10515000000,104,103,103,0,0,,,,0,open_hand,hold,200.0,dev-0123456789abcdef0123456789abcdef,synthetic-3-open_hand,29,protocol,synthetic-demo-contract-v1,True,0.5911796193135253,0.6354067493686649,0.6729298199264216,0.7238323224756856,0.7816901966172135,0.8381052082377574,0.8901952621045406,0.9385800418026139
1700000000520000000,10520000000,105,104,104,0,0,,,,0,open_hand,hold,200.0,dev-0123456789abcdef0123456789abcdef,synthetic-3-open_hand,29,protocol,synthetic-demo-contract-v1,True,0.8194486344435196,0.8714303491749794,0.9140542886549208,0.9695469350332571,1.0328258292049155,1.095297232792645,1.1536135635664484,1.2081269367598826
1700000000525000000,10525000000,106,105,105,0,0,,,,0,open_hand,hold,200.0,dev-0123456789abcdef0123456789abcdef,synthetic-3-open_hand,29,protocol,synthetic-demo-contract-v1,True,1.0477737517441021,1.1076028895693404,1.1555029885472916,1.215569231243504,1.2841941216872255,1.3526769720478893,1.4172140175288972,1.477873275945221
1700000000530000000,10530000000,107,106,106,0,0,,,,0,open_hand,hold,200.0,dev-0123456789abcdef0123456789abcdef,synthetic-3-open_hand,29,protocol,synthetic-demo-contract-v1,True,1.2761469407078339,1.3438777932910653,1.397237859129563,1.461873523510627,1.5357709701144335,1.610216480456125,1.6809644343707983,1.747783933889319
1700000000535000000,10535000000,108,107,107,0,0,,,,0,open_hand,hold,200.0,dev-0123456789abcdef0123456789abcdef,synthetic-3-open_hand,29,protocol,synthetic-demo-contract-v1,True,1.504562314922637,1.5802092047301917,1.6392190658820032,1.708432649264197,1.7875315778044953,1.8678874888970627,1.9448323272198313,2.0178233768294134
1700000000540000000,10540000000,109,108,108,0,0,,,,0,open_hand,hold,200.0,dev-0123456789abcdef0123456789abcdef,synthetic-3-open_hand,29,protocol,synthetic-demo-contract-v1,True,1.7330157456276687,1.8165523295393193,1.8814052069541356,1.9552180246938116,2.0394504932035433,2.1256614735675674,2.2087850084926397,2.28795577426328
1700000000545000000,10545000000,110,109,109,0,0,,,,0,open_hand,hold,200.0,dev-0123456789abcdef0123456789abcdef,synthetic-3-open_hand,29,protocol,synthetic-demo-contract-v1,True,1.9615044314136212,2.0528637517110546,2.1237535346879723,2.202199709225671,2.2915016505023584,2.3835097246164203,2.472789686103088,2.558145110909603
1700000000550000000,10550000000,111,110,110,0,0,,,,0,open_hand,hold,200.0,dev-0123456789abcdef0123456789abcdef,synthetic-3-open_hand,29,protocol,synthetic-demo-contract-v1,True,2.1900264344156986,2.289101724347384,2.3662201901062105,2.449346480776683,2.543658413194743,2.6414034144450476,2.7368135590681812,2.828355298721357
1700000000555000000,10555000000,112,111,111,0,0,,,,0,open_hand,hold,200.0,dev-0123456789abcdef0123456789abcdef,synthetic-3-open_hand,29,protocol,synthetic-demo-contract-v1,True,2.4185801940500222,2.5252264307725496,2.6087604483733697,2.696625921722541,2.795893620745965,2.8993136656027843,3.000823912248496,3.0985502886012237
1700000000560000000,10560000000,113,112,112,0,0,,,,0,open_hand,hold,200.0,dev-0123456789abcdef0123456789abcdef,synthetic-3-open_hand,29,protocol,synthetic-demo-contract-v1,True,2.647164029816723,2.7612002131149067,2.8513289731109626,2.9440045154156134,3.0481796385187008,3.157211618211843,3.2647882099679757,3.368694181471698
1700000000565000000,10565000000,114,113,113,0,0,,,,0,open_hand,hold,200.0,dev-0123456789abcdef0123456789abcdef,synthetic-3-open_hand,29,protocol,synthetic-demo-contract-v1,True,2.8757756449256777,2.996987765998269,3.0938800773441635,3.19144775298735,3.3004884110802815,3.415068496862903,3.5286741882664168,3.638751338357184
1700000000570000000,10570000000,115,114,114,0,0,,,,0,open_hand,hold,200.0,dev-0123456789abcdef0123456789abcdef,synthetic-3-open_hand,29,protocol,synthetic-demo-contract-v1,True,3.1044116424890915,3.2325562935314256,3.336367988778493,3.4389202500693092,3.5527915189887826,3.6728556769271967,3.7924499455470126,3.9086864891410924
1700000000575000000,10575000000,116,115,115,0,0,,,,0,open_hand,hold,200.0,dev-0123456789abcdef0123456789abcdef,synthetic-3-open_hand,29,protocol,synthetic-demo-contract-v1,True,3.3330670657690558,3.4678756283571763,3.578747117051575,3.6863858729677705,3.805060239126726,3.9305447502349615,4.0560840313908075,4.178464839667726
1700000000580000000,10580000000,117,116,116,0,0,,,,0,open_hand,hold,200.0,dev-0123456789abcdef0123456789abcdef,synthetic-3-open_hand,29,protocol,synthetic-demo-contract-v1,True,3.561734973473076,3.702918312110572,3.8209723205778676,3.9338078737302884,4.057265608620233,4.188107590073322,4.319545533319796,4.448052176866482
1700000000585000000,10585000000,118,117,117,0,0,,,,0,open_hand,hold,200.0,dev-0123456789abcdef0123456789abcdef,synthetic-3-open_hand,29,protocol,synthetic-demo-contract-v1,True,3.7904060603664744,3.93765963723074,4.06299917060361,4.181149033449376,4.30937849234852,4.445516415458788,4.58280416130065,4.717414971584568
1700000000590000000,10590000000,119,118,118,0,0,,,,0,open_hand,hold,200.0,dev-0123456789abcdef0123456789abcdef,synthetic-3-open_hand,29,protocol,synthetic-demo-contract-v1,True,4.019068332532278,4.172077650662621,4.304784210115203,4.428371813059721,4.561369654014019,4.702743854640871,4.845830329791562,4.98652047882412
1700000000595000000,10595000000,120,119,119,0,0,,,,0,open_hand,hold,200.0,dev-0123456789abcdef0123456789abcdef,synthetic-3-open_hand,29,protocol,synthetic-demo-contract-v1,True,4.247706845475934,4.406153120564828,4.546285205296536,4.675438510801964,4.813209830707478,4.9597630077936365,5.108595237145496,5.255336835090041
1700000000600000000,10600000000,121,120,120,0,0,,,,0,open_hand,hold,200.0,dev-0123456789abcdef0123456789abcdef,synthetic-3-open_hand,29,protocol,synthetic-demo-contract-v1,True,4.4763035119669725,4.63986946769869,4.7874613873086735,4.922311425448681,5.064869810865271,5.216547508851358,5.371070942194029,5.523833152566215
1700000000605000000,10605000000,122,121,121,0,0,,,,0,open_hand,hold,200.0,dev-0123456789abcdef0123456789abcdef,synthetic-3-open_hand,29,protocol,synthetic-demo-contract-v1,True,4.704836985059434,4.873212663702719,5.028273682268089,5.168953024318064,5.316320515478447,5.473071586443028,5.633230437847135,5.791979609849885
1700000000610000000,10610000000,123,122,122,0,0,,,,0,open_hand,hold,200.0,dev-0123456789abcdef0123456789abcdef,synthetic-3-open_hand,29,protocol,synthetic-demo-contract-v1,True,4.933282620166886,5.106171098948059,5.268684927425914,5.415326115038087,5.567533082374889,5.729310123878037,5.895047721555374,6.059747538986791
1700000000615000000,10615000000,124,123,123,0,0,,,,0,open_hand,hold,200.0,dev-0123456789abcdef0123456789abcdef,synthetic-3-open_hand,29,protocol,synthetic-demo-contract-v1,True,5.161612518418387,5.338735423116233,5.508660071698975,5.661394019969856,5.818478953357695,5.985238718132186,6.156497862492193,6.327109508563196
1700000000620000000,10620000000,125,124,124,0,0,,,,0,open_hand,hold,200.0,dev-0123456789abcdef0123456789abcdef,synthetic-3-open_hand,29,protocol,synthetic-demo-contract-v1,True,5.389795651822474,5.5708983620340575,5.748166358872043,5.907120752153595,6.069129963945098,6.240833737779245,6.41755706532527,6.594039402625057
1700000000625000000,10625000000,126,125,125,0,0,,,,0,open_hand,hold,200.0,dev-0123456789abcdef0123456789abcdef,synthetic-3-open_hand,29,protocol,synthetic-demo-contract-v1,True,0.11779806905177972,0.1651545146356347,0.21217349197768076,0.2399711916050279,0.2694584354199888,0.30857237980854907,0.35320273045697137,0.39801249520934706
1700000000630000000,10630000000,127,126,126,0,0,,,,0,open_hand,hold,200.0,dev-0123456789abcdef0123456789abcdef,synthetic-3-open_hand,29,protocol,synthetic-demo-contract-v1,True,0.345583178966625,0.3965001341930119,0.4506537775630076,0.48491126076412877,0.5194372688609613,0.5634327252639179,0.613413510625161,0.6640055202877692
1700000000635000000,10635000000,128,127,127,0,0,,,,0,open_hand,hold,200.0,dev-0123456789abcdef0123456789abcdef,synthetic-3-open_hand,29,protocol,synthetic-demo-contract-v1,True,0.5731121073560685,0.627432898160979,0.688582248769352,0.7294080978826357,0.769040040791977,0.8178937936331814,0.8731693637664552,0.9294967369387807
1700000000640000000,10640000000,129,128,128,0,0,,,,0,open_hand,hold,200.0,dev-0123456789abcdef0123456789abcdef,synthetic-3-open_hand,29,protocol,synthetic-demo-contract-v1,True,0.8003441208235931,0.8579516711148896,0.9259367663785422,0.9734302271316551,1.0182411000547185,1.0719355959113581,1.1324516020549555,1.1944659895800076
1700000000645000000,10645000000,130,129,129,0,0,,,,0,open_hand,hold,200.0,dev-0123456789abcdef0123456789abcdef,synthetic-3-open_hand,29,protocol,synthetic-demo-contract-v1,True,1.0272371103131168,1.0880562653210093,1.1626980972155987,1.2169477242161746,1.2670156654766638,1.3255391862537211,1.3912429370400692,1.4588947631095555
1700000000650000000,10650000000,131,130,130,0,0,,,,0,open_hand,hold,200.0,dev-0123456789abcdef0123456789abcdef,synthetic-3-open_hand,29,protocol,synthetic-demo-contract-v1,True,1.2537481254890752,1.3177472034662043,1.3988499695393175,1.459932376299451,1.5153399238793064,1.5786867121279853,1.64952752081749,1.7227662328215094
1700000000655000000,10655000000,132,131,131,0,0,,,,0,open_hand,hold,200.0,dev-0123456789abcdef0123456789abcdef,synthetic-3-open_hand,29,protocol,synthetic-demo-contract-v1,True,1.4798339500780453,1.547025487987956,1.634379105296563,1.7023578350669104,1.763191127944978,1.8313614628676058,1.9072909831776208,1.9860653089778872
1700000000660000000,10660000000,133,132,132,0,0,,,,0,open_hand,hold,200.0,dev-0123456789abcdef0123456789abcdef,synthetic-3-open_hand,29,protocol,synthetic-demo-contract-v1,True,1.705451707371631,1.7758923812883427,1.8692752293603008,1.944199761796279,2.010547693437789,2.0835479165208723,2.1645204646856895,2.248778675936514
1700000000665000000,10665000000,134,133,133,0,0,,,,0,open_hand,hold,200.0,dev-0123456789abcdef0123456789abcdef,synthetic-3-open_hand,29,protocol,synthetic-demo-contract-v1,True,1.930559484399754,2.0043492008892887,2.1035310561124843,2.1854359633478246,2.2573892952544177,2.3352317848831743,2.421204645657488,2.5108948257515538
1700000000670000000,10670000000,135,134,134,0,0,,,,0,open_hand,hold,200.0,dev-0123456789abcdef0123456789abcdef,synthetic-3-open_hand,29,protocol,synthetic-demo-contract-v1,True,2.155116962824453,2.2323971332948287,2.3371422539681275,2.4260465180455006,2.503696961764246,2.58640005659266,2.6773337710041236,2.7724040861808286
1700000000675000000,10675000000,136,135,135,0,0,,,,0,open_hand,hold,200.0,dev-0123456789abcdef0123456789abcdef,synthetic-3-open_hand,29,protocol,synthetic-demo-contract-v1,True,2.379086044386345,2.4600370699740717,2.570107388663398,2.666013890485958,2.749453166885734,2.8370410381625586,2.9328996709282684,3.0332986430514133
1700000000680000000,10680000000,137,136,136,0,0,,,,0,open_hand,hold,200.0,dev-0123456789abcdef0123456789abcdef,synthetic-3-open_hand,29,protocol,synthetic-demo-contract-v1,True,2.6024314587637454,2.6872694684716154,2.802427846345753,2.9053230343872887,2.994641919337213,3.0871443928168816,3.187895777463259,3.293572556952334
1700000000685000000,10685000000,138,137,137,0,0,,,,0,open_hand,hold,200.0,dev-0123456789abcdef0123456789abcdef,synthetic-3-open_hand,29,protocol,synthetic-demo-contract-v1,True,2.8251213419777756,2.9140942411969872,3.034107737705482,3.143961482672334,3.2392488484956266,3.3367011769900676,3.4423171368549315,3.553221774240446
1700000000690000000,10690000000,139,138,138,0,0,,,,0,open_hand,hold,200.0,dev-0123456789abcdef0123456789abcdef,synthetic-3-open_hand,29,protocol,synthetic-demo-contract-v1,True,3.0471277739902884,3.140510673948456,3.2651537845731884,3.381919424071711,3.4832612862961723,3.585703874345608,3.6961604177943186,3.812244132362643
1700000000695000000,10695000000,140,139,139,0,0,,,,0,open_hand,hold,200.0,dev-0123456789abcdef0123456789abcdef,synthetic-3-open_hand,29,protocol,synthetic-demo-contract-v1,True,3.268427264884917,3.366517375697335,3.495575190574569,3.619189765628646,3.7266683446095645,3.834146427163792,3.949423915517283,4.0706393595144545
1700000000700000000,10700000000,141,140,140,0,0,,,,0,open_hand,hold,200.0,dev-0123456789abcdef0123456789abcdef,synthetic-3-open_hand,29,protocol,synthetic-demo-contract-v1,True,3.489001179980144,3.5921122606050075,3.7253834975805105,3.8557681805902813,3.969460987541627,4.082024264944611,4.2021075517948026,4.328409068671726
1700000000705000000,10705000000,142,141,141,0,0,,,,0,open_hand,hold,200.0,dev-0123456789abcdef0123456789abcdef,synthetic-3-open_hand,29,protocol,synthetic-demo-contract-v1,True,3.708836095377717,3.817292562675334,3.9545924298152593,4.091653141277627,4.211632098112303,4.329334330068628,4.454212870845012,4.585556746048439
1700000000710000000,10710000000,143,142,142,0,0,,,,0,open_hand,hold,200.0,dev-0123456789abcdef0123456789abcdef,synthetic-3-open_hand,29,protocol,synthetic-demo-contract-v1,True,3.927924076776743,4.042054882868787,4.1832177275869125,4.326845936637543,4.453176538787809,4.576075100356343,4.705743031205136,4.842087734049714
1700000000715000000,10715000000,144,143,143,0,0,,,,0,open_hand,hold,200.0,dev-0123456789abcdef0123456789abcdef,synthetic-3-open_hand,29,protocol,synthetic-demo-contract-v1,True,4.146262875856708,4.266395267931001,4.411276972681642,4.5613506742943795,4.694091205360635,4.822246608365378,4.956702793608332,5.098009208804693
1700000000720000000,10720000000,145,144,144,0,0,,,,0,open_hand,hold,200.0,dev-0123456789abcdef0123456789abcdef,synthetic-3-open_hand,29,protocol,synthetic-demo-contract-v1,True,4.363856040121611,4.49030931962633,4.638789407515056,4.795174267034859,4.934375073697194,5.06785045726468,5.207098504916949,5.3533301523792
1700000000725000000,10725000000,146,145,145,0,0,,,,0,open_hand,hold,200.0,dev-0123456789abcdef0123456789abcdef,synthetic-3-open_hand,29,protocol,synthetic-demo-contract-v1,True,4.580712933770441,4.713792332525708,4.8657757501604495,5.028326403776618,5.174029238902146,5.312889833126117,5.456938078170098,5.608061319782785
1700000000730000000,10730000000,147,146,146,0,0,,,,0,open_hand,hold,200.0,dev-0123456789abcdef0123456789abcdef,synthetic-3-open_hand,29,protocol,synthetic-demo-contract-v1,True,4.796848668882402,4.936839457986057,5.092258007374268,5.260819505187358,5.413056946481526,5.557369513476086,5.706230968809408,5.862215200899019
1700000000735000000,10735000000,148,147,147,0,0,,,,0,open_hand,hold,200.0,dev-0123456789abcdef0123456789abcdef,synthetic-3-open_hand,29,protocol,synthetic-demo-contract-v1,True,5.012283947943944,5.159445891484011,5.3182592877140324,5.4926686642369065,5.651463615123728,5.801295871953594,5.954988147152883,6.115805977481618
1700000000740000000,10740000000,149,148,148,0,0,,,,0,open_hand,hold,200.0,dev-0123456789abcdef0123456789abcdef,synthetic-3-open_hand,29,protocol,synthetic-demo-contract-v1,True,5.227044820463401,5.381607080037341,5.543803616793652,5.7238915720773536,5.889256850757721,6.044676878926151,6.20322206719225,6.368849475372091
1700000000745000000,10745000000,150,149,149,0,0,,,,0,open_hand,hold,200.0,dev-0123456789abcdef0123456789abcdef,synthetic-3-open_hand,29,protocol,synthetic-demo-contract-v1,True,5.441162358083394,5.603318946070137,5.768915756646351,5.954508429756102,6.126446451591604,6.287522097921331,6.450946631794883,6.621363112107099
1700000000750000000,10750000000,151,150,150,0,0,,,,0,open_hand,hold,200.0,dev-0123456789abcdef0123456789abcdef,synthetic-3-open_hand,29,protocol,synthetic-demo-contract-v1,True,0.15467225417729108,0.18707812375859037,0.2186210310674038,0.2720418463719587,0.31304440388127797,0.3423426777396843,0.37317715439657706,0.41086584009573557
1700000000755000000,10755000000,152,151,151,0,0,,,,0,open_hand,hold,200.0,dev-0123456789abcdef0123456789abcdef,synthetic-3-open_hand,29,protocol,synthetic-demo-contract-v1,True,0.3676143553720975,0.4078822036382615,0.4429451586887927,0.5015167243843965,0.5490648682283965,0.5841513401239028,0.6199303172767646,0.6623780855580529
1700000000760000000,10760000000,153,152,152,0,0,,,,0,open_hand,hold,200.0,dev-0123456789abcdef0123456789abcdef,synthetic-3-open_hand,29,protocol,synthetic-demo-contract-v1,True,0.580032133746888,0.6282299810652865,0.6669140953974635,0.7304601328800562,0.7845241562585409,0.8254623628698453,0.8662241265127367,0.9134216834268536
1700000000765000000,10765000000,154,153,153,0,0,,,,0,open_hand,hold,200.0,dev-0123456789abcdef0123456789abcdef,synthetic-3-open_hand,29,protocol,synthetic-demo-contract-v1,True,0.791972109586752,0.8481217040060756,0.8905538875499555,0.9589011696874082,1.0194406975843888,1.066291558277116,1.1120778637144668,1.164019808424596
1700000000770000000,10770000000,155,154,154,0,0,,,,0,open_hand,hold,200.0,dev-0123456789abcdef0123456789abcdef,synthetic-3-open_hand,29,protocol,synthetic-demo-contract-v1,True,1.0034832355045138,1.0675593155848169,1.11389053726081,1.186870813309681,1.2538349970141083,1.3066562468503429,1.357512034646459,1.4141969025364591
1700000000775000000,10775000000,156,155,155,0,0,,,,0,open_hand,hold,200.0,dev-0123456789abcdef0123456789abcdef,synthetic-3-open_hand,29,protocol,synthetic-demo-contract-v1,True,1.2146162534574145,1.28654668684633,1.3369498808527325,1.414401765716876,1.4877295820220124,1.5465752261771484,1.6025483148478612,1.663978599109071
1700000000780000000,10780000000,157,156,156,0,0,,,,0,open_hand,hold,200.0,dev-0123456789abcdef0123456789abcdef,synthetic-3-open_hand,29,protocol,synthetic-demo-contract-v1,True,1.4254230366691245,1.505089835293237,1.559757481355345,1.6415282870993302,1.7211489405561478,1.786068734924897,1.8472094923667732,1.9133916438121001
1700000000785000000,10785000000,158,157,157,0,0,,,,0,open_hand,hold,200.0,dev-0123456789abcdef0123456789abcdef,synthetic-3-open_hand,29,protocol,synthetic-demo-contract-v1,True,1.6359559287093415,1.7231971249296771,1.7823385357292292,1.868286023737415,1.9541194493156775,2.0251584119157036,2.091519407729392,2.162463812706892
1700000000790000000,10790000000,159,158,158,0,0,,,,0,open_hand,hold,200.0,dev-0123456789abcdef0123456789abcdef,synthetic-3-open_hand,29,protocol,synthetic-demo-contract-v1,True,1.8462670919789947,1.9408794437862307,2.0047177972754184,2.0947118301839973,2.186669292689125,2.2638672502577015,2.3355028912692144,2.4112238276725297
1700000000795000000,10795000000,160,159,159,0,0,,,,0,open_hand,hold,200.0,dev-0123456789abcdef0123456789abcdef,synthetic-3-open_hand,29,protocol,synthetic-demo-contract-v1,True,2.0564078775990904,2.158150355208785,2.2269195134704263,2.3208435869880475,2.4188283726024324,2.5022195465302177,2.579185697946155,2.6597012694451423
1700000000800000000,10800000000,161,160,160,0,0,,,,0,open_hand,hold,200.0,dev-0123456789abcdef0123456789abcdef,synthetic-3-open_hand,29,protocol,synthetic-demo-contract-v1,True,2.266428228210704,2.3750262195630554,2.4489673792460427,2.546720015208922,2.6506282095829317,2.7402408450411375,2.8225944397899725,2.907926488530977
1700000000805000000,10805000000,162,161,161,0,0,,,,0,open_hand,hold,200.0,dev-0123456789abcdef0123456789abcdef,synthetic-3-open_hand,29,protocol,synthetic-demo-contract-v1,True,2.4763761244727394,2.5915262834307127,2.6708845055143535,2.772380488981238,2.8821018354012344,2.977957877196272,3.065756516106944,3.1559305142576433
1700000000810000000,10810000000,163,162,162,0,0,,,,0,open_hand,hold,200.0,dev-0123456789abcdef0123456789abcdef,synthetic-3-open_hand,29,protocol,synthetic-demo-contract-v1,True,2.6862970851076917,2.8076727338461462,2.8926934025244972,2.9978648473899487,3.1132836777074306,3.2153984960428885,3.3087000415932732,3.4037449622311216
1700000000815000000,10815000000,164,163,163,0,0,,,,0,open_hand,hold,200.0,dev-0123456789abcdef0123456789abcdef,synthetic-3-open_hand,29,protocol,synthetic-demo-contract-v1,True,2.896233729212928,3.023490715637375,3.1144159774312854,3.2232132069041435,3.344209437130307,3.45259160607253,3.5514537725031645,3.651401940468469
1700000000820000000,10820000000,165,164,164,0,0,,,,0,open_hand,hold,200.0,dev-0123456789abcdef0123456789abcdef,synthetic-3-open_hand,29,protocol,synthetic-demo-contract-v1,True,3.1062254082492484,3.239008310482806,3.3360735452596524,3.448465775596539,3.5749159573583285,3.6895670883918403,3.794047031024049,3.8989339544778465
1700000000825000000,10825000000,166,165,165,0,0,,,,0,open_hand,hold,200.0,dev-0123456789abcdef0123456789abcdef,synthetic-3-open_hand,29,protocol,synthetic-demo-contract-v1,True,3.316307913666287,3.454256476868669,3.557686852265334,3.673662670343759,3.805441088768265,3.9263557213940223,4.036509628015822,4.146373811558312
1700000000830000000,10830000000,167,166,166,0,0,,,,0,open_hand,hold,200.0,dev-0123456789abcdef0123456789abcdef,synthetic-3-open_hand,29,protocol,synthetic-demo-contract-v1,True,3.5265132645554975,3.6692689507214813,3.7792761105236634,3.8988437381607497,4.035823546211531,4.162989097087804,4.278871784275424,4.393754524592033
1700000000835000000,10835000000,168,167,167,0,0,,,,0,open_hand,hold,200.0,dev-0123456789abcdef0123456789abcdef,synthetic-3-open_hand,29,protocol,synthetic-demo-contract-v1,True,3.7368695780679415,3.8840821070863587,4.000861042426923,4.124048382771456,4.266102761608884,4.3994995332651134,4.52116405049243,4.6411092156009355
1700000000840000000,10840000000,169,168,168,0,0,,,,0,open_hand,hold,200.0,dev-0123456789abcdef0123456789abcdef,synthetic-3-open_hand,29,protocol,synthetic-demo-contract-v1,True,3.9474010236297628,4.098734783816435,4.222460933638288,4.349315397457751,4.496318732041075,4.635919981713006,4.76341722606565,4.888471019338545
1700000000845000000,10845000000,170,169,169,0,0,,,,0,open_hand,hold,200.0,dev-0123456789abcdef0123456789abcdef,synthetic-3-open_hand,29,protocol,synthetic-demo-contract-v1,True,4.15812786026772,4.313268068821586,4.44409469293868,4.574682805160224,4.726511864055835,4.87228393269947,5.005662276954967,5.135872987185755
1700000000850000000,10850000000,171,170,170,0,0,,,,0,open_hand,hold,200.0,dev-0123456789abcdef0123456789abcdef,synthetic-3-open_hand,29,protocol,synthetic-demo-contract-v1,True,4.3690665546556895,4.527725052987214,4.665780917313181,4.800187706728383,4.956722814940145,5.108625315986578,5.247930252746787,5.3833479916165965
1700000000855000000,10855000000,172,171,171,0,0,,,,0,open_hand,hold,200.0,dev-0123456789abcdef0123456789abcdef,synthetic-3-open_hand,29,protocol,synthetic-demo-contract-v1,True,4.580229975845238,4.74215055140713,4.887537960557244,5.025866138135051,5.1869923317307185,5.3449783986477,5.490252203115543,5.630928631496684
1700000000860000000,10860000000,173,172,172,0,0,,,,0,open_hand,hold,200.0,dev-0123456789abcdef0123456789abcdef,synthetic-3-open_hand,29,protocol,synthetic-demo-contract-v1,True,4.791627661082819,4.956590796070363,5.109384003640521,5.251752937380928,5.417361088754899,5.581377679988133,5.7326590938675475,5.878647138473092
1700000000865000000,10865000000,174,173,173,0,0,,,,0,open_hand,hold,200.0,dev-0123456789abcdef0123456789abcdef,synthetic-3-open_hand,29,protocol,synthetic-demo-contract-v1,True,5.003266145674685,5.171093103592189,5.331337125048267,5.477881621721369,5.647869524508539,5.817857783890341,5.975181722757311,6.126535284709688
1700000000870000000,10870000000,175,174,174,0,0,,,,0,open_hand,hold,200.0,dev-0123456789abcdef0123456789abcdef,synthetic-3-open_hand,29,protocol,synthetic-demo-contract-v1,True,5.2151493485674685,5.385705521977898,5.553415369327176,5.704284275749366,5.878557678686802,6.054453348925787,6.21785063526996,6.374624292216793
1700000000875000000,10875000000,176,175,175,0,0,,,,0,open_hand,hold,200.0,dev-0123456789abcdef0123456789abcdef,synthetic-3-open_hand,29,protocol,synthetic-demo-contract-v1,True,-0.07272099580595802,-0.03702353925263919,0.0006368120940493096,0.01849145076746462,0.059465030188077264,0.1036989165950699,0.1356960405667576,0.16044474401813616
1700000000880000000,10880000000,177,176,176,0,0,,,,0,open_hand,hold,200.0,dev-0123456789abcdef0123456789abcdef,synthetic-3-open_hand,29,protocol,synthetic-demo-contract-v1,True,0.13965513021332784,0.17795430902425588,0.22301961982152846,0.24553207577784017,0.29063033691030143,0.3406288180765631,0.37874772779388793,0.4090264973917763
1700000000885000000,10885000000,178,177,177,0,0,,,,0,open_hand,hold,200.0,dev-0123456789abcdef0123456789abcdef,synthetic-3-open_hand,29,protocol,synthetic-demo-contract-v1,True,0.3522765200678633,0.39318704640120855,0.4455821027943227,0.47293338031501925,0.5220914781528819,0.5777770598806375,0.6220349829574577,0.6578985994145922
1700000000890000000,10890000000,179,178,178,0,0,,,,0,open_hand,hold,200.0,dev-0123456789abcdef0123456789abcdef,synthetic-3-open_hand,29,protocol,synthetic-demo-contract-v1,True,0.5651412488086108,0.6087218515280555,0.6683427597312503,0.7007208292409051,0.7538853004262309,0.8151772088221314,0.8655865065702631,0.9070892050326325
1700000000895000000,10895000000,180,179,179,0,0,,,,0,open_hand,hold,200.0,dev-0123456789abcdef0123456789abcdef,synthetic-3-open_hand,29,protocol,synthetic-demo-contract-v1,True,0.778247180402046,0.8246047134326169,0.8913203126912941,0.9289180695176062,0.9860474674545837,1.0528622767374014,1.1094303322780623,1.1566254978715795
1700000000900000000,10900000000,181,180,180,0,0,,,,0,open_hand,hold,200.0,dev-0123456789abcdef0123456789abcdef,synthetic-3-open_hand,29,protocol,synthetic-demo-contract-v1,True,0.9915924647448066,1.0408800505707296,1.1145337310244487,1.1575468888712932,1.218612315136475,1.290864605384256,1.3535937466749266,1.4065336139932008
1700000000905000000,10905000000,182,181,181,0,0,,,,0,open_hand,hold,200.0,dev-0123456789abcdef0123456789abcdef,synthetic-3-open_hand,29,protocol,synthetic-demo-contract-v1,True,1.205176012865758,1.257590342515013,1.338002243288467,1.3866271861607953,1.4516127122011084,1.5292157519730882,1.5981032105187076,1.6568385687948184
1700000000910000000,10910000000,183,182,182,0,0,,,,0,open_hand,hold,200.0,dev-0123456789abcdef0123456789abcdef,synthetic-3-open_hand,29,protocol,synthetic-demo-contract-v1,True,1.4189979392888623,1.4747757790310847,1.5617453362286366,1.6161769531688082,1.6850799272680008,1.7679463757854887,1.8429842815586246,1.9075641872395444
1700000000915000000,10915000000,184,183,183,0,0,,,,0,open_hand,hold,200.0,dev-0123456789abcdef0123456789abcdef,synthetic-3-open_hand,29,protocol,synthetic-demo-contract-v1,True,1.633059961252585,1.6924739310582042,1.785782740107229,1.8462122674423687,1.919043502981975,2.0070861263424775,2.0882615391875268,2.1587330375953795
1700000000920000000,10920000000,185,184,184,0,0,,,,0,open_hand,hold,200.0,dev-0123456789abcdef0123456789abcdef,synthetic-3-open_hand,29,protocol,synthetic-demo-contract-v1,True,1.8473657454178072,1.9107194478119982,2.01013439986977,2.0767472957234583,2.153531137856012,2.246663533588133,2.3339585111313834,2.4103663688512613
1700000000925000000,10925000000,186,185,185,0,0,,,,0,open_hand,hold,200.0,dev-0123456789abcdef0123456789abcdef,synthetic-3-open_hand,29,protocol,synthetic-demo-contract-v1,True,2.061921193827111,2.1295437838646416,2.2348204318442892,2.307794307431034,2.3885685764109468,2.4867059005557515,2.580097602388055,2.6624840519677826
1700000000930000000,10930000000,187,186,186,0,0,,,,0,open_hand,hold,200.0,dev-0123456789abcdef0123456789abcdef,synthetic-3-open_hand,29,protocol,synthetic-demo-contract-v1,True,2.2767346621806293,2.3489749596380802,2.4598610658844464,2.5393636975831524,2.6241795081537846,2.727239198982711,2.8267000266262707,2.9151045251096566
1700000000935000000,10935000000,188,187,187,0,0,,,,0,open_hand,hold,200.0,dev-0123456789abcdef0123456789abcdef,synthetic-3-open_hand,29,protocol,synthetic-demo-contract-v1,True,2.4918171049406648,2.569037358275023,2.6852765730852166,2.771464018482774,2.8603854758858627,2.9682879683368553,3.0737857402540807,3.1682447429960514
1700000000940000000,10940000000,189,188,188,0,0,,,,0,open_hand,hold,200.0,dev-0123456789abcdef0123456789abcdef,synthetic-3-open_hand,29,protocol,synthetic-demo-contract-v1,True,2.707182143339299,2.78975156133767,2.911087179417791,3.004102019433922,3.0972057937785036,3.2098752187114346,3.321373379363668,3.4219201304937172
1700000000945000000,10945000000,190,189,189,0,0,,,,0,open_hand,hold,200.0,dev-0123456789abcdef0123456789abcdef,synthetic-3-open_hand,29,protocol,synthetic-demo-contract-v1,True,2.9228460540082226,3.011134225233396,3.137312965845747,3.237282693706559,3.334657475597658,3.4520223380375112,3.569480199756459,3.676144540566425
1700000000950000000,10950000000,191,190,190,0,0,,,,0,open_hand,hold,200.0,dev-0123456789abcdef0123456789abcdef,synthetic-3-open_hand,29,protocol,synthetic-demo-contract-v1,True,3.1388276776441923,3.233197999688243,3.3639737556945364,3.4710093319291824,3.572755173400559,3.6947490040520687,3.818122020248756,3.930930216682601
1700000000955000000,10955000000,192,191,191,0,0,,,,0,open_hand,hold,200.0,dev-0123456789abcdef0123456789abcdef,synthetic-3-open_hand,29,protocol,synthetic-demo-contract-v1,True,3.355148248832206,3.4559514889919414,3.591088990248221,3.7052835810581386,3.8115111269671527,3.9380731014470944,4.067313169453746,4.186287759771229
1700000000960000000,10960000000,193,192,192,0,0,,,,0,open_hand,hold,200.0,dev-0123456789abcdef0123456789abcdef,synthetic-3-open_hand,29,protocol,synthetic-demo-contract-v1,True,3.571831149836574,3.6793992561315307,3.8186775937385593,3.940105508052069,4.050935124167396,4.182010644609492,4.317066436230605,4.442226099804195
1700000000965000000,10965000000,194,193,193,0,0,,,,0,open_hand,hold,200.0,dev-0123456789abcdef0123456789abcdef,synthetic-3-open_hand,29,protocol,synthetic-demo-contract-v1,True,3.7889015928028984,3.9035418693235373,4.046757829069461,4.175473667368913,4.291034472402791,4.426575706343955,4.567393023985573,4.698752472071116
1700000000970000000,10970000000,195,194,194,0,0,,,,0,open_hand,hold,200.0,dev-0123456789abcdef0123456789abcdef,synthetic-3-open_hand,29,protocol,synthetic-demo-contract-v1,True,4.00638623635808,4.128375989856648,4.275347145782164,4.411385171401504,4.5318139811972955,4.67178035295091,4.818302509003212,4.955872398200622
1700000000975000000,10975000000,196,195,195,0,0,,,,0,open_hand,hold,200.0,dev-0123456789abcdef0123456789abcdef,synthetic-3-open_hand,29,protocol,synthetic-demo-contract-v1,True,4.224312744019062,4.353894499576787,4.5044620219111495,4.647835762975825,4.773275955949379,4.917634586009454,5.069802802978709,5.21358967196974
1700000000980000000,10980000000,197,196,196,0,0,,,,0,open_hand,hold,200.0,dev-0123456789abcdef0123456789abcdef,synthetic-3-open_hand,29,protocol,synthetic-demo-contract-v1,True,4.442709293094892,4.580086665793457,4.7341178015057155,4.8848198890533805,5.015420202793891,5.164146291190809,5.321900119913855,5.47190634993083
1700000000985000000,10985000000,198,197,197,0,0,,,,0,open_hand,hold,200.0,dev-0123456789abcdef0123456789abcdef,synthetic-3-open_hand,29,protocol,synthetic-demo-contract-v1,True,4.661604043864591,4.806938340868564,4.964328529695837,5.122330774805443,5.258244044460143,5.411321194401569,5.574598947530439,5.730822746873205
1700000000990000000,10990000000,199,198,198,0,0,,,,0,open_hand,hold,200.0,dev-0123456789abcdef0123456789abcdef,synthetic-3-open_hand,29,protocol,synthetic-demo-contract-v1,True,4.881024579712518,5.034432193274478,5.1951067872616665,5.360360497261893,5.5017423469513576,5.659162825527634,5.827902023344989,5.990337436124289
1700000000995000000,10995000000,200,199,199,0,0,,,,0,open_hand,hold,200.0,dev-0123456789abcdef0123456789abcdef,synthetic-3-open_hand,29,protocol,synthetic-demo-contract-v1,True,5.100997329585064,5.26254796648411,5.426463526723046,5.598900057780488,5.745907556811141,5.907672490019805,6.081810315538342,6.2504472546829
1700000001000000000,11000000000,201,200,200,0,0,,,,0,open_hand,hold,200.0,dev-0123456789abcdef0123456789abcdef,synthetic-3-open_hand,29,protocol,synthetic-demo-contract-v1,True,-0.1784530154169245,-0.14623723831132934,-0.11659208800263801,-0.07456054736699495,-0.05927025131504221,-0.03065075146977026,0.011323008742202285,0.04864731316508651
1700000001005000000,11005000000,202,201,201,0,0,,,,0,open_hand,hold,200.0,dev-0123456789abcdef0123456789abcdef,synthetic-3-open_hand,29,protocol,synthetic-demo-contract-v1,True,0.04269592071431124,0.08305134003401267,0.11594716368101678,0.16496774106245357,0.18619668282939955,0.21918990477584788,0.2664374948528737,0.30993101053080185
1700000001010000000,11010000000,203,202,202,0,0,,,,0,open_hand,hold,200.0,dev-0123456789abcdef0123456789abcdef,synthetic-3-open_hand,29,protocol,synthetic-demo-contract-v1,True,0.26446363979457377,0.3128864398286266,0.3490864119907579,0.40497311022937627,0.43229387216947096,0.46968900177036177,0.5221493689695276,0.5717900535476943
1700000001015000000,11015000000,204,203,203,0,0,,,,0,open_hand,hold,200.0,dev-0123456789abcdef0123456789abcdef,synthetic-3-open_hand,29,protocol,synthetic-demo-contract-v1,True,0.48686624020567204,0.543239104008987,0.5828285593569524,0.6454429365347459,0.6790046584547217,0.7208388265307131,0.778452430540967,0.8342144809364139
1700000001020000000,11020000000,205,204,204,0,0,,,,0,open_hand,hold,200.0,dev-0123456789abcdef0123456789abcdef,synthetic-3-open_hand,29,protocol,synthetic-demo-contract-v1,True,0.7099159286982915,0.7740790130533772,0.8171741545913269,0.8863638428810776,0.9263102970189593,0.9726294233273508,1.0353386897906594,1.0971926921300947
1700000001025000000,11025000000,206,205,205,0,0,,,,0,open_hand,hold,200.0,dev-0123456789abcdef0123456789abcdef,synthetic-3-open_hand,29,protocol,synthetic-demo-contract-v1,True,0.9336205836786236,1.0053748185148925,1.0521212804578821,1.1277217515113576,1.1741900496059179,1.2250486155101767,1.2927983794750333,1.3607114805691072
1700000001030000000,11030000000,207,206,206,0,0,,,,0,open_hand,hold,200.0,dev-0123456789abcdef0123456789abcdef,synthetic-3-open_hand,29,protocol,synthetic-demo-contract-v1,True,1.1579833794541738,1.237094472398116,1.2876654563584122,1.3695019321463144,1.4226212846848152,1.4780820359040145,1.550819972014623,1.6247560714408087
1700000001035000000,11035000000,208,207,207,0,0,,,,0,open_hand,hold,200.0,dev-0123456789abcdef0123456789abcdef,synthetic-3-open_hand,29,protocol,synthetic-demo-contract-v1,True,1.3830024797559202,1.4692055477309685,1.5237995577046872,1.611689045223518,1.6715795846454657,1.7317131657290208,1.809390202021674,1.8893101637628618
1700000001040000000,11040000000,209,208,208,0,0,,,,0,open_hand,hold,200.0,dev-0123456789abcdef0123456789abcdef,synthetic-3-open_hand,29,protocol,synthetic-demo-contract-v1,True,1.6086708075242506,1.701675545881244,1.760513753389451,1.8542671801258277,1.9210388592327234,1.985923381962819,2.0684940942313155,2.1543559766977767
1700000001045000000,11045000000,210,209,209,0,0,,,,0,open_hand,hold,200.0,dev-0123456789abcdef0123456789abcdef,synthetic-3-open_hand,29,protocol,synthetic-demo-contract-v1,True,1.8349758964717389,1.934472186433146,1.9977954625897916,2.0972198883709128,2.1709714645546656,2.2406920130225063,2.3281149968264447,2.419874299975675
1700000001050000000,11050000000,211,210,210,0,0,,,,0,open_hand,hold,200.0,dev-0123456789abcdef0123456789abcdef,synthetic-3-open_hand,29,protocol,synthetic-demo-contract-v1,True,2.061899828346579,2.1675636757683194,2.235629331941187,2.340530211816931,2.4213483269782294,2.4959964026062638,2.5882346201290707,2.6858445482918927
1700000001055000000,11055000000,212,211,211,0,0,,,,0,open_hand,hold,200.0,dev-0123456789abcdef0123456789abcdef,synthetic-3-open_hand,29,protocol,synthetic-demo-contract-v1,True,2.2894192581485604,2.4009189508831867,2.4739972339109464,2.5841807060210993,2.672139071210073,2.7518119814962794,2.8488330806130966,2.9522448195359554
1700000001060000000,11060000000,213,212,212,0,0,,,,0,open_hand,hold,200.0,dev-0123456789abcdef0123456789abcdef,synthetic-3-open_hand,29,protocol,synthetic-demo-contract-v1,True,2.517505527828678,2.634507895413629,2.7128782869782544,2.828153458966898,2.923312151849308,3.008112347087346,3.109888950175512,3.2190519566987223
1700000001065000000,11065000000,214,213,213,0,0,,,,0,open_hand,hold,200.0,dev-0123456789abcdef0123456789abcdef,synthetic-3-open_hand,29,protocol,synthetic-demo-contract-v1,True,2.7461248672685823,2.868301525322104,2.952248897997232,3.07243010545106,3.174834987692433,3.264869350368893,3.3713793105846204,3.4862416132950313
1700000001070000000,11070000000,215,214,214,0,0,,,,0,open_hand,hold,200.0,dev-0123456789abcdef0123456789abcdef,synthetic-3-open_hand,29,protocol,synthetic-demo-contract-v1,True,2.9752386796224,3.1022721422235913,3.1920828268820713,3.3169918374926213,3.4266740980693537,3.5220531900527408,3.6332798130055344,3.753788322130171
1700000001075000000,11075000000,216,215,215,0,0,,,,0,open_hand,hold,200.0,dev-0123456789abcdef0123456789abcdef,synthetic-3-open_hand,29,protocol,synthetic-demo-contract-v1,True,3.2048039064454787,3.336393452876889,3.432351273512191,3.5618194111921553,3.6787952404926116,3.779632513504514,3.8955647424845887,4.021665567229773
1700000001080000000,11080000000,217,216,216,0,0,,,,0,open_hand,hold,200.0,dev-0123456789abcdef0123456789abcdef,synthetic-3-open_hand,29,protocol,synthetic-demo-contract-v1,True,3.4347734664661425,3.5706406539381077,3.673022986513364,3.806893150529347,3.931163548909936,4.037574524103816,4.158207087255779,4.289845858744469
1700000001085000000,11085000000,218,217,217,0,0,,,,0,open_hand,hold,200.0,dev-0123456789abcdef0123456789abcdef,synthetic-3-open_hand,29,protocol,synthetic-demo-contract-v1,True,3.6650967604092166,3.8049904816546767,3.914064393330793,4.052192948640408,4.183743671862723,4.295845094626949,4.421178612713821,4.558300810632754
1700000001090000000,11090000000,219,218,218,0,0,,,,0,open_hand,hold,200.0,dev-0123456789abcdef0123456789abcdef,synthetic-3-open_hand,29,protocol,synthetic-demo-contract-v1,True,3.895720232983278,4.039421226761567,4.155439750774998,4.297698267163082,4.436499909869941,4.554408886216491,4.684449939880083,4.827001220918078
1700000001095000000,11095000000,220,219,219,0,0,,,,0,open_hand,hold,200.0,dev-0123456789abcdef0123456789abcdef,synthetic-3-open_hand,29,protocol,synthetic-demo-contract-v1,True,4.126587982023583,4.2739127154175645,4.397111314993955,4.543388134275442,4.689396351378077,4.813229472474449,4.947990628169427,5.095917154309197
1700000001100000000,11100000000,221,220,220,0,0,,,,0,open_hand,hold,200.0,dev-0123456789abcdef0123456789abcdef,synthetic-3-open_hand,29,protocol,synthetic-demo-contract-v1,True,4.3576424038620685,4.508446257579206,4.639039529607915,4.789241142085003,4.942397006642809,5.072269468190284,5.211769262248253,5.365018026966257
1700000001105000000,11105000000,222,221,221,0,0,,,,0,open_hand,hold,200.0,dev-0123456789abcdef0123456789abcdef,synthetic-3-open_hand,29,protocol,synthetic-demo-contract-v1,True,4.588824863293381,4.743004564744537,4.881183230539384,5.035235444046528,5.195465938936947,5.331490662191867,5.475753542756444,5.634272693189108
1700000001110000000,11110000000,223,222,222,0,0,,,,0,open_hand,hold,200.0,dev-0123456789abcdef0123456789abcdef,synthetic-3-open_hand,29,protocol,synthetic-demo-contract-v1,True,4.8200763760357415,4.977571639499835,5.123499865882176,5.281348753099834,5.4485673925114275,5.590854153786596,5.7399103806490155,5.903649533798722
1700000001115000000,11115000000,224,223,223,0,0,,,,0,open_hand,hold,200.0,dev-0123456789abcdef0123456789abcdef,synthetic-3-open_hand,29,protocol,synthetic-demo-contract-v1,True,5.05133829135707,5.212132639761871,5.36594572898278,5.527558341223062,5.701665916771631,5.850320492241596,6.004205994896707,6.173116545977617
1700000001120000000,11120000000,225,224,224,0,0,,,,0,open_hand,hold,200.0,dev-0123456789abcdef0123456789abcdef,synthetic-3-open_hand,29,protocol,synthetic-demo-contract-v1,True,5.282552962554816,5.446673721019038,5.608476202756251,5.773841041091864,5.9547264861695846,6.109849818736166,6.268606013269036,6.442641434330668
1700000001125000000,11125000000,226,225,225,0,0,,,,0,open_hand,hold,200.0,dev-0123456789abcdef0123456789abcdef,synthetic-3-open_hand,29,protocol,synthetic-demo-contract-v1,True,0.013664393241810527,0.04368186023017208,0.07604601312960534,0.10767325052099185,0.1577146153534047,0.18190201020663624,0.20807557590806472,0.24969170292371534
1700000001130000000,11130000000,227,226,226,0,0,,,,0,open_hand,hold,200.0,dev-0123456789abcdef0123456789abcdef,synthetic-3-open_hand,29,protocol,synthetic-demo-contract-v1,True,0.2446188478949247,0.2781446653346866,0.318609489399523,0.35403094034193683,0.41059646915830683,0.4414368244935639,0.4725794413869638,0.5192347480539956
1700000001135000000,11135000000,228,227,227,0,0,,,,0,open_hand,hold,200.0,dev-0123456789abcdef0123456789abcdef,synthetic-3-open_hand,29,protocol,synthetic-demo-contract-v1,True,0.47536541585783243,0.5125501745569585,0.5611208292095738,0.6003896663387003,0.6633389670682404,0.7009140461937543,0.7370820949338226,0.788737951503553
1700000001140000000,11140000000,229,228,228,0,0,,,,0,open_hand,hold,200.0,dev-0123456789abcdef0123456789abcdef,synthetic-3-open_hand,29,protocol,synthetic-demo-contract-v1,True,0.705856518939046,0.7468866498483147,0.8035343657960539,0.8467245858238954,0.9159098818233786,0.9602936326151228,1.00154785848876,1.0581687740245713
1700000001145000000,11145000000,230,229,229,0,0,,,,0,open_hand,hold,200.0,dev-0123456789abcdef0123456789abcdef,synthetic-3-open_hand,29,protocol,synthetic-demo-contract-v1,True,0.9360483538919648,0.9811423688987794,1.045804835121527,1.0930104793894757,1.1682779318958638,1.2195358592307721,1.265941002250804,1.3274948488038547
1700000001150000000,11150000000,231,230,230,0,0,,,,0,open_hand,hold,200.0,dev-0123456789abcdef0123456789abcdef,synthetic-3-open_hand,29,protocol,synthetic-demo-contract-v1,True,1.1659012623818605,1.2153054201667668,1.2878876405117887,1.3392217783110365,1.4204128676040517,1.4786014640300207,1.530225857360625,1.5966840746526572
1700000001155000000,11155000000,232,231,231,0,0,,,,0,open_hand,hold,200.0,dev-0123456789abcdef0123456789abcdef,synthetic-3-open_hand,29,protocol,synthetic-demo-contract-v1,True,1.3953800225085267,1.4493635053177436,1.529739112435135,1.5853325980223163,1.67228555068356,1.7374517901683495,1.794366929355916,1.8657047086675673
1700000001160000000,11160000000,233,232,232,0,0,,,,0,open_hand,hold,200.0,dev-0123456789abcdef0123456789abcdef,synthetic-3-open_hand,29,protocol,synthetic-demo-contract-v1,True,1.6244540575330721,1.6833037533335944,1.771316761112389,1.8313167780079607,1.923868027181409,1.996048926325426,2.0583290120281768,2.134525458108345
1700000001165000000,11165000000,234,233,233,0,0,,,,0,open_hand,hold,200.0,dev-0123456789abcdef0123456789abcdef,synthetic-3-open_hand,29,protocol,synthetic-demo-contract-v1,True,1.8530975591208272,1.917112550354972,2.012579519721416,2.0771479283884373,2.175133593586966,2.254355844190382,2.322077301302871,2.403115571239365
1700000001170000000,11170000000,235,234,234,0,0,,,,0,open_hand,hold,200.0,dev-0123456789abcdef0123456789abcdef,synthetic-3-open_hand,29,protocol,synthetic-demo-contract-v1,True,2.081289524125801,2.1507753890525048,2.2534879760600557,2.322799483392036,2.426056856160002,2.512336532506403,2.585577508759472,2.671444926882748
1700000001175000000,11175000000,236,235,235,0,0,,,,0,open_hand,hold,200.0,dev-0123456789abcdef0123456789abcdef,synthetic-3-open_hand,29,protocol,synthetic-demo-contract-v1,True,2.30901370567072,2.384276740993611,2.4940045906552735,2.5682447618259405,2.676613783461515,2.7699561271222892,2.848795974403848,2.9394841224333184
1700000001180000000,11180000000,237,236,236,0,0,,,,0,open_hand,hold,200.0,dev-0123456789abcdef0123456789abcdef,synthetic-3-open_hand,29,protocol,synthetic-demo-contract-v1,True,2.53625848098528,2.617599955084971,2.734093899452406,2.8134570345723215,2.926781752136733,3.0271810365169474,3.111699778302764,3.207204560088177
1700000001185000000,11185000000,238,237,237,0,0,,,,0,open_hand,hold,200.0,dev-0123456789abcdef0123456789abcdef,synthetic-3-open_hand,29,protocol,synthetic-demo-contract-v1,True,2.763016640119182,2.8507271847326447,2.9737226993849775,3.0584095990471423,3.176539586041634,3.283979062283624,3.374256850689112,3.4745785310470687
1700000001190000000,11190000000,239,238,238,0,0,,,,0,open_hand,hold,200.0,dev-0123456789abcdef0123456789abcdef,synthetic-3-open_hand,29,protocol,synthetic-demo-contract-v1,True,2.9892851012121833,3.083639345879263,3.212860215310602,3.303075860469868,3.425867588843953,3.5403195140840173,3.6364360801467175,3.7415792974436095
1700000001195000000,11195000000,240,239,239,0,0,,,,0,open_hand,hold,200.0,dev-0123456789abcdef0123456789abcdef,synthetic-3-open_hand,29,protocol,synthetic-demo-contract-v1,True,3.215064559449117,3.316316107558307,3.4514782469998972,3.5474294197024836,3.674747570266918,3.7961733186080724,3.898207419485444,4.008181171772144
1700000001200000000,11200000000,241,240,240,0,0,,,,0,open_hand,hold,200.0,dev-0123456789abcdef0123456789abcdef,synthetic-3-open_hand,29,protocol,synthetic-demo-contract-v1,True,3.44035907812415,3.5487359160574776,3.6895512950805585,3.7914441673270423,3.9231628661783646,4.0515131221030884,4.159541988920576,4.274359593580152
1700000001205000000,11205000000,242,241,241,0,0,,,,0,open_hand,hold,200.0,dev-0123456789abcdef0123456789abcdef,synthetic-3-open_hand,29,protocol,synthetic-demo-contract-v1,True,3.6651756313594483,3.780876053215192,3.927056665065412,4.035094383543479,4.171098352759449,4.306313386065705,4.420412176175408,4.540091203202101
1700000001210000000,11210000000,243,242,242,0,0,,,,0,open_hand,hold,200.0,dev-0123456789abcdef0123456789abcdef,synthetic-3-open_hand,29,protocol,synthetic-demo-contract-v1,True,3.8895236089460012,4.012712728795324,4.163974548828476,4.278354843384439,4.418540455015483,4.560550475722085,4.680791733132359,4.805353912317071
1700000001215000000,11215000000,244,243,243,0,0,,,,0,open_hand,hold,200.0,dev-0123456789abcdef0123456789abcdef,synthetic-3-open_hand,29,protocol,synthetic-demo-contract-v1,True,4.113414294480232,4.24422120630463,4.400288083134209,4.521200926662482,4.665477149916457,4.8142027409551105,4.940655868665915,5.070126971119689
1700000001220000000,11220000000,245,244,244,0,0,,,,0,open_hand,hold,200.0,dev-0123456789abcdef0123456789abcdef,synthetic-3-open_hand,29,protocol,synthetic-demo-contract-v1,True,4.336860328444833,4.475375961044032,4.635983385069219,4.763608731987928,4.911897964476331,5.067250589372441,5.199981337300217,5.3343910319015855
1700000001225000000,11225000000,246,245,245,0,0,,,,0,open_hand,hold,200.0,dev-0123456789abcdef0123456789abcdef,synthetic-3-open_hand,29,protocol,synthetic-demo-contract-v1,True,4.5598751681166965,4.70615086862827,4.871049564469926,5.005555194123881,5.157793969098144,5.31967655124563,5.458746523345184,5.598128208849017
1700000001230000000,11230000000,247,246,246,0,0,,,,0,open_hand,hold,200.0,dev-0123456789abcdef0123456789abcdef,synthetic-3-open_hand,29,protocol,synthetic-demo-contract-v1,True,4.78247255617419,4.93651942167708,5.105478713681074,5.247018203879292,5.4031577665262684,5.571465336087995,5.716931520177514,5.861322133871172
1700000001235000000,11235000000,248,247,247,0,0,,,,0,open_hand,hold,200.0,dev-0123456789abcdef0123456789abcdef,synthetic-3-open_hand,29,protocol,synthetic-demo-contract-v1,True,5.004666009620938,5.166454971883642,5.339265875215841,5.487976729682045,5.647983476757778,5.822603880677407,5.974518204347043,6.1239580082832825
1700000001240000000,11240000000,249,248,248,0,0,,,,0,open_hand,hold,200.0,dev-0123456789abcdef0123456789abcdef,synthetic-3-open_hand,29,protocol,synthetic-demo-contract-v1,True,5.226468340148922,5.395930994210382,5.572408988115627,5.728410939922743,5.89226671827171,6.073081388369301,6.231490304204217,6.386022650178637
1700000001245000000,11245000000,250,249,249,0,0,,,,0,open_hand,hold,200.0,dev-0123456789abcdef0123456789abcdef,synthetic-3-open_hand,29,protocol,synthetic-demo-contract-v1,True,5.447891216340775,5.624921369555643,5.804908814023955,5.968302325116703,6.136004585938284,6.322889359584949,6.487833462761433,6.647504537334372
1700000001250000000,11250000000,251,250,250,0,0,,,,0,open_hand,hold,200.0,dev-0123456789abcdef0123456789abcdef,synthetic-3-open_hand,29,protocol,synthetic-demo-contract-v1,True,0.16894477717417714,0.2159006818838111,0.26176884419164304,0.2951338188971812,0.3291956259696869,0.3845216134000262,0.41853529451899035,0.44589384550693967
1700000001255000000,11255000000,252,251,251,0,0,,,,0,open_hand,hold,200.0,dev-0123456789abcdef0123456789abcdef,synthetic-3-open_hand,29,protocol,synthetic-demo-contract-v1,True,0.38963730516002004,0.4438445255218845,0.49299518881717524,0.5338899168275141,0.5718398082700603,0.6329743001986454,0.673585436005992,0.7061824819849034
1700000001260000000,11260000000,253,252,252,0,0,,,,0,open_hand,hold,200.0,dev-0123456789abcdef0123456789abcdef,synthetic-3-open_hand,29,protocol,synthetic-demo-contract-v1,True,0.6099749661434628,0.6712298181017587,0.7235964502948674,0.7720567920039907,0.8139384965349742,0.8807459053979912,0.9279755898070453,0.9658641142788087
1700000001265000000,11265000000,254,253,253,0,0,,,,0,open_hand,hold,200.0,dev-0123456789abcdef0123456789abcdef,synthetic-3-open_hand,29,protocol,synthetic-demo-contract-v1,True,0.8299616213502248,0.8980351144736555,0.9535835820920714,1.0096224064152857,1.055494416440021,1.127837244288415,1.1816995618674866,1.224934193840509
1700000001270000000,11270000000,255,254,254,0,0,,,,0,open_hand,hold,200.0,dev-0123456789abcdef0123456789abcdef,synthetic-3-open_hand,29,protocol,synthetic-demo-contract-v1,True,1.0495987156990232,1.1242409168344518,1.1829697351035748,1.2465766170281454,1.2965116222444264,1.3742514480729784,1.434753291892673,1.4833899747173405
1700000001275000000,11275000000,256,255,255,0,0,,,,0,open_hand,hold,200.0,dev-0123456789abcdef0123456789abcdef,synthetic-3-open_hand,29,protocol,synthetic-demo-contract-v1,True,1.2688852447571388,1.3498299763068358,1.411770093435158,1.4829112755829985,1.5369954621189588,1.6199939412288573,1.6871348766807148,1.7412305270599793
1700000001280000000,11280000000,257,256,256,0,0,,,,0,open_hand,hold,200.0,dev-0123456789abcdef0123456789abcdef,synthetic-3-open_hand,29,protocol,synthetic-demo-contract-v1,True,1.487817801023429,1.5747875812714718,1.6400017016478143,1.7186203211071287,1.776952542488139,1.8650724103505205,1.9388445862527448,1.9984567454166169
1700000001285000000,11285000000,258,257,257,0,0,,,,0,open_hand,hold,200.0,dev-0123456789abcdef0123456789abcdef,synthetic-3-open_hand,29,protocol,synthetic-demo-contract-v1,True,1.7063906985164639,1.7991018278939284,1.8676832855486252,1.9536998641869339,2.016390691655077,2.1094967646709653,2.1898848726703495,2.255071351760239
1700000001290000000,11290000000,259,258,258,0,0,,,,0,open_hand,hold,200.0,dev-0123456789abcdef0123456789abcdef,synthetic-3-open_hand,29,protocol,synthetic-demo-contract-v1,True,1.9245961729598846,2.02276386849895,2.094835068643154,2.188148262084339,2.255318922953432,2.353279088492366,2.440260371455981,2.511078893210225
1700000001295000000,11295000000,260,259,259,0,0,,,,0,open_hand,hold,200.0,dev-0123456789abcdef0123456789abcdef,synthetic-3-open_hand,29,protocol,synthetic-demo-contract-v1,True,2.142424653227218,2.2457681337237734,2.3214785863673404,2.4219661838353694,2.4937473976453384,2.5964335857911025,2.689977895559013,2.7664857344242297
1700000001300000000,11300000000,261,260,260,0,0,,,,0,open_hand,hold,200.0,dev-0123456789abcdef0123456789abcdef,synthetic-3-open_hand,29,protocol,synthetic-demo-contract-v1,True,2.3598650981676546,2.468112524725329,2.5476365001942756,2.655156664530758,2.731687387756927,2.8389765172940757,2.9390464218373746,3.021300044651234
1700000001305000000,11305000000,262,261,261,0,0,,,,0,open_hand,hold,200.0,dev-0123456789abcdef0123456789abcdef,synthetic-3-open_hand,29,protocol,synthetic-demo-contract-v1,True,2.5769053915144453,2.6897985721182667,2.7733324136634465,2.887725148048804,2.9691512390146246,3.0809261303534132,3.1874770700524118,3.275531779451798
1700000001310000000,11310000000,263,262,262,0,0,,,,0,open_hand,hold,200.0,dev-0123456789abcdef0123456789abcdef,synthetic-3-open_hand,29,protocol,synthetic-demo-contract-v1,True,2.79353278630772,2.9108315587756852,2.99859069230771,3.1196795175888963,3.2061523340160805,3.3223025819748826,3.435283074402542,3.5291926571068717
1700000001315000000,11315000000,264,263,263,0,0,,,,0,open_hand,hold,200.0,dev-0123456789abcdef0123456789abcdef,synthetic-3-open_hand,29,protocol,synthetic-demo-contract-v1,True,3.0097343891698713,3.1312206041253194,3.223436289357476,3.351030113439515,3.4427050557396344,3.563127855381516,3.6824797476494044,3.782296129751892
1700000001320000000,11320000000,265,264,264,0,0,,,,0,open_hand,hold,200.0,dev-0123456789abcdef0123456789abcdef,synthetic-3-open_hand,29,protocol,synthetic-demo-contract-v1,True,3.2254976738766885,3.3509787081131788,3.4478945789836963,3.5817897375064045,3.678824751466097,3.803425670517944,3.929084437918316,4.034857349288402
1700000001325000000,11325000000,266,265,265,0,0,,,,0,open_hand,hold,200.0,dev-0123456789abcdef0123456789abcdef,synthetic-3-open_hand,29,protocol,synthetic-demo-contract-v1,True,3.440811012989676,3.5701227535759053,3.671991198702794,3.811973644224095,3.9145276971565037,4.043221388922644,4.175116478282909,4.286893128140923
1700000001330000000,11330000000,267,266,266,0,0,,,,0,open_hand,hold,200.0,dev-0123456789abcdef0123456789abcdef,synthetic-3-open_hand,29,protocol,synthetic-demo-contract-v1,True,3.655664215868501,3.788673466353889,3.8957519024095673,4.041599517576292,4.149831062299904,4.282541913414673,4.4205971292716955,4.538421894942283
1700000001335000000,11335000000,268,267,267,0,0,,,,0,open_hand,hold,200.0,dev-0123456789abcdef0123456789abcdef,synthetic-3-open_hand,29,protocol,synthetic-demo-contract-v1,True,3.8700490611766014,4.00665533308021,4.119202425330349,4.270687434056757,4.3847528752162805,4.5214155830583405,4.665549514461792,4.789463645246061
1700000001340000000,11340000000,269,268,268,0,0,,,,0,open_hand,hold,200.0,dev-0123456789abcdef0123456789abcdef,synthetic-3-open_hand,29,protocol,synthetic-demo-contract-v1,True,4.0839598120321385,4.224096477186721,4.342368362000649,4.499259811511463,4.619311988771908,4.759872063883684,4.909998549352168,5.040039887380064
1700000001345000000,11345000000,270,269,269,0,0,,,,0,open_hand,hold,200.0,dev-0123456789abcdef0123456789abcdef,synthetic-3-open_hand,29,protocol,synthetic-demo-contract-v1,True,4.297393702240031,4.441028494268598,4.565275058171515,4.727341343913666,4.853528046437917,4.997942235852488,5.15397086373531,5.290173583569967
1700000001350000000,11350000000,271,270,270,0,0,,,,0,open_hand,hold,200.0,dev-0123456789abcdef0123456789abcdef,synthetic-3-open_hand,29,protocol,synthetic-demo-contract-v1,True,4.510351382563301,4.657486248533388,4.787947517339615,4.954958922235553,5.087421448598076,5.235658076568833,5.397494717812009,5.5398890864771175
1700000001355000000,11355000000,272,271,271,0,0,,,,0,open_hand,hold,200.0,dev-0123456789abcdef0123456789abcdef,synthetic-3-open_hand,29,protocol,synthetic-demo-contract-v1,True,4.722837316742861,4.873507632620867,5.010410322380111,5.182141541691749,5.321013318988815,5.47305254223991,5.640599912319114,5.789212071309268
1700000001360000000,11360000000,273,272,272,0,0,,,,0,open_hand,hold,200.0,dev-0123456789abcdef0123456789abcdef,synthetic-3-open_hand,29,protocol,synthetic-demo-contract-v1,True,4.934860117939161,5.089133293607452,5.232687572541747,5.408920195740625,5.5543254711339065,5.710159446396907,5.883317692964222,6.03816946367734
1700000001365000000,11365000000,274,273,273,0,0,,,,0,open_hand,hold,200.0,dev-0123456789abcdef0123456789abcdef,synthetic-3-open_hand,29,protocol,synthetic-demo-contract-v1,True,5.1464328174272485,5.30440632849524,5.45480283584274,5.635327757337691,5.787380374617808,5.947013336887375,6.125680649484429,6.286789363385376
1700000001370000000,11370000000,275,274,274,0,0,,,,0,open_hand,hold,200.0,dev-0123456789abcdef0123456789abcdef,synthetic-3-open_hand,29,protocol,synthetic-demo-contract-v1,True,5.357573058705393,5.519371952923604,5.676779116687214,5.861398848040557,6.02020112102605,6.18364937164943,6.367722609668357,6.535100964354462
1700000001375000000,11375000000,276,275,275,0,0,,,,0,open_hand,hold,200.0,dev-0123456789abcdef0123456789abcdef,synthetic-3-open_hand,29,protocol,synthetic-demo-contract-v1,True,0.06830321164962871,0.09657714722390405,0.12363883830746296,0.17466969566592142,0.2028113893681455,0.23260319377475508,0.2844785287014705,0.3206344708946273
1700000001380000000,11380000000,277,276,276,0,0,,,,0,open_hand,hold,200.0,dev-0123456789abcdef0123456789abcdef,synthetic-3-open_hand,29,protocol,synthetic-demo-contract-v1,True,0.27865040293238635,0.31107028425949623,0.34540383943033737,0.4001779812949742,0.43523541078858974,0.4689108063614219,0.5259843742142295,0.5684210105513877
1700000001385000000,11385000000,278,277,277,0,0,,,,0,open_hand,hold,200.0,dev-0123456789abcdef0123456789abcdef,synthetic-3-open_hand,29,protocol,synthetic-demo-contract-v1,True,0.4886464605907804,0.5254007437487009,0.5670953843688757,0.6254626765133251,0.6674979323646218,0.7051084476493114,0.7672770074307708,0.8159925437657669
1700000001390000000,11390000000,279,278,278,0,0,,,,0,open_hand,hold,200.0,dev-0123456789abcdef0123456789abcdef,synthetic-3-open_hand,29,protocol,synthetic-demo-contract-v1,True,0.6983277723452072,0.7396185179541637,0.7887341855556658,0.8505638718546392,0.89962417978582,0.941232466920417,1.0083940608324262,1.0633817705982296
1700000001395000000,11395000000,280,279,279,0,0,,,,0,open_hand,hold,200.0,dev-0123456789abcdef0123456789abcdef,synthetic-3-open_hand,29,protocol,synthetic-demo-contract-v1,True,0.9077350589967643,0.9537738137349391,1.0103404373644584,1.075522597492365,1.1316398187101095,1.1773192016336147,1.2493738127654757,1.310622034777855
1700000001400000000,11400000000,281,280,280,0,0,,,,0,open_hand,hold,200.0,dev-0123456789abcdef0123456789abcdef,synthetic-3-open_hand,29,protocol,synthetic-demo-contract-v1,True,1.1169130659376578,1.1679166559962244,1.2319338599136032,1.300380637290908,1.3635709145936612,1.413404856248777,1.4902550594359902,1.5577472253483922
1700000001405000000,11405000000,282,281,281,0,0,,,,0,open_hand,hold,200.0,dev-0123456789abcdef0123456789abcdef,synthetic-3-open_hand,29,protocol,synthetic-demo-contract-v1,True,1.3259101774574065,1.3820964975352408,1.453533751410687,1.525180337385475,1.5954438907982456,1.6495253831784156,1.7310769847463343,1.8047916761923564
1700000001410000000,11410000000,283,282,282,0,0,,,,0,open_hand,hold,200.0,dev-0123456789abcdef0123456789abcdef,synthetic-3-open_hand,29,protocol,synthetic-demo-contract-v1,True,1.5347779600858593,1.5963618401710313,1.6751590474841713,1.749964410508168,1.8272854847890052,1.8857163662865921,1.9718790284379113,2.051790063723143
1700000001415000000,11415000000,284,283,283,0,0,,,,0,open_hand,hold,200.0,dev-0123456789abcdef0123456789abcdef,synthetic-3-open_hand,29,protocol,synthetic-demo-contract-v1,True,1.7435706426500381,1.8107598718626048,1.8968283858561439,1.9747757373161947,2.0591227022481426,2.1220129073346787,2.2127007530128826,2.2987773030431202
1700000001420000000,11420000000,285,284,284,0,0,,,,0,open_hand,hold,200.0,dev-0123456789abcdef0123456789abcdef,synthetic-3-open_hand,29,protocol,synthetic-demo-contract-v1,True,1.9523445420064354,2.02533612426685,2.1185601746417775,2.199657166006003,2.290982768945675,2.3584495157519316,2.4535817099139434,2.5457884428728432
1700000001425000000,11425000000,286,285,285,0,0,,,,0,open_hand,hold,200.0,dev-0123456789abcdef0123456789abcdef,synthetic-3-open_hand,29,protocol,synthetic-demo-contract-v1,True,2.161157444517419,2.2401341548688545,2.3403726625164967,2.4246513115143498,2.5228930802270235,2.595060002085804,2.694561305445652,2.792858559562833
1700000001430000000,11430000000,287,286,286,0,0,,,,0,open_hand,hold,200.0,dev-0123456789abcdef0123456789abcdef,synthetic-3-open_hand,29,protocol,synthetic-demo-contract-v1,True,2.3700679542473346,2.4551952574377682,2.5622840089717736,2.649800355613735,2.754881147998596,2.8318773754627258,2.935678666923341,3.0400226505047505
1700000001435000000,11435000000,288,287,287,0,0,,,,0,open_hand,hold,200.0,dev-0123456789abcdef0123456789abcdef,synthetic-3-open_hand,29,protocol,synthetic-demo-contract-v1,True,2.5791348195421873,2.6705582041269262,2.784312352885176,2.8751458492050963,2.986974545116622,3.068933745364826,3.1769725095362378,3.2873155272633134
1700000001440000000,11440000000,289,288,288,0,0,,,,0,open_hand,hold,200.0,dev-0123456789abcdef0123456789abcdef,synthetic-3-open_hand,29,protocol,synthetic-demo-contract-v1,True,2.7884162501124337,2.8862590220545017,3.006475877659616,3.10072851809526,3.2192008471109017,3.3062602280019333,3.418481004410066,3.534771708753757
1700000001445000000,11445000000,290,289,289,0,0,,,,0,open_hand,hold,200.0,dev-0123456789abcdef0123456789abcdef,synthetic-3-open_hand,29,protocol,synthetic-demo-contract-v1,True,2.9979692369520774,3.1023308066778497,3.228792871240433,3.3265880735205093,3.4515875712038713,3.5438868575314104,3.660241648351129,3.782425314792274
1700000001450000000,11450000000,291,290,290,0,0,,,,0,open_hand,hold,200.0,dev-0123456789abcdef0123456789abcdef,synthetic-3-open_hand,29,protocol,synthetic-demo-contract-v1,True,3.2078488873944426,3.3188035737191157,3.4512817793961053,3.552763028640909,3.6841621126158715,3.781842502350948,3.902291135748609,4.0303099603483
1700000001455000000,11455000000,292,291,291,0,0,,,,0,open_hand,hold,200.0,dev-0123456789abcdef0123456789abcdef,synthetic-3-open_hand,29,protocol,synthetic-demo-contract-v1,True,3.418107787326486,3.5357041508202585,3.6739612507483015,3.7792905221832678,3.916951678179845,4.020154786661812,4.144665233104757,4.27845865082814
1700000001460000000,11460000000,293,292,292,0,0,,,,0,open_hand,hold,200.0,dev-0123456789abcdef0123456789abcdef,synthetic-3-open_hand,29,protocol,synthetic-demo-contract-v1,True,3.6287954020646174,3.753056109511245,3.896850172158038,4.0062061503539175,4.149983217322198,4.258850017472059,4.387398656653522,4.526903678718821
1700000001465000000,11465000000,294,293,293,0,0,,,,0,open_hand,hold,200.0,dev-0123456789abcdef0123456789abcdef,synthetic-3-open_hand,29,protocol,synthetic-demo-contract-v1,True,3.8399575266464443,3.970879737475128,4.119967693215649,4.233543808076732,4.383283350501245,4.497953117181355,4.630524953517367,4.77567652191957
1700000001470000000,11470000000,295,294,294,0,0,,,,0,open_hand,hold,200.0,dev-0123456789abcdef0123456789abcdef,synthetic-3-open_hand,29,protocol,synthetic-demo-contract-v1,True,4.051635795329594,4.189192050497225,4.343333238741119,4.461335540537306,4.61687829522997,4.737487561861194,4.874076386839241,5.024807744085643
1700000001475000000,11475000000,296,295,295,0,0,,,,0,open_hand,hold,200.0,dev-0123456789abcdef0123456789abcdef,synthetic-3-open_hand,29,protocol,synthetic-demo-contract-v1,True,4.2638672589304,4.408006842901888,4.566966508376079,4.689611405931833,4.850793789845597,4.977475325316858,5.118083825312264,5.274326897305596
1700000001480000000,11480000000,297,296,296,0,0,,,,0,open_hand,hold,200.0,dev-0123456789abcdef0123456789abcdef,synthetic-3-open_hand,29,protocol,synthetic-demo-contract-v1,True,4.476684037305129,4.627334774718404,4.790887462537243,4.918399350229634,5.085055015224217,5.217936828990406,5.362576637513431,5.524262427428311
1700000001485000000,11485000000,298,297,297,0,0,,,,0,open_hand,hold,200.0,dev-0123456789abcdef0123456789abcdef,synthetic-3-open_hand,29,protocol,synthetic-demo-contract-v1,True,4.690113052801619,4.847183493286094,5.01511629420074,5.147725094662352,5.319686514674173,5.458890897737517,5.607582591429903,5.774641582350337
1700000001490000000,11490000000,299,298,298,0,0,,,,0,open_hand,hold,200.0,dev-0123456789abcdef0123456789abcdef,synthetic-3-open_hand,29,protocol,synthetic-demo-contract-v1,True,4.904175848919417,5.067557786515663,5.239673386195251,5.377612036551434,5.554712112276679,5.700354721485331,5.853127759546949,6.025490323567188
1700000001495000000,11495000000,300,299,299,0,0,,,,0,open_hand,hold,200.0,dev-0123456789abcdef0123456789abcdef,synthetic-3-open_hand,29,protocol,synthetic-demo-contract-v1,True,5.118888496744162,5.2884597645772065,5.464579253896296,5.60808116397957,5.790154829976012,5.94234382275362,6.099236429845819,6.276833241284423
1700000001500000000,11500000000,301,300,300,0,0,,,,0,open_hand,hold,200.0,dev-0123456789abcdef0123456789abcdef,synthetic-3-open_hand,29,protocol,synthetic-demo-contract-v1,True,-0.1657384099993063,-0.12761093360865647,-0.08514552656825526,-0.07334901529772254,-0.023963196246087025,-0.002627970002273691,0.02093102303745093,0.0661934733753186
1700000001505000000,11505000000,302,301,301,0,0,,,,0,open_hand,hold,200.0,dev-0123456789abcdef0123456789abcdef,synthetic-3-open_hand,29,protocol,synthetic-demo-contract-v1,True,0.05030032783425874,0.09434308696521607,0.14051959572687572,0.15833746958374753,0.21237919925375623,0.24045145670905493,0.26823201633436194,0.3185926284620821
1700000001510000000,11510000000,303,302,302,0,0,,,,0,open_hand,hold,200.0,dev-0123456789abcdef0123456789abcdef,synthetic-3-open_hand,29,protocol,synthetic-demo-contract-v1,True,0.26700468271520894,0.31681722134423146,0.3665950469330825,0.39065401072749106,0.44920212724858904,0.48409248618733514,0.5161578740382382,0.5715507133865475
1700000001515000000,11515000000,304,303,303,0,0,,,,0,open_hand,hold,200.0,dev-0123456789abcdef0123456789abcdef,synthetic-3-open_hand,29,protocol,synthetic-demo-contract-v1,True,0.48436964920451986,0.5398051207477318,0.593101015995203,0.6236113943582602,0.686524559373709,0.728303761878686,0.7647249851948085,0.8250860653244497
1700000001520000000,11520000000,305,304,304,0,0,,,,0,open_hand,hold,200.0,dev-0123456789abcdef0123456789abcdef,synthetic-3-open_hand,29,protocol,synthetic-demo-contract-v1,True,0.7023855677488309,0.7632989563251362,0.8200573303152356,0.857217788398178,0.9243642445681364,0.9730921831546938,1.0139476085406705,1.079215288784491
1700000001525000000,11525000000,306,305,305,0,0,,,,0,open_hand,hold,200.0,dev-0123456789abcdef0123456789abcdef,synthetic-3-open_hand,29,protocol,synthetic-demo-contract-v1,True,0.921038516226212,0.9872896859104136,1.0474833206626522,1.091478744568074,1.1627376266902643,1.2184629063903383,1.2638378249389264,1.333953197719679
1700000001530000000,11530000000,307,306,306,0,0,,,,0,open_hand,hold,200.0,dev-0123456789abcdef0123456789abcdef,synthetic-3-open_hand,29,protocol,synthetic-demo-contract-v1,True,1.1403107606667795,1.2117673191677512,1.275397676660898,1.3263972147356602,1.4016597637907053,1.4644193511827552,1.5144054974718961,1.5893127629637942
1700000001535000000,11535000000,308,307,307,0,0,,,,0,open_hand,hold,200.0,dev-0123456789abcdef0123456789abcdef,synthetic-3-open_hand,29,protocol,synthetic-demo-contract-v1,True,1.3601812554517398,1.4367211766095418,1.5038182943437006,1.561973581126405,1.6411442495397068,1.7109632115385356,1.7656582393299665,1.845305065190383
1700000001540000000,11540000000,309,308,308,0,0,,,,0,open_hand,hold,200.0,dev-0123456789abcdef0123456789abcdef,synthetic-3-open_hand,29,protocol,synthetic-demo-contract-v1,True,1.5806261823730434,1.6621401381277552,1.7327621174212882,1.798205699911681,1.881203137317267,1.9580944718445459,2.017601389605865,2.1019392535754333
1700000001545000000,11545000000,310,309,309,0,0,,,,0,open_hand,hold,200.0,dev-0123456789abcdef0123456789abcdef,synthetic-3-open_hand,29,protocol,synthetic-demo-contract-v1,True,1.8016195172320566,1.8880128769087101,1.9622449740236447,2.0350889575929276,2.1218468674811084,2.2058114274261866,2.2702379970735094,2.3592225103278976
1700000001550000000,11550000000,311,310,310,0,0,,,,0,open_hand,hold,200.0,dev-0123456789abcdef0123456789abcdef,synthetic-3-open_hand,29,protocol,synthetic-demo-contract-v1,True,2.0231336121836,2.1143280748954263,2.192281410793707,2.2726163395109595,2.3630841983307413,2.4541107094875296,2.523568812000162,2.6171600212345547
1700000001555000000,11555000000,312,311,311,0,0,,,,0,open_hand,hold,200.0,dev-0123456789abcdef0123456789abcdef,synthetic-3-open_hand,29,protocol,synthetic-demo-contract-v1,True,2.245139781800671,2.3410746163163134,2.422884526286543,2.5107785097269884,2.604922141284921,2.7029873142199365,2.7775922860100413,2.875754952347371
1700000001560000000,11560000000,313,312,312,0,0,,,,0,open_hand,hold,200.0,dev-0123456789abcdef0123456789abcdef,synthetic-3-open_hand,29,protocol,synthetic-demo-contract-v1,True,2.4676088808496406,2.5682417562082644,2.654065805689851,2.7495639014471194,2.847365900784782,2.9524346358595293,3.0323045799869943,3.135008432922619
1700000001565000000,11565000000,314,313,313,0,0,,,,0,open_hand,hold,200.0,dev-0123456789abcdef0123456789abcdef,synthetic-3-open_hand,29,protocol,synthetic-demo-contract-v1,True,2.690511862025054,2.79581926131955,2.88583495891562,2.988958817095591,3.0904188194256768,3.2024445034692035,3.2876995799733204,3.394919544701567
1700000001570000000,11570000000,315,314,314,0,0,,,,0,open_hand,hold,200.0,dev-0123456789abcdef0123456789abcdef,synthetic-3-open_hand,29,protocol,synthetic-demo-contract-v1,True,2.9138203023919074,3.023797521276104,3.1181997641221018,3.2289475370845375,3.3340823288074546,3.4530072212177902,3.543768920991675,3.6554853176026696
1700000001575000000,11575000000,316,315,315,0,0,,,,0,open_hand,hold,200.0,dev-0123456789abcdef0123456789abcdef,synthetic-3-open_hand,29,protocol,synthetic-demo-contract-v1,True,3.137506888010833,3.252167628425626,3.351165918708805,3.469512436279821,3.5783559065752737,3.704111611927303,3.800502018687069,3.9167007318748484
1700000001580000000,11580000000,317,316,316,0,0,,,,0,open_hand,hold,200.0,dev-0123456789abcdef0123456789abcdef,synthetic-3-open_hand,29,protocol,synthetic-demo-contract-v1,True,3.3615458471630957,3.48092142532917,3.5847368997853963,3.7106341071240854,3.8232370401015228,3.9557450636590654,4.057886108656664,4.178558726740859
1700000001585000000,11585000000,318,317,317,0,0,,,,0,open_hand,hold,200.0,dev-0123456789abcdef0123456789abcdef,synthetic-3-open_hand,29,protocol,synthetic-demo-contract-v1,True,3.5859133237280094,3.710051519440454,3.818913836048273,3.9522914883496965,4.068721197233657,4.207893579110632,4.3159062933062735,4.44105021553877
1700000001590000000,11590000000,319,318,318,0,0,,,,0,open_hand,hold,200.0,dev-0123456789abcdef0123456789abcdef,synthetic-3-open_hand,29,protocol,synthetic-demo-contract-v1,True,3.8105876835721357,3.9395512650900564,4.053695392907038,4.1944619981959805,4.314801804503314,4.460541827597943,4.5745455960445165,4.704164107348491
1700000001595000000,11595000000,320,319,319,0,0,,,,0,open_hand,hold,200.0,dev-0123456789abcdef0123456789abcdef,synthetic-3-open_hand,29,protocol,synthetic-demo-contract-v1,True,4.035549748260336,4.169414713465672,4.289077672587962,4.437121671037102,4.561470233158714,4.713673199400763,4.833785022598338,4.967887335069081
1700000001600000000,11600000000,321,320,320,0,0,,,,0,open_hand,hold,200.0,dev-0123456789abcdef0123456789abcdef,synthetic-3-open_hand,29,protocol,synthetic-demo-contract-v1,True,4.260782951963729,4.399636531841587,4.525054130804192,4.680245296329055,4.808715793345567,4.967269862254282,5.093603629207455,5.232204889891147
1700000001605000000,11605000000,322,321,321,0,0,,,,0,open_hand,hold,200.0,dev-0123456789abcdef0123456789abcdef,synthetic-3-open_hand,29,protocol,synthetic-demo-contract-v1,True,4.486273419086678,4.630211893851474,4.761615511424398,4.923806558796487,5.0565257367215155,5.221312819775535,5.353978597430122,5.497099862087495
1700000001610000000,11610000000,323,322,322,0,0,,,,0,open_hand,hold,200.0,dev-0123456789abcdef0123456789abcdef,synthetic-3-open_hand,29,protocol,synthetic-demo-contract-v1,True,4.712009961830229,4.8611363431099655,4.998749800394566,5.167778178802074,5.304885267745911,5.475781971620002,5.614885315268617,5.762553488023893
1700000001615000000,11615000000,324,323,323,0,0,,,,0,open_hand,hold,200.0,dev-0123456789abcdef0123456789abcdef,synthetic-3-open_hand,29,protocol,synthetic-demo-contract-v1,True,4.937983998618266,5.092405632961969,5.236442199973866,5.412132051872751,5.553777563840683,5.730656175171287,5.8762974643001575,6.028545203270793
1700000001620000000,11620000000,325,324,324,0,0,,,,0,open_hand,hold,200.0,dev-0123456789abcdef0123456789abcdef,synthetic-3-open_hand,29,protocol,synthetic-demo-contract-v1,True,5.164189395999881,5.324015545566851,5.474675124137068,5.656839386397707,5.803183804569453,5.985913308574936,6.138187112477562,6.29505270167607
1700000001625000000,11625000000,326,325,325,0,0,,,,0,open_hand,hold,200.0,dev-0123456789abcdef0123456789abcdef,synthetic-3-open_hand,29,protocol,synthetic-demo-contract-v1,True,-0.1093777617274793,-0.08153830609942608,-0.06157178422456372,-0.010629161437669761,0.0030832099313730117,0.05403033493627835,0.07552481224404808,0.09955200023832753
1700000001630000000,11630000000,327,326,326,0,0,,,,0,open_hand,hold,200.0,dev-0123456789abcdef0123456789abcdef,synthetic-3-open_hand,29,protocol,synthetic-demo-contract-v1,True,0.11728053061197265,0.15073931057655438,0.17767838609788852,0.23469664363945109,0.253453087813556,0.3099833675113805,0.3382797035881391,0.3670175096002278
1700000001635000000,11635000000,328,327,327,0,0,,,,0,open_hand,hold,200.0,dev-0123456789abcdef0123456789abcdef,synthetic-3-open_hand,29,protocol,synthetic-demo-contract-v1,True,0.34416384291540597,0.383343027640348,0.4173998763972113,0.4802867428238426,0.5042688905919226,0.566247735729794,0.6014196216477916,0.6349221099616242
1700000001640000000,11640000000,329,328,328,0,0,,,,0,open_hand,hold,200.0,dev-0123456789abcdef0123456789abcdef,synthetic-3-open_hand,29,protocol,synthetic-demo-contract-v1,True,0.5712729028335614,0.6162666516800994,0.6575643421051429,0.7261109048670633,0.7555042808151857,0.8227980518975773,0.8649112084576392,0.9032372321932035
1700000001645000000,11645000000,330,329,329,0,0,,,,0,open_hand,hold,200.0,dev-0123456789abcdef0123456789abcdef,synthetic-3-open_hand,29,protocol,synthetic-demo-contract-v1,True,0.7986091475615676,0.8495029387110306,0.8981409588179298,0.9721388418467226,1.0071312058508406,1.0796082784389873,1.128720028419759,1.1719329439127917
1700000001650000000,11650000000,331,330,330,0,0,,,,0,open_hand,hold,200.0,dev-0123456789abcdef0123456789abcdef,synthetic-3-open_hand,29,protocol,synthetic-demo-contract-v1,True,1.0261742448523694,1.0830433733360412,1.139096549733516,1.2183403184861736,1.259119981315919,1.3366517955451451,1.3928106870665624,1.4409780402686534
1700000001655000000,11655000000,332,331,331,0,0,,,,0,open_hand,hold,200.0,dev-0123456789abcdef0123456789abcdef,synthetic-3-open_hand,29,protocol,synthetic-demo-contract-v1,True,1.2539695943939764,1.3168779566550386,1.3803957337056507,1.4646852545266607,1.5114393830592567,1.5939014691077675,1.6571469526744458,1.7103401391570157
1700000001660000000,11660000000,333,332,332,0,0,,,,0,open_hand,hold,200.0,dev-0123456789abcdef0123456789abcdef,synthetic-3-open_hand,29,protocol,synthetic-demo-contract-v1,True,1.4819958211377218,1.5509950072931755,1.6220010928917417,1.7111438197430935,1.764056747406524,1.8513297188256221,1.921691880278608,1.9799857805847374
1700000001665000000,11665000000,334,333,333,0,0,,,,0,open_hand,hold,200.0,dev-0123456789abcdef0123456789abcdef,synthetic-3-open_hand,29,protocol,synthetic-demo-contract-v1,True,1.7102522723702487,1.785380979744313,1.8638733587529708,1.9576865212859929,2.016938079324747,2.1089085863806174,2.186407937633122,2.249880529872629
1700000001670000000,11670000000,335,334,334,0,0,,,,0,open_hand,hold,200.0,dev-0123456789abcdef0123456789abcdef,synthetic-3-open_hand,29,protocol,synthetic-demo-contract-v1,True,1.9387365302826849,2.0200203039833045,2.1059716149596643,2.2042842831247333,2.270048168109823,2.3666098035892587,2.4512571326558024,2.5199890843804456
1700000001675000000,11675000000,336,335,335,0,0,,,,0,open_hand,hold,200.0,dev-0123456789abcdef0123456789abcdef,synthetic-3-open_hand,29,protocol,synthetic-demo-contract-v1,True,2.167443951507117,2.254895249992838,2.3482535155646023,2.4509085174600425,2.5233507101490895,2.6244048604434984,2.716201141894764,2.7902753834210365
1700000001680000000,11680000000,337,336,336,0,0,,,,0,open_hand,hold,200.0,dev-0123456789abcdef0123456789abcdef,synthetic-3-open_hand,29,protocol,synthetic-demo-contract-v1,True,2.396367244568705,2.489985820482334,2.5906755166341955,2.6975311880658515,2.7768084382616816,2.882265072962763,2.9812014395527138,3.060702721018716
1700000001685000000,11685000000,338,337,337,0,0,,,,0,open_hand,hold,200.0,dev-0123456789abcdef0123456789abcdef,synthetic-3-open_hand,29,protocol,synthetic-demo-contract-v1,True,2.6254960954521516,2.725269674653417,2.833193119374329,2.9441248656110526,3.0303832570726366,3.140161650785953,3.2462194266060806,3.3312338611555283
1700000001690000000,11690000000,339,338,338,0,0,,,,0,open_hand,hold,200.0,dev-0123456789abcdef0123456789abcdef,synthetic-3-open_hand,29,protocol,synthetic-demo-contract-v1,True,2.854816850518905,2.960722085395315,3.075761122655963,3.1906627750995358,3.2840363838327504,3.3980657644385506,3.511216559558853,3.601831155138865
1700000001695000000,11695000000,340,339,339,0,0,,,,0,open_hand,hold,200.0,dev-0123456789abcdef0123456789abcdef,synthetic-3-open_hand,29,protocol,synthetic-demo-contract-v1,True,3.084312264856071,3.1963159317815584,3.318333882736989,3.437118835651265,3.5377284940555476,3.655948612215487,3.7761544783756644,3.8724566607148723
1700000001700000000,11700000000,341,340,340,0,0,,,,0,open_hand,hold,200.0,dev-0123456789abcdef0123456789abcdef,synthetic-3-open_hand,29,protocol,synthetic-demo-contract-v1,True,3.3139613228129217,3.4320217281944094,3.5608655778925744,3.683467692927079,3.7914198713055436,3.9137814866251097,4.040995133144991,4.143072262544275
1700000001705000000,11705000000,342,341,341,0,0,,,,0,open_hand,hold,200.0,dev-0123456789abcdef0123456789abcdef,synthetic-3-open_hand,29,protocol,synthetic-demo-contract-v1,True,3.5437391360132273,3.667807690834152,3.8033104756074025,3.9296847445747334,4.0450705604387185,4.171535840343376,4.305700909031442,4.413639793650727
1700000001710000000,11710000000,343,342,342,0,0,,,,0,open_hand,hold,200.0,dev-0123456789abcdef0123456789abcdef,synthetic-3-open_hand,29,protocol,synthetic-demo-contract-v1,True,3.7736169225511365,3.9036398417854783,4.045623199950468,4.175746159142545,4.298640523566934,4.429183351630318,4.570234749085832,4.684121157446524
1700000001715000000,11715000000,344,343,343,0,0,,,,0,open_hand,hold,200.0,dev-0123456789abcdef0123456789abcdef,synthetic-3-open_hand,29,protocol,synthetic-demo-contract-v1,True,4.003562069417352,4.13948215022195,4.287758996746915,4.421628888969259,4.552089797993205,4.68669598916278,4.834560274493086,4.954478449936662
1700000001720000000,11720000000,345,344,344,0,0,,,,0,open_hand,hold,200.0,dev-0123456789abcdef0123456789abcdef,synthetic-3-open_hand,29,protocol,synthetic-demo-contract-v1,True,4.233538278494642,4.37529670974106,4.529673994181811,4.6673106776137985,4.805378655344532,4.944046076238441,5.098641901850913,5.22467408169961
1700000001725000000,11725000000,346,345,345,0,0,,,,0,open_hand,hold,200.0,dev-0123456789abcdef0123456789abcdef,synthetic-3-open_hand,29,protocol,synthetic-demo-contract-v1,True,4.463505794742157,4.611043950246037,4.771325456517577,4.912770062435801,5.058467761113491,5.201206354306289,5.362444957086544,5.494670899242002
1700000001730000000,11730000000,347,346,346,0,0,,,,0,open_hand,hold,200.0,dev-0123456789abcdef0123456789abcdef,synthetic-3-open_hand,29,protocol,synthetic-demo-contract-v1,True,4.693421713491709,4.84668288223518,5.012672028679382,5.157986372976893,5.311318333809199,5.458150045777826,5.625935785634565,5.764432305324616
1700000001735000000,11735000000,348,347,347,0,0,,,,0,open_hand,hold,200.0,dev-0123456789abcdef0123456789abcdef,synthetic-3-open_hand,29,protocol,synthetic-demo-contract-v1,True,4.923240362140685,5.082171370834053,5.253673969560548,5.402939725823211,5.563892302912732,5.714850916071618,5.889081858515993,6.033922377858625
1700000001740000000,11740000000,349,348,348,0,0,,,,0,open_hand,hold,200.0,dev-0123456789abcdef0123456789abcdef,synthetic-3-open_hand,29,protocol,synthetic-demo-contract-v1,True,5.152913749979082,5.31746643641829,5.494293372021314,5.647611016651184,5.816152464831514,5.971283334841183,6.151851873977011,6.303105986974004
1700000001745000000,11745000000,350,349,349,0,0,,,,0,open_hand,hold,200.0,dev-0123456789abcdef0123456789abcdef,synthetic-3-open_hand,29,protocol,synthetic-demo-contract-v1,True,5.382392078463977,5.552524578233154,5.7344943676982485,5.891981910171368,6.068062636051912,6.227422336332835,6.414215854365225,6.571948909866407
1700000001750000000,11750000000,351,350,350,0,0,,,,0,open_hand,hold,200.0,dev-0123456789abcdef0123456789abcdef,synthetic-3-open_hand,29,protocol,synthetic-demo-contract-v1,True,0.11162430298249688,0.14980211702681703,0.19924331490601938,0.22353482868853985,0.2695878026989038,0.29574367881587793,0.35114523794182617,0.3779179430344773
1700000001755000000,11755000000,352,351,351,0,0,,,,0,open_hand,hold,200.0,dev-0123456789abcdef0123456789abcdef,synthetic-3-open_hand,29,protocol,synthetic-demo-contract-v1,True,0.34055873605039044,0.3842555523843254,0.43850896809648615,0.46725293999078993,0.5206942657266281,0.5512239030227046,0.6126129653494661,0.64598101152679
1700000001760000000,11760000000,353,352,352,0,0,,,,0,open_hand,hold,200.0,dev-0123456789abcdef0123456789abcdef,synthetic-3-open_hand,29,protocol,synthetic-demo-contract-v1,True,0.5691436809996753,0.6183419301830311,0.677262627539732,0.7106201452657843,0.7713497809833191,0.8063403895307817,0.8735935604779409,0.9136072748259259
1700000001765000000,11765000000,354,353,353,0,0,,,,0,open_hand,hold,200.0,dev-0123456789abcdef0123456789abcdef,synthetic-3-open_hand,29,protocol,synthetic-demo-contract-v1,True,0.7973280845342875,0.8520192153927534,0.9154782681056081,0.9536210677191826,1.0215236934189382,1.061071415012425,1.1340632054928366,1.1807672290071323
1700000001770000000,11770000000,355,354,354,0,0,,,,0,open_hand,hold,200.0,dev-0123456789abcdef0123456789abcdef,synthetic-3-open_hand,29,protocol,synthetic-demo-contract-v1,True,1.025062196090749,1.08524666531781,1.1531326462497755,1.1962410425384236,1.2711870647331809,1.3153962072716698,1.3939998098159445,1.447432804819998
1700000001775000000,11775000000,356,355,355,0,0,,,,0,open_hand,hold,200.0,dev-0123456789abcdef0123456789abcdef,synthetic-3-open_hand,29,protocol,synthetic-demo-contract-v1,True,1.2522982217410576,1.3179851983257653,1.390205384542675,1.4384661088053925,1.5203127937955814,1.5692949989805995,1.6533830728704992,1.713577461354024
1700000001780000000,11780000000,357,356,356,0,0,,,,0,open_hand,hold,200.0,dev-0123456789abcdef0123456789abcdef,synthetic-3-open_hand,29,protocol,synthetic-demo-contract-v1,True,1.478990960421338,1.5501977531299937,1.6266790333203516,1.6802830039140975,1.76887572920772,1.8227490800201716,1.9121945404288914,1.9791762749625144
1700000001785000000,11785000000,358,357,357,0,0,,,,0,open_hand,hold,200.0,dev-0123456789abcdef0123456789abcdef,synthetic-3-open_hand,29,protocol,synthetic-demo-contract-v1,True,1.7050984105617,1.78184963378997,1.8625391092799257,1.9216791609951758,2.0168527734199873,2.07574084832318,2.170417654425508,2.2442060231340597
1700000001790000000,11790000000,359,358,358,0,0,,,,0,open_hand,hold,200.0,dev-0123456789abcdef0123456789abcdef,synthetic-3-open_hand,29,protocol,synthetic-demo-contract-v1,True,1.930582335724333,2.0129088357630067,2.097774111086671,2.162642709788278,2.2642229778615377,2.3282538591093838,2.42803779612249,2.508645263016794
1700000001795000000,11795000000,360,359,359,0,0,,,,0,open_hand,hold,200.0,dev-0123456789abcdef0123456789abcdef,synthetic-3-open_hand,29,protocol,synthetic-demo-contract-v1,True,2.1554087786176557,2.243346348581632,2.332375512301397,2.4031624813369654,2.510967628591765,2.5802728723953057,2.6850423225414715,2.7724744043176477
1700000001800000000,11800000000,361,360,360,0,0,,,,0,open_hand,hold,200.0,dev-0123456789abcdef0123456789abcdef,synthetic-3-open_hand,29,protocol,synthetic-demo-contract-v1,True,2.3795485138289716,2.4731364310383195,2.5663377321732104,2.643228016809424,2.7570703220345196,2.831783898653804,2.9414205960996536,3.0356757763169187
1700000001805000000,11805000000,362,361,361,0,0,,,,0,open_hand,hold,200.0,dev-0123456789abcdef0123456789abcdef,synthetic-3-open_hand,29,protocol,synthetic-demo-contract-v1,True,2.602977430786966,2.7022568551291366,2.799658085070945,2.88282958067283,3.0025170304119073,3.0827742424913254,3.197164007413699,3.2982336887575054
1700000001810000000,11810000000,363,362,362,0,0,,,,0,open_hand,hold,200.0,dev-0123456789abcdef0123456789abcdef,synthetic-3-open_hand,29,protocol,synthetic-demo-contract-v1,True,2.8256768398049643,2.930689115434617,3.0323367095440026,3.1219581783705097,3.247296156552597,3.333232544203924,3.452265991259894,3.5601344863881574
1700000001815000000,11815000000,364,363,363,0,0,,,,0,open_hand,hold,200.0,dev-0123456789abcdef0123456789abcdef,synthetic-3-open_hand,29,protocol,synthetic-demo-contract-v1,True,3.0476336955390804,3.1584186010932114,3.2643764782074225,3.360605578569992,3.4913985778096728,3.5831488190667593,3.7067220357036645,3.8213665969608805
1700000001820000000,11820000000,365,364,364,0,0,,,,0,open_hand,hold,200.0,dev-0123456789abcdef0123456789abcdef,synthetic-3-open_hand,29,protocol,synthetic-demo-contract-v1,True,3.2688407337922962,3.385434728042806,3.495782889834357,3.5987643399675457,3.734817678884752,3.8325144942059888,3.960529684435753,4.081920572504268
1700000001825000000,11825000000,366,365,365,0,0,,,,0,open_hand,hold,200.0,dev-0123456789abcdef0123456789abcdef,synthetic-3-open_hand,29,protocol,synthetic-demo-contract-v1,True,3.4892965192738097,3.611731029761124,3.726563945209615,3.8364278425518354,3.9775493734180096,4.081322442896839,4.213688532376102,4.34178912371682
1700000001830000000,11830000000,367,366,366,0,0,,,,0,open_hand,hold,200.0,dev-0123456789abcdef0123456789abcdef,synthetic-3-open_hand,29,protocol,synthetic-demo-contract-v1,True,3.709005403648816,3.8373052053178354,3.9567300084485537,4.073590323146794,4.219592114267388,4.329567016127295,4.466200214629622,4.600967147347236
1700000001835000000,11835000000,368,367,367,0,0,,,,0,open_hand,hold,200.0,dev-0123456789abcdef0123456789abcdef,synthetic-3-open_hand,29,protocol,synthetic-demo-contract-v1,True,3.927977394952247,4.062159124151032,4.186293655614653,4.310246914972638,4.460946892464252,4.5772440712633555,4.718068388900473,4.859451746452168
1700000001840000000,11840000000,369,368,368,0,0,,,,0,open_hand,hold,200.0,dev-0123456789abcdef0123456789abcdef,synthetic-3-open_hand,29,protocol,synthetic-demo-contract-v1,True,4.146227941155888,4.286298787589241,4.415269512575233,4.546393690885186,4.701617224896608,4.824350997649341,4.9692987114932174,5.117242243445842
1700000001845000000,11845000000,370,369,369,0,0,,,,0,open_hand,hold,200.0,dev-0123456789abcdef0123456789abcdef,synthetic-3-open_hand,29,protocol,synthetic-demo-contract-v1,True,4.363777632336889,4.509734247748035,4.643674084116681,4.782027709877996,4.941609130834327,5.070886738975242,5.219898807050038,5.374340185880328
1700000001850000000,11850000000,371,370,370,0,0,,,,0,open_hand,hold,200.0,dev-0123456789abcdef0123456789abcdef,synthetic-3-open_hand,29,protocol,synthetic-demo-contract-v1,True,4.580651827463587,4.732479485028231,4.871525576397507,5.017147066360349,5.180931097473088,5.3168518122428186,5.4698782321932065,5.630749344919785
1700000001855000000,11855000000,372,371,371,0,0,,,,0,open_hand,hold,200.0,dev-0123456789abcdef0123456789abcdef,synthetic-3-open_hand,29,protocol,synthetic-demo-contract-v1,True,4.796880213260025,4.954552246021668,5.098843714848963,5.251750941657569,5.419594034734733,5.562248323163039,5.7192484332609625,5.886475706496931
1700000001860000000,11860000000,373,372,372,0,0,,,,0,open_hand,hold,200.0,dev-0123456789abcdef0123456789abcdef,synthetic-3-open_hand,29,protocol,synthetic-demo-contract-v1,True,5.01249630390449,5.175973844181636,5.3256495596386015,5.4858396571193015,5.657611219620779,5.807079977819638,5.968022698342939,6.141527455164885
1700000001865000000,11865000000,374,373,373,0,0,,,,0,open_hand,hold,200.0,dev-0123456789abcdef0123456789abcdef,synthetic-3-open_hand,29,protocol,synthetic-demo-contract-v1,True,5.227536891433591,5.396768926129804,5.551965320792041,5.71941472816698,5.894998230472732,6.051352090437044,6.216216103838148,6.395914950682516
1700000001870000000,11870000000,375,374,374,0,0,,,,0,open_hand,hold,200.0,dev-0123456789abcdef0123456789abcdef,synthetic-3-open_hand,29,protocol,synthetic-demo-contract-v1,True,5.4420414576395375,5.616965206942359,5.77781417502293,5.952478918564413,6.131772871547113,6.295071587095798,6.463845455774267,6.649650697396384
1700000001875000000,11875000000,376,375,375,0,0,,,,0,open_hand,hold,200.0,dev-0123456789abcdef0123456789abcdef,synthetic-3-open_hand,29,protocol,synthetic-demo-contract-v1,True,0.15605155894586337,0.1990931781774883,0.22822008625113313,0.27253629415585445,0.31795508836447767,0.3507470052448656,0.38592922614157527,0.4402493065071124
1700000001880000000,11880000000,377,376,376,0,0,,,,0,open_hand,hold,200.0,dev-0123456789abcdef0123456789abcdef,synthetic-3-open_hand,29,protocol,synthetic-demo-contract-v1,True,0.3696101962119727,0.4181857927683901,0.45320763169572653,0.5045922752845051,0.5535668743397115,0.5933884888679558,0.632487484508222,0.6927274513326043
1700000001885000000,11885000000,378,377,377,0,0,,,,0,open_hand,hold,200.0,dev-0123456789abcdef0123456789abcdef,synthetic-3-open_hand,29,protocol,synthetic-demo-contract-v1,True,0.5827611816402898,0.6367781312048456,0.6778018353135783,0.7361536870816213,0.7886321692453414,0.8355077791700439,0.8785418251956366,0.9446038157046496
1700000001890000000,11890000000,379,378,378,0,0,,,,0,open_hand,hold,200.0,dev-0123456789abcdef0123456789abcdef,synthetic-3-open_hand,29,protocol,synthetic-demo-contract-v1,True,0.7955485149373028,0.8549070536578722,0.9020280102179536,0.9672288068026803,1.023176750100176,1.0771182006609639,1.1241152903037588,1.1958990356593824
1700000001895000000,11895000000,380,379,379,0,0,,,,0,open_hand,hold,200.0,dev-0123456789abcdef0123456789abcdef,synthetic-3-open_hand,29,protocol,synthetic-demo-contract-v1,True,1.008015780611958,1.0726108428624468,1.1259116115562118,1.1978274073824222,1.2572281151119973,1.3182346425248885,1.3692322888853456,1.4466356346052445
1700000001900000000,11900000000,381,380,380,0,0,,,,0,open_hand,hold,200.0,dev-0123456789abcdef0123456789abcdef,synthetic-3-open_hand,29,protocol,synthetic-demo-contract-v1,True,1.2202055777874912,1.2899288426605386,1.3494781011535704,1.4279607963854075,1.4908153613350887,1.5588735351779615,1.6139185125768856,1.6968379521748587
1700000001905000000,11905000000,382,381,381,0,0,,,,0,open_hand,hold,200.0,dev-0123456789abcdef0123456789abcdef,synthetic-3-open_hand,29,protocol,synthetic-demo-contract-v1,True,1.432158993166442,1.5069010971195331,1.5727528250432756,1.6576418495429692,1.7239690567309538,1.7990528219311663,1.8582008480006824,1.94653206698927
1700000001910000000,11910000000,383,382,382,0,0,,,,0,open_hand,hold,200.0,dev-0123456789abcdef0123456789abcdef,synthetic-3-open_hand,29,protocol,synthetic-demo-contract-v1,True,1.643915126838426,1.723567995079423,1.7957609048046521,1.886885038090979,1.9567211073433468,2.0387919256916156,2.1021072862583168,2.1957457135842455
1700000001915000000,11915000000,384,383,383,0,0,,,,0,open_hand,hold,200.0,dev-0123456789abcdef0123456789abcdef,synthetic-3-open_hand,29,protocol,synthetic-demo-contract-v1,True,1.8555106794759681,1.9399699248472042,2.018527143422234,2.1157064491557396,2.189104620316838,2.278111710652894,2.345666829840179,2.4445081937688444
1700000001920000000,11920000000,385,384,384,0,0,,,,0,open_hand,hold,200.0,dev-0123456789abcdef0123456789abcdef,synthetic-3-open_hand,29,protocol,synthetic-demo-contract-v1,True,2.066979608148671,2.1561469435507807,2.2410759461638774,2.344123798477077,2.421153763501189,2.517034438943656,2.5889093972788433,2.692850282705963
1700000001925000000,11925000000,386,385,385,0,0,,,,0,open_hand,hold,200.0,dev-0123456789abcdef0123456789abcdef,synthetic-3-open_hand,29,protocol,synthetic-demo-contract-v1,True,2.278352856527353,2.3721384653909148,2.463431256756488,2.572156434808226,2.652903622392072,2.7555837222234523,2.8318657258759825,2.9408041300231544
1700000001930000000,11930000000,387,386,386,0,0,,,,0,open_hand,hold,200.0,dev-0123456789abcdef0123456789abcdef,synthetic-3-open_hand,29,protocol,synthetic-demo-contract-v1,True,2.489658163677359,2.587982972692641,2.685616508917368,2.7998253353908313,2.884390055161893,2.9937844682355323,3.074567272833195,3.1884031562795614
1700000001935000000,11935000000,388,387,387,0,0,,,,0,open_hand,hold,200.0,dev-0123456789abcdef0123456789abcdef,synthetic-3-open_hand,29,protocol,synthetic-demo-contract-v1,True,2.700919953986208,2.8037177532625237,2.9076545930800584,3.027153091969799,3.115649546532822,3.2316628223480373,3.3170461151165114,3.435681945131167
1700000001940000000,11940000000,389,388,388,0,0,,,,0,open_hand,hold,200.0,dev-0123456789abcdef0123456789abcdef,synthetic-3-open_hand,29,protocol,synthetic-demo-contract-v1,True,2.912159309069083,3.0193786671114933,3.1295678379388607,3.2541638868863547,3.346719061237647,3.469246104137594,3.5593348483827274,3.6826761315518506
1700000001945000000,11945000000,390,389,389,0,0,,,,0,open_hand,hold,200.0,dev-0123456789abcdef0123456789abcdef,synthetic-3-open_hand,29,protocol,synthetic-demo-contract-v1,True,3.123394020781049,3.2349999451117615,3.3513780062284138,3.4808834588676865,3.5776358978028355,3.7065627390925178,3.8014664852927944,3.929422286481714
1700000001950000000,11950000000,391,390,390,0,0,,,,0,open_hand,hold,200.0,dev-0123456789abcdef0123456789abcdef,synthetic-3-open_hand,29,protocol,synthetic-demo-contract-v1,True,3.3346387227725,3.4506140216283367,3.573106303956749,3.707339058217325,3.80843754337232,3.943642185536662,4.043474353533636,4.175957798286865
1700000001955000000,11955000000,392,391,391,0,0,,,,0,open_hand,hold,200.0,dev-0123456789abcdef0123456789abcdef,synthetic-3-open_hand,29,protocol,synthetic-demo-contract-v1,True,3.545905096388702,3.6662514026091864,3.79477340212438,3.933559391201081,4.0391615302702935,4.1805148568992365,4.285391993864752,4.4223207514262475
1700000001960000000,11960000000,393,392,392,0,0,,,,0,open_hand,hold,200.0,dev-0123456789abcdef0123456789abcdef,synthetic-3-open_hand,29,protocol,synthetic-demo-contract-v1,True,3.757202145168941,3.8819405700419605,4.016399469790741,4.159574553518125,4.26984529497677,4.417212039480465,4.52725305850007,4.668549802731106
1700000001965000000,11965000000,394,393,393,0,0,,,,0,open_hand,hold,200.0,dev-0123456789abcdef0123456789abcdef,synthetic-3-open_hand,29,protocol,synthetic-demo-contract-v1,True,3.968536530777139,4.097707923098395,4.23800421719471,4.385415952844638,4.500526040161197,4.6537658058877005,4.769091210128552,4.914684055711288
1700000001970000000,11970000000,395,394,394,0,0,,,,0,open_hand,hold,200.0,dev-0123456789abcdef0123456789abcdef,synthetic-3-open_hand,29,protocol,synthetic-demo-contract-v1,True,4.1799129619231525,4.3135777556993515,4.45960694750012,4.6111162205376335,4.731240600387155,4.890208924341329,5.0109400218693745,5.160762933309737
1700000001975000000,11975000000,396,395,395,0,0,,,,0,open_hand,hold,200.0,dev-0123456789abcdef0123456789abcdef,synthetic-3-open_hand,29,protocol,synthetic-demo-contract-v1,True,4.391334626738075,4.529572269653026,4.6812266156216245,4.836709112687779,4.9620253120655535,5.12657476407441,5.252832878448825,5.406826049532186
1700000001980000000,11980000000,397,396,396,0,0,,,,0,open_hand,hold,200.0,dev-0123456789abcdef0123456789abcdef,synthetic-3-open_hand,29,protocol,synthetic-demo-contract-v1,True,4.602803658170323,4.745711621955426,4.902881892492665,5.062229400811729,5.192915888194876,5.362897197074227,5.494802878876771,5.652913080383302
1700000001985000000,11985000000,398,397,397,0,0,,,,0,open_hand,hold,200.0,dev-0123456789abcdef0123456789abcdef,synthetic-3-open_hand,29,protocol,synthetic-demo-contract-v1,True,4.814321621290266,4.962014004304451,5.124591233066625,5.2877127525752305,5.4239472983854835,5.599210496437825,5.736882740890494,5.899063634543151
1700000001990000000,11990000000,399,398,398,0,0,,,,0,open_hand,hold,200.0,dev-0123456789abcdef0123456789abcdef,synthetic-3-open_hand,29,protocol,synthetic-demo-contract-v1,True,5.0258900109435105,5.178495752375274,5.346372946295502,5.513195603037367,5.6551536546208725,5.835549231636664,5.979104707422935,6.1453171242190425
1700000001995000000,11995000000,400,399,399,0,0,,,,0,open_hand,hold,200.0,dev-0123456789abcdef0123456789abcdef,synthetic-3-open_hand,29,protocol,synthetic-demo-contract-v1,True,5.2375107479858904,5.39517148194312,5.568245265308164,5.738715017002588,5.886568103162669,6.071948161008035,6.221500455341208,6.391712636607392
1700000002000000000,12000000000,401,400,400,0,0,,,,0,open_hand,hold,200.0,dev-0123456789abcdef0123456789abcdef,synthetic-3-open_hand,29,protocol,synthetic-demo-contract-v1,True,-0.05081333762912784,-0.02544575147292114,0.015226416012712015,0.051808543159844234,0.06822272295830302,0.12094212181227099,0.13910100668942157,0.1757888063983833
1700000002005000000,12005000000,402,401,401,0,0,,,,0,open_hand,hold,200.0,dev-0123456789abcdef0123456789abcdef,synthetic-3-open_hand,29,protocol,synthetic-demo-contract-v1,True,0.16092195164166773,0.19165572687176202,0.23733468237461045,0.2775140607760634,0.30014843086110193,0.35756591821514266,0.3819366426576383,0.42258368975276955
1700000002010000000,12010000000,403,402,402,0,0,,,,0,open_hand,hold,200.0,dev-0123456789abcdef0123456789abcdef,synthetic-3-open_hand,29,protocol,synthetic-demo-contract-v1,True,0.37272260390011863,0.4089864062879005,0.45958846667376635,0.5033696197936401,0.5323748939224391,0.5943542075739346,0.6250368204862123,0.6696346401751632
1700000002015000000,12015000000,404,403,403,0,0,,,,0,open_hand,hold,200.0,dev-0123456789abcdef0123456789abcdef,synthetic-3-open_hand,29,protocol,synthetic-demo-contract-v1,True,0.5845967750717057,0.6265557976430066,0.6820063431188753,0.7294132752576511,0.7649304489649578,0.8313413854233787,0.8684300935018157,0.9169781867018183
1700000002020000000,12020000000,405,404,404,0,0,,,,0,open_hand,hold,200.0,dev-0123456789abcdef0123456789abcdef,synthetic-3-open_hand,29,protocol,synthetic-demo-contract-v1,True,0.7965551112455366,0.844372647632476,0.9046071032952239,0.9556829170673388,0.9978420295950777,1.0685614695737884,1.112144034468316,1.1646499148129392
1700000002025000000,12025000000,406,405,405,0,0,,,,0,open_hand,hold,200.0,dev-0123456789abcdef0123456789abcdef,synthetic-3-open_hand,29,protocol,synthetic-demo-contract-v1,True,1.0086110080202535,1.0624451558724513,1.1274097920414425,1.1822160961073498,1.231135100762469,1.3060479837482055,1.3562051624222913,1.4126843504702347
1700000002030000000,12030000000,407,406,406,0,0,,,,0,open_hand,hold,200.0,dev-0123456789abcdef0123456789abcdef,synthetic-3-open_hand,29,protocol,synthetic-demo-contract-v1,True,1.2207808001079188,1.2807811903397346,1.3504337324899276,1.4090498478665927,1.464833600924277,1.543833841198055,1.600638873149485,1.6611148476696815
1700000002035000000,12035000000,408,407,407,0,0,,,,0,open_hand,hold,200.0,dev-0123456789abcdef0123456789abcdef,synthetic-3-open_hand,29,protocol,synthetic-demo-contract-v1,True,1.4330838759109936,1.4993884967411337,1.5736985391629963,1.6362205146958062,1.6989598918229782,1.7819512287475452,1.8454693734449226,1.9099734798873271
1700000002040000000,12040000000,409,408,408,0,0,,,,0,open_hand,hold,200.0,dev-0123456789abcdef0123456789abcdef,synthetic-3-open_hand,29,protocol,synthetic-demo-contract-v1,True,1.645542713362696,1.7182748975239737,1.7972241181903472,1.863763567888577,1.9335347158392326,2.0204314917258173,2.090719619285858,2.1592909357825394
1700000002045000000,12045000000,410,409,409,0,0,,,,0,open_hand,hold,200.0,dev-0123456789abcdef0123456789abcdef,synthetic-3-open_hand,29,protocol,synthetic-demo-contract-v1,True,1.8581828349759066,1.9374484764388036,2.0210306539007314,2.091713430794109,2.1685771608352695,2.259305020252413,2.336411258033116,2.409096419508353
1700000002050000000,12050000000,411,410,410,0,0,,,,0,open_hand,hold,200.0,dev-0123456789abcdef0123456789abcdef,synthetic-3-open_hand,29,protocol,synthetic-demo-contract-v1,True,2.0710326817467037,2.1569177448315773,2.245138581239664,2.320103304183345,2.40410463236057,2.4986011373460637,2.582564574762974,2.6594175559626385
1700000002055000000,12055000000,412,411,411,0,0,,,,0,open_hand,hold,200.0,dev-0123456789abcdef0123456789abcdef,synthetic-3-open_hand,29,protocol,synthetic-demo-contract-v1,True,2.284123407270584,2.3766917861712953,2.469568543672818,2.5489649950928013,2.6401328330502047,2.7383479893289215,2.8291984428183787,2.9102803012967184
1700000002060000000,12060000000,413,412,412,0,0,,,,0,open_hand,hold,200.0,dev-0123456789abcdef0123456789abcdef,synthetic-3-open_hand,29,protocol,synthetic-demo-contract-v1,True,2.4974885951174515,2.596780375705123,2.6943413364488698,2.778328750362551,2.8766757490073473,2.9785724389981225,3.0763302786551265,3.1617088589797944
1700000002065000000,12065000000,414,413,413,0,0,,,,0,open_hand,hold,200.0,dev-0123456789abcdef0123456789abcdef,synthetic-3-open_hand,29,protocol,synthetic-demo-contract-v1,True,2.7111639041409923,2.817194072570165,2.9194778353132427,3.0082230960663177,3.1137456429255934,3.2192999620339697,3.3239760010457107,3.413725601698352
1700000002070000000,12070000000,415,414,414,0,0,,,,0,open_hand,hold,200.0,dev-0123456789abcdef0123456789abcdef,synthetic-3-open_hand,29,protocol,synthetic-demo-contract-v1,True,2.925186647935617,3.037944282172355,3.144998910982584,3.238674684002549,3.351353053673918,3.4605545471090093,3.572149994690862,3.666350999349467
1700000002075000000,12075000000,416,415,415,0,0,,,,0,open_hand,hold,200.0,dev-0123456789abcdef0123456789abcdef,synthetic-3-open_hand,29,protocol,synthetic-demo-contract-v1,True,3.1395953160682764,3.2590432871607056,3.370925329906179,3.4697081463759547,3.5895068020376097,3.702358600154788,3.8208650782764186,3.919603553365825
1700000002080000000,12080000000,417,416,416,0,0,,,,0,open_hand,hold,200.0,dev-0123456789abcdef0123456789abcdef,synthetic-3-open_hand,29,protocol,synthetic-demo-contract-v1,True,3.354429045974061,3.480504245871173,3.5972776420519406,3.701345959749551,3.828214002282525,3.944732853233187,4.070132477001084,4.173499737588353
1700000002085000000,12085000000,418,417,417,0,0,,,,0,open_hand,hold,200.0,dev-0123456789abcdef0123456789abcdef,synthetic-3-open_hand,29,protocol,synthetic-demo-contract-v1,True,3.5697270554876606,3.7023411576799337,3.8240760566585204,3.9336083192881484,4.067480079187635,4.187696278446876,4.319961799588941,4.428053945879705
1700000002090000000,12090000000,419,418,418,0,0,,,,0,open_hand,hold,200.0,dev-0123456789abcdef0123456789abcdef,synthetic-3-open_hand,29,protocol,synthetic-demo-contract-v1,True,3.785528046865197,3.9245687952819703,4.051340307088684,4.166513024245993,4.307308790172198,4.431266007308683,4.5703610197892495,4.683278446648522
1700000002095000000,12095000000,420,419,419,0,0,,,,0,open_hand,hold,200.0,dev-0123456789abcdef0123456789abcdef,synthetic-3-open_hand,29,protocol,synthetic-demo-contract-v1,True,4.0018695938143996,4.147202604488323,4.279089506099938,4.400075375574418,4.547702252129043,4.67545725597257,4.821336462355089,4.939183344430526
1700000002100000000,12100000000,421,420,420,0,0,,,,0,open_hand,hold,200.0,dev-0123456789abcdef0123456789abcdef,synthetic-3-open_hand,29,protocol,synthetic-demo-contract-v1,True,4.218787523481785,4.3702585727049685,4.507341993014095,4.634308086440611,4.7886609725644576,4.920283256709446,5.072892793481905,5.19577654864812
1700000002105000000,12105000000,422,421,421,0,0,,,,0,open_hand,hold,200.0,dev-0123456789abcdef0123456789abcdef,synthetic-3-open_hand,29,protocol,synthetic-demo-contract-v1,True,4.436315305534459,4.5937530678090015,4.736115174415791,4.869221206356619,5.030183884637994,5.165755195989427,5.325033015676893,5.453063749645443
1700000002110000000,12110000000,423,422,422,0,0,,,,0,open_hand,hold,200.0,dev-0123456789abcdef0123456789abcdef,synthetic-3-open_hand,29,protocol,synthetic-demo-contract-v1,True,4.65448346041721,4.817702649664785,4.96542536013902,5.104822059519441,5.272268385692247,5.4118821595082665,5.577758467020516,5.7110484020707695
1700000002115000000,12115000000,424,423,423,0,0,,,,0,open_hand,hold,200.0,dev-0123456789abcdef0123456789abcdef,synthetic-3-open_hand,29,protocol,synthetic-demo-contract-v1,True,4.873318998563572,5.042123857015494,5.195287596408704,5.341115197859113,5.514910378862955,5.658671084469823,5.831068824772157,5.969731715652858
1700000002120000000,12120000000,425,424,424,0,0,,,,0,open_hand,hold,200.0,dev-0123456789abcdef0123456789abcdef,synthetic-3-open_hand,29,protocol,synthetic-demo-contract-v1,True,5.092844901798497,5.267032972936272,5.4257154980897315,5.578102369183303,5.758104317363992,5.906126719408588,6.084962113263214,6.229112653392478
1700000002125000000,12125000000,426,425,425,0,0,,,,0,open_hand,hold,200.0,dev-0123456789abcdef0123456789abcdef,synthetic-3-open_hand,29,protocol,synthetic-demo-contract-v1,True,-0.18692034259919119,-0.14505422756332328,-0.1182789179424287,-0.0967174993052125,-0.04815674895064716,-0.03324840819339976,0.014434716012517019,0.02668793716494073
1700000002130000000,12130000000,427,426,426,0,0,,,,0,open_hand,hold,200.0,dev-0123456789abcdef0123456789abcdef,synthetic-3-open_hand,29,protocol,synthetic-demo-contract-v1,True,0.03403685431119855,0.08087725614577622,0.11331460374156353,0.14165169804352135,0.1961188748652924,0.21554598372776693,0.2694813919911205,0.2874520607041148
1700000002135000000,12135000000,428,427,427,0,0,,,,0,open_hand,hold,200.0,dev-0123456789abcdef0123456789abcdef,synthetic-3-open_hand,29,protocol,synthetic-demo-contract-v1,True,0.2557248497958299,0.3073413742976005,0.3455043989036679,0.3807032599585875,0.44092157881994537,0.465007915659641,0.525095295956009,0.548897309913126
1700000002140000000,12140000000,429,428,428,0,0,,,,0,open_hand,hold,200.0,dev-0123456789abcdef0123456789abcdef,synthetic-3-open_hand,29,protocol,synthetic-demo-contract-v1,True,0.4781465135304591,0.5343507454529988,0.5782967327016222,0.6204277083885206,0.6862404991150146,0.7151331387184902,0.7812680027652501,0.811013790422126
1700000002145000000,12145000000,430,429,429,0,0,,,,0,open_hand,hold,200.0,dev-0123456789abcdef0123456789abcdef,synthetic-3-open_hand,29,protocol,synthetic-demo-contract-v1,True,0.7012990545822657,0.7619163745426456,0.8116956580459714,0.8608128339620158,0.9320635701040288,0.9659151353379425,1.0379895355804962,1.0737894622887652
1700000002150000000,12150000000,431,430,430,0,0,,,,0,open_hand,hold,200.0,dev-0123456789abcdef0123456789abcdef,synthetic-3-open_hand,29,protocol,synthetic-demo-contract-v1,True,0.9251739351665696,0.9900473748925211,1.0457028851957715,1.101843756466191,1.1783775767641693,1.217345128524983,1.2952483978565308,1.3372101817128712
1700000002155000000,12155000000,432,431,431,0,0,,,,0,open_hand,hold,200.0,dev-0123456789abcdef0123456789abcdef,synthetic-3-open_hand,29,protocol,synthetic-demo-contract-v1,True,1.149756873375468,1.2187506988962031,1.2803176644484817,1.343502999927236,1.425168207393342,1.469412099729666,1.5530316090117147,1.6012597496131171
1700000002160000000,12160000000,433,432,432,0,0,,,,0,open_hand,hold,200.0,dev-0123456789abcdef0123456789abcdef,synthetic-3-open_hand,29,protocol,synthetic-demo-contract-v1,True,1.3750279353491943,1.4480308819275625,1.5155366836666493,1.58577058176955,1.6724201062708213,1.722102815336875,1.8113247436677533,1.8659199668903672
1700000002165000000,12165000000,434,433,433,0,0,,,,0,open_hand,hold,200.0,dev-0123456789abcdef0123456789abcdef,synthetic-3-open_hand,29,protocol,synthetic-demo-contract-v1,True,1.6009617156235383,1.677889803943783,1.7513539822486466,1.8286241154252236,1.920116926048026,1.9754018617499125,2.0701119743420864,2.1311706961799377
1700000002170000000,12170000000,435,434,434,0,0,,,,0,open_hand,hold,200.0,dev-0123456789abcdef0123456789abcdef,synthetic-3-open_hand,29,protocol,synthetic-demo-contract-v1,True,1.8275276026731542,1.9083264730141647,1.987760882994551,2.0720389256670164,2.168241379665582,2.2292916889969567,2.329376117471453,2.396989929873354
1700000002175000000,12175000000,436,435,435,0,0,,,,0,open_hand,hold,200.0,dev-0123456789abcdef0123456789abcdef,synthetic-3-open_hand,29,protocol,synthetic-demo-contract-v1,True,2.0546901250156355,2.139336834728005,2.2247459431429304,2.3159881758455523,2.416775291623355,2.4837526627525572,2.589098682640731,2.6633538641692973
1700000002180000000,12180000000,437,436,436,0,0,,,,0,open_hand,hold,200.0,dev-0123456789abcdef0123456789abcdef,synthetic-3-open_hand,29,protocol,synthetic-demo-contract-v1,True,2.2824093716783396,2.3709136110892186,2.4622949256619444,2.560443006126226,2.6656996484613242,2.7387631246276523,2.8492599248869888,2.930236978893491
1700000002185000000,12185000000,438,437,437,0,0,,,,0,open_hand,hold,200.0,dev-0123456789abcdef0123456789abcdef,synthetic-3-open_hand,29,protocol,synthetic-demo-contract-v1,True,2.510641479390726,2.6030461721015343,2.7003907916709733,2.8053726817440032,2.9149946483407065,2.994299460543287,3.1098388999448288,3.197612122808293
1700000002190000000,12190000000,439,438,438,0,0,,,,0,open_hand,hold,200.0,dev-0123456789abcdef0123456789abcdef,synthetic-3-open_hand,29,protocol,synthetic-demo-contract-v1,True,2.739339177578438,2.8357204427920646,2.939013714649338,3.050744750225512,3.164639749646151,3.250336176965392,3.3708135222954376,3.465450604114749
1700000002195000000,12195000000,440,439,439,0,0,,,,0,open_hand,hold,200.0,dev-0123456789abcdef0123456789abcdef,synthetic-3-open_hand,29,protocol,synthetic-demo-contract-v1,True,2.968452381127637,3.0689188479199876,3.1781411168592766,3.2965252064683033,3.414613718561017,3.506845984741046,3.632160625878417,3.7337222858330685
1700000002200000000,12200000000,441,440,440,0,0,,,,0,open_hand,hold,200.0,dev-0123456789abcdef0123456789abcdef,synthetic-3-open_hand,29,protocol,synthetic-demo-contract-v1,True,3.197928819981351,3.3026202960783357,3.417747728173732,3.542678664517216,3.664894675598076,3.7637998902405636,3.893856027322222,4.002395685731682
1700000002205000000,12205000000,442,441,441,0,0,,,,0,open_hand,hold,200.0,dev-0123456789abcdef0123456789abcdef,synthetic-3-open_hand,29,protocol,synthetic-demo-contract-v1,True,3.427714693942311,3.5368002043290727,3.6578056672586525,3.789168534838,3.9154601410974994,4.021167293474949,4.155874591546109,4.271438080460576
1700000002210000000,12210000000,443,442,442,0,0,,,,0,open_hand,hold,200.0,dev-0123456789abcdef0123456789abcdef,synthetic-3-open_hand,29,protocol,synthetic-demo-contract-v1,True,3.657755340602528,3.7714305639231265,3.898284544817144,4.035957205858912,4.166287079731972,4.2789160928247165,4.418190299583604,4.54081561353128
1700000002215000000,12215000000,444,443,443,0,0,,,,0,open_hand,hold,200.0,dev-0123456789abcdef0123456789abcdef,synthetic-3-open_hand,29,protocol,synthetic-demo-contract-v1,True,3.887995904107941,4.006480047057203,4.139151588361947,4.283006228532258,4.41735194408539,4.537012795984199,4.680776318474918,4.81049340677396
1700000002220000000,12220000000,445,444,444,0,0,,,,0,open_hand,hold,200.0,dev-0123456789abcdef0123456789abcdef,synthetic-3-open_hand,29,protocol,synthetic-demo-contract-v1,True,4.118381992500867,4.241914154016949,4.380371787746045,4.530276502659723,4.668630717396094,4.7954226366952115,4.943605073073138,5.080435674891321
1700000002225000000,12225000000,446,445,445,0,0,,,,0,open_hand,hold,200.0,dev-0123456789abcdef0123456789abcdef,synthetic-3-open_hand,29,protocol,synthetic-demo-contract-v1,True,4.348860311662949,4.477695399460944,4.621908060451823,4.777728463728068,4.920098955578137,5.054109696815658,5.20664831960666,5.350605842719834
1700000002230000000,12230000000,447,446,446,0,0,,,,0,open_hand,hold,200.0,dev-0123456789abcdef0123456789abcdef,synthetic-3-open_hand,29,protocol,synthetic-demo-contract-v1,True,4.579379264400888,4.713783536021049,4.863721435419524,5.025322269015075,5.171731828654155,5.313037033242422,5.469877220838042,5.620966664800811
1700000002235000000,12235000000,448,447,447,0,0,,,,0,open_hand,hold,200.0,dev-0123456789abcdef0123456789abcdef,synthetic-3-open_hand,29,protocol,synthetic-demo-contract-v1,True,4.8098895039658345,4.950135812840807,5.105771253988785,5.27301798174943,5.423504161750929,5.572166809183828,5.733262422657241,5.891480346857391
1700000002240000000,12240000000,449,448,448,0,0,,,,0,open_hand,hold,200.0,dev-0123456789abcdef0123456789abcdef,synthetic-3-open_hand,29,protocol,synthetic-demo-contract-v1,True,5.040344432259441,5.18670726615354,5.348015386334878,5.520775752142212,5.675390475823492,5.831460429255313,5.99677413194511,6.162108668768448
1700000002245000000,12245000000,450,449,449,0,0,,,,0,open_hand,hold,200.0,dev-0123456789abcdef0123456789abcdef,synthetic-3-open_hand,29,protocol,synthetic-demo-contract-v1,True,5.270700634135586,5.423451038523366,5.5904104616065995,5.768555994151404,5.927365028285442,6.090878677852655,6.260382195541005,6.432813108626733
1700000002250000000,12250000000,451,450,450,0,0,,,,0,open_hand,hold,200.0,dev-0123456789abcdef0123456789abcdef,synthetic-3-open_hand,29,protocol,synthetic-demo-contract-v1,True,0.0009182405330969336,0.022818722943181834,0.057912109817411184,0.10381955689394526,0.12940185373194427,0.16288186024054663,0.1990561801464136,0.24105496746647362
1700000002255000000,12255000000,452,451,451,0,0,,,,0,open_hand,hold,200.0,dev-0123456789abcdef0123456789abcdef,synthetic-3-open_hand,29,protocol,synthetic-demo-contract-v1,True,0.23096121464409838,0.2597607276101627,0.30047521340739997,0.3515278896816692,0.38147480494753033,0.4224299457803088,0.4627654529946706,0.5117954942448326
1700000002260000000,12260000000,453,452,452,0,0,,,,0,open_hand,hold,200.0,dev-0123456789abcdef0123456789abcdef,synthetic-3-open_hand,29,protocol,synthetic-demo-contract-v1,True,0.4607975569052398,0.4967266568874369,0.5430541662824802,0.5991431997273862,0.6335575943932081,0.6819827127093016,0.7264792631149611,0.7824960106623453
1700000002265000000,12265000000,454,453,453,0,0,,,,0,open_hand,hold,200.0,dev-0123456789abcdef0123456789abcdef,synthetic-3-open_hand,29,protocol,synthetic-demo-contract-v1,True,0.6903994262623991,0.7336657037151213,0.7856031380504729,0.8466286016447716,0.885623836366633,0.941499893876301,0.9901668230172068,1.0531180354096394
1700000002270000000,12270000000,455,454,454,0,0,,,,0,open_hand,hold,200.0,dev-0123456789abcdef0123456789abcdef,synthetic-3-open_hand,29,protocol,synthetic-demo-contract-v1,True,0.9197431768698002,0.9705270485585642,1.0280763411120695,1.0939482579495874,1.1376470900249713,1.2009413228315315,1.2537973906226971,1.3236234074312148
1700000002275000000,12275000000,456,455,455,0,0,,,,0,open_hand,hold,200.0,dev-0123456789abcdef0123456789abcdef,synthetic-3-open_hand,29,protocol,synthetic-demo-contract-v1,True,1.1488093111069042,1.2072602598793025,1.2704282982292585,1.3410675098595208,1.3896009034528427,1.4602670796675168,1.517340351263842,1.5939744078020621
1700000002280000000,12280000000,457,456,456,0,0,,,,0,open_hand,hold,200.0,dev-0123456789abcdef0123456789abcdef,synthetic-3-open_hand,29,protocol,synthetic-demo-contract-v1,True,1.3775823514958163,1.4438156910863749,1.5126141081847908,1.587952997784464,1.641458858947257,1.7194376360072248,1.7807652995749461,1.8641338798191889
1700000002285000000,12285000000,458,457,457,0,0,,,,0,open_hand,hold,200.0,dev-0123456789abcdef0123456789abcdef,synthetic-3-open_hand,29,protocol,synthetic-demo-contract-v1,True,1.6060506357437572,1.6801448689727865,1.754589707163925,1.8345727709975814,1.8931946196779808,1.9784139985392946,2.0440421210945985,2.1340653469178053
1700000002290000000,12290000000,459,458,458,0,0,,,,0,open_hand,hold,200.0,dev-0123456789abcdef0123456789abcdef,synthetic-3-open_hand,29,protocol,synthetic-demo-contract-v1,True,1.8342060406858487,1.9162008687632657,1.9963121235337178,2.080896386078926,2.1447819778652546,2.237157850506277,2.307141073399,2.403733128030842
1700000002295000000,12295000000,460,459,459,0,0,,,,0,open_hand,hold,200.0,dev-0123456789abcdef0123456789abcdef,synthetic-3-open_hand,29,protocol,synthetic-demo-contract-v1,True,2.0620436423317012,2.151938671093324,2.2377397237651717,2.3268949938268446,2.3961949045976247,2.49563169056098,2.570032866584568,2.673102450020787
1700000002300000000,12300000000,461,460,460,0,0,,,,0,open_hand,hold,200.0,dev-0123456789abcdef0123456789abcdef,synthetic-3-open_hand,29,protocol,synthetic-demo-contract-v1,True,2.2895613204957637,2.38731549650276,2.47883244733852,2.572541414436733,2.647407601390678,2.7537989684178434,2.832688742917132,2.9421395568241864
1700000002305000000,12305000000,462,461,461,0,0,,,,0,open_hand,hold,200.0,dev-0123456789abcdef0123456789abcdef,synthetic-3-open_hand,29,protocol,synthetic-demo-contract-v1,True,2.5167593175904694,2.6222911133554225,2.719552028591004,2.8178102008510604,2.8983945535632896,3.011624216741045,3.095080555464403,3.210811814961883
1700000002310000000,12310000000,463,462,462,0,0,,,,0,open_hand,hold,200.0,dev-0123456789abcdef0123456789abcdef,synthetic-3-open_hand,29,protocol,synthetic-demo-contract-v1,True,2.743639762060362,2.85682811548593,2.959862203608016,3.062677690287873,3.149130585481506,3.269073178728393,3.357180845527793,3.4790878150817797
1700000002315000000,12315000000,464,463,463,0,0,,,,0,open_hand,hold,200.0,dev-0123456789abcdef0123456789abcdef,synthetic-3-open_hand,29,protocol,synthetic-demo-contract-v1,True,2.970206167616435,3.090892166317249,3.1997289004208245,3.3071220440561517,3.3995909176917833,3.526112930870039,3.6189629186893524,3.746937469215723
1700000002320000000,12320000000,465,464,464,0,0,,,,0,open_hand,hold,200.0,dev-0123456789abcdef0123456789abcdef,synthetic-3-open_hand,29,protocol,synthetic-demo-contract-v1,True,3.196462919879341,3.3244522066838664,3.4391204109554856,3.551123275864738,3.649751225935362,3.7827120003836194,3.880400919289584,4.014332103448024
1700000002325000000,12325000000,466,465,465,0,0,,,,0,open_hand,hold,200.0,dev-0123456789abcdef0123456789abcdef,synthetic-3-open_hand,29,protocol,synthetic-demo-contract-v1,True,3.422414762248457,3.5574806241258563,3.678007543375522,3.7946632689257433,3.899587702004076,4.038840476852186,4.141469903152012,4.28124454570982
1700000002330000000,12330000000,467,466,466,0,0,,,,0,open_hand,hold,200.0,dev-0123456789abcdef0123456789abcdef,synthetic-3-open_hand,29,protocol,synthetic-demo-contract-v1,True,3.6480662927774348,3.7899533819817015,3.916363753673443,4.037725782242948,4.149077116365569,4.294470117618495,4.402145908370976,4.547649208431237
1700000002335000000,12335000000,468,467,467,0,0,,,,0,open_hand,hold,200.0,dev-0123456789abcdef0123456789abcdef,synthetic-3-open_hand,29,protocol,synthetic-demo-contract-v1,True,3.873421483556314,4.021850107193225,4.154165255590478,4.280296446559534,4.398196882452652,4.549574446518339,4.662406023979896,4.8135221658017535
1700000002340000000,12340000000,469,468,468,0,0,,,,0,open_hand,hold,200.0,dev-0123456789abcdef0123456789abcdef,synthetic-3-open_hand,29,protocol,synthetic-demo-contract-v1,True,4.09848323358169,4.253154136335685,4.391391108177413,4.52236275051701,4.646925122478034,4.804128845566778,4.922228456318482,5.078841225408396
1700000002345000000,12345000000,470,469,469,0,0,,,,0,open_hand,hold,200.0,dev-0123456789abcdef0123456789abcdef,synthetic-3-open_hand,29,protocol,synthetic-demo-contract-v1,True,4.323252965350371,4.483852519990645,4.628023280549344,4.763914017647565,4.895240734602033,5.058110639243969,5.181592592918912,5.343585994041338
1700000002350000000,12350000000,471,470,470,0,0,,,,0,open_hand,hold,200.0,dev-0123456789abcdef0123456789abcdef,synthetic-3-open_hand,29,protocol,synthetic-demo-contract-v1,True,4.547730274453999,4.7139359861793615,4.86404669363065,5.004941374884819,5.143123461247525,5.311499171061806,5.440479063733013,5.607737937476926
1700000002355000000,12355000000,472,471,471,0,0,,,,0,open_hand,hold,200.0,dev-0123456789abcdef0123456789abcdef,synthetic-3-open_hand,29,protocol,synthetic-demo-contract-v1,True,4.771912640301761,4.943398864160967,5.099449238930672,5.245437713332352,5.390553958323705,5.5642758721283725,5.698869799524863,5.871280434069186
1700000002360000000,12360000000,473,472,472,0,0,,,,0,open_hand,hold,200.0,dev-0123456789abcdef0123456789abcdef,synthetic-3-open_hand,29,protocol,synthetic-demo-contract-v1,True,4.9957952047795295,5.172238970463673,5.334221774632591,5.485397642075226,5.6375138650885095,5.816424321464351,5.9567480872561775,6.134198822002385
1700000002365000000,12365000000,474,473,473,0,0,,,,0,open_hand,hold,200.0,dev-0123456789abcdef0123456789abcdef,synthetic-3-open_hand,29,protocol,synthetic-demo-contract-v1,True,5.219370624193222,5.40045745954987,5.568358099514853,5.724817435856318,5.883985874349071,6.0679302978635175,6.214098622295167,6.396480440078945
1700000002370000000,12370000000,475,474,474,0,0,,,,0,open_hand,hold,200.0,dev-0123456789abcdef0123456789abcdef,synthetic-3-open_hand,29,protocol,synthetic-demo-contract-v1,True,5.442628998272339,5.628058642009304,5.801854905453567,5.963694977466794,6.12995380267083,6.318781823128347,6.470907557283477,6.658114661939228
1700000002375000000,12375000000,476,475,475,0,0,,,,0,open_hand,hold,200.0,dev-0123456789abcdef0123456789abcdef,synthetic-3-open_hand,29,protocol,synthetic-demo-contract-v1,True,0.16555787835836652,0.21754977362094713,0.2597117094728488,0.28952969571782583,0.32540266023903996,0.3814691965511751,0.40216254750023245,0.4565929236319577
1700000002380000000,12380000000,477,476,476,0,0,,,,0,open_hand,hold,200.0,dev-0123456789abcdef0123456789abcdef,synthetic-3-open_hand,29,protocol,synthetic-demo-contract-v1,True,0.38814235520616647,0.44394081901689475,0.49193076651545886,0.5273224998691212,0.5703187199918469,0.630985020551188,0.6578527925672462,0.7169087444765451
1700000002385000000,12385000000,478,477,477,0,0,,,,0,open_hand,hold,200.0,dev-0123456789abcdef0123456789abcdef,synthetic-3-open_hand,29,protocol,synthetic-demo-contract-v1,True,0.6103652251193259,0.6697441940147107,0.7235169642960062,0.7645757113885177,0.8146895856220155,0.8798242174174752,0.912969074344922,0.9765577411810347
1700000002390000000,12390000000,479,478,478,0,0,,,,0,open_hand,hold,200.0,dev-0123456789abcdef0123456789abcdef,synthetic-3-open_hand,29,protocol,synthetic-demo-contract-v1,True,0.8322072314578224,0.8949744909531797,0.9544777017712879,1.0012929939063822,1.0585042580252015,1.1279840371483156,1.167503790874652,1.2355376352018972
1700000002395000000,12395000000,480,479,479,0,0,,,,0,open_hand,hold,200.0,dev-0123456789abcdef0123456789abcdef,synthetic-3-open_hand,29,protocol,synthetic-demo-contract-v1,True,1.0536473769327273,1.1196481915662848,1.1848227529148734,1.2374792822087084,1.3017531997564344,1.3754640564165352,1.4214509862301943,1.493848253354224
1700000002400000000,12400000000,481,480,480,0,0,,,,0,open_hand,hold,200.0,dev-0123456789abcdef0123456789abcdef,synthetic-3-open_hand,29,protocol,synthetic-demo-contract-v1,True,1.2746633005714694,1.3437833720585892,1.414564117614277,1.4731407110841608,1.544428397043595,1.6222661687299769,1.6748063761479475,1.751491521703065
1700000002405000000,12405000000,482,481,481,0,0,,,,0,open_hand,hold,200.0,dev-0123456789abcdef0123456789abcdef,synthetic-3-open_hand,29,protocol,synthetic-demo-contract-v1,True,1.4952317118298104,1.5673994051002293,1.6437158616174048,1.7082845448031594,1.786523418897241,1.868394565894657,1.9275673693140216,2.008471452788557
1700000002410000000,12410000000,483,482,482,0,0,,,,0,open_hand,hold,200.0,dev-0123456789abcdef0123456789abcdef,synthetic-3-open_hand,29,protocol,synthetic-demo-contract-v1,True,1.7153288730721403,1.7905166634407703,1.8722939475392941,1.942919107961995,2.028033472850361,2.113855710925849,2.1797330841946825,2.2647941262590745
1700000002415000000,12415000000,484,483,483,0,0,,,,0,open_hand,hold,200.0,dev-0123456789abcdef0123456789abcdef,synthetic-3-open_hand,29,protocol,synthetic-demo-contract-v1,True,1.9349311205657758,2.013156229748733,2.100316058999556,2.177053718372415,2.2689554568596213,2.3586583025889407,2.431304361305982,2.5204676630077887
1700000002420000000,12420000000,485,484,484,0,0,,,,0,open_hand,hold,200.0,dev-0123456789abcdef0123456789abcdef,synthetic-3-open_hand,29,protocol,synthetic-demo-contract-v1,True,2.154015413259896,2.2353396171193385,2.3278014199948647,2.410698622617833,2.509288006901605,2.6028132317872763,2.682283770828333,2.775502192928738
1700000002425000000,12425000000,486,485,485,0,0,,,,0,open_hand,hold,200.0,dev-0123456789abcdef0123456789abcdef,synthetic-3-open_hand,29,protocol,synthetic-demo-contract-v1,True,2.3725598979636113,2.457088504459684,2.554770611618986,2.643864934831969,2.7490315398033673,2.846333530048145,2.932675615482297,3.0299098164286495
1700000002430000000,12430000000,487,486,486,0,0,,,,0,open_hand,hold,200.0,dev-0123456789abcdef0123456789abcdef,synthetic-3-open_hand,29,protocol,synthetic-demo-contract-v1,True,2.590544479114143,2.6784244906620134,2.7812453882252934,2.8765645791850676,2.9881882908565536,3.089234310390423,3.182485928592988,3.283704559850293
1700000002435000000,12435000000,488,487,487,0,0,,,,0,open_hand,hold,200.0,dev-0123456789abcdef0123456789abcdef,synthetic-3-open_hand,29,protocol,synthetic-demo-contract-v1,True,2.807951381144058,2.899368871116847,3.007248495083876,3.1088102364877748,3.2267623457781953,3.3315327008880167,3.43172246728228,3.5369023249820257
1700000002440000000,12440000000,489,488,488,0,0,,,,0,open_hand,hold,200.0,dev-0123456789abcdef0123456789abcdef,synthetic-3-open_hand,29,protocol,synthetic-demo-contract-v1,True,3.02476569151995,3.119942439704299,3.2328034895178055,3.3406152952440635,3.464759666599218,3.5732477712719786,3.680394700740289,3.789520832846341
1700000002445000000,12445000000,490,489,489,0,0,,,,0,open_hand,hold,200.0,dev-0123456789abcdef0123456789abcdef,synthetic-3-open_hand,29,protocol,synthetic-demo-contract-v1,True,3.2409758728328444,3.340165318940533,3.457934567411956,3.5719938074032,3.7021881110835144,3.814400452940881,3.9285137935405077,4.041579561977566
1700000002450000000,12450000000,491,490,490,0,0,,,,0,open_hand,hold,200.0,dev-0123456789abcdef0123456789abcdef,synthetic-3-open_hand,29,protocol,synthetic-demo-contract-v1,True,3.4565742328669606,3.5600568204544887,3.6826663968742186,3.8029604489776405,3.939057445306129,4.055013452773638,4.176092583976403,4.293099681415413
1700000002455000000,12455000000,492,491,491,0,0,,,,0,open_hand,hold,200.0,dev-0123456789abcdef0123456789abcdef,synthetic-3-open_hand,29,protocol,synthetic-demo-contract-v1,True,3.6715573423473766,3.7796353374356597,3.907023960694529,4.03353048560977,4.175379349048482,4.295111161161289,4.423145557411185,4.54410397865669
1700000002460000000,12460000000,493,492,492,0,0,,,,0,open_hand,hold,200.0,dev-0123456789abcdef0123456789abcdef,synthetic-3-open_hand,29,protocol,synthetic-demo-contract-v1,True,3.8859263910530863,3.998918270135403,4.131032409093651,4.263719743086551,4.411167413701518,4.534719554694279,4.669688814646864,4.794616782822215
1700000002465000000,12465000000,494,493,493,0,0,,,,0,open_hand,hold,200.0,dev-0123456789abcdef0123456789abcdef,synthetic-3-open_hand,29,protocol,synthetic-demo-contract-v1,True,4.099687474160172,4.217921984930962,4.35471692408324,4.493544582718427,4.646437132403986,4.7738660939593744,4.915740035333535,5.044663883309697
1700000002470000000,12470000000,495,494,494,0,0,,,,0,open_hand,hold,200.0,dev-0123456789abcdef0123456789abcdef,synthetic-3-open_hand,29,protocol,synthetic-demo-contract-v1,True,4.312851802026399,4.43666180688203,4.578102596573412,4.72302188141801,4.881205882182515,5.01257961691547,5.161318436455027,5.294272444216077
1700000002475000000,12475000000,496,495,495,0,0,,,,0,open_hand,hold,200.0,dev-0123456789abcdef0123456789abcdef,synthetic-3-open_hand,29,protocol,synthetic-demo-contract-v1,True,4.5254358281164615,4.655152045133738,4.801214317166444,4.952169016236265,5.115492897902516,5.25089022833018,5.4064447259426105,5.543470914824511
1700000002480000000,12480000000,497,496,496,0,0,,,,0,open_hand,hold,200.0,dev-0123456789abcdef0123456789abcdef,synthetic-3-open_hand,29,protocol,synthetic-demo-contract-v1,True,4.737461291366096,4.87340604995632,5.024076681367834,5.1810038530398055,5.349319237883885,5.488829185769124,5.651141051484286,5.792288936461791
1700000002485000000,12485000000,498,497,497,0,0,,,,0,open_hand,hold,200.0,dev-0123456789abcdef0123456789abcdef,synthetic-3-open_hand,29,protocol,synthetic-demo-contract-v1,True,4.948955170961179,5.091436299669546,5.246713909731427,5.409544738943448,5.58270774108286,5.726428782637386,5.895430944613291,6.040757246041529
1700000002490000000,12490000000,499,498,498,0,0,,,,0,open_hand,hold,200.0,dev-0123456789abcdef0123456789abcdef,synthetic-3-open_hand,29,protocol,synthetic-demo-contract-v1,True,5.159949553230412,5.3092545151877255,5.469149783236313,5.637810498048076,5.815682975790521,5.963722228777435,6.139339260175634,6.288907576616783
1700000002495000000,12495000000,500,499,499,0,0,,,,0,open_hand,hold,200.0,dev-0123456789abcdef0123456789abcdef,synthetic-3-open_hand,29,protocol,synthetic-demo-contract-v1,True,5.370481412082871,5.526871799447098,5.6914075939729,5.865820429975925,6.048271179849534,6.200743529130299,6.382892111292953,6.536772555273176
1700000002500000000,12500000000,501,500,500,0,0,,,,0,open_hand,hold,200.0,dev-0123456789abcdef0123456789abcdef,synthetic-3-open_hand,29,protocol,synthetic-demo-contract-v1,True,0.08059230612886983,0.10679879854885772,0.13851011099616453,0.18109431064415937,0.23050019244277856,0.2500273609664991,0.3011167999533022,0.3218855986995255
1700000002505000000,12505000000,502,501,501,0,0,,,,0,open_hand,hold,200.0,dev-0123456789abcdef0123456789abcdef,synthetic-3-open_hand,29,protocol,synthetic-demo-contract-v1,True,0.29032799727011677,0.3240458810751889,0.3604795609891164,0.40865239467378184,0.4623993775607679,0.4866089501907131,0.544041743378995,0.5692808067781319
1700000002510000000,12510000000,503,502,502,0,0,,,,0,open_hand,hold,200.0,dev-0123456789abcdef0123456789abcdef,synthetic-3-open_hand,29,protocol,synthetic-demo-contract-v1,True,0.4997379970993392,0.5411233317180798,0.582337623171026,0.6360154187949295,0.6939995393083348,0.7230239472189993,0.7866963963369216,0.8164928545405623
1700000002515000000,12515000000,504,503,503,0,0,,,,0,open_hand,hold,200.0,dev-0123456789abcdef0123456789abcdef,synthetic-3-open_hand,29,protocol,synthetic-demo-contract-v1,True,0.7088750488789557,0.7580415551066687,0.8041054376861095,0.8632046055818328,0.9253328292648381,0.9593083029200006,1.0291111695729356,1.063556882837462
1700000002520000000,12520000000,505,504,504,0,0,,,,0,open_hand,hold,200.0,dev-0123456789abcdef0123456789abcdef,synthetic-3-open_hand,29,protocol,synthetic-demo-contract-v1,True,0.9177945541441039,0.9748112855324237,1.0258036265214387,1.0902416668316763,1.1564326461656806,1.1954981451018876,1.2713173445679447,1.310508388072437
1700000002525000000,12525000000,506,505,505,0,0,,,,0,open_hand,hold,200.0,dev-0123456789abcdef0123456789abcdef,synthetic-3-open_hand,29,protocol,synthetic-demo-contract-v1,True,1.126553954071284,1.1914437981554895,1.2474523258301886,1.3171488058912477,1.3873335282256727,1.4316296560148596,1.5133469848289385,1.557383111350346
1700000002530000000,12530000000,507,506,506,0,0,,,,0,open_hand,hold,200.0,dev-0123456789abcdef0123456789abcdef,synthetic-3-open_hand,29,protocol,synthetic-demo-contract-v1,True,1.335212076648085,1.4079511172321026,1.4690712283803142,1.5439487182340463,1.6180710384765677,1.667738951325134,1.7552328439435732,1.8042169273896078
1700000002535000000,12535000000,508,507,507,0,0,,,,0,open_hand,hold,200.0,dev-0123456789abcdef0123456789abcdef,synthetic-3-open_hand,29,protocol,synthetic-demo-contract-v1,True,1.5438284613535578,1.6243462169326344,1.690679634711117,1.77066458959824,1.8486816435412843,1.9038619610004208,1.9970082706417562,2.051045733546183
1700000002540000000,12540000000,509,508,508,0,0,,,,0,open_hand,hold,200.0,dev-0123456789abcdef0123456789abcdef,synthetic-3-open_hand,29,protocol,synthetic-demo-contract-v1,True,1.7524626734992799,1.8406432104223074,1.912296511462838,1.997320091012638,2.0792025863157204,2.140034312529174,2.2387071111220536,2.2979053392939086
1700000002545000000,12545000000,510,509,509,0,0,,,,0,open_hand,hold,200.0,dev-0123456789abcdef0123456789abcdef,synthetic-3-open_hand,29,protocol,synthetic-demo-contract-v1,True,1.961173620579014,2.0568575230502777,2.1339405552487394,2.2239393700634227,2.309671753075153,2.3762912168764827,2.4803636089144896,2.544831356501738
1700000002550000000,12550000000,511,510,510,0,0,,,,0,open_hand,hold,200.0,dev-0123456789abcdef0123456789abcdef,synthetic-3-open_hand,29,protocol,synthetic-demo-contract-v1,True,2.170018882926173,2.273006045735008,2.3556302603664463,2.450547037788632,2.5401275355657145,2.612667357558547,2.722012302564438,2.791859090843378
1700000002555000000,12555000000,512,511,511,0,0,,,,0,open_hand,hold,200.0,dev-0123456789abcdef0123456789abcdef,synthetic-3-open_hand,29,protocol,synthetic-demo-contract-v1,True,2.3790540706839773,2.4891072649407735,2.577383988596344,2.6771681506298313,2.770608688681901,2.849196783195292,2.963687921434616,3.0390234346685525
1700000002560000000,12560000000,513,512,512,0,0,,,,0,open_hand,hold,200.0,dev-0123456789abcdef0123456789abcdef,synthetic-3-open_hand,29,protocol,synthetic-demo-contract-v1,True,2.5883322185593842,2.705181366007131,2.7992200393104,2.9038281869207814,3.001154184368294,3.0859128038771355,3.2054252799338,3.2863587616580747
1700000002565000000,12565000000,514,513,513,0,0,,,,0,open_hand,hold,200.0,dev-0123456789abcdef0123456789abcdef,synthetic-3-open_hand,29,protocol,synthetic-demo-contract-v1,True,2.7979032290693033,2.92125030701435,3.021156718114994,3.130553017450629,3.2318030624172347,3.3228478916572617,3.447259170491508,3.533898823576753
1700000002570000000,12570000000,515,514,514,0,0,,,,0,open_hand,hold,200.0,dev-0123456789abcdef0123456789abcdef,synthetic-3-open_hand,29,protocol,synthetic-demo-contract-v1,True,3.0078133740118793,3.137337860836666,3.2432124022762805,3.3573688697035458,3.4625942788638366,3.5600335854551695,3.6892242556076407,3.7816766494291323
1700000002575000000,12575000000,516,515,515,0,0,,,,0,open_hand,hold,200.0,dev-0123456789abcdef0123456789abcdef,synthetic-3-open_hand,29,protocol,synthetic-demo-contract-v1,True,3.218104862726583,3.3534696235444086,3.4654056012259753,3.584302285447389,3.6935665527052723,3.7975004006310185,3.931354959314795,4.0297244473132405
1700000002580000000,12580000000,517,516,516,0,0,,,,0,open_hand,hold,200.0,dev-0123456789abcdef0123456789abcdef,synthetic-3-open_hand,29,protocol,synthetic-demo-contract-v1,True,3.428815484368187,3.5696729878575315,3.6877550105185186,3.8113800714198387,3.924758211692348,4.035277743463381,4.173685358398579,4.278073509256717
1700000002585000000,12585000000,518,517,517,0,0,,,,0,open_hand,hold,200.0,dev-0123456789abcdef0123456789abcdef,synthetic-3-open_hand,29,protocol,synthetic-demo-contract-v1,True,3.6399783299387005,3.785977080918449,3.910279557706453,4.038629242941032,4.156207037957932,4.273393830735776,4.416249073727798,4.526754119308235
1700000002590000000,12590000000,519,518,518,0,0,,,,0,open_hand,hold,200.0,dev-0123456789abcdef0123456789abcdef,synthetic-3-open_hand,29,protocol,synthetic-demo-contract-v1,True,3.851621598228049,4.002412666232338,4.132998438718331,4.266076960366,4.387950114258591,4.51187561460983,4.65907916205169,4.77579546514489
1700000002595000000,12595000000,520,519,519,0,0,,,,0,open_hand,hold,200.0,dev-0123456789abcdef0123456789abcdef,synthetic-3-open_hand,29,protocol,synthetic-demo-contract-v1,True,4.063768488141066,4.219012010209188,4.355931143460971,4.493750458377334,4.620023671612666,4.750748712935394,4.902208008625482,5.0252255534432395
1700000002600000000,12600000000,521,520,520,0,0,,,,0,open_hand,hold,200.0,dev-0123456789abcdef0123456789abcdef,synthetic-3-open_hand,29,protocol,synthetic-demo-contract-v1,True,4.276437178169242,4.435808714324603,4.579097469523788,4.721676968207653,4.852462939119991,4.990037345120419,5.1456672210283605,5.275071129248171
1700000002605000000,12605000000,522,521,521,0,0,,,,0,open_hand,hold,200.0,dev-0123456789abcdef0123456789abcdef,synthetic-3-open_hand,29,protocol,synthetic-demo-contract-v1,True,4.489640892035448,4.652837514486411,4.802517523035005,4.949883632971465,5.085301996745316,5.229764273656234,5.38948752453942,5.525357599559553
1700000002610000000,12610000000,523,522,522,0,0,,,,0,open_hand,hold,200.0,dev-0123456789abcdef0123456789abcdef,synthetic-3-open_hand,29,protocol,synthetic-demo-contract-v1,True,4.703388047833802,4.870134049742744,5.026211705905952,5.178397416376255,5.318573631839391,5.469950751367061,5.633698659437329,5.7761089613419925
1700000002615000000,12615000000,524,523,523,0,0,,,,0,open_hand,hold,200.0,dev-0123456789abcdef0123456789abcdef,synthetic-3-open_hand,29,protocol,synthetic-demo-contract-v1,True,4.91768248633933,5.087734602985378,5.250200688897566,5.407245005171732,5.552309200158439,5.710616474426323,5.878329280588148,6.02734773414774
1700000002620000000,12620000000,525,524,524,0,0,,,,0,open_hand,hold,200.0,dev-0123456789abcdef0123456789abcdef,synthetic-3-open_hand,29,protocol,synthetic-demo-contract-v1,True,5.132523772606791,5.305675816782022,5.474505370150545,5.63645270578361,5.786538492124632,5.951779541156831,6.123406859683135,6.279094897527347
1700000002625000000,12625000000,526,525,525,0,0,,,,0,open_hand,hold,200.0,dev-0123456789abcdef0123456789abcdef,synthetic-3-open_hand,29,protocol,synthetic-demo-contract-v1,True,-0.1520924364537781,-0.11350561209516227,-0.07585318096571105,-0.046453664337318866,-0.02871039495291257,0.005956416607148209,0.043957590484229855,0.06886983338650696
1700000002630000000,12630000000,527,526,526,0,0,,,,0,open_hand,hold,200.0,dev-0123456789abcdef0123456789abcdef,synthetic-3-open_hand,29,protocol,synthetic-demo-contract-v1,True,0.06382603288357337,0.10522674450317913,0.1491462053874207,0.1835511099607893,0.20658882199516662,0.24816190287275436,0.29000629742947004,0.32169027343142226
1700000002635000000,12635000000,528,527,527,0,0,,,,0,open_hand,hold,200.0,dev-0123456789abcdef0123456789abcdef,synthetic-3-open_hand,29,protocol,synthetic-demo-contract-v1,True,0.2802683438140408,0.32440871019015344,0.37452471444117796,0.41399152422127145,0.44246049798335546,0.49090911510787694,0.5365763479435176,0.5750722518283383
1700000002640000000,12640000000,529,528,528,0,0,,,,0,open_hand,hold,200.0,dev-0123456789abcdef0123456789abcdef,synthetic-3-open_hand,29,protocol,synthetic-demo-contract-v1,True,0.49722115875556877,0.5440751595698775,0.6003034479338333,0.6448912338421064,0.6789269540903038,0.7342094631524023,0.7836895687901678,0.8290300631862314
1700000002645000000,12645000000,530,529,529,0,0,,,,0,open_hand,hold,200.0,dev-0123456789abcdef0123456789abcdef,synthetic-3-open_hand,29,protocol,synthetic-demo-contract-v1,True,0.7146691749286758,0.764259669921247,0.8265033121364223,0.8762729311342423,0.916008380093588,0.9780726386780242,1.031366166793822,1.08357622595471
1700000002650000000,12650000000,531,530,530,0,0,,,,0,open_hand,hold,200.0,dev-0123456789abcdef0123456789abcdef,synthetic-3-open_hand,29,protocol,synthetic-demo-contract-v1,True,0.932595674039781,0.9849941738713061,1.0531448937148975,1.1081582208547984,1.1537227461568917,1.2225066077388844,1.2796246542456542,1.338721451312184
1700000002655000000,12655000000,532,531,531,0,0,,,,0,open_hand,hold,200.0,dev-0123456789abcdef0123456789abcdef,synthetic-3-open_hand,29,protocol,synthetic-demo-contract-v1,True,1.1509830741376426,1.2063086179350933,1.2802483245486596,1.3405674951443687,1.392085724057844,1.4675176085945225,1.5284817792975571,1.5944746176023525
1700000002660000000,12660000000,533,532,532,0,0,,,,0,open_hand,hold,200.0,dev-0123456789abcdef0123456789abcdef,synthetic-3-open_hand,29,protocol,synthetic-demo-contract-v1,True,1.3698134717502048,1.4282306317681488,1.50783313680768,1.5735198088388407,1.631110618392976,1.7131101546569576,1.7779524616329279,1.850842750360031
1700000002665000000,12665000000,534,533,533,0,0,,,,0,open_hand,hold,200.0,dev-0123456789abcdef0123456789abcdef,synthetic-3-open_hand,29,protocol,synthetic-demo-contract-v1,True,1.589069162691161,1.6507852128730447,1.7359181097577636,1.8070327561584942,1.870808308141534,1.9592870423992712,2.028049733687991,2.1078310079503804
1700000002670000000,12670000000,535,534,534,0,0,,,,0,open_hand,hold,200.0,dev-0123456789abcdef0123456789abcdef,synthetic-3-open_hand,29,protocol,synthetic-demo-contract-v1,True,1.8087331304458236,1.8739944313238006,1.9645211099136868,2.0411223498002347,2.1111871989126123,2.206049364050191,2.2787846876807265,2.365442672828777
1700000002675000000,12675000000,536,535,535,0,0,,,,0,open_hand,hold,200.0,dev-0123456789abcdef0123456789abcdef,synthetic-3-open_hand,29,protocol,synthetic-demo-contract-v1,True,2.028789491793612,2.097877158824392,2.1936589262909894,2.275802903472287,2.352253186140561,2.453396524887861,2.5301664286865697,2.6236791484118966
1700000002680000000,12680000000,537,536,536,0,0,,,,0,open_hand,hold,200.0,dev-0123456789abcdef0123456789abcdef,synthetic-3-open_hand,29,protocol,synthetic-demo-contract-v1,True,2.2492238902841013,2.322448826103475,2.4233471026173183,2.5110869189142697,2.594009629432364,2.7013262649363052,2.782202033980978,2.8825399615341034
1700000002685000000,12685000000,538,537,537,0,0,,,,0,open_hand,hold,200.0,dev-0123456789abcdef0123456789abcdef,synthetic-3-open_hand,29,protocol,synthetic-demo-contract-v1,True,2.470023829335325,2.5477212122716026,2.653599768451935,2.7469849784391656,2.83645733820802,2.9498346848599883,3.034896518848778,3.142022770447088
1700000002690000000,12690000000,539,538,538,0,0,,,,0,open_hand,hold,200.0,dev-0123456789abcdef0123456789abcdef,synthetic-3-open_hand,29,protocol,synthetic-demo-contract-v1,True,2.6911789380430973,2.773702269335241,2.8844294712260052,2.9835056440171948,3.079594568711357,3.1989162758453538,3.2882528090389145,3.402123378304753
1700000002695000000,12695000000,540,539,539,0,0,,,,0,open_hand,hold,200.0,dev-0123456789abcdef0123456789abcdef,synthetic-3-open_hand,29,protocol,synthetic-demo-contract-v1,True,2.9126811642514547,3.000395984580408,3.1158470112557852,3.220655363895115,3.323417032404618,3.4485639532533066,3.542271720021028,3.6628357520598525
1700000002700000000,12700000000,541,540,540,0,0,,,,0,open_hand,hold,200.0,dev-0123456789abcdef0123456789abcdef,synthetic-3-open_hand,29,protocol,synthetic-demo-contract-v1,True,3.134524891006697,3.227802283014978,3.3478612817949203,3.458438387708044,3.5679179156959426,3.6987690938231363,3.796951943177096,3.92415204668372
1700000002705000000,12705000000,542,541,541,0,0,,,,0,open_hand,hold,200.0,dev-0123456789abcdef0123456789abcdef,synthetic-3-open_hand,29,protocol,synthetic-demo-contract-v1,True,3.356706974168797,3.4559169715006535,3.580479116180762,3.6968566909948852,3.8130879108850753,3.949521576206484,4.052290039037449,4.186062634605691
1700000002710000000,12710000000,543,542,542,0,0,,,,0,open_hand,hold,200.0,dev-0123456789abcdef0123456789abcdef,synthetic-3-open_hand,29,protocol,synthetic-demo-contract-v1,True,3.579226700650091,3.6847317256217504,3.8137051440925425,3.9359099099730965,4.058915258149565,4.200809824609385,4.308280437645736,4.44855614025458
1700000002715000000,12715000000,544,543,543,0,0,,,,0,open_hand,hold,200.0,dev-0123456789abcdef0123456789abcdef,synthetic-3-open_hand,29,protocol,synthetic-demo-contract-v1,True,3.8020856684574067,3.914234119737265,4.047541658877024,4.175595287364365,4.305385798331979,4.4526208553213165,4.564915446112107,4.711619479570814
1700000002720000000,12720000000,545,544,544,0,0,,,,0,open_hand,hold,200.0,dev-0123456789abcdef0123456789abcdef,synthetic-3-open_hand,29,protocol,synthetic-demo-contract-v1,True,4.02528759139506,4.144407700054235,4.281988497810243,4.415907629990201,4.5524830362284625,4.7049403259122515,4.822185263388016,4.9752379043446
1700000002725000000,12725000000,546,545,545,0,0,,,,0,open_hand,hold,200.0,dev-0123456789abcdef0123456789abcdef,synthetic-3-open_hand,29,protocol,synthetic-demo-contract-v1,True,4.2488380329079085,4.375232099953562,4.517042937053223,4.6568392787762125,4.800188214020879,4.95775258688206,5.080078002269665,5.2393950512228376
1700000002730000000,12730000000,547,546,546,0,0,,,,0,open_hand,hold,200.0,dev-0123456789abcdef0123456789abcdef,synthetic-3-open_hand,29,protocol,synthetic-demo-contract-v1,True,4.4727440750727006,4.606683196203506,4.7526996029263255,4.898380091716513,5.048480394439175,5.2110407355510455,5.338579718610592,5.50407299521541
1700000002735000000,12735000000,548,547,547,0,0,,,,0,open_hand,hold,200.0,dev-0123456789abcdef0123456789abcdef,synthetic-3-open_hand,29,protocol,synthetic-demo-contract-v1,True,4.6970139301506535,4.83873330412002,4.988950400972521,5.140517440256129,5.2973365531877326,5.464786671985827,5.597674447696891,5.769252307520066
1700000002740000000,12740000000,549,548,548,0,0,,,,0,open_hand,hold,200.0,dev-0123456789abcdef0123456789abcdef,synthetic-3-open_hand,29,protocol,synthetic-demo-contract-v1,True,4.92165650336599,5.071351409185815,5.225784464106289,5.3832362194502315,5.546731680119833,5.718971156761148,5.857344247711699,6.034912117474231
1700000002745000000,12745000000,550,549,549,0,0,,,,0,open_hand,hold,200.0,dev-0123456789abcdef0123456789abcdef,synthetic-3-open_hand,29,protocol,synthetic-demo-contract-v1,True,5.146680916647923,5.3045034321299145,5.46318812095396,5.626518872155347,5.79663888859822,5.97357387036534,6.117569250188516,6.301030178431982
1700000002750000000,12750000000,551,550,550,0,0,,,,0,open_hand,hold,200.0,dev-0123456789abcdef0123456789abcdef,synthetic-3-open_hand,29,protocol,synthetic-demo-contract-v1,True,-0.12790399605441996,-0.09934747599581344,-0.07385511471466374,-0.0421545725994741,-0.002970467562599004,0.041073474065048084,0.05332771732609835,0.10508293735494155
1700000002755000000,12755000000,552,551,551,0,0,,,,0,open_hand,hold,200.0,dev-0123456789abcdef0123456789abcdef,synthetic-3-open_hand,29,protocol,synthetic-demo-contract-v1,True,0.09790978937828382,0.13475938738004173,0.1646354672177834,0.20219355297637565,0.24787332978501353,0.2964476720532239,0.3145961060109954,0.37204560789698304
1700000002760000000,12760000000,553,552,552,0,0,,,,0,open_hand,hold,200.0,dev-0123456789abcdef0123456789abcdef,synthetic-3-open_hand,29,protocol,synthetic-demo-contract-v1,True,0.3241289599041454,0.3692826194334953,0.40363780664529153,0.4470386221683405,0.49913849326563886,0.5521732747133107,0.5763491383675187,0.6393922467546912
1700000002765000000,12765000000,554,553,553,0,0,,,,0,open_hand,hold,200.0,dev-0123456789abcdef0123456789abcdef,synthetic-3-open_hand,29,protocol,synthetic-demo-contract-v1,True,0.5507583443691868,0.6041790723953713,0.6431271291088493,0.6923537944482984,0.7507918656810271,0.8082262628417898,0.8385598786290732,0.9070958330480575
1700000002770000000,12770000000,555,554,554,0,0,,,,0,open_hand,hold,200.0,dev-0123456789abcdef0123456789abcdef,synthetic-3-open_hand,29,protocol,synthetic-demo-contract-v1,True,0.7778004107333274,0.8394042266200762,0.8830760240837533,0.9381101098266273,1.0027990605358919,1.0645818526807067,1.1011998160994896,1.175128350489297
1700000002775000000,12775000000,556,555,555,0,0,,,,0,open_hand,hold,200.0,dev-0123456789abcdef0123456789abcdef,synthetic-3-open_hand,29,protocol,synthetic-demo-contract-v1,True,1.0052547929597926,1.0749125713744028,1.1234545454170373,1.1842765964564586,1.2551246066385962,1.3212145616214246,1.3642389539484414,1.443460872091802
1700000002780000000,12780000000,557,556,556,0,0,,,,0,open_hand,hold,200.0,dev-0123456789abcdef0123456789abcdef,synthetic-3-open_hand,29,protocol,synthetic-demo-contract-v1,True,1.2331178585067855,1.3106579883694023,1.3642303334068386,1.4308203909737396,1.50773209601102,1.578098274450404,1.6276459035611777,1.7120636471660455
1700000002785000000,12785000000,558,557,557,0,0,,,,0,open_hand,hold,200.0,dev-0123456789abcdef0123456789abcdef,synthetic-3-open_hand,29,protocol,synthetic-demo-contract-v1,True,1.461382326585772,1.5465941330547015,1.6053687577782485,1.677706870952151,1.7605843343319814,1.8352063100173208,1.8913879841399348,1.9809061903448666
1700000002790000000,12790000000,559,558,558,0,0,,,,0,open_hand,hold,200.0,dev-0123456789abcdef0123456789abcdef,synthetic-3-open_hand,29,protocol,synthetic-demo-contract-v1,True,1.690036946364947,1.7826748087655677,1.8468330805797317,1.9248997987517293,2.0136434931336287,2.092511488215087,2.1554313272324723,2.249957372376883
1700000002795000000,12795000000,560,559,559,0,0,,,,0,open_hand,hold,200.0,dev-0123456789abcdef0123456789abcdef,synthetic-3-open_hand,29,protocol,synthetic-demo-contract-v1,True,1.9190662431193783,2.0188543289573966,2.088584637803372,2.172361475945201,2.266871262970342,2.3499861971702987,2.4197409858423957,2.5191855124238405
1700000002800000000,12800000000,561,560,560,0,0,,,,0,open_hand,hold,200.0,dev-0123456789abcdef0123456789abcdef,synthetic-3-open_hand,29,protocol,synthetic-demo-contract-v1,True,2.148450338984786,2.2550878629776987,2.3305830383236286,2.4200529074174515,2.5202290067847404,2.6076024605511696,2.6842810477563326,2.7885584715955165
1700000002805000000,12805000000,562,561,561,0,0,,,,0,open_hand,hold,200.0,dev-0123456789abcdef0123456789abcdef,synthetic-3-open_hand,29,protocol,synthetic-demo-contract-v1,True,2.378164853487191,2.4913317611087282,2.5727863785554987,2.6679339741520396,2.7736779127053888,2.865332004908053,2.9490147527047412,3.058043747454326
1700000002810000000,12810000000,563,562,562,0,0,,,,0,open_hand,hold,200.0,dev-0123456789abcdef0123456789abcdef,synthetic-3-open_hand,29,protocol,synthetic-demo-contract-v1,True,2.6081808874258856,2.7275438549599906,2.8151514710562484,2.9159636136449736,3.027179145525549,3.1231463269690933,3.21390461295622,3.327608569221027
1700000002815000000,12815000000,564,563,563,0,0,,,,0,open_hand,hold,200.0,dev-0123456789abcdef0123456789abcdef,synthetic-3-open_hand,29,protocol,synthetic-demo-contract-v1,True,2.838465092014738,2.9636837296936953,3.0576340851374004,3.164100006820855,3.2806939961316908,3.3810167608203443,3.4789125369297307,3.597219993412893
1700000002820000000,12820000000,565,564,564,0,0,,,,0,open_hand,hold,200.0,dev-0123456789abcdef0123456789abcdef,synthetic-3-open_hand,29,protocol,synthetic-demo-contract-v1,True,3.06897982347078,3.199712965021282,3.3001891974173274,3.412300770270519,3.534184028174362,3.6389145449057687,3.7439999553952954,3.8668449996464247
1700000002825000000,12825000000,566,565,565,0,0,,,,0,open_hand,hold,200.0,dev-0123456789abcdef0123456789abcdef,synthetic-3-open_hand,29,protocol,synthetic-demo-contract-v1,True,3.299683381514128,3.4355953424083023,3.5427712501311257,3.660523152582969,3.787611221301971,3.8968108887877544,4.00912794982135,4.136450586337953
1700000002830000000,12830000000,567,566,566,0,0,,,,0,open_hand,hold,200.0,dev-0123456789abcdef0123456789abcdef,synthetic-3-open_hand,29,protocol,synthetic-demo-contract-v1,True,3.5305303285448213,3.671297016460531,3.7853344149250687,3.908724233508309,4.0409381103101785,4.154677039613307,4.274257382416444,4.406003866037643
1700000002835000000,12835000000,568,567,567,0,0,,,,0,open_hand,hold,200.0,dev-0123456789abcdef0123456789abcdef,synthetic-3-open_hand,29,protocol,synthetic-demo-contract-v1,True,3.761471884624494,3.906786649027526,4.027832859798629,4.156861124662633,4.294127919595224,4.412484348234551,4.539349027403987,4.67547216013499
1700000002840000000,12840000000,569,568,568,0,0,,,,0,open_hand,hold,200.0,dev-0123456789abcdef0123456789abcdef,synthetic-3-open_hand,29,protocol,synthetic-demo-contract-v1,True,3.9924563918474614,4.142035505142464,4.270221016818856,4.404891170470896,4.547144692338695,4.670204334934899,4.804363703061721,4.94482309267735
1700000002845000000,12845000000,570,569,569,0,0,,,,0,open_hand,hold,200.0,dev-0123456789abcdef0123456789abcdef,synthetic-3-open_hand,29,protocol,synthetic-demo-contract-v1,True,4.223429840268104,4.377017510509649,4.512453848220136,4.652772148039709,4.7999534138934274,4.927808754713961,5.069262404052295,5.214024683046954
1700000002850000000,12850000000,571,570,570,0,0,,,,0,open_hand,hold,200.0,dev-0123456789abcdef0123456789abcdef,synthetic-3-open_hand,29,protocol,synthetic-demo-contract-v1,True,4.454336446288321,4.611709270844429,4.754487108517198,4.90046246465881,5.052520128885151,5.185269662085051,5.334006433567884,5.483045437246463
1700000002855000000,12855000000,572,571,571,0,0,,,,0,open_hand,hold,200.0,dev-0123456789abcdef0123456789abcdef,synthetic-3-open_hand,29,protocol,synthetic-demo-contract-v1,True,4.685119273326092,4.846090053955189,4.996277600300585,5.147921351647665,5.304812051591811,5.442559475339055,5.598557534810302,5.751854437548296
1700000002860000000,12860000000,573,572,572,0,0,,,,0,open_hand,hold,200.0,dev-0123456789abcdef0123456789abcdef,synthetic-3-open_hand,29,protocol,synthetic-demo-contract-v1,True,4.915720883705884,5.080141736024496,5.237783421451092,5.395109053292073,5.55679766921177,5.69965104022737,5.86287802132839,6.0204214302687475
1700000002865000000,12865000000,574,573,573,0,0,,,,0,open_hand,hold,200.0,dev-0123456789abcdef0123456789abcdef,synthetic-3-open_hand,29,protocol,synthetic-demo-contract-v1,True,5.146084010051721,5.313848714087395,5.478964201602138,5.641987009654434,5.808446837682978,5.956517693014644,6.126930905736721,6.288716911434103
1700000002870000000,12870000000,575,574,574,0,0,,,,0,open_hand,hold,200.0,dev-0123456789abcdef0123456789abcdef,synthetic-3-open_hand,29,protocol,synthetic-demo-contract-v1,True,5.376152234037896,5.5471977872112115,5.719781325795588,5.888518032090328,6.059730869767333,6.213133322849286,6.390680026343887,6.5567122101128925
1700000002875000000,12875000000,576,575,575,0,0,,,,0,open_hand,hold,200.0,dev-0123456789abcdef0123456789abcdef,synthetic-3-open_hand,29,protocol,synthetic-demo-contract-v1,True,0.10587066016906915,0.14267800934486688,0.18519814341581445,0.22216647036259998,0.2606226151673329,0.28197243339606903,0.3290901712246715,0.3618795691956883
1700000002880000000,12880000000,577,576,576,0,0,,,,0,open_hand,hold,200.0,dev-0123456789abcdef0123456789abcdef,synthetic-3-open_hand,29,protocol,synthetic-demo-contract-v1,True,0.3351865723248702,0.3752805172196437,0.42518016064696745,0.46789837031177994,0.5110965324954326,0.5380102036706914,0.5921271992783826,0.629192223411648
1700000002885000000,12885000000,578,577,577,0,0,,,,0,open_hand,hold,200.0,dev-0123456789abcdef0123456789abcdef,synthetic-3-open_hand,29,protocol,synthetic-demo-contract-v1,True,0.5640500611128972,0.6074983370412265,0.6646952148779128,0.7131816211178531,0.7611287529698374,0.793722548011136,0.8547581578254634,0.8961244743793007
1700000002890000000,12890000000,579,578,578,0,0,,,,0,open_hand,hold,200.0,dev-0123456789abcdef0123456789abcdef,synthetic-3-open_hand,29,protocol,synthetic-demo-contract-v1,True,0.7924146106219476,0.8393261740090259,0.9037136296755723,0.9579860912722546,1.0106971357633796,1.049086175114807,1.1169513963061104,1.162651762497732
1700000002895000000,12895000000,580,579,579,0,0,,,,0,open_hand,hold,200.0,dev-0123456789abcdef0123456789abcdef,synthetic-3-open_hand,29,protocol,synthetic-demo-contract-v1,True,1.020237633943514,1.0707601889289564,1.1422083491584412,1.202283752469869,1.2597813149842447,1.3040786460641502,1.3786766756580877,1.4287507354934443
1700000002900000000,12900000000,581,580,580,0,0,,,,0,open_hand,hold,200.0,dev-0123456789abcdef0123456789abcdef,synthetic-3-open_hand,29,protocol,synthetic-demo-contract-v1,True,1.2474809478182889,1.3017977663463536,1.3801550508251719,1.4460487907278476,1.5083627383182836,1.5586784312566213,1.6399052729660653,1.6943993134476418
1700000002905000000,12905000000,582,581,581,0,0,,,,0,open_hand,hold,200.0,dev-0123456789abcdef0123456789abcdef,synthetic-3-open_hand,29,protocol,synthetic-demo-contract-v1,True,1.4741111779457134,1.5324372787142762,1.617532236125697,1.6892577041403452,1.7564246974120792,1.8128649661476486,1.900610080991664,1.9595767501385317
1700000002910000000,12910000000,583,582,582,0,0,,,,0,open_hand,hold,200.0,dev-0123456789abcdef0123456789abcdef,synthetic-3-open_hand,29,protocol,synthetic-demo-contract-v1,True,1.700100087844583,1.7626778511277963,1.854321298301652,1.9318893867848683,2.0039523501234853,2.0666187057077305,2.1607657022118216,2.2242636905434017
1700000002915000000,12915000000,584,583,583,0,0,,,,0,open_hand,hold,200.0,dev-0123456789abcdef0123456789abcdef,synthetic-3-open_hand,29,protocol,synthetic-demo-contract-v1,True,1.9254248256440825,1.9925191310969133,2.090506567266026,2.1739251984058696,2.2509327348117276,2.319921177487102,2.420348537013106,2.4884422243557354
1700000002920000000,12920000000,585,584,584,0,0,,,,0,open_hand,hold,200.0,dev-0123456789abcdef0123456789abcdef,synthetic-3-open_hand,29,protocol,synthetic-demo-contract-v1,True,2.1500680847871294,2.221961067700473,2.326075331536038,2.4153490196134046,2.497354776881931,2.572755033173545,2.6793368657109893,2.7520959353833394
1700000002925000000,12925000000,586,585,585,0,0,,,,0,open_hand,hold,200.0,dev-0123456789abcdef0123456789abcdef,synthetic-3-open_hand,29,protocol,synthetic-demo-contract-v1,True,2.374018176309274,2.4510037042632384,2.561017837475503,2.6561472924482703,2.743209287839064,2.825104098521218,2.937710924086,3.0152099467045383
1700000002930000000,12930000000,587,586,586,0,0,,,,0,open_hand,hold,200.0,dev-0123456789abcdef0123456789abcdef,synthetic-3-open_hand,29,protocol,synthetic-demo-contract-v1,True,2.597269012082357,2.6796469884311294,2.795327266340318,2.8963090462787173,2.988488957143168,3.0769534215205936,3.195452972152661,3.2777709614706962
1700000002935000000,12935000000,588,587,587,0,0,,,,0,open_hand,hold,200.0,dev-0123456789abcdef0123456789abcdef,synthetic-3-open_hand,29,protocol,synthetic-demo-contract-v1,True,2.8198200001479994,2.90789060319019,3.0289996898505667,3.1358259091068814,3.233188337191511,3.328289318672249,3.452547355902471,3.5397672992547786
1700000002940000000,12940000000,589,588,588,0,0,,,,0,open_hand,hold,200.0,dev-0123456789abcdef0123456789abcdef,synthetic-3-open_hand,29,protocol,synthetic-demo-contract-v1,True,3.0416758549764706,3.1357338219881976,3.262034005232312,3.37469210447418,3.4773038217834737,3.57909941922011,3.7089805617885028,3.8011889278573356
1700000002945000000,12945000000,590,589,589,0,0,,,,0,open_hand,hold,200.0,dev-0123456789abcdef0123456789abcdef,synthetic-3-open_hand,29,protocol,synthetic-demo-contract-v1,True,3.2628463271370456,3.363175390680324,3.4944318508788585,3.6129044342633114,3.7208336184505613,3.8293727071931443,3.9647412637465,4.062027490493045
1700000002950000000,12950000000,591,590,590,0,0,,,,0,open_hand,hold,200.0,dev-0123456789abcdef0123456789abcdef,synthetic-3-open_hand,29,protocol,synthetic-demo-contract-v1,True,3.4833458584232067,3.590213438538845,3.726197503972732,3.8504622477989785,3.9637777150566755,4.079099561098416,4.219820362575535,4.322276328292868
1700000002955000000,12955000000,592,591,591,0,0,,,,0,open_hand,hold,200.0,dev-0123456789abcdef0123456789abcdef,synthetic-3-open_hand,29,protocol,synthetic-demo-contract-v1,True,3.703193169908553,3.8168454200493342,3.9573377615836507,4.087367397749351,4.206137841092713,4.328271791103051,4.474211017530202,4.581930498068936
1700000002960000000,12960000000,593,592,592,0,0,,,,0,open_hand,hold,200.0,dev-0123456789abcdef0123456789abcdef,synthetic-3-open_hand,29,protocol,synthetic-demo-contract-v1,True,3.922410791688032,4.043068088670269,4.187861806912257,4.323624183424406,4.4479174241044195,4.576882673538032,4.727908670005788,4.840986785301319
1700000002965000000,12965000000,594,593,593,0,0,,,,0,open_hand,hold,200.0,dev-0123456789abcdef0123456789abcdef,synthetic-3-open_hand,29,protocol,synthetic-demo-contract-v1,True,4.141024544158469,4.268877503168335,4.417781062482746,4.559239282155136,4.689121541703432,4.824926982553035,4.980911059227959,5.0994437123180605
1700000002970000000,12970000000,595,594,594,0,0,,,,0,open_hand,hold,200.0,dev-0123456789abcdef0123456789abcdef,synthetic-3-open_hand,29,protocol,synthetic-demo-contract-v1,True,4.3590629815900614,4.494269066566822,4.6471090321981094,4.794221669518162,4.929756869618325,5.07240101874875,5.233218229888771,5.357301541651992
1700000002975000000,12975000000,596,595,595,0,0,,,,0,open_hand,hold,200.0,dev-0123456789abcdef0123456789abcdef,synthetic-3-open_hand,29,protocol,synthetic-demo-contract-v1,True,4.576556809418605,4.719237597168704,4.875861134258394,5.028582529242957,5.169831626245492,5.3193026346114465,5.484832531701511,5.614562274570062
1700000002980000000,12980000000,597,596,596,0,0,,,,0,open_hand,hold,200.0,dev-0123456789abcdef0123456789abcdef,synthetic-3-open_hand,29,protocol,synthetic-demo-contract-v1,True,4.79353828713319,4.943777430548258,5.1040545270042585,5.262335153703145,5.4093555141587695,5.5656312565739965,5.735758610877528,5.871229644783071
1700000002985000000,12985000000,598,597,597,0,0,,,,0,open_hand,hold,200.0,dev-0123456789abcdef0123456789abcdef,synthetic-3-open_hand,29,protocol,synthetic-demo-contract-v1,True,5.010040628837117,5.167882550854745,5.331707929784526,5.495494835948524,5.648339659032024,5.81138790352826,5.986003393558975,6.127309107355895
1700000002990000000,12990000000,599,598,598,0,0,,,,0,open_hand,hold,200.0,dev-0123456789abcdef0123456789abcdef,synthetic-3-open_hand,29,protocol,synthetic-demo-contract-v1,True,5.226097413516984,5.391546749247251,5.558841440957083,5.728078754280191,5.88679654642054,6.056575201615633,6.235576061271871,6.3828078228502525
1700000002995000000,12995000000,600,599,599,0,0,,,,0,open_hand,hold,200.0,dev-0123456789abcdef0123456789abcdef,synthetic-3-open_hand,29,protocol,synthetic-demo-contract-v1,True,5.441742016767478,5.614763806789883,5.785476355117519,5.960105850407142,6.124739956835181,6.30119739512593,6.48448801849419,6.637734636744144
1700000003000000000,13000000000,601,600,600,0,0,,,,0,open_hand,hold,200.0,dev-0123456789abcdef0123456789abcdef,synthetic-3-open_hand,29,protocol,synthetic-demo-contract-v1,True,0.15700707519344873,0.20002769868887685,0.2366349816094219,0.27909670224867933,0.3121848995281199,0.3577603533393925,0.40775285246357257,0.42960005418389663
1700000003005000000,13005000000,602,601,601,0,0,,,,0,open_hand,hold,200.0,dev-0123456789abcdef0123456789abcdef,synthetic-3-open_hand,29,protocol,synthetic-demo-contract-v1,True,0.37192399395741604,0.42233281635502673,0.4623404663052679,0.5100733924627511,0.549147545390693,0.6012715731527559,0.6553862853785517,0.6834162101365591
1700000003010000000,13010000000,603,602,602,0,0,,,,0,open_hand,hold,200.0,dev-0123456789abcdef0123456789abcdef,synthetic-3-open_hand,29,protocol,synthetic-demo-contract-v1,True,0.5865225069751677,0.6441742034325216,0.6876166185578044,0.7405593737858696,0.7856451593426903,0.8442401773378087,0.9024061191758781,0.9366968350218338
1700000003015000000,13015000000,604,603,603,0,0,,,,0,open_hand,hold,200.0,dev-0123456789abcdef0123456789abcdef,synthetic-3-open_hand,29,protocol,synthetic-demo-contract-v1,True,0.8008302981049009,0.8655478016544981,0.9124877451106355,0.9705793322658095,1.0216960325688098,1.086676908289956,1.148832173094476,1.1894572159143066
1700000003020000000,13020000000,605,604,604,0,0,,,,0,open_hand,hold,200.0,dev-0123456789abcdef0123456789abcdef,synthetic-3-open_hand,29,protocol,synthetic-demo-contract-v1,True,1.0148726903497383,1.0864507021706997,1.1369784926241708,1.200159049453606,1.2573194149318245,1.3285941171346982,1.3946862142635212,1.4417141534177687
1700000003025000000,13025000000,606,605,605,0,0,,,,0,open_hand,hold,200.0,dev-0123456789abcdef0123456789abcdef,synthetic-3-open_hand,29,protocol,synthetic-demo-contract-v1,True,1.2286724086271719,1.3068813978473965,1.3611137003216118,1.4293252645971817,1.492535447864034,1.570005748071928,1.6399918815782208,1.6934859143244996
1700000003030000000,13030000000,607,606,606,0,0,,,,0,open_hand,hold,200.0,dev-0123456789abcdef0123456789abcdef,synthetic-3-open_hand,29,protocol,synthetic-demo-contract-v1,True,1.442249420081838,1.5268400319663709,1.5849182640907806,1.6581055378451999,1.7273650980087794,1.810927317851278,1.8847746031517438,1.9447921801830599
1700000003035000000,13035000000,608,607,607,0,0,,,,0,open_hand,hold,200.0,dev-0123456789abcdef0123456789abcdef,synthetic-3-open_hand,29,protocol,synthetic-demo-contract-v1,True,1.6556208542625381,1.7463286387498087,1.8084170131938073,1.886528115427153,1.9618300918526559,2.051375890286533,2.129061507655479,2.1956539919086047
1700000003040000000,13040000000,609,608,608,0,0,,,,0,open_hand,hold,200.0,dev-0123456789abcdef0123456789abcdef,synthetic-3-open_hand,29,protocol,synthetic-demo-contract-v1,True,1.8688010037845175,1.965351371211442,2.0316346005402925,2.1146217977246424,2.195952851556897,2.291370045733255,2.372881329882205,2.446093690579903
1700000003045000000,13045000000,610,609,609,0,0,,,,0,open_hand,hold,200.0,dev-0123456789abcdef0123456789abcdef,synthetic-3-open_hand,29,protocol,synthetic-demo-contract-v1,True,2.0818014043885333,2.1839147119802926,2.254595407273102,2.342415811089958,2.429756432163504,2.530929845471181,2.6162643108877437,2.696134854577101
1700000003050000000,13050000000,611,610,610,0,0,,,,0,open_hand,hold,200.0,dev-0123456789abcdef0123456789abcdef,synthetic-3-open_hand,29,protocol,synthetic-demo-contract-v1,True,2.2946309916242593,2.402027662959789,2.477323462202126,2.5699396842020885,2.66326446031846,2.7700767909516535,2.8592420930862277,2.9458022332237994
1700000003055000000,13055000000,612,611,611,0,0,,,,0,open_hand,hold,200.0,dev-0123456789abcdef0123456789abcdef,synthetic-3-open_hand,29,protocol,synthetic-demo-contract-v1,True,2.507296329761551,2.619701909968575,2.6998423764028434,2.7972231296778856,2.89650107462109,3.0088337778901217,3.1018476106920283,3.1951216771061626
1700000003060000000,13060000000,613,612,612,0,0,,,,0,open_hand,hold,200.0,dev-0123456789abcdef0123456789abcdef,synthetic-3-open_hand,29,protocol,synthetic-demo-contract-v1,True,2.719801907002437,2.836951958855838,2.922175293076313,3.024295931578241,3.129490867675726,3.247225045204726,3.3441149759178432,3.4441200652506554
1700000003065000000,13065000000,614,613,613,0,0,,,,0,open_hand,hold,200.0,dev-0123456789abcdef0123456789abcdef,synthetic-3-open_hand,29,protocol,synthetic-demo-contract-v1,True,2.9321504896605037,3.053795239987956,3.1443448525477913,3.251187839366319,3.3622588298894636,3.485276118823724,3.5860793613529416,3.692825229350282
1700000003070000000,13070000000,615,614,614,0,0,,,,0,open_hand,hold,200.0,dev-0123456789abcdef0123456789abcdef,synthetic-3-open_hand,29,protocol,synthetic-demo-contract-v1,True,3.1443435267218605,3.270252178458908,3.366373172065819,3.4779284687885568,3.5948302950286015,3.7230137504073952,3.8277768789586637,3.9412658752373773
1700000003075000000,13075000000,616,615,615,0,0,,,,0,open_hand,hold,200.0,dev-0123456789abcdef0123456789abcdef,synthetic-3-open_hand,29,protocol,synthetic-demo-contract-v1,True,3.3563815951282447,3.486346227876666,3.588281839854506,3.704547210059598,3.8272308875161802,3.9604658510533697,4.069244456129229,4.1894715018083915
1700000003080000000,13080000000,617,616,616,0,0,,,,0,open_hand,hold,200.0,dev-0123456789abcdef0123456789abcdef,synthetic-3-open_hand,29,protocol,synthetic-demo-contract-v1,True,3.5682648752505983,3.7021038661146504,3.8100919226720875,3.9310731436411213,4.059486471424719,4.197661420078554,4.310519709275337,4.437472317613387
1700000003085000000,13085000000,618,617,617,0,0,,,,0,open_hand,hold,200.0,dev-0123456789abcdef0123456789abcdef,synthetic-3-open_hand,29,protocol,synthetic-demo-contract-v1,True,3.7799936453680987,3.9175545519823523,4.031823985940709,4.157534963812143,4.291623101091561,4.434630468995287,4.5516408153953885,4.685299155329495
1700000003090000000,13090000000,619,618,618,0,0,,,,0,open_hand,hold,200.0,dev-0123456789abcdef0123456789abcdef,synthetic-3-open_hand,29,protocol,synthetic-demo-contract-v1,True,3.9915687835468603,4.1327306423542325,4.253498125338524,4.38396091013615,4.523666973259818,4.67140394082434,4.792646382104787,4.932983384343852
1700000003095000000,13095000000,620,619,619,0,0,,,,0,open_hand,hold,200.0,dev-0123456789abcdef0123456789abcdef,synthetic-3-open_hand,29,protocol,synthetic-demo-contract-v1,True,4.202992265132879,4.347667269891545,4.475134008587572,4.610378706839044,4.755644380625763,4.908013624912437,5.0335753165974,5.180556821677139
1700000003100000000,13100000000,621,620,620,0,0,,,,0,open_hand,hold,200.0,dev-0123456789abcdef0123456789abcdef,synthetic-3-open_hand,29,protocol,synthetic-demo-contract-v1,True,4.41426764413905,4.562402182088794,4.696750926031637,4.836815510022546,4.987581666653957,5.1444920674471275,5.274466694015041,5.428051641483998
1700000003105000000,13105000000,622,621,621,0,0,,,,0,open_hand,hold,200.0,dev-0123456789abcdef0123456789abcdef,synthetic-3-open_hand,29,protocol,synthetic-demo-contract-v1,True,4.625400507115021,4.776975542965801,4.918367848479072,5.063297862551081,5.219505181504628,5.380872477886895,5.515359625700734,5.675500283371281
1700000003110000000,13110000000,623,622,622,0,0,,,,0,open_hand,hold,200.0,dev-0123456789abcdef0123456789abcdef,synthetic-3-open_hand,29,protocol,synthetic-demo-contract-v1,True,4.836398888634966,4.991429699298628,5.140003490687939,5.289851656367438,5.451441238903859,5.6171886315490855,5.756293127809441,5.922935359779028
1700000003115000000,13115000000,624,623,623,0,0,,,,0,open_hand,hold,200.0,dev-0123456789abcdef0123456789abcdef,synthetic-3-open_hand,29,protocol,synthetic-demo-contract-v1,True,5.047273638311068,5.2058089138291095,5.361676378796072,5.516502101914229,5.683416073776391,5.853474768622676,5.997305990746184,6.170389562672735
1700000003120000000,13120000000,625,624,624,0,0,,,,0,open_hand,hold,200.0,dev-0123456789abcdef0123456789abcdef,synthetic-3-open_hand,29,protocol,synthetic-demo-contract-v1,True,5.258038730223722,5.420159068404736,5.583404919947439,5.74327370426528,5.915455800452986,6.089765489896472,6.238436649895632,6.4178955697982145
1700000003125000000,13125000000,626,625,625,0,0,,,,0,open_hand,hold,200.0,dev-0123456789abcdef0123456789abcdef,synthetic-3-open_hand,29,protocol,synthetic-demo-contract-v1,True,-0.03128849316658186,-0.0029726595294933354,0.030207472339691788,0.05769024550447022,0.09758637125994889,0.13859564951648598,0.1547230580998619,0.20298595075282522
1700000003130000000,13130000000,627,626,626,0,0,,,,0,open_hand,hold,200.0,dev-0123456789abcdef0123456789abcdef,synthetic-3-open_hand,29,protocol,synthetic-demo-contract-v1,True,0.17931285077977333,0.21146185675435003,0.2521024139156495,0.28477477282942976,0.3298335352969866,0.37500024510813984,0.3962025603316532,0.45069307312848556
1700000003135000000,13135000000,628,627,627,0,0,,,,0,open_hand,hold,200.0,dev-0123456789abcdef0123456789abcdef,synthetic-3-open_hand,29,protocol,synthetic-demo-contract-v1,True,0.38986727945312916,0.4260113283516268,0.47410820794429226,0.5120495918050193,0.5622227972116691,0.6115143056200234,0.6379117709997478,0.6985490089830296
1700000003140000000,13140000000,629,628,628,0,0,,,,0,open_hand,hold,200.0,dev-0123456789abcdef0123456789abcdef,synthetic-3-open_hand,29,protocol,synthetic-demo-contract-v1,True,0.6004029588131825,0.6407246717160949,0.6962434637840108,0.7395362641467554,0.7947793757839008,0.8481727772656598,0.8798864543099061,0.9465854418969417
1700000003145000000,13145000000,630,629,629,0,0,,,,0,open_hand,hold,200.0,dev-0123456789abcdef0123456789abcdef,synthetic-3-open_hand,29,protocol,synthetic-demo-contract-v1,True,0.8109516345949487,0.8556506202999564,0.9185269911918289,0.9672556093779482,1.0275281621421881,1.0850104079581095,1.1221614080913906,1.194833574872348
1700000003150000000,13150000000,631,630,630,0,0,,,,0,open_hand,hold,200.0,dev-0123456789abcdef0123456789abcdef,synthetic-3-open_hand,29,protocol,synthetic-demo-contract-v1,True,1.021548480750913,1.0708373317504134,1.140977846636232,1.1952277096765533,1.2604936774449176,1.3220616306491122,1.3647703514828318,1.4433240393303577
1700000003155000000,13155000000,632,631,631,0,0,,,,0,open_hand,hold,200.0,dev-0123456789abcdef0123456789abcdef,synthetic-3-open_hand,29,protocol,synthetic-demo-contract-v1,True,1.2322318666946366,1.2863319956619386,1.3636153701868363,1.4234719172088646,1.4937000298742449,1.5593604459996575,1.6077458168542997,1.6920868054613953
1700000003160000000,13160000000,633,632,632,0,0,,,,0,open_hand,hold,200.0,dev-0123456789abcdef0123456789abcdef,synthetic-3-open_hand,29,protocol,synthetic-demo-contract-v1,True,1.4430430466002953,1.5021804469007198,1.5864592116899743,1.6520068632373315,1.7271708708073754,1.7969403048223134,1.8511190463239595,1.9411510941810854
1700000003165000000,13165000000,634,633,633,0,0,,,,0,open_hand,hold,200.0,dev-0123456789abcdef0123456789abcdef,synthetic-3-open_hand,29,protocol,synthetic-demo-contract-v1,True,1.654025775640072,1.7184267894600709,1.8095293450935555,1.8808504682890095,1.9609293500498144,2.034833990747103,2.094919893207928,2.1905452909414485
1700000003170000000,13170000000,635,634,634,0,0,,,,0,open_hand,hold,200.0,dev-0123456789abcdef0123456789abcdef,synthetic-3-open_hand,29,protocol,synthetic-demo-contract-v1,True,1.8652258595738502,1.93511303567394,2.032846069955491,2.1100199526794956,2.1949980700374394,2.273073503572298,2.3391767287211427,2.4402968616438367
1700000003175000000,13175000000,636,635,635,0,0,,,,0,open_hand,hold,200.0,dev-0123456789abcdef0123456789abcdef,synthetic-3-open_hand,29,protocol,synthetic-demo-contract-v1,True,2.0766906455116505,2.152278765411728,2.256429999355022,2.339531846704289,2.4293990389385867,2.511689943768763,2.5839163542249968,2.6904322708958315
1700000003180000000,13180000000,637,636,636,0,0,,,,0,open_hand,hold,200.0,dev-0123456789abcdef0123456789abcdef,synthetic-3-open_hand,29,protocol,synthetic-demo-contract-v1,True,2.288468462920305,2.369960809604846,2.480302033623589,2.569401999835502,2.6641536226138154,2.750713398611773,2.82916391929471,2.94097690284973
1700000003185000000,13185000000,638,637,637,0,0,,,,0,open_hand,hold,200.0,dev-0123456789abcdef0123456789abcdef,synthetic-3-open_hand,29,protocol,synthetic-demo-contract-v1,True,2.500608025015872,2.5881929621175384,2.704483319518332,2.7996455882959053,2.8992824954189382,2.990172830417015,3.07494284585552,3.1919549848546915
1700000003190000000,13190000000,639,638,638,0,0,,,,0,open_hand,hold,200.0,dev-0123456789abcdef0123456789abcdef,synthetic-3-open_hand,29,protocol,synthetic-demo-contract-v1,True,2.7131578015507207,2.8070057235770283,2.9289951946748296,3.0302771204245125,3.134805589866411,3.230095967358114,3.321274758612356,3.443389514148696
1700000003195000000,13195000000,640,639,639,0,0,,,,0,open_hand,hold,200.0,dev-0123456789abcdef0123456789abcdef,synthetic-3-open_hand,29,protocol,synthetic-demo-contract-v1,True,2.926165374650867,3.0264260803267105,3.1538591173930706,3.261310439297391,3.370742045190634,3.4705091973411113,3.568179421972442,3.6953021878096477
1700000003200000000,13200000000,641,640,640,0,0,,,,0,open_hand,hold,200.0,dev-0123456789abcdef0123456789abcdef,synthetic-3-open_hand,29,protocol,synthetic-demo-contract-v1,True,3.139676789771843,3.246477321168073,3.379096582029435,3.4927587221237775,3.607110154893958,3.7114374654070845,3.8156746836346143,3.9477133361776726
1700000003205000000,13205000000,642,641,641,0,0,,,,0,open_hand,hold,200.0,dev-0123456789abcdef0123456789abcdef,synthetic-3-open_hand,29,protocol,synthetic-demo-contract-v1,True,3.353735914011437,3.4671788940197694,3.6047290204846343,3.7246344760001544,3.8439273133819367,3.9529041751273386,4.063776424993045,4.20064185995263
1700000003210000000,13210000000,643,642,642,0,0,,,,0,open_hand,hold,200.0,dev-0123456789abcdef0123456789abcdef,synthetic-3-open_hand,29,protocol,synthetic-demo-contract-v1,True,3.568383813941385,3.6885463040540216,3.830777690490439,3.956949529672974,4.081209961828094,4.194931094446408,4.3124985184766365,4.454105171162262
1700000003215000000,13215000000,644,643,643,0,0,,,,0,open_hand,hold,200.0,dev-0123456789abcdef0123456789abcdef,synthetic-3-open_hand,29,protocol,synthetic-demo-contract-v1,True,3.7836581647988807,3.9105910542800646,4.0572635516037705,4.189715021033472,4.3189735334401025,4.4375382664164675,4.561852791918806,4.70811913818719
1700000003220000000,13220000000,645,644,644,0,0,,,,0,open_hand,hold,200.0,dev-0123456789abcdef0123456789abcdef,synthetic-3-open_hand,29,protocol,synthetic-demo-contract-v1,True,3.999592702318835,4.133320628940603,4.284207130012745,4.422941380144573,4.557232398330204,4.680743925252634,4.811849000025655,4.9626980350191054
1700000003225000000,13225000000,646,645,645,0,0,,,,0,open_hand,hold,200.0,dev-0123456789abcdef0123456789abcdef,synthetic-3-open_hand,29,protocol,synthetic-demo-contract-v1,True,4.216216727700426,4.356738519479572,4.511628373442937,4.656638307679568,4.795999808222815,4.924564418122206,5.062494802983952,5.217854494918168
1700000003230000000,13230000000,647,646,646,0,0,,,,0,open_hand,hold,200.0,dev-0123456789abcdef0123456789abcdef,synthetic-3-open_hand,29,protocol,synthetic-demo-contract-v1,True,4.433554675202335,4.5808442922370665,4.73954649762109,4.890814748733828,5.0352878412610655,5.169014133061992,5.313795752223825,5.473599468624589
1700000003235000000,13235000000,648,647,647,0,0,,,,0,open_hand,hold,200.0,dev-0123456789abcdef0123456789abcdef,synthetic-3-open_hand,29,protocol,synthetic-demo-contract-v1,True,4.651625750670339,4.8056336964395,4.967979825905536,5.125478862053803,5.275107347201363,5.414105433396869,5.565755283324875,5.729942187267944
1700000003240000000,13240000000,649,648,648,0,0,,,,0,open_hand,hold,200.0,dev-0123456789abcdef0123456789abcdef,synthetic-3-open_hand,29,protocol,synthetic-demo-contract-v1,True,4.870443647942527,5.031098810488584,5.196945623825568,5.3606379848105385,5.515467893310362,5.659848599009283,5.8183747160285,5.986890130105681
1700000003245000000,13245000000,650,649,649,0,0,,,,0,open_hand,hold,200.0,dev-0123456789abcdef0123456789abcdef,synthetic-3-open_hand,29,protocol,synthetic-demo-contract-v1,True,5.0900163485788585,5.25722822402056,5.426459930384353,5.59629859312737,5.756377711302066,5.906251774784123,6.071653261293894,6.244448997209808
1700000003250000000,13250000000,651,650,650,0,0,,,,0,open_hand,hold,200.0,dev-0123456789abcdef0123456789abcdef,synthetic-3-open_hand,29,protocol,synthetic-demo-contract-v1,True,-0.18965399124672555,-0.15349274728499007,-0.11846261193008292,-0.08003374134783507,-0.05215635432651274,-0.034179073474106245,0.0005880353102662951,0.04012268720778874
1700000003255000000,13255000000,652,651,651,0,0,,,,0,open_hand,hold,200.0,dev-0123456789abcdef0123456789abcdef,synthetic-3-open_hand,29,protocol,synthetic-demo-contract-v1,True,0.031428935460522014,0.07391818238822506,0.1121910735851104,0.15664560154260024,0.189871103815384,0.2135598046159016,0.2551740803536884,0.29891328017016816
1700000003260000000,13260000000,653,652,652,0,0,,,,0,open_hand,hold,200.0,dev-0123456789abcdef0123456789abcdef,synthetic-3-open_hand,29,protocol,synthetic-demo-contract-v1,True,0.2532556524605761,0.3019405385161819,0.34343233134941126,0.3938402403076127,0.43246400828968445,0.46196991564610856,0.5104043923535356,0.5583210257237412
1700000003265000000,13265000000,654,653,653,0,0,,,,0,open_hand,hold,200.0,dev-0123456789abcdef0123456789abcdef,synthetic-3-open_hand,29,protocol,synthetic-demo-contract-v1,True,0.47581105464569234,0.5305513770025233,0.5752706118420179,0.6315527390184857,0.6756247516771553,0.7110505022337187,0.7662699550108707,0.8183443364547788
1700000003270000000,13270000000,655,654,654,0,0,,,,0,open_hand,hold,200.0,dev-0123456789abcdef0123456789abcdef,synthetic-3-open_hand,29,protocol,synthetic-demo-contract-v1,True,0.6990746478040821,0.7597255917425404,0.8077133168468116,0.8697845524681561,0.9193541544074354,0.9607985311865048,1.0227597802894577,1.078979786652341
1700000003275000000,13275000000,656,655,655,0,0,,,,0,open_hand,hold,200.0,dev-0123456789abcdef0123456789abcdef,synthetic-3-open_hand,29,protocol,synthetic-demo-contract-v1,True,0.9230208691043799,0.9894362343388836,1.040765653625225,1.108535969916529,1.1636514259886004,1.2112086901535553,1.2798609550793774,1.3402221164268269
1700000003280000000,13280000000,657,656,656,0,0,,,,0,open_hand,hold,200.0,dev-0123456789abcdef0123456789abcdef,synthetic-3-open_hand,29,protocol,synthetic-demo-contract-v1,True,1.147619482069909,1.2196548412014863,1.2744304999831857,1.3478060581121407,1.4085141300548267,1.4622733928597056,1.5375586938136032,1.6020642412238162
1700000003285000000,13285000000,658,657,657,0,0,,,,0,open_hand,hold,200.0,dev-0123456789abcdef0123456789abcdef,synthetic-3-open_hand,29,protocol,synthetic-demo-contract-v1,True,1.3728360383825955,1.4503517632146252,1.5087082821136621,1.5875926043257724,1.6539381536483422,1.7139827929845888,1.7958363967993767,1.8644972667379018
1700000003290000000,13290000000,659,658,658,0,0,,,,0,open_hand,hold,200.0,dev-0123456789abcdef0123456789abcdef,synthetic-3-open_hand,29,protocol,synthetic-demo-contract-v1,True,1.5986323975821082,1.68149649317879,1.7435968669878144,1.8278920601690019,1.8999176811456593,1.9663248067091774,2.0546757140089063,2.1275105092156745
1700000003295000000,13295000000,660,659,659,0,0,,,,0,open_hand,hold,200.0,dev-0123456789abcdef0123456789abcdef,synthetic-3-open_hand,29,protocol,synthetic-demo-contract-v1,True,1.8249672946321058,1.913057986333471,1.9790914709365754,2.068699486999744,2.146445173228027,2.2192851439141226,2.3140566140578325,2.391091521121371
1700000003300000000,13300000000,661,660,660,0,0,,,,0,open_hand,hold,200.0,dev-0123456789abcdef0123456789abcdef,synthetic-3-open_hand,29,protocol,synthetic-demo-contract-v1,True,2.0517969444343342,2.1450049694373865,2.2151845859120516,2.31000850373712,2.3935113512820902,2.4728473479752786,2.573957458085078,2.655226122122878
1700000003305000000,13305000000,662,661,661,0,0,,,,0,open_hand,hold,200.0,dev-0123456789abcdef0123456789abcdef,synthetic-3-open_hand,29,protocol,synthetic-demo-contract-v1,True,2.279075671700697,2.377306234122191,2.451865924746245,2.551811237919203,2.64110518759898,2.7269928440627904,2.834355078234247,2.9198984353399857
1700000003310000000,13310000000,663,662,662,0,0,,,,0,open_hand,hold,200.0,dev-0123456789abcdef0123456789abcdef,synthetic-3-open_hand,29,protocol,synthetic-demo-contract-v1,True,2.5067565541566714,2.609930910540428,2.689122386535203,2.794098280839161,2.8892139017184992,2.9817009958111798,3.0952248604245667,3.1850909287809093
1700000003315000000,13315000000,664,663,663,0,0,,,,0,open_hand,hold,200.0,dev-0123456789abcdef0123456789abcdef,synthetic-3-open_hand,29,protocol,synthetic-demo-contract-v1,True,2.7347920668552557,2.8428487176934816,2.926938043071993,3.036858647587823,3.1378229632398607,3.2369491701892485,3.356540831088659,3.4507844618773262
1700000003320000000,13320000000,665,664,664,0,0,,,,0,open_hand,hold,200.0,dev-0123456789abcdef0123456789abcdef,synthetic-3-open_hand,29,protocol,synthetic-demo-contract-v1,True,2.963134715432667,3.076030187244578,3.165294147034262,3.280079742813745,3.3869161013915843,3.492712810360438,3.6182757475449954,3.716958337012377
1700000003325000000,13325000000,666,665,665,0,0,,,,0,open_hand,hold,200.0,dev-0123456789abcdef0123456789abcdef,synthetic-3-open_hand,29,protocol,synthetic-demo-contract-v1,True,3.191737646434111,3.3094468580890046,3.4041691624042065,3.523747332985651,3.6364753216210923,3.7489655162869377,3.880401191665031,3.983590355920589
1700000003330000000,13330000000,667,666,666,0,0,,,,0,open_hand,hold,200.0,dev-0123456789abcdef0123456789abcdef,synthetic-3-open_hand,29,protocol,synthetic-demo-contract-v1,True,3.4205552233736243,3.5430714394608707,3.6435388173630714,3.7678455259065338,3.886480929429078,4.005679132794272,4.1428876664883925,4.250656880823173
1700000003335000000,13335000000,668,667,667,0,0,,,,0,open_hand,hold,200.0,dev-0123456789abcdef0123456789abcdef,synthetic-3-open_hand,29,protocol,synthetic-demo-contract-v1,True,3.649543557955351,3.7768779408951625,3.8833761796618003,4.012356758184351,4.13691156163544,4.262823844777718,4.405704695434407,4.518132900147019
1700000003340000000,13340000000,669,668,668,0,0,,,,0,open_hand,hold,200.0,dev-0123456789abcdef0123456789abcdef,synthetic-3-open_hand,29,protocol,synthetic-demo-contract-v1,True,3.878660986858746,4.010841767926809,4.123651754226878,4.257261791311195,4.387744225222513,4.520368279197886,4.6688209237545415,4.785992098660814
1700000003345000000,13345000000,670,669,669,0,0,,,,0,open_hand,hold,200.0,dev-0123456789abcdef0123456789abcdef,synthetic-3-open_hand,29,protocol,synthetic-demo-contract-v1,True,4.107868485657106,4.244939782986081,4.364333602518695,4.502539716941695,4.638954343857788,4.778279613480133,4.932204221867981,5.054206931847109
1700000003350000000,13350000000,671,670,670,0,0,,,,0,open_hand,hold,200.0,dev-0123456789abcdef0123456789abcdef,synthetic-3-open_hand,29,protocol,synthetic-demo-contract-v1,True,4.3371300127735575,4.4791503315327805,4.605387482921788,4.748167971892668,4.890515812152691,5.0365236899016725,5.195821790221603,5.322748704315019
1700000003355000000,13355000000,672,671,671,0,0,,,,0,open_hand,hold,200.0,dev-0123456789abcdef0123456789abcdef,synthetic-3-open_hand,29,protocol,synthetic-demo-contract-v1,True,4.566412777853806,4.713453234051081,4.84677701121491,4.99412236331028,5.142401057666521,5.295065135521146,5.459640265316014,5.591587652044431
1700000003360000000,13360000000,673,672,672,0,0,,,,0,open_hand,hold,200.0,dev-0123456789abcdef0123456789abcdef,synthetic-3-open_hand,29,protocol,synthetic-demo-contract-v1,True,4.795687430520419,4.94782974509346,5.088463839946855,5.240377104369039,5.394581110615685,5.553867487178466,5.723625826541016,5.860693028239403
1700000003365000000,13365000000,674,673,673,0,0,,,,0,open_hand,hold,200.0,dev-0123456789abcdef0123456789abcdef,synthetic-3-open_hand,29,protocol,synthetic-demo-contract-v1,True,5.024928167136592,5.182262481106816,5.330407855333854,5.486904860779295,5.647025681198259,5.812893321067805,5.987744303466819,6.1300331925555644
1700000003370000000,13370000000,675,674,674,0,0,,,,0,open_hand,hold,200.0,dev-0123456789abcdef0123456789abcdef,synthetic-3-open_hand,29,protocol,synthetic-demo-contract-v1,True,5.254112754914449,5.416735319288282,5.572567390098922,5.733676808287735,5.899703244393169,6.072104386364176,6.25196128324157,6.3995757034543175
1700000003375000000,13375000000,676,675,675,0,0,,,,0,open_hand,hold,200.0,dev-0123456789abcdef0123456789abcdef,synthetic-3-open_hand,29,protocol,synthetic-demo-contract-v1,True,-0.016777525581184838,0.013733270193935727,0.03989945049479099,0.06816270125922669,0.10258113204196542,0.1439617423638335,0.19124221775112277,0.20678741342490356
1700000003380000000,13380000000,677,676,676,0,0,,,,0,open_hand,hold,200.0,dev-0123456789abcdef0123456789abcdef,synthetic-3-open_hand,29,protocol,synthetic-demo-contract-v1,True,0.21224198320724466,0.24824232725353168,0.28235995559253835,0.3153309523293753,0.35562563197012476,0.4034258985813181,0.45555253020359826,0.4766345668047268
1700000003385000000,13385000000,678,677,677,0,0,,,,0,open_hand,hold,200.0,dev-0123456789abcdef0123456789abcdef,synthetic-3-open_hand,29,protocol,synthetic-demo-contract-v1,True,0.44115910497614846,0.48274929672123434,0.5249039867792197,0.5626487230161162,0.6088020938539432,0.6629569572309292,0.7198577208088258,0.7465828999179471
1700000003390000000,13390000000,679,678,678,0,0,,,,0,open_hand,hold,200.0,dev-0123456789abcdef0123456789abcdef,synthetic-3-open_hand,29,protocol,synthetic-demo-contract-v1,True,0.6699645501181213,0.7172416119107243,0.7674860452918469,0.8100820250767499,0.8620750414892204,0.922514757508382,0.9841234712314663,1.016597743243107
1700000003395000000,13395000000,680,679,679,0,0,,,,0,open_hand,hold,200.0,dev-0123456789abcdef0123456789abcdef,synthetic-3-open_hand,29,protocol,synthetic-demo-contract-v1,True,0.8986515750054856,0.9517071358175592,1.0100603155229275,1.057595832294818,1.1154082910691685,1.1820590210790018,1.2483157475062316,1.2866441253118412
1700000003400000000,13400000000,681,680,680,0,0,,,,0,open_hand,hold,200.0,dev-0123456789abcdef0123456789abcdef,synthetic-3-open_hand,29,protocol,synthetic-demo-contract-v1,True,1.1272155885710082,1.1861339564185143,1.2525809317658818,1.3051542022802782,1.3687650750318539,1.4415494981723618,1.512400901114136,1.556686878032966
1700000003405000000,13405000000,682,681,681,0,0,,,,0,open_hand,hold,200.0,dev-0123456789abcdef0123456789abcdef,synthetic-3-open_hand,29,protocol,synthetic-demo-contract-v1,True,1.3556537158330408,1.4205101790537984,1.4950022460276633,1.5527204077674785,1.6221081709923264,1.7009461136796966,1.7763457679300638,1.826690743129317
1700000003410000000,13410000000,683,682,682,0,0,,,,0,open_hand,hold,200.0,dev-0123456789abcdef0123456789abcdef,synthetic-3-open_hand,29,protocol,synthetic-demo-contract-v1,True,1.5839643288870757,1.6548237203417373,1.7372790945213654,1.800257076799483,1.875400035231784,1.9602091126497887,2.040117764764091,2.0966204793687044
1700000003415000000,13415000000,684,683,683,0,0,,,,0,open_hand,hold,200.0,dev-0123456789abcdef0123456789abcdef,synthetic-3-open_hand,29,protocol,synthetic-demo-contract-v1,True,1.812146556541052,1.8890621080460648,1.9793670604636784,2.047726341095293,2.1286029401760267,2.2192992045813296,2.3036849832317836,2.3664409702652596
1700000003420000000,13420000000,685,684,684,0,0,,,,0,open_hand,hold,200.0,dev-0123456789abcdef0123456789abcdef,synthetic-3-open_hand,29,protocol,synthetic-demo-contract-v1,True,2.040199784194399,2.123212291213806,2.2212227308406267,2.2950899918093963,2.3816791152583963,2.4781777059149546,2.5670162807021675,2.636117331923336
1700000003425000000,13425000000,686,685,685,0,0,,,,0,open_hand,hold,200.0,dev-0123456789abcdef0123456789abcdef,synthetic-3-open_hand,29,protocol,synthetic-demo-contract-v1,True,2.268123155742191,2.3572604647285917,2.462803944869665,2.5423096418117583,2.634590890528732,2.7368066801363233,2.8300813680860717,2.905615020693049
1700000003430000000,13430000000,687,686,686,0,0,,,,0,open_hand,hold,200.0,dev-0123456789abcdef0123456789abcdef,synthetic-3-open_hand,29,protocol,synthetic-demo-contract-v1,True,2.4959150892221635,2.5911919121826643,2.7040700319759985,2.7893468935415586,2.8873008423397772,2.9951490749124985,3.0928508942419617,3.1748999403043348
1700000003435000000,13435000000,688,687,687,0,0,,,,0,open_hand,hold,200.0,dev-0123456789abcdef0123456789abcdef,synthetic-3-open_hand,29,protocol,synthetic-demo-contract-v1,True,2.723572817615336,2.824990870664941,2.944982037215206,3.0361635114207535,3.1397719404164883,3.2531688556977727,3.355296526791374,3.44393854814547
1700000003440000000,13440000000,689,688,688,0,0,,,,0,open_hand,hold,200.0,dev-0123456789abcdef0123456789abcdef,synthetic-3-open_hand,29,protocol,synthetic-demo-contract-v1,True,2.951091965666533,3.0586404206967424,3.1855029322110173,3.2827215977541373,3.391967695591637,3.5108311352614603,3.6173910291511513,3.712697960351836
1700000003445000000,13445000000,690,689,689,0,0,,,,0,open_hand,hold,200.0,dev-0123456789abcdef0123456789abcdef,synthetic-3-open_hand,29,protocol,synthetic-demo-contract-v1,True,3.1784661728208277,3.292122404127358,3.4255978098353346,3.528983770992183,3.6438523074736686,3.7681022986093815,3.8791083336052816,3.9811460553718705
1700000003450000000,13450000000,691,690,690,0,0,,,,0,open_hand,hold,200.0,dev-0123456789abcdef0123456789abcdef,synthetic-3-open_hand,29,protocol,synthetic-demo-contract-v1,True,3.405686771391286,3.5254173723347657,3.6652340610349476,3.7749133451915755,3.895390811299731,4.024950122792371,4.1404236102547145,4.2492515756791835
1700000003455000000,13455000000,692,691,691,0,0,,,,0,open_hand,hold,200.0,dev-0123456789abcdef0123456789abcdef,synthetic-3-open_hand,29,protocol,synthetic-demo-contract-v1,True,3.632742527902716,3.758504566570242,3.904381532404096,4.020474509476935,4.146549223218593,4.281343891119226,4.401313331699415,4.516984227303081
1700000003460000000,13460000000,693,692,692,0,0,,,,0,open_hand,hold,200.0,dev-0123456789abcdef0123456789abcdef,synthetic-3-open_hand,29,protocol,synthetic-demo-contract-v1,True,3.8596194542192728,3.9913619317470332,4.143012663311493,4.265632506285791,4.397294683244698,4.53725450131783,4.661755333322695,4.784314776853963
1700000003465000000,13465000000,694,693,693,0,0,,,,0,open_hand,hold,200.0,dev-0123456789abcdef0123456789abcdef,synthetic-3-open_hand,29,protocol,synthetic-demo-contract-v1,True,4.086300693588217,4.223966164411457,4.381102601612392,4.510353807167899,4.647595595126116,4.792654567216653,4.9217288690637675,5.051215145725507
1700000003470000000,13470000000,695,694,694,0,0,,,,0,open_hand,hold,200.0,dev-0123456789abcdef0123456789abcdef,synthetic-3-open_hand,29,protocol,synthetic-demo-contract-v1,True,4.312766485148019,4.456292795058459,4.618629297207855,4.754606284909612,4.897421762375605,5.047518513549309,5.1812146625802,5.3176585011619135
1700000003475000000,13475000000,696,695,695,0,0,,,,0,open_hand,hold,200.0,dev-0123456789abcdef0123456789abcdef,synthetic-3-open_hand,29,protocol,synthetic-demo-contract-v1,True,4.538994208788887,4.68831630437205,4.855573572952051,4.998359380764231,5.146744519725344,5.30182266351704,5.44019495371762,5.583619343886082
1700000003480000000,13480000000,697,696,696,0,0,,,,0,open_hand,hold,200.0,dev-0123456789abcdef0123456789abcdef,synthetic-3-open_hand,29,protocol,synthetic-demo-contract-v1,True,4.76495851055155,4.9200102723932755,5.091919172651134,5.241584265590216,5.395536859282271,5.555545318777949,5.698653540219462,5.849073591993114
1700000003485000000,13485000000,698,697,697,0,0,,,,0,open_hand,hold,200.0,dev-0123456789abcdef0123456789abcdef,synthetic-3-open_hand,29,protocol,synthetic-demo-contract-v1,True,4.990631507040861,5.1513475590537094,5.327652786141328,5.484253993730528,5.643773550682135,5.8086668315671055,5.956575814624791,6.113998660823199
1700000003490000000,13490000000,699,698,698,0,0,,,,0,open_hand,hold,200.0,dev-0123456789abcdef0123456789abcdef,synthetic-3-open_hand,29,protocol,synthetic-demo-contract-v1,True,5.215983065649183,5.382300513969756,5.562764051676178,5.726343648508075,5.891431254566247,6.0611696686882395,6.213948796317109,6.378373538538554
1700000003495000000,13495000000,700,699,699,0,0,,,,0,open_hand,hold,200.0,dev-0123456789abcdef0123456789abcdef,synthetic-3-open_hand,29,protocol,synthetic-demo-contract-v1,True,5.440981155765456,5.61284121288107,5.79724553609089,5.967830478263959,6.138488628735542,6.3130384671554,6.47076115870171,6.642178857140709
1700000003500000000,13500000000,701,700,700,0,0,,,,0,open_hand,hold,200.0,dev-0123456789abcdef0123456789abcdef,synthetic-3-open_hand,29,protocol,synthetic-demo-contract-v1,True,0.1655922646222426,0.2054417176431476,0.25609269344224744,0.29619402192641964,0.33492642637146747,0.37676008130146466,0.40200325150329574,0.4428969586771355
1700000003505000000,13505000000,702,701,701,0,0,,,,0,open_hand,hold,200.0,dev-0123456789abcdef0123456789abcdef,synthetic-3-open_hand,29,protocol,synthetic-demo-contract-v1,True,0.3897818700362778,0.43507435625737867,0.4893038030432077,0.5364162231687121,0.5807275857524618,0.6273236212095163,0.657667118189394,0.7055119563996363
1700000003510000000,13510000000,703,702,702,0,0,,,,0,open_hand,hold,200.0,dev-0123456789abcdef0123456789abcdef,synthetic-3-open_hand,29,protocol,synthetic-demo-contract-v1,True,0.6135149610568956,0.664212019048152,0.7218798880192497,0.775981532292809,0.8258773109379145,0.8772204823626978,0.9127465085384178,0.9675097906514568
1700000003515000000,13515000000,704,703,703,0,0,,,,0,open_hand,hold,200.0,dev-0123456789abcdef0123456789abcdef,synthetic-3-open_hand,29,protocol,synthetic-demo-contract-v1,True,0.8367565964765648,0.8928284667822978,0.9538246157065778,1.0148769950624115,1.0703631429384448,1.126444366447988,1.1672368863840807,1.2288782792753765
1700000003520000000,13520000000,705,704,704,0,0,,,,0,open_hand,hold,200.0,dev-0123456789abcdef0123456789abcdef,synthetic-3-open_hand,29,protocol,synthetic-demo-contract-v1,True,1.0594724903006107,1.1208986462760644,1.185144181387978,1.2530923278022168,1.3141750209415783,1.3749912932891462,1.4211354325802048,1.4896071623511664
1700000003525000000,13525000000,706,705,705,0,0,,,,0,open_hand,hold,200.0,dev-0123456789abcdef0123456789abcdef,synthetic-3-open_hand,29,protocol,synthetic-demo-contract-v1,True,1.2816296126366766,1.3483990088532096,1.4158471770186003,1.4906199781801204,1.5573053332152842,1.6228596039237044,1.6744410432417376,1.749688141087717
1700000003530000000,13530000000,707,706,706,0,0,,,,0,open_hand,hold,200.0,dev-0123456789abcdef0123456789abcdef,synthetic-3-open_hand,29,protocol,synthetic-demo-contract-v1,True,1.5031967940618984,1.57530782690764,1.645944446729363,1.727455171194078,1.7997489573679328,1.870049954878129,1.9271543233290653,2.0091149107127966
1700000003535000000,13535000000,708,707,707,0,0,,,,0,open_hand,hold,200.0,dev-0123456789abcdef0123456789abcdef,synthetic-3-open_hand,29,protocol,synthetic-demo-contract-v1,True,1.7241453213655267,1.8016055037872512,1.8754489310085167,1.9635959399947467,2.0415032897016685,2.116565303733881,2.1792775756533547,2.2678831872217033
1700000003540000000,13540000000,709,708,708,0,0,,,,0,open_hand,hold,200.0,dev-0123456789abcdef0123456789abcdef,synthetic-3-open_hand,29,protocol,synthetic-demo-contract-v1,True,1.9444495126504346,2.027274872253008,2.1043755015509436,2.19904314128786,2.282568263456585,2.362410886114917,2.430814785390749,2.52599072786501
1700000003545000000,13545000000,710,709,709,0,0,,,,0,open_hand,hold,200.0,dev-0123456789abcdef0123456789abcdef,synthetic-3-open_hand,29,protocol,synthetic-demo-contract-v1,True,2.164087260107088,2.2523014768784817,2.332740788829084,2.4338004551755086,2.5229463558050598,2.6075941842639914,2.68177160020275,2.7834373452751087
1700000003550000000,13550000000,711,710,710,0,0,,,,0,open_hand,hold,200.0,dev-0123456789abcdef0123456789abcdef,synthetic-3-open_hand,29,protocol,synthetic-demo-contract-v1,True,2.3830405293416903,2.476673835938476,2.5605630044782797,2.667874369412072,2.7626425835186637,2.852124887410747,2.932155306069006,3.040224915151229
1700000003555000000,13555000000,712,711,711,0,0,,,,0,open_hand,hold,200.0,dev-0123456789abcdef0123456789abcdef,synthetic-3-open_hand,29,protocol,synthetic-demo-contract-v1,True,2.601295804935075,2.7003836785884143,2.7878617606025466,2.901274148167487,3.001664487293868,3.0960148441688475,3.1819747989470577,3.2963573774430635
1700000003560000000,13560000000,713,712,712,0,0,,,,0,open_hand,hold,200.0,dev-0123456789abcdef0123456789abcdef,synthetic-3-open_hand,29,protocol,synthetic-demo-contract-v1,True,2.818844472914532,2.923426153455023,3.0146578880942734,3.1340117855066842,3.2400221047867928,3.33927800723214,3.4312405523812917,3.551840730993912
1700000003565000000,13565000000,714,713,713,0,0,,,,0,open_hand,hold,200.0,dev-0123456789abcdef0123456789abcdef,synthetic-3-open_hand,29,protocol,synthetic-demo-contract-v1,True,3.0356831320169686,3.1458000051388297,3.240973256023447,3.366101943908451,3.477727932471149,3.581930370670881,3.679964581190506,3.8066830216253447
1700000003570000000,13570000000,715,714,714,0,0,,,,0,open_hand,hold,200.0,dev-0123456789abcdef0123456789abcdef,synthetic-3-open_hand,29,protocol,synthetic-demo-contract-v1,True,3.2518138269844887,3.36750771556432,3.4668305940893003,3.5975618782586163,3.7147968764967665,3.8239899001582764,3.9281604013700466,4.060894323666747
1700000003575000000,13575000000,716,715,715,0,0,,,,0,open_hand,hold,200.0,dev-0123456789abcdef0123456789abcdef,synthetic-3-open_hand,29,protocol,synthetic-demo-contract-v1,True,3.46724419863515,3.5885556075976854,3.6922533200407464,3.8284113458602396,3.9512461927883593,4.06547645648484,4.175842986350483,4.314486714954572
1700000003580000000,13580000000,717,716,716,0,0,,,,0,open_hand,hold,200.0,dev-0123456789abcdef0123456789abcdef,synthetic-3-open_hand,29,protocol,synthetic-demo-contract-v1,True,3.6819875470619645,3.8089539088776014,3.917265373862755,4.05867250310658,4.187095416684892,4.306411712743186,4.423028719760227,4.567474245347684
1700000003585000000,13585000000,718,717,717,0,0,,,,0,open_hand,hold,200.0,dev-0123456789abcdef0123456789abcdef,synthetic-3-open_hand,29,protocol,synthetic-demo-contract-v1,True,3.8960628059996782,4.028716774363408,4.1418910603955075,4.288369789560011,4.422366282478843,4.5468190655888865,4.669735344844449,4.819872898826836
1700000003590000000,13590000000,719,718,718,0,0,,,,0,open_hand,hold,200.0,dev-0123456789abcdef0123456789abcdef,synthetic-3-open_hand,29,protocol,synthetic-demo-contract-v1,True,4.109494428127296,4.247862266688831,4.3661549019034425,4.517529800270907,4.657082633271198,4.7867235410036235,4.915981910697042,5.071700549267745
1700000003595000000,13595000000,720,719,719,0,0,,,,0,open_hand,hold,200.0,dev-0123456789abcdef0123456789abcdef,synthetic-3-open_hand,29,protocol,synthetic-demo-contract-v1,True,4.32231218280982,4.466412294009117,4.590081501944139,4.746181147254031,4.891270321611964,5.026151695005172,5.161788715466301,5.322976909998711
1700000003600000000,13600000000,721,720,720,0,0,,,,0,open_hand,hold,200.0,dev-0123456789abcdef0123456789abcdef,synthetic-3-open_hand,29,protocol,synthetic-demo-contract-v1,True,4.534550869490108,4.684392505636023,4.813695421704686,4.9743543111154445,5.12495710144687,5.265131509764607,5.407177246698488,5.573723477274866
1700000003605000000,13605000000,722,721,721,0,0,,,,0,open_hand,hold,200.0,dev-0123456789abcdef0123456789abcdef,synthetic-3-open_hand,29,protocol,synthetic-demo-contract-v1,True,4.74624995158654,4.901832146358993,5.037021069777957,5.202081483889645,5.35817251193839,5.503692285604431,5.652170118986392,5.823963467821988
1700000003610000000,13610000000,723,722,722,0,0,,,,0,open_hand,hold,200.0,dev-0123456789abcdef0123456789abcdef,synthetic-3-open_hand,29,protocol,synthetic-demo-contract-v1,True,4.957453117301136,5.118763870943196,5.260082606145799,5.429396404204166,5.590947753773127,5.741864529362201,5.896791009092677,6.0737217506234105
1700000003615000000,13615000000,724,723,723,0,0,,,,0,open_hand,hold,200.0,dev-0123456789abcdef0123456789abcdef,synthetic-3-open_hand,29,protocol,synthetic-demo-contract-v1,True,5.168207775164362,5.335223520866361,5.4829038609229945,5.656334185936427,5.823315558607308,5.9796798396124355,6.141064588719939,6.323024773143584
1700000003620000000,13620000000,725,724,724,0,0,,,,0,open_hand,hold,200.0,dev-0123456789abcdef0123456789abcdef,synthetic-3-open_hand,29,protocol,synthetic-demo-contract-v1,True,5.378564493408573,5.5512498658981615,5.705508268197865,5.882931141565282,6.0553100523377905,6.217170789245362,6.385016455101297,6.571900482201431
1700000003625000000,13625000000,726,725,725,0,0,,,,0,open_hand,hold,200.0,dev-0123456789abcdef0123456789abcdef,synthetic-3-open_hand,29,protocol,synthetic-demo-contract-v1,True,0.08857639334610255,0.129384313629695,0.15291881508532074,0.1967246014466816,0.23696661291709137,0.266870805904203,0.3036730595867849,0.35787823972563176
1700000003630000000,13630000000,727,726,726,0,0,,,,0,open_hand,hold,200.0,dev-0123456789abcdef0123456789abcdef,synthetic-3-open_hand,29,protocol,synthetic-demo-contract-v1,True,0.2982985078085908,0.34467059051881066,0.37515800588877446,0.4227527302593768,0.46832172345734896,0.5038140507834048,0.5470616344020697,0.6059887336423233
1700000003635000000,13635000000,728,727,727,0,0,,,,0,open_hand,hold,200.0,dev-0123456789abcdef0123456789abcdef,synthetic-3-open_hand,29,protocol,synthetic-demo-contract-v1,True,0.5077871163634257,0.559654398422489,0.5972478410514505,0.6485543418722121,0.6994128213897075,0.740535296288291,0.7902101177568145,0.8537638841632107
1700000003640000000,13640000000,729,728,728,0,0,,,,0,open_hand,hold,200.0,dev-0123456789abcdef0123456789abcdef,synthetic-3-open_hand,29,protocol,synthetic-demo-contract-v1,True,0.7170990694480504,0.7743830509341791,0.8192098103681625,0.8741687138796609,0.9302781444623399,0.977069803052494,1.033147077480758,1.101236745759024
1700000003645000000,13645000000,730,729,729,0,0,,,,0,open_hand,hold,200.0,dev-0123456789abcdef0123456789abcdef,synthetic-3-open_hand,29,protocol,synthetic-demo-contract-v1,True,0.926291113744582,0.9889050941264107,1.0410648997279337,1.0996354030365625,1.160956574371847,1.2134531968028306,1.2759016333658997,1.3484414051191032
1700000003650000000,13650000000,731,730,730,0,0,,,,0,open_hand,hold,200.0,dev-0123456789abcdef0123456789abcdef,synthetic-3-open_hand,29,protocol,synthetic-demo-contract-v1,True,1.1354192310523588,1.2032699165129574,1.2628336104687363,1.3249940627970436,1.391487478829281,1.4497213455523956,1.5185033783933715,1.5954128754129444
1700000003655000000,13655000000,732,731,731,0,0,,,,0,open_hand,hold,200.0,dev-0123456789abcdef0123456789abcdef,synthetic-3-open_hand,29,protocol,synthetic-demo-contract-v1,True,1.34453800260608,1.417527353187131,1.4845359902504665,1.5502842641265862,1.6219105528634872,1.685910237591635,1.7609822990236152,1.8421869871836303
1700000003660000000,13660000000,733,732,732,0,0,,,,0,open_hand,hold,200.0,dev-0123456789abcdef0123456789abcdef,synthetic-3-open_hand,29,protocol,synthetic-demo-contract-v1,True,1.553700010238403,1.631727289161078,1.706191674193108,1.7755453207103986,1.852265660160687,1.922055860733923,2.0033686947282416,2.0888002762160074
1700000003665000000,13665000000,734,733,733,0,0,,,,0,open_hand,hold,200.0,dev-0123456789abcdef0123456789abcdef,synthetic-3-open_hand,29,protocol,synthetic-demo-contract-v1,True,1.7629552850096921,1.8459192669244928,1.9278199348861096,2.000816119626373,2.0825926752305444,2.15819408325707,2.2456930969416193,2.335289868734413
1700000003670000000,13670000000,735,734,734,0,0,,,,0,open_hand,hold,200.0,dev-0123456789abcdef0123456789abcdef,synthetic-3-open_hand,29,protocol,synthetic-demo-contract-v1,True,1.9723508129398684,2.060152103159959,2.1494397397539826,2.226134958487426,2.3129313271753142,2.3943605369652357,2.4879861876098213,2.5816933642955555
1700000003675000000,13675000000,736,735,735,0,0,,,,0,open_hand,hold,200.0,dev-0123456789abcdef0123456789abcdef,synthetic-3-open_hand,29,protocol,synthetic-demo-contract-v1,True,2.181930106298114,2.2744735193974925,2.3710698141634943,2.451539389986567,2.543321045820206,2.6305905027769976,2.7302787175138765,2.8280487167516903
1700000003680000000,13680000000,737,736,736,0,0,,,,0,open_hand,hold,200.0,dev-0123456789abcdef0123456789abcdef,synthetic-3-open_hand,29,protocol,synthetic-demo-contract-v1,True,2.391732847559743,2.488929791165341,2.5927287085809545,2.6770660746994337,2.7738008109400396,2.8669187992250893,2.9726014245436203,3.0743941136676027
1700000003685000000,13685000000,738,737,737,0,0,,,,0,open_hand,hold,200.0,dev-0123456789abcdef0123456789abcdef,synthetic-3-open_hand,29,protocol,synthetic-demo-contract-v1,True,2.601794611653253,2.7035654199011154,2.8144348680348843,2.902750642914035,3.0044090052897783,3.103379674231661,3.214984952097629,3.320767854582001
1700000003690000000,13690000000,739,738,738,0,0,,,,0,open_hand,hold,200.0,dev-0123456789abcdef0123456789abcdef,synthetic-3-open_hand,29,protocol,synthetic-demo-contract-v1,True,2.8121466705246867,2.9184228315315845,3.036206702110439,3.128627566166868,3.235183272114835,3.3400067004999547,3.4574597677837766,3.5672082285096987
1700000003695000000,13695000000,740,739,739,0,0,,,,0,open_hand,hold,200.0,dev-0123456789abcdef0123456789abcdef,synthetic-3-open_hand,29,protocol,synthetic-demo-contract-v1,True,3.02281588237359,3.133542105216413,3.2580626536977917,3.3547300390694432,3.4661603777814585,3.576832674839267,3.70005608259405,3.8137533910854136
1700000003700000000,13700000000,741,740,740,0,0,,,,0,open_hand,hold,200.0,dev-0123456789abcdef0123456789abcdef,synthetic-3-open_hand,29,protocol,synthetic-demo-contract-v1,True,3.233824666198949,3.3489607352872532,3.4800212647371946,3.581089871910334,3.6973760801282007,3.8138895217150597,3.9428037707260915,4.0604412417531
1700000003705000000,13705000000,742,741,741,0,0,,,,0,open_hand,hold,200.0,dev-0123456789abcdef0123456789abcdef,synthetic-3-open_hand,29,protocol,synthetic-demo-contract-v1,True,3.445191060569677,3.564713428906165,3.702101237248481,3.8077373944163586,3.928865003096979,4.051208201290358,4.185732290222887,4.307309301406464
1700000003710000000,13710000000,743,742,742,0,0,,,,0,open_hand,hold,200.0,dev-0123456789abcdef0123456789abcdef,synthetic-3-open_hand,29,protocol,synthetic-demo-contract-v1,True,3.656928863837337,3.7808319414241005,3.9243214880016426,4.0347013709531785,4.160660518156603,4.288818622198179,4.428870604600725,4.5543945908866394
1700000003715000000,13715000000,744,743,743,0,0,,,,0,open_hand,hold,200.0,dev-0123456789abcdef0123456789abcdef,synthetic-3-open_hand,29,protocol,synthetic-demo-contract-v1,True,3.869047851373541,3.997344950849735,4.146701195277036,4.262008927341637,4.392794632983502,4.526749559257956,4.672247105634263,4.801733510741914
1700000003720000000,13720000000,745,744,744,0,0,,,,0,open_hand,hold,200.0,dev-0123456789abcdef0123456789abcdef,synthetic-3-open_hand,29,protocol,synthetic-demo-contract-v1,True,4.081554063873972,4.2142779722499535,4.3692598362774815,4.4896854893624285,4.6252978878139075,4.765028576321786,4.915889537466092,5.049361722651919
1700000003725000000,13725000000,746,745,745,0,0,,,,0,open_hand,hold,200.0,dev-0123456789abcdef0123456789abcdef,synthetic-3-open_hand,29,protocol,synthetic-demo-contract-v1,True,4.294450159356621,4.431653312305113,4.592017213888696,4.717754732919385,4.858199259829459,5.003681954409259,5.1598249222067665,5.297314032914858
1700000003730000000,13730000000,747,746,746,0,0,,,,0,open_hand,hold,200.0,dev-0123456789abcdef0123456789abcdef,synthetic-3-open_hand,29,protocol,synthetic-demo-contract-v1,True,4.50773582022226,4.649490063643832,4.814993471637196,4.946238545731467,5.091526075884405,5.242734625262392,5.404079487189526,5.545624278391014
1700000003735000000,13735000000,748,747,747,0,0,,,,0,open_hand,hold,200.0,dev-0123456789abcdef0123456789abcdef,synthetic-3-open_hand,29,protocol,synthetic-demo-contract-v1,True,4.7214082056659095,4.867804137992956,5.038209095864354,5.17515700032671,5.325303933827705,5.482210110425321,5.64867859404229,5.794325215289131
1700000003740000000,13740000000,749,748,748,0,0,,,,0,open_hand,hold,200.0,dev-0123456789abcdef0123456789abcdef,synthetic-3-open_hand,29,protocol,synthetic-demo-contract-v1,True,4.9354624388511565,5.086608336607537,5.261684904319379,5.404528338018666,5.559556632617875,5.722130465926919,5.893646669737582,6.043448411174255
1700000003745000000,13745000000,750,749,749,0,0,,,,0,open_hand,hold,200.0,dev-0123456789abcdef0123456789abcdef,synthetic-3-open_hand,29,protocol,synthetic-demo-contract-v1,True,5.149892117601991,5.305912455901861,5.485442020570133,5.634368963458054,5.794306111372627,5.962516232618374,6.13900713977899,6.293024140566178
1700000003750000000,13750000000,751,750,750,0,0,,,,0,open_hand,hold,200.0,dev-0123456789abcdef0123456789abcdef,synthetic-3-open_hand,29,protocol,synthetic-demo-contract-v1,True,-0.13531016305698498,-0.11177657430568493,-0.0654981661632576,-0.04780655072951219,-0.020427602560215558,0.015886392192510097,0.05978236368058028,0.08058128448694699
1700000003755000000,13755000000,752,751,751,0,0,,,,0,open_hand,hold,200.0,dev-0123456789abcdef0123456789abcdef,synthetic-3-open_hand,29,protocol,synthetic-demo-contract-v1,True,0.07984771163655566,0.1085454770137954,0.15888594406593531,0.1830145502157729,0.21537356352096237,0.2572583288869963,0.30599357289329765,0.33114723430390625
1700000003760000000,13760000000,753,752,752,0,0,,,,0,open_hand,hold,200.0,dev-0123456789abcdef0123456789abcdef,synthetic-3-open_hand,29,protocol,synthetic-demo-contract-v1,True,0.2953578869280928,0.32938033600075023,0.3836160922813171,0.4143432262360727,0.4517256938253972,0.49914779684994476,0.5526608113297073,0.5822478002014251
1700000003765000000,13765000000,754,753,753,0,0,,,,0,open_hand,hold,200.0,dev-0123456789abcdef0123456789abcdef,synthetic-3-open_hand,29,protocol,synthetic-demo-contract-v1,True,0.5112130260180314,0.5507274400779669,0.6087140764637534,0.6461886737000309,0.6886428591786564,0.7415688931238101,0.7998028786356806,0.8339071246000528
1700000003770000000,13770000000,755,754,754,0,0,,,,0,open_hand,hold,200.0,dev-0123456789abcdef0123456789abcdef,synthetic-3-open_hand,29,protocol,synthetic-demo-contract-v1,True,0.727406763321596,0.7725841722704183,0.8342016534335411,0.8785583640979094,0.9261371009599128,0.9845340361819701,1.0474372763544466,1.086147600826129
1700000003775000000,13775000000,756,755,755,0,0,,,,0,open_hand,hold,200.0,dev-0123456789abcdef0123456789abcdef,synthetic-3-open_hand,29,protocol,synthetic-demo-contract-v1,True,0.943934113348418,0.9949461093242773,1.0601004274196109,1.1114580893996537,1.1642184236925575,1.2280539499321461,1.2955801571251016,1.3389897973181433
1700000003780000000,13780000000,757,756,756,0,0,,,,0,open_hand,hold,200.0,dev-0123456789abcdef0123456789abcdef,synthetic-3-open_hand,29,protocol,synthetic-demo-contract-v1,True,1.160791826013172,1.2178072791160213,1.2864317262076768,1.3448920132537294,1.4028947960663902,1.4721376530818964,1.544246277053993,1.592452387638302
1700000003785000000,13785000000,758,757,757,0,0,,,,0,open_hand,hold,200.0,dev-0123456789abcdef0123456789abcdef,synthetic-3-open_hand,29,protocol,synthetic-demo-contract-v1,True,1.3779786803582472,1.4411604227556634,1.513216465956405,1.5788627271798341,1.6421721601257757,1.7167924537438484,1.7934489513933884,1.846552086538908
1700000003790000000,13790000000,759,758,758,0,0,,,,0,open_hand,hold,200.0,dev-0123456789abcdef0123456789abcdef,synthetic-3-open_hand,29,protocol,synthetic-demo-contract-v1,True,1.595495710004836,1.6649972567747668,1.7404750059557388,1.8133713108933551,1.8820544483172894,1.9620239491422558,2.043200013657501,2.1013035923133696
1700000003795000000,13795000000,760,759,759,0,0,,,,0,open_hand,hold,200.0,dev-0123456789abcdef0123456789abcdef,synthetic-3-open_hand,29,protocol,synthetic-demo-contract-v1,True,1.8133463551225848,1.8893087308500762,1.9682269947721291,2.048417395893783,2.1225436080527973,2.2078360302678988,2.2935097783012774,2.3567195356410306
1700000003800000000,13800000000,761,760,760,0,0,,,,0,open_hand,hold,200.0,dev-0123456789abcdef0123456789abcdef,synthetic-3-open_hand,29,protocol,synthetic-demo-contract-v1,True,2.0315365372896745,2.1140852766461107,2.196491209379189,2.2839992314530355,2.3636396334097207,2.4542308913152566,2.544387007082225,2.612810435113491
1700000003805000000,13805000000,762,761,761,0,0,,,,0,open_hand,hold,200.0,dev-0123456789abcdef0123456789abcdef,synthetic-3-open_hand,29,protocol,synthetic-demo-contract-v1,True,2.2500746552725497,2.3393170435627604,2.42528538900736,2.520113752152826,2.60534060355979,2.701209043724421,2.7958388792201094,2.869584659607946
1700000003810000000,13810000000,763,762,762,0,0,,,,0,open_hand,hold,200.0,dev-0123456789abcdef0123456789abcdef,synthetic-3-open_hand,29,protocol,synthetic-demo-contract-v1,True,2.468971501453348,2.564994117443398,2.654626065560561,2.756756646142389,2.847642727490913,2.9487693346403194,3.047870965463429,3.127048397650182
1700000003815000000,13815000000,764,763,763,0,0,,,,0,open_hand,hold,200.0,dev-0123456789abcdef0123456789abcdef,synthetic-3-open_hand,29,protocol,synthetic-demo-contract-v1,True,2.6882401003385463,2.791106718630789,2.8845283925400516,2.993922423318875,3.0905403945640786,3.1969089695934385,3.3004872061652253,3.3852056338864385
1700000003820000000,13820000000,765,764,764,0,0,,,,0,open_hand,hold,200.0,dev-0123456789abcdef0123456789abcdef,synthetic-3-open_hand,29,protocol,synthetic-demo-contract-v1,True,2.9078954722594776,3.0176453761469753,3.1150059744845096,3.2316044826720227,3.334026230428602,3.4456235391995373,3.5536898934640337,3.6440581327594606
1700000003825000000,13825000000,766,765,765,0,0,,,,0,open_hand,hold,200.0,dev-0123456789abcdef0123456789abcdef,synthetic-3-open_hand,29,protocol,synthetic-demo-contract-v1,True,3.1279543269896166,3.2446010752127505,3.3460706989796365,3.469795178081809,3.57809115780445,3.6949070496705554,3.8074796576584555,3.903605429459663
1700000003830000000,13830000000,767,766,766,0,0,,,,0,open_hand,hold,200.0,dev-0123456789abcdef0123456789abcdef,synthetic-3-open_hand,29,protocol,synthetic-demo-contract-v1,True,3.3484346935218565,3.471965375805606,3.5777325733097487,3.708485881912155,3.8227244616300466,3.9447519569252587,4.061855457856192,4.163844828197745
1700000003835000000,13835000000,768,767,767,0,0,,,,0,open_hand,hold,200.0,dev-0123456789abcdef0123456789abcdef,synthetic-3-open_hand,29,protocol,synthetic-demo-contract-v1,True,3.5693554936400633,3.6997305004740575,3.8099995678173846,3.947667045804618,4.067913858067701,4.195149204085898,4.316814576970095,4.424771407820142
1700000003840000000,13840000000,769,768,768,0,0,,,,0,open_hand,hold,200.0,dev-0123456789abcdef0123456789abcdef,synthetic-3-open_hand,29,protocol,synthetic-demo-contract-v1,True,3.7907360681544953,3.9278893901729828,4.042877468004914,4.18732825814279,4.313645566856669,4.446088262146328,4.57235262112517,4.686378034763679
1700000003845000000,13845000000,770,769,769,0,0,,,,0,open_hand,hold,200.0,dev-0123456789abcdef0123456789abcdef,synthetic-3-open_hand,29,protocol,synthetic-demo-contract-v1,True,4.012595665724674,4.156435727450146,4.276369737354661,4.42745829772986,4.559904386505765,4.6975571735975645,4.82846352353125,4.948655383320718
1700000003850000000,13850000000,771,770,770,0,0,,,,0,open_hand,hold,200.0,dev-0123456789abcdef0123456789abcdef,synthetic-3-open_hand,29,protocol,synthetic-demo-contract-v1,True,4.234952905044284,4.385363926889453,4.510477392761769,4.668045183297827,4.806673771823227,4.949542598798532,5.085139552866407,5.211591963160947
1700000003855000000,13855000000,772,771,771,0,0,,,,0,open_hand,hold,200.0,dev-0123456789abcdef0123456789abcdef,synthetic-3-open_hand,29,protocol,synthetic-demo-contract-v1,True,4.457825221793066,4.614669093292543,4.7451988943677215,4.90907621854615,5.053935913291172,5.2020298648827525,5.342371326206101,5.475174154031099
1700000003860000000,13860000000,773,772,772,0,0,,,,0,open_hand,hold,200.0,dev-0123456789abcdef0123456789abcdef,synthetic-3-open_hand,29,protocol,synthetic-demo-contract-v1,True,4.681228312157329,4.844346948647804,4.980530051453368,5.15053803248944,5.301671817805171,5.455003016995836,5.600147826522393,5.7393862475291035
1700000003865000000,13865000000,774,773,773,0,0,,,,0,open_hand,hold,200.0,dev-0123456789abcdef0123456789abcdef,synthetic-3-open_hand,29,protocol,synthetic-demo-contract-v1,True,4.905175584875204,5.074393729485813,5.216463945899759,5.392416614976989,5.549861390316098,5.708444871663712,5.858456424766541,6.004210495824736
1700000003870000000,13870000000,775,774,774,0,0,,,,0,open_hand,hold,200.0,dev-0123456789abcdef0123456789abcdef,synthetic-3-open_hand,29,protocol,synthetic-demo-contract-v1,True,5.129677633671908,5.304806056743733,5.452990874554972,5.634697347330775,5.798483515931239,5.962337072097554,6.117282906536817,6.269627167174823
1700000003875000000,13875000000,776,775,775,0,0,,,,0,open_hand,hold,200.0,dev-0123456789abcdef0123456789abcdef,synthetic-3-open_hand,29,protocol,synthetic-demo-contract-v1,True,-0.14525825838460654,-0.1019192192499389,-0.08490168834278522,-0.035134971867990916,-0.0024838579455492473,0.029160145248213018,0.05161150332145965,0.07311460805744983
1700000003880000000,13880000000,777,776,776,0,0,,,,0,open_hand,hold,200.0,dev-0123456789abcdef0123456789abcdef,synthetic-3-open_hand,29,protocol,synthetic-demo-contract-v1,True,0.08037142835068369,0.12921480438735686,0.1527708922610847,0.20790389426836187,0.2469363601705568,0.2838935604304503,0.3114249282944011,0.33964931172668916
1700000003885000000,13885000000,778,777,777,0,0,,,,0,open_hand,hold,200.0,dev-0123456789abcdef0123456789abcdef,synthetic-3-open_hand,29,protocol,synthetic-demo-contract-v1,True,0.3065660503730652,0.36070488788723204,0.3909904173972699,0.4512976374338074,0.49672048690705267,0.5390157893453562,0.5717044166287151,0.6067059929669187
1700000003890000000,13890000000,779,778,778,0,0,,,,0,open_hand,hold,200.0,dev-0123456789abcdef0123456789abcdef,synthetic-3-open_hand,29,protocol,synthetic-demo-contract-v1,True,0.5333204634924692,0.5925474390524261,0.6297358814687936,0.6950294163497432,0.7468441440361012,0.794504367337935,0.8324297702797524,0.8742576688042716
1700000003895000000,13895000000,780,779,779,0,0,,,,0,open_hand,hold,200.0,dev-0123456789abcdef0123456789abcdef,synthetic-3-open_hand,29,protocol,synthetic-demo-contract-v1,True,0.7606247554438254,0.8247382929798581,0.8689835221517288,0.9390818650486499,0.9972823371114719,1.0503359557357228,1.0935794071766178,1.1422757449118845
1700000003900000000,13900000000,781,780,780,0,0,,,,0,open_hand,hold,200.0,dev-0123456789abcdef0123456789abcdef,synthetic-3-open_hand,29,protocol,synthetic-demo-contract-v1,True,0.9884640552353535,1.0572724855715803,1.1087068928280328,1.1834370976294233,1.2480095324682279,1.3064864051234981,1.355130414747099,1.4107301074257421
1700000003905000000,13905000000,782,781,781,0,0,,,,0,open_hand,hold,200.0,dev-0123456789abcdef0123456789abcdef,synthetic-3-open_hand,29,protocol,synthetic-demo-contract-v1,True,1.2168184243260105,1.2901440252640202,1.348876957335453,1.4280767099556655,1.498999732347103,1.5629308194183533,1.6170586076873201,1.6795892198688807
1700000003910000000,13910000000,783,782,782,0,0,,,,0,open_hand,hold,200.0,dev-0123456789abcdef0123456789abcdef,synthetic-3-open_hand,29,protocol,synthetic-demo-contract-v1,True,1.4456628331152481,1.5233456674775825,1.5894622065774513,1.6729817788242027,1.7502265479405212,1.819643620618754,1.879338589873492,1.9488202248638593
1700000003915000000,13915000000,784,783,783,0,0,,,,0,open_hand,hold,200.0,dev-0123456789abcdef0123456789abcdef,synthetic-3-open_hand,29,protocol,synthetic-demo-contract-v1,True,1.6749672245452307,1.756868696287129,1.8304287962974513,1.9181328591800468,2.001663270192524,2.076598614110359,2.1419438202990104,2.2183890502965298
1700000003920000000,13920000000,785,784,784,0,0,,,,0,open_hand,hold,200.0,dev-0123456789abcdef0123456789abcdef,synthetic-3-open_hand,29,protocol,synthetic-demo-contract-v1,True,1.9046966648919192,1.9907027177390728,2.071740705089358,2.163509979995449,2.253282938220224,2.333769054420323,2.4048466829059736,2.4882605195784464
1700000003925000000,13925000000,786,785,785,0,0,,,,0,open_hand,hold,200.0,dev-0123456789abcdef0123456789abcdef,synthetic-3-open_hand,29,protocol,synthetic-demo-contract-v1,True,2.1348115800919913,2.2248354690939145,2.3133599114931234,2.4090926394642644,2.505058405259556,2.5911277113205373,2.6680185601660407,2.758398465640855
1700000003930000000,13930000000,787,786,786,0,0,,,,0,open_hand,hold,200.0,dev-0123456789abcdef0123456789abcdef,synthetic-3-open_hand,29,protocol,synthetic-demo-contract-v1,True,2.365268074252321,2.4592526480560046,2.55524658881254,2.6548598001878396,2.7569624020724683,2.848646936188439,2.931429910251347,3.0287658482799302
1700000003935000000,13935000000,788,787,787,0,0,,,,0,open_hand,hold,200.0,dev-0123456789abcdef0123456789abcdef,synthetic-3-open_hand,29,protocol,synthetic-demo-contract-v1,True,2.596018325352472,2.6939377657687302,2.7973593160953403,2.9007898850451834,3.0089675977862855,3.10629872854188,3.1950503476222036,3.299324874461182
1700000003940000000,13940000000,789,788,788,0,0,,,,0,open_hand,hold,200.0,dev-0123456789abcdef0123456789abcdef,synthetic-3-open_hand,29,protocol,synthetic-demo-contract-v1,True,2.827011051611256,2.9288720270071407,3.039655303534982,3.146860774447551,3.261046658168072,3.3640548026716335,3.4588487268443173,3.570037121180324
1700000003945000000,13945000000,790,789,789,0,0,,,,0,open_hand,hold,200.0,dev-0123456789abcdef0123456789abcdef,synthetic-3-open_hand,29,protocol,synthetic-demo-contract-v1,True,3.0581920405774765,3.164034240596993,3.282090630391853,3.3930498056761746,3.513172301367552,3.621886654301711,3.7227932294346466,3.840863660468897
1700000003950000000,13950000000,791,790,790,0,0,,,,0,open_hand,hold,200.0,dev-0123456789abcdef0123456789abcdef,synthetic-3-open_hand,29,protocol,synthetic-demo-contract-v1,True,3.28950473175091,3.3994007626352127,3.5246204933905876,3.6393337749912646,3.765317351190886,3.879765627213458,3.986851453521578,4.111765186125257
1700000003955000000,13955000000,792,791,791,0,0,,,,0,open_hand,hold,200.0,dev-0123456789abcdef0123456789abcdef,synthetic-3-open_hand,29,protocol,synthetic-demo-contract-v1,True,3.520890842467957,3.634945474589006,3.767199463431667,3.8856889431808943,4.01745478799423,4.13766297977441,4.250990506092047,4.382702141745344
1700000003960000000,13960000000,793,792,792,0,0,,,,0,open_hand,hold,200.0,dev-0123456789abcdef0123456789abcdef,synthetic-3-open_hand,29,protocol,synthetic-demo-contract-v1,True,3.7522910259190208,3.8706397978170224,4.00978174836083,4.132091045190031,4.269557797310328,4.395549951317075,4.515177097585564,4.653634849622936
1700000003965000000,13965000000,794,793,793,0,0,,,,0,open_hand,hold,200.0,dev-0123456789abcdef0123456789abcdef,synthetic-3-open_hand,29,protocol,synthetic-demo-contract-v1,True,3.983645549519129,4.1064527454943915,4.252321459470242,4.378515304433169,4.52159981634311,4.65339782831618,4.779377638582989,4.924523640085971
1700000003970000000,13970000000,795,794,794,0,0,,,,0,open_hand,hold,200.0,dev-0123456789abcdef0123456789abcdef,synthetic-3-open_hand,29,protocol,synthetic-demo-contract-v1,True,4.21489498144271,4.342351012342788,4.494772879361624,4.624936452348921,4.773554578484202,4.911178010315319,5.0435583383262585,5.195328980833793
1700000003975000000,13975000000,796,795,795,0,0,,,,0,open_hand,hold,200.0,dev-0123456789abcdef0123456789abcdef,synthetic-3-open_hand,29,protocol,synthetic-demo-contract-v1,True,4.445980872966168,4.578299101976028,4.737090728784189,4.8713287537021674,5.025396156021266,5.168862075555385,5.307685304794201,5.466011605840067
1700000003980000000,13980000000,797,796,796,0,0,,,,0,open_hand,hold,200.0,dev-0123456789abcdef0123456789abcdef,synthetic-3-open_hand,29,protocol,synthetic-demo-contract-v1,True,4.676846424341365,4.814259491080357,4.979230430069592,5.117666038079383,5.277099001221123,5.426421846257879,5.571724646049372,5.736532643387512
1700000003985000000,13985000000,798,797,797,0,0,,,,0,open_hand,hold,200.0,dev-0123456789abcdef0123456789abcdef,synthetic-3-open_hand,29,protocol,synthetic-demo-contract-v1,True,4.907437122247715,5.050192829065605,5.221148364821868,5.3639217379561615,5.528637985980331,5.68382945351567,5.835642572561148,6.006853742803505
1700000003990000000,13990000000,799,798,798,0,0,,,,0,open_hand,hold,200.0,dev-0123456789abcdef0123456789abcdef,synthetic-3-open_hand,29,protocol,synthetic-demo-contract-v1,True,5.13770133743372,5.286058171258153,5.462802123582285,5.6100689336434835,5.7799884402425965,5.941057401742665,6.099405500201603,6.276937199470094
1700000003995000000,13995000000,800,799,799,0,0,,,,0,open_hand,hold,200.0,dev-0123456789abcdef0123456789abcdef,synthetic-3-open_hand,29,protocol,synthetic-demo-contract-v1,True,5.367590871949035,5.5218132431676805,5.704150745276276,5.856080405341553,6.031126189385593,6.1980786326315265,6.362980153602756,6.546746077687801
1700000004000000000,14000000000,801,800,800,0,0,,,,0,open_hand,hold,200.0,dev-0123456789abcdef0123456789abcdef,synthetic-3-open_hand,29,protocol,synthetic-demo-contract-v1,True,0.09706144636949077,0.11991473285578282,0.17015494436121797,0.1894286924479823,0.23202759077989646,0.2673665885656373,0.3013336695567886,0.35374433098010766
1700000004005000000,14005000000,802,801,801,0,0,,,,0,open_hand,hold,200.0,dev-0123456789abcdef0123456789abcdef,synthetic-3-open_hand,29,protocol,synthetic-demo-contract-v1,True,0.32607311860966565,0.3553186079734425,0.4107773237284569,0.43508616018160545,0.48266956971954195,0.523895275427637,0.5644337001348865,0.6228969194343354
1700000004010000000,14010000000,803,802,802,0,0,,,,0,open_hand,hold,200.0,dev-0123456789abcdef0123456789abcdef,synthetic-3-open_hand,29,protocol,synthetic-demo-contract-v1,True,0.5545906272761973,0.5904804536232366,0.6509825715688237,0.6805250734949021,0.7330296549172632,0.7801393247421455,0.8272485151952992,0.8916699236849062
1700000004015000000,14015000000,804,803,803,0,0,,,,0,open_hand,hold,200.0,dev-0123456789abcdef0123456789abcdef,synthetic-3-open_hand,29,protocol,synthetic-demo-contract-v1,True,0.7825836540127863,0.8253558268478167,0.890737640586485,0.925717678158213,0.983086013748055,1.0360740550850107,1.089747103947415,1.160030655156647
1700000004020000000,14020000000,805,804,804,0,0,,,,0,open_hand,hold,200.0,dev-0123456789abcdef0123456789abcdef,synthetic-3-open_hand,29,protocol,synthetic-demo-contract-v1,True,1.0100270008941004,1.0599006232539545,1.1300119081387967,1.170636288808273,1.232817487412196,1.291675532685379,1.3518992752358676,1.4279477621988188
1700000004025000000,14025000000,806,805,805,0,0,,,,0,open_hand,hold,200.0,dev-0123456789abcdef0123456789abcdef,synthetic-3-open_hand,29,protocol,synthetic-demo-contract-v1,True,1.2369006806081095,1.294071451056118,1.3687773160878773,1.415253383663187,1.4822036261735805,1.5469206311403196,1.6136757562071238,1.6953913317548222
1700000004030000000,14030000000,807,806,806,0,0,,,,0,open_hand,hold,200.0,dev-0123456789abcdef0123456789abcdef,synthetic-3-open_hand,29,protocol,synthetic-demo-contract-v1,True,1.4631899188905613,1.5278260076686918,1.6070084893702452,1.6595417055167314,1.7312247248112222,1.801787090154642,1.8750482890206124,1.9623329862280554
1700000004035000000,14035000000,808,807,807,0,0,,,,0,open_hand,hold,200.0,dev-0123456789abcdef0123456789abcdef,synthetic-3-open_hand,29,protocol,synthetic-demo-contract-v1,True,1.688885070406474,1.7611234538941982,1.8446828325215676,1.9034743685378326,1.9798618584014054,2.0562535732111327,2.135989725267385,2.2287459752211536
1700000004040000000,14040000000,809,808,808,0,0,,,,0,open_hand,hold,200.0,dev-0123456789abcdef0123456789abcdef,synthetic-3-open_hand,29,protocol,synthetic-demo-contract-v1,True,1.913981450976431,1.993924780747477,2.0817806036314375,2.14702497031705,2.228096918525273,2.3102997240686047,2.396474117761382,2.4946052618436036
1700000004045000000,14045000000,810,809,809,0,0,,,,0,open_hand,hold,200.0,dev-0123456789abcdef0123456789abcdef,synthetic-3-open_hand,29,protocol,synthetic-demo-contract-v1,True,2.138479090685802,2.2261931640231896,2.318284965445507,2.390167708521977,2.4759126499720523,2.5639062219772524,2.6564768093719073,2.7598876033017006
1700000004050000000,14050000000,811,810,810,0,0,,,,0,open_hand,hold,200.0,dev-0123456789abcdef0123456789abcdef,synthetic-3-open_hand,29,protocol,synthetic-demo-contract-v1,True,2.362382413959333,2.4578943018550885,2.554182013576144,2.6328775014483496,2.7232926879817168,2.817054835492659,2.915974518570573,3.0245716255045982
1700000004055000000,14055000000,812,811,811,0,0,,,,0,open_hand,hold,200.0,dev-0123456789abcdef0123456789abcdef,synthetic-3-open_hand,29,protocol,synthetic-demo-contract-v1,True,2.5856998541008056,2.688996730728416,2.7894607820253925,2.875130111684351,2.9702215960431375,3.0697284747617997,3.174945421372125,3.288637891441046
1700000004060000000,14060000000,813,812,812,0,0,,,,0,open_hand,hold,200.0,dev-0123456789abcdef0123456789abcdef,synthetic-3-open_hand,29,protocol,synthetic-demo-contract-v1,True,2.808443411058894,2.919472115688265,3.024113226462348,3.116902272042788,3.2166849042348904,3.3219112421464256,3.433369229355938,3.5520689631030153
1700000004065000000,14065000000,814,813,813,0,0,,,,0,open_hand,hold,200.0,dev-0123456789abcdef0123456789abcdef,synthetic-3-open_hand,29,protocol,synthetic-demo-contract-v1,True,3.0306281622604003,3.149295510832515,3.2581341859283883,3.3581718128602156,3.4626691480661007,3.573588481041489,3.6912272634636767,3.81484945675477
1700000004070000000,14070000000,815,814,814,0,0,,,,0,open_hand,hold,200.0,dev-0123456789abcdef0123456789abcdef,synthetic-3-open_hand,29,protocol,synthetic-demo-contract-v1,True,3.252271737229211,3.378445586582986,3.4915213238653053,3.598917789714466,3.708161907744577,3.824746822738926,3.9485025232786946,4.076966091369022
1700000004075000000,14075000000,816,815,815,0,0,,,,0,open_hand,hold,200.0,dev-0123456789abcdef0123456789abcdef,synthetic-3-open_hand,29,protocol,synthetic-demo-contract-v1,True,3.473393767365624,3.6069048206863514,3.7242750495706214,3.839120610572811,3.953151847769056,4.075374231180211,4.205179751504078,4.338407730075445
1700000004080000000,14080000000,817,816,816,0,0,,,,0,open_hand,hold,200.0,dev-0123456789abcdef0123456789abcdef,synthetic-3-open_hand,29,protocol,synthetic-demo-contract-v1,True,3.694015322683335,3.8346596504004027,3.956398421378864,4.078762161352836,4.197628756712213,4.325460045434737,4.461245493368877,4.599165414490962
1700000004085000000,14085000000,818,817,817,0,0,,,,0,open_hand,hold,200.0,dev-0123456789abcdef0123456789abcdef,synthetic-3-open_hand,29,protocol,synthetic-demo-contract-v1,True,3.9141583474817487,4.061700583863579,4.187897033044991,4.317825928857258,4.441583587031373,4.57499501973545,4.716688150705973,4.859232391825804
1700000004090000000,14090000000,819,818,818,0,0,,,,0,open_hand,hold,200.0,dev-0123456789abcdef0123456789abcdef,synthetic-3-open_hand,29,protocol,synthetic-demo-contract-v1,True,4.13384510686618,4.288022269218182,4.418778884964554,4.556297120032849,4.685008494715047,4.823971360898243,4.971498030460118,5.118604134684225
1700000004095000000,14095000000,820,819,819,0,0,,,,0,open_hand,hold,200.0,dev-0123456789abcdef0123456789abcdef,synthetic-3-open_hand,29,protocol,synthetic-demo-contract-v1,True,4.353097655719352,4.513623520651458,4.649054242002653,4.794162776502488,4.927896878545647,5.0723827629476546,5.225667387401039,5.377278353503883
1700000004100000000,14100000000,821,820,820,0,0,,,,0,open_hand,hold,200.0,dev-0123456789abcdef0123456789abcdef,synthetic-3-open_hand,29,protocol,synthetic-demo-contract-v1,True,4.571937341181095,4.738507301124932,4.878735479818837,5.031411883328287,5.170243418732647,5.320224438768417,5.479190460833903,5.635255001603222
1700000004105000000,14105000000,822,821,821,0,0,,,,0,open_hand,hold,200.0,dev-0123456789abcdef0123456789abcdef,synthetic-3-open_hand,29,protocol,synthetic-demo-contract-v1,True,4.790384348920586,4.962680662171417,5.107836921666442,5.268035470982702,5.412044114645872,5.5674931486003585,5.732063505117994,5.8925362728314425
1700000004110000000,14110000000,823,822,822,0,0,,,,0,open_hand,hold,200.0,dev-0123456789abcdef0123456789abcdef,synthetic-3-open_hand,29,protocol,synthetic-demo-contract-v1,True,5.0084573025030155,5.186154641742149,5.336374667711672,5.504026709533684,5.653296321356457,5.814187225193517,5.984284813824049,6.149126591841063
1700000004115000000,14115000000,824,823,823,0,0,,,,0,open_hand,hold,200.0,dev-0123456789abcdef0123456789abcdef,synthetic-3-open_hand,29,protocol,synthetic-demo-contract-v1,True,5.22617292398029,5.408944121673836,5.564366418959018,5.739380994088742,5.893998784672831,6.060306595440599,6.2358547373811835,6.405032597028143
1700000004120000000,14120000000,825,824,824,0,0,,,,0,open_hand,hold,200.0,dev-0123456789abcdef0123456789abcdef,synthetic-3-open_hand,29,protocol,synthetic-demo-contract-v1,True,5.443545762497711,5.631067646908459,5.791831297885457,5.97409602059129,6.134151674341872,6.30585279830575,6.486775694085838,6.660263116210252
1700000004125000000,14125000000,826,825,825,0,0,,,,0,open_hand,hold,200.0,dev-0123456789abcdef0123456789abcdef,synthetic-3-open_hand,29,protocol,synthetic-demo-contract-v1,True,0.16058799623281445,0.21504720912868058,0.2437896678757851,0.29567185112040145,0.32375661507079573,0.3633289988716411,0.4120521743674047,0.4523291351369448
1700000004130000000,14130000000,827,826,826,0,0,,,,0,open_hand,hold,200.0,dev-0123456789abcdef0123456789abcdef,synthetic-3-open_hand,29,protocol,synthetic-demo-contract-v1,True,0.37730931139918994,0.4359079979606689,0.47026295351609165,0.5291109679115262,0.5628167150138729,0.607739998331342,0.6616907382282308,0.7062437589517075
1700000004135000000,14135000000,828,827,827,0,0,,,,0,open_hand,hold,200.0,dev-0123456789abcdef0123456789abcdef,synthetic-3-open_hand,29,protocol,synthetic-demo-contract-v1,True,0.5937168603895576,0.6561781233365436,0.6962734637420331,0.7619183153904062,0.8013365913598907,0.8515922397573822,0.9107000057993475,0.9595221667481406
1700000004140000000,14140000000,829,828,828,0,0,,,,0,open_hand,hold,200.0,dev-0123456789abcdef0123456789abcdef,synthetic-3-open_hand,29,protocol,synthetic-demo-contract-v1,True,0.8098152994328827,0.8758883129940211,0.9218442197544157,0.9941013295947465,1.0393223926514499,1.0948938094877827,1.159090640977549,1.2121815593864051
1700000004145000000,14145000000,830,829,829,0,0,,,,0,open_hand,hold,200.0,dev-0123456789abcdef0123456789abcdef,synthetic-3-open_hand,29,protocol,synthetic-demo-contract-v1,True,1.0256069044345222,1.095071589415085,1.1469987895075575,1.2256699544473126,1.2767818174659125,1.3376544339776903,1.4068753281341553,1.464241100758475
1700000004150000000,14150000000,831,830,830,0,0,,,,0,open_hand,hold,200.0,dev-0123456789abcdef0123456789abcdef,synthetic-3-open_hand,29,protocol,synthetic-demo-contract-v1,True,1.2410917619915571,1.3137629307640055,1.371761130447652,1.4566366444394105,1.5137241290901657,1.5798854719756017,1.6540687419109203,1.7157218527126215
1700000004155000000,14155000000,832,831,831,0,0,,,,0,open_hand,hold,200.0,dev-0123456789abcdef0123456789abcdef,synthetic-3-open_hand,29,protocol,synthetic-demo-contract-v1,True,1.4562680309618388,1.5319989205738083,1.5961554420305044,1.68701635338422,1.7501601658274217,1.8215999018949913,1.9006875101439373,1.9666467038686073
1700000004160000000,14160000000,833,832,832,0,0,,,,0,open_hand,hold,200.0,dev-0123456789abcdef0123456789abcdef,synthetic-3-open_hand,29,protocol,synthetic-demo-contract-v1,True,1.671132268448094,1.7498173910466548,1.820206029382577,1.916826509004355,1.9861023465840408,2.0628123042654494,2.1467501699819898,2.2170402925752426
1700000004165000000,14165000000,834,833,833,0,0,,,,0,open_hand,hold,200.0,dev-0123456789abcdef0123456789abcdef,synthetic-3-open_hand,29,protocol,synthetic-demo-contract-v1,True,1.8856798126687486,1.9672570648758279,2.043937179288392,2.1460869732263164,2.221564671397854,2.303538839162129,2.3922771172914192,2.4669289242811865
1700000004170000000,14170000000,835,834,834,0,0,,,,0,open_hand,hold,200.0,dev-0123456789abcdef0123456789abcdef,synthetic-3-open_hand,29,protocol,synthetic-demo-contract-v1,True,2.0999052139536327,2.1843572004647775,2.2673730494934516,2.374819988165301,2.4565627165866926,2.5437972185284576,2.6372905494652716,2.7163404836081377
1700000004175000000,14175000000,836,835,835,0,0,,,,0,open_hand,hold,200.0,dev-0123456789abcdef0123456789abcdef,synthetic-3-open_hand,29,protocol,synthetic-demo-contract-v1,True,2.3138027040505906,2.4011572453124495,2.490537572107339,2.6030501078959762,2.691113624216607,2.783606673324443,2.88181440177989,2.965304341432689
1700000004180000000,14180000000,837,836,836,0,0,,,,0,open_hand,hold,200.0,dev-0123456789abcdef0123456789abcdef,synthetic-3-open_hand,29,protocol,synthetic-demo-contract-v1,True,2.527366693080129,2.6176965021559413,2.713454371679338,2.8308041162175006,2.9252360856136725,3.02298791545168,3.1258742774674686,3.213851257299204
1700000004185000000,14185000000,838,837,837,0,0,,,,0,open_hand,hold,200.0,dev-0123456789abcdef0123456789abcdef,synthetic-3-open_hand,29,protocol,synthetic-demo-contract-v1,True,2.7405922828468245,2.8340138122140974,2.9361466983013647,3.058110930732968,3.158950318670944,3.2619630944259894,3.369497371697841,3.462013277500873
1700000004190000000,14190000000,839,838,838,0,0,,,,0,open_hand,hold,200.0,dev-0123456789abcdef0123456789abcdef,synthetic-3-open_hand,29,protocol,synthetic-demo-contract-v1,True,2.9534757848215754,3.0501472595632197,3.158637375873173,3.2850014936738603,3.392278038733194,3.500555748789691,3.6127123896873243,3.7098236291798155
1700000004195000000,14195000000,840,839,839,0,0,,,,0,open_hand,hold,200.0,dev-0123456789abcdef0123456789abcdef,synthetic-3-open_hand,29,protocol,synthetic-demo-contract-v1,True,3.1660152309559115,3.266133900303484,3.3809487654453734,3.5115086500076846,3.625242422876054,3.738790752277481,3.8555494591762063,3.9573166108094218
1700000004200000000,14200000000,841,840,840,0,0,,,,0,open_hand,hold,200.0,dev-0123456789abcdef0123456789abcdef,synthetic-3-open_hand,29,protocol,synthetic-demo-contract-v1,True,3.3782108655818455,3.48200951974784,3.6031027433395972,3.737667013470934,3.8578680674329635,3.976694254772766,4.09804003753961,4.2045274794331515
1700000004205000000,14205000000,842,841,841,0,0,,,,0,open_hand,hold,200.0,dev-0123456789abcdef0123456789abcdef,synthetic-3-open_hand,29,protocol,synthetic-demo-contract-v1,True,3.5900656069865637,3.6978084203911723,3.825120693535131,3.9635128212688806,4.090180938662878,4.214293618115071,4.340216813818938,4.451492335043832
1700000004210000000,14210000000,843,842,842,0,0,,,,0,open_hand,hold,200.0,dev-0123456789abcdef0123456789abcdef,synthetic-3-open_hand,29,protocol,synthetic-demo-contract-v1,True,3.8015854678236645,3.9135632429034013,4.047023513609784,4.189083778277389,4.322208316493231,4.451617346843363,4.582113605982467,4.698248002495698
1700000004215000000,14215000000,844,843,843,0,0,,,,0,open_hand,hold,200.0,dev-0123456789abcdef0123456789abcdef,synthetic-3-open_hand,29,protocol,synthetic-demo-contract-v1,True,4.012779924320404,4.129304821844571,4.2688316333326775,4.414418891669288,4.553978731316451,4.688695013985086,4.823765253744225,4.9448319113485075
1700000004220000000,14220000000,845,844,844,0,0,,,,0,open_hand,hold,200.0,dev-0123456789abcdef0123456789abcdef,synthetic-3-open_hand,29,protocol,synthetic-demo-contract-v1,True,4.223662225247202,4.345062077231066,4.490565044830097,4.6395582969678335,4.785521893863671,4.925557182025871,5.065207507289644,5.191281974048475
1700000004225000000,14225000000,846,845,845,0,0,,,,0,open_hand,hold,200.0,dev-0123456789abcdef0123456789abcdef,synthetic-3-open_hand,29,protocol,synthetic-demo-contract-v1,True,4.434249632811168,4.560861942499119,4.712243343085036,4.864543076601839,5.0168686182259465,5.162235319220388,5.306476912274738,5.4376364628550125
1700000004230000000,14230000000,847,846,846,0,0,,,,0,open_hand,hold,200.0,dev-0123456789abcdef0123456789abcdef,synthetic-3-open_hand,29,protocol,synthetic-demo-contract-v1,True,4.6445635889953225,4.776729328823723,4.933885775388347,5.0894150721002935,5.248050738141028,5.398761711430309,5.547610691482423,5.683933885924811
1700000004235000000,14235000000,848,847,847,0,0,,,,0,open_hand,hold,200.0,dev-0123456789abcdef0123456789abcdef,synthetic-3-open_hand,29,protocol,synthetic-demo-contract-v1,True,4.854629802362017,4.992687125167347,5.155511298236686,5.3142166911184505,5.479101016712066,5.635169369700933,5.788646623535292,5.930212862966194
1700000004240000000,14240000000,849,848,848,0,0,,,,0,open_hand,hold,200.0,dev-0123456789abcdef0123456789abcdef,synthetic-3-open_hand,29,protocol,synthetic-demo-contract-v1,True,5.064478251942058,5.208756232862338,5.377138640070706,5.538990710531366,5.710053049773045,5.871491933813035,6.029622919078161,6.176512000876294
1700000004245000000,14245000000,850,849,849,0,0,,,,0,open_hand,hold,200.0,dev-0123456789abcdef0123456789abcdef,synthetic-3-open_hand,29,protocol,synthetic-demo-contract-v1,True,5.274143106508119,5.424955632983022,5.598786368168197,5.7637800768650775,5.94094116316433,6.107763572071593,6.270578094856476,6.422869769772228
1700000004250000000,14250000000,851,850,850,0,0,,,,0,open_hand,hold,200.0,dev-0123456789abcdef0123456789abcdef,synthetic-3-open_hand,29,protocol,synthetic-demo-contract-v1,True,-0.01633744075250148,0.0038024842462699377,0.04547295795133508,0.07612770535893046,0.1218003042294482,0.15651887761713917,0.186550846127648,0.20682437982420954
1700000004255000000,14255000000,852,851,851,0,0,,,,0,open_hand,hold,200.0,dev-0123456789abcdef0123456789abcdef,synthetic-3-open_hand,29,protocol,synthetic-demo-contract-v1,True,0.1930785795705643,0.22031224870119598,0.2672168629362063,0.30107627896523764,0.3526659278912288,0.39279276156907306,0.4275799178518023,0.45341365929427285
1700000004260000000,14260000000,853,852,852,0,0,,,,0,open_hand,hold,200.0,dev-0123456789abcdef0123456789abcdef,synthetic-3-open_hand,29,protocol,synthetic-demo-contract-v1,True,0.40243658548220573,0.4369988420370769,0.4890365835463514,0.5261680485943259,0.5835738777110906,0.629120343333,0.6687039751162247,0.700174934178443
1700000004265000000,14265000000,854,853,853,0,0,,,,0,open_hand,hold,200.0,dev-0123456789abcdef0123456789abcdef,synthetic-3-open_hand,29,protocol,synthetic-demo-contract-v1,True,0.6117850415696319,0.6538748049600284,0.710950733030367,0.751444635903764,0.8145602623792104,0.8655368384256679,0.9099614732536637,0.9471449098430633
1700000004270000000,14270000000,855,854,854,0,0,,,,0,open_hand,hold,200.0,dev-0123456789abcdef0123456789abcdef,synthetic-3-open_hand,29,protocol,synthetic-demo-contract-v1,True,0.8211749891880575,0.8709514917697078,0.9329780987664974,0.9769468399107017,1.0456613281252445,1.1020774441915915,1.151390528118956,1.1943595550376012
1700000004275000000,14275000000,856,855,855,0,0,,,,0,open_hand,hold,200.0,dev-0123456789abcdef0123456789abcdef,synthetic-3-open_hand,29,protocol,synthetic-demo-contract-v1,True,1.0306595168247508,1.088239272011933,1.1551376973038896,1.2027144486755506,1.2769133275787392,1.33877722380444,1.3930287869907498,1.4418539886565105
1700000004280000000,14280000000,857,856,856,0,0,,,,0,open_hand,hold,200.0,dev-0123456789abcdef0123456789abcdef,synthetic-3-open_hand,29,protocol,synthetic-demo-contract-v1,True,1.2402931798632635,1.305747740895829,1.3774488215801406,1.428786057264305,1.508352385645173,1.5756709889638938,1.6349133005657264,1.6896623696118638
1700000004285000000,14285000000,858,857,857,0,0,,,,0,open_hand,hold,200.0,dev-0123456789abcdef0123456789abcdef,synthetic-3-open_hand,29,protocol,synthetic-demo-contract-v1,True,1.4501313800278437,1.5234859340475975,1.599931078866568,1.6551988931457646,1.74001436299715,1.8127931817145448,1.8770803965113507,1.9378177901663005
1700000004290000000,14290000000,859,858,858,0,0,,,,0,open_hand,hold,200.0,dev-0123456789abcdef0123456789abcdef,synthetic-3-open_hand,29,protocol,synthetic-demo-contract-v1,True,1.6602297156416204,1.7414625421292043,1.8226044181250682,1.8819886501194814,1.9719347178106326,2.050177755827635,2.1195655550400976,2.1863521730626765
1700000004295000000,14295000000,860,859,859,0,0,,,,0,open_hand,hold,200.0,dev-0123456789abcdef0123456789abcdef,synthetic-3-open_hand,29,protocol,synthetic-demo-contract-v1,True,1.870643314463424,1.9596861208795717,2.045489145611578,2.109189331800719,2.20414836640259,2.2878580581986134,2.362403286962977,2.435296172772397
1700000004300000000,14300000000,861,860,860,0,0,,,,0,open_hand,hold,200.0,dev-0123456789abcdef0123456789abcdef,synthetic-3-open_hand,29,protocol,synthetic-demo-contract-v1,True,2.0814261612643676,2.1781652922380097,2.2686059277293738,2.3368331056110545,2.436689543449213,2.5258667107238457,2.6056270146734195,2.684679081169184
1700000004305000000,14305000000,862,861,861,0,0,,,,0,open_hand,hold,200.0,dev-0123456789abcdef0123456789abcdef,synthetic-3-open_hand,29,protocol,synthetic-demo-contract-v1,True,2.2926304324580666,2.396908932382591,2.4919757803182785,2.5649501681378184,2.669591662482293,2.7642354931278903,2.849268956503778,2.93452873791867
1700000004310000000,14310000000,863,862,862,0,0,,,,0,open_hand,hold,200.0,dev-0123456789abcdef0123456789abcdef,synthetic-3-open_hand,29,protocol,synthetic-demo-contract-v1,True,2.5043058500045907,2.6159263427574464,2.7156200437611924,2.793568622633464,2.9028871773755256,3.0029952272187175,3.0933600148862106,3.184871445857043
1700000004315000000,14315000000,864,863,863,0,0,,,,0,open_hand,hold,200.0,dev-0123456789abcdef0123456789abcdef,synthetic-3-open_hand,29,protocol,synthetic-demo-contract-v1,True,2.7164990664696145,2.8352274004685336,2.9395603434946587,3.0227143693278924,3.1366074455421686,3.2421756630519694,3.3379296687374373,3.4357318916139796
1700000004320000000,14320000000,865,864,864,0,0,,,,0,open_hand,hold,200.0,dev-0123456789abcdef0123456789abcdef,synthetic-3-open_hand,29,protocol,synthetic-demo-contract-v1,True,2.929253092543398,3.0548226847923536,3.163818535722719,3.252411009123608,3.370782593570402,3.481805367486594,3.5830058704727543,3.687133071716295
1700000004325000000,14325000000,866,865,865,0,0,,,,0,open_hand,hold,200.0,dev-0123456789abcdef0123456789abcdef,synthetic-3-open_hand,29,protocol,synthetic-demo-contract-v1,True,3.1426067775209217,3.2747235769607133,3.388416638350509,3.4826797611364286,3.6054413860229837,3.721911615613177,3.828614948039028,3.9390962243893
1700000004330000000,14330000000,867,866,866,0,0,,,,0,open_hand,hold,200.0,dev-0123456789abcdef0123456789abcdef,synthetic-3-open_hand,29,protocol,synthetic-demo-contract-v1,True,3.3565943522307897,3.4949423308500887,3.613376747373006,3.713539394434174,3.840611098123186,3.9625202855327415,4.074781512338994,4.191640767252776
1700000004335000000,14335000000,868,867,867,0,0,,,,0,open_hand,hold,200.0,dev-0123456789abcdef0123456789abcdef,synthetic-3-open_hand,29,protocol,synthetic-demo-contract-v1,True,3.571245042696859,3.7154921127091742,3.8387209391723207,3.9450061742134297,4.076317393039518,4.2036557569578,4.321528370400281,4.444784241087858
1700000004340000000,14340000000,869,868,868,0,0,,,,0,open_hand,hold,200.0,dev-0123456789abcdef0123456789abcdef,synthetic-3-open_hand,29,protocol,synthetic-demo-contract-v1,True,3.7865827614473204,3.9363870085946417,4.064471159391062,4.177093822541084,4.31258420446745,4.445340814098967,4.568876444622153,4.698542259830058
1700000004345000000,14345000000,870,869,869,0,0,,,,0,open_hand,hold,200.0,dev-0123456789abcdef0123456789abcdef,synthetic-3-open_hand,29,protocol,synthetic-demo-contract-v1,True,4.002625881878762,4.157641998744577,4.29064909925689,4.409813493673941,4.549433625187264,4.6875965532895085,4.816844698411139,4.952928466922133
1700000004350000000,14350000000,871,870,870,0,0,,,,0,open_hand,hold,200.0,dev-0123456789abcdef0123456789abcdef,synthetic-3-open_hand,29,protocol,synthetic-demo-contract-v1,True,4.219387099468113,4.379272898692489,4.517276060431662,4.643173763857375,4.786885802253299,4.9304422957867855,5.065450068493564,5.2079544981388315
1700000004355000000,14355000000,872,871,871,0,0,,,,0,open_hand,hold,200.0,dev-0123456789abcdef0123456789abcdef,synthetic-3-open_hand,29,protocol,synthetic-demo-contract-v1,True,4.436873381935883,4.6012962675031295,4.7443728096450295,4.877180635393664,5.024958839441497,5.173895506173711,5.314707404168569,5.463629950973415
1700000004360000000,14360000000,873,872,872,0,0,,,,0,open_hand,hold,200.0,dev-0123456789abcdef0123456789abcdef,synthetic-3-open_hand,29,protocol,synthetic-demo-contract-v1,True,4.655086008734109,4.8237292840854735,4.971959424544531,5.111837554663409,5.263668707549285,5.417971716765167,5.564629413739724,5.719962360653812
1700000004365000000,14365000000,874,873,873,0,0,,,,0,open_hand,hold,200.0,dev-0123456789abcdef0123456789abcdef,synthetic-3-open_hand,29,protocol,synthetic-demo-contract-v1,True,4.8740206984966115,5.04658959309877,5.200055132349803,5.347145443680171,5.503029163104686,5.662684458403767,5.815226618336731,5.9769571828339565
1700000004370000000,14370000000,875,874,874,0,0,,,,0,open_hand,hold,200.0,dev-0123456789abcdef0123456789abcdef,synthetic-3-open_hand,29,protocol,synthetic-demo-contract-v1,True,5.093667821383023,5.269895122505829,5.428678143035571,5.583102744660174,5.743051676000443,5.908045198006621,6.0665073133112095,6.234617782983629
1700000004375000000,14375000000,876,875,875,0,0,,,,0,open_hand,hold,200.0,dev-0123456789abcdef0123456789abcdef,synthetic-3-open_hand,29,protocol,synthetic-demo-contract-v1,True,-0.1859873083942866,-0.1438361246649997,-0.11715452111542518,-0.09279452300360609,-0.06625463347599539,-0.03343671680017468,-0.006522462637721653,0.030445432478034364
1700000004380000000,14380000000,877,876,876,0,0,,,,0,open_hand,hold,200.0,dev-0123456789abcdef0123456789abcdef,synthetic-3-open_hand,29,protocol,synthetic-demo-contract-v1,True,0.035035933883660664,0.08041369868041731,0.11257280234615011,0.1444473059404641,0.17511695220579596,0.21324589435049646,0.24614104951861315,0.2894393113662779
1700000004385000000,14385000000,878,877,877,0,0,,,,0,open_hand,hold,200.0,dev-0123456789abcdef0123456789abcdef,synthetic-3-open_hand,29,protocol,synthetic-demo-contract-v1,True,0.2567139161505586,0.30516203339168474,0.3428742442072437,0.382319622217261,0.41717070485655694,0.46059800427727565,0.4994993140740828,0.5490965177761882
1700000004390000000,14390000000,879,878,878,0,0,,,,0,open_hand,hold,200.0,dev-0123456789abcdef0123456789abcdef,synthetic-3-open_hand,29,protocol,synthetic-demo-contract-v1,True,0.47901923958466996,0.5304256482723465,0.5737622341294729,0.6208116317265246,0.6599084181101206,0.7086223458895787,0.7535514935440164,0.8094120838914678
1700000004395000000,14395000000,880,879,879,0,0,,,,0,open_hand,hold,200.0,dev-0123456789abcdef0123456789abcdef,synthetic-3-open_hand,29,protocol,synthetic-demo-contract-v1,True,0.7019212759504869,0.7562203629153422,0.8052473356273919,0.859910454423924,0.9033293857309861,0.9573193879735772,1.0082944496787964,1.0703789984160652
1700000004400000000,14400000000,881,880,880,0,0,,,,0,open_hand,hold,200.0,dev-0123456789abcdef0123456789abcdef,synthetic-3-open_hand,29,protocol,synthetic-demo-contract-v1,True,0.9253867413688344,0.9825607635481406,1.0373380875592402,1.099601231421157,1.1474303908870007,1.206687319309093,1.263722752540892,1.3319882354200265
1700000004405000000,14405000000,882,881,881,0,0,,,,0,open_hand,hold,200.0,dev-0123456789abcdef0123456789abcdef,synthetic-3-open_hand,29,protocol,synthetic-demo-contract-v1,True,1.1493802949801644,1.2094599164363522,1.2700408541718509,1.3398672393013644,1.3922057065266529,1.4567220412664719,1.5198286976208053,1.594228789440971
1700000004410000000,14410000000,883,882,882,0,0,,,,0,open_hand,hold,200.0,dev-0123456789abcdef0123456789abcdef,synthetic-3-open_hand,29,protocol,synthetic-demo-contract-v1,True,1.373865150548431,1.4369290834994044,1.5033596856863736,1.5806900106126474,1.637647106938376,1.7074171689962214,1.77660233093681,1.8570877166957676
1700000004415000000,14415000000,884,883,883,0,0,,,,0,open_hand,hold,200.0,dev-0123456789abcdef0123456789abcdef,synthetic-3-open_hand,29,protocol,synthetic-demo-contract-v1,True,1.5988036888783594,1.6649774448234564,1.7372961913315121,1.822049459479025,1.8837438905062849,1.9587640412869614,2.034031482032966,2.1205501822381096
1700000004420000000,14420000000,885,884,884,0,0,,,,0,open_hand,hold,200.0,dev-0123456789abcdef0123456789abcdef,synthetic-3-open_hand,29,protocol,synthetic-demo-contract-v1,True,1.8241580589903688,1.8936118327144693,1.9718494266269306,2.0639240112548882,2.130482913613298,2.210751739129192,2.292101804759788,2.384599512879438
1700000004425000000,14425000000,886,885,885,0,0,,,,0,open_hand,hold,200.0,dev-0123456789abcdef0123456789abcdef,synthetic-3-open_hand,29,protocol,synthetic-demo-contract-v1,True,2.0498907563132023,2.122836481818653,2.2070157965924846,2.306290735145873,2.377848635579141,2.463367112983785,2.550796825692299,2.6492172556732303
1700000004430000000,14430000000,887,886,886,0,0,,,,0,open_hand,hold,200.0,dev-0123456789abcdef0123456789abcdef,synthetic-3-open_hand,29,protocol,synthetic-demo-contract-v1,True,2.275965166707718,2.3526527996500306,2.442788976410378,2.5491254787260718,2.625823174457665,2.7165948187150764,2.8100980000111058,2.9143832417460063
1700000004435000000,14435000000,888,887,887,0,0,,,,0,open_hand,hold,200.0,dev-0123456789abcdef0123456789abcdef,synthetic-3-open_hand,29,protocol,synthetic-demo-contract-v1,True,2.502346065914798,2.583059161608313,2.6791598508989587,2.792403003298364,2.874386373455737,2.970417362109323,3.0699847746437534,3.180075655242613
1700000004440000000,14440000000,889,888,888,0,0,,,,0,open_hand,hold,200.0,dev-0123456789abcdef0123456789abcdef,synthetic-3-open_hand,29,protocol,synthetic-demo-contract-v1,True,2.7290000650097275,2.814050734248404,2.916116473970499,3.0360971190711576,3.1235158776749494,3.224815151860023,3.3304346584359674,3.446271107138421
1700000004445000000,14445000000,890,889,889,0,0,,,,0,open_hand,hold,200.0,dev-0123456789abcdef0123456789abcdef,synthetic-3-open_hand,29,protocol,synthetic-demo-contract-v1,True,2.9558959936244413,3.0456193301806684,3.153644049043253,3.280180819160621,3.3731872208182807,3.479766560862808,3.5914232990957777,3.7129447136571403
1700000004450000000,14450000000,891,890,890,0,0,,,,0,open_hand,hold,200.0,dev-0123456789abcdef0123456789abcdef,synthetic-3-open_hand,29,protocol,synthetic-demo-contract-v1,True,3.183005214043221,3.2777532975441757,3.391724931162529,3.524626411472026,3.6233739214466136,3.7352479956240434,3.852924566627851,3.980070179019965
1700000004455000000,14455000000,892,891,891,0,0,,,,0,open_hand,hold,200.0,dev-0123456789abcdef0123456789abcdef,synthetic-3-open_hand,29,protocol,synthetic-demo-contract-v1,True,3.410301860759378,3.5104374465102275,3.6303386513591462,3.769405647566634,3.874047588315457,3.9912339735495173,4.114910642950848,4.247619882239777
1700000004460000000,14460000000,893,892,892,0,0,,,,0,open_hand,hold,200.0,dev-0123456789abcdef0123456789abcdef,synthetic-3-open_hand,29,protocol,synthetic-demo-contract-v1,True,3.6377630016695885,3.7436530147480482,3.869461963539008,4.014489847681022,4.12517803427045,4.247697207842601,4.377352117367394,4.515564967663228
1700000004465000000,14465000000,894,893,893,0,0,,,,0,open_hand,hold,200.0,dev-0123456789abcdef0123456789abcdef,synthetic-3-open_hand,29,protocol,synthetic-demo-contract-v1,True,3.8653687187463355,3.9773776732264188,4.10906891395746,4.259850021133053,4.376733398131735,4.5046086997053925,4.640218087534327,4.783875438953659
1700000004470000000,14470000000,895,894,894,0,0,,,,0,open_hand,hold,200.0,dev-0123456789abcdef0123456789abcdef,synthetic-3-open_hand,29,protocol,synthetic-demo-contract-v1,True,4.093102107733264,4.211585573143034,4.349130933089448,4.505456981422304,4.628680273952348,4.761937837501692,4.903476265560414,5.052520256199048
1700000004475000000,14475000000,896,895,895,0,0,,,,0,open_hand,hold,200.0,dev-0123456789abcdef0123456789abcdef,synthetic-3-open_hand,29,protocol,synthetic-demo-contract-v1,True,4.3209491981181705,4.446247434176208,4.589616949464053,4.75128145541155,4.880983846994679,5.0196525025075,5.167093088839731,5.3214674358215035
1700000004480000000,14480000000,897,896,896,0,0,,,,0,open_hand,hold,200.0,dev-0123456789abcdef0123456789abcdef,synthetic-3-open_hand,29,protocol,synthetic-demo-contract-v1,True,4.548898796318914,4.681330673650575,4.83049352479278,4.997294186059304,5.133608035732176,5.27771918084311,5.431033835211565,5.590684152958298
1700000004485000000,14485000000,898,897,897,0,0,,,,0,open_hand,hold,200.0,dev-0123456789abcdef0123456789abcdef,synthetic-3-open_hand,29,protocol,synthetic-demo-contract-v1,True,4.776942256634308,4.916799575608837,5.071725009487765,5.243466028260358,5.386515639150945,5.536103081151177,5.695262742021975,5.860136845979025
1700000004490000000,14490000000,899,898,898,0,0,,,,0,open_hand,hold,200.0,dev-0123456789abcdef0123456789abcdef,synthetic-3-open_hand,29,protocol,synthetic-demo-contract-v1,True,5.0050731860318,5.152615498194586,5.313273717441636,5.489768037440766,5.639668488597989,5.794768257557374,5.959743128648133,6.129791322799212
1700000004495000000,14495000000,900,899,899,0,0,,,,0,open_hand,hold,200.0,dev-0123456789abcdef0123456789abcdef,synthetic-3-open_hand,29,protocol,synthetic-demo-contract-v1,True,5.233287090235618,5.388737117185994,5.555100118727822,5.736171550644991,5.893027603399711,6.053677737424508,6.224437522034409,6.399612868647515
1700000004500000000,14500000000,901,900,900,0,0,,,,0,open_hand,hold,200.0,dev-0123456789abcdef0123456789abcdef,synthetic-3-open_hand,29,protocol,synthetic-demo-contract-v1,True,-0.038419030185724255,-0.012379297014795277,0.022163048681255154,0.07014825994484292,0.09655334945618002,0.1252936533877122,0.16430778477872537,0.20706635494172934
1700000004505000000,14505000000,902,901,901,0,0,,,,0,open_hand,hold,200.0,dev-0123456789abcdef0123456789abcdef,synthetic-3-open_hand,29,protocol,synthetic-demo-contract-v1,True,0.18995287601989436,0.22422042787210403,0.26441993163693756,0.3166702780915836,0.3502056000035649,0.38457737913733664,0.4293152452992792,0.4771163489279316
1700000004510000000,14510000000,903,902,902,0,0,,,,0,open_hand,hold,200.0,dev-0123456789abcdef0123456789abcdef,synthetic-3-open_hand,29,protocol,synthetic-demo-contract-v1,True,0.41840143698177823,0.4609886998811308,0.5068270174399108,0.5632101964228539,0.6039438977290511,0.6439896683976102,0.6944208296049674,0.7472272237372519
1700000004515000000,14515000000,904,903,903,0,0,,,,0,open_hand,hold,200.0,dev-0123456789abcdef0123456789abcdef,synthetic-3-open_hand,29,protocol,synthetic-demo-contract-v1,True,0.6469253654861403,0.6978765192632709,0.7493396286970311,0.8097411351245761,0.8577276174199072,0.9034907965335238,0.9595851941883258,1.0173632685162792
1700000004520000000,14520000000,905,904,904,0,0,,,,0,open_hand,hold,200.0,dev-0123456789abcdef0123456789abcdef,synthetic-3-open_hand,29,protocol,synthetic-demo-contract-v1,True,0.8755229599693891,0.9348338531580456,0.9919124166198507,1.0562367860329822,1.111516128330551,1.1630407042051245,1.2247688595568649,1.287488798289397
1700000004525000000,14525000000,906,905,905,0,0,,,,0,open_hand,hold,200.0,dev-0123456789abcdef0123456789abcdef,synthetic-3-open_hand,29,protocol,synthetic-demo-contract-v1,True,1.1041916105062948,1.171810023827772,1.2344996232107877,1.3026714482432677,1.3652689554590325,1.4225991424782185,1.4899323439179528,1.5575682632149621
1700000004530000000,14530000000,907,906,906,0,0,,,,0,open_hand,hold,200.0,dev-0123456789abcdef0123456789abcdef,synthetic-3-open_hand,29,protocol,synthetic-demo-contract-v1,True,1.3329273214831325,1.4087541056025543,1.4770553474724357,1.5490200568677293,1.6189459389367835,1.6821258187929777,1.7550362965334199,1.8275663569017153
1700000004535000000,14535000000,908,907,907,0,0,,,,0,open_hand,hold,200.0,dev-0123456789abcdef0123456789abcdef,synthetic-3-open_hand,29,protocol,synthetic-demo-contract-v1,True,1.561724262311592,1.6456153255527162,1.7195338132734135,1.795258205357126,1.8725073907529382,1.9415805431874196,2.020041630263105,2.09744812345741
1700000004540000000,14540000000,909,908,908,0,0,,,,0,open_hand,hold,200.0,dev-0123456789abcdef0123456789abcdef,synthetic-3-open_hand,29,protocol,synthetic-demo-contract-v1,True,1.7905743569685533,1.8823434628476663,1.961889636484069,2.0413621618635855,2.1259142480567452,2.2009233741711225,2.2849096528214674,2.367179062948199
1700000004545000000,14545000000,910,909,909,0,0,,,,0,open_hand,hold,200.0,dev-0123456789abcdef0123456789abcdef,synthetic-3-open_hand,29,protocol,synthetic-demo-contract-v1,True,2.019466922351361,2.118889241777383,2.204078089001849,2.287308880180982,2.379128222308388,2.4601147636458363,2.549602196278173,2.6367252349547967
1700000004550000000,14550000000,911,910,910,0,0,,,,0,open_hand,hold,200.0,dev-0123456789abcdef0123456789abcdef,synthetic-3-open_hand,29,protocol,synthetic-demo-contract-v1,True,2.24838836443425,2.355204713504577,2.4460553573191963,2.533076005848838,2.632111943579668,2.719115700273877,2.814081744342114,2.9060533599198397
1700000004555000000,14555000000,912,911,911,0,0,,,,0,open_hand,hold,200.0,dev-0123456789abcdef0123456789abcdef,synthetic-3-open_hand,29,protocol,synthetic-demo-contract-v1,True,2.477321940019575,2.591243621780783,2.6877787933460664,2.7786418780479467,2.884829099341378,2.9778878507023707,3.0783115569787887,3.1751309179901606
1700000004560000000,14560000000,913,912,912,0,0,,,,0,open_hand,hold,200.0,dev-0123456789abcdef0123456789abcdef,synthetic-3-open_hand,29,protocol,synthetic-demo-contract-v1,True,2.7062475905217775,2.8269617480955036,2.9292071552838204,3.0239855279496664,3.1372445671133136,3.236393698061447,3.3422557919230464,3.4439262450678303
1700000004565000000,14565000000,914,913,913,0,0,,,,0,open_hand,hold,200.0,dev-0123456789abcdef0123456789abcdef,synthetic-3-open_hand,29,protocol,synthetic-demo-contract-v1,True,2.9351418527302044,3.062317232030465,3.1703008364563017,3.2690866742057962,3.3893245403955534,3.4945966771672365,3.6058796226629712,3.7124086257946534
1700000004570000000,14570000000,915,914,914,0,0,,,,0,open_hand,hold,200.0,dev-0123456789abcdef0123456789abcdef,synthetic-3-open_hand,29,protocol,synthetic-demo-contract-v1,True,3.1639778498996516,3.2972708629564846,3.4110220801361892,3.51392571628215,3.6410366473456457,3.7524613058762286,3.8691493524861436,3.980548383206553
1700000004575000000,14575000000,916,915,915,0,0,,,,0,open_hand,hold,200.0,dev-0123456789abcdef0123456789abcdef,synthetic-3-open_hand,29,protocol,synthetic-demo-contract-v1,True,3.3927253648471494,3.5317863396325664,3.651335178558438,3.758483726345899,3.8923500617150406,4.009953312055654,4.132032524196362,4.248316964806531
1700000004580000000,14580000000,917,916,916,0,0,,,,0,open_hand,hold,200.0,dev-0123456789abcdef0123456789abcdef,synthetic-3-open_hand,29,protocol,synthetic-demo-contract-v1,True,3.621350995024538,3.7658304947393,3.8912066544861714,4.002742440414824,4.143235605609496,4.267039755655465,4.394498025127353,4.515687024817965
1700000004585000000,14585000000,918,917,917,0,0,,,,0,open_hand,hold,200.0,dev-0123456789abcdef0123456789abcdef,synthetic-3-open_hand,29,protocol,synthetic-demo-contract-v1,True,3.849818387823375,3.9993734818940525,4.130605423885473,4.246684249465538,4.393665843691533,4.523689145390647,4.6565161870996965,4.782632502393537
1700000004590000000,14590000000,919,918,918,0,0,,,,0,open_hand,hold,200.0,dev-0123456789abcdef0123456789abcdef,synthetic-3-open_hand,29,protocol,synthetic-demo-contract-v1,True,4.078088552686991,4.232388923245863,4.369502938472001,4.490292191177881,4.643615168498185,4.7798715495681545,4.918058880988161,5.049128695569227
1700000004595000000,14595000000,920,919,919,0,0,,,,0,open_hand,hold,200.0,dev-0123456789abcdef0123456789abcdef,synthetic-3-open_hand,29,protocol,synthetic-demo-contract-v1,True,4.306120244988366,4.464854016325039,4.607873307111835,4.73354994296434,4.893059876603737,5.035558700620558,5.1790996055889424,5.315152330767529
1700000004600000000,14600000000,921,920,920,0,0,,,,0,open_hand,hold,200.0,dev-0123456789abcdef0123456789abcdef,synthetic-3-open_hand,29,protocol,synthetic-demo-contract-v1,True,4.533870415114878,4.696749599417042,4.845693395288453,4.976441816896578,5.141978235414484,5.290724092938157,5.439613570499422,5.580681627668991
1700000004605000000,14605000000,922,921,921,0,0,,,,0,open_hand,hold,200.0,dev-0123456789abcdef0123456789abcdef,synthetic-3-open_hand,29,protocol,synthetic-demo-contract-v1,True,4.761294714813287,4.92806017533351,5.082942902085075,5.218952757096765,5.39035054044034,5.545343073622947,5.699577772747333,5.845696359286719
1700000004610000000,14610000000,923,922,922,0,0,,,,0,open_hand,hold,200.0,dev-0123456789abcdef0123456789abcdef,synthetic-3-open_hand,29,protocol,synthetic-demo-contract-v1,True,4.988348051618721,5.158773894055697,5.319604414373451,5.46106834010977,5.638159162946076,5.799392925821155,5.958971066931343,6.110177907094325
1700000004615000000,14615000000,924,923,923,0,0,,,,0,open_hand,hold,200.0,dev-0123456789abcdef0123456789abcdef,synthetic-3-open_hand,29,protocol,synthetic-demo-contract-v1,True,5.214985181145257,5.388882495318,5.5556634381439185,5.702774778713773,5.885388587942438,6.0528529443257995,6.217774228660809,6.37410931107377
1700000004620000000,14620000000,925,924,924,0,0,,,,0,open_hand,hold,200.0,dev-0123456789abcdef0123456789abcdef,synthetic-3-open_hand,29,protocol,synthetic-demo-contract-v1,True,5.441161326174593,5.618381212772561,5.791108407154267,5.944058929562613,6.132025442534179,6.305704503176832,6.475970011108943,6.637475314565942
1700000004625000000,14625000000,926,925,925,0,0,,,,0,open_hand,hold,200.0,dev-0123456789abcdef0123456789abcdef,synthetic-3-open_hand,29,protocol,synthetic-demo-contract-v1,True,0.16683281086043272,0.20976864192137276,0.25093066931372376,0.2724083049835284,0.32805851469771175,0.37043111502371145,0.40854319452063564,0.43776240382326576
1700000004630000000,14630000000,927,926,926,0,0,,,,0,open_hand,hold,200.0,dev-0123456789abcdef0123456789abcdef,synthetic-3-open_hand,29,protocol,synthetic-demo-contract-v1,True,0.39195769798251884,0.43804657451145257,0.48512445145040567,0.5128110891799084,0.5734787626150949,0.6220184820533011,0.6654806285435099,0.6999588421802604
1700000004635000000,14635000000,928,927,927,0,0,,,,0,open_hand,hold,200.0,dev-0123456789abcdef0123456789abcdef,synthetic-3-open_hand,29,protocol,synthetic-demo-contract-v1,True,0.6164964170437447,0.6657198025538036,0.7186868033331262,0.7527561590109058,0.8182793147432504,0.8729545383248603,0.9217712672784397,0.961554698774563
1700000004640000000,14640000000,929,928,928,0,0,,,,0,open_hand,hold,200.0,dev-0123456789abcdef0123456789abcdef,synthetic-3-open_hand,29,protocol,synthetic-demo-contract-v1,True,0.840412371109603,0.8927958955409621,0.9516175220289482,0.9922331094394159,1.0624554608472225,1.1232294833932512,1.1774061969735934,1.2225418717677106
1700000004645000000,14645000000,930,929,929,0,0,,,,0,open_hand,hold,200.0,dev-0123456789abcdef0123456789abcdef,synthetic-3-open_hand,29,protocol,synthetic-demo-contract-v1,True,1.063672510639412,1.1192849547945933,1.1839190578737873,1.2312322836575664,1.3060046342735603,1.372835807141076,1.4323786563139096,1.4829141060315432
1700000004650000000,14650000000,931,930,930,0,0,,,,0,open_hand,hold,200.0,dev-0123456789abcdef0123456789abcdef,synthetic-3-open_hand,29,protocol,synthetic-demo-contract-v1,True,1.286247863146509,1.3451993491685668,1.4155964035125244,1.4697448078157513,1.5489263857843354,1.6217683057801846,1.686684049285722,1.7426670052827076
1700000004655000000,14655000000,932,931,931,0,0,,,,0,open_hand,hold,200.0,dev-0123456789abcdef0123456789abcdef,synthetic-3-open_hand,29,protocol,synthetic-demo-contract-v1,True,1.508114008338085,1.570553436559701,1.6466569676253064,1.7077626301980593,1.7912223493134942,1.87002408902254,1.940319950623819,2.001798038664128
1700000004660000000,14660000000,933,932,932,0,0,,,,0,open_hand,hold,200.0,dev-0123456789abcdef0123456789abcdef,synthetic-3-open_hand,29,protocol,synthetic-demo-contract-v1,True,1.7292514894083777,1.7953632758347167,1.8771104350962904,1.9452785646048294,2.032896200045049,2.117602578459668,2.193286103875556,2.2603065417885793
1700000004665000000,14665000000,934,933,933,0,0,,,,0,open_hand,hold,200.0,dev-0123456789abcdef0123456789abcdef,synthetic-3-open_hand,29,protocol,synthetic-demo-contract-v1,True,1.9496461523708697,2.0196463338655146,2.10696861549835,2.182286337622829,2.2739536052467293,2.364505497228599,2.445584412143519,2.518193712275525
1700000004670000000,14670000000,935,934,934,0,0,,,,0,open_hand,hold,200.0,dev-0123456789abcdef0123456789abcdef,synthetic-3-open_hand,29,protocol,synthetic-demo-contract-v1,True,2.169289406691563,2.2434211923746505,2.3362452818609833,2.418780639386167,2.51440216832298,2.610736851080122,2.697218921594613,2.775462599828103
1700000004675000000,14675000000,936,935,935,0,0,,,,0,open_hand,hold,200.0,dev-0123456789abcdef0123456789abcdef,synthetic-3-open_hand,29,protocol,synthetic-demo-contract-v1,True,2.3881784019985974,2.466707259228905,2.564956001757806,2.6547571773574057,2.754251366577485,2.856302901002201,2.948195797849194,3.0321180909126064
1700000004680000000,14680000000,937,936,936,0,0,,,,0,open_hand,hold,200.0,dev-0123456789abcdef0123456789abcdef,synthetic-3-open_hand,29,protocol,synthetic-demo-contract-v1,True,2.6063161172628115,2.689524488682239,2.793117962793909,2.8902127325892737,2.99351248319748,3.101212127587234,3.1985232953889198,3.2881668881178756
1700000004685000000,14685000000,938,937,937,0,0,,,,0,open_hand,hold,200.0,dev-0123456789abcdef0123456789abcdef,synthetic-3-open_hand,29,protocol,synthetic-demo-contract-v1,True,2.823711360536705,2.911893114862659,3.020749794591595,3.125145217863723,3.2321985339900907,3.3454751873664295,3.4482117201461837,3.5436174842867048
1700000004690000000,14690000000,939,938,938,0,0,,,,0,open_hand,hold,200.0,dev-0123456789abcdef0123456789abcdef,synthetic-3-open_hand,29,protocol,synthetic-demo-contract-v1,True,3.0403786790713085,3.1338334025238836,3.247871389365522,3.3595537370475586,3.4703241894144687,3.5891048613676424,3.697273385461307,3.7984801315256305
1700000004695000000,14695000000,940,939,939,0,0,,,,0,open_hand,hold,200.0,dev-0123456789abcdef0123456789abcdef,synthetic-3-open_hand,29,protocol,synthetic-demo-contract-v1,True,3.2563381813668517,3.355365418746827,3.4745037231453684,3.5934386449532094,3.7079056924629166,3.8321159961844633,3.9457225616159968,4.0527668052132695
1700000004700000000,14700000000,941,940,940,0,0,,,,0,open_hand,hold,200.0,dev-0123456789abcdef0123456789abcdef,synthetic-3-open_hand,29,protocol,synthetic-demo-contract-v1,True,3.4716152744185456,3.576508828883079,3.7006686796462493,3.8268016069500304,3.944960772949134,4.074525437874035,4.193575419172799,4.306491163140664
1700000004705000000,14705000000,942,941,941,0,0,,,,0,open_hand,hold,200.0,dev-0123456789abcdef0123456789abcdef,synthetic-3-open_hand,29,protocol,synthetic-demo-contract-v1,True,3.686240321059017,3.7972827195892584,3.9263888787052514,4.05964565753634,4.181508558762573,4.316351959028801,4.440849966370369,4.559668499929861
1700000004710000000,14710000000,943,942,942,0,0,,,,0,open_hand,hold,200.0,dev-0123456789abcdef0123456789abcdef,synthetic-3-open_hand,29,protocol,synthetic-demo-contract-v1,True,3.9002482238405567,4.017705451314339,4.151687511097662,4.291975257055732,4.417569484644485,4.5576161793930945,4.687565980843273,4.8123156968892
1700000004715000000,14715000000,944,943,943,0,0,,,,0,open_hand,hold,200.0,dev-0123456789abcdef0123456789abcdef,synthetic-3-open_hand,29,protocol,synthetic-demo-contract-v1,True,4.113677943312474,4.237794542079671,4.376588181420291,4.5237963457233885,4.653165199033846,4.798340480419016,4.933744935952626,5.06445116747538
1700000004720000000,14720000000,945,944,944,0,0,,,,0,open_hand,hold,200.0,dev-0123456789abcdef0123456789abcdef,synthetic-3-open_hand,29,protocol,synthetic-demo-contract-v1,True,4.326571959802733,4.457566583841723,4.601114760583314,4.755116394119469,4.888318469520043,5.038548914177328,5.179409922030139,5.316094798543442
1700000004725000000,14725000000,946,945,945,0,0,,,,0,open_hand,hold,200.0,dev-0123456789abcdef0123456789abcdef,synthetic-3-open_hand,29,protocol,synthetic-demo-contract-v1,True,4.538975688883623,4.677037192159382,4.8252912492883375,4.985944449307329,5.12305308742416,5.2782671070580385,5.424585562853031,5.567267887576189
1700000004730000000,14730000000,947,946,946,0,0,,,,0,open_hand,hold,200.0,dev-0123456789abcdef0123456789abcdef,synthetic-3-open_hand,29,protocol,synthetic-demo-contract-v1,True,4.750936861566736,4.896220989309983,5.04914165369106,5.21629117574453,5.35739377201217,5.517522158711889,5.669297927680754,5.81799307609435
1700000004735000000,14735000000,948,947,947,0,0,,,,0,open_hand,hold,200.0,dev-0123456789abcdef0123456789abcdef,synthetic-3-open_hand,29,protocol,synthetic-demo-contract-v1,True,4.962504880915705,5.11513162042029,5.272689874254172,5.446168890174158,5.591366074821547,5.756342536698009,5.913574439196463,6.068294279457891
1700000004740000000,14740000000,949,948,948,0,0,,,,0,open_hand,hold,200.0,dev-0123456789abcdef0123456789abcdef,synthetic-3-open_hand,29,protocol,synthetic-demo-contract-v1,True,5.173730167173048,5.333781801609572,5.4959596085927735,5.67559158971296,5.82499628455789,5.994757967314583,6.157443777706696,6.318196613277272
1700000004745000000,14745000000,950,949,949,0,0,,,,0,open_hand,hold,200.0,dev-0123456789abcdef0123456789abcdef,synthetic-3-open_hand,29,protocol,synthetic-demo-contract-v1,True,5.38466350366212,5.552183398590933,5.718974268902985,5.904574972390968,6.05831133299066,6.232799323098413,6.400935781961763,6.567726316661249
1700000004750000000,14750000000,951,950,950,0,0,,,,0,open_hand,hold,200.0,dev-0123456789abcdef0123456789abcdef,synthetic-3-open_hand,29,protocol,synthetic-demo-contract-v1,True,0.09535539564318617,0.1328475336525856,0.16675691434739667,0.22063644944421906,0.24133870224697315,0.282998507485747,0.319081346966837,0.3544106725347761
1700000004755000000,14755000000,952,951,951,0,0,,,,0,open_hand,hold,200.0,dev-0123456789abcdef0123456789abcdef,synthetic-3-open_hand,29,protocol,synthetic-demo-contract-v1,True,0.3058554539762796,0.3507847184515363,0.3893301985514571,0.44879514871780696,0.4741063338703829,0.5203883371307616,0.5619123191597701,0.6032779252670338
1700000004760000000,14760000000,953,952,952,0,0,,,,0,open_hand,hold,200.0,dev-0123456789abcdef0123456789abcdef,synthetic-3-open_hand,29,protocol,synthetic-demo-contract-v1,True,0.5162118148790762,0.5685050096055818,0.6117163321453498,0.6765719085998625,0.7066425399773799,0.7575024223794435,0.8044613893360241,0.8518571958550155
1700000004765000000,14765000000,954,953,953,0,0,,,,0,open_hand,hold,200.0,dev-0123456789abcdef0123456789abcdef,synthetic-3-open_hand,29,protocol,synthetic-demo-contract-v1,True,0.7264706062778746,0.786018183673035,0.8339370600695987,0.9039892619782146,0.9389759168091406,0.9943750463957454,1.0467619837041748,1.100178394913256
1700000004770000000,14770000000,955,954,954,0,0,,,,0,open_hand,hold,200.0,dev-0123456789abcdef0123456789abcdef,synthetic-3-open_hand,29,protocol,synthetic-demo-contract-v1,True,0.9366754702494997,1.0033339277692408,1.0560136531518787,1.1310714097892,1.171135260939335,1.2310410434333376,1.28884815345682,1.348272133724297
1700000004775000000,14775000000,956,955,955,0,0,,,,0,open_hand,hold,200.0,dev-0123456789abcdef0123456789abcdef,synthetic-3-open_hand,29,protocol,synthetic-demo-contract-v1,True,1.1468671498625629,1.2204620417902898,1.2779669132603135,1.357844183812048,1.4031494883615405,1.4675356767405203,1.5307544632417074,1.5961696336080216
1700000004780000000,14780000000,957,956,956,0,0,,,,0,open_hand,hold,200.0,dev-0123456789abcdef0123456789abcdef,synthetic-3-open_hand,29,protocol,synthetic-demo-contract-v1,True,1.357083147372207,1.4374126480018576,1.499817191147348,1.584334998451573,1.6350475566421043,1.7038945165777843,1.7725158789164448,1.8439026338707505
1700000004785000000,14785000000,958,957,957,0,0,,,,0,open_hand,hold,200.0,dev-0123456789abcdef0123456789abcdef,synthetic-3-open_hand,29,protocol,synthetic-demo-contract-v1,True,1.567357459230944,1.6541964036080832,1.7215844159205365,1.8105727913456706,1.8668583902865086,1.9401533188172233,2.01416765496725,2.091503298597035
1700000004790000000,14790000000,959,958,958,0,0,,,,0,open_hand,hold,200.0,dev-0123456789abcdef0123456789abcdef,synthetic-3-open_hand,29,protocol,synthetic-demo-contract-v1,True,1.7777203917799977,1.8708247118442658,1.9432881349145257,2.0365879527314954,2.098610809429801,2.176347904580596,2.2557452219678904,2.3390041225483924
1700000004795000000,14795000000,960,959,959,0,0,,,,0,open_hand,hold,200.0,dev-0123456789abcdef0123456789abcdef,synthetic-3-open_hand,29,protocol,synthetic-demo-contract-v1,True,1.9881984598133786,2.087309927139085,2.164947562594267,2.2624122436043175,2.330333461924837,2.4125140413584973,2.497284074449397,2.5864378364338942
1700000004800000000,14800000000,961,960,960,0,0,,,,0,open_hand,hold,200.0,dev-0123456789abcdef0123456789abcdef,synthetic-3-open_hand,29,protocol,synthetic-demo-contract-v1,True,2.1988143684948853,2.3036655499670364,2.386581636994829,2.488078702804862,2.5620547588662426,2.6486873260368906,2.738819659544225,2.8338373118174807
1700000004805000000,14805000000,962,961,961,0,0,,,,0,open_hand,hold,200.0,dev-0123456789abcdef0123456789abcdef,synthetic-3-open_hand,29,protocol,synthetic-demo-contract-v1,True,2.409587077391219,2.5199064071586994,2.608209082099651,2.7136215432734714,2.793802813553392,2.8849030702392384,2.9803872667603986,3.081235465926108
1700000004810000000,14810000000,963,962,962,0,0,,,,0,open_hand,hold,200.0,dev-0123456789abcdef0123456789abcdef,synthetic-3-open_hand,29,protocol,synthetic-demo-contract-v1,True,2.6205319436976127,2.7360488136531265,2.829848474478096,2.9390760378117458,3.0256053838627874,3.121196188372992,3.222021919231906,3.328665166621463
1700000004815000000,14815000000,964,963,963,0,0,,,,0,open_hand,hold,200.0,dev-0123456789abcdef0123456789abcdef,synthetic-3-open_hand,29,protocol,synthetic-demo-contract-v1,True,2.831660940110058,2.952110711959634,3.0515183124456233,3.1644783947933326,3.257489817969097,3.357601088748126,3.463758266781178,3.5761591377959214
1700000004820000000,14820000000,965,964,964,0,0,,,,0,open_hand,hold,200.0,dev-0123456789abcdef0123456789abcdef,synthetic-3-open_hand,29,protocol,synthetic-demo-contract-v1,True,3.0429829412735763,3.168111785941283,3.2732370859766644,3.3898656243643113,3.4894830033252293,3.5941515681131913,3.705630481118073,3.8237498654507327
1700000004825000000,14825000000,966,965,965,0,0,,,,0,open_hand,hold,200.0,dev-0123456789abcdef0123456789abcdef,synthetic-3-open_hand,29,protocol,synthetic-demo-contract-v1,True,3.254504071339984,3.384073545933855,3.4950233455915996,3.6152753957691424,3.7216113187852584,3.830880709930865,3.947672153487341,4.071469504711085
1700000004830000000,14830000000,967,966,966,0,0,,,,0,open_hand,hold,200.0,dev-0123456789abcdef0123456789abcdef,synthetic-3-open_hand,29,protocol,synthetic-demo-contract-v1,True,3.466228103929777,3.600019382666066,3.7168957684554065,3.840745886529466,3.9539005897300963,4.067820786690619,4.189916195063244,4.319349788028791
1700000004835000000,14835000000,968,967,967,0,0,,,,0,open_hand,hold,200.0,dev-0123456789abcdef0123456789abcdef,synthetic-3-open_hand,29,protocol,synthetic-demo-contract-v1,True,3.678156904736272,3.815974587941847,3.9388732199661884,4.06631562428925,4.1863760460347,4.305003166530896,4.432394740375867,4.5674219348188
1700000004840000000,14840000000,969,968,968,0,0,,,,0,open_hand,hold,200.0,dev-0123456789abcdef0123456789abcdef,synthetic-3-open_hand,29,protocol,synthetic-demo-contract-v1,True,3.8902909061575257,4.031966340576229,4.160974809176505,4.292023322220022,4.4190622826974755,4.542458224417355,4.675139054038786,4.815716562770681
1700000004845000000,14845000000,970,969,969,0,0,,,,0,open_hand,hold,200.0,dev-0123456789abcdef0123456789abcdef,synthetic-3-open_hand,29,protocol,synthetic-demo-contract-v1,True,4.102629602709996,4.248023656634099,4.3832199364782465,4.517907708953214,4.651983222937414,4.780215258097355,4.918179441032148,5.0642636010705
1700000004850000000,14850000000,971,970,970,0,0,,,,0,open_hand,hold,200.0,dev-0123456789abcdef0123456789abcdef,synthetic-3-open_hand,29,protocol,synthetic-demo-contract-v1,True,4.31517205558051,4.464177303597466,4.6056283320918565,4.744007354072606,4.8851620835527365,5.018302409024291,5.161545160779164,5.313092205762438
1700000004855000000,14855000000,972,971,971,0,0,,,,0,open_hand,hold,200.0,dev-0123456789abcdef0123456789abcdef,synthetic-3-open_hand,29,protocol,synthetic-demo-contract-v1,True,4.527917394517484,4.680459678672422,4.828220084031233,4.970360490257248,5.1186213423262,5.256746588418526,5.4052643452372795,5.562230677472696
1700000004860000000,14860000000,973,972,972,0,0,,,,0,open_hand,hold,200.0,dev-0123456789abcdef0123456789abcdef,synthetic-3-open_hand,29,protocol,synthetic-demo-contract-v1,True,4.7408653053519165,4.896904652032858,5.051015654365373,5.197004833213984,5.352382707256976,5.4955734086049635,5.649363921208299,5.811706381711138
1700000004865000000,14865000000,974,973,973,0,0,,,,0,open_hand,hold,200.0,dev-0123456789abcdef0123456789abcdef,synthetic-3-open_hand,29,protocol,synthetic-demo-contract-v1,True,4.954016491771319,5.113547376374715,5.274035882764518,5.423977400577905,5.586467087397044,5.734807119740655,5.893869537054226,6.061545671958376
1700000004870000000,14870000000,975,974,974,0,0,,,,0,open_hand,hold,200.0,dev-0123456789abcdef0123456789abcdef,synthetic-3-open_hand,29,protocol,synthetic-demo-contract-v1,True,5.167373100538638,5.33042406471321,5.4973019765003155,5.6513143309884,5.820894565071481,5.9744705520196035,6.138805493987968,6.31177381573798
1700000004875000000,14875000000,976,975,975,0,0,,,,0,open_hand,hold,200.0,dev-0123456789abcdef0123456789abcdef,synthetic-3-open_hand,29,protocol,synthetic-demo-contract-v1,True,-0.11906089985840797,-0.08992826111290175,-0.05416451373611481,-0.03344929543234109,0.005684369266526476,0.027085063416130605,0.0591946820901519,0.0999149238648823
1700000004880000000,14880000000,977,976,976,0,0,,,,0,open_hand,hold,200.0,dev-0123456789abcdef0123456789abcdef,synthetic-3-open_hand,29,protocol,synthetic-demo-contract-v1,True,0.09472060385944467,0.12752795173037937,0.16965826737028417,0.19472036603714815,0.240854849977146,0.267670493003003,0.30505852118527427,0.3509918830521747
1700000004885000000,14885000000,978,977,977,0,0,,,,0,open_hand,hold,200.0,dev-0123456789abcdef0123456789abcdef,synthetic-3-open_hand,29,protocol,synthetic-demo-contract-v1,True,0.3087261294233885,0.34533048632487223,0.39379242612994847,0.4233557517056085,0.4764234533165687,0.5087451198560976,0.5514169066924818,0.6025262920491442
1700000004890000000,14890000000,979,978,978,0,0,,,,0,open_hand,hold,200.0,dev-0123456789abcdef0123456789abcdef,synthetic-3-open_hand,29,protocol,synthetic-demo-contract-v1,True,0.522966788799137,0.5635170361497404,0.6182602513847207,0.6524877215495117,0.7124066972039509,0.7503256275338404,0.7982881605481728,0.8545384014737197
1700000004895000000,14895000000,980,979,979,0,0,,,,0,open_hand,hold,200.0,dev-0123456789abcdef0123456789abcdef,synthetic-3-open_hand,29,protocol,synthetic-demo-contract-v1,True,0.7374564031082154,0.7821248702898443,0.8430841314251232,0.8821453975836394,0.9488201474627538,0.9924270740971382,1.04568898727986,1.1070470574925324
1700000004900000000,14900000000,981,980,980,0,0,,,,0,open_hand,hold,200.0,dev-0123456789abcdef0123456789abcdef,synthetic-3-open_hand,29,protocol,synthetic-demo-contract-v1,True,0.952211539297244,1.0011904881481402,1.0682864567238204,1.1123560096856497,1.1856783941812803,1.2350628676140272,1.29363443529294,1.360069649491417
1700000004905000000,14905000000,982,981,981,0,0,,,,0,open_hand,hold,200.0,dev-0123456789abcdef0123456789abcdef,synthetic-3-open_hand,29,protocol,synthetic-demo-contract-v1,True,1.1672514668297145,1.220749268323809,1.293889509135029,1.343144749994539,1.4229950282080779,1.4782447470730762,1.54213786341465,1.6136220618686516
1700000004910000000,14910000000,983,982,982,0,0,,,,0,open_hand,hold,200.0,dev-0123456789abcdef0123456789abcdef,synthetic-3-open_hand,29,protocol,synthetic-demo-contract-v1,True,1.382598034378038,1.4408351164636766,1.5199153384180422,1.5745346369489697,1.660782617678126,1.7219827686105904,1.7912109127222962,1.8677186300723267
1700000004915000000,14915000000,984,983,983,0,0,,,,0,open_hand,hold,200.0,dev-0123456789abcdef0123456789abcdef,synthetic-3-open_hand,29,protocol,synthetic-demo-contract-v1,True,1.5982754682001956,1.6614801169674276,1.7463856271424516,1.806546389968074,1.8990526844907403,1.9662852969390463,2.0408634836660724,2.122372100992147
1700000004920000000,14920000000,985,984,984,0,0,,,,0,open_hand,hold,200.0,dev-0123456789abcdef0123456789abcdef,synthetic-3-open_hand,29,protocol,synthetic-demo-contract-v1,True,1.8143100955601277,1.8827141934258296,1.9733215452204977,2.0391983157050935,2.1378156806866913,2.211159001848054,2.291103718480461,2.377593597804685
1700000004925000000,14925000000,986,985,985,0,0,,,,0,open_hand,hold,200.0,dev-0123456789abcdef0123456789abcdef,synthetic-3-open_hand,29,protocol,synthetic-demo-contract-v1,True,2.030729998159604,2.104564782595392,2.200743595485668,2.272506206723582,2.377080964699672,2.456608859634383,2.5419379888622666,2.6333925893595738
1700000004930000000,14930000000,987,986,986,0,0,,,,0,open_hand,hold,200.0,dev-0123456789abcdef0123456789abcdef,synthetic-3-open_hand,29,protocol,synthetic-demo-contract-v1,True,2.2475646020588234,2.3270565265637346,2.4286714518940973,2.5064832533577373,2.6168567774858986,2.7026381593044153,2.7933708888780098,2.889776864182497
1700000004935000000,14935000000,988,987,987,0,0,,,,0,open_hand,hold,200.0,dev-0123456789abcdef0123456789abcdef,synthetic-3-open_hand,29,protocol,synthetic-demo-contract-v1,True,2.4648442119423093,2.5502109875394456,2.6571237920642603,2.7411399694233687,2.8571502185647484,2.9492485133807347,3.0454052330485744,3.146752509159005
1700000004940000000,14940000000,989,988,988,0,0,,,,0,open_hand,hold,200.0,dev-0123456789abcdef0123456789abcdef,synthetic-3-open_hand,29,protocol,synthetic-demo-contract-v1,True,2.682599498807424,2.77404638941168,2.886118125989109,2.976484132344987,3.097967222032712,3.1964398731344374,3.2980420595447852,3.4043238929513002
1700000004945000000,14945000000,990,989,989,0,0,,,,0,open_hand,hold,200.0,dev-0123456789abcdef0123456789abcdef,synthetic-3-open_hand,29,protocol,synthetic-demo-contract-v1,True,2.900860951189958,2.998577389872479,3.11567062285157,3.2125207381583456,3.3393125326422575,3.4442105480562115,3.5512806384140303,3.6624936541881015
1700000004950000000,14950000000,991,990,990,0,0,,,,0,open_hand,hold,200.0,dev-0123456789abcdef0123456789abcdef,synthetic-3-open_hand,29,protocol,synthetic-demo-contract-v1,True,3.1196583008732652,3.2238148864840555,3.345795937947792,3.4492519717374606,3.5811896820660127,3.69255722937222,3.8051184847450816,3.9212626944556286
1700000004955000000,14955000000,992,991,991,0,0,,,,0,open_hand,hold,200.0,dev-0123456789abcdef0123456789abcdef,synthetic-3-open_hand,29,protocol,synthetic-demo-contract-v1,True,3.339019934637169,3.449765859610338,3.5765070417717344,3.686677192481674,3.823600965494819,3.941475017405363,4.059551376666085,4.180630176105637
1700000004960000000,14960000000,993,992,992,0,0,,,,0,open_hand,hold,200.0,dev-0123456789abcdef0123456789abcdef,synthetic-3-open_hand,29,protocol,synthetic-demo-contract-v1,True,3.5589723039775807,3.6764332546238294,3.807815053338765,3.924792935582618,4.06654741874518,4.190957452578481,4.314573378059086,4.440593524884277
1700000004965000000,14965000000,994,993,993,0,0,,,,0,open_hand,hold,200.0,dev-0123456789abcdef0123456789abcdef,synthetic-3-open_hand,29,protocol,synthetic-demo-contract-v1,True,3.77953934485962,3.9038159052531904,4.039729079824535,4.163592928874255,4.310028796077287,4.440996549853583,4.570176865863714,4.701148437373423
1700000004970000000,14970000000,995,994,994,0,0,,,,0,open_hand,hold,200.0,dev-0123456789abcdef0123456789abcdef,synthetic-3-open_hand,29,protocol,synthetic-demo-contract-v1,True,4.000741919452983,4.1319084993620265,4.272256064568264,4.403068125152224,4.554043548948719,4.691582836400002,4.8263525618325405,4.962288893224015
1700000004975000000,14975000000,996,995,995,0,0,,,,0,open_hand,hold,200.0,dev-0123456789abcdef0123456789abcdef,synthetic-3-open_hand,29,protocol,synthetic-demo-contract-v1,True,4.222597291440395,4.360701587854046,4.505400645437015,4.643206749732889,4.798588805950827,4.9427053922846405,5.083089568591231,5.2240071721488786
1700000004980000000,14980000000,997,996,996,0,0,,,,0,open_hand,hold,200.0,dev-0123456789abcdef0123456789abcdef,synthetic-3-open_hand,29,protocol,synthetic-demo-contract-v1,True,4.445118645895365,4.590181636793113,4.7391650254699025,4.883994362908611,5.043660354194516,5.194351893978914,5.340375409848142,5.486293875630507
1700000004985000000,14985000000,998,997,997,0,0,,,,0,open_hand,hold,200.0,dev-0123456789abcdef0123456789abcdef,synthetic-3-open_hand,29,protocol,synthetic-demo-contract-v1,True,4.668314663905726,4.820331122217958,4.973548857619452,5.125413936844873,5.289252622429302,5.446508660479695,5.598196074590009,5.749137953287437
1700000004990000000,14990000000,999,998,998,0,0,,,,0,open_hand,hold,200.0,dev-0123456789abcdef0123456789abcdef,synthetic-3-open_hand,29,protocol,synthetic-demo-contract-v1,True,4.892189161091297,5.051128666529781,5.208549145282383,5.367445946358102,5.535358666193903,5.6991607018453125,5.856536065093359,6.012526733831005
1700000004995000000,14995000000,1000,999,999,0,0,,,,0,open_hand,hold,200.0,dev-0123456789abcdef0123456789abcdef,synthetic-3-open_hand,29,protocol,synthetic-demo-contract-v1,True,5.116740797947911,5.282549214745889,5.444160160165554,5.610068472911144,5.781970155308144,5.952291769952461,6.115378448574843,6.276445960532753
