host_wall_timestamp_ns,host_monotonic_ns,host_receive_index,sample_index,session_sample_index,generation,connection_generation,device_packet_sequence,device_sample_counter,device_time_ticks,sample_in_packet,action_label,action_phase,sample_rate_hz,device_id,session_id,quality_flags,sample_rate_source_kind,sample_rate_evidence_ref,sample_rate_confirmed,channel_1,channel_2,channel_3,channel_4,channel_5,channel_6,channel_7,channel_8
1700000000000000000,10000000000,1,0,0,0,0,,,,0,rest,hold,200.0,dev-0123456789abcdef0123456789abcdef,synthetic-1-rest,29,protocol,synthetic-demo-contract-v1,True,0.009170054813522545,0.04439930618386061,0.07962855755419868,0.11485780892453674,0.1500870602948748,0.18531631166521287,0.22054556303555095,0.255774814405889
1700000000005000000,10005000000,2,1,1,0,0,,,,0,rest,hold,200.0,dev-0123456789abcdef0123456789abcdef,synthetic-1-rest,29,protocol,synthetic-demo-contract-v1,True,0.022434627638023303,0.057782930432455464,0.09317028214220524,0.1285850627820765,0.16401984060919944,0.19946964329461636,0.23493101927452978,0.27040149813301906
1700000000010000000,10010000000,3,2,2,0,0,,,,0,rest,hold,200.0,dev-0123456789abcdef0123456789abcdef,synthetic-1-rest,29,protocol,synthetic-demo-contract-v1,True,0.03550939285510642,0.07098227803477665,0.10652948998513975,0.14212947996687628,0.17776824159965124,0.21343629620255403,0.24912700881868258,0.2848356003902367
1700000000015000000,10015000000,4,3,3,0,0,,,,0,rest,hold,200.0,dev-0123456789abcdef0123456789abcdef,synthetic-1-rest,29,protocol,synthetic-demo-contract-v1,True,0.04827664341105103,0.083886673273509,0.11959891807213807,0.15538519629231795,0.19122660642258857,0.2271100800613058,0.2630263278919122,0.2989685820483485
1700000000020000000,10020000000,5,4,4,0,0,,,,0,rest,hold,200.0,dev-0123456789abcdef0123456789abcdef,synthetic-1-rest,29,protocol,synthetic-demo-contract-v1,True,0.06062188508092085,0.09638813690705787,0.13227378372998272,0.16824874209146898,0.20429164882075113,0.24038718278371063,0.2765241757219776,0.31269434148433783
1700000000025000000,10025000000,6,5,5,0,0,,,,0,rest,hold,200.0,dev-0123456789abcdef0123456789abcdef,synthetic-1-rest,29,protocol,synthetic-demo-contract-v1,True,0.0724351040314925,0.10838240591560461,0.14445269517041134,0.1806199048252274,0.21686329724521367,0.253167011327782,0.2895190002990895,0.32591007002650957
1700000000030000000,10030000000,7,6,6,0,0,,,,0,rest,hold,200.0,dev-0123456789abcdef0123456789abcdef,synthetic-1-rest,29,protocol,synthetic-demo-contract-v1,True,0.08361197651899385,0.11976991603944803,0.15603853204160026,0.19240256431654137,0.22884551246586549,0.2653530061120094,0.3019133175310888,0.3385170804192742
1700000000035000000,10035000000,8,7,7,0,0,,,,0,rest,hold,200.0,dev-0123456789abcdef0123456789abcdef,synthetic-1-rest,29,protocol,synthetic-demo-contract-v1,True,0.09405500444125502,0.13045673698036572,0.1669392880843022,0.20350549356004116,0.2401470719279766,0.27685342237619276,0.3136144971012657,0.35042160153302393
1700000000040000000,10040000000,9,8,8,0,0,,,,0,rest,hold,200.0,dev-0123456789abcdef0123456789abcdef,synthetic-1-rest,29,protocol,synthetic-demo-contract-v1,True,0.1036745616302583,0.1403554506614472,0.17706886833889604,0.21384311834740583,0.25068231438699523,0.2875820720941503,0.3245355086083404,0.3615355328220836
1700000000045000000,10045000000,10,9,9,0,0,,,,0,rest,hold,200.0,dev-0123456789abcdef0123456789abcdef,synthetic-1-rest,29,protocol,synthetic-demo-contract-v1,True,0.11238983717930927,0.14938596357437442,0.18634783376520353,0.22333622929714045,0.26037183868170743,0.2974590203685811,0.3345956218942655,0.3717771523646205
1700000000050000000,10050000000,11,10,10,0,0,,,,0,rest,hold,200.0,dev-0123456789abcdef0123456789abcdef,synthetic-1-rest,29,protocol,synthetic-demo-contract-v1,True,0.12012966372383996,0.15747624497767754,0.1947040866184242,0.23191264028020658,0.2691431508845732,0.30641123061209397,0.3437210558416169,0.3810717726999247
1700000000055000000,10055000000,12,11,11,0,0,,,,0,rest,hold,200.0,dev-0123456789abcdef0123456789abcdef,synthetic-1-rest,29,protocol,synthetic-demo-contract-v1,True,0.12683322040699713,0.16456298353603657,0.20207349046736353,0.23950778768670256,0.2769312544943088,0.3143731532388608,0.3518455703453414,0.38935233910750444
1700000000060000000,10060000000,13,12,12,0,0,,,,0,rest,hold,200.0,dev-0123456789abcdef0123456789abcdef,synthetic-1-rest,29,protocol,synthetic-demo-contract-v1,True,0.13245060222813435,0.17059215589906507,0.20840041934014605,0.24606526547967358,0.2836791788060843,0.3212872530550571,0.358910996630036,0.39655996544542227
1700000000065000000,10065000000,14,13,13,0,0,,,,0,rest,hold,200.0,dev-0123456789abcdef0123456789abcdef,synthetic-1-rest,29,protocol,synthetic-demo-contract-v1,True,0.13694324955888187,0.17551950169703162,0.21363823113213282,0.2515372915258849,0.28933844110517487,0.3271044710394097,0.36486770158991144,0.40264440317835987
1700000000070000000,10070000000,15,14,14,0,0,,,,0,rest,hold,200.0,dev-0123456789abcdef0123456789abcdef,synthetic-1-rest,29,protocol,synthetic-demo-contract-v1,True,0.14028423378035046,0.17931090046863535,0.2177496611046394,0.2558851012753853,0.2938694388763186,0.3317846167436429,0.3696749823699863,0.407564439774789
1700000000075000000,10075000000,16,15,15,0,0,,,,0,rest,hold,200.0,dev-0123456789abcdef0123456789abcdef,synthetic-1-rest,29,protocol,synthetic-demo-contract-v1,True,0.14245839720766024,0.18194264711954733,0.22070713203471076,0.25907926547697635,0.2972417687988891,0.3352966881119771,0.37330138797940987,0.41128822323285397
1700000000080000000,10080000000,17,16,16,0,0,,,,0,rest,hold,200.0,dev-0123456789abcdef0123456789abcdef,synthetic-1-rest,29,protocol,synthetic-demo-contract-v1,True,0.14346234768522767,0.18340162362674065,0.222492978338715,0.26109992926004444,0.2994344699025058,0.33761911611440815,0.3757249653264223,0.41379351010133175
1700000000085000000,10085000000,18,17,17,0,0,,,,0,rest,hold,200.0,dev-0123456789abcdef0123456789abcdef,synthetic-1-rest,29,protocol,synthetic-demo-contract-v1,True,0.14330431041912342,0.1836853658390934,0.22309958227866036,0.26193697057913645,0.30043618888389717,0.33873993220539417,0.37693342768440186,0.4150678349903593
1700000000090000000,10090000000,19,18,18,0,0,,,,0,rest,hold,200.0,dev-0123456789abcdef0123456789abcdef,synthetic-1-rest,29,protocol,synthetic-demo-contract-v1,True,0.14200384172328104,0.18280202536563567,0.22252942116249513,0.2615900767005021,0.3002452662285202,0.33865685725272443,0.37692424423463705,0.4151086002113145
1700000000095000000,10095000000,20,19,19,0,0,,,,0,rest,hold,200.0,dev-0123456789abcdef0123456789abcdef,synthetic-1-rest,29,protocol,synthetic-demo-contract-v1,True,0.13959141135798037,0.18077022767541137,0.22079502526063896,0.2600687381037713,0.2988697424343231,0.33737731122554443,0.3757046499786525,0.41392308484101026
1700000000100000000,10100000000,21,20,20,0,0,,,,0,rest,hold,200.0,dev-0123456789abcdef0123456789abcdef,synthetic-1-rest,29,protocol,synthetic-demo-contract-v1,True,0.13610786199777394,0.17761882864373568,0.2179188469729924,0.2573921598710845,0.29632728429471666,0.33491834358047684,0.37329157596580576,0.41152837316681196
1700000000105000000,10105000000,22,21,21,0,0,,,,0,rest,hold,200.0,dev-0123456789abcdef0123456789abcdef,synthetic-1-rest,29,protocol,synthetic-demo-contract-v1,True,0.13160375605075125,0.1733865728555073,0.21393304258604348,0.25358909133440277,0.2926450318578358,0.33130648493516107,0.3697115004350875,0.40795120313096983
1700000000110000000,10110000000,23,22,22,0,0,,,,0,rest,hold,200.0,dev-0123456789abcdef0123456789abcdef,synthetic-1-rest,29,protocol,synthetic-demo-contract-v1,True,0.126138621534185,0.16812165800459933,0.2088791687508915,0.24869757544344634,0.28785936733409456,0.32657752126399986,0.3650002221182311,0.403227736048933
1700000000115000000,10115000000,24,23,23,0,0,,,,0,rest,hold,200.0,dev-0123456789abcdef0123456789abcdef,synthetic-1-rest,29,protocol,synthetic-demo-contract-v1,True,0.11978010996965194,0.16188121069731606,0.20280779658264825,0.2427646199958726,0.28201560786843394,0.3207761924861555,0.3592025575890496,0.39740324952227046
1700000000120000000,10120000000,25,24,24,0,0,,,,0,rest,hold,200.0,dev-0123456789abcdef0123456789abcdef,synthetic-1-rest,29,protocol,synthetic-demo-contract-v1,True,0.11260308027463707,0.15473067986644476,0.19577804702259075,0.2358457935321306,0.27516762472222994,0.3139558179356489,0.352371965166127,0.39053175609676327
1700000000125000000,10125000000,26,25,25,0,0,,,,0,rest,hold,200.0,dev-0123456789abcdef0123456789abcdef,synthetic-1-rest,29,protocol,synthetic-demo-contract-v1,True,0.10468862338317668,0.14674315482052294,0.18785705180975792,0.22800474933430465,0.26737739201736493,0.3061778518027133,0.34457009847748554,0.38267555082506144
1700000000130000000,10130000000,27,26,26,0,0,,,,0,rest,hold,200.0,dev-0123456789abcdef0123456789abcdef,synthetic-1-rest,29,protocol,synthetic-demo-contract-v1,True,0.09612304281609163,0.13799861568167673,0.1791193450719036,0.21931268157577677,0.2587144687764645,0.297511372209406,0.3358662933716954,0.3739046914760191
1700000000135000000,10135000000,28,27,27,0,0,,,,0,rest,hold,200.0,dev-0123456789abcdef0123456789abcdef,synthetic-1-rest,29,protocol,synthetic-demo-contract-v1,True,0.08699680663780054,0.12858312459707996,0.1696461911607501,0.20984771824154097,0.24925541854394098,0.2880325081261843,0.3263369924053603,0.3642964156846362
1700000000140000000,10140000000,29,28,28,0,0,,,,0,rest,hold,200.0,dev-0123456789abcdef0123456789abcdef,synthetic-1-rest,29,protocol,synthetic-demo-contract-v1,True,0.07740348618279867,0.11858796663737871,0.15952485491774174,0.19969425597262785,0.23908317138774882,0.27782380884524593,0.3160651116475236,0.3539344998529135
1700000000145000000,10145000000,30,29,29,0,0,,,,0,rest,hold,200.0,dev-0123456789abcdef0123456789abcdef,synthetic-1-rest,29,protocol,synthetic-demo-contract-v1,True,0.06743869661698924,0.10810874971533817,0.14884782105889627,0.188942242477826,0.22828633355735378,0.2669735611967365,0.30513935501310724,0.3429085650886207
1700000000150000000,10150000000,31,30,30,0,0,,,,0,rest,hold,200.0,dev-0123456789abcdef0123456789abcdef,synthetic-1-rest,29,protocol,synthetic-demo-contract-v1,True,0.05719905382848846,0.09724447316596276,0.13771196980642128,0.17768641259756468,0.21695845050545093,0.2555750601215854,0.29365348176615236,0.3313133359020781
1700000000155000000,10155000000,32,31,31,0,0,,,,0,rest,hold,200.0,dev-0123456789abcdef0123456789abcdef,synthetic-1-rest,29,protocol,synthetic-demo-contract-v1,True,0.04678116133531554,0.0860965748233411,0.126217716266634,0.16602548449472057,0.20519722936584917,0.24372583859624136,0.2817055332158627,0.3192478577669913
1700000000160000000,10160000000,33,32,32,0,0,,,,0,rest,hold,200.0,dev-0123456789abcdef0123456789abcdef,synthetic-1-rest,29,protocol,synthetic-demo-contract-v1,True,0.03628063987388332,0.07476796650888343,0.1144681213551965,0.154061322781929,0.19310372731450323,0.23152686323680505,0.26939702496112616,0.30681467998700557
1700000000165000000,10165000000,34,33,33,0,0,,,,0,rest,hold,200.0,dev-0123456789abcdef0123456789abcdef,synthetic-1-rest,29,protocol,synthetic-demo-contract-v1,True,0.025791211116672857,0.06336206781131794,0.10256798229923139,0.14189807567189935,0.18078151252214755,0.21908170219028925,0.2568321113195868,0.29411901059219453
1700000000170000000,10170000000,35,34,34,0,0,,,,0,rest,hold,200.0,dev-0123456789abcdef0123456789abcdef,synthetic-1-rest,29,protocol,synthetic-demo-contract-v1,True,0.01540384558752764,0.0519818478931095,0.09062291089971099,0.12964129345392678,0.16833580463305778,0.20649567214667344,0.2441167288031622,0.2812678502168606
1700000000175000000,10175000000,36,35,35,0,0,,,,0,rest,hold,200.0,dev-0123456789abcdef0123456789abcdef,synthetic-1-rest,29,protocol,synthetic-demo-contract-v1,True,0.005205983329030621,0.04072888480454394,0.07873840781551766,0.11739703575444047,0.15587260187325225,0.19387497147521526,0.23135772567130963,0.26836911207994246
1700000000180000000,10180000000,37,36,36,0,0,,,,0,rest,hold,200.0,dev-0123456789abcdef0123456789abcdef,synthetic-1-rest,29,protocol,synthetic-demo-contract-v1,True,-0.004719165739020988,0.02970245143060042,0.06701894113239774,0.10527097513075416,0.14349780200156856,0.18132580660075265,0.21866198470495685,0.2555307353006117
1700000000185000000,10185000000,38,37,37,0,0,,,,0,rest,hold,200.0,dev-0123456789abcdef0123456789abcdef,synthetic-1-rest,29,protocol,synthetic-demo-contract-v1,True,-0.014293236513949897,0.018998636743146113,0.0555670374060374,0.09336750457443871,0.1313163243675911,0.16895351878956252,0.2061355463969296,0.24285979883339479
1700000000190000000,10190000000,39,38,38,0,0,,,,0,rest,hold,200.0,dev-0123456789abcdef0123456789abcdef,synthetic-1-rest,29,protocol,synthetic-demo-contract-v1,True,-0.023443234916870847,0.00870951048929703,0.044482393219760004,0.08178885646372366,0.11943124033095037,0.1568617185092992,0.19388273974850218,0.23046164329896188
1700000000195000000,10195000000,40,39,39,0,0,,,,0,rest,hold,200.0,dev-0123456789abcdef0123456789abcdef,synthetic-1-rest,29,protocol,synthetic-demo-contract-v1,True,-0.03210197378472692,-0.0010776611756298082,0.03386101507567319,0.0706342404034073,0.10794291922714341,0.14515143446367837,0.18200532779644435,0.21843900791867218
1700000000200000000,10200000000,41,40,40,0,0,,,,0,rest,hold,200.0,dev-0123456789abcdef0123456789abcdef,synthetic-1-rest,29,protocol,synthetic-demo-contract-v1,True,-0.040208418297925784,-0.010281142296047206,0.023794395145944787,0.05999900722680169,0.09694819693630698,0.13392028428042294,0.17060167487117842,0.20689118963361813
1700000000205000000,10205000000,42,41,41,0,0,,,,0,rest,hold,200.0,dev-0123456789abcdef0123456789abcdef,synthetic-1-rest,29,protocol,synthetic-demo-contract-v1,True,-0.04770794240190947,-0.01882538990577394,0.014368730051393937,0.0499738462086975,0.08653957392437697,0.12326167365157044,0.1597659424054377,0.19591323130334487
1700000000210000000,10210000000,43,42,42,0,0,,,,0,rest,hold,200.0,dev-0123456789abcdef0123456789abcdef,synthetic-1-rest,29,protocol,synthetic-demo-contract-v1,True,-0.0545524991891624,-0.026641647746618376,0.00566418941148893,0.04064402225315301,0.0768044493823343,0.11326403049003404,0.14958731987562926,0.18559514563717025
1700000000215000000,10215000000,44,43,43,0,0,,,,0,rest,hold,200.0,dev-0123456789abcdef0123456789abcdef,synthetic-1-rest,29,protocol,synthetic-demo-contract-v1,True,-0.06070070958820767,-0.03366846650923183,-0.0022457595725256796,0.032088659477557235,0.06782439779077928,0.10401008037725527,0.1401492971669212,0.17602118121411023
1700000000220000000,10220000000,45,44,44,0,0,,,,0,rest,hold,200.0,dev-0123456789abcdef0123456789abcdef,synthetic-1-rest,29,protocol,synthetic-demo-contract-v1,True,-0.06611787493302802,-0.03985214706440657,-0.009294965776434287,0.02438007721783133,0.059674493886361764,0.09557616923627218,0.13152898431030174,0.167269136598281
1700000000225000000,10225000000,46,45,45,0,0,,,,0,rest,hold,200.0,dev-0123456789abcdef0123456789abcdef,synthetic-1-rest,29,protocol,synthetic-demo-contract-v1,True,-0.0707759200386987,-0.04514710404501511,-0.015425140914703516,0.01758318403222757,0.05242269160651953,0.08803163877535644,0.1237964841483332,0.1594097281581968
1700000000230000000,10230000000,47,46,46,0,0,,,,0,rest,hold,200.0,dev-0123456789abcdef0123456789abcdef,synthetic-1-rest,29,protocol,synthetic-demo-contract-v1,True,-0.07465327426952051,-0.04951614803666469,-0.02058633489505926,0.011754934786789732,0.046129262142843276,0.08143825981275234,0.11701432304927487,0.1525060167538992
1700000000235000000,10235000000,48,47,47,0,0,,,,0,rest,hold,200.0,dev-0123456789abcdef0123456789abcdef,synthetic-1-rest,29,protocol,synthetic-demo-contract-v1,True,-0.07773469874164629,-0.052930685527710825,-0.024737335922383093,0.006943855368396335,0.0408462957448853,0.07584972811656335,0.11123694431028976,0.14661289796902544
1700000000240000000,10240000000,49,48,48,0,0,,,,0,rest,hold,200.0,dev-0123456789abcdef0123456789abcdef,synthetic-1-rest,29,protocol,synthetic-demo-contract-v1,True,-0.080011068244778,-0.05537083664573664,-0.027845992205368236,0.003189638996004109,0.036617271389386565,0.0713112268793931,0.10651026837352644,0.14177666003975972
1700000000245000000,10245000000,50,49,49,0,0,,,,0,rest,hold,200.0,dev-0123456789abcdef0123456789abcdef,synthetic-1-rest,29,protocol,synthetic-demo-contract-v1,True,-0.08147911669336061,-0.056825471557643635,-0.029889452840451542,0.0005228174921670485,0.033476697869072786,0.06785905939919942,0.10287132342824384,0.13803461307345935
1700000000250000000,10250000000,51,50,50,0,0,,,,0,rest,hold,200.0,dev-0123456789abcdef0123456789abcdef,synthetic-1-rest,29,protocol,synthetic-demo-contract-v1,True,-0.08214115492798126,-0.057292167224431735,-0.03085432618579211,-0.0010354897596829612,0.031449829264991395,0.0655203549604646,0.10034794939236506,0.13541479256122257
1700000000255000000,10255000000,52,51,51,0,0,,,,0,rest,hold,200.0,dev-0123456789abcdef0123456789abcdef,synthetic-1-rest,29,protocol,synthetic-demo-contract-v1,True,-0.08200476948823875,-0.05677708697063619,-0.030736754786530766,-0.0014737471059146998,0.030552457151703676,0.06431285030797738,0.0989585776626772,0.13393573957561808
1700000000260000000,10260000000,53,52,52,0,0,,,,0,rest,hold,200.0,dev-0123456789abcdef0123456789abcdef,synthetic-1-rest,29,protocol,synthetic-demo-contract-v1,True,-0.08108251057955261,-0.05529478604415512,-0.02954240666423338,-0.0007900927712608235,0.030790781250587585,0.06424474848420708,0.09871208839932241,0.13360635941229462
1700000000265000000,10265000000,54,53,53,0,0,,,,0,rest,hold,200.0,dev-0123456789abcdef0123456789abcdef,synthetic-1-rest,29,protocol,synthetic-demo-contract-v1,True,-0.0793915768728553,-0.05286794699771525,-0.027286383531319253,0.0010076528373611747,0.032161359598283916,0.06531465616554072,0.0996077464723815,0.13442585978744925
1700000000270000000,10270000000,55,54,54,0,0,,,,0,rest,hold,200.0,dev-0123456789abcdef0123456789abcdef,synthetic-1-rest,29,protocol,synthetic-demo-contract-v1,True,-0.07695350402639119,-0.04952704931238753,-0.023993047228529168,0.003902060681554043,0.034651138640281735,0.06751159998777057,0.10163521655148652,0.13638376904748073
1700000000275000000,10275000000,56,55,55,0,0,,,,0,rest,hold,200.0,dev-0123456789abcdef0123456789abcdef,synthetic-1-rest,29,protocol,synthetic-demo-contract-v1,True,-0.07379386292493342,-0.045309978201363905,-0.01969576640337354,0.007866247814106997,0.038237562999221646,0.07081512170246745,0.1047746571688412,0.13946003418801084
1700000000280000000,10280000000,57,56,56,0,0,,,,0,rest,hold,200.0,dev-0123456789abcdef0123456789abcdef,synthetic-1-rest,29,protocol,synthetic-demo-contract-v1,True,-0.06994197261860013,-0.04026157797476689,-0.014436586143535544,0.012864111905080296,0.04288876400914572,0.07519545135858254,0.10899689293712558,0.14362519782224084
1700000000285000000,10285000000,58,57,57,0,0,,,,0,rest,hold,200.0,dev-0123456789abcdef0123456789abcdef,synthetic-1-rest,29,protocol,synthetic-demo-contract-v1,True,-0.06543063183848512,-0.03443315571086654,-0.00826582394517729,0.018850643528977022,0.04856382545608177,0.08061375706310442,0.11426366346185582,0.1488406525887494
1700000000290000000,10290000000,59,58,58,0,0,,,,0,rest,hold,200.0,dev-0123456789abcdef0123456789abcdef,synthetic-1-rest,29,protocol,synthetic-demo-contract-v1,True,-0.060295871798682614,-0.02788194126417117,-0.001241596026148276,0.02577231351478175,0.05521312432739269,0.08702246924612335,0.12052794685813761,0.15505897085168138
1700000000295000000,10295000000,60,59,59,0,0,,,,0,rest,hold,200.0,dev-0123456789abcdef0123456789abcdef,synthetic-1-rest,29,protocol,synthetic-demo-contract-v1,True,-0.05457673179429478,-0.020670509846047187,0.006570721417242008,0.03356753202820541,0.0627787437525157,0.09436567674437703,0.12773435516956996,0.16222430692707518
1700000000300000000,10300000000,61,60,60,0,0,,,,0,rest,hold,200.0,dev-0123456789abcdef0123456789abcdef,synthetic-1-rest,29,protocol,synthetic-demo-contract-v1,True,-0.04831505790344659,-0.012866173539541639,0.015099090868977092,0.04216717545182957,0.07119495472118362,0.1025795914282953,0.1358195983973556,0.1702728684729267
1700000000305000000,10305000000,62,61,61,0,0,,,,0,rest,hold,200.0,dev-0123456789abcdef0123456789abcdef,synthetic-1-rest,29,protocol,synthetic-demo-contract-v1,True,-0.041555323928768526,-0.004540348158752159,0.024265466435400486,0.051495176559087266,0.08038876259688457,0.11159307753555461,0.14471301328529745,0.17913345311240045
1700000000310000000,10310000000,63,62,62,0,0,,,,0,rest,hold,200.0,dev-0123456789abcdef0123456789abcdef,synthetic-1-rest,29,protocol,synthetic-demo-contract-v1,True,-0.03434447259993462,0.004232098162743647,0.03398649500204463,0.061469172946951166,0.09028051390787521,0.12132824134381308,0.15433715247592802,0.1887280458240463
1700000000315000000,10315000000,64,63,63,0,0,,,,0,rest,hold,200.0,dev-0123456789abcdef0123456789abcdef,synthetic-1-rest,29,protocol,synthetic-demo-contract-v1,True,-0.02673177403181727,0.013373508366423792,0.04417425915874131,0.07200120820429107,0.10078455839993625,0.13170107632096992,0.16460842915888374,0.19897247213437314
1700000000320000000,10320000000,65,64,64,0,0,,,,0,rest,hold,200.0,dev-0123456789abcdef0123456789abcdef,synthetic-1-rest,29,protocol,synthetic-demo-contract-v1,True,-0.018768697518646373,0.02280410572092343,0.05473705512988315,0.08299847985220381,0.11180996087835998,0.14262215843703233,0.17543781187884502,0.20977710169075903
1700000000325000000,10325000000,66,65,65,0,0,,,,0,rest,hold,200.0,dev-0123456789abcdef0123456789abcdef,synthetic-1-rest,29,protocol,synthetic-demo-contract-v1,True,-0.01050879196650928,0.03244266302949588,0.06558019869360077,0.09436412770290041,0.12326125695516567,0.15399738591120368,0.18673156376064823,0.22104759638021118
1700000000330000000,10330000000,67,66,66,0,0,,,,0,rest,hold,200.0,dev-0123456789abcdef0123456789abcdef,synthetic-1-rest,29,protocol,synthetic-demo-contract-v1,True,-0.0020075696446450655,0.0422071661683462,0.07660685188570068,0.10599805594820623,0.13503924645464302,0.1657287573044882,0.1983920200468789,0.23268569679530382
1700000000335000000,10335000000,68,67,67,0,0,,,,0,rest,hold,200.0,dev-0123456789abcdef0123456789abcdef,synthetic-1-rest,29,protocol,synthetic-demo-contract-v1,True,0.006677612513374339,0.05201546665697305,0.08771886316249045,0.1177977820101753,0.14704181791902524,0.17771518155491298,0.21031839753135037,0.2445900405357122
1700000000340000000,10340000000,69,68,68,0,0,,,,0,rest,hold,200.0,dev-0123456789abcdef0123456789abcdef,synthetic-1-rest,29,protocol,synthetic-demo-contract-v1,True,0.015487680092010167,0.06178591832813686,0.09881761364148788,0.12965930496703937,0.1591647973989665,0.1898533132919615,0.22240762921290194,0.2566570055746881
1700000000345000000,10345000000,70,69,69,0,0,,,,0,rest,hold,200.0,dev-0123456789abcdef0123456789abcdef,synthetic-1-rest,29,protocol,synthetic-demo-contract-v1,True,0.024361982964802475,0.0714379935650782,0.10980486205023135,0.14147798620949645,0.17130281451266158,0.2020384065611156,0.23455521729002618,0.2687815717167044
1700000000350000000,10350000000,71,70,70,0,0,,,,0,rest,hold,200.0,dev-0123456789abcdef0123456789abcdef,synthetic-1-rest,29,protocol,synthetic-demo-contract-v1,True,0.03323845763461551,0.08089287499963886,0.12058358109012343,0.15314943488646032,0.183350178614563,0.21416517994019713,0.24665609746961775,0.280858193026992
1700000000355000000,10355000000,72,71,71,0,0,,,,0,rest,hold,200.0,dev-0123456789abcdef0123456789abcdef,synthetic-1-rest,29,protocol,synthetic-demo-contract-v1,True,0.04205381580378703,0.09007401900945443,0.1310587780630024,0.16457039066658377,0.19520175783089844,0.2261286859376925,0.2586055074738078,0.2927816740269806
1700000000360000000,10360000000,73,72,72,0,0,,,,0,rest,hold,200.0,dev-0123456789abcdef0123456789abcdef,synthetic-1-rest,29,protocol,synthetic-demo-contract-v1,True,0.05074376432555863,0.09890768780794047,0.1411382928109158,0.17563959637233265,0.20675385369526547,0.23782517753017002,0.2702998525981305,0.3044480424224308
1700000000365000000,10365000000,74,73,73,0,0,,,,0,rest,hold,200.0,dev-0123456789abcdef0123456789abcdef,synthetic-1-rest,29,protocol,synthetic-demo-contract-v1,True,0.05924326099948984,0.10732344738014564,0.15073356628179355,0.18625865313678752,0.21790506415367294,0.24915296472152018,0.2816375612023783,0.3157554111635126
1700000000370000000,10370000000,75,74,74,0,0,,,,0,rest,hold,200.0,dev-0123456789abcdef0123456789abcdef,synthetic-1-rest,29,protocol,synthetic-demo-contract-v1,True,0.06748680981997456,0.11525462897377926,0.15976037335229476,0.19633285088882169,0.22855712780422252,0.26001325409083365,0.2925199231022011,0.326604822727962
1700000000375000000,10375000000,76,75,75,0,0,,,,0,rest,hold,200.0,dev-0123456789abcdef0123456789abcdef,synthetic-1-rest,29,protocol,synthetic-demo-contract-v1,True,0.0754087982868817,0.12263875230134075,0.16813951391045567,0.20577196718843493,0.23861574239136896,0.2703109644375695,0.30285190397403144,0.3369010686689353
1700000000380000000,10380000000,77,76,76,0,0,,,,0,rest,hold,200.0,dev-0123456789abcdef0123456789abcdef,synthetic-1-rest,29,protocol,synthetic-demo-contract-v1,True,0.08294387826273665,0.12941790904033398,0.17579745662089835,0.21449102770892314,0.24799135078711299,0.27995551183108625,0.31254292908708453,0.3465534776770491
1700000000385000000,10385000000,78,77,77,0,0,,,,0,rest,hold,200.0,dev-0123456789abcdef0123456789abcdef,synthetic-1-rest,29,protocol,synthetic-demo-contract-v1,True,0.09002739063685337,0.13553910562867108,0.18266693025985628,0.22241102199380747,0.2565998879597844,0.2888615576249474,0.3215076299322824,0.3554766656695696
1700000000390000000,10390000000,79,78,78,0,0,,,,0,rest,hold,200.0,dev-0123456789abcdef0123456789abcdef,synthetic-1-rest,29,protocol,synthetic-demo-contract-v1,True,0.09659583276114271,0.14095456473689458,0.18868745801139714,0.22945956850116175,0.26436348275307087,0.2969497133025923,0.3296665476268741,0.36359124173663726
1700000000395000000,10395000000,80,79,79,0,0,,,,0,rest,hold,200.0,dev-0123456789abcdef0123456789abcdef,synthetic-1-rest,29,protocol,synthetic-demo-contract-v1,True,0.10258736628467915,0.14562198515383687,0.1938058306549228,0.23557152338283044,0.2712111086709683,0.3041471963774282,0.3369467873326874,0.3708244641421199
1700000000400000000,10400000000,81,80,80,0,0,,,,0,rest,hold,200.0,dev-0123456789abcdef0123456789abcdef,synthetic-1-rest,29,protocol,synthetic-demo-contract-v1,True,0.10794236166560986,0.14950476014464548,0.19797651514202688,0.24068952792726273,0.2770791782852964,0.3103884319742308,0.34328261833237916,0.3771108409921468
1700000000405000000,10405000000,82,81,81,0,0,,,,0,rest,hold,200.0,dev-0123456789abcdef0123456789abcdef,synthetic-1-rest,29,protocol,synthetic-demo-contract-v1,True,0.11260397431144173,0.1525721546273932,0.2011619956526059,0.2447644901181675,0.28191207634786153,0.31561559516657944,0.3486160148583793,0.38239267064412374
1700000000410000000,10410000000,83,82,82,0,0,,,,0,rest,hold,200.0,dev-0123456789abcdef0123456789abcdef,synthetic-1-rest,29,protocol,synthetic-demo-contract-v1,True,0.11651874602398472,0.15479944176526472,0.2033330448301548,0.24775599632241835,0.28566262719541113,0.3197790896332254,0.3528971332597217,0.3866205174292651
1700000000415000000,10415000000,84,83,83,0,0,,,,0,rest,hold,200.0,dev-0123456789abcdef0123456789abcdef,synthetic-1-rest,29,protocol,synthetic-demo-contract-v1,True,0.11963722423443576,0.15616799978487886,0.20446892351873688,0.2496326497148056,0.28829249257803546,0.3228379587207632,0.3560847216185619,0.38975361879825254
1700000000420000000,10420000000,85,84,84,0,0,,,,0,rest,hold,200.0,dev-0123456789abcdef0123456789abcdef,synthetic-1-rest,29,protocol,synthetic-demo-contract-v1,True,0.1219145904370902,0.15666537000780523,0.20455750795349678,0.25037233266925946,0.2897724966161477,0.32476022555641926,0.3581464584865401,0.39176022056809684
1700000000425000000,10425000000,86,85,85,0,0,,,,0,rest,hold,200.0,dev-0123456789abcdef0123456789abcdef,synthetic-1-rest,29,protocol,synthetic-demo-contract-v1,True,0.123311288294813,0.15628527722267663,0.20359534398710402,0.24996239099075201,0.2900828751928738,0.3255231594386197,0.35905921799665563,0.3926178375439374
1700000000430000000,10430000000,87,86,86,0,0,,,,0,rest,hold,200.0,dev-0123456789abcdef0123456789abcdef,synthetic-1-rest,29,protocol,synthetic-demo-contract-v1,True,0.12379364112091311,0.15502761363112993,0.2015876285605736,0.2483997385237284,0.28921344771263247,0.32511346633942273,0.3588092592141157,0.39231343740742797
1700000000435000000,10435000000,88,87,87,0,0,,,,0,rest,hold,200.0,dev-0123456789abcdef0123456789abcdef,synthetic-1-rest,29,protocol,synthetic-demo-contract-v1,True,0.12333444786250826,0.15289838767445765,0.19854811924305749,0.2456908813460006,0.28716370979774053,0.3235274019769301,0.35739233821471617,0.39084354639842206
1700000000440000000,10440000000,89,88,88,0,0,,,,0,rest,hold,200.0,dev-0123456789abcdef0123456789abcdef,synthetic-1-rest,29,protocol,synthetic-demo-contract-v1,True,0.12191354633821377,0.1499096390922543,0.19449897326614554,0.24185186143583806,0.2839428461477338,0.3207708065522676,0.354813742016523,0.38821427596362784
1700000000445000000,10445000000,90,89,89,0,0,,,,0,rest,hold,200.0,dev-0123456789abcdef0123456789abcdef,synthetic-1-rest,29,protocol,synthetic-demo-contract-v1,True,0.11951833233231883,0.14607932158295764,0.1894705180589198,0.23690812037876088,0.27956966344536605,0.3168590608894332,0.3510882441347029,0.38444127019940744
1700000000450000000,10450000000,91,90,90,0,0,,,,0,rest,hold,200.0,dev-0123456789abcdef0123456789abcdef,synthetic-1-rest,29,protocol,synthetic-demo-contract-v1,True,0.11614422322834644,0.14143115443293064,0.1835009558456872,0.23089428435353607,0.2740724438534897,0.3118169643619412,0.34623998217499075,0.37954957457054384
1700000000455000000,10455000000,92,91,91,0,0,,,,0,rest,hold,200.0,dev-0123456789abcdef0123456789abcdef,synthetic-1-rest,29,protocol,synthetic-demo-contract-v1,True,0.11179505518214236,0.1359944444598424,0.17663600539450705,0.22385387229841017,0.2674887203027792,0.30567853563244207,0.3403022585231452,0.3735734270371824
1700000000460000000,10460000000,93,92,92,0,0,,,,0,rest,hold,200.0,dev-0123456789abcdef0123456789abcdef,synthetic-1-rest,29,protocol,synthetic-demo-contract-v1,True,0.10648340338865757,0.12980387958210338,0.16892848449721845,0.2158389298031115,0.2598649754161183,0.29848673786509416,0.3333172658205631,0.3665559733629016
1700000000465000000,10465000000,94,93,93,0,0,,,,0,rest,hold,200.0,dev-0123456789abcdef0123456789abcdef,synthetic-1-rest,29,protocol,synthetic-demo-contract-v1,True,0.10023081578268282,0.12289929528360055,0.1604378372169013,0.2069095918941835,0.2512562665460956,0.2902931306901834,0.3253357395347563,0.358548909002681
1700000000470000000,10470000000,95,94,94,0,0,,,,0,rest,hold,200.0,dev-0123456789abcdef0123456789abcdef,synthetic-1-rest,29,protocol,synthetic-demo-contract-v1,True,0.09306795152241717,0.11532541519666609,0.15122961035325888,0.1971335784755659,0.24172578001224174,0.2811574518012691,0.316416540532584,0.3496120505752613
1700000000475000000,10475000000,96,95,95,0,0,,,,0,rest,hold,200.0,dev-0123456789abcdef0123456789abcdef,synthetic-1-rest,29,protocol,synthetic-demo-contract-v1,True,0.08503461682156123,0.10713156698065904,0.14137488394734868,0.1865856267480143,0.2313443182093404,0.2711471316420037,0.3066261711390088,0.3398128405050086
1700000000480000000,10480000000,97,96,96,0,0,,,,0,rest,hold,200.0,dev-0123456789abcdef0123456789abcdef,synthetic-1-rest,29,protocol,synthetic-demo-contract-v1,True,0.0761796921018358,0.09837137463320503,0.13094966097197974,0.17534686545528247,0.22018972381254898,0.26033674518804906,0.2960382287100171,0.32922578896914245
1700000000485000000,10485000000,98,97,97,0,0,,,,0,rest,hold,200.0,dev-0123456789abcdef0123456789abcdef,synthetic-1-rest,29,protocol,synthetic-demo-contract-v1,True,0.06656094601040898,0.08910242834013002,0.12003422163089443,0.16350413628757554,0.20834624582456163,0.24880740534463333,0.2847328012606862,0.31793185780248984
1700000000490000000,10490000000,99,98,98,0,0,,,,0,rest,hold,200.0,dev-0123456789abcdef0123456789abcdef,synthetic-1-rest,29,protocol,synthetic-demo-contract-v1,True,0.056244733558968654,0.07938593295225917,0.10871244791705373,0.15114926820965216,0.19590385269038807,0.23664610295810248,0.272795810164022,0.3060177914895614
1700000000495000000,10495000000,100,99,99,0,0,,,,0,rest,hold,200.0,dev-0123456789abcdef0123456789abcdef,synthetic-1-rest,29,protocol,synthetic-demo-contract-v1,True,0.045305577463073704,0.0692863361758102,0.09707112425683766,0.13837831086845684,0.18295749814249296,0.22394499887633418,0.26031830536919537,0.2935754008087393
1700000000500000000,10500000000,101,100,100,0,0,,,,0,rest,hold,200.0,dev-0123456789abcdef0123456789abcdef,synthetic-1-rest,29,protocol,synthetic-demo-contract-v1,True,0.03382563365932996,0.058870937580924355,0.08519922019219059,0.12529073357014933,0.16960634582948134,0.2108006738845966,0.24739571897566207,0.28070080508218354
1700000000505000000,10505000000,102,101,101,0,0,,,,0,rest,hold,200.0,dev-0123456789abcdef0123456789abcdef,synthetic-1-rest,29,protocol,synthetic-demo-contract-v1,True,0.021894043919107375,0.04820947957209337,0.07318716112650062,0.11198859659609546,0.15595295912195006,0.19731334268707462,0.23412708333914067,0.2674936393244444
1700000000510000000,10510000000,103,102,102,0,0,,,,0,rest,hold,200.0,dev-0123456789abcdef0123456789abcdef,synthetic-1-rest,29,protocol,synthetic-demo-contract-v1,True,0.009606180424890944,0.03737372152643542,0.06112609318265519,0.09857570184956058,0.14210246277678956,0.1835860383971028,0.22061422017380744,0.25405623286998935
1700000000515000000,10515000000,104,103,103,0,0,,,,0,rest,hold,200.0,dev-0123456789abcdef0123456789abcdef,synthetic-1-rest,29,protocol,synthetic-demo-contract-v1,True,-0.0029372109078454767,0.026436998391759933,0.049107148193982396,0.08515672998771215,0.12816168337370562,0.16972377423871532,0.20696090734996422,0.24049276629250327
1700000000520000000,10520000000,105,104,104,0,0,,,,0,rest,hold,200.0,dev-0123456789abcdef0123456789abcdef,synthetic-1-rest,29,protocol,synthetic-demo-contract-v1,True,-0.01563095973083745,0.015473765146263477,0.03722071477184585,0.07183637129582333,0.11423827561312272,0.15583268934649325,0.19327203026593787,0.22690841360501313
1700000000525000000,10525000000,106,105,105,0,0,,,,0,rest,hold,200.0,dev-0123456789abcdef0123456789abcdef,synthetic-1-rest,29,protocol,synthetic-demo-contract-v1,True,-0.02836650280655203,0.004559128654920121,0.025555721269104745,0.05871845760155088,0.10043984168150598,0.14201918567840333,0.1796527247956451,0.21340847684820266
1700000000530000000,10530000000,107,106,106,0,0,,,,0,rest,hold,200.0,dev-0123456789abcdef0123456789abcdef,synthetic-1-rest,29,protocol,synthetic-demo-contract-v1,True,-0.0410329858075753,-0.0062316313872291485,0.01419893628838314,0.04590510250656228,0.0868730509474832,0.1283890631262895,0.16620751887807786,0.20009752023371308
1700000000535000000,10535000000,108,107,107,0,0,,,,0,rest,hold,200.0,dev-0123456789abcdef0123456789abcdef,synthetic-1-rest,29,protocol,synthetic-demo-contract-v1,True,-0.05351842194549571,-0.016823550559644185,0.003234292170463654,0.03349585713095443,0.0736427672495492,0.11504665992041328,0.1530394798214789,0.18707851100935766
1700000000540000000,10540000000,109,108,108,0,0,,,,0,rest,hold,200.0,dev-0123456789abcdef0123456789abcdef,synthetic-1-rest,29,protocol,synthetic-demo-contract-v1,True,-0.06571089276323598,-0.02714247481135773,-0.007257763356314234,0.021586888423589256,0.060851190973548346,0.10209400537779983,0.1402493743430991,0.17445197415396674
1700000000545000000,10545000000,110,109,109,0,0,,,,0,rest,hold,200.0,dev-0123456789abcdef0123456789abcdef,synthetic-1-rest,29,protocol,synthetic-demo-contract-v1,True,-0.077499775410214,-0.037115560283376536,-0.017200882477054223,0.010270186890048112,0.04859702299613952,0.08962999193960601,0.1279348482556778,0.16231516789159656
1700000000550000000,10550000000,111,110,110,0,0,,,,0,rest,hold,200.0,dev-0123456789abcdef0123456789abcdef,synthetic-1-rest,29,protocol,synthetic-demo-contract-v1,True,-0.08877697995225546,-0.046671775379768785,-0.026523394980140766,-0.0003671896688672155,0.036974657389993545,0.07774957328109987,0.11618963254503488,0.15076128683901158
1700000000555000000,10555000000,112,111,111,0,0,,,,0,rest,hold,200.0,dev-0123456789abcdef0123456789abcdef,synthetic-1-rest,29,protocol,synthetic-demo-contract-v1,True,-0.09943817976529976,-0.05574240238815516,-0.03515884413271798,-0.010243830128929664,0.026073409549110672,0.0665429950605476,0.10510278236087615,0.13987869936822028
1700000000560000000,10560000000,113,112,112,0,0,,,,0,rest,hold,200.0,dev-0123456789abcdef0123456789abcdef,synthetic-1-rest,29,protocol,synthetic-demo-contract-v1,True,-0.10938401783639229,-0.06426153572953647,-0.04304647692480874,-0.019284635811485415,0.01597678610027326,0.056095064602088164,0.09475795516689331,0.1297502254792874
1700000000565000000,10565000000,114,113,113,0,0,,,,0,rest,hold,200.0,dev-0123456789abcdef0123456789abcdef,synthetic-1-rest,29,protocol,synthetic-demo-contract-v1,True,-0.11852127185482009,-0.07216657370174069,-0.050131685275358995,-0.027421432551684603,0.0067618026217337686,0.04648446548484377,0.08523273396884479,0.12045246114009893
1700000000570000000,10570000000,115,114,114,0,0,,,,0,rest,hold,200.0,dev-0123456789abcdef0123456789abcdef,synthetic-1-rest,29,protocol,synthetic-demo-contract-v1,True,-0.12676396132289625,-0.07939870037586182,-0.056366395224094194,-0.03459352402857713,-0.0015016452044041197,0.03778312263871058,0.07659800116322754,0.11205515466200643
1700000000575000000,10575000000,116,115,115,0,0,,,,0,rest,hold,200.0,dev-0123456789abcdef0123456789abcdef,synthetic-1-rest,29,protocol,synthetic-demo-contract-v1,True,-0.13403438054683975,-0.0859033541166162,-0.061709401580115196,-0.04074818182181716,-0.008751351820759016,0.030055623129579837,0.06891736812752836,0.10462064024655007
1700000000580000000,10580000000,117,116,116,0,0,,,,0,rest,hold,200.0,dev-0123456789abcdef0123456789abcdef,synthetic-1-rest,29,protocol,synthetic-demo-contract-v1,True,-0.14026404227509356,-0.09163067903130144,-0.06612664595771035,-0.04584106819899381,-0.014933308702753001,0.02335869735663166,0.06224666520940133,0.0982033333623828
1700000000585000000,10585000000,118,117,117,0,0,,,,0,rest,hold,200.0,dev-0123456789abcdef0123456789abcdef,synthetic-1-rest,29,protocol,synthetic-demo-contract-v1,True,-0.14539451792081343,-0.09653595551372948,-0.06959143659804279,-0.04983658820945926,-0.020002143767496913,0.01774076488558886,0.05663349627026944,0.09284929209700439
1700000000590000000,10590000000,119,118,118,0,0,,,,0,rest,hold,200.0,dev-0123456789abcdef0123456789abcdef,synthetic-1-rest,29,protocol,synthetic-demo-contract-v1,True,-0.14937816171865242,-0.10058000594458276,-0.0720846088482748,-0.05270816826002923,-0.02392148966200476,0.013241548608574107,0.0521168614029931,0.08859584807927649
1700000000595000000,10595000000,120,119,119,0,0,,,,0,rest,hold,200.0,dev-0123456789abcdef0123456789abcdef,synthetic-1-rest,29,protocol,synthetic-demo-contract-v1,True,-0.15217870780032441,-0.10372957154333562,-0.0735946256435348,-0.05443845897001382,-0.02666427789640487,0.009891760357846233,0.04872685087780034,0.08547130999043852
1700000000600000000,10600000000,121,120,120,0,0,,,,0,rest,hold,200.0,dev-0123456789abcdef0123456789abcdef,synthetic-1-rest,29,protocol,synthetic-demo-contract-v1,True,-0.15377173100145497,-0.10595765634394784,-0.07411761780817577,-0.05501946074237795,-0.028212956399999142,0.007712860511878113,0.046484412780338304,0.0834947420783136
1700000000605000000,10605000000,122,121,121,0,0,,,,0,rest,hold,200.0,dev-0123456789abcdef0123456789abcdef,synthetic-1-rest,29,protocol,synthetic-demo-contract-v1,True,-0.15414496420298127,-0.10724383429125657,-0.07365736445744812,-0.05445257113903289,-0.02855962871020988,0.006716893522811299,0.04540119619535727,0.08267581946654615
1700000000610000000,10610000000,123,122,122,0,0,,,,0,rest,hold,200.0,dev-0123456789abcdef0123456789abcdef,synthetic-1-rest,29,protocol,synthetic-demo-contract-v1,True,-0.15329846712975026,-0.10757451553099229,-0.07222521423555339,-0.05274855380579706,-0.027706113651410156,0.0069064006693218185,0.045479471164243106,0.08301476141324354
1700000000615000000,10615000000,124,123,123,0,0,,,,0,rest,hold,200.0,dev-0123456789abcdef0123456789abcdef,synthetic-1-rest,29,protocol,synthetic-demo-contract-v1,True,-0.15124464374045135,-0.10694316809657602,-0.06983994856780734,-0.04992742935089634,-0.025663925017027883,0.008274410703493329,0.046712126009529537,0.08450234302655991
1700000000620000000,10620000000,125,124,124,0,0,,,,0,rest,hold,200.0,dev-0123456789abcdef0123456789abcdef,synthetic-1-rest,29,protocol,synthetic-demo-contract-v1,True,-0.14800810760826644,-0.10535049138245095,-0.06652758853023519,-0.04601828923445001,-0.02245417142871567,0.010804508419662837,0.049082741979919395,0.08711998529393773
1700000000625000000,10625000000,126,125,125,0,0,,,,0,rest,hold,200.0,dev-0123456789abcdef0123456789abcdef,synthetic-1-rest,29,protocol,synthetic-demo-contract-v1,True,-0.14362539697124865,-0.10280453803796935,-0.062321147346499045,-0.041059034369727625,-0.018107377205342425,0.014470980532642138,0.0525657445304888,0.09083992263228871
1700000000630000000,10630000000,127,126,126,0,0,,,,0,rest,hold,200.0,dev-0123456789abcdef0123456789abcdef,synthetic-1-rest,29,protocol,synthetic-demo-contract-v1,True,-0.1381445433857369,-0.09932078121815903,-0.05726033090697243,-0.03509604076466028,-0.01266322572663684,0.019239037617510654,0.05712662991994483,0.09562544652374393
1700000000635000000,10635000000,128,127,127,0,0,,,,0,rest,hold,200.0,dev-0123456789abcdef0123456789abcdef,synthetic-1-rest,29,protocol,synthetic-demo-contract-v1,True,-0.13162450010584306,-0.0949221244874803,-0.051391189065655,-0.028183755138919186,-0.006170227416125903,0.02506511023853087,0.06272226518525681,0.10143122317103453
1700000000640000000,10640000000,129,128,128,0,0,,,,0,rest,hold,200.0,dev-0123456789abcdef0123456789abcdef,synthetic-1-rest,29,protocol,synthetic-demo-contract-v1,True,-0.12413443839911657,-0.08963885208838789,-0.044765720805303,-0.020384224032757803,0.0013146849097376203,0.031897216785809764,0.06930125894883964,0.10820368249332352
1700000000645000000,10645000000,130,129,129,0,0,,,,0,rest,hold,200.0,dev-0123456789abcdef0123456789abcdef,synthetic-1-rest,29,protocol,synthetic-demo-contract-v1,True,-0.11575292195676413,-0.08350851775561863,-0.0374414366677764,-0.011766560473947443,0.009726629979794805,0.039675399950104925,0.07680439992970618,0.1158814751924452
1700000000650000000,10650000000,131,130,130,0,0,,,,0,rest,hold,200.0,dev-0123456789abcdef0123456789abcdef,synthetic-1-rest,29,protocol,synthetic-demo-contract-v1,True,-0.10656697133268626,-0.07657577077610123,-0.029480882123532236,-0.0024063527839425078,0.018993317375368562,0.048332228203503566,0.08516515947246422,0.12439599405593936
1700000000655000000,10655000000,132,131,131,0,0,,,,0,rest,hold,200.0,dev-0123456789abcdef0123456789abcdef,synthetic-1-rest,29,protocol,synthetic-demo-contract-v1,True,-0.09667103191877342,-0.06889211855878309,-0.02095112580009663,0.007614979420330244,0.029035647748477295,0.05779335812118478,0.09431025388127966,0.13367195513162505
1700000000660000000,10660000000,133,132,132,0,0,,,,0,rest,hold,200.0,dev-0123456789abcdef0123456789abcdef,synthetic-1-rest,29,protocol,synthetic-demo-contract-v1,True,-0.08616586030780704,-0.060515625583080934,-0.011923216703109274,0.018210876540883023,0.03976836899040669,0.06797815288150426,0.10416026185433568,0.14362803391317375
1700000000665000000,10665000000,134,133,133,0,0,,,,0,rest,hold,200.0,dev-0123456789abcdef0123456789abcdef,synthetic-1-rest,29,protocol,synthetic-demo-contract-v1,True,-0.07515734498771517,-0.05151054923286723,-0.0024716147443584434,0.029290371756295498,0.05110078292820118,0.07880035182227162,0.11463029186189856,0.1541775512212769
1700000000670000000,10670000000,135,134,134,0,0,,,,0,rest,hold,200.0,dev-0123456789abcdef0123456789abcdef,synthetic-1-rest,29,protocol,synthetic-demo-contract-v1,True,-0.06375527813425165,-0.04194691368784361,0.007326400961487664,0.040758859014893366,0.06293749670967104,0.0901687855141173,0.12563069390161352,0.1652292030543503
1700000000675000000,10675000000,136,135,135,0,0,,,,0,rest,hold,200.0,dev-0123456789abcdef0123456789abcdef,synthetic-1-rest,29,protocol,synthetic-demo-contract-v1,True,-0.05207209581090316,-0.03190002372810774,0.017391341456287672,0.052518889773916444,0.07517921266876061,0.10198813044065508,0.13706780970143337,0.17668782831964638
1700000000680000000,10680000000,137,136,136,0,0,,,,0,rest,hold,200.0,dev-0123456789abcdef0123456789abcdef,synthetic-1-rest,29,protocol,synthetic-demo-contract-v1,True,-0.04022160413767412,-0.021449921002338865,0.02764213029926259,0.06447099176826346,0.08772355014565149,0.11415969705278545,0.14884475512662695,0.18845520804316596
1700000000685000000,10685000000,138,137,137,0,0,,,,0,rest,hold,200.0,dev-0123456789abcdef0123456789abcdef,synthetic-1-rest,29,protocol,synthetic-demo-contract-v1,True,-0.028317708952421864,-0.010680786006464863,0.03799673422877506,0.07651450292237169,0.1004658924724089,0.12658224469359564,0.16086222828520452,0.20043088939746356
1700000000690000000,10690000000,139,138,138,0,0,,,,0,rest,hold,200.0,dev-0123456789abcdef0123456789abcdef,synthetic-1-rest,29,protocol,synthetic-demo-contract-v1,True,-0.016473166163081105,0.000319710291252457,0.048372797412150635,0.08854841340683907,0.11330025212746547,0.13915281667306714,0.173019336617944,0.2125130276824334
1700000000695000000,10695000000,140,139,139,0,0,,,,0,rest,hold,200.0,dev-0123456789abcdef0123456789abcdef,synthetic-1-rest,29,protocol,synthetic-demo-contract-v1,True,-0.0047983693851094515,0.011461100570557945,0.058688274591041284,0.10047220878836732,0.12612014691253526,0.15176758861001222,0.18521443610675276,0.2245992392471732
1700000000700000000,10700000000,141,140,140,0,0,,,,0,rest,hold,200.0,dev-0123456789abcdef0123456789abcdef,synthetic-1-rest,29,protocol,synthetic-demo-contract-v1,True,0.006599809410340864,0.022650855770959634,0.06886205848221695,0.11218670722774315,0.13881947991484317,0.16432272305358178,0.19734597563952938,0.2365874582522072
1700000000705000000,10705000000,142,141,141,0,0,,,,0,rest,hold,200.0,dev-0123456789abcdef0123456789abcdef,synthetic-1-rest,29,protocol,synthetic-demo-contract-v1,True,0.017619111627121303,0.03379515433097342,0.07881459687713395,0.12359488374573713,0.1512934159866472,0.17671522334920756,0.20931333953182757,0.24837679014148942
1700000000710000000,10710000000,143,142,142,0,0,,,,0,rest,hold,200.0,dev-0123456789abcdef0123456789abcdef,synthetic-1-rest,29,protocol,synthetic-demo-contract-v1,True,0.028162902881570997,0.044799679626235836,0.08846849499698127,0.1346026747002326,0.16343924750311875,0.18884377972427513,0.22101768122568904,0.2598683547228857
1700000000715000000,10715000000,144,143,143,0,0,,,,0,rest,hold,200.0,dev-0123456789abcdef0123456789abcdef,synthetic-1-rest,29,protocol,synthetic-demo-contract-v1,True,0.03814109120935856,0.05557043866746809,0.09774909880192481,0.14511975579847777,0.17515724224854995,0.2006096006371096,0.2323627412638803,0.27096611184405645
1700000000720000000,10720000000,145,144,144,0,0,,,,0,rest,hold,200.0,dev-0123456789abcdef0123456789abcdef,synthetic-1-rest,29,protocol,synthetic-demo-contract-v1,True,0.04747094260487067,0.06601459467167106,0.10658505512247836,0.15506028720436293,0.18635146642877976,0.21191722255834816,0.24325564277269915,0.28157766279702967
1700000000725000000,10725000000,146,145,145,0,0,,,,0,rest,hold,200.0,dev-0123456789abcdef0123456789abcdef,synthetic-1-rest,29,protocol,synthetic-demo-contract-v1,True,0.05607778568986386,0.07604130574311774,0.11490884467584347,0.16434361958999827,0.19693057601351202,0.22267529153546875,0.2536076578774351,0.2916150207881078
1700000000730000000,10730000000,147,146,146,0,0,,,,0,rest,hold,200.0,dev-0123456789abcdef0123456789abcdef,synthetic-1-rest,29,protocol,synthetic-demo-contract-v1,True,0.06389559923927313,0.08556256160185097,0.12265728424898163,0.17289495532099505,0.20680856987408472,0.23279731012756696,0.26333493871981145,0.30099534406834233
1700000000735000000,10735000000,148,147,147,0,0,,,,0,rest,hold,200.0,dev-0123456789abcdef0123456789abcdef,synthetic-1-rest,29,protocol,synthetic-demo-contract-v1,True,0.07086747828429207,0.09449401008286824,0.12977199457139735,0.18064595935278072,0.2159054984981105,0.2422023435864867,0.27235920704428357,0.3096416256315278
1700000000740000000,10740000000,149,148,148,0,0,,,,0,rest,hold,200.0,dev-0123456789abcdef0123456789abcdef,synthetic-1-rest,29,protocol,synthetic-demo-contract-v1,True,0.07694597652877659,0.10275576500435175,0.13619983066229688,0.18753531484763264,0.224148122429634,0.2508156794996994,0.2806083966674338,0.3174833337489076
1700000000745000000,10745000000,150,149,149,0,0,,,,0,rest,hold,200.0,dev-0123456789abcdef0123456789abcdef,synthetic-1-rest,29,protocol,synthetic-demo-contract-v1,True,0.08209332481737118,0.11027318697246415,0.1418932717170266,0.1935092189951281,0.23147051499897833,0.25856943549705524,0.28801724353895686,0.32445699801952244
1700000000750000000,10750000000,151,150,150,0,0,,,,0,rest,hold,200.0,dev-0123456789abcdef0123456789abcdef,synthetic-1-rest,29,protocol,synthetic-demo-contract-v1,True,0.08628152734603634,0.11697762875655424,0.1468107678945863,0.19852181502835986,0.2378146043668977,0.2654031100545227,0.29452781854063403,0.3305067360690112
1700000000755000000,10755000000,152,151,151,0,0,,,,0,rest,hold,200.0,dev-0123456789abcdef0123456789abcdef,synthetic-1-rest,29,protocol,synthetic-demo-contract-v1,True,0.0894923391727903,0.12280713703397159,0.15091704167952014,0.2025355569701413,0.2431306504091585,0.27126407189968216,0.30008999864756125,0.3355847165238669
1700000000760000000,10760000000,153,152,152,0,0,,,,0,rest,hold,200.0,dev-0123456789abcdef0123456789abcdef,synthetic-1-rest,29,protocol,synthetic-demo-contract-v1,True,0.09171713033562119,0.12770710256873796,0.15418334181563326,0.2055215042129444,0.24737765250614735,0.27610798403217013,0.30466187258977995,0.33965155441861505
1700000000765000000,10765000000,154,153,153,0,0,,,,0,rest,hold,200.0,dev-0123456789abcdef0123456789abcdef,synthetic-1-rest,29,protocol,synthetic-demo-contract-v1,True,0.09295664348554196,0.13163085125233534,0.15658764814368484,0.2074595436286075,0.2505236848730578,0.2798991589132546,0.30821007769807546,0.3426766357556742
1700000000770000000,10770000000,155,154,154,0,0,,,,0,rest,hold,200.0,dev-0123456789abcdef0123456789abcdef,synthetic-1-rest,29,protocol,synthetic-demo-contract-v1,True,0.0932206533689225,0.13454016889583598,0.15811482601843901,0.20833853751392056,0.25254615666495794,0.28261084194780256,0.31071006519052935,0.34463836852713914
1700000000775000000,10775000000,156,155,155,0,0,,,,0,rest,hold,200.0,dev-0123456789abcdef0123456789abcdef,synthetic-1-rest,29,protocol,synthetic-demo-contract-v1,True,0.09252753772160258,0.13640575321712295,0.1587567293301298,0.20815639630087804,0.2534319947126191,0.2842254209743598,0.3121462917516774,0.34552435811949184
1700000000780000000,10780000000,157,156,156,0,0,,,,0,rest,hold,200.0,dev-0123456789abcdef0123456789abcdef,synthetic-1-rest,29,protocol,synthetic-demo-contract-v1,True,0.09090377014924014,0.13720758711035558,0.15851225150946616,0.20692007559045447,0.2531777473842745,0.2847345600900269,0.31251233586890637,0.3453315056512356
1700000000785000000,10785000000,158,157,157,0,0,,,,0,rest,hold,200.0,dev-0123456789abcdef0123456789abcdef,synthetic-1-rest,29,protocol,synthetic-demo-contract-v1,True,0.08838334634979927,0.13693522801114655,0.1573873242517097,0.2046454977009073,0.2517896087201812,0.2841392567612187,0.3118109380159184,0.34406602843442974
1700000000790000000,10790000000,159,158,158,0,0,,,,0,rest,hold,200.0,dev-0123456789abcdef0123456789abcdef,synthetic-1-rest,29,protocol,synthetic-demo-contract-v1,True,0.08500715557579964,0.13558800897295592,0.15539486405206387,0.20135739855056248,0.24928336264561027,0.28244982180410744,0.31005396440554,0.3417434023987754
1700000000795000000,10795000000,160,159,159,0,0,,,,0,rest,hold,200.0,dev-0123456789abcdef0123456789abcdef,synthetic-1-rest,29,protocol,synthetic-demo-contract-v1,True,0.08082230953164041,0.13317514793964902,0.1525546669996038,0.19708910131553897,0.245684247728237,0.2796857824543368,0.3072622946685875,0.3383882269658886
1700000000800000000,10800000000,161,160,160,0,0,,,,0,rest,hold,200.0,dev-0123456789abcdef0123456789abcdef,synthetic-1-rest,29,protocol,synthetic-demo-contract-v1,True,0.07588144095567342,0.12971576262664875,0.1488932526282606,0.1918822189097644,0.2410267436023976,0.2758757093792282,0.30346563444668706,0.3340340135063157
1700000000805000000,10805000000,162,161,161,0,0,,,,0,rest,hold,200.0,dev-0123456789abcdef0123456789abcdef,synthetic-1-rest,29,protocol,synthetic-demo-contract-v1,True,0.07024198395334094,0.12523878939832922,0.14444365796898528,0.1857862879228845,0.23535428082989587,0.2710569691119489,0.2987022545096361,0.3287228991473496
1700000000810000000,10810000000,163,162,162,0,0,,,,0,rest,hold,200.0,dev-0123456789abcdef0123456789abcdef,synthetic-1-rest,29,protocol,synthetic-demo-contract-v1,True,0.06396544773697456,0.11978280554116101,0.13924518328524454,0.1788583372164281,0.22871887659964102,0.26527540400083194,0.29301865861694876,0.32250528832052855
1700000000815000000,10815000000,164,163,163,0,0,,,,0,rest,hold,200.0,dev-0123456789abcdef0123456789abcdef,synthetic-1-rest,29,protocol,synthetic-demo-contract-v1,True,0.05711669480459725,0.11339575536883649,0.13334309130253844,0.17116239491518825,0.22118069928114303,0.2585849423631579,0.2864691829335846,0.3154394250386808
1700000000820000000,10820000000,165,164,164,0,0,,,,0,rest,hold,200.0,dev-0123456789abcdef0123456789abcdef,synthetic-1-rest,29,protocol,synthetic-demo-contract-v1,True,0.049763233773257365,0.10613458164491525,0.12678826205986216,0.16276893803484913,0.212807565434738,0.25104714210635076,0.2791155303766599,0.30759089946855733
1700000000825000000,10825000000,166,165,165,0,0,,,,0,rest,hold,200.0,dev-0123456789abcdef0123456789abcdef,synthetic-1-rest,29,protocol,synthetic-demo-contract-v1,True,0.04197453609467293,0.09806476485776457,0.11963680581513915,0.1537542894542738,0.2036743734394889,0.24273067162595666,0.2710262438084662,0.2990320929116651
1700000000830000000,10830000000,167,166,166,0,0,,,,0,rest,hold,200.0,dev-0123456789abcdef0123456789abcdef,synthetic-1-rest,29,protocol,synthetic-demo-contract-v1,True,0.03382138474812468,0.08925977391892419,0.11194963672592227,0.14419996736782448,0.1938624784234204,0.2337107323045095,0.2622761224969459,0.28984156581836984
1700000000835000000,10835000000,168,167,167,0,0,,,,0,rest,hold,200.0,dev-0123456789abcdef0123456789abcdef,synthetic-1-rest,29,protocol,synthetic-demo-contract-v1,True,0.0253752617559992,0.07980043286661817,0.10379201029938323,0.1341919927361177,0.18345901366574768,0.2240684274141789,0.25294558673369694,0.28010339393440326
1700000000840000000,10840000000,169,168,168,0,0,,,,0,rest,hold,200.0,dev-0123456789abcdef0123456789abcdef,synthetic-1-rest,29,protocol,synthetic-demo-contract-v1,True,0.016707780031576025,0.06977420912829388,0.09523302786019174,0.12382016058970041,0.17255616408307028,0.21389008266504625,0.24311999592773617,0.2699064581106754
1700000000845000000,10845000000,170,169,169,0,0,,,,0,rest,hold,200.0,dev-0123456789abcdef0123456789abcdef,synthetic-1-rest,29,protocol,synthetic-demo-contract-v1,True,0.007890163678279197,0.059274429817409456,0.08634511151976726,0.1131772813265756,0.16125039780745054,0.20326652403634946,0.2328889258771103,0.259343693693163
1700000000850000000,10850000000,171,170,170,0,0,,,,0,rest,hold,200.0,dev-0123456789abcdef0123456789abcdef,synthetic-1-rest,29,protocol,synthetic-demo-contract-v1,True,-0.0010072205529760639,0.048399433398331575,0.07720345334408175,0.10235839837906671,0.14964166221061243,0.1922923188768298,0.22234541125682264,0.24851130574641403
1700000000855000000,10855000000,172,171,171,0,0,,,,0,rest,hold,200.0,dev-0123456789abcdef0123456789abcdef,synthetic-1-rest,29,protocol,synthetic-demo-contract-v1,True,-0.00991527934419605,0.03725166483796139,0.06788544260833837,0.09145998880640929,0.13783255102234188,0.18106498655958714,0.21158515964769534,0.23750795664909974
1700000000860000000,10860000000,173,172,172,0,0,,,,0,rest,hold,200.0,dev-0123456789abcdef0123456789abcdef,synthetic-1-rest,29,protocol,synthetic-demo-contract-v1,True,-0.018766556485201282,0.025936723063142198,0.0584700751940994,0.08057915349530624,0.12592744943007708,0.16968418522411022,0.20070574366432414,0.22643393283066784
1700000000865000000,10865000000,174,173,173,0,0,,,,0,rest,hold,200.0,dev-0123456789abcdef0123456789abcdef,synthetic-1-rest,29,protocol,synthetic-demo-contract-v1,True,-0.027495545488782455,0.014562370149635347,0.04903734932662604,0.06981280372064055,0.1140316642287244,0.1582508813314408,0.18980577791932338,0.21539029759261363
1700000000870000000,10870000000,175,174,174,0,0,,,,0,rest,hold,200.0,dev-0123456789abcdef0123456789abcdef,synthetic-1-rest,29,protocol,synthetic-demo-contract-v1,True,-0.03603895368111326,0.003237512173102752,0.0396676519661648,0.05925685083213996,0.10225054621336235,0.1468665088961325,0.17898408768409169,0.20447803707470885
1700000000875000000,10875000000,176,175,175,0,0,,,,0,rest,hold,200.0,dev-0123456789abcdef0123456789abcdef,synthetic-1-rest,29,protocol,synthetic-demo-contract-v1,True,-0.0443359213662643,-0.007928837951953135,0.030441140255727722,0.049005405790135376,0.09068861207174037,0.13563212533972535,0.16833887617240537,0.19379720648477627
1700000000880000000,10880000000,177,176,176,0,0,,,,0,rest,hold,200.0,dev-0123456789abcdef0123456789abcdef,synthetic-1-rest,29,protocol,synthetic-demo-contract-v1,True,-0.052328200579901014,-0.018828605038803688,0.021437122488638122,0.03914999517511913,0.07944867303774972,0.12464757093418058,0.15796689738167471,0.18344608370973242
1700000000885000000,10885000000,178,177,177,0,0,,,,0,rest,hold,200.0,dev-0123456789abcdef0123456789abcdef,synthetic-1-rest,29,protocol,synthetic-demo-contract-v1,True,-0.059960298697150964,-0.029355692832931057,0.012733443091057648,0.029778800142628844,0.06863097751136624,0.11401063876999651,0.14796264137769138,0.17352033736570044
1700000000890000000,10890000000,179,178,178,0,0,,,,0,rest,hold,200.0,dev-0123456789abcdef0123456789abcdef,synthetic-1-rest,29,protocol,synthetic-demo-contract-v1,True,-0.06717959272856507,-0.039407011047549824,0.004405876117215501,0.020975924588441046,0.05833237473533734,0.10381626209280845,0.138417538802511,0.16411221622645072
1700000000895000000,10895000000,180,179,179,0,0,,,,0,rest,hold,200.0,dev-0123456789abcdef0123456789abcdef,synthetic-1-rest,29,protocol,synthetic-demo-contract-v1,True,-0.07393642051564572,-0.048883477508017074,-0.0034724682722821823,0.012820698531087697,0.04864550644512277,0.09415572570499818,0.1294191912227168,0.15530976679329161
1700000000900000000,10900000000,181,180,180,0,0,,,,0,rest,hold,200.0,dev-0123456789abcdef0123456789abcdef,synthetic-1-rest,29,protocol,synthetic-demo-contract-v1,True,-0.08018415521774515,-0.05769098489088551,-0.010831719936230496,0.005387022411550112,0.03965803317766809,0.08511590792638535,0.12105063371799221,0.14719608553720231
1700000000905000000,10905000000,182,181,181,0,0,,,,0,rest,hold,200.0,dev-0123456789abcdef0123456789abcdef,synthetic-1-rest,29,protocol,synthetic-demo-contract-v1,True,-0.08587926946391203,-0.06574132187289852,-0.01760580315768661,-0.0012572423435998521,0.03145190163847147,0.07677855935220956,0.1133896358395873,0.13984861205745622
1700000000910000000,10910000000,183,182,182,0,0,,,,0,rest,hold,200.0,dev-0123456789abcdef0123456789abcdef,synthetic-1-rest,29,protocol,synthetic-demo-contract-v1,True,-0.0909813953298765,-0.0729530389531223,-0.02373296512103895,-0.007050831546335788,0.024102659187388104,0.06921962433940748,0.10650804674707534,0.13333846906252622
1700000000915000000,10915000000,184,183,183,0,0,,,,0,rest,hold,200.0,dev-0123456789abcdef0123456789abcdef,synthetic-1-rest,29,protocol,synthetic-demo-contract-v1,True,-0.09545338589960634,-0.0792522497727916,-0.029156274402571784,-0.011939580746236845,0.017678821114564397,0.0625086107962624,0.10047118996250674,0.12772985469155476
1700000000920000000,10920000000,185,184,184,0,0,,,,0,rest,hold,200.0,dev-0123456789abcdef0123456789abcdef,synthetic-1-rest,29,protocol,synthetic-demo-contract-v1,True,-0.09926138359495698,-0.08457335942608468,-0.033824085593632126,-0.015876867965263324,0.012241295941971332,0.056708013448773596,0.0953373127667053,0.1230794922612635
1700000000925000000,10925000000,186,185,185,0,0,,,,0,rest,hold,200.0,dev-0123456789abcdef0123456789abcdef,synthetic-1-rest,29,protocol,synthetic-demo-contract-v1,True,-0.10237489972206308,-0.08885971202326169,-0.03769046638234345,-0.018823993134327855,0.007842873506855051,0.05187279531293081,0.09115709480650494,0.11943614204750297
1700000000930000000,10930000000,187,186,186,0,0,,,,0,rest,hold,200.0,dev-0123456789abcdef0123456789abcdef,synthetic-1-rest,29,protocol,synthetic-demo-contract-v1,True,-0.10476690880921473,-0.09206415062650983,-0.04071558365489,-0.02075049123092988,0.004527780064956074,0.04804993161913692,0.08797321998794996,0.11684017919658961
1700000000935000000,10935000000,188,187,187,0,0,,,,0,rest,hold,200.0,dev-0123456789abcdef0123456789abcdef,synthetic-1-rest,29,protocol,synthetic-demo-contract-v1,True,-0.10641396032112922,-0.09414948361831532,-0.04286604543966673,-0.02163437667365468,0.0023313040978890885,0.04527801991733721,0.08582001520301798,0.11532324131344365
1700000000940000000,10940000000,189,188,188,0,0,,,,0,rest,hold,200.0,dev-0123456789abcdef0123456789abcdef,synthetic-1-rest,29,protocol,synthetic-demo-contract-v1,True,-0.10729630925464492,-0.09508885257112247,-0.04411519580584989,-0.021462317104567225,0.0012794959251649467,0.04358695954324805,0.08472315888063314,0.11490794869583301
1700000000945000000,10945000000,190,189,189,0,0,,,,0,rest,hold,200.0,dev-0123456789abcdef0123456789abcdef,synthetic-1-rest,29,protocol,synthetic-demo-contract-v1,True,-0.1073980659789057,-0.0948659977534101,-0.0444433601407377,-0.020229735279603898,0.0013889436118165524,0.04299770305199206,0.08469946177126142,0.11560769958154912
1700000000950000000,10950000000,191,190,190,0,0,,,,0,rest,hold,200.0,dev-0123456789abcdef0123456789abcdef,synthetic-1-rest,29,protocol,synthetic-demo-contract-v1,True,-0.1067073645086078,-0.0934754185183775,-0.04383803856590386,-0.01794083838507805,0.002666627032478103,0.04352208163016876,0.08575672177303566,0.11742654215306006
1700000000955000000,10955000000,192,191,191,0,0,,,,0,rest,hold,200.0,dev-0123456789abcdef0123456789abcdef,synthetic-1-rest,29,protocol,synthetic-demo-contract-v1,True,-0.10521654722222051,-0.09092242696384568,-0.042294045608927265,-0.014608574700369966,0.005109851307283083,0.04516270588586464,0.08789365399115481,0.1203591244072777
1700000000960000000,10960000000,193,192,192,0,0,,,,0,rest,hold,200.0,dev-0123456789abcdef0123456789abcdef,synthetic-1-rest,29,protocol,synthetic-demo-contract-v1,True,-0.10292236288887015,-0.08722309441204923,-0.0398135946231568,-0.010254518127783212,0.008706260169408116,0.04791294279336801,0.09109989659634489,0.12439072235179738
1700000000965000000,10965000000,194,193,193,0,0,,,,0,rest,hold,200.0,dev-0123456789abcdef0123456789abcdef,synthetic-1-rest,29,protocol,synthetic-demo-contract-v1,True,-0.099826173777894,-0.08240409142177481,-0.03640632584037179,-0.004908681705438298,0.013433929163919472,0.051756968940563274,0.09535609241766219,0.12949734633868465
1700000000970000000,10970000000,195,194,194,0,0,,,,0,rest,hold,200.0,dev-0123456789abcdef0123456789abcdef,synthetic-1-rest,29,protocol,synthetic-demo-contract-v1,True,-0.09593416662289433,-0.0765024231988497,-0.03208927734785921,0.0013907381969563348,0.01926153791822379,0.056669899597314645,0.10063404557509231,0.13564592469797718
1700000000975000000,10975000000,196,195,195,0,0,,,,0,rest,hold,200.0,dev-0123456789abcdef0123456789abcdef,synthetic-1-rest,29,protocol,synthetic-demo-contract-v1,True,-0.0912575613246128,-0.06956506340047779,-0.02688679869970889,0.008597684731375536,0.026148620071336844,0.06261799249782074,0.10689695183348416,0.14279456319092315
1700000000980000000,10980000000,197,196,196,0,0,,,,0,rest,hold,200.0,dev-0123456789abcdef0123456789abcdef,synthetic-1-rest,29,protocol,synthetic-demo-contract-v1,True,-0.08581281052887807,-0.06164849042090692,-0.020830407299243243,0.01665862765782785,0.03404588880774399,0.06955892461406792,0.11409970074651982,0.1508928781728995
1700000000985000000,10985000000,198,197,197,0,0,,,,0,rest,hold,200.0,dev-0123456789abcdef0123456789abcdef,synthetic-1-rest,29,protocol,synthetic-demo-contract-v1,True,-0.07962178262903788,-0.05281813128740451,-0.013958588122474124,0.02551301132479175,0.04289563531715176,0.07744213959623666,0.12218924706276683,0.15988240074319185
1700000000990000000,10990000000,199,198,198,0,0,,,,0,rest,hold,200.0,dev-0123456789abcdef0123456789abcdef,synthetic-1-rest,29,protocol,synthetic-demo-contract-v1,True,-0.07271192033502917,-0.04314771927425796,-0.00631653778825784,0.03509375971078026,0.05263219689905544,0.086209262974144,0.13110504829031017,0.1696970485684209
1700000000995000000,10995000000,200,199,199,0,0,,,,0,rest,hold,200.0,dev-0123456789abcdef0123456789abcdef,synthetic-1-rest,29,protocol,synthetic-demo-contract-v1,True,-0.06511636673799598,-0.03271857224702654,0.0020441455838316617,0.04532783423319892,0.0631824908557747,0.09579458165636223,0.14077956476682288,0.18026366150330475
1700000001000000000,11000000000,201,200,200,0,0,,,,0,rest,hold,200.0,dev-0123456789abcdef0123456789abcdef,synthetic-1-rest,29,protocol,synthetic-demo-contract-v1,True,-0.05687405079038428,-0.02161879956912566,0.011065824855229202,0.056136839606535774,0.07446660977415204,0.10612558373508747,0.15113881806272353,0.19150259660127125
1700000001005000000,11005000000,202,201,201,0,0,,,,0,rest,hold,200.0,dev-0123456789abcdef0123456789abcdef,synthetic-1-rest,29,protocol,synthetic-demo-contract-v1,True,-0.04802972432241423,-0.00994244612863093,0.020685236392455023,0.06743767264797368,0.0863984732890015,0.11712355410953171,0.16210300306063943,0.20332837761264946
1700000001010000000,11010000000,203,202,202,0,0,,,,0,rest,hold,200.0,dev-0123456789abcdef0123456789abcdef,synthetic-1-rest,29,protocol,synthetic-demo-contract-v1,True,-0.03863394312786113,0.002211417333130808,0.030833949922201266,0.07914320858775875,0.0988865309547925,0.12870422098262252,0.1735871486087275,0.21565039361383323
1700000001015000000,11015000000,204,203,203,0,0,,,,0,rest,hold,200.0,dev-0123456789abcdef0123456789abcdef,synthetic-1-rest,29,protocol,synthetic-demo-contract-v1,True,-0.028742985271523948,0.014739647894861119,0.041438872605896716,0.09116301914676024,0.11183451042980605,0.14077844786886756,0.18550182124219172,0.22837364100070856
1700000001020000000,11020000000,205,204,204,0,0,,,,0,rest,hold,200.0,dev-0123456789abcdef0123456789abcdef,synthetic-1-rest,29,protocol,synthetic-demo-contract-v1,True,-0.01841870058927472,0.0275360180336219,0.05242279383938247,0.10340411639694401,0.12514220480263646,0.15325296537883884,0.1977538661099584,0.2413995027172043
1700000001025000000,11025000000,206,205,205,0,0,,,,0,rest,hold,200.0,dev-0123456789abcdef0123456789abcdef,synthetic-1-rest,29,protocol,synthetic-demo-contract-v1,True,-0.007728286356332107,0.04049222672906295,0.06370496692117877,0.11577171622378041,0.13870629256746678,0.16603113672085176,0.21024717893483452,0.25462655827803427
1700000001030000000,11030000000,207,206,206,0,0,,,,0,rest,hold,200.0,dev-0123456789abcdef0123456789abcdef,synthetic-1-rest,29,protocol,synthetic-demo-contract-v1,True,0.0032560147268384278,0.053498923552597576,0.07520172339471008,0.12817001506442915,0.15242118348474618,0.17901375058576227,0.22288350257818765,0.2679514178861895
1700000001035000000,11035000000,208,207,207,0,0,,,,0,rest,hold,200.0,dev-0123456789abcdef0123456789abcdef,synthetic-1-rest,29,protocol,synthetic-demo-contract-v1,True,0.01445729675996538,0.0664467351601151,0.0868271155589346,0.14050297350286667,0.16617988334991543,0.19209983485857174,0.2355632415763263,0.2812695737426149
1700000001040000000,11040000000,209,208,208,0,0,,,,0,rest,hold,200.0,dev-0123456789abcdef0123456789abcdef,synthetic-1-rest,29,protocol,synthetic-demo-contract-v1,True,0.025794454164039658,0.07922728368702794,0.09849358236122953,0.15267510026360098,0.17987487053649143,0.20518748443258164,0.248186287867073,0.2944762614995289
1700000001045000000,11045000000,210,209,209,0,0,,,,0,rest,hold,200.0,dev-0123456789abcdef0123456789abcdef,synthetic-1-rest,29,protocol,synthetic-demo-contract-v1,True,0.037182726042375186,0.09173418674304866,0.11011263363895947,0.164592230159347,0.19339897708236523,0.21817469628947256,0.26065285083267703,0.3074673247211726
1700000001050000000,11050000000,211,210,210,0,0,,,,0,rest,hold,200.0,dev-0123456789abcdef0123456789abcdef,synthetic-1-rest,29,protocol,synthetic-demo-contract-v1,True,0.04853431932132334,0.10386402901743293,0.121595547464669,0.17616228961478142,0.20664626705044814,0.23096020495285188,0.2728642847500273,0.3201400751872172
1700000001055000000,11055000000,212,211,211,0,0,,,,0,rest,hold,200.0,dev-0123456789abcdef0123456789abcdef,synthetic-1-rest,29,protocol,synthetic-demo-contract-v1,True,0.059759106973104825,0.11551729592834468,0.13285407517671796,0.1872960435074844,0.21951290491707137,0.2434443114238922,0.2847239067613227,0.33239414190479466
1700000001060000000,11060000000,213,212,212,0,0,,,,0,rest,hold,200.0,dev-0123456789abcdef0123456789abcdef,synthetic-1-rest,29,protocol,synthetic-demo-contract-v1,True,0.07076539598720746,0.12659926027612187,0.14380114854471074,0.19790781723731732,0.23189800682368983,0.255529698765692,0.29613779855782113,0.3441323017849942
1700000001065000000,11065000000,214,213,213,0,0,,,,0,rest,hold,200.0,dev-0123456789abcdef0123456789abcdef,synthetic-1-rest,29,protocol,synthetic-demo-contract-v1,True,0.08146075815612536,0.1370208134818353,0.1543515834291521,0.20791618815516916,0.2437044676687299,0.26712222761737947,0.307015585105295,0.35526128508789406
1700000001070000000,11070000000,215,214,214,0,0,,,,0,rest,hold,200.0,dev-0123456789abcdef0123456789abcdef,synthetic-1-rest,29,protocol,synthetic-demo-contract-v1,True,0.09175291520998044,0.1466992337008609,0.16442277424903054,0.21724464074926994,0.2548397572156916,0.2781317050887689,0.31727118393125203,0.3656925489455772
1700000001075000000,11075000000,216,215,215,0,0,,,,0,rest,hold,200.0,dev-0123456789abcdef0123456789abcdef,synthetic-1-rest,29,protocol,synthetic-demo-contract-v1,True,0.10155066840607643,0.15555888388650152,0.17393537357081865,0.22582218029979798,0.26521667864926834,0.28847262071018664,0.3268235187392764,0.37534301253347513
1700000001080000000,11080000000,217,216,216,0,0,,,,0,rest,hold,200.0,dev-0123456789abcdef0123456789abcdef,synthetic-1-rest,29,protocol,synthetic-demo-contract-v1,True,0.11076486138538805,0.1635318337303344,0.18281395117857166,0.23358390006753585,0.2747540833211055,0.2980648433879667,0.3355971914129107,0.3841357477745825
1700000001085000000,11085000000,218,217,217,0,0,,,,0,rest,hold,200.0,dev-0123456789abcdef0123456789abcdef,synthetic-1-rest,29,protocol,synthetic-demo-contract-v1,True,0.11930936397799764,0.1705584003126776,0.19098762707801295,0.2404714974768477,0.2833775357883819,0.3068342736418274,0.34352310681792003,0.3920006198260712
1700000001090000000,11090000000,219,218,218,0,0,,,,0,rest,hold,200.0,dev-0123456789abcdef0123456789abcdef,synthetic-1-rest,29,protocol,synthetic-demo-contract-v1,True,0.12710206370026872,0.17658760324648215,0.19839067302783817,0.24643373518384748,0.2910199236586308,0.31471344577310506,0.35053904520462176,0.3988748720105419
1700000001095000000,11095000000,220,219,219,0,0,,,,0,rest,hold,200.0,dev-0123456789abcdef0123456789abcdef,synthetic-1-rest,29,protocol,synthetic-demo-contract-v1,True,0.13406585096149565,0.1815775310789247,0.20496307737876224,0.25142684338369675,0.29762200720978,0.3216420750296006,0.3565901774480266,0.404703650311243
1700000001100000000,11100000000,221,220,220,0,0,,,,0,rest,hold,200.0,dev-0123456789abcdef0123456789abcdef,synthetic-1-rest,29,protocol,synthetic-demo-contract-v1,True,0.1401295835063117,0.18549561671455553,0.21065106823437063,0.25541486020256415,0.30313290425147627,0.3275675452900586,0.36162951883913286,0.4094404630482425
1700000001105000000,11105000000,222,221,221,0,0,,,,0,rest,hold,200.0,dev-0123456789abcdef0123456789abcdef,synthetic-1-rest,29,protocol,synthetic-demo-contract-v1,True,0.14522901537643043,0.18831882062966293,0.21540759022658543,0.25836990753580574,0.3075105062283016,0.3324453332852975,0.36561831765195185,0.41304757188669133
1700000001110000000,11110000000,223,222,222,0,0,,,,0,rest,hold,200.0,dev-0123456789abcdef0123456789abcdef,synthetic-1-rest,29,protocol,synthetic-demo-contract-v1,True,0.1493076756917483,0.1900337216472416,0.2191927305209834,0.260272400230041,0.3107218221330356,0.3362393658996035,0.3685263752534232,0.4154963108945303
1700000001115000000,11115000000,224,223,223,0,0,,,,0,rest,hold,200.0,dev-0123456789abcdef0123456789abcdef,synthetic-1-rest,29,protocol,synthetic-demo-contract-v1,True,0.152317682831973,0.19063651602364537,0.22197409003142682,0.2611111870585824,0.31274324739402426,0.33892230765086145,0.3703322950928462,0.4167673309606275
1700000001120000000,11120000000,225,224,224,0,0,,,,0,rest,hold,200.0,dev-0123456789abcdef0123456789abcdef,synthetic-1-rest,29,protocol,synthetic-demo-contract-v1,True,0.15422048014612286,0.19013292655012728,0.22372709622712314,0.2608836225025196,0.313560755520023,0.34047577602638657,0.3710236584990391,0.41685076750045386
1700000001125000000,11125000000,226,225,225,0,0,,,,0,rest,hold,200.0,dev-0123456789abcdef0123456789abcdef,synthetic-1-rest,29,protocol,synthetic-demo-contract-v1,True,0.1549874801237089,0.1885380242841179,0.22443525435559863,0.25959556891903257,0.31317001092349295,0.34089048294877194,0.37059712582224785,0.41574633000994593
1700000001130000000,11130000000,227,226,226,0,0,,,,0,rest,hold,200.0,dev-0123456789abcdef0123456789abcdef,synthetic-1-rest,29,protocol,synthetic-demo-contract-v1,True,0.15460060501827017,0.18587596638611575,0.22409033437903572,0.25726132924953315,0.3115764019939869,0.3401663012573276,0.3690584620788111,0.41346331267392655
1700000001135000000,11135000000,228,227,227,0,0,,,,0,rest,hold,200.0,dev-0123456789abcdef0123456789abcdef,synthetic-1-rest,29,protocol,synthetic-demo-contract-v1,True,0.15305271320631303,0.18217965433915123,0.22269249142547845,0.253903510988317,0.30879499415156897,0.33831225571079493,0.36642248688457524,0.41002052588801774
1700000001140000000,11140000000,229,228,228,0,0,,,,0,rest,hold,200.0,dev-0123456789abcdef0123456789abcdef,synthetic-1-rest,29,protocol,synthetic-demo-contract-v1,True,0.1503479020730256,0.17749031756064376,0.22025031808673246,0.2495528226929235,0.30485040327075613,0.33534643864084973,0.3627129490928366,0.4054461492069972
1700000001145000000,11145000000,230,229,229,0,0,,,,0,rest,hold,200.0,dev-0123456789abcdef0123456789abcdef,synthetic-1-rest,29,protocol,synthetic-demo-contract-v1,True,0.14650167991643476,0.17185702807386116,0.21678082744722063,0.2442478048657809,0.29977659052278094,0.33129585100830067,0.3579623271789446,0.39977750688260677
1700000001150000000,11150000000,231,230,230,0,0,,,,0,rest,hold,200.0,dev-0123456789abcdef0123456789abcdef,synthetic-1-rest,29,protocol,synthetic-demo-contract-v1,True,0.141541001226025,0.1653361524820357,0.21230936629816136,0.23803449756851328,0.29361658033263266,0.3261961702297056,0.35221155703141444,0.3930607677945503
1700000001155000000,11155000000,232,231,231,0,0,,,,0,rest,hold,200.0,dev-0123456789abcdef0123456789abcdef,synthetic-1-rest,29,protocol,synthetic-demo-contract-v1,True,0.13550416168890583,0.1579907479776324,0.20686945857453298,0.23096604764122386,0.2864221037819771,0.32009144674627615,0.34550968941335203,0.38535057220451274
1700000001160000000,11160000000,233,232,232,0,0,,,,0,rest,hold,200.0,dev-0123456789abcdef0123456789abcdef,synthetic-1-rest,29,protocol,synthetic-demo-contract-v1,True,0.12844055137219063,0.14988990951869124,0.2005025796434633,0.22310225888501312,0.27825317040443903,0.31303373189443434,0.337913479943163,0.37670958836930923
1700000001165000000,11165000000,234,233,233,0,0,,,,0,rest,hold,200.0,dev-0123456789abcdef0123456789abcdef,synthetic-1-rest,29,protocol,synthetic-demo-contract-v1,True,0.12041026668794666,0.1411080756112696,0.19325786266689138,0.2145090890230911,0.26917757191079683,0.3050826402033917,0.32948691500505867,0.36720800263073
1700000001170000000,11170000000,235,234,234,0,0,,,,0,rest,hold,200.0,dev-0123456789abcdef0123456789abcdef,synthetic-1-rest,29,protocol,synthetic-demo-contract-v1,True,0.11148358392894753,0.1317243003507304,0.1851917388533599,0.20525809768041842,0.2592703219434632,0.29630484978494304,0.32030067753309127,0.35692294715144546
1700000001175000000,11175000000,236,235,235,0,0,,,,0,rest,hold,200.0,dev-0123456789abcdef0123456789abcdef,synthetic-1-rest,29,protocol,synthetic-demo-contract-v1,True,0.1017402993308052,0.12182149949519891,0.1763675139983629,0.19542585001053198,0.2486130364876084,0.2867735449898852,0.31043155711294607,0.3459378699839179
1700000001180000000,11180000000,237,236,236,0,0,,,,0,rest,hold,200.0,dev-0123456789abcdef0123456789abcdef,synthetic-1-rest,29,protocol,synthetic-demo-contract-v1,True,0.09126894273011578,0.11148567837342711,0.16685488428448295,0.18509328094801997,0.23729326005605192,0.2765678059798872,0.29996180930932503,0.33434185263835864
1700000001185000000,11185000000,238,237,237,0,0,,,,0,rest,hold,200.0,dev-0123456789abcdef0123456789abcdef,synthetic-1-rest,29,protocol,synthetic-demo-contract-v1,True,0.08016587391091576,0.100805149369172,0.1567293948662977,0.17434502537325663,0.2254037432125408,0.2657719502993247,0.2889784695496061,0.32222888075235573
1700000001190000000,11190000000,239,238,238,0,0,,,,0,rest,hold,200.0,dev-0123456789abcdef0123456789abcdef,synthetic-1-rest,29,protocol,synthetic-demo-contract-v1,True,0.0685342726263952,0.08986974657883029,0.1460718452955247,0.16326871974014598,0.2130416773995857,0.25447483192500603,0.27757262727306176,0.30969707385530854
1700000001195000000,11195000000,240,239,239,0,0,,,,0,rest,hold,200.0,dev-0123456789abcdef0123456789abcdef,synthetic-1-rest,29,protocol,synthetic-demo-contract-v1,True,0.05648303501490825,0.07877004501324329,0.13496764634397812,0.1519542809357093,0.20030789338928806,0.24276910361958762,0.2658386663861044,0.29684788056194805
1700000001200000000,11200000000,241,240,240,0,0,,,,0,rest,hold,200.0,dev-0123456789abcdef0123456789abcdef,synthetic-1-rest,29,protocol,synthetic-demo-contract-v1,True,0.0441255906671806,0.06759659141408357,0.12350613325074032,0.14049316831080022,0.1873060299756977,0.230750448713997,0.25387347834506035,0.2837852458182118
1700000001205000000,11205000000,242,241,241,0,0,,,,0,rest,hold,200.0,dev-0123456789abcdef0123456789abcdef,synthetic-1-rest,29,protocol,synthetic-demo-contract-v1,True,0.03157865591690944,0.056439153386589606,0.11177984085074609,0.1289776349427491,0.17414167977265607,0.218516788692849,0.2417756544164885,0.2706147570571167
1700000001210000000,11210000000,243,242,242,0,0,,,,0,rest,hold,200.0,dev-0123456789abcdef0123456789abcdef,synthetic-1-rest,29,protocol,synthetic-demo-contract-v1,True,0.018960939995415156,0.04538599312097415,0.09988374643035969,0.11749997426255868,0.16092151916983832,0.20616747315267617,0.2296446638391861,0.2574427763001325
1700000001215000000,11215000000,244,243,243,0,0,,,,0,rest,hold,200.0,dev-0123456789abcdef0123456789abcdef,synthetic-1-rest,29,protocol,synthetic-demo-contract-v1,True,0.0063918214927202715,0.03452317149243094,0.08791448649732024,0.10615176820090759,0.1477524296301942,0.19380245884416036,0.21758002473027657,0.2443755653593627
1700000001220000000,11220000000,245,244,244,0,0,,,,0,rest,hold,200.0,dev-0123456789abcdef0123456789abcdef,synthetic-1-rest,29,protocol,synthetic-demo-contract-v1,True,-0.006009986912571898,0.023933887802692018,0.07596955394394322,0.09502314297871706,0.13474061758318534,0.1815214845953608,0.20568047463920175,0.23151841135663404
1700000001225000000,11225000000,246,245,245,0,0,,,,0,rest,hold,200.0,dev-0123456789abcdef0123456789abcdef,synthetic-1-rest,29,protocol,synthetic-demo-contract-v1,True,-0.018127767263915434,0.013697859863144073,0.0641464823202839,0.08420203858972329,0.1219907401794708,0.16942324894244262,0.19404314765748054,0.2189747597767976
1700000001230000000,11230000000,247,246,246,0,0,,,,0,rest,hold,200.0,dev-0123456789abcdef0123456789abcdef,synthetic-1-rest,29,protocol,synthetic-demo-contract-v1,True,-0.029848100555180203,0.0038907485294750466,0.052542024115234204,0.07377349789521848,0.10960504412396105,0.15760459726745338,0.1827627649387388,0.20684536221416247
1700000001235000000,11235000000,248,247,247,0,0,,,,0,rest,hold,200.0,dev-0123456789abcdef0123456789abcdef,synthetic-1-rest,29,protocol,synthetic-demo-contract-v1,True,-0.04106212861718595,-0.0054163698104345145,0.041251330065810346,0.06381898107606239,0.09768252469584256,0.14615972515951817,0.1719308453732006,0.19522744585348678
1700000001240000000,11240000000,249,248,248,0,0,,,,0,rest,hold,200.0,dev-0123456789abcdef0123456789abcdef,synthetic-1-rest,29,protocol,synthetic-demo-contract-v1,True,-0.05166675655524815,-0.014157479911391473,0.030367136576247192,0.05441571096575972,0.08631811189712203,0.1351794045771097,0.16163494299442233,0.18421391155123595
1700000001245000000,11245000000,250,249,249,0,0,,,,0,rest,hold,200.0,dev-0123456789abcdef0123456789abcdef,synthetic-1-rest,29,protocol,synthetic-demo-contract-v1,True,-0.06156577956049021,-0.022272051243153995,0.019978968327626134,0.045636054522842015,0.07560189044689197,0.12475023919602543,0.15195791747497822,0.1738925671503848
1700000001250000000,11250000000,251,250,250,0,0,,,,0,rest,hold,200.0,dev-0123456789abcdef0123456789abcdef,synthetic-1-rest,29,protocol,synthetic-demo-contract-v1,True,-0.07067091910855954,-0.029705406805993963,0.010172363094769528,0.037546945393239314,0.06561836005867651,0.11495395508194746,0.1429772437938432,0.16434540237472403
1700000001255000000,11255000000,252,251,251,0,0,,,,0,rest,hold,200.0,dev-0123456789abcdef0123456789abcdef,synthetic-1-rest,29,protocol,synthetic-demo-contract-v1,True,-0.07890275498981647,-0.03640903613169781,0.0010281256598468846,0.030209352166439923,0.05644574210524011,0.10586673253007942,0.1347643668336801,0.15564791130884556
1700000001260000000,11260000000,253,252,252,0,0,,,,0,rest,hold,200.0,dev-0123456789abcdef0123456789abcdef,synthetic-1-rest,29,protocol,synthetic-demo-contract-v1,True,-0.08619154125939826,-0.0423408519861738,-0.007378382478136759,0.023677796545915133,0.048155338391827014,0.0975585845697726,0.1273841062937551,0.14786846808044693
1700000001265000000,11265000000,254,253,253,0,0,,,,0,rest,hold,200.0,dev-0123456789abcdef0123456789abcdef,synthetic-1-rest,29,protocol,synthetic-demo-contract-v1,True,-0.09247789602418742,-0.0474653908351171,-0.014977911151061634,0.01799992523779258,0.04081094732816743,0.09009278724220143,0.12089411688691253,0.14106776092557444
1700000001270000000,11270000000,255,254,254,0,0,,,,0,rest,hold,200.0,dev-0123456789abcdef0123456789abcdef,synthetic-1-rest,29,protocol,synthetic-demo-contract-v1,True,-0.09771335696386482,-0.05175395764500812,-0.021707941192457697,0.01321613891554093,0.0344683423152494,0.08352536632722941,0.115344408330352,0.1352982893384469
1700000001275000000,11275000000,256,255,255,0,0,,,,0,rest,hold,200.0,dev-0123456789abcdef0123456789abcdef,synthetic-1-rest,29,protocol,synthetic-demo-contract-v1,True,-0.10186079657939559,-0.05518471606311198,-0.02751324996820326,0.009359281146224018,0.029174816648770505,0.07790464472525603,0.11077692914370023,0.1306039284895512
1700000001280000000,11280000000,257,256,256,0,0,,,,0,rest,hold,200.0,dev-0123456789abcdef0123456789abcdef,synthetic-1-rest,29,protocol,synthetic-demo-contract-v1,True,-0.10489469333710057,-0.05774272544807096,-0.032346417430741944,0.006454389669559303,0.024968798691555945,0.07327085419492448,0.10722521773813588,0.12701956454299465
1700000001285000000,11285000000,258,257,257,0,0,,,,0,rest,hold,200.0,dev-0123456789abcdef0123456789abcdef,synthetic-1-rest,29,protocol,synthetic-demo-contract-v1,True,-0.10680125709121233,-0.059419926603939625,-0.03616826783943516,0.004518511908682073,0.021879540486632994,0.06965581461232935,0.10471412372152201,0.12457080392121908
1700000001290000000,11290000000,259,258,258,0,0,,,,0,rest,hold,200.0,dev-0123456789abcdef0123456789abcdef,synthetic-1-rest,29,protocol,synthetic-demo-contract-v1,True,-0.10757840938335407,-0.060215078402869666,-0.03894824281724666,0.003560586065357577,0.019926882375869037,0.06708268335622274,0.10325960176125686,0.12327375895691874
1700000001295000000,11295000000,260,259,259,0,0,,,,0,rest,hold,200.0,dev-0123456789abcdef0123456789abcdef,synthetic-1-rest,29,protocol,synthetic-demo-contract-v1,True,-0.10723562139480569,-0.06013364776380071,-0.04066470198578433,0.0035813886166940583,0.019121095561112147,0.06556577684132626,0.10286857974368599,0.12313491174335195
1700000001300000000,11300000000,261,260,260,0,0,,,,0,rest,hold,200.0,dev-0123456789abcdef0123456789abcdef,synthetic-1-rest,29,protocol,synthetic-demo-contract-v1,True,-0.1057936144288,-0.05918765568603687,-0.04130514803200181,0.004573548489569366,0.01946280390082674,0.06511046562306462,0.10353890235145242,0.12415105735039988
1700000001305000000,11305000000,262,261,261,0,0,,,,0,rest,hold,200.0,dev-0123456789abcdef0123456789abcdef,synthetic-1-rest,29,protocol,synthetic-demo-contract-v1,True,-0.10328392978921919,-0.05739548221798922,-0.040866373705401055,0.0065216276473649,0.020942985580593397,0.06571314388679081,0.1052593505531979,0.12630932691999236
1700000001310000000,11310000000,263,262,262,0,0,,,,0,rest,hold,200.0,dev-0123456789abcdef0123456789abcdef,synthetic-1-rest,29,protocol,synthetic-demo-contract-v1,True,-0.09974837676511707,-0.05478163337397329,-0.03935452891876921,0.009402267285596028,0.023543054635958627,0.06736127351794072,0.10800973686877956,0.12958729049628787
1700000001315000000,11315000000,264,263,263,0,0,,,,0,rest,hold,200.0,dev-0123456789abcdef0123456789abcdef,synthetic-1-rest,29,protocol,synthetic-demo-contract-v1,True,-0.09523836909668579,-0.05137647309790145,-0.03678510682240915,0.01318439830296601,0.027235021646421192,0.07003350233163949,0.11176107564286433,0.13395313878868687
1700000001320000000,11320000000,265,264,264,0,0,,,,0,rest,hold,200.0,dev-0123456789abcdef0123456789abcdef,synthetic-1-rest,29,protocol,synthetic-demo-contract-v1,True,-0.08981416176042027,-0.04721592341485758,-0.033182848435267906,0.017829514196512318,0.0319817322652769,0.0736998554261969,0.116475826935641,0.1393659424147995
1700000001325000000,11325000000,266,265,265,0,0,,,,0,rest,hold,200.0,dev-0123456789abcdef0123456789abcdef,synthetic-1-rest,29,protocol,synthetic-demo-contract-v1,True,-0.0835440011462166,-0.04234113591338444,-0.028581566139893304,0.023292004028010665,0.037737181607021636,0.07832199801976465,0.12210821202663283,0.14577598653124865
1700000001330000000,11330000000,267,266,266,0,0,,,,0,rest,hold,200.0,dev-0123456789abcdef0123456789abcdef,synthetic-1-rest,29,protocol,synthetic-demo-contract-v1,True,-0.07650320268838637,-0.036798137666920014,-0.023023887075164423,0.02951954262763716,0.04444690188732757,0.08385356753817491,0.1286045979312758,0.15312517813794027
1700000001335000000,11335000000,268,267,267,0,0,,,,0,rest,hold,200.0,dev-0123456789abcdef0123456789abcdef,synthetic-1-rest,29,protocol,synthetic-demo-contract-v1,True,-0.06877317074233029,-0.03063745463669437,-0.016560918184528935,0.03645353474390613,0.052048420105456024,0.09024057214954194,0.13590394775502046,0.1613475227413153
1700000001340000000,11340000000,269,268,268,0,0,,,,0,rest,hold,200.0,dev-0123456789abcdef0123456789abcdef,synthetic-1-rest,29,protocol,synthetic-demo-contract-v1,True,-0.06044037596019588,-0.02391371550542183,-0.009251835391302221,0.044029609419703776,0.0604717819803403,0.09742185239230827,0.14393833316098467,0.17036966648907137
1700000001345000000,11345000000,270,269,269,0,0,,,,0,rest,hold,200.0,dev-0123456789abcdef0123456789abcdef,synthetic-1-rest,29,protocol,synthetic-demo-contract-v1,True,-0.05159530560877691,-0.01668523877642996,-0.001163400069733509,0.05217816047619761,0.06964013780422933,0.1053296020225792,0.15263350470918166,0.18011149934761755
1700000001350000000,11350000000,271,270,270,0,0,,,,0,rest,hold,200.0,dev-0123456789abcdef0123456789abcdef,synthetic-1-rest,29,protocol,synthetic-demo-contract-v1,True,-0.04233140219287494,-0.009013605841691547,0.0076305933456293894,0.06082492862266395,0.07947038536628227,0.11388994371813564,0.1619095153424073,0.19048681438861034
1700000001355000000,11355000000,272,271,271,0,0,,,,0,rest,hold,200.0,dev-0123456789abcdef0123456789abcdef,synthetic-1-rest,29,protocol,synthetic-demo-contract-v1,True,-0.03274400540421713,-0.0009632225798876619,0.0170499341256793,0.06989162038363991,0.08987386462702844,0.12302355482444666,0.17168139184997566,0.20140401778645067
1700000001360000000,11360000000,273,272,272,0,0,,,,0,rest,hold,200.0,dev-0123456789abcdef0123456789abcdef,synthetic-1-rest,29,protocol,synthetic-demo-contract-v1,True,-0.022929311821578095,0.007399128102693717,0.027008671292969605,0.07929655874782969,0.10075709839709215,0.1326463379160751,0.18185984873937203,0.2127668837084704
1700000001365000000,11365000000,274,273,273,0,0,,,,0,rest,hold,200.0,dev-0123456789abcdef0123456789abcdef,synthetic-1-rest,29,protocol,synthetic-demo-contract-v1,True,-0.012983365958475443,0.016004740524873926,0.0374158432877294,0.08895536019803875,0.11202257289351149,0.1426701305784362,0.19235203859084682,0.22447534790714935
1700000001370000000,11370000000,275,274,274,0,0,,,,0,rest,hold,200.0,dev-0123456789abcdef0123456789abcdef,synthetic-1-rest,29,protocol,synthetic-demo-contract-v1,True,-0.003001095211427064,0.02478344515886362,0.04817625507455289,0.09878163257997531,0.12356955171754776,0.1530034484930083,0.20306233266401524,0.2364263335021981
1700000001375000000,11375000000,276,275,275,0,0,,,,0,rest,hold,200.0,dev-0123456789abcdef0123456789abcdef,synthetic-1-rest,29,protocol,synthetic-demo-contract-v1,True,0.0069245999710932675,0.03366407025340522,0.05919129604500074,0.10868768811149579,0.13529491652175651,0.1635522556364027,0.21389312527115478,0.24851460217234814
1700000001380000000,11380000000,277,276,276,0,0,,,,0,rest,hold,200.0,dev-0123456789abcdef0123456789abcdef,synthetic-1-rest,29,protocol,synthetic-demo-contract-v1,True,0.01670369077330199,0.04257490429643476,0.07035979166329874,0.11858526572395849,0.14709402741359687,0.17422075518245192,0.22474565523128245,0.26063362376446364
1700000001385000000,11385000000,278,277,277,0,0,,,,0,rest,hold,200.0,dev-0123456789abcdef0123456789abcdef,synthetic-1-rest,29,protocol,synthetic-demo-contract-v1,True,0.026249791150005065,0.05144415757190632,0.08157888145606165,0.12838625686449173,0.15886159597976898,0.18491219452843913,0.23552083757387912,0.272676457172856
1700000001390000000,11390000000,279,278,278,0,0,,,,0,rest,hold,200.0,dev-0123456789abcdef0123456789abcdef,synthetic-1-rest,29,protocol,synthetic-demo-contract-v1,True,0.03548084864099594,0.06020042115734729,0.09274491566624388,0.13800342887261227,0.17049256371118757,0.19552967775317937,0.2461200985725832,0.2845366352457814
1700000001395000000,11395000000,280,279,279,0,0,,,,0,rest,hold,200.0,dev-0123456789abcdef0123456789abcdef,synthetic-1-rest,29,protocol,synthetic-demo-contract-v1,True,0.04431974977288936,0.06877312178046727,0.10375436267938966,0.1473511400766994,0.18188297856384697,0.20597697875675536,0.25644620715801963,0.29610904643980174
1700000001400000000,11400000000,281,280,280,0,0,,,,0,rest,hold,200.0,dev-0123456789abcdef0123456789abcdef,synthetic-1-rest,29,protocol,synthetic-demo-contract-v1,True,0.052694836676308095,0.07709297100334096,0.11450471918918578,0.1563460408349569,0.1929308624061762,0.2161593483297584,0.26640409578543817,0.307290805966306
1700000001405000000,11405000000,282,281,281,0,0,,,,0,rest,hold,200.0,dev-0123456789abcdef0123456789abcdef,synthetic-1-rest,29,protocol,synthetic-demo-contract-v1,True,0.06054033325785358,0.0850924072306993,0.12489541500115642,0.1649077548709559,0.20353706217873704,0.22598430845391868,0.2759016639168488,0.31798210925788156
1700000001410000000,11410000000,283,282,282,0,0,,,,0,rest,hold,200.0,dev-0123456789abcdef0123456789abcdef,synthetic-1-rest,29,protocol,synthetic-demo-contract-v1,True,0.06779668093822339,0.09270602904470474,0.13482870437915365,0.1729595354244595,0.2136060777266057,0.23536242724550174,0.28485055741813003,0.3280870607246708
1700000001415000000,11415000000,284,283,283,0,0,,,,0,rest,hold,200.0,dev-0123456789abcdef0123456789abcdef,synthetic-1-rest,29,protocol,synthetic-demo-contract-v1,True,0.07441078556758166,0.09987101835308725,0.14421053591956426,0.18042889095255402,0.2230468594574401,0.2442080681169151,0.2931669173680574,0.33751447097123355
1700000001420000000,11420000000,285,284,284,0,0,,,,0,rest,hold,200.0,dev-0123456789abcdef0123456789abcdef,synthetic-1-rest,29,protocol,synthetic-demo-contract-v1,True,0.0803361786262125,0.10652755180212138,0.15295139309254366,0.18724817537226351,0.23177356922743006,0.2524401069491811,0.3007720920266874,0.34617861590108145
1700000001425000000,11425000000,286,285,285,0,0,,,,0,rest,hold,200.0,dev-0123456789abcdef0123456789abcdef,synthetic-1-rest,29,protocol,synthetic-demo-contract-v1,True,0.0855330971847183,0.11261919885283636,0.16096709781716104,0.19335513813169664,0.23970629816105216,0.25998261133651596,0.30759330601304663,0.3539999514469089
1700000001430000000,11430000000,287,286,286,0,0,,,,0,rest,hold,200.0,dev-0123456789abcdef0123456789abcdef,synthetic-1-rest,29,protocol,synthetic-demo-contract-v1,True,0.08996848830883285,0.11809330485080383,0.16817956973634698,0.1986934297298456,0.24677173546624379,0.26676547628191183,0.3135642810940641,0.3609057780270109
1700000001435000000,11435000000,288,287,287,0,0,,,,0,rest,hold,200.0,dev-0123456789abcdef0123456789abcdef,synthetic-1-rest,29,protocol,synthetic-demo-contract-v1,True,0.09361594462833125,0.12290135734022427,0.17451753422562744,0.2032130586727013,0.25290378271137987,0.27272501108673824,0.31862580338530366,0.3668308492395326
1700000001440000000,11440000000,289,288,288,0,0,,,,0,rest,hold,200.0,dev-0123456789abcdef0123456789abcdef,synthetic-1-rest,29,protocol,synthetic-demo-contract-v1,True,0.09645557863060829,0.1269993337856306,0.17991717260369972,0.20687079625229807,0.2580441084808933,0.2778044725848796,0.3227262322059671,0.3717179197626119
1700000001445000000,11445000000,290,289,289,0,0,,,,0,rest,hold,200.0,dev-0123456789abcdef0123456789abcdef,synthetic-1-rest,29,protocol,synthetic-demo-contract-v1,True,0.09847384387479005,0.13034802877363003,0.18432270850928123,0.20963052596242504,0.2621426388188547,0.28195454031946215,0.3258219463122486,0.37551822792646095
1700000001450000000,11450000000,291,290,290,0,0,,,,0,rest,hold,200.0,dev-0123456789abcdef0123456789abcdef,synthetic-1-rest,29,protocol,synthetic-demo-contract-v1,True,0.09966331174384183,0.13291335867725,0.18768692496297448,0.21146353481651334,0.2651579794002102,0.28513372974402257,0.32787772375041907,0.3781919089588444
1700000001455000000,11455000000,292,291,291,0,0,,,,0,rest,hold,200.0,dev-0123456789abcdef0123456789abcdef,synthetic-1-rest,29,protocol,synthetic-demo-contract-v1,True,0.1000224125569032,0.1346666416814368,0.18997160724024026,0.21234874430596676,0.26705776593330355,0.28730874004603174,0.3288670521197374,0.3797083354738804
1700000001460000000,11460000000,293,292,292,0,0,,,,0,rest,hold,200.0,dev-0123456789abcdef0123456789abcdef,synthetic-1-rest,29,protocol,synthetic-demo-contract-v1,True,0.09955514985365009,0.13558485099500375,0.1911479073365226,0.21227287922712787,0.2678189398901343,0.28845473373472164,0.32877236661090997,0.3800463823709343
1700000001465000000,11465000000,294,293,293,0,0,,,,0,rest,hold,200.0,dev-0123456789abcdef0123456789abcdef,synthetic-1-rest,29,protocol,synthetic-demo-contract-v1,True,0.0982707964431372,0.13565083901673824,0.1911966265021764,0.21123057310817653,0.26742794727760766,0.2885555457026352,0.3275852137835635,0.37919461393068354
1700000001470000000,11470000000,295,294,294,0,0,,,,0,rest,hold,200.0,dev-0123456789abcdef0123456789abcdef,synthetic-1-rest,29,protocol,synthetic-demo-contract-v1,True,0.09618358039211221,0.13485353018630625,0.19010841305676138,0.20922440947951185,0.2658808587987393,0.2876038200565259,0.3253063396611374,0.37715139153410115
1700000001475000000,11475000000,296,295,295,0,0,,,,0,rest,hold,200.0,dev-0123456789abcdef0123456789abcdef,synthetic-1-rest,29,protocol,synthetic-demo-contract-v1,True,0.09331236852724757,0.13318808023865658,0.18788387345276814,0.20626489874844386,0.2631834104021291,0.2856010736133114,0.3219457013486392,0.37392490108189136
1700000001480000000,11480000000,297,296,296,0,0,,,,0,rest,hold,200.0,dev-0123456789abcdef0123456789abcdef,synthetic-1-rest,29,protocol,synthetic-demo-contract-v1,True,0.08968035426098084,0.13065599959815283,0.18453359534088648,0.20237039095717405,0.2593509638756545,0.28255768556573935,0.3175224020126613,0.36953309985143656
1700000001485000000,11485000000,298,297,297,0,0,,,,0,rest,hold,200.0,dev-0123456789abcdef0123456789abcdef,synthetic-1-rest,29,protocol,synthetic-demo-contract-v1,True,0.08531475564402478,0.12726523869955958,0.18007808218526594,0.19756692521793823,0.2544083878008189,0.2784928134352231,0.31206454969866987,0.36400358319016307
1700000001490000000,11490000000,299,298,298,0,0,,,,0,rest,hold,200.0,dev-0123456789abcdef0123456789abcdef,synthetic-1-rest,29,protocol,synthetic-demo-contract-v1,True,0.08024652852432149,0.1230302331106898,0.1745475997804002,0.19188801712670553,0.2483898598420746,0.27343423604084854,0.30560904109258896,0.35737337210295006
1700000001495000000,11495000000,300,299,299,0,0,,,,0,rest,hold,200.0,dev-0123456789abcdef0123456789abcdef,synthetic-1-rest,29,protocol,synthetic-demo-contract-v1,True,0.0745100985798683,0.11797190645880513,0.16798193582378534,0.1853743859529534,0.24133859199528743,0.2674181248187894,0.2982012719568812,0.34968862344137686
1700000001500000000,11500000000,301,300,300,0,0,,,,0,rest,hold,200.0,dev-0123456789abcdef0123456789abcdef,synthetic-1-rest,29,protocol,synthetic-demo-contract-v1,True,0.068143114820732,0.11211762933188277,0.16043007449278496,0.17807362388381864,0.23330648105595514,0.2604887454202694,0.28989477658049495,0.34100426503886366
1700000001505000000,11505000000,302,301,301,0,0,,,,0,rest,hold,200.0,dev-0123456789abcdef0123456789abcdef,synthetic-1-rest,29,protocol,synthetic-demo-contract-v1,True,0.06118622595408599,0.10550113253803899,0.15194978875269435,0.1700398100625618,0.2243536871855662,0.2526980920938606,0.2807507991721633,0.33138355875287906
1700000001510000000,11510000000,303,302,302,0,0,,,,0,rest,hold,200.0,dev-0123456789abcdef0123456789abcdef,synthetic-1-rest,29,protocol,synthetic-demo-contract-v1,True,0.05368287980605498,0.09816237336234866,0.14260715387847078,0.16133307260015062,0.21454814404851968,0.24410545791453692,0.2708378006927113,0.32089759496829157
1700000001515000000,11515000000,304,303,303,0,0,,,,0,rest,hold,200.0,dev-0123456789abcdef0123456789abcdef,synthetic-1-rest,29,protocol,synthetic-demo-contract-v1,True,0.04567914482602478,0.0901473537597744,0.13247598639778316,0.15201910215137793,0.2039650045573644,0.23477694445287894,0.260230905159539,0.309624722679718
1700000001520000000,11520000000,305,304,304,0,0,,,,0,rest,hold,200.0,dev-0123456789abcdef0123456789abcdef,synthetic-1-rest,29,protocol,synthetic-demo-contract-v1,True,0.03722355159247132,0.08150788976486775,0.12163721335105816,0.14216862103009154,0.19268602679614083,0.22478491497878936,0.24901128996085725,0.2976499198007684
1700000001525000000,11525000000,306,305,305,0,0,,,,0,rest,hold,200.0,dev-0123456789abcdef0123456789abcdef,synthetic-1-rest,29,protocol,synthetic-demo-contract-v1,True,0.028366951222224657,0.07230133178132651,0.11017817740846536,0.1318568121887876,0.18079890518587796,0.21420739576085235,0.23726552518434105,0.2850641088399937
1700000001530000000,11530000000,307,306,306,0,0,,,,0,rest,hold,200.0,dev-0123456789abcdef0123456789abcdef,synthetic-1-rest,29,protocol,synthetic-demo-contract-v1,True,0.019162386683211546,0.06259023583459417,0.09819188397815175,0.1211627127033249,0.16839655240878057,0.20312743045124118,0.225084867390793,0.2719634235331016
1700000001535000000,11535000000,308,307,307,0,0,,,,0,rest,hold,200.0,dev-0123456789abcdef0123456789abcdef,synthetic-1-rest,29,protocol,synthetic-demo-contract-v1,True,0.009664972247044415,0.052441986324729246,0.0857761969787703,0.11016857668135754,0.15557633801454165,0.1916323929332531,0.2125645136445667,0.2584484324248659
1700000001540000000,11540000000,309,308,308,0,0,,,,0,rest,hold,200.0,dev-0123456789abcdef0123456789abcdef,synthetic-1-rest,29,protocol,synthetic-demo-contract-v1,True,-6.822428789888448e-05,0.0419283713002896,0.07303299042729876,0.0989592127511682,0.14243928999023037,0.179813264350986,0.1998028219457813,0.2446233257488262
1700000001545000000,11545000000,310,309,309,0,0,,,,0,rest,hold,200.0,dev-0123456789abcdef0123456789abcdef,synthetic-1-rest,29,protocol,synthetic-demo-contract-v1,True,-0.009978302404108243,0.031125111781641582,0.06006726340567158,0.08762130148405058,0.12908926588132705,0.16776388033550138,0.18690050449191992,0.23059507225540368
1700000001550000000,11550000000,311,310,310,0,0,,,,0,rest,hold,200.0,dev-0123456789abcdef0123456789abcdef,synthetic-1-rest,29,protocol,synthetic-demo-contract-v1,True,-0.020004658750503175,0.02011134718797066,0.046986226312898415,0.07624269825679858,0.11563210030322726,0.1555801546866636,0.17395980042594306,0.2164725528869833
1700000001555000000,11555000000,312,311,311,0,0,,,,0,rest,hold,200.0,dev-0123456789abcdef0123456789abcdef,synthetic-1-rest,29,protocol,synthetic-demo-contract-v1,True,-0.03008513220581668,0.008969079459663862,0.03389836657973134,0.06491172717001435,0.10217473587778436,0.14335928596263778,0.16108363490258043,0.2023656783897475
1700000001560000000,11560000000,313,312,312,0,0,,,,0,rest,hold,200.0,dev-0123456789abcdef0123456789abcdef,synthetic-1-rest,29,protocol,synthetic-demo-contract-v1,True,-0.040156170075956316,-0.0022174209904720996,0.020912502217974395,0.053716471702103134,0.08882434476662497,0.13119895356823302,0.14837477142255825,0.18838449808504276
1700000001565000000,11565000000,314,313,313,0,0,,,,0,rest,hold,200.0,dev-0123456789abcdef0123456789abcdef,synthetic-1-rest,29,protocol,synthetic-demo-contract-v1,True,-0.05015302104289509,-0.013362243825097568,0.008136831694273249,0.04274406779754599,0.0756874480509329,0.11919651001776099,0.1359349644451791,0.17463830709672704
1700000001570000000,11570000000,315,314,314,0,0,,,,0,rest,hold,200.0,dev-0123456789abcdef0123456789abcdef,synthetic-1-rest,29,protocol,synthetic-demo-contract-v1,True,-0.06000995995536407,-0.024378497629848762,-0.004322011342533057,0.032080005061221196,0.06286904022545552,0.10744817607711003,0.12386411929231327,0.16123475934462547
1700000001575000000,11575000000,316,315,315,0,0,,,,0,rest,hold,200.0,dev-0123456789abcdef0123456789abcdef,synthetic-1-rest,29,protocol,synthetic-demo-contract-v1,True,-0.0696605488461785,-0.03517899435281106,-0.016359889991057187,0.021807441658533815,0.05047172603256071,0.09604824546316502,0.11225946630150575,0.14827899356785929
1700000001580000000,11580000000,317,316,316,0,0,,,,0,rest,hold,200.0,dev-0123456789abcdef0123456789abcdef,synthetic-1-rest,29,protocol,synthetic-demo-contract-v1,True,-0.07903793769233532,-0.04567695414764679,-0.02787607431280673,0.012006538404497282,0.03859487676054833,0.08508830569670532,0.10121475607291772,0.1358727795357281
1700000001585000000,11585000000,318,317,317,0,0,,,,0,rest,hold,200.0,dev-0123456789abcdef0123456789abcdef,synthetic-1-rest,29,protocol,synthetic-demo-contract-v1,True,-0.08807520742077443,-0.055786724987049,-0.03877412165795006,0.00275381736475391,0.027333812969994944,0.07465648156825072,0.09081948248517262,0.12411369143894818
1700000001590000000,11590000000,319,318,318,0,0,,,,0,rest,hold,200.0,dev-0123456789abcdef0123456789abcdef,synthetic-1-rest,29,protocol,synthetic-demo-contract-v1,True,-0.09670575652729316,-0.06542451101185828,-0.048962719197362684,-0.005878449910905401,0.016779020393941857,0.06483670748608567,0.08115813993017407,0.11309431523166284
1700000001595000000,11595000000,320,319,319,0,0,,,,0,rest,hold,200.0,dev-0123456789abcdef0123456789abcdef,synthetic-1-rest,29,protocol,synthetic-demo-contract-v1,True,-0.10486373144386629,-0.07450910323113472,-0.05835648110145103,-0.013822819644915857,0.007015405484091757,0.055708034733535444,0.07230952093850604,0.10290149641664408
1700000001600000000,11600000000,321,320,320,0,0,,,,0,rest,hold,200.0,dev-0123456789abcdef0123456789abcdef,synthetic-1-rest,29,protocol,synthetic-demo-contract-v1,True,-0.11248449948854913,-0.08296260589699803,-0.06687669322070063,-0.021017213982144924,-0.0018784032519387466,0.047343979370468844,0.06434606003733546,0.09361563443471979
1700000001605000000,11605000000,322,321,321,0,0,,,,0,rest,hold,200.0,dev-0123456789abcdef0123456789abcdef,synthetic-1-rest,29,protocol,synthetic-demo-contract-v1,True,-0.11950516189206573,-0.09071115165173815,-0.07445199860328346,-0.02740541575566302,-0.009830702355102949,0.03981191617444792,0.05733322930456705,0.08531002943747149
1700000001610000000,11610000000,323,322,322,0,0,,,,0,rest,hold,200.0,dev-0123456789abcdef0123456789abcdef,synthetic-1-rest,29,protocol,synthetic-demo-contract-v1,True,-0.12586510304735266,-0.09768559838955464,-0.0810190177268948,-0.03293751594132545,-0.016777303619428058,0.0331725236327233,0.05132899065939897,0.0780502867927354
1700000001615000000,11615000000,324,323,323,0,0,,,,0,rest,hold,200.0,dev-0123456789abcdef0123456789abcdef,synthetic-1-rest,29,protocol,synthetic-demo-contract-v1,True,-0.13150657080454972,-0.10382220069641669,-0.0865228979200916,-0.03757031025677672,-0.022662062524414817,0.027479284570618996,0.04638330946391986,0.07189378419898385
1700000001620000000,11620000000,325,324,324,0,0,,,,0,rest,hold,200.0,dev-0123456789abcdef0123456789abcdef,synthetic-1-rest,29,protocol,synthetic-demo-contract-v1,True,-0.13637528136601051,-0.10906324873318707,-0.09091778709711883,-0.04126764177062622,-0.027437340533028168,0.02277804653830827,0.04253773350678753,0.06688920577114667
1700000001625000000,11625000000,326,325,325,0,0,,,,0,rest,hold,200.0,dev-0123456789abcdef0123456789abcdef,synthetic-1-rest,29,protocol,synthetic-demo-contract-v1,True,-0.14042104115494455,-0.11335766751257798,-0.09416722762340225,-0.04400068682219489,-0.031064397438838764,0.01910664558037995,0.039825040902463055,0.06307614691105587
1700000001630000000,11630000000,327,326,326,0,0,,,,0,rest,hold,200.0,dev-0123456789abcdef0123456789abcdef,synthetic-1-rest,29,protocol,synthetic-demo-contract-v1,True,-0.14359837696693123,-0.11666156969182208,-0.09624446685996055,-0.04574818200787058,-0.033513710523238295,0.016494596485113602,0.038268959872399665,0.060484793195015686
1700000001635000000,11635000000,328,327,327,0,0,,,,0,rest,hold,200.0,dev-0123456789abcdef0123456789abcdef,synthetic-1-rest,29,protocol,synthetic-demo-contract-v1,True,-0.14586716479341227,-0.11893875526119072,-0.09713268169704782,-0.046496590463137,-0.03476521788777743,0.014962852057373592,0.037883962782650646,0.0591356759037628
1700000001640000000,11640000000,329,328,328,0,0,,,,0,rest,hold,200.0,dev-0123456789abcdef0123456789abcdef,synthetic-1-rest,29,protocol,synthetic-demo-contract-v1,True,-0.14719324695528962,-0.12016115185347284,-0.09682511517315068,-0.04624020615595148,-0.03480848395255044,0.014523633385119892,0.03867513620046081,0.05903950619130368
1700000001645000000,11645000000,330,329,329,0,0,,,,0,rest,hold,200.0,dev-0123456789abcdef0123456789abcdef,synthetic-1-rest,29,protocol,synthetic-demo-contract-v1,True,-0.14754902662467606,-0.12030918982986917,-0.09532512407762604,-0.04498119540348926,-0.03364278575402762,0.01518033247946322,0.04063812810557869,0.06019708924395528
1700000001650000000,11650000000,331,330,330,0,0,,,,0,rest,hold,200.0,dev-0123456789abcdef0123456789abcdef,synthetic-1-rest,29,protocol,synthetic-demo-contract-v1,True,-0.14691402846164195,-0.11937210681082022,-0.09264613724619614,-0.04272957532638832,-0.03127711932949335,0.016927488066882504,0.04375917275544953,0.06259931912468997
1700000001655000000,11655000000,332,331,331,0,0,,,,0,rest,hold,200.0,dev-0123456789abcdef0123456789abcdef,synthetic-1-rest,29,protocol,synthetic-demo-contract-v1,True,-0.14527541396434263,-0.1173481769122382,-0.08881152507058442,-0.03950312945853212,-0.02773012613489444,0.01975083470465851,0.04801519306237892,0.06622725433599086
1700000001660000000,11660000000,333,332,332,0,0,,,,0,rest,hold,200.0,dev-0123456789abcdef0123456789abcdef,synthetic-1-rest,29,protocol,synthetic-demo-contract-v1,True,-0.1426284402345621,-0.11424486061341527,-0.08385438154915655,-0.035327261232111676,-0.023029940102988502,0.023627424781802603,0.053373979700481765,0.07105227347230357
1700000001665000000,11665000000,334,333,333,0,0,,,,0,rest,hold,200.0,dev-0123456789abcdef0123456789abcdef,synthetic-1-rest,29,protocol,synthetic-demo-contract-v1,True,-0.13897685120112038,-0.11007887191633983,-0.0778172209969667,-0.030234786553228785,-0.01721395660375917,0.02852582236282772,0.05979444552604758,0.07703630967627048
1700000001670000000,11670000000,335,334,334,0,0,,,,0,rest,hold,200.0,dev-0123456789abcdef0123456789abcdef,synthetic-1-rest,29,protocol,synthetic-demo-contract-v1,True,-0.13433319092053048,-0.10487616024999113,-0.0707515923037116,-0.024265667168723214,-0.01032852521371406,0.03440636723564129,0.06722695327210523,0.08413216196666704
1700000001675000000,11675000000,336,335,335,0,0,,,,0,rest,hold,200.0,dev-0123456789abcdef0123456789abcdef,synthetic-1-rest,29,protocol,synthetic-demo-contract-v1,True,-0.12871902938259772,-0.09867180541911982,-0.0627176143695983,-0.017466686996401137,-0.002428568829597265,0.04122150694256935,0.07561371387159205,0.09228388087562091
1700000001680000000,11680000000,337,336,336,0,0,,,,0,rest,hold,200.0,dev-0123456789abcdef0123456789abcdef,synthetic-1-rest,29,protocol,synthetic-demo-contract-v1,True,-0.12216509227828892,-0.09150982478583489,-0.05378343705514829,-0.009891074044666744,0.0064228677299879,0.04891619400989492,0.0848892521786707,0.1014272252234974
1700000001685000000,11685000000,338,337,337,0,0,,,,0,rest,hold,200.0,dev-0123456789abcdef0123456789abcdef,synthetic-1-rest,29,protocol,synthetic-demo-contract-v1,True,-0.11471128742339799,-0.08344289279402106,-0.04402463264499779,-0.0015980709801629456,0.0161551359095317,0.057428345050960235,0.09498093629919878,0.11149018627675754
1700000001690000000,11690000000,339,338,338,0,0,,,,0,rest,hold,200.0,dev-0123456789abcdef0123456789abcdef,synthetic-1-rest,29,protocol,synthetic-demo-contract-v1,True,-0.10640662195505395,-0.07453197389049272,-0.033523523441693744,0.0073475421900298645,0.02669056411139506,0.06668935790534651,0.10580956621380048,0.12239357498196297
1700000001695000000,11695000000,340,339,339,0,0,,,,0,rest,hold,200.0,dev-0123456789abcdef0123456789abcdef,synthetic-1-rest,29,protocol,synthetic-demo-contract-v1,True,-0.09730900600559254,-0.06484587085164642,-0.022368451667757503,0.01687596947497694,0.03794509610771754,0.07662468249611606,0.11729001688475191,0.13405166745241753
1700000001700000000,11700000000,341,340,340,0,0,,,,0,rest,hold,200.0,dev-0123456789abcdef0123456789abcdef,synthetic-1-rest,29,protocol,synthetic-demo-contract-v1,True,-0.08748494028264005,-0.05446069147854133,-0.010652998357765401,0.026912960099350198,0.04982898190042502,0.08715444064260258,0.12933193058509523,0.14637290340699038
1700000001705000000,11705000000,342,341,341,0,0,,,,0,rest,hold,200.0,dev-0123456789abcdef0123456789abcdef,synthetic-1-rest,29,protocol,synthetic-demo-contract-v1,True,-0.07700908681519258,-0.04345923756497831,0.0015248416375612823,0.03738040503418211,0.06224751532745664,0.09819408966140267,0.14184045277875926,0.15926063182733316
1700000001710000000,11710000000,343,342,342,0,0,,,,0,rest,hold,200.0,dev-0123456789abcdef0123456789abcdef,synthetic-1-rest,29,protocol,synthetic-demo-contract-v1,True,-0.0659637240300858,-0.03193032096027397,0.014063521040184216,0.04819696406773057,0.07510181232758992,0.10965512422644316,0.15471700551742645,0.17261389771358712
1700000001715000000,11715000000,344,343,343,0,0,,,,0,rest,hold,200.0,dev-0123456789abcdef0123456789abcdef,synthetic-1-rest,29,protocol,synthetic-demo-contract-v1,True,-0.054438089266702044,-0.01996801242920549,0.026858830128657106,0.05927871838389998,0.08828962344074572,0.12144581064321844,0.16786009200642316,0.18632826348289766
1700000001720000000,11720000000,345,344,344,0,0,,,,0,rest,hold,200.0,dev-0123456789abcdef0123456789abcdef,synthetic-1-rest,29,protocol,synthetic-demo-contract-v1,True,-0.04252761378381567,-0.0076708298443588195,0.03980480728943087,0.07053984341445649,0.101706173838229,0.1334719474251756,0.1811661257306869,0.20029665827242232
1700000001725000000,11725000000,346,345,345,0,0,,,,0,rest,hold,200.0,dev-0123456789abcdef0123456789abcdef,synthetic-1-rest,29,protocol,synthetic-demo-contract-v1,True,-0.030333057224382932,0.004859126980332723,0.052794661952708766,0.08189329657176889,0.1152450239502968,0.14563764584393152,0.1945302773250233,0.214410248181317
1700000001730000000,11730000000,347,346,346,0,0,,,,0,rest,hold,200.0,dev-0123456789abcdef0123456789abcdef,synthetic-1-rest,29,protocol,synthetic-demo-contract-v1,True,-0.01795955034518468,0.017517086802363857,0.06572170165064216,0.09325151435223156,0.12879894358861566,0.1578461239613202,0.2078473322221364,0.22855932031626464
1700000001735000000,11735000000,348,347,347,0,0,,,,0,rest,hold,200.0,dev-0123456789abcdef0123456789abcdef,synthetic-1-rest,29,protocol,synthetic-demo-contract-v1,True,-0.005515556552686163,0.030196554173347993,0.07848025493250867,0.10452711322783724,0.1422607923500238,0.17000050754157575,0.2210125520186176,0.24263417339391338
1700000001740000000,11740000000,349,348,348,0,0,,,,0,rest,hold,200.0,dev-0123456789abcdef0123456789abcdef,synthetic-1-rest,29,protocol,synthetic-demo-contract-v1,True,0.006888235619891044,0.04279028420012068,0.090966581944164,0.11563358871505336,0.15552439903640458,0.1820046311870936,0.23392253246394246,0.25652600760195493
1700000001745000000,11745000000,350,349,349,0,0,,,,0,rest,hold,200.0,dev-0123456789abcdef0123456789abcdef,synthetic-1-rest,29,protocol,synthetic-demo-contract-v1,True,0.019140075538503578,0.05519127523454436,0.1030797646265018,0.1264860070264841,0.1684854328338917,0.1937638330416788,0.2464760510009321,0.27012780642897527
1700000001750000000,11750000000,351,350,350,0,0,,,,0,rest,hold,200.0,dev-0123456789abcdef0123456789abcdef,synthetic-1-rest,29,protocol,synthetic-demo-contract-v1,True,0.031128354222523438,0.06729376954784425,0.11472256870804726,0.1370016837715684,0.181042259062933,0.20518573646090782,0.25857489686785673,0.28333520324150846
1700000001755000000,11755000000,352,351,351,0,0,,,,0,rest,hold,200.0,dev-0123456789abcdef0123456789abcdef,synthetic-1-rest,29,protocol,synthetic-demo-contract-v1,True,0.04274283306113291,0.0789942518203364,0.12580226995776572,0.14710084427733808,0.19309677243844478,0.2161810121597899,0.27012467691181985,0.2960473255144123
1700000001760000000,11760000000,353,352,352,0,0,,,,0,rest,hold,200.0,dev-0123456789abcdef0123456789abcdef,synthetic-1-rest,29,protocol,synthetic-demo-contract-v1,True,0.053875880983262146,0.09019243516620769,0.1362314375224981,0.15670726024814033,0.20455520096526464,0.226664114512317,0.2810355904590659,0.30816760980664054
1700000001765000000,11765000000,354,353,353,0,0,,,,0,rest,hold,200.0,dev-0123456789abcdef0123456789abcdef,synthetic-1-rest,29,protocol,synthetic-demo-contract-v1,True,0.06442370309605926,0.10079222441856935,0.14592866759546833,0.16574885767308736,0.21532887383688706,0.236553985894418,0.29122316683887417,0.31960458081721405
1700000001770000000,11770000000,355,354,354,0,0,,,,0,rest,hold,200.0,dev-0123456789abcdef0123456789abcdef,synthetic-1-rest,29,protocol,synthetic-demo-contract-v1,True,0.07428754360873933,0.11070264652375046,0.1548192611436654,0.1741582911202634,0.22533494700297008,0.24577472322940916,0.30060895946163346,0.3302725881536366
1700000001775000000,11775000000,356,355,355,0,0,,,,0,rest,hold,200.0,dev-0123456789abcdef0123456789abcdef,synthetic-1-rest,29,protocol,synthetic-demo-contract-v1,True,0.08337484594594943,0.11983873813577985,0.16283583995781126,0.1818734798256515,0.2344970804209622,0.254256201211103,0.3091211907061249,0.3400924947947719
1700000001780000000,11780000000,357,356,356,0,0,,,,0,rest,hold,200.0,dev-0123456789abcdef0123456789abcdef,synthetic-1-rest,29,protocol,synthetic-demo-contract-v1,True,0.09160035332924077,0.12812238086059421,0.1699188958736492,0.1888381012900929,0.24274606140641258,0.26193464704156183,0.3166953422729794,0.34899231162929967
1700000001785000000,11785000000,358,357,357,0,0,,,,0,rest,hold,200.0,dev-0123456789abcdef0123456789abcdef,synthetic-1-rest,29,protocol,synthetic-demo-contract-v1,True,0.09888713376347046,0.13548307507178528,0.1760172686417847,0.19500203843707917,0.250020368941935,0.2687531619251718,0.32327468610754434,0.35690777289613984
1700000001790000000,11790000000,359,358,358,0,0,,,,0,rest,hold,200.0,dev-0123456789abcdef0123456789abcdef,synthetic-1-rest,29,protocol,synthetic-demo-contract-v1,True,0.10516751429800611,0.14185864380102164,0.1810885485890277,0.20032177675497678,0.25626667429257816,0.2746621850047662,0.32881075148221434,0.36378284784085985
1700000001795000000,11795000000,360,359,359,0,0,,,,0,rest,hold,200.0,dev-0123456789abcdef0123456789abcdef,synthetic-1-rest,29,protocol,synthetic-demo-contract-v1,True,0.11038391062658193,0.14719585889078124,0.1850994009107696,0.20476074824656124,0.2614402738015834,0.2796198959053475,0.3332637243517366,0.3695701844281362
1700000001800000000,11800000000,361,360,360,0,0,,,,0,rest,hold,200.0,dev-0123456789abcdef0123456789abcdef,synthetic-1-rest,29,protocol,synthetic-demo-contract-v1,True,0.11448953952560773,0.1514509823773716,0.18802580915467831,0.2082896194333081,0.2655054503008191,0.2835925525625194,0.33660277565078517,0.3742314815104658
1700000001805000000,11805000000,362,361,361,0,0,,,,0,rest,hold,200.0,dev-0123456789abcdef0123456789abcdef,synthetic-1-rest,29,protocol,synthetic-demo-contract-v1,True,0.117449003285121,0.15459021693974553,0.18985323619400757,0.21088652110834652,0.2684357601598773,0.28655476155174975,0.3388063157865773,0.3777377864428374
1700000001810000000,11810000000,363,362,362,0,0,,,,0,rest,hold,200.0,dev-0123456789abcdef0123456789abcdef,synthetic-1-rest,29,protocol,synthetic-demo-contract-v1,True,0.11923873713182721,0.15659006019465194,0.19057670173720895,0.21253721799688774,0.270214243612146,0.288489678696645,0.3398621731857868,0.38006971574722137
1700000001815000000,11815000000,364,363,363,0,0,,,,0,rest,hold,200.0,dev-0123456789abcdef0123456789abcdef,synthetic-1-rest,29,protocol,synthetic-demo-contract-v1,True,0.11984731264841271,0.15743755863027714,0.19020077617222123,0.2132352169625243,0.2708335566299378,0.2893891383147581,0.33976769537939694,0.3812175970643454
1700000001820000000,11820000000,365,364,364,0,0,,,,0,rest,hold,200.0,dev-0123456789abcdef0123456789abcdef,synthetic-1-rest,29,protocol,synthetic-demo-contract-v1,True,0.11927559232326573,0.15713045803705009,0.18873949129187484,0.21298181288833787,0.2702960232688185,0.28925371005333006,0.3385297717463687,0.38118153127815757
1700000001825000000,11825000000,366,365,365,0,0,,,,0,rest,hold,200.0,dev-0123456789abcdef0123456789abcdef,synthetic-1-rest,29,protocol,synthetic-demo-contract-v1,True,0.11753673258310637,0.15567724840315328,0.18621616918437656,0.21178607185932963,0.26861360805823586,0.2880926828697986,0.3361647776817939,0.37997137435524364
1700000001830000000,11830000000,367,366,366,0,0,,,,0,rest,hold,200.0,dev-0123456789abcdef0123456789abcdef,synthetic-1-rest,29,protocol,synthetic-demo-contract-v1,True,0.11465603492935963,0.1530971023803928,0.18266317129312432,0.20966475177337834,0.265807808675986,0.28592397631790656,0.3326984406022478,0.37760663910187486
1700000001835000000,11835000000,368,367,367,0,0,,,,0,rest,hold,200.0,dev-0123456789abcdef0123456789abcdef,synthetic-1-rest,29,protocol,synthetic-demo-contract-v1,True,0.11067064707795422,0.14941970757988146,0.1781215703466451,0.20664216100777305,0.2619094698025294,0.2827739799047758,0.3281656288450373,0.37411631769987275
1700000001840000000,11840000000,369,368,368,0,0,,,,0,rest,hold,200.0,dev-0123456789abcdef0123456789abcdef,synthetic-1-rest,29,protocol,synthetic-demo-contract-v1,True,0.10562911825189579,0.14468499411264973,0.1726407485260412,0.20274995626339468,0.25695851970221684,0.27867732188234956,0.32261006515362706,0.36953862653365077
1700000001845000000,11845000000,370,369,369,0,0,,,,0,rest,hold,200.0,dev-0123456789abcdef0123456789abcdef,synthetic-1-rest,29,protocol,synthetic-demo-contract-v1,True,0.09959081495728647,0.13894275993394303,0.1662779258680978,0.19802688119492273,0.25100363171676404,0.2736765694231892,0.3160839670634951,0.3639206754592941
1700000001850000000,11850000000,371,370,370,0,0,,,,0,rest,hold,200.0,dev-0123456789abcdef0123456789abcdef,synthetic-1-rest,29,protocol,synthetic-demo-contract-v1,True,0.09262520564852592,0.13225219766779356,0.15909762349169207,0.19251844790915826,0.2441018134765215,0.26782186270087577,0.3086476171058872,0.357318064287088
1700000001855000000,11855000000,372,371,371,0,0,,,,0,rest,hold,200.0,dev-0123456789abcdef0123456789abcdef,synthetic-1-rest,29,protocol,synthetic-demo-contract-v1,True,0.08481102462127149,0.12468132766694717,0.1511710667782723,0.18627656387090952,0.2363179272321049,0.2611704859444424,0.30036886632639703,0.34979440984639665
1700000001860000000,11860000000,373,372,372,0,0,,,,0,rest,hold,200.0,dev-0123456789abcdef0123456789abcdef,synthetic-1-rest,29,protocol,synthetic-demo-contract-v1,True,0.07623532722913515,0.11630634308939751,0.14257553412947901,0.17935910719329584,0.22772414527788945,0.2537863790598648,0.2913225751662822,0.34142080757134363
1700000001865000000,11865000000,374,373,373,0,0,,,,0,rest,hold,200.0,dev-0123456789abcdef0123456789abcdef,synthetic-1-rest,29,protocol,synthetic-demo-contract-v1,True,0.06699245007197166,0.1072108737341446,0.13339365736234002,0.17182945370323863,0.21839934497495037,0.24573959390522246,0.28158999627228637,0.3322752320826126
1700000001870000000,11870000000,375,374,374,0,0,,,,0,rest,hold,200.0,dev-0123456789abcdef0123456789abcdef,synthetic-1-rest,29,protocol,synthetic-demo-contract-v1,True,0.05718289112390401,0.097485176263835,0.12371268018151362,0.16375595956010625,0.20842844837991625,0.23710569976570983,0.2712581042812892,0.32244188174051314
1700000001875000000,11875000000,376,375,375,0,0,,,,0,rest,hold,200.0,dev-0123456789abcdef0123456789abcdef,synthetic-1-rest,29,protocol,synthetic-demo-contract-v1,True,0.04691212583607696,0.08722525923995725,0.11362368148585737,0.15521140356283408,0.19790171194371262,0.2279651429963559,0.2604188780653209,0.3120104726031134
1700000001880000000,11880000000,377,376,376,0,0,,,,0,rest,hold,200.0,dev-0123456789abcdef0123456789abcdef,synthetic-1-rest,29,protocol,synthetic-demo-contract-v1,True,0.036289376045438415,0.07653195209769242,0.10322077052086552,0.1462723936054807,0.18691397215652378,0.21840256618060472,0.24916854131670757,0.30107548763692654
1700000001885000000,11885000000,378,377,377,0,0,,,,0,rest,hold,200.0,dev-0123456789abcdef0123456789abcdef,synthetic-1-rest,29,protocol,synthetic-demo-contract-v1,True,0.025426349034658978,0.06550992778407402,0.09260026107766575,0.13701874203056819,0.17556385337914743,0.2085060924887092,0.2376067676991612,0.28973538739303345
1700000001890000000,11890000000,379,378,378,0,0,,,,0,rest,hold,200.0,dev-0123456789abcdef0123456789abcdef,synthetic-1-rest,29,protocol,synthetic-demo-contract-v1,True,0.014435964312778986,0.054266689267735396,0.08185983206220357,0.1275328148813173,0.16395294441319996,0.19836658120837453,0.22583585708555654,0.27809178867556683
1700000001895000000,11895000000,380,379,379,0,0,,,,0,rest,hold,200.0,dev-0123456789abcdef0123456789abcdef,synthetic-1-rest,29,protocol,synthetic-demo-contract-v1,True,0.0034310856199253727,0.04291153049561334,0.07109768181457733,0.11789886026598718,0.15218495062076137,0.18807686065885187,0.2139598896445082,0.2662486179896059
1700000001900000000,11900000000,381,380,380,0,0,,,,0,rest,hold,200.0,dev-0123456789abcdef0123456789abcdef,synthetic-1-rest,29,protocol,synthetic-demo-contract-v1,True,-0.007476724693531283,0.03155448261749075,0.06041168354849696,0.10820232121830861,0.140364828605964,0.1777309448868111,0.20208386472371,0.2543112467596573
1700000001905000000,11905000000,382,381,381,0,0,,,,0,rest,hold,200.0,dev-0123456789abcdef0123456789abcdef,synthetic-1-rest,29,protocol,synthetic-demo-contract-v1,True,-0.01817841239351145,0.020305256420581116,0.049898549205324286,0.09852913856601939,0.12859791061500478,0.16742324067621867,0.19031283160673598,0.24238561545632464
1700000001910000000,11910000000,383,382,382,0,0,,,,0,rest,hold,200.0,dev-0123456789abcdef0123456789abcdef,synthetic-1-rest,29,protocol,synthetic-demo-contract-v1,True,-0.02856858356836336,0.009272191912464173,0.03965300887752314,0.0889650494036806,0.11698902589587855,0.1572477514839779,0.17875101929050913,0.23057735385626763
1700000001915000000,11915000000,384,383,383,0,0,,,,0,rest,hold,200.0,dev-0123456789abcdef0123456789abcdef,synthetic-1-rest,29,protocol,synthetic-demo-contract-v1,True,-0.038546587826410246,-0.0014387741377334031,0.029767012754736435,0.07959488680568316,0.10564162628422162,0.1472972849377187,0.1675009724424443,0.21899090468854968
1700000001920000000,11920000000,385,384,384,0,0,,,,0,rest,hold,200.0,dev-0123456789abcdef0123456789abcdef,synthetic-1-rest,29,protocol,synthetic-demo-contract-v1,True,-0.048017519355483054,-0.011725112140976518,0.02032896228451561,0.07050188641011176,0.09465692324661971,0.13766267050148293,0.1566627006490664,0.20772865788858225
1700000001925000000,11925000000,386,385,385,0,0,,,,0,rest,hold,200.0,dev-0123456789abcdef0123456789abcdef,synthetic-1-rest,29,protocol,synthetic-demo-contract-v1,True,-0.05689312426721281,-0.021488664923515127,0.01142297692219436,0.061767005454067846,0.08413304351804922,0.1284319938295661,0.14633284796223237,0.19689010258953973
1700000001930000000,11930000000,387,386,386,0,0,,,,0,rest,hold,200.0,dev-0123456789abcdef0123456789abcdef,synthetic-1-rest,29,protocol,synthetic-demo-contract-v1,True,-0.06509260436395037,-0.0306365645497014,0.0031282024739924894,0.053468259746423955,0.07416421031645226,0.11968985418905922,0.13660388958568914,0.1865710038310227
1700000001935000000,11935000000,388,387,387,0,0,,,,0,rest,hold,200.0,dev-0123456789abcdef0123456789abcdef,synthetic-1-rest,29,protocol,synthetic-demo-contract-v1,True,-0.07254330931083872,-0.03908209161694899,-0.004481833381840775,0.0456800839254741,0.0648399569060699,0.11151665113885947,0.12756336232490803,0.17686261075713658
1700000001940000000,11940000000,389,388,388,0,0,,,,0,rest,hold,200.0,dev-0123456789abcdef0123456789abcdef,synthetic-1-rest,29,protocol,synthetic-demo-contract-v1,True,-0.0791813111343234,-0.04674546859699788,-0.011339813274715824,0.038472720167693014,0.05624437901390007,0.10398790640876227,0.11929313514881049,0.167850902812848
1700000001945000000,11945000000,390,389,389,0,0,,,,0,rest,hold,200.0,dev-0123456789abcdef0123456789abcdef,synthetic-1-rest,29,protocol,synthetic-demo-contract-v1,True,-0.0849518569645964,-0.05355457957752519,-0.017385165404514215,0.03191164029111747,0.048455432282625,0.09717362662866663,0.11186872588530232,0.1596158801305803
1700000001950000000,11950000000,391,390,390,0,0,,,,0,rest,hold,200.0,dev-0123456789abcdef0123456789abcdef,synthetic-1-rest,29,protocol,synthetic-demo-contract-v1,True,-0.08980969795574939,-0.05944560961811885,-0.022564537807912986,0.026057005934456694,0.04154428057124531,0.09113771221738184,0.10535866969614878,0.1522309039311724
1700000001955000000,11955000000,392,391,391,0,0,,,,0,rest,hold,200.0,dev-0123456789abcdef0123456789abcdef,synthetic-1-rest,29,protocol,synthetic-demo-contract-v1,True,-0.09371929431648982,-0.06436359786363538,-0.026832208116071204,0.02096317119299948,0.03557470049458132,0.08593741735589532,0.09982394455378099,0.14576209234764642
1700000001960000000,11960000000,393,392,392,0,0,,,,0,rest,hold,200.0,dev-0123456789abcdef0123456789abcdef,synthetic-1-rest,29,protocol,synthetic-demo-contract-v1,True,-0.09665489832978857,-0.06826289954423716,-0.030150425882924232,0.016678231756989646,0.03060254712816793,0.08162286554439502,0.095317458476531,0.14026777662009834
1700000001965000000,11965000000,394,393,393,0,0,,,,0,rest,hold,200.0,dev-0123456789abcdef0123456789abcdef,synthetic-1-rest,29,protocol,synthetic-demo-contract-v1,True,-0.09860051909692465,-0.07110755302251974,-0.032489685173056504,0.013243624230019438,0.026675285299726646,0.07823662477937905,0.09188360277337988,0.13579802210926356
1700000001970000000,11970000000,395,394,394,0,0,,,,0,rest,hold,200.0,dev-0123456789abcdef0123456789abcdef,synthetic-1-rest,29,protocol,synthetic-demo-contract-v1,True,-0.09954977447737572,-0.07287154911118986,-0.033828925720435506,0.01069377890706508,0.023831590346573162,0.07581334589073481,0.08955787500876793,0.13239421803911564
1700000001975000000,11975000000,396,395,395,0,0,,,,0,rest,hold,200.0,dev-0123456789abcdef0123456789abcdef,synthetic-1-rest,29,protocol,synthetic-demo-contract-v1,True,-0.09950563728115862,-0.07353900096668843,-0.03415566159857133,0.009055828867102557,0.02210102164439555,0.07437946705277085,0.08836657482670637,0.130088739309586
1700000001980000000,11980000000,397,396,396,0,0,,,,0,rest,hold,200.0,dev-0123456789abcdef0123456789abcdef,synthetic-1-rest,29,protocol,synthetic-demo-contract-v1,True,-0.09848008417806588,-0.07310421395167253,-0.03346603697314329,0.008349377787209816,0.02150377161164773,0.07395298693228972,0.08832657517612466,0.12890468312394399
1700000001985000000,11985000000,398,397,397,0,0,,,,0,rest,hold,200.0,dev-0123456789abcdef0123456789abcdef,synthetic-1-rest,29,protocol,synthetic-demo-contract-v1,True,-0.09649365699631261,-0.07157165593929242,-0.031764809134282986,0.008586328417157944,0.02205049227024728,0.07454330836542482,0.08944517086092946,0.12885568255642108
1700000001990000000,11990000000,399,398,398,0,0,,,,0,rest,hold,200.0,dev-0123456789abcdef0123456789abcdef,synthetic-1-rest,29,protocol,synthetic-demo-contract-v1,True,-0.09357494707317239,-0.06895582959182583,-0.029065259622015574,0.00977077316943272,0.023742200802521443,0.07615115386789681,0.09172000570375081,0.12994579854944077
1700000001995000000,11995000000,400,399,399,0,0,,,,0,rest,hold,200.0,dev-0123456789abcdef0123456789abcdef,synthetic-1-rest,29,protocol,synthetic-demo-contract-v1,True,-0.08976001407861861,-0.06528104917300158,-0.025389034859570215,0.011898947783240741,0.02657026489170876,0.07876855368546325,0.09513907896702362,0.13216949118159324
1700000002000000000,12000000000,401,400,400,0,0,,,,0,rest,hold,200.0,dev-0123456789abcdef0123456789abcdef,synthetic-1-rest,29,protocol,synthetic-demo-contract-v1,True,-0.08509175125107345,-0.06058112543541539,-0.020765918290330875,0.014959248516252712,0.030516467974162853,0.08237890648758217,0.09968083102418414,0.1355116703925972
1700000002005000000,12005000000,402,401,401,0,0,,,,0,rest,hold,200.0,dev-0123456789abcdef0123456789abcdef,synthetic-1-rest,29,protocol,synthetic-demo-contract-v1,True,-0.07961920925825124,-0.05489896305065489,-0.015233536570304467,0.018932312808650518,0.03555315387119104,0.08695711220273379,0.1053143076227315,0.13994782569536476
1700000002010000000,12010000000,403,402,402,0,0,,,,0,rest,hold,200.0,dev-0123456789abcdef0123456789abcdef,synthetic-1-rest,29,protocol,synthetic-demo-contract-v1,True,-0.07339689092698531,-0.048286075909881064,-0.008837002894692803,0.023791162854503403,0.0416434496126247,0.09246977589344267,0.11199940143504274,0.14544423375331603
1700000002015000000,12015000000,404,403,403,0,0,,,,0,rest,hold,200.0,dev-0123456789abcdef0123456789abcdef,synthetic-1-rest,29,protocol,synthetic-demo-contract-v1,True,-0.06648402887990806,-0.040802026407397426,-0.0016285010303192333,0.02950141100966633,0.04874156461818252,0.09887548097781311,0.11968716895745972,0.1519582420586721
1700000002020000000,12020000000,405,404,404,0,0,,,,0,rest,hold,200.0,dev-0123456789abcdef0123456789abcdef,synthetic-1-rest,29,protocol,synthetic-demo-contract-v1,True,-0.05894385768470535,-0.03251379552102177,0.006333185918469856,0.03602152546732879,0.05679316377181159,0.10612512952726628,0.12832022019853792,0.15943862631990502
1700000002025000000,12025000000,406,405,405,0,0,,,,0,rest,hold,200.0,dev-0123456789abcdef0123456789abcdef,synthetic-1-rest,29,protocol,synthetic-demo-contract-v1,True,-0.050842891478693766,-0.02349509111396947,0.014983197567547743,0.0433031541459814,0.06573581131362657,0.1141623468118898,0.13783317799850195,0.16782601855897145
1700000002030000000,12030000000,407,406,406,0,0,,,,0,rest,hold,200.0,dev-0123456789abcdef0123456789abcdef,synthetic-1-rest,29,protocol,synthetic-demo-contract-v1,True,-0.042250217196931596,-0.013825602397736943,0.024251164319834588,0.05129150426387869,0.07549948188894164,0.12292394673009839,0.14815320324890707,0.17705340233648242
1700000002035000000,12035000000,408,407,407,0,0,,,,0,rest,hold,200.0,dev-0123456789abcdef0123456789abcdef,synthetic-1-rest,29,protocol,synthetic-demo-contract-v1,True,-0.0332368125290304,-0.0035902089098905346,0.034061816300971014,0.05992577462278044,0.08600713453895158,0.13234045425251814,0.15920058173889506,0.1870466709702989
1700000002040000000,12040000000,409,408,408,0,0,,,,0,rest,hold,200.0,dev-0123456789abcdef0123456789abcdef,synthetic-1-rest,29,protocol,synthetic-demo-contract-v1,True,-0.02387489658433676,0.007121847328265195,0.04433562774596267,0.06913963719551701,0.09717534489749653,0.1423366805354055,0.1708893678467705,0.19772524409477577
1700000002045000000,12045000000,410,409,409,0,0,,,,0,rest,hold,200.0,dev-0123456789abcdef0123456789abcdef,synthetic-1-rest,29,protocol,synthetic-demo-contract-v1,True,-0.014237319985833084,0.018217817603020513,0.05498949119090499,0.0788617642102387,0.10891499037735533,0.15283234592045603,0.18312807982711565,0.20900273742830827
1700000002050000000,12050000000,411,410,410,0,0,,,,0,rest,hold,200.0,dev-0123456789abcdef0123456789abcdef,synthetic-1-rest,29,protocol,synthetic-demo-contract-v1,True,-0.004396999770577614,0.029602321276364,0.06593741564651875,0.08901639655226765,0.12113198269155981,0.1637427456391221,0.19582044101810075,0.2207876801798329
1700000002055000000,12055000000,412,411,411,0,0,,,,0,rest,hold,200.0,dev-0123456789abcdef0123456789abcdef,synthetic-1-rest,29,protocol,synthetic-demo-contract-v1,True,0.005573596919468186,0.04117823056140156,0.07709124280414634,0.09952394896535187,0.13372804166397725,0.17497945268391646,0.20886616091459617,0.23298427413415754
1700000002060000000,12060000000,413,412,412,0,0,,,,0,rest,hold,200.0,dev-0123456789abcdef0123456789abcdef,synthetic-1-rest,29,protocol,synthetic-demo-contract-v1,True,0.015602917785428511,0.05284755643979936,0.08836137525024573,0.11030164723062626,0.14660150394212168,0.18645105199959663,0.22216174972330016,0.24549318811466675
1700000002065000000,12065000000,414,413,413,0,0,,,,0,rest,hold,200.0,dev-0123456789abcdef0123456789abcdef,synthetic-1-rest,29,protocol,synthetic-demo-contract-v1,True,0.025620737787326132,0.0645123270576573,0.09965751064189311,0.12126419223612667,0.15964815993656006,0.19806389988609566,0.23560135973899435,0.25821238123279383
1700000002070000000,12070000000,415,414,414,0,0,,,,0,rest,hold,200.0,dev-0123456789abcdef0123456789abcdef,synthetic-1-rest,29,protocol,synthetic-demo-contract-v1,True,0.03555851921190758,0.07607545023055293,0.11088937582268964,0.13232444562456144,0.1727621120778373,0.20972290229483664,0.24907764665859694,0.27103794809910875
1700000002075000000,12075000000,416,415,415,0,0,,,,0,rest,hold,200.0,dev-0123456789abcdef0123456789abcdef,synthetic-1-rest,29,protocol,synthetic-demo-contract-v1,True,0.04534972085726437,0.0874415520694181,0.12196745493461629,0.14339413152411687,0.18583664730549596,0.22133230554239924,0.26248264378375535,0.28386497899288565
1700000002080000000,12080000000,417,416,416,0,0,,,,0,rest,hold,200.0,dev-0123456789abcdef0123456789abcdef,synthetic-1-rest,29,protocol,synthetic-demo-contract-v1,True,0.054930058977077326,0.09851778419926478,0.1328037057051073,0.15438454872779347,0.19876511658584234,0.23279649286158033,0.2757086419545524,0.2965884278668967
1700000002085000000,12085000000,418,417,417,0,0,,,,0,rest,hold,200.0,dev-0123456789abcdef0123456789abcdef,synthetic-1-rest,29,protocol,synthetic-demo-contract-v1,True,0.06423772367779637,0.10921459257482326,0.14331225825816313,0.1652072875925443,0.21144181419678432,0.2440207801607795,0.28864906800759776,0.30910398100311426
1700000002090000000,12090000000,419,418,418,0,0,,,,0,rest,hold,200.0,dev-0123456789abcdef0123456789abcdef,synthetic-1-rest,29,protocol,synthetic-demo-contract-v1,True,0.07321355536285333,0.11944644149206843,0.15341009101122283,0.1757749458809729,0.2237628495196199,0.25491220436854756,0.3011993545615551,0.3213089191332683
1700000002095000000,12095000000,420,419,419,0,0,,,,0,rest,hold,200.0,dev-0123456789abcdef0123456789abcdef,synthetic-1-rest,29,protocol,synthetic-demo-contract-v1,True,0.08180118655090972,0.12913248704324626,0.1630176784732734,0.18600183776616672,0.23562700413920473,0.26538029780114375,0.3132577940020763,0.3331029658959253
1700000002100000000,12100000000,421,420,420,0,0,,,,0,rest,hold,200.0,dev-0123456789abcdef0123456789abcdef,synthetic-1-rest,29,protocol,synthetic-demo-contract-v1,True,0.0899471549458676,0.13819719495565316,0.17205960605138237,0.19580469026450018,0.2469365671749481,0.2753378421065395,0.3247263696656004,0.3443891156184169
1700000002105000000,12105000000,422,421,421,0,0,,,,0,rest,hold,200.0,dev-0123456789abcdef0123456789abcdef,synthetic-1-rest,29,protocol,synthetic-demo-contract-v1,True,0.09760099399492655,0.14657089848098057,0.18046514729928156,0.20510332145162166,0.2575981419445091,0.2847015955074532,0.3355115574064315,0.3550744335864917
1700000002110000000,12110000000,423,422,422,0,0,,,,0,rest,hold,200.0,dev-0123456789abcdef0123456789abcdef,synthetic-1-rest,29,protocol,synthetic-demo-contract-v1,True,0.1047153073319677,0.15419029275241167,0.1881687993995147,0.21382129495280514,0.2675234172984809,0.29339298728736846,0.34552509097248735,0.3650708221956098
1700000002115000000,12115000000,424,423,423,0,0,,,,0,rest,hold,200.0,dev-0123456789abcdef0123456789abcdef,synthetic-1-rest,29,protocol,synthetic-demo-contract-v1,True,0.11124583346616866,0.16099886279065564,0.19511077305642993,0.22188654537940505,0.2766298972558117,0.30133877373524476,0.35468468491014427,0.37429574666340903
1700000002120000000,12120000000,425,424,424,0,0,,,,0,rest,hold,200.0,dev-0123456789abcdef0123456789abcdef,synthetic-1-rest,29,protocol,synthetic-demo-contract-v1,True,0.11715150684370912,0.16694724310761502,0.20123743338720418,0.22923196960690606,0.28484158291372563,0.3084716500844521,0.3629147090652094,0.382672914320601
1700000002125000000,12125000000,426,425,425,0,0,,,,0,rest,hold,200.0,dev-0123456789abcdef0123456789abcdef,synthetic-1-rest,29,protocol,synthetic-demo-contract-v1,True,0.122394520992059,0.17199350761770812,0.20650168882838402,0.23579597905538144,0.2920896009997281,0.31473081334675673,0.37014680914245474,0.39013290188465966
1700000002130000000,12130000000,427,426,426,0,0,,,,0,rest,hold,200.0,dev-0123456789abcdef0123456789abcdef,synthetic-1-rest,29,protocol,synthetic-demo-contract-v1,True,0.12694039886423403,0.17610338931263758,0.2108633255222508,0.24152300843803454,0.2983127738736315,0.3200624713499319,0.3763204682271113,0.3966137255539315
1700000002135000000,12135000000,428,427,427,0,0,,,,0,rest,hold,200.0,dev-0123456789abcdef0123456789abcdef,synthetic-1-rest,29,protocol,synthetic-demo-contract-v1,True,0.13075807475107568,0.17925042987672737,0.21428928510667597,0.24636397678547664,0.30345812627071567,0.32442029373429243,0.3813835046545417,0.4020613492355397
1700000002140000000,12140000000,429,428,428,0,0,,,,0,rest,hold,200.0,dev-0123456789abcdef0123456789abcdef,synthetic-1-rest,29,protocol,synthetic-demo-contract-v1,True,0.13381999124342328,0.18141606010878694,0.21675388430023448,0.25027669692995697,0.307481324599275,0.32776580114557474,0.38529250213515887,0.4064301267348589
1700000002145000000,12145000000,430,429,429,0,0,,,,0,rest,hold,200.0,dev-0123456789abcdef0123456789abcdef,synthetic-1-rest,29,protocol,synthetic-demo-contract-v1,True,0.1361022137262974,0.18258961266527812,0.21823897514720458,0.2532262300418498,0.31034704516246364,0.330068689374978,0.38801316859613283,0.40968317428300227
1700000002150000000,12150000000,431,430,430,0,0,,,,0,rest,hold,200.0,dev-0123456789abcdef0123456789abcdef,synthetic-1-rest,29,protocol,synthetic-demo-contract-v1,True,0.13758456380007464,0.1827682692418637,0.21873404526095158,0.2551851822472086,0.3120292682610248,0.3313070857376759,0.3895206207850617,0.4117926703572394
1700000002155000000,12155000000,432,431,431,0,0,,,,0,rest,hold,200.0,dev-0123456789abcdef0123456789abcdef,synthetic-1-rest,29,protocol,synthetic-demo-contract-v1,True,0.13825077187724594,0.18195694486052563,0.2182362578753487,0.2561339408166474,0.31251149574529785,0.3314677355441663,0.38979959228875943,0.4127400803527062
1700000002160000000,12160000000,433,432,432,0,0,,,,0,rest,hold,200.0,dev-0123456789abcdef0123456789abcdef,synthetic-1-rest,29,protocol,synthetic-demo-contract-v1,True,0.13808864802733395,0.18016811242265598,0.21675043197869578,0.25606084789855027,0.31178689021677486,0.3305461170997822,0.3888445632476141,0.4125163042871811
1700000002165000000,12165000000,434,433,433,0,0,,,,0,rest,hold,200.0,dev-0123456789abcdef0123456789abcdef,synthetic-1-rest,29,protocol,synthetic-demo-contract-v1,True,0.1370902689673693,0.17742157112121007,0.21428896325966915,0.2549623102698421,0.3098583347262399,0.3285464842617225,0.3866598106874921,0.4111217463589393
1700000002170000000,12170000000,435,434,434,0,0,,,,0,rest,hold,200.0,dev-0123456789abcdef0123456789abcdef,synthetic-1-rest,29,protocol,synthetic-demo-contract-v1,True,0.1352521779515402,0.17374416267451065,0.21087168703685627,0.2528428440912814,0.3067384124718066,0.32548183618514115,0.3832593790415968,0.4085663058254575
1700000002175000000,12175000000,436,435,435,0,0,,,,0,rest,hold,200.0,dev-0123456789abcdef0123456789abcdef,synthetic-1-rest,29,protocol,synthetic-demo-contract-v1,True,0.13257559323126664,0.16916943964902684,0.20652568476934305,0.24971505417735568,0.3024493066605488,0.32137381449514224,0.37866697108870684,0.4048692893226635
1700000002180000000,12180000000,437,436,436,0,0,,,,0,rest,hold,200.0,dev-0123456789abcdef0123456789abcdef,synthetic-1-rest,29,protocol,synthetic-demo-contract-v1,True,0.12906661976483796,0.16373729037787985,0.20128503615276794,0.24559954781921203,0.297022621356472,0.3162525287249631,0.3729157601864623,0.40005924539512666
1700000002185000000,12185000000,438,437,437,0,0,,,,0,rest,hold,200.0,dev-0123456789abcdef0123456789abcdef,synthetic-1-rest,29,protocol,synthetic-demo-contract-v1,True,0.12473645798081597,0.15749352515637663,0.1951905191905682,0.24052478372835048,0.290499124789805,0.3101563114571387,0.366048125323433,0.39417372265164885
1700000002190000000,12190000000,439,438,438,0,0,,,,0,rest,hold,200.0,dev-0123456789abcdef0123456789abcdef,synthetic-1-rest,29,protocol,synthetic-demo-contract-v1,True,0.11960160266619681,0.1504894285070177,0.18828926099148457,0.23452685719485247,0.2829284172426858,0.30313140518912096,0.3581153111463609,0.3872589535928652
1700000002195000000,12195000000,440,439,439,0,0,,,,0,rest,hold,200.0,dev-0123456789abcdef0123456789abcdef,synthetic-1-rest,29,protocol,synthetic-demo-contract-v1,True,0.11368402448026478,0.1427812823564311,0.18063434237953574,0.22764922307237798,0.2743685262489068,0.295231583512752,0.34917701573393906,0.3793694667724057
1700000002200000000,12200000000,441,440,440,0,0,,,,0,rest,hold,200.0,dev-0123456789abcdef0123456789abcdef,synthetic-1-rest,29,protocol,synthetic-demo-contract-v1,True,0.107011326206192,0.13442986495879833,0.1722843597098155,0.21994235870892082,0.2648854324454013,0.28651770974351,0.33930090948078967,0.37056763054587
1700000002205000000,12205000000,442,441,441,0,0,,,,0,rest,hold,200.0,dev-0123456789abcdef0123456789abcdef,synthetic-1-rest,29,protocol,synthetic-demo-contract-v1,True,0.09961686565877553,0.12549993033844878,0.16330294756094016,0.2114633694331995,0.2545525299856096,0.27705723665597193,0.32856208902004314,0.3609231322274208
1700000002210000000,12210000000,443,442,442,0,0,,,,0,rest,hold,200.0,dev-0123456789abcdef0123456789abcdef,synthetic-1-rest,29,protocol,synthetic-demo-contract-v1,True,0.09153983717801016,0.11605967291299643,0.15375826622140037,0.20227553967755538,0.24345002596500215,0.26692365147213426,0.3170424706454087,0.3505123970074718
1700000002215000000,12215000000,444,443,443,0,0,,,,0,rest,hold,200.0,dev-0123456789abcdef0123456789abcdef,synthetic-1-rest,29,protocol,synthetic-demo-contract-v1,True,0.08282530385983171,0.10618018180289247,0.14372245810143167,0.1924478332655404,0.23166428381247042,0.2561958707050768,0.30483012818959365,0.33941795148243165
1700000002220000000,12220000000,445,444,444,0,0,,,,0,rest,hold,200.0,dev-0123456789abcdef0123456789abcdef,synthetic-1-rest,29,protocol,synthetic-demo-contract-v1,True,0.07352417310788117,0.09593488913913852,0.13327107738340987,0.18205434681226268,0.21928711606380977,0.2449575898781026,0.2920185807712049,0.3277277371045622
1700000002225000000,12225000000,446,445,445,0,0,,,,0,rest,hold,200.0,dev-0123456789abcdef0123456789abcdef,synthetic-1-rest,29,protocol,synthetic-demo-contract-v1,True,0.06369310872944402,0.0853990164541016,0.12248249737164218,0.17117372057455027,0.2064150323512817,0.23329659351546528,0.2787060362331299,0.3155343792729659
1700000002230000000,12230000000,447,446,446,0,0,,,,0,rest,hold,200.0,dev-0123456789abcdef0123456789abcdef,synthetic-1-rest,29,protocol,synthetic-demo-contract-v1,True,0.05339437363608821,0.07464902298712911,0.1114373001164843,0.15988851144291533,0.19314844881287477,0.22130403113202118,0.26499459645852297,0.30293441815217076
1700000002235000000,12235000000,448,447,447,0,0,,,,0,rest,hold,200.0,dev-0123456789abcdef0123456789abcdef,synthetic-1-rest,29,protocol,synthetic-demo-contract-v1,True,0.042695598231607,0.06376205946322365,0.1002176529678457,0.14828453308513476,0.17959086544327815,0.20907366523282114,0.2509894310628794,0.2900275076196732
1700000002240000000,12240000000,449,448,448,0,0,,,,0,rest,hold,200.0,dev-0123456789abcdef0123456789abcdef,synthetic-1-rest,29,protocol,synthetic-demo-contract-v1,True,0.03166947075905737,0.052815430615647585,0.08890667675947525,0.13645016852929973,0.165848018173071,0.19670109756738224,0.23679792621967,0.27691558900549706
1700000002245000000,12245000000,450,449,449,0,0,,,,0,rest,hold,200.0,dev-0123456789abcdef0123456789abcdef,synthetic-1-rest,29,protocol,synthetic-demo-contract-v1,True,0.02039334721353235,0.04188606942826054,0.07758781033844157,0.124475660710195,0.15202701267118243,0.1842829800653435,0.22252881558064186,0.26370204649331835
1700000002250000000,12250000000,451,450,450,0,0,,,,0,rest,hold,200.0,dev-0123456789abcdef0123456789abcdef,synthetic-1-rest,29,protocol,synthetic-demo-contract-v1,True,0.008948779882553217,0.031050025776374522,0.0663441761343403,0.11245238669461076,0.13823544701634619,0.17191621700868492,0.20829130039828833,0.25049085120208475
1700000002255000000,12255000000,452,451,451,0,0,,,,0,rest,hold,200.0,dev-0123456789abcdef0123456789abcdef,synthetic-1-rest,29,protocol,synthetic-demo-contract-v1,True,-0.0025790348763517785,0.020381971851701333,0.05525795141092732,0.10047212144718527,0.12458053047503514,0.15969716506980236,0.19419416604615292,0.23738570105830373
1700000002260000000,12260000000,453,452,452,0,0,,,,0,rest,hold,200.0,dev-0123456789abcdef0123456789abcdef,synthetic-1-rest,29,protocol,synthetic-demo-contract-v1,True,-0.014101887401931298,0.009954726472586578,0.04440974975995043,0.08862629709717726,0.1111682056553199,0.14772083786373405,0.1803449021617143,0.2244891636014192
1700000002265000000,12265000000,454,453,453,0,0,,,,0,rest,hold,200.0,dev-0123456789abcdef0123456789abcdef,synthetic-1-rest,29,protocol,synthetic-demo-contract-v1,True,-0.02552926018181395,-0.00016119989019707372,0.03387801728404915,0.07700526371724252,0.09810228127799851,0.1360801216265612,0.16684883360636177,0.2119018288376889
1700000002270000000,12270000000,455,454,454,0,0,,,,0,rest,hold,200.0,dev-0123456789abcdef0123456789abcdef,synthetic-1-rest,29,protocol,synthetic-demo-contract-v1,True,-0.036769102499708065,-0.009898037795181735,0.02373844777408575,0.06569755762736608,0.08548358271851195,0.12486500854083465,0.15380826934776276,0.19972147917204233
1700000002275000000,12275000000,456,455,455,0,0,,,,0,rest,hold,200.0,dev-0123456789abcdef0123456789abcdef,synthetic-1-rest,29,protocol,synthetic-demo-contract-v1,True,-0.04772866719001873,-0.01919116787504327,0.014063421017489433,0.054789183190328966,0.07340912732622717,0.11416185408347848,0.1413216762223808,0.18804228330317757
1700000002280000000,12280000000,457,456,456,0,0,,,,0,rest,hold,200.0,dev-0123456789abcdef0123456789abcdef,synthetic-1-rest,29,protocol,synthetic-demo-contract-v1,True,-0.058315400890004664,-0.027979505109091186,0.00492146817967868,0.04436291396970665,0.06197133132285392,0.10405266457317619,0.1294828843312522,0.17695402076584918
1700000002285000000,12285000000,458,457,457,0,0,,,,0,rest,hold,200.0,dev-0123456789abcdef0123456789abcdef,synthetic-1-rest,29,protocol,synthetic-demo-contract-v1,True,-0.06843787776273438,-0.036205857371367035,-0.003623232017891288,0.034497618978103294,0.051257254820839725,0.09461442084449169,0.11838033056213336,0.16654134354767744
1700000002290000000,12290000000,459,458,458,0,0,,,,0,rest,hold,200.0,dev-0123456789abcdef0123456789abcdef,synthetic-1-rest,29,protocol,synthetic-demo-contract-v1,True,-0.07800676538472408,-0.043817257459071106,-0.01151132284038369,0.025267619553059922,0.04134789118762434,0.08591844367688274,0.10809634641784172,0.15688308089791875
1700000002295000000,12295000000,460,459,459,0,0,,,,0,rest,hold,200.0,dev-0123456789abcdef0123456789abcdef,synthetic-1-rest,29,protocol,synthetic-demo-contract-v1,True,-0.08693581037955948,-0.05076526793571803,-0.018688701581651826,0.016742082162239606,0.03231750661523788,0.07802980626081175,0.09870649596661824,0.14805159308505522
1700000002300000000,12300000000,461,460,460,0,0,,,,0,rest,hold,200.0,dev-0123456789abcdef0123456789abcdef,synthetic-1-rest,29,protocol,synthetic-demo-contract-v1,True,-0.09514283045937647,-0.05700625822625828,-0.02510691116437678,0.008984452159958013,0.024233035340024005,0.0710067985933116,0.09027896931872165,0.14011217945189677
1700000002305000000,12305000000,462,461,461,0,0,,,,0,rest,hold,200.0,dev-0123456789abcdef0123456789abcdef,synthetic-1-rest,29,protocol,synthetic-demo-contract-v1,True,-0.10255069883295861,-0.06250165347859148,-0.030723488653595622,0.002051933195875273,0.0171535354975179,0.06490044826468867,0.08287403657746074,0.13312254566435444
1700000002310000000,12310000000,463,462,462,0,0,,,,0,rest,hold,200.0,dev-0123456789abcdef0123456789abcdef,synthetic-1-rest,29,protocol,synthetic-demo-contract-v1,True,-0.10908830647130192,-0.06721815475902558,-0.0355022683502306,-0.0040049833836655994,0.011129710096675188,0.059754101630271415,0.07654356671637995,0.12713233455707454
1700000002315000000,12315000000,464,463,463,0,0,,,,0,rest,hold,200.0,dev-0123456789abcdef0123456789abcdef,synthetic-1-rest,29,protocol,synthetic-demo-contract-v1,True,-0.114691487503594,-0.07112793018078015,-0.03941363745520614,-0.009142935197879256,0.006203497059751421,0.05560306886000699,0.07133061530131968,0.12218272444968906
1700000002320000000,12320000000,465,464,464,0,0,,,,0,rest,hold,200.0,dev-0123456789abcdef0123456789abcdef,synthetic-1-rest,29,protocol,synthetic-demo-contract-v1,True,-0.1193038930585755,-0.07420877657749766,-0.04243474262932674,-0.013326048043521735,0.0024077317036534894,0.05247433582846367,0.06726908441098033,0.1183060982459721
1700000002325000000,12325000000,466,465,465,0,0,,,,0,rest,hold,200.0,dev-0123456789abcdef0123456789abcdef,synthetic-1-rest,29,protocol,synthetic-demo-contract-v1,True,-0.12287779917319337,-0.0764442513313356,-0.044549646117211086,-0.016526234602531022,-0.00023411555973978405,0.050386345252829444,0.06438345751711388,0.11552578603938016
1700000002330000000,12330000000,467,466,466,0,0,,,,0,rest,hold,200.0,dev-0123456789abcdef0123456789abcdef,synthetic-1-rest,29,protocol,synthetic-demo-contract-v1,True,-0.12537483496222587,-0.0778237739514503,-0.04574943045320075,-0.01872343007718794,-0.0017081241480574258,0.04934884891137732,0.06268861147036645,0.11385588333713643
1700000002335000000,12335000000,468,467,467,0,0,,,,0,rest,hold,200.0,dev-0123456789abcdef0123456789abcdef,synthetic-1-rest,29,protocol,synthetic-demo-contract-v1,True,-0.12676661807387513,-0.07834269697771896,-0.04603225112122149,-0.01990576269292032,-0.0020100293405565673,0.04936283218437697,0.06218970710517878,0.11330114638628094
1700000002340000000,12340000000,469,468,468,0,0,,,,0,rest,hold,200.0,dev-0123456789abcdef0123456789abcdef,synthetic-1-rest,29,protocol,synthetic-demo-contract-v1,True,-0.1270352855367875,-0.07800234576075363,-0.045403336896988125,-0.02006965753535364,-0.0011452485522907407,0.050420511558491275,0.06288215933223369,0.11385696544418505
1700000002345000000,12345000000,470,469,469,0,0,,,,0,rest,hold,200.0,dev-0123456789abcdef0123456789abcdef,synthetic-1-rest,29,protocol,synthetic-demo-contract-v1,True,-0.12617390941825618,-0.0768100266471973,-0.04387493795771455,-0.019219872728709855,0.0008711723565429149,0.05250540512926335,0.06475168693499134,0.11550941618820082
1700000002350000000,12350000000,471,470,470,0,0,,,,0,rest,hold,200.0,dev-0123456789abcdef0123456789abcdef,synthetic-1-rest,29,protocol,synthetic-demo-contract-v1,True,-0.12418678824144844,-0.07477900308347053,-0.04146622219956958,-0.01736946751278698,0.004014692282533813,0.0555924755294286,0.06777444163325043,0.11823538880977538
1700000002355000000,12355000000,472,471,471,0,0,,,,0,rest,hold,200.0,dev-0123456789abcdef0123456789abcdef,synthetic-1-rest,29,protocol,synthetic-demo-contract-v1,True,-0.12108960682700344,-0.07192843914601674,-0.038203120554532045,-0.01453970233106994,0.008251486482064472,0.059648344108511935,0.07191721532678419,0.12200279369288727
1700000002360000000,12360000000,473,472,472,0,0,,,,0,rest,hold,200.0,dev-0123456789abcdef0123456789abcdef,synthetic-1-rest,29,protocol,synthetic-demo-contract-v1,True,-0.11690945910300736,-0.06828331001592665,-0.034118122444072974,-0.010759871598502434,0.013538734817718879,0.06463157459649613,0.07713772379126002,0.12677084194040325
1700000002365000000,12365000000,474,473,473,0,0,,,,0,rest,hold,200.0,dev-0123456789abcdef0123456789abcdef,synthetic-1-rest,29,protocol,synthetic-demo-contract-v1,True,-0.11168473043550801,-0.06387427894457687,-0.02925002284531371,-0.00606707036956609,0.01982498425746834,0.07049302390619648,0.0833849644721283,0.13249039839018736
1700000002370000000,12370000000,475,474,474,0,0,,,,0,rest,hold,200.0,dev-0123456789abcdef0123456789abcdef,synthetic-1-rest,29,protocol,synthetic-demo-contract-v1,True,-0.10546483813495114,-0.05873754030816769,-0.023643622774088102,-0.0005058966710427665,0.0270505826228107,0.07717625717014649,0.090599645415093,0.13910440416066244
1700000002375000000,12375000000,476,475,475,0,0,,,,0,rest,hold,200.0,dev-0123456789abcdef0123456789abcdef,synthetic-1-rest,29,protocol,synthetic-demo-contract-v1,True,-0.09830983095560004,-0.05291462842586857,-0.01734938530681616,0.0058719082053117705,0.035148179993676705,0.08461802357296277,0.09871468178917094,0.14654836518804695
1700000002380000000,12380000000,477,476,476,0,0,,,,0,rest,hold,200.0,dev-0123456789abcdef0123456789abcdef,synthetic-1-rest,29,protocol,synthetic-demo-contract-v1,True,-0.09028985058713722,-0.04645219192124149,-0.010423049567510069,0.013007878641319724,0.04404329361921277,0.09274878903372132,0.10765575590494697,0.15475090266941322
1700000002385000000,12385000000,478,477,477,0,0,,,,0,rest,hold,200.0,dev-0123456789abcdef0123456789abcdef,synthetic-1-rest,29,protocol,synthetic-demo-contract-v1,True,-0.08148446030147012,-0.03940173354160517,-0.0029252053958296947,0.020837299561162002,0.053654931659139864,0.10149332131907965,0.11734193611100671,0.16363436081159938
1700000002390000000,12390000000,479,478,478,0,0,,,,0,rest,hold,200.0,dev-0123456789abcdef0123456789abcdef,synthetic-1-rest,29,protocol,synthetic-demo-contract-v1,True,-0.07198184802451879,-0.031819315516219776,0.0050791683148295914,0.029289733462865515,0.06389627059462638,0.11077132273068184,0.12768634946995963,0.17311546681014633
1700000002395000000,12395000000,480,479,479,0,0,,,,0,rest,hold,200.0,dev-0123456789abcdef0123456789abcdef,synthetic-1-rest,29,protocol,synthetic-demo-contract-v1,True,-0.06187791311452905,-0.023765230732152687,0.013521198365254219,0.03828959540790809,0.07467538070445259,0.12049810511337186,0.1385969026758498,0.18310603754869778
1700000002400000000,12400000000,481,480,480,0,0,,,,0,rest,hold,200.0,dev-0123456789abcdef0123456789abcdef,synthetic-1-rest,29,protocol,synthetic-demo-contract-v1,True,-0.05127524800871812,-0.015303640236102721,0.022328641605079993,0.04775677136045934,0.0858959936053885,0.13058530157726606,0.1499770452807318,0.19351372712134465
1700000002405000000,12405000000,482,481,481,0,0,,,,0,rest,hold,200.0,dev-0123456789abcdef0123456789abcdef,synthetic-1-rest,29,protocol,synthetic-demo-contract-v1,True,-0.04028202761453661,-0.006502177830226246,0.03142643520084033,0.05760727490048627,0.09745830550845903,0.14094160901976652,0.1617265689530227,0.2042428089414495
1700000002410000000,12410000000,483,482,482,0,0,,,,0,rest,hold,200.0,dev-0123456789abcdef0123456789abcdef,synthetic-1-rest,29,protocol,synthetic-demo-contract-v1,True,-0.029010820839199366,0.0025684771816473816,0.04073726893238729,0.0677539370073049,0.10925980954788685,0.15147355527559203,0.173742436196642,0.21519498591325054
1700000002415000000,12415000000,484,483,483,0,0,,,,0,rest,hold,200.0,dev-0123456789abcdef0123456789abcdef,synthetic-1-rest,29,protocol,synthetic-demo-contract-v1,True,-0.017577339943346863,0.011835057726882349,0.05018217546497715,0.07810712332510782,0.1211961502995863,0.16208628451617776,0.18591963172049092,0.22627022190956916
1700000002420000000,12420000000,485,484,484,0,0,,,,0,rest,hold,200.0,dev-0123456789abcdef0123456789abcdef,synthetic-1-rest,29,protocol,synthetic-demo-contract-v1,True,-0.006099144447974607,0.02122219546877109,0.05968113440160103,0.0885754730818722,0.13316199342294696,0.1726843543659222,0.19815202946428248,0.23736758762198948
1700000002425000000,12425000000,486,485,485,0,0,,,,0,rest,hold,200.0,dev-0123456789abcdef0123456789abcdef,synthetic-1-rest,29,protocol,synthetic-demo-contract-v1,True,0.005305682901374682,0.030652934020891552,0.0691536858036377,0.09906665364006492,0.14505190323490655,0.183172538103129,0.2103332681607249,0.2483861137305212
1700000002430000000,12430000000,487,486,486,0,0,,,,0,rest,hold,200.0,dev-0123456789abcdef0123456789abcdef,synthetic-1-rest,29,protocol,synthetic-demo-contract-v1,True,0.016519870117276764,0.040049266440225474,0.07851954877858397,0.10948812451343642,0.1567612209600004,0.19345662526894866,0.22235762824659205,0.259225644278975
1700000002435000000,12435000000,488,487,487,0,0,,,,0,rest,hold,200.0,dev-0123456789abcdef0123456789abcdef,synthetic-1-rest,29,protocol,synthetic-demo-contract-v1,True,0.02742828170447048,0.04933269419126986,0.08769924067230922,0.11974790459021836,0.16818693639464855,0.20344421401848076,0.23412090292675472,0.2697876831405101
1700000002440000000,12440000000,489,488,488,0,0,,,,0,rest,hold,200.0,dev-0123456789abcdef0123456789abcdef,synthetic-1-rest,29,protocol,synthetic-demo-contract-v1,True,0.03791921804659276,0.05842480439410773,0.09661469237078017,0.12975533626020466,0.1792285457785244,0.21304548861445144,0.24552125624592827,0.27997622651514553
1700000002445000000,12445000000,490,489,489,0,0,,,,0,rest,hold,200.0,dev-0123456789abcdef0123456789abcdef,synthetic-1-rest,29,protocol,synthetic-demo-contract-v1,True,0.04788567073872758,0.06724786179406338,0.10518985521313312,0.1394218401520247,0.1897888887799857,0.22217397558499957,0.2564600611322738,0.28969857451697856
1700000002450000000,12450000000,491,490,490,0,0,,,,0,rest,hold,200.0,dev-0123456789abcdef0123456789abcdef,synthetic-1-rest,29,protocol,synthetic-demo-contract-v1,True,0.05722651683886999,0.07572541152569622,0.11335129504472363,0.14866165424744324,0.1997749576752289,0.2307472722420355,0.2668427105440989,0.29886611508240557
1700000002455000000,12455000000,492,491,491,0,0,,,,0,rest,hold,200.0,dev-0123456789abcdef0123456789abcdef,synthetic-1-rest,29,protocol,synthetic-demo-contract-v1,True,0.06584763596756397,0.0837828883963519,0.12102876899572546,0.15739255125147147,0.20909867203068835,0.2386877414840001,0.2765793950744009,0.3073950736604095
1700000002460000000,12460000000,493,492,492,0,0,,,,0,rest,hold,200.0,dev-0123456789abcdef0123456789abcdef,synthetic-1-rest,29,protocol,synthetic-demo-contract-v1,True,0.07366293540022076,0.09134822809121622,0.12815578065814093,0.1655365282597208,0.2176776124833658,0.24592316708480608,0.2855858406460688,0.31520722243009724
1700000002465000000,12465000000,494,493,493,0,0,,,,0,rest,hold,200.0,dev-0123456789abcdef0123456789abcdef,synthetic-1-rest,29,protocol,synthetic-demo-contract-v1,True,0.08059526974905827,0.09835247540957028,0.13467010945157035,0.17302046297647988,0.22543570755176057,0.25238736399687195,0.2937840002607547,0.32223054312663774
1700000002470000000,12470000000,495,494,494,0,0,,,,0,rest,hold,200.0,dev-0123456789abcdef0123456789abcdef,synthetic-1-rest,29,protocol,synthetic-demo-contract-v1,True,0.08657724349527181,0.10473038438762318,0.14051431011572801,0.1797767309970471,0.2323038677982748,0.2580207385679517,0.30110269414423096,0.32839983794200106
1700000002475000000,12475000000,496,495,495,0,0,,,,0,rest,hold,200.0,dev-0123456789abcdef0123456789abcdef,synthetic-1-rest,29,protocol,synthetic-demo-contract-v1,True,0.09155188647690114,0.11042100495318838,0.14563617844490578,0.18574377897373812,0.23822056209899944,0.26277079398567466,0.30747819305711727,0.33365728339802825
1700000002480000000,12480000000,497,496,496,0,0,,,,0,rest,hold,200.0,dev-0123456789abcdef0123456789abcdef,synthetic-1-rest,29,protocol,synthetic-demo-contract-v1,True,0.09547319443090624,0.11536825059775031,0.14998917958588473,0.19086664883447585,0.2431323312551757,0.26659257671703507,0.3128547400088177,0.33795292256294296
1700000002485000000,12485000000,498,497,497,0,0,,,,0,rest,hold,200.0,dev-0123456789abcdef0123456789abcdef,synthetic-1-rest,29,protocol,synthetic-demo-contract-v1,True,0.09830652879347818,0.11952144144765202,0.1535328354553398,0.19509744861316936,0.24699423469838758,0.2694490601987224,0.31718500612043427,0.3412450914944789
1700000002490000000,12490000000,499,498,498,0,0,,,,0,rest,hold,200.0,dev-0123456789abcdef0123456789abcdef,synthetic-1-rest,29,protocol,synthetic-demo-contract-v1,True,0.10002887214299491,0.1228358170731228,0.15623306809452522,0.19839576587910251,0.24977022659436185,0.27131146255409133,0.32043047692510435,0.3435007763390675
1700000002495000000,12495000000,500,499,499,0,0,,,,0,rest,hold,200.0,dev-0123456789abcdef0123456789abcdef,synthetic-1-rest,29,protocol,synthetic-demo-contract-v1,True,0.10062893788658463,0.12527301339590383,0.1580624960667987,0.20072902021491737,0.2514334582336186,0.27215949565947656,0.3225617659672238,0.3446958980925386
1700000002500000000,12500000000,501,500,500,0,0,,,,0,rest,hold,200.0,dev-0123456789abcdef0123456789abcdef,synthetic-1-rest,29,protocol,synthetic-demo-contract-v1,True,0.10010713500478961,0.1268014981466755,0.15900068131588033,0.2020727516857731,0.2519665042062903,0.27198154345190884,0.32355885316060995,0.3448155226287312
1700000002505000000,12505000000,502,501,501,0,0,,,,0,rest,hold,200.0,dev-0123456789abcdef0123456789abcdef,synthetic-1-rest,29,protocol,synthetic-demo-contract-v1,True,0.09847539084047027,0.12739695948480123,0.15903432423798758,0.20241084276191185,0.25136151048815675,0.2707747679573608,0.32341124598490156,0.3438539942232972
1700000002510000000,12510000000,503,502,502,0,0,,,,0,rest,hold,200.0,dev-0123456789abcdef0123456789abcdef,synthetic-1-rest,29,protocol,synthetic-demo-contract-v1,True,0.09575683701009731,0.12704264262660694,0.15815740507732207,0.2017356716989945,0.2496202632101687,0.26854514211860214,0.32211806223429335,0.3418149914357031
1700000002515000000,12515000000,504,503,503,0,0,,,,0,rest,hold,200.0,dev-0123456789abcdef0123456789abcdef,synthetic-1-rest,29,protocol,synthetic-demo-contract-v1,True,0.09198536549191165,0.12572962963494855,0.1563712701297133,0.20004819594076045,0.24675417753908963,0.265307409109576,0.3196880336778351,0.3387115048576852
1700000002520000000,12520000000,505,504,504,0,0,,,,0,rest,hold,200.0,dev-0123456789abcdef0123456789abcdef,synthetic-1-rest,29,protocol,synthetic-demo-contract-v1,True,0.08720506377255816,0.12345705790158931,0.15368466163131558,0.1973579646822647,0.24278420675697995,0.2610849684338987,0.3161394306406672,0.33456573688587077
1700000002525000000,12525000000,506,505,505,0,0,,,,0,rest,hold,200.0,dev-0123456789abcdef0123456789abcdef,synthetic-1-rest,29,protocol,synthetic-demo-contract-v1,True,0.08146953958123596,0.12023227330319043,0.15011369061563817,0.1936830603144463,0.23774067228661966,0.2559096897135556,0.3114999081653834,0.3294089243245396
1700000002530000000,12530000000,507,506,506,0,0,,,,0,rest,hold,200.0,dev-0123456789abcdef0123456789abcdef,synthetic-1-rest,29,protocol,synthetic-demo-contract-v1,True,0.07484114718136096,0.11607091452871066,0.1456817524402539,0.18904996905731808,0.23166301606317133,0.24982165567506937,0.3058062750568408,0.32328108526620686
1700000002535000000,12535000000,508,507,507,0,0,,,,0,rest,hold,200.0,dev-0123456789abcdef0123456789abcdef,synthetic-1-rest,29,protocol,synthetic-demo-contract-v1,True,0.06739012840151824,0.11099692565679406,0.1404193851114755,0.18349338167479762,0.22459947729404062,0.2428688364293763,0.299104187746911,0.31623069232753676
1700000002540000000,12540000000,509,508,508,0,0,,,,0,rest,hold,200.0,dev-0123456789abcdef0123456789abcdef,synthetic-1-rest,29,protocol,synthetic-demo-contract-v1,True,0.059193682551954674,0.10504249470129923,0.13436407096814648,0.17705592574426354,0.21660669627366258,0.23510669771343332,0.29144777153263,0.30831427493080116
1700000002545000000,12545000000,510,509,509,0,0,,,,0,rest,hold,200.0,dev-0123456789abcdef0123456789abcdef,synthetic-1-rest,29,protocol,synthetic-demo-contract-v1,True,0.05033498007680068,0.09824791653550902,0.1275599827214158,0.16978783152354326,0.20774924852271834,0.22659774631149282,0.2828991723369447,0.2995959539116373
1700000002550000000,12550000000,511,510,510,0,0,,,,0,rest,hold,200.0,dev-0123456789abcdef0123456789abcdef,synthetic-1-rest,29,protocol,synthetic-demo-contract-v1,True,0.04090213522739258,0.09066137934375808,0.1200576752827274,0.16174653401244377,0.19809911309705625,0.2174110163974192,0.2735280427108407,0.2901469122973109
1700000002555000000,12555000000,512,511,511,0,0,,,,0,rest,hold,200.0,dev-0123456789abcdef0123456789abcdef,synthetic-1-rest,29,protocol,synthetic-demo-contract-v1,True,0.03098715320550968,0.08233867452534452,0.11191372524395307,0.15299621434047864,0.18773507945558654,0.20762150103201577,0.2634109663343787,0.2800448066313527
1700000002560000000,12560000000,513,512,512,0,0,,,,0,rest,hold,200.0,dev-0123456789abcdef0123456789abcdef,synthetic-1-rest,29,protocol,synthetic-demo-contract-v1,True,0.02068486711929458,0.07334283078103934,0.10319032029830574,0.14360728412268528,0.17674209778419528,0.19730953350703487,0.2526308257776972,0.26937312371596955
1700000002565000000,12565000000,514,513,513,0,0,,,,0,rest,hold,200.0,dev-0123456789abcdef0123456789abcdef,synthetic-1-rest,29,protocol,synthetic-demo-contract-v1,True,0.010091879726409445,0.06374367393788385,0.09395480130495562,0.1336558169070181,0.16521057814005125,0.18656012364650645,0.24127611874718027,0.25822048809885245
1700000002570000000,12570000000,515,514,514,0,0,,,,0,rest,hold,200.0,dev-0123456789abcdef0123456789abcdef,synthetic-1-rest,29,protocol,synthetic-demo-contract-v1,True,-0.000694475679182396,0.0536173149033282,0.08427916010066584,0.12322293128565474,0.1532356442036687,0.17546225455272554,0.2294402284629206,0.24667992604213484
1700000002575000000,12575000000,516,515,515,0,0,,,,0,rest,hold,200.0,dev-0123456789abcdef0123456789abcdef,synthetic-1-rest,29,protocol,synthetic-demo-contract-v1,True,-0.011577141731520321,0.04304556897485265,0.07423949654496681,0.11239413065492847,0.1409163478013587,0.16410814561565243,0.21722065418797687,0.23484809207496926
1700000002580000000,12580000000,517,516,516,0,0,,,,0,rest,hold,200.0,dev-0123456789abcdef0123456789abcdef,synthetic-1-rest,29,protocol,synthetic-demo-contract-v1,True,-0.022460298365779993,0.03211531055521544,0.06391543864785307,0.10125860498082431,0.128354850684984,0.15259248788766872,0.20471820825451703,0.2228244645443046
1700000002585000000,12585000000,518,517,517,0,0,,,,0,rest,hold,200.0,dev-0123456789abcdef0123456789abcdef,synthetic-1-rest,29,protocol,synthetic-demo-contract-v1,True,-0.033250267907858184,0.020917768125726745,0.05338952996756644,0.08990850025598136,0.11565558032671733,0.14101165815839692,0.19203618620425497,0.2107105168385276
1700000002590000000,12590000000,519,518,518,0,0,,,,0,rest,hold,200.0,dev-0123456789abcdef0123456789abcdef,synthetic-1-rest,29,protocol,synthetic-demo-contract-v1,True,-0.043856354096626596,0.009547765099545769,0.04274658877742096,0.07843816161697317,0.1029243667014479,0.12946291824457046,0.17927951687831303,0.19860887116339568
1700000002595000000,12595000000,520,519,519,0,0,,,,0,rest,hold,200.0,dev-0123456789abcdef0123456789abcdef,synthetic-1-rest,29,protocol,synthetic-demo-contract-v1,True,-0.054191606791526736,-0.001897087096719213,0.03207304378174827,0.0669433563247968,0.09026756718681375,0.11804360613622748,0.16655389945300061,0.18662244189744226
1700000002600000000,12600000000,521,520,520,0,0,,,,0,rest,hold,200.0,dev-0123456789abcdef0123456789abcdef,synthetic-1-rest,29,protocol,synthetic-demo-contract-v1,True,-0.06417350574953659,-0.013317236692145164,0.02145625140907026,0.05552048299496616,0.07779118680933483,0.10685032571179388,0.15396493452176607,0.1748535756436058
1700000002605000000,12605000000,522,521,521,0,0,,,,0,rest,hold,200.0,dev-0123456789abcdef0123456789abcdef,synthetic-1-rest,29,protocol,synthetic-demo-contract-v1,True,-0.07372455854766112,-0.02461207236127522,0.010983799922740416,0.04426577359462286,0.06560000110389588,0.09597814175023688,0.14161725636884498,0.16340319512440055
1700000002610000000,12610000000,523,522,522,0,0,,,,0,rest,hold,200.0,dev-0123456789abcdef0123456789abcdef,synthetic-1-rest,29,protocol,synthetic-demo-contract-v1,True,-0.0827728094451413,-0.0356808289681725,0.0007428057630607752,0.03327449480139041,0.05379668883255341,0.08551978692824967,0.12961367356654463,0.1523699540392327
1700000002615000000,12615000000,524,523,523,0,0,,,,0,rest,hold,200.0,dev-0123456789abcdef0123456789abcdef,synthetic-1-rest,29,protocol,synthetic-demo-contract-v1,True,-0.09125225768872759,-0.04642350964338052,-0.009180792331894966,0.022640155341570843,0.04248098172757655,0.07556488739475875,0.11805432495588322,0.14184940991477268
1700000002620000000,12620000000,525,524,524,0,0,,,,0,rest,hold,200.0,dev-0123456789abcdef0123456789abcdef,synthetic-1-rest,29,protocol,synthetic-demo-contract-v1,True,-0.09910318543072733,-0.05674181520643335,-0.01870293578885073,0.012453725893277076,0.03174883828336106,0.06619921336462246,0.10703585793998847,0.1319332218332624
1700000002625000000,12625000000,526,525,525,0,0,,,,0,rest,hold,200.0,dev-0123456789abcdef0123456789abcdef,synthetic-1-rest,29,protocol,synthetic-demo-contract-v1,True,-0.10627239702063912,-0.06654007167619483,-0.027742139560915143,0.0028028780533055145,0.021691648423540294,0.05750396096942956,0.09665063583233965,0.12270837972044524
1700000002630000000,12630000000,527,526,526,0,0,,,,0,rest,hold,200.0,dev-0123456789abcdef0123456789abcdef,synthetic-1-rest,29,protocol,synthetic-demo-contract-v1,True,-0.11271337291657968,-0.07572614644197773,-0.036220170702739994,-0.006228751274375197,0.012395475614998243,0.04955507134758218,0.086985980759294,0.11425647161624242
1700000002635000000,12635000000,528,527,527,0,0,,,,0,rest,hold,200.0,dev-0123456789abcdef0123456789abcdef,synthetic-1-rest,29,protocol,synthetic-demo-contract-v1,True,-0.11838634281492089,-0.08421234360453228,-0.04406270651923189,-0.014562263904862382,0.003940342691497537,0.04242259265029496,0.0781234583202118,0.10665299503930836
1700000002640000000,12640000000,529,528,528,0,0,,,,0,rest,hold,200.0,dev-0123456789abcdef0123456789abcdef,synthetic-1-rest,29,protocol,synthetic-demo-contract-v1,True,-0.1232582837910742,-0.0919162690404315,-0.05119996674014196,-0.02212416689553473,-0.0036004327110035483,0.036170090287428944,0.07013820986152842,0.09996671819392591
1700000002645000000,12645000000,530,529,529,0,0,,,,0,rest,hold,200.0,dev-0123456789abcdef0123456789abcdef,synthetic-1-rest,29,protocol,synthetic-demo-contract-v1,True,-0.1273028502606726,-0.09876165589783503,-0.05756731431239352,-0.028846995944306984,-0.010160847614695196,0.030854110340007342,0.06309833782607142,0.09425909635722557
1700000002650000000,12650000000,531,530,530,0,0,,,,0,rest,hold,200.0,dev-0123456789abcdef0123456789abcdef,synthetic-1-rest,29,protocol,synthetic-demo-contract-v1,True,-0.13050024339200553,-0.10467914149627522,-0.06310581958847848,-0.03466989038437212,-0.015682763018073632,0.026523700628124446,0.05706434919909973,0.0895837483298343
1700000002655000000,12655000000,532,531,531,0,0,,,,0,rest,hold,200.0,dev-0123456789abcdef0123456789abcdef,synthetic-1-rest,29,protocol,synthetic-demo-contract-v1,True,-0.13283702821534646,-0.1096069869767204,-0.06776278292197928,-0.039539114885094574,-0.02011638853044389,0.023219993447409812,0.05208866159161992,0.08598599733759012
1700000002660000000,12660000000,533,532,532,0,0,,,,0,rest,hold,200.0,dev-0123456789abcdef0123456789abcdef,synthetic-1-rest,29,protocol,synthetic-demo-contract-v1,True,-0.1343059070754206,-0.11349173152811731,-0.07149221095922703,-0.04340852339870656,-0.023420698315212055,0.020975853478128813,0.04821517598345869,0.08350248023992107
1700000002665000000,12665000000,534,533,533,0,0,,,,0,rest,hold,200.0,dev-0123456789abcdef0123456789abcdef,synthetic-1-rest,29,protocol,synthetic-demo-contract-v1,True,-0.13490545825699543,-0.11628877359881548,-0.07425524223780083,-0.04623996136077397,-0.02556377490143808,0.019815593832595207,0.04547891959761116,0.08216082833629615
1700000002670000000,12670000000,535,534,534,0,0,,,,0,rest,hold,200.0,dev-0123456789abcdef0123456789abcdef,synthetic-1-rest,29,protocol,synthetic-demo-contract-v1,True,-0.1346398485824936,-0.11796287218022423,-0.07602051806604629,-0.0480036026552065,-0.02652307801853699,0.019754762643334135,0.04390576179816211,0.08197942247050437
1700000002675000000,12675000000,536,535,535,0,0,,,,0,rest,hold,200.0,dev-0123456789abcdef0123456789abcdef,synthetic-1-rest,29,protocol,synthetic-demo-contract-v1,True,-0.13351852854140886,-0.11848856201900423,-0.07676449506078233,-0.048678218387860454,-0.02628563622796225,0.020800002010962795,0.04351220530129606,0.08296722451824692
1700000002680000000,12680000000,537,536,536,0,0,,,,0,rest,hold,200.0,dev-0123456789abcdef0123456789abcdef,synthetic-1-rest,29,protocol,synthetic-demo-contract-v1,True,-0.1315559180753515,-0.11785047746496446,-0.07647169616010698,-0.048251375072142035,-0.024848159763034755,0.022948980531920862,0.044305254367607155,0.08512368671174597
1700000002685000000,12685000000,538,537,537,0,0,,,,0,rest,hold,200.0,dev-0123456789abcdef0123456789abcdef,synthetic-1-rest,29,protocol,synthetic-demo-contract-v1,True,-0.1287710905251802,-0.11604358058541508,-0.0751348974015959,-0.04671956041087707,-0.022217073638535922,0.0261904000169201,0.0462823610091971,0.08843873961099467
1700000002690000000,12690000000,539,538,538,0,0,,,,0,rest,hold,200.0,dev-0123456789abcdef0123456789abcdef,synthetic-1-rest,29,protocol,synthetic-demo-contract-v1,True,-0.12518746146713716,-0.11307329016274947,-0.07275524825974104,-0.044088235456306885,-0.01840847074990101,0.03050407639634044,0.04943144960214514,0.09289285888022723
1700000002695000000,12695000000,540,539,539,0,0,,,,0,rest,hold,200.0,dev-0123456789abcdef0123456789abcdef,synthetic-1-rest,29,protocol,synthetic-demo-contract-v1,True,-0.1208324882458179,-0.10895550922929663,-0.06934232386635147,-0.04037181253945274,-0.013447985342382462,0.03586109419387502,0.05373101964916447,0.09845721037555685
1700000002700000000,12700000000,541,540,540,0,0,,,,0,rest,hold,200.0,dev-0123456789abcdef0123456789abcdef,synthetic-1-rest,29,protocol,synthetic-demo-contract-v1,True,-0.1157373849786723,-0.10371654987002486,-0.06491410798971725,-0.03559355897622777,-0.007370587887963732,0.04222403333959648,0.05915032579392164,0.10509387240091106
1700000002705000000,12705000000,542,541,541,0,0,,,,0,rest,hold,200.0,dev-0123456789abcdef0123456789abcdef,synthetic-1-rest,29,protocol,synthetic-demo-contract-v1,True,-0.10993685668730216,-0.09739295512684776,-0.059496906218141986,-0.029785427175421576,-0.00022030305663437236,0.04954726649337255,0.06564963355293575,0.11275613334977502
1700000002710000000,12710000000,543,542,542,0,0,,,,0,rest,hold,200.0,dev-0123456789abcdef0123456789abcdef,synthetic-1-rest,29,protocol,synthetic-demo-contract-v1,True,-0.10346885503457029,-0.09003121895502736,-0.05312518937635177,-0.022987812387914395,0.007950146896437473,0.0577773244641414,0.07318054860837574,0.12138886232510367
1700000002715000000,12715000000,544,543,543,0,0,,,,0,rest,hold,200.0,dev-0123456789abcdef0123456789abcdef,synthetic-1-rest,29,protocol,synthetic-demo-contract-v1,True,-0.0963743569439057,-0.08168740629908007,-0.04584136779435351,-0.015249239942046324,0.017079770390536264,0.0668533267448404,0.08168641690059865,0.1309289497242714
1700000002720000000,12720000000,545,544,544,0,0,,,,0,rest,hold,200.0,dev-0123456789abcdef0123456789abcdef,synthetic-1-rest,29,protocol,synthetic-demo-contract-v1,True,-0.08869716617895457,-0.0724266764591287,-0.037695497642471924,-0.006625984401863917,0.027099802897047404,0.0767074736414863,0.09110279217789957,0.14130581419513358
1700000002725000000,12725000000,546,545,545,0,0,,,,0,rest,hold,200.0,dev-0123456789abcdef0123456789abcdef,synthetic-1-rest,29,protocol,synthetic-demo-contract-v1,True,-0.08048373679838872,-0.062322713995392846,-0.02874492113839031,0.0028183763419426418,0.03793426734395083,0.08726559596247552,0.10135796710742347,0.15244197181793728
1700000002730000000,12730000000,547,546,546,0,0,,,,0,rest,hold,200.0,dev-0123456789abcdef0123456789abcdef,synthetic-1-rest,29,protocol,synthetic-demo-contract-v1,True,-0.07178301630165197,-0.051457072455204596,-0.019053843016744905,0.013013468489083982,0.04950059392738752,0.09844775775489947,0.11237356353008726,0.16425366285054632
1700000002735000000,12735000000,548,547,547,0,0,,,,0,rest,hold,200.0,dev-0123456789abcdef0123456789abcdef,synthetic-1-rest,29,protocol,synthetic-demo-contract-v1,True,-0.06264630527445744,-0.03991843719071865,-0.008692846223846477,0.023882687174135192,0.061710294220110797,0.11016890713257749,0.12406517695801314,0.17665153089556018
1700000002740000000,12740000000,549,548,548,0,0,,,,0,rest,hold,200.0,dev-0123456789abcdef0123456789abcdef,synthetic-1-rest,29,protocol,synthetic-demo-contract-v1,True,-0.05312712945355762,-0.027801814454221113,0.002261649645763463,0.03534381416921687,0.07446968401833005,0.12233956983915709,0.13634306996921924,0.18954134891126087
1700000002745000000,12745000000,550,549,549,0,0,,,,0,rest,hold,200.0,dev-0123456789abcdef0123456789abcdef,synthetic-1-rest,29,protocol,synthetic-demo-contract-v1,True,-0.043281119381234204,-0.015207654799970993,0.013727983123345297,0.047309683424002553,0.08768064896614618,0.13486657983253814,0.14911290875498556,0.2028247860977227
1700000002750000000,12750000000,551,550,550,0,0,,,,0,rest,hold,200.0,dev-0123456789abcdef0123456789abcdef,synthetic-1-rest,29,protocol,synthetic-demo-contract-v1,True,-0.033165892230596794,-0.0022409195763946864,0.025619894300350596,0.05968888901113582,0.10124144664360651,0.14765384086684916,0.162276536723495,0.21640020934793383
1700000002755000000,12755000000,552,551,551,0,0,,,,0,rest,hold,200.0,dev-0123456789abcdef0123456789abcdef,synthetic-1-rest,29,protocol,synthetic-demo-contract-v1,True,-0.022840929968636566,0.01098990004944836,0.037847211903517,0.07238652967843624,0.1150475385034011,0.16060311278793848,0.17573277876203694,0.2301635126643516
1700000002760000000,12760000000,553,552,552,0,0,,,,0,rest,hold,200.0,dev-0123456789abcdef0123456789abcdef,synthetic-1-rest,29,protocol,synthetic-demo-contract-v1,True,-0.012367447796555455,0.024373801540276872,0.05031657855955558,0.08530498389008706,0.12899244479486788,0.1736148160500221,0.18937826951171277,0.24400896770636762
1700000002765000000,12765000000,554,553,553,0,0,,,,0,rest,hold,200.0,dev-0123456789abcdef0123456789abcdef,synthetic-1-rest,29,protocol,synthetic-demo-contract-v1,True,-0.0018082467733662212,0.037798316474254516,0.06293220840916859,0.09834470897005396,0.14296861542421865,0.18658884780641768,0.20310829881513737,0.2578300884555577
1700000002770000000,12770000000,555,554,554,0,0,,,,0,rest,hold,200.0,dev-0123456789abcdef0123456789abcdef,synthetic-1-rest,29,protocol,synthetic-demo-contract-v1,True,0.00877245530832637,0.0511505723094502,0.07559667088750216,0.11140505774475125,0.15686830956839062,0.19942540282758056,0.21681766736073846,0.27152050286492085
1700000002775000000,12775000000,556,555,555,0,0,,,,0,rest,hold,200.0,dev-0123456789abcdef0123456789abcdef,synthetic-1-rest,29,protocol,synthetic-demo-contract-v1,True,0.019309220368125653,0.06431835946794427,0.08821169419578692,0.12438510592041688,0.17058447678776245,0.2120257924557992,0.23040154546802452,0.2849748242965935
1700000002780000000,12780000000,557,556,556,0,0,,,,0,rest,hold,200.0,dev-0123456789abcdef0123456789abcdef,synthetic-1-rest,29,protocol,synthetic-demo-contract-v1,True,0.029735618833722683,0.07719119270451316,0.10067898175012253,0.13718448332519717,0.1840116323706512,0.22429325481820825,0.24375632793715576,0.29808951555019675
1700000002785000000,12785000000,558,557,557,0,0,,,,0,rest,hold,200.0,dev-0123456789abcdef0123456789abcdef,synthetic-1-rest,29,protocol,synthetic-demo-contract-v1,True,0.03998449509326023,0.08966135577487715,0.11290103471111118,0.14970420209770113,0.19704671969021853,0.23613374958824518,0.25678047792354664,0.3107637383411652
1700000002790000000,12790000000,559,558,558,0,0,,,,0,rest,hold,200.0,dev-0123456789abcdef0123456789abcdef,synthetic-1-rest,29,protocol,synthetic-demo-contract-v1,True,0.049988273026902105,0.10162491859407213,0.1247819735747847,0.1618474749133313,0.2095899524617793,0.24745673070978672,0.26937535289372094,0.32290018120467995
1700000002795000000,12795000000,560,559,559,0,0,,,,0,rest,hold,200.0,dev-0123456789abcdef0123456789abcdef,synthetic-1-rest,29,protocol,synthetic-demo-contract-v1,True,0.059679304014064405,0.11298271637444965,0.13622835174279216,0.1735205164069886,0.2215456299544966,0.2581758906768209,0.28144600587128504,0.3344058589750963
1700000002800000000,12800000000,561,560,560,0,0,,,,0,rest,hold,200.0,dev-0123456789abcdef0123456789abcdef,synthetic-1-rest,29,protocol,synthetic-demo-contract-v1,True,0.06899025866675891,0.12364128065172136,0.14714995398970035,0.184633321075573,0.23282291843491026,0.2682098701933899,0.29290195539060176,0.3451928772218349
1700000002805000000,12805000000,562,561,561,0,0,,,,0,rest,hold,200.0,dev-0123456789abcdef0123456789abcdef,synthetic-1-rest,29,protocol,synthetic-demo-contract-v1,True,0.07785456229922277,0.13351371264106104,0.15746057280813264,0.19510041112497412,0.24333659239862357,0.27748292732158925,0.3036579178385781,0.3551791553084635
1700000002810000000,12810000000,563,562,562,0,0,,,,0,rest,hold,200.0,dev-0123456789abcdef0123456789abcdef,synthetic-1-rest,29,protocol,synthetic-demo-contract-v1,True,0.08620687283774434,0.14252049000714573,0.16707875573870012,0.20484154796272186,0.25300772947859285,0.28592556055743473,0.31363449617985745,0.36428910207996035
1700000002815000000,12815000000,564,563,563,0,0,,,,0,rest,hold,200.0,dev-0123456789abcdef0123456789abcdef,synthetic-1-rest,29,protocol,synthetic-demo-contract-v1,True,0.0939835985323587,0.15059019887425681,0.17592851698090248,0.21378240132729762,0.26176435330107334,0.2934750806526682,0.32275881942499507,0.37245423857109716
1700000002820000000,12820000000,565,564,564,0,0,,,,0,rest,hold,200.0,dev-0123456789abcdef0123456789abcdef,synthetic-1-rest,29,protocol,synthetic-demo-contract-v1,True,0.10112345148511584,0.1576601837359759,0.18394000683238013,0.22185517038593014,0.26954201899013075,0.30007612642189624,0.3309651276117816,0.37961376256326873
1700000002825000000,12825000000,566,565,565,0,0,,,,0,rest,hold,200.0,dev-0123456789abcdef0123456789abcdef,synthetic-1-rest,29,protocol,synthetic-demo-contract-v1,True,0.1075680316898538,0.16367710883842104,0.19105013281563746,0.22899915152187378,0.2762843364952684,0.3056811202354456,0.33819529752343447,0.3857150502944309
1700000002830000000,12830000000,567,566,566,0,0,,,,0,rest,hold,200.0,dev-0123456789abcdef0123456789abcdef,synthetic-1-rest,29,protocol,synthetic-demo-contract-v1,True,0.11326243501758607,0.1685974255951153,0.19720312672147144,0.2351612479665311,0.28194342743021933,0.3102506593951673,0.34439930486012343,0.39071409114314093
1700000002835000000,12835000000,568,567,567,0,0,,,,0,rest,hold,200.0,dev-0123456789abcdef0123456789abcdef,synthetic-1-rest,29,protocol,synthetic-demo-contract-v1,True,0.11815587741065543,0.17238774163334167,0.20235105222409805,0.24029641690775666,0.2864803116600023,0.3137538401189829,0.34953561910807285,0.3945758516587292
1700000002840000000,12840000000,569,568,568,0,0,,,,0,rest,hold,200.0,dev-0123456789abcdef0123456789abcdef,synthetic-1-rest,29,protocol,synthetic-demo-contract-v1,True,0.12220232649728237,0.17502508815853052,0.2064542482011674,0.244368050219453,0.2898652204534986,0.3161685114159481,0.3535715279090157,0.39727456589088966
1700000002845000000,12845000000,570,569,569,0,0,,,,0,rest,hold,200.0,dev-0123456789abcdef0123456789abcdef,synthetic-1-rest,29,protocol,synthetic-demo-contract-v1,True,0.12536113093337564,0.17649708344155318,0.20948170341867062,0.24734828550487556,0.2920778336252258,0.31748145671239214,0.35648338831735743,0.39879394957864867
1700000002850000000,12850000000,571,570,570,0,0,,,,0,rest,hold,200.0,dev-0123456789abcdef0123456789abcdef,synthetic-1-rest,29,protocol,synthetic-demo-contract-v1,True,0.1275976370451454,0.17680199137017427,0.21141135881186404,0.24921824472239615,0.2931074387176581,0.31768850168647916,0.35825680293823303,0.39912733638573133
1700000002855000000,12855000000,572,571,571,0,0,,,,0,rest,hold,200.0,dev-0123456789abcdef0123456789abcdef,synthetic-1-rest,29,protocol,synthetic-demo-contract-v1,True,0.12888378180555288,0.1759486751466361,0.21223033420401824,0.24996819826308508,0.29295301091921794,0.31679454737844837,0.35888671956168267,0.398277735011662
1700000002860000000,12860000000,573,572,572,0,0,,,,0,rest,hold,200.0,dev-0123456789abcdef0123456789abcdef,synthetic-1-rest,29,protocol,synthetic-demo-contract-v1,True,0.12919865084753826,0.17395644734469143,0.2119350769498283,0.24959765296935096,0.29162321306758926,0.3148135282617306,0.3583774535412924,0.39625780666019106
1700000002865000000,12865000000,574,573,573,0,0,,,,0,rest,hold,200.0,dev-0123456789abcdef0123456789abcdef,synthetic-1-rest,29,protocol,synthetic-demo-contract-v1,True,0.12852899011074048,0.17085481864788954,0.21053143066410654,0.24811536321787872,0.2891363157478985,0.3117682955810396,0.3567426328045931,0.3930897630034502
1700000002870000000,12870000000,575,574,574,0,0,,,,0,rest,hold,200.0,dev-0123456789abcdef0123456789abcdef,synthetic-1-rest,29,protocol,synthetic-demo-contract-v1,True,0.12686965984496265,0.16668314866345488,0.20803462289300748,0.24553926483292393,0.28552003815510524,0.30769042688223597,0.35400506602201337,0.3888051854361953
1700000002875000000,12875000000,576,575,575,0,0,,,,0,rest,hold,200.0,dev-0123456789abcdef0123456789abcdef,synthetic-1-rest,29,protocol,synthetic-demo-contract-v1,True,0.1242240200571433,0.16149020323014288,0.2044691712982923,0.2418963322422797,0.2808113110442145,0.30261996327015245,0.3501965350959568,0.3834447670641754
1700000002880000000,12880000000,577,576,576,0,0,,,,0,rest,hold,200.0,dev-0123456789abcdef0123456789abcdef,synthetic-1-rest,29,protocol,synthetic-demo-contract-v1,True,0.12060423708833275,0.15533362360219286,0.19986870864860315,0.2372223599325022,0.2750559637352415,0.2966050765295868,0.34535751375636453,0.3770579795087165
1700000002885000000,12885000000,578,577,577,0,0,,,,0,rest,hold,200.0,dev-0123456789abcdef0123456789abcdef,synthetic-1-rest,29,protocol,synthetic-demo-contract-v1,True,0.11603150183751954,0.14827931378396436,0.1942757276387663,0.2315616698968221,0.268308337766922,0.2897016688263361,0.33953681465877905,0.36970266723073186
1700000002890000000,12890000000,579,578,578,0,0,,,,0,rest,hold,200.0,dev-0123456789abcdef0123456789abcdef,synthetic-1-rest,29,protocol,synthetic-demo-contract-v1,True,0.11053615119960106,0.14040075310112063,0.1877412472821083,0.22496674739323205,0.2606308303987983,0.2819729082646671,0.332791167970412,0.3614445726764747
1700000002895000000,12895000000,580,579,579,0,0,,,,0,rest,hold,200.0,dev-0123456789abcdef0123456789abcdef,synthetic-1-rest,29,protocol,synthetic-demo-contract-v1,True,0.10415768554012363,0.1317782418154816,0.18032440333488114,0.2174978079362244,0.25209337174051516,0.2734887041103361,0.32518473499418893,0.3523567961194604
1700000002900000000,12900000000,581,580,580,0,0,,,,0,rest,hold,200.0,dev-0123456789abcdef0123456789abcdef,synthetic-1-rest,29,protocol,synthetic-demo-contract-v1,True,0.09694467646995686,0.12249808821431356,0.17209196590942336,0.2092222990283909,0.24277283983511844,0.2643251259897478,0.31678856091548363,0.3425191946133516
1700000002905000000,12905000000,582,581,581,0,0,,,,0,rest,hold,200.0,dev-0123456789abcdef0123456789abcdef,synthetic-1-rest,29,protocol,synthetic-demo-contract-v1,True,0.08895456078511152,0.1126517461246594,0.16311778810706493,0.20021434069269814,0.23275241853541695,0.2545637718419712,0.3076799712569719,0.3320177249748242
1700000002910000000,12910000000,583,582,582,0,0,,,,0,rest,hold,200.0,dev-0123456789abcdef0123456789abcdef,synthetic-1-rest,29,protocol,synthetic-demo-contract-v1,True,0.08025331817295768,0.10233491221438017,0.15348219014644507,0.19055410938787085,0.22212090348469715,0.24429108982715178,0.29794191708945245,0.3209437361792413
1700000002915000000,12915000000,584,583,583,0,0,,,,0,rest,hold,200.0,dev-0123456789abcdef0123456789abcdef,synthetic-1-rest,29,protocol,synthetic-demo-contract-v1,True,0.07091503212568291,0.09164659274055394,0.14327128407170672,0.18032717037358983,0.2109719619414874,0.23359765977890212,0.28766227446694653,0.3093932169716159
1700000002920000000,12920000000,585,584,584,0,0,,,,0,rest,hold,200.0,dev-0123456789abcdef0123456789abcdef,synthetic-1-rest,29,protocol,synthetic-demo-contract-v1,True,0.06102133541178256,0.08068814959074279,0.132576244691924,0.16962376403490703,0.19940335256904904,0.22257744012628022,0.2769331039293412,0.29746600486730657
1700000002925000000,12925000000,586,585,585,0,0,,,,0,rest,hold,200.0,dev-0123456789abcdef0123456789abcdef,synthetic-1-rest,29,protocol,synthetic-demo-contract-v1,True,0.05066074340163946,0.06956233553291294,0.12149253292248696,0.1585380520725632,0.1875161116406655,0.2113269865001294,0.265849876242221,0.285264963038068
1700000002930000000,12930000000,587,586,586,0,0,,,,0,rest,hold,200.0,dev-0123456789abcdef0123456789abcdef,synthetic-1-rest,29,protocol,synthetic-demo-contract-v1,True,0.0399278804876174,0.05837232854652116,0.11011907816584132,0.14716732981437272,0.17541371238895404,0.19994464847651167,0.2545106708187106,0.272895131846877
1700000002935000000,12935000000,588,587,587,0,0,,,,0,rest,hold,200.0,dev-0123456789abcdef0123456789abcdef,synthetic-1-rest,29,protocol,synthetic-demo-contract-v1,True,0.028922606745700862,0.047220774952834,0.09855742677815293,0.1356112111994105,0.16320120444898203,0.18852975109466316,0.24301535348982814,0.2604628620070773
1700000002940000000,12940000000,589,588,588,0,0,,,,0,rest,hold,200.0,dev-0123456789abcdef0123456789abcdef,synthetic-1-rest,29,protocol,synthetic-demo-contract-v1,True,0.01774905381794783,0.0362088508007118,0.08691086401586283,0.1239707932287683,0.15098434050909842,0.17718176791677206,0.23146474045620202,0.2480749364960712
1700000002945000000,12945000000,590,589,589,0,0,,,,0,rest,hold,200.0,dev-0123456789abcdef0123456789abcdef,synthetic-1-rest,29,protocol,synthetic-demo-contract-v1,True,0.006514580717266926,0.025435350600051178,0.07528351713809071,0.11234780686204937,0.13886869738880447,0.16599949247089388,0.21995975536375495,0.23583768844980502
1700000002950000000,12950000000,591,590,590,0,0,,,,0,rest,hold,200.0,dev-0123456789abcdef0123456789abcdef,synthetic-1-rest,29,protocol,synthetic-demo-contract-v1,True,-0.004671338165812471,0.014995812035100352,0.06377944755426186,0.10084376146578349,0.12695879880875421,0.15508021493576918,0.2086005864981637,0.2238561223007707
1700000002955000000,12955000000,592,591,591,0,0,,,,0,rest,hold,200.0,dev-0123456789abcdef0123456789abcdef,synthetic-1-rest,29,protocol,synthetic-demo-contract-v1,True,-0.015698279172373014,0.004981684741384886,0.052501740048678046,0.08955908998735589,0.11535724710369354,0.1445189108870087,0.19748585108713654,0.21223304539884755
1700000002960000000,12960000000,593,592,592,0,0,,,,0,rest,hold,200.0,dev-0123456789abcdef0123456789abcdef,synthetic-1-rest,29,protocol,synthetic-demo-contract-v1,True,-0.02645607472047235,-0.0045204493984471236,0.04155159718332656,0.0785923020352629,0.1041638710550641,0.13440744882846484,0.18671177363600822,0.20106821727132593
1700000002965000000,12965000000,594,593,593,0,0,,,,0,rest,hold,200.0,dev-0123456789abcdef0123456789abcdef,synthetic-1-rest,29,protocol,synthetic-demo-contract-v1,True,-0.036836042038710645,-0.013429597683774474,0.031027446975706103,0.0680391519931671,0.09347489688653347,0.12483382308120813,0.17637138510120207,0.1904575235363736
1700000002970000000,12970000000,595,594,594,0,0,,,,0,rest,hold,200.0,dev-0123456789abcdef0123456789abcdef,synthetic-1-rest,29,protocol,synthetic-demo-contract-v1,True,-0.046732218722816875,-0.021671013753877616,0.021024071869585916,0.05799182918181755,0.08338214927415827,0.1158814183967619,0.1665537495289613,0.18049218128435984
1700000002975000000,12975000000,596,595,595,0,0,,,,0,rest,hold,200.0,dev-0123456789abcdef0123456789abcdef,synthetic-1-rest,29,protocol,synthetic-demo-contract-v1,True,-0.05604258810029335,-0.02917678528816591,0.011631766863549811,0.048538176910140896,0.07397228897470362,0.10762831240268537,0.15734322455477814,0.1712579824853553
1700000002980000000,12980000000,597,596,596,0,0,,,,0,rest,hold,200.0,dev-0123456789abcdef0123456789abcdef,synthetic-1-rest,29,protocol,synthetic-demo-contract-v1,True,-0.06467027721760224,-0.03588634791130353,0.0029355344359267366,0.03976094702604323,0.0653260933728979,0.10014662167935619,0.14881876187411752,0.1628345816708899
1700000002985000000,12985000000,598,597,597,0,0,,,,0,rest,hold,200.0,dev-0123456789abcdef0123456789abcdef,synthetic-1-rest,29,protocol,synthetic-demo-contract-v1,True,-0.07252471037957742,-0.04174692184236654,-0.004985676393004073,0.03173709629057764,0.05751778589366026,0.09350189690947935,0.14105325345977748,0.15529483377627903
1700000002990000000,12990000000,599,598,598,0,0,,,,0,rest,hold,200.0,dev-0123456789abcdef0123456789abcdef,synthetic-1-rest,29,protocol,synthetic-demo-contract-v1,True,-0.07952270157309017,-0.04671386872007493,-0.012059679887495463,0.02453713055836046,0.05061441982145842,0.0877525721392993,0.1341129289182854,0.14870418761941526
1700000002995000000,12995000000,600,599,599,0,0,,,,0,rest,hold,200.0,dev-0123456789abcdef0123456789abcdef,synthetic-1-rest,29,protocol,synthetic-demo-contract-v1,True,-0.08558946979242728,-0.05075096693401863,-0.018221705770382006,0.018224502355243765,0.044675321619285446,0.08294947274603769,0.12805680895030033,0.1431201400362553
1700000003000000000,13000000000,601,600,600,0,0,,,,0,rest,hold,200.0,dev-0123456789abcdef0123456789abcdef,synthetic-1-rest,29,protocol,synthetic-demo-contract-v1,True,-0.09065956224297952,-0.05383060468346208,-0.023414987698827765,0.012855067004518939,0.03975159834804877,0.07913538622341071,0.12293621941168006,0.13859175519609346
1700000003005000000,13005000000,602,601,601,0,0,,,,0,rest,hold,200.0,dev-0123456789abcdef0123456789abcdef,synthetic-1-rest,29,protocol,synthetic-demo-contract-v1,True,-0.0946776716182624,-0.055933890860043675,-0.027591282549194504,0.008476601968896786,0.03588571325744665,0.07634469938011768,0.1187943699665215,0.13515925308513688
1700000003010000000,13010000000,603,602,602,0,0,,,,0,rest,hold,200.0,dev-0123456789abcdef0123456789abcdef,synthetic-1-rest,29,protocol,synthetic-demo-contract-v1,True,-0.09759933510359332,-0.05705068469820832,-0.030711315624894653,0.005128393551201581,0.03311113305605308,0.0746031049992024,0.115666000785303,0.13285367057928957
1700000003015000000,13015000000,604,603,603,0,0,,,,0,rest,hold,200.0,dev-0123456789abcdef0123456789abcdef,synthetic-1-rest,29,protocol,synthetic-demo-contract-v1,True,-0.09939150443397925,-0.057179545947854044,-0.03274514755518884,0.0028408945365133104,0.031452049776041706,0.07392738043371569,0.11357710017476363,0.1316965979311225
1700000003020000000,13020000000,605,604,604,0,0,,,,0,rest,hold,200.0,dev-0123456789abcdef0123456789abcdef,synthetic-1-rest,29,protocol,synthetic-demo-contract-v1,True,-0.10003297819595158,-0.05632760808863201,-0.0336724593488036,0.0016354557669897192,0.03092317953156569,0.07432524002079731,0.1125446954359781,0.13169999287658313
1700000003025000000,13025000000,606,605,605,0,0,,,,0,rest,hold,200.0,dev-0123456789abcdef0123456789abcdef,synthetic-1-rest,29,protocol,synthetic-demo-contract-v1,True,-0.0995146895815478,-0.054510377816540695,-0.03348275279754387,0.0015241340228081008,0.0315296398344425,0.07579526258711848,0.1125767186381936,0.13286607392925381
1700000003030000000,13030000000,607,606,606,0,0,,,,0,rest,hold,200.0,dev-0123456789abcdef0123456789abcdef,synthetic-1-rest,29,protocol,synthetic-demo-contract-v1,True,-0.09783984494281447,-0.05175146468389767,-0.0321754641851046,0.0025095779436984326,0.03326690648166171,0.07832689469854386,0.11367194837339362,0.13518729377909308
1700000003035000000,13035000000,608,607,607,0,0,,,,0,rest,hold,200.0,dev-0123456789abcdef0123456789abcdef,synthetic-1-rest,29,protocol,synthetic-demo-contract-v1,True,-0.09502391072012109,-0.04808224535741664,-0.029759990037985053,0.004584993070794446,0.036120850371730726,0.08190052968104182,0.11582002792542115,0.13864639305397994
1700000003040000000,13040000000,609,608,608,0,0,,,,0,rest,hold,200.0,dev-0123456789abcdef0123456789abcdef,synthetic-1-rest,29,protocol,synthetic-demo-contract-v1,True,-0.09109444858864038,-0.04354146747104454,-0.026255624451523466,0.007734186423497845,0.04006785394642309,0.08648766181345263,0.1190015596530735,0.14321653404144222
1700000003045000000,13045000000,610,609,609,0,0,,,,0,rest,hold,200.0,dev-0123456789abcdef0123456789abcdef,synthetic-1-rest,29,protocol,synthetic-demo-contract-v1,True,-0.08609080094507024,-0.038174798486650986,-0.02169140832718172,0.011931690356334694,0.0450750062965393,0.09205111447087719,0.12318827475410014,0.14886151331011638
1700000003050000000,13050000000,611,610,610,0,0,,,,0,rest,hold,200.0,dev-0123456789abcdef0123456789abcdef,synthetic-1-rest,29,protocol,synthetic-demo-contract-v1,True,-0.08006363110135077,-0.03203432533396075,-0.016105891659764553,0.017142964772057942,0.05110037532028878,0.09854534038534266,0.12834327695177658,0.1555360515212072
1700000003055000000,13055000000,612,611,611,0,0,,,,0,rest,hold,200.0,dev-0123456789abcdef0123456789abcdef,synthetic-1-rest,29,protocol,synthetic-demo-contract-v1,True,-0.0730743247247138,-0.025178010879846037,-0.009546810807734774,0.02332467610515098,0.05809335468619819,0.10591679159307393,0.13442135803282418,0.16318615808480122
1700000003060000000,13060000000,613,612,612,0,0,,,,0,rest,hold,200.0,dev-0123456789abcdef0123456789abcdef,synthetic-1-rest,29,protocol,synthetic-demo-contract-v1,True,-0.06519426112612256,-0.01766911347593594,-0.00207068345867451,0.03042505084003943,0.06599508273430967,0.11410435606009633,0.14136938257000006,0.1717495676995974
1700000003065000000,13065000000,614,613,613,0,0,,,,0,rest,hold,200.0,dev-0123456789abcdef0123456789abcdef,synthetic-1-rest,29,protocol,synthetic-demo-contract-v1,True,-0.05650396491628797,-0.009575575953255274,0.006257675242160284,0.038384300696267894,0.07473892985499245,0.12303985742483352,0.14912673858963144,0.18115624522255142
1700000003070000000,13070000000,615,614,614,0,0,,,,0,rest,hold,200.0,dev-0123456789abcdef0123456789abcdef,synthetic-1-rest,29,protocol,synthetic-demo-contract-v1,True,-0.0470921502870662,-0.0009693904752421465,0.015365711206446208,0.04713511600396049,0.08425105031878194,0.13264861377235274,0.1576258503983982,0.19132895475188794
1700000003075000000,13075000000,616,615,615,0,0,,,,0,rest,hold,200.0,dev-0123456789abcdef0123456789abcdef,synthetic-1-rest,29,protocol,synthetic-demo-contract-v1,True,-0.037054671706401705,0.00807405437115389,0.025173759678127273,0.05660322321235331,0.09445099399806899,0.14285005086439292,0.16679274926938642,0.20218388827768252
1700000003080000000,13080000000,617,616,616,0,0,,,,0,rest,hold,200.0,dev-0123456789abcdef0123456789abcdef,synthetic-1-rest,29,protocol,synthetic-demo-contract-v1,True,-0.02649339611144132,0.017476637968559944,0.035595737741945646,0.06670800192692841,0.10525237292647517,0.15355836479625962,0.17654769720899186,0.2136313487629901
1700000003085000000,13085000000,618,617,617,0,0,,,,0,rest,hold,200.0,dev-0123456789abcdef0123456789abcdef,synthetic-1-rest,29,protocol,synthetic-demo-contract-v1,True,-0.015515012725573133,0.027158177436338568,0.04653989494235336,0.07736315636144597,0.1165635771885222,0.16468322863990648,0.1868058585876666,0.2255764820694299
1700000003090000000,13090000000,619,618,618,0,0,,,,0,rest,hold,200.0,dev-0123456789abcdef0123456789abcdef,synthetic-1-rest,29,protocol,synthetic-demo-contract-v1,True,-0.004229797394347753,0.03703709688949426,0.057909615350254594,0.08847743562435013,0.12828853422448963,0.17613053726548084,0.1974780140223985,0.23792005173793263
1700000003095000000,13095000000,620,619,619,0,0,,,,0,rest,hold,200.0,dev-0123456789abcdef0123456789abcdef,synthetic-1-rest,29,protocol,synthetic-demo-contract-v1,True,0.007249651178960481,0.04703109058877863,0.06960426393595648,0.09995539683858101,0.14032750527645196,0.18780318421427739,0.20847131055039353,0.2505592502812836
1700000003100000000,13100000000,621,620,620,0,0,,,,0,rest,hold,200.0,dev-0123456789abcdef0123456789abcdef,synthetic-1-rest,29,protocol,synthetic-demo-contract-v1,True,0.018809685721289923,0.057057774710590224,0.0815200696929884,0.11169820472345236,0.15257791239442034,0.19960186422714685,0.2196900418346176,0.26338854034313003
1700000003105000000,13105000000,622,621,621,0,0,,,,0,rest,hold,200.0,dev-0123456789abcdef0123456789abcdef,synthetic-1-rest,29,protocol,synthetic-demo-contract-v1,True,0.0303368777188431,0.06703532283471872,0.09355103761308399,0.12360446095018884,0.16493518916883151,0.21142589481619462,0.23103645189512978,0.27630051883077145
1700000003110000000,13110000000,623,622,622,0,0,,,,0,rest,hold,200.0,dev-0123456789abcdef0123456789abcdef,synthetic-1-rest,29,protocol,synthetic-demo-contract-v1,True,0.04171926068540065,0.07688308065032451,0.10558988134089642,0.1355710563216564,0.1772936481593378,0.22317405010582636,0.24241155566744188,0.2891867969382886
1700000003115000000,13115000000,624,623,623,0,0,,,,0,rest,hold,200.0,dev-0123456789abcdef0123456789abcdef,synthetic-1-rest,29,protocol,synthetic-demo-contract-v1,True,0.05284753292493855,0.08652215580832744,0.11752896814063618,0.14749403862413973,0.18954735785164825,0.23474540006328085,0.2537159695521359,0.3019388888440328
1700000003120000000,13120000000,625,624,624,0,0,,,,0,rest,hold,200.0,dev-0123456789abcdef0123456789abcdef,synthetic-1-rest,29,protocol,synthetic-demo-contract-v1,True,0.06361620426210784,0.09587597929408176,0.12926126768774326,0.15926948885654443,0.20159102189521014,0.2460401481896558,0.26485074503977546,0.3144491017933174
1700000003125000000,13125000000,626,625,625,0,0,,,,0,rest,hold,200.0,dev-0123456789abcdef0123456789abcdef,synthetic-1-rest,29,protocol,synthetic-demo-contract-v1,True,0.0739246723746742,0.1048708351502941,0.14068129615801067,0.17079439846132047,0.21332085335533055,0.2569604607503991,0.2757181984723064,0.32661142026380113
1700000003130000000,13130000000,627,626,626,0,0,,,,0,rest,hold,200.0,dev-0123456789abcdef0123456789abcdef,synthetic-1-rest,29,protocol,synthetic-demo-contract-v1,True,0.08367821574094053,0.11343635583954643,0.15168604712487507,0.18196754016268452,0.2246354367542705,0.26741128068945297,0.2862227300369955,0.33832237695785705
1700000003135000000,13135000000,628,627,627,0,0,,,,0,rest,hold,200.0,dev-0123456789abcdef0123456789abcdef,synthetic-1-rest,29,protocol,synthetic-demo-contract-v1,True,0.0927888917846755,0.12150598099146179,0.1621759008924159,0.19269032506143155,0.23543657077637004,0.277301119493013,0.296271625181026,0.34948190347259656
1700000003140000000,13140000000,629,628,628,0,0,,,,0,rest,hold,200.0,dev-0123456789abcdef0123456789abcdef,synthetic-1-rest,29,protocol,synthetic-demo-contract-v1,True,0.10117633052934061,0.12901737772515695,0.1720555040859768,0.20286763874162536,0.24563008467167466,0.28654282044633766,0.30577583178348783,0.35999415366342746
1700000003145000000,13145000000,630,629,629,0,0,,,,0,rest,hold,200.0,dev-0123456789abcdef0123456789abcdef,synthetic-1-rest,29,protocol,synthetic-demo-contract-v1,True,0.10876841592886821,0.135912821167224,0.18123461159244433,0.21240864931191175,0.2551266216094993,0.2950542869587692,0.3146507066253981,0.3697682929397035
1700000003150000000,13150000000,631,630,630,0,0,,,,0,rest,hold,200.0,dev-0123456789abcdef0123456789abcdef,synthetic-1-rest,29,protocol,synthetic-demo-contract-v1,True,0.11550184898828325,0.142139534193718,0.18962888328547048,0.2212275805317266,0.26384238250602476,0.3027591699161536,0.32281672495580765,0.3787192470092675
1700000003155000000,13155000000,632,631,631,0,0,,,,0,rest,hold,200.0,dev-0123456789abcdef0123456789abcdef,synthetic-1-rest,29,protocol,synthetic-demo-contract-v1,True,0.12132258878732467,0.14764998580694383,0.19716062838415868,0.2292444434585043,0.27169982417620137,0.30958750835393145,0.33020014726089103,0.38676840392030354
1700000003160000000,13160000000,633,632,632,0,0,,,,0,rest,hold,200.0,dev-0123456789abcdef0123456789abcdef,synthetic-1-rest,29,protocol,synthetic-demo-contract-v1,True,0.12618616953652026,0.15240214791035078,0.20375949077301025,0.23638572039377345,0.27862830603722283,0.31547631812556653,0.3367336377006184,0.39384426363114955
1700000003165000000,13165000000,634,633,633,0,0,,,,0,rest,hold,200.0,dev-0123456789abcdef0123456789abcdef,synthetic-1-rest,29,protocol,synthetic-demo-contract-v1,True,0.13005789379066476,0.15635971056442877,0.20936306915167777,0.2425849953008969,0.28456468001546614,0.32037012366651985,0.3423568290811098,0.39988302976839474
1700000003170000000,13170000000,635,634,634,0,0,,,,0,rest,hold,200.0,dev-0123456789abcdef0123456789abcdef,synthetic-1-rest,29,protocol,synthetic-demo-contract-v1,True,0.1329129038831176,0.15949225609093956,0.2139174664802216,0.2477835253119581,0.2894538187776334,0.3242214284202247,0.3470168296768008,0.40482913870722564
1700000003175000000,13175000000,636,635,635,0,0,,,,0,rest,hold,200.0,dev-0123456789abcdef0123456789abcdef,synthetic-1-rest,29,protocol,synthetic-demo-contract-v1,True,0.134736135491096,0.16177539264066013,0.21737776383343985,0.25193074843219304,0.29324907791597643,0.32699111999564,0.3506686677013595,0.40863572162168016
1700000003180000000,13180000000,637,636,636,0,0,,,,0,rest,hold,200.0,dev-0123456789abcdef0123456789abcdef,synthetic-1-rest,29,protocol,synthetic-demo-contract-v1,True,0.13552215896475067,0.1631908480504028,0.21970841447025666,0.25498472308328124,0.2959126882627053,0.3286488066617745,0.35327566974582236,0.4112649957019531
1700000003185000000,13185000000,638,637,637,0,0,,,,0,rest,hold,200.0,dev-0123456789abcdef0123456789abcdef,synthetic-1-rest,29,protocol,synthetic-demo-contract-v1,True,0.13527491562186736,0.16372652498868362,0.22088355465462697,0.2569124956973503,0.29741607508553225,0.3291730823487599,0.3548097700524145,0.41268858131673575
1700000003190000000,13190000000,639,638,638,0,0,,,,0,rest,hold,200.0,dev-0123456789abcdef0123456789abcdef,synthetic-1-rest,29,protocol,synthetic-demo-contract-v1,True,0.13400735759940358,0.1633765185269287,0.22088722852594653,0.25769039317684683,0.2977401015199623,0.3285517179128824,0.3552517480683417,0.4128877425058982
1700000003195000000,13195000000,640,639,639,0,0,,,,0,rest,hold,200.0,dev-0123456789abcdef0123456789abcdef,synthetic-1-rest,29,protocol,synthetic-demo-contract-v1,True,0.13174100104070868,0.16214109737629845,0.21971352510240455,0.25730423766647104,0.2968752342194595,0.3267817770296834,0.35459139232076026,0.4118535488177117
1700000003200000000,13200000000,641,640,640,0,0,,,,0,rest,hold,200.0,dev-0123456789abcdef0123456789abcdef,synthetic-1-rest,29,protocol,synthetic-demo-contract-v1,True,0.12850540336535896,0.1600266501014266,0.21736662630262626,0.25574948173680684,0.2948216298468251,0.3238696556997897,0.35282758926715774,0.40958695715005333
1700000003205000000,13205000000,642,641,641,0,0,,,,0,rest,hold,200.0,dev-0123456789abcdef0123456789abcdef,synthetic-1-rest,29,protocol,synthetic-demo-contract-v1,True,0.12433757610394433,0.1570455976645893,0.2138607656817669,0.25303126274959964,0.29158914168369426,0.31983104498140946,0.34996833639942826,0.40609881291132544
1700000003210000000,13210000000,643,642,642,0,0,,,,0,rest,hold,200.0,dev-0123456789abcdef0123456789abcdef,synthetic-1-rest,29,protocol,synthetic-demo-contract-v1,True,0.11928134527459716,0.15321627367056415,0.20922009839031158,0.24916437585617787,0.28719724629462684,0.3146908171962723,0.3460306795098308,0.4014097704787864
1700000003215000000,13215000000,644,643,643,0,0,,,,0,rest,hold,200.0,dev-0123456789abcdef0123456789abcdef,synthetic-1-rest,29,protocol,synthetic-demo-contract-v1,True,0.11338667152820588,0.14856277367762294,0.20347848366956164,0.24417316576749612,0.28167489084236025,0.30848283648695846,0.34104057465752996,0.39555013359414637
1700000003220000000,13220000000,645,644,644,0,0,,,,0,rest,hold,200.0,dev-0123456789abcdef0123456789abcdef,synthetic-1-rest,29,protocol,synthetic-demo-contract-v1,True,0.10670894229680358,0.14311477491802146,0.1966791819896114,0.2380913381208898,0.2750602623059704,0.3012496952278497,0.3350326760003189,0.388559616993218
1700000003225000000,13225000000,646,645,645,0,0,,,,0,rest,hold,200.0,dev-0123456789abcdef0123456789abcdef,synthetic-1-rest,29,protocol,synthetic-demo-contract-v1,True,0.09930824795109319,0.13690732773650593,0.18887446970613672,0.23096169194903554,0.2674004804985488,0.29304237840420716,0.32805005127222003,0.3804870312127019
1700000003230000000,13230000000,647,646,646,0,0,,,,0,rest,hold,200.0,dev-0123456789abcdef0123456789abcdef,synthetic-1-rest,29,protocol,synthetic-demo-contract-v1,True,0.0912486535197142,0.12998062001238067,0.18012517485433788,0.2228357754250102,0.25875121741018253,0.28391985866904457,0.3201438272888125,0.3713898931475093
1700000003235000000,13235000000,648,647,647,0,0,,,,0,rest,hold,200.0,dev-0123456789abcdef0123456789abcdef,synthetic-1-rest,29,protocol,synthetic-demo-contract-v1,True,0.08259747686037633,0.12237971578428791,0.17050013840507391,0.21377346770809247,0.24917624601040275,0.27394862536066034,0.3113727684434173,0.3613339655412369
1700000003240000000,13240000000,649,648,648,0,0,,,,0,rest,hold,200.0,dev-0123456789abcdef0123456789abcdef,synthetic-1-rest,29,protocol,synthetic-demo-contract-v1,True,0.07342458332102872,0.11415426925154852,0.16007560597299378,0.2038424903424282,0.23874692222671373,0.2632021513100982,0.30180279171377744,0.3503927291754194
1700000003245000000,13245000000,650,649,649,0,0,,,,0,rest,hold,200.0,dev-0123456789abcdef0123456789abcdef,synthetic-1-rest,29,protocol,synthetic-demo-contract-v1,True,0.06380170591118736,0.10535821528619667,0.14893455558329813,0.19311785225962277,0.22754160436762697,0.2517603017829926,0.29150642222607215,0.3386467920752943
1700000003250000000,13250000000,651,650,650,0,0,,,,0,rest,hold,200.0,dev-0123456789abcdef0123456789abcdef,synthetic-1-rest,29,protocol,synthetic-demo-contract-v1,True,0.05380179884571898,0.09604943755976557,0.13716596766698386,0.18168123300154276,0.21564501477517625,0.23970869037989387,0.2805621939165775,0.32618324056641107
1700000003255000000,13255000000,652,651,651,0,0,,,,0,rest,hold,200.0,dev-0123456789abcdef0123456789abcdef,synthetic-1-rest,29,protocol,synthetic-demo-contract-v1,True,0.04349843105464585,0.08628941537220199,0.12486404395894043,0.16962030930628333,0.20314754896892023,0.22713798715929093,0.2690540002869308,0.31309493749326367
1700000003260000000,13260000000,653,652,652,0,0,,,,0,rest,hold,200.0,dev-0123456789abcdef0123456789abcdef,synthetic-1-rest,29,protocol,synthetic-demo-contract-v1,True,0.03296522490363411,0.07614285027031638,0.11212738241462217,0.15702803068390014,0.19014453797704825,0.21414318464454887,0.25707040066305226,0.29947977334433434
1700000003265000000,13265000000,654,653,653,0,0,,,,0,rest,hold,200.0,dev-0123456789abcdef0123456789abcdef,synthetic-1-rest,29,protocol,synthetic-demo-contract-v1,True,0.02227534397263125,0.06567727356263578,0.0990581156353038,0.14400185004494515,0.17673546993678807,0.20082282772652482,0.24470388773685048,0.285439876413932
1700000003270000000,13270000000,655,654,654,0,0,,,,0,rest,hold,200.0,dev-0123456789abcdef0123456789abcdef,synthetic-1-rest,29,protocol,synthetic-demo-contract-v1,True,0.011501032326989093,0.05496263587852014,0.08576102059586402,0.13064291583028126,0.16302317738263308,0.18727821377477513,0.2320501224908008,0.2710807884667566
1700000003275000000,13275000000,656,655,655,0,0,,,,0,rest,hold,200.0,dev-0123456789abcdef0123456789abcdef,synthetic-1-rest,29,protocol,synthetic-demo-contract-v1,True,0.0007132063186408516,0.04407087998350115,0.07234260770019886,0.1170552324218593,0.14911299692428748,0.1736125695195987,0.2192071428757776,0.2565106126535832
1700000003280000000,13280000000,657,656,656,0,0,,,,0,rest,hold,200.0,dev-0123456789abcdef0123456789abcdef,synthetic-1-rest,29,protocol,synthetic-demo-contract-v1,True,-0.010018901394254896,0.03307549815071834,0.058910197345813646,0.10334479588816443,0.1351119082442465,0.15993021146252118,0.2062745528298148,0.24183914065342363
1700000003285000000,13285000000,658,657,657,0,0,,,,0,rest,hold,200.0,dev-0123456789abcdef0123456789abcdef,synthetic-1-rest,29,protocol,synthetic-demo-contract-v1,True,-0.020628047192548685,0.022051075500102844,0.045570992259760836,0.08961871233249256,0.12112765951568352,0.14633569671255178,0.19335269838796107,0.22717696618710717
1700000003290000000,13290000000,659,658,658,0,0,,,,0,rest,hold,200.0,dev-0123456789abcdef0123456789abcdef,synthetic-1-rest,29,protocol,synthetic-demo-contract-v1,True,-0.03104923395618181,0.0110728208520429,0.0324311538726097,0.07598430626534003,0.10726788645354003,0.13293297122860132,0.18054183773987312,0.2126345921581836
1700000003295000000,13295000000,660,659,659,0,0,,,,0,rest,hold,200.0,dev-0123456789abcdef0123456789abcdef,synthetic-1-rest,29,protocol,synthetic-demo-contract-v1,True,-0.04121992442586714,0.00021608679904869428,0.019594890925703476,0.0625482265124235,0.09363923226425663,0.119824522473903,0.16794131214116342,0.19832153872825245
1700000003300000000,13300000000,661,660,660,0,0,,,,0,rest,hold,200.0,dev-0123456789abcdef0123456789abcdef,synthetic-1-rest,29,protocol,synthetic-demo-contract-v1,True,-0.0510802151382596,-0.010444119124522415,0.007163568360827622,0.04941555719658166,0.08034647575223686,0.10711054345611054,0.15564872457659523,0.18434545962507998
1700000003305000000,13305000000,662,661,661,0,0,,,,0,rest,hold,200.0,dev-0123456789abcdef0123456789abcdef,synthetic-1-rest,29,protocol,synthetic-demo-contract-v1,True,-0.060572976322181345,-0.020833630101259867,-0.0047651556777771765,0.03668894129460855,0.06749167477381313,0.09488811503705238,0.14375913300793708,0.17081127391310313
1700000003310000000,13310000000,663,662,662,0,0,,,,0,rest,hold,200.0,dev-0123456789abcdef0123456789abcdef,synthetic-1-rest,29,protocol,synthetic-demo-contract-v1,True,-0.06964396367581834,-0.03087962023787382,-0.01609815718891102,0.024467724169234702,0.055173332102760236,0.08325041324962924,0.13236426491720416,0.15782032032773397
1700000003315000000,13315000000,664,663,663,0,0,,,,0,rest,hold,200.0,dev-0123456789abcdef0123456789abcdef,synthetic-1-rest,29,protocol,synthetic-demo-contract-v1,True,-0.07824190828424532,-0.04051110682450657,-0.0267476308244827,0.012847124312859635,0.043485590586409245,0.07228594815731043,0.12155175967823353,0.14546954108841278
1700000003320000000,13320000000,665,664,664,0,0,,,,0,rest,hold,200.0,dev-0123456789abcdef0123456789abcdef,synthetic-1-rest,29,protocol,synthetic-demo-contract-v1,True,-0.08631859107824051,-0.04965945192910212,-0.03663182480219061,0.0019174383145198664,0.03251746422958571,0.06207784053566699,0.11140444505745206,0.13385070186206077
1700000003325000000,13325000000,666,665,665,0,0,,,,0,rest,hold,200.0,dev-0123456789abcdef0123456789abcdef,synthetic-1-rest,29,protocol,synthetic-demo-contract-v1,True,-0.09382890817875329,-0.058258860389180996,-0.04567571993930088,-0.008236713223177948,0.02235211154694154,0.052703142347465974,0.10199965386023778,0.12304965425047358
1700000003330000000,13330000000,667,666,666,0,0,,,,0,rest,hold,200.0,dev-0123456789abcdef0123456789abcdef,synthetic-1-rest,29,protocol,synthetic-demo-contract-v1,True,-0.10073093322072434,-0.06624687104833625,-0.053811647060994505,-0.017537092432390516,0.013066157175294085,0.04423220662562954,0.09340858640489227,0.11314564682481304
1700000003335000000,13335000000,668,667,667,0,0,,,,0,rest,hold,200.0,dev-0123456789abcdef0123456789abcdef,synthetic-1-rest,29,protocol,synthetic-demo-contract-v1,True,-0.10698598231402591,-0.07356483788094835,-0.06097983762104528,-0.025912497605228894,0.004729067339125731,0.03672811197466961,0.08569572412462369,0.10421069033050094
1700000003340000000,13340000000,669,668,668,0,0,,,,0,rest,hold,200.0,dev-0123456789abcdef0123456789abcdef,synthetic-1-rest,29,protocol,synthetic-demo-contract-v1,True,-0.11255868669105382,-0.0801583974617354,-0.06712890300041188,-0.033299357754840234,-0.002597415682266126,0.03024614645436156,0.07891829917227221,0.09630898223979822
1700000003345000000,13345000000,670,669,669,0,0,,,,0,rest,hold,200.0,dev-0123456789abcdef0123456789abcdef,synthetic-1-rest,29,protocol,synthetic-demo-contract-v1,True,-0.11741707732686849,-0.0859779190724929,-0.07221623861447916,-0.03964226326607796,-0.008859775424585088,0.024833355123161285,0.07312582443641064,0.08949639534093781
1700000003350000000,13350000000,671,670,670,0,0,,,,0,rest,hold,200.0,dev-0123456789abcdef0123456789abcdef,synthetic-1-rest,29,protocol,synthetic-demo-contract-v1,True,-0.12153268491944189,-0.09097893360254428,-0.07620834965586228,-0.04489442812730729,-0.014013155309609254,0.020528154997047382,0.06835968787465448,0.08382003452574356
1700000003355000000,13355000000,672,671,671,0,0,,,,0,rest,hold,200.0,dev-0123456789abcdef0123456789abcdef,synthetic-1-rest,29,protocol,synthetic-demo-contract-v1,True,-0.12488065760809273,-0.09512253729736497,-0.07908109602008385,-0.04901807981126216,-0.018021721341567126,0.017360020626509792,0.06465281453483075,0.07931786537670017
1700000003360000000,13360000000,673,672,672,0,0,,,,0,rest,hold,200.0,dev-0123456789abcdef0123456789abcdef,synthetic-1-rest,29,protocol,synthetic-demo-contract-v1,True,-0.12743989771399447,-0.09837576634681343,-0.08081985469927964,-0.051984773482955535,-0.020858950442169837,0.015349242914750733,0.062029399071440984,0.0760184175639663
1700000003365000000,13365000000,674,673,673,0,0,,,,0,rest,hold,200.0,dev-0123456789abcdef0123456789abcdef,synthetic-1-rest,29,protocol,synthetic-demo-contract-v1,True,-0.12919321763602884,-0.10071193828511862,-0.08141959867739841,-0.05377562785127248,-0.022507842051623317,0.014506763198607449,0.06050471097830651,0.07394056544773533
1700000003370000000,13370000000,675,674,674,0,0,,,,0,rest,hold,200.0,dev-0123456789abcdef0123456789abcdef,synthetic-1-rest,29,protocol,synthetic-demo-contract-v1,True,-0.13012751385795462,-0.10211095620343122,-0.08088489211210269,-0.05438148064259908,-0.022961051256474643,0.014834083995221799,0.06008497415330698,0.0730933876467424
1700000003375000000,13375000000,676,675,675,0,0,,,,0,rest,hold,200.0,dev-0123456789abcdef0123456789abcdef,synthetic-1-rest,29,protocol,synthetic-demo-contract-v1,True,-0.13023395684938216,-0.10255957185596652,-0.07922980233681619,-0.05380296235408542,-0.02222094235305163,0.016323257187111487,0.06076732179269588,0.07347610668477168
1700000003380000000,13380000000,677,676,676,0,0,,,,0,rest,hold,200.0,dev-0123456789abcdef0123456789abcdef,synthetic-1-rest,29,protocol,synthetic-demo-contract-v1,True,-0.12950819350392198,-0.1020516038754141,-0.07647772995418661,-0.05205048763512886,-0.020299562412158592,0.018956949781255637,0.06253982698575668,0.075078109169106
1700000003385000000,13385000000,678,677,677,0,0,,,,0,rest,hold,200.0,dev-0123456789abcdef0123456789abcdef,synthetic-1-rest,29,protocol,synthetic-demo-contract-v1,True,-0.12795055768304014,-0.10058810750443395,-0.07266115901292837,-0.04914416434251158,-0.017218535071164342,0.022708586739341983,0.065381608750759,0.07787904629340042
1700000003390000000,13390000000,679,678,678,0,0,,,,0,rest,hold,200.0,dev-0123456789abcdef0123456789abcdef,synthetic-1-rest,29,protocol,synthetic-demo-contract-v1,True,-0.12556628345228674,-0.09817749249894388,-0.06782132995708157,-0.04511362101143872,-0.013008875438228498,0.027542569741672948,0.06926301262549713,0.08184901379787764
1700000003395000000,13395000000,680,679,679,0,0,,,,0,rest,hold,200.0,dev-0123456789abcdef0123456789abcdef,synthetic-1-rest,29,protocol,synthetic-demo-contract-v1,True,-0.12236571473438605,-0.09483558616580927,-0.06200783870393796,-0.039997754175544076,-0.0077107276446906434,0.03341457012164609,0.07414586430537942,0.08694880986749205
1700000003400000000,13400000000,681,680,680,0,0,,,,0,rest,hold,200.0,dev-0123456789abcdef0123456789abcdef,synthetic-1-rest,29,protocol,synthetic-demo-contract-v1,True,-0.11836450438545237,-0.09058563886185758,-0.05527816583840208,-0.033844397647916906,-0.001373027220252867,0.040271893596343714,0.07998379421420625,0.09313026880912449
1700000003405000000,13405000000,682,681,681,0,0,,,,0,rest,hold,200.0,dev-0123456789abcdef0123456789abcdef,synthetic-1-rest,29,protocol,synthetic-demo-contract-v1,True,-0.11358379514743604,-0.0854582697011903,-0.04769714050183767,-0.02670991653653398,0.005946908913801768,0.04805391382665994,0.08672263030251562,0.10033666772725641
1700000003410000000,13410000000,683,682,682,0,0,,,,0,rest,hold,200.0,dev-0123456789abcdef0123456789abcdef,synthetic-1-rest,29,protocol,synthetic-demo-contract-v1,True,-0.1080503745594798,-0.07949135069098173,-0.03933634409751805,-0.018658729405564154,0.014183861440572702,0.056692571272413936,0.09430085580055246,0.10850320281900198
1700000003415000000,13415000000,684,683,683,0,0,,,,0,rest,hold,200.0,dev-0123456789abcdef0123456789abcdef,synthetic-1-rest,29,protocol,synthetic-demo-contract-v1,True,-0.10179679573679616,-0.07272982803872911,-0.030273459428062387,-0.00976276260339385,0.02326525267039382,0.06611293326875077,0.10265012811225875,0.11755753133878812
1700000003420000000,13420000000,685,684,684,0,0,,,,0,rest,hold,200.0,dev-0123456789abcdef0123456789abcdef,synthetic-1-rest,29,protocol,synthetic-demo-contract-v1,True,-0.09486145595730391,-0.0652254799416894,-0.02059157131866121,-0.0001008413536841635,0.0331117510915232,0.07623381074428932,0.11169585452770942,0.1274203747450848
1700000003425000000,13425000000,686,685,685,0,0,,,,0,rest,hold,200.0,dev-0123456789abcdef0123456789abcdef,synthetic-1-rest,29,protocol,synthetic-demo-contract-v1,True,-0.08728862523847586,-0.05703661077659141,-0.010378425160034946,0.010241977257541583,0.04363793144999832,0.08696842653307377,0.12135781995830523,0.13800617804076543
1700000003430000000,13430000000,687,686,686,0,0,,,,0,rest,hold,200.0,dev-0123456789abcdef0123456789abcdef,synthetic-1-rest,29,protocol,synthetic-demo-contract-v1,True,-0.07912841753976631,-0.04822768224831347,0.00027434987597246135,0.021175123772484376,0.05475298490165391,0.09822512980532742,0.13155086146574307,0.14922381985906738
1700000003435000000,13435000000,688,687,687,0,0,,,,0,rest,hold,200.0,dev-0123456789abcdef0123456789abcdef,synthetic-1-rest,29,protocol,synthetic-demo-contract-v1,True,-0.07043669788503354,-0.03886888272293803,0.01127204593981795,0.032603282257855866,0.0663614733660811,0.109908150759857,0.14218558396594919,0.16097736743253557
1700000003440000000,13440000000,689,688,688,0,0,,,,0,rest,hold,200.0,dev-0123456789abcdef0123456789abcdef,synthetic-1-rest,29,protocol,synthetic-demo-contract-v1,True,-0.06127491955538917,-0.029035636655727764,0.02251770272799926,0.04442719614057133,0.07836412184752238,0.12191838938679807,0.15316911114594153,0.17316687021607746
1700000003445000000,13445000000,690,689,689,0,0,,,,0,rest,hold,200.0,dev-0123456789abcdef0123456789abcdef,synthetic-1-rest,29,protocol,synthetic-demo-contract-v1,True,-0.0517098865421123,-0.01880805671965593,0.0339129475042473,0.056544507177022856,0.09065864217443383,0.13415423182607406,0.16440586533790044,0.18568918562041553
1700000003450000000,13450000000,691,690,690,0,0,,,,0,rest,hold,200.0,dev-0123456789abcdef0123456789abcdef,synthetic-1-rest,29,protocol,synthetic-demo-contract-v1,True,-0.041813437653645036,-0.008270341936288823,0.045358841537770034,0.0688506204682744,0.10314058135030627,0.14651238761682348,0.17579836985304328,0.1984388300513894
1700000003455000000,13455000000,692,691,691,0,0,,,,0,rest,hold,200.0,dev-0123456789abcdef0123456789abcdef,synthetic-1-rest,29,protocol,synthetic-demo-contract-v1,True,-0.0316620500184301,0.0024898742010674574,0.056756725586892154,0.08123958821170306,0.11570418750533254,0.15888874095793742,0.18724806709009664,0.21130884824573348
1700000003460000000,13460000000,693,692,692,0,0,,,,0,rest,hold,200.0,dev-0123456789abcdef0123456789abcdef,synthetic-1-rest,29,protocol,synthetic-demo-contract-v1,True,-0.02133636119089028,0.013382220951617002,0.0680090571308215,0.09360500471986545,0.12824328629351817,0.17117920898139638,0.1986561456010082,0.22419169374702144
1700000003465000000,13465000000,694,693,693,0,0,,,,0,rest,hold,200.0,dev-0123456789abcdef0123456789abcdef,synthetic-1-rest,29,protocol,synthetic-demo-contract-v1,True,-0.01092061062293696,0.024314327595025286,0.07902023219068023,0.10584090514090952,0.14065216049384732,0.18328059997910565,0.20992436922094232,0.2369801132774018
1700000003470000000,13470000000,695,694,694,0,0,,,,0,rest,hold,200.0,dev-0123456789abcdef0123456789abcdef,synthetic-1-rest,29,protocol,synthetic-demo-contract-v1,True,-0.0005020028770942146,0.035192594832717354,0.08969738478148478,0.11784266028261454,0.15282642554797957,0.19509146452105594,0.22095590135131987,0.24956802773240438
1700000003475000000,13475000000,696,695,695,0,0,,,,0,rest,hold,200.0,dev-0123456789abcdef0123456789abcdef,synthetic-1-rest,29,protocol,synthetic-demo-contract-v1,True,0.009830003402997717,0.0459229938515134,0.0999511572968661,0.1295078599743995,0.1646638938008647,0.20651293245791497,0.23165611752384752,0.2618514025576611
1700000003480000000,13480000000,697,696,696,0,0,,,,0,rest,hold,200.0,dev-0123456789abcdef0123456789abcdef,synthetic-1-rest,29,protocol,synthetic-demo-contract-v1,True,0.019984475116999176,0.05641188607286063,0.10969643544485443,0.1407371774980732,0.1760654203042645,0.21744952891407948,0.24193339946972886,0.2737291003575149
1700000003485000000,13485000000,698,697,697,0,0,,,,0,rest,hold,200.0,dev-0123456789abcdef0123456789abcdef,synthetic-1-rest,29,protocol,synthetic-demo-contract-v1,True,0.02986984568962258,0.06656685616868939,0.11885304172252609,0.151435207777946,0.18693572319577173,0.22780996254696212,0.25169990407086656,0.28510370873549373
1700000003490000000,13490000000,699,698,698,0,0,,,,0,rest,hold,200.0,dev-0123456789abcdef0123456789abcdef,synthetic-1-rest,29,protocol,synthetic-demo-contract-v1,True,0.03939480865827702,0.07629755055407864,0.12734638183572602,0.16151127224285175,0.1971841718762504,0.23750787957347008,0.26087230077756796,0.29588233657423885
1700000003495000000,13495000000,700,699,699,0,0,,,,0,rest,hold,200.0,dev-0123456789abcdef0123456789abcdef,synthetic-1-rest,29,protocol,synthetic-demo-contract-v1,True,0.04846925371030766,0.08551651327454268,0.13510803893298295,0.17088018355467358,0.2067255364748779,0.24646257734335728,0.26937247133828934,0.3059773722259088
1700000003500000000,13500000000,701,700,700,0,0,,,,0,rest,hold,200.0,dev-0123456789abcdef0123456789abcdef,synthetic-1-rest,29,protocol,synthetic-demo-contract-v1,True,0.05700523374911358,0.09414001099819036,0.14207631102546192,0.17946296373780593,0.21548069241102552,0.2545996715691945,0.2771281659991973,0.3153071974012088
1700000003505000000,13505000000,702,701,701,0,0,,,,0,rest,hold,200.0,dev-0123456789abcdef0123456789abcdef,synthetic-1-rest,29,protocol,synthetic-demo-contract-v1,True,0.06491795047351707,0.10208883870554894,0.1481966875023089,0.1871875096387443,0.22337727423342485,0.26185171170141053,0.28407361069221915,0.32379685091339233
1700000003510000000,13510000000,703,702,702,0,0,,,,0,rest,hold,200.0,dev-0123456789abcdef0123456789abcdef,synthetic-1-rest,29,protocol,synthetic-demo-contract-v1,True,0.07212674505540402,0.10928909764662313,0.15342226121768357,0.19398920009120565,0.2303502733362737,0.26815873936101975,0.29015006013670236,0.33137863684970414
1700000003515000000,13515000000,704,703,703,0,0,,,,0,rest,hold,200.0,dev-0123456789abcdef0123456789abcdef,synthetic-1-rest,29,protocol,synthetic-demo-contract-v1,True,0.07855607981963557,0.11567293720894532,0.1577140732168022,0.19981143965621267,0.2363425746158227,0.2734687852089426,0.2953062922286123,0.3379926722034847
1700000003520000000,13520000000,705,704,704,0,0,,,,0,rest,hold,200.0,dev-0123456789abcdef0123456789abcdef,synthetic-1-rest,29,protocol,synthetic-demo-contract-v1,True,0.08413649638606212,0.12117925251365223,0.161041387777702,0.20460613434407707,0.24130542763557494,0.27773830013527906,0.2994990395784741,0.34358736950157176
1700000003525000000,13525000000,706,705,705,0,0,,,,0,rest,hold,200.0,dev-0123456789abcdef0123456789abcdef,synthetic-1-rest,29,protocol,synthetic-demo-contract-v1,True,0.08880553554047058,0.12575432982959855,0.16338189606758372,0.2083340953016989,0.24519884840945735,0.2809325171904724,0.3026933545811007,0.34811985049967464
1700000003530000000,13530000000,707,706,706,0,0,,,,0,rest,hold,200.0,dev-0123456789abcdef0123456789abcdef,synthetic-1-rest,29,protocol,synthetic-demo-contract-v1,True,0.09250860416893837,0.12935243226735624,0.16472184734175488,0.21096536705914598,0.2479919484856768,0.28302574124854907,0.3048629049521615,0.3515562875885685
1700000003535000000,13535000000,708,707,707,0,0,,,,0,rest,hold,200.0,dev-0123456789abcdef0123456789abcdef,synthetic-1-rest,29,protocol,synthetic-demo-contract-v1,True,0.09519977492284243,0.13193631868350011,0.16505610724369812,0.21247947756886126,0.24966318861471573,0.2840015639858619,0.30599019724426824,0.3538721701515491
1700000003540000000,13540000000,709,708,708,0,0,,,,0,rest,hold,200.0,dev-0123456789abcdef0123456789abcdef,synthetic-1-rest,29,protocol,synthetic-demo-contract-v1,True,0.09684250487908579,0.1334776892873755,0.16438814339102698,0.21286560793366047,0.25020055490810084,0.28385300237215005,0.30606672645369826,0.3550524937336751
1700000003545000000,13545000000,710,709,709,0,0,,,,0,rest,hold,200.0,dev-0123456789abcdef0123456789abcdef,synthetic-1-rest,29,protocol,synthetic-demo-contract-v1,True,0.09741026031616398,0.13395755209278454,0.16272993904861374,0.2121226804002653,0.24960165603504267,0.28258255949920225,0.3050930504431876,0.35509187052077296
1700000003550000000,13550000000,711,710,710,0,0,,,,0,rest,hold,200.0,dev-0123456789abcdef0123456789abcdef,synthetic-1-rest,29,protocol,synthetic-demo-contract-v1,True,0.09688703583064788,0.133366505089658,0.16010183629168553,0.21025936388770156,0.24787374065651696,0.28020220721082456,0.30307878853130765,0.353994560275754
1700000003555000000,13555000000,712,711,711,0,0,,,,0,rest,hold,200.0,dev-0123456789abcdef0123456789abcdef,synthetic-1-rest,29,protocol,synthetic-demo-contract-v1,True,0.09526775735466514,0.13170492981849466,0.15653231064311635,0.20729399701854695,0.24503363495541694,0.2767332906408867,0.3000425442295867,0.35177442153608224
1700000003560000000,13560000000,713,712,712,0,0,,,,0,rest,hold,200.0,dev-0123456789abcdef0123456789abcdef,synthetic-1-rest,29,protocol,synthetic-demo-contract-v1,True,0.0925585601825845,0.1289830929047768,0.15205767972572856,0.20325442931984047,0.2411076007816503,0.27220635540869936,0.2960117527395524,0.34845478353387344
1700000003565000000,13565000000,714,713,713,0,0,,,,0,rest,hold,200.0,dev-0123456789abcdef0123456789abcdef,synthetic-1-rest,29,protocol,synthetic-demo-contract-v1,True,0.0887769348495606,0.12522115304223685,0.1467217489976687,0.19817778195348779,0.23613111558699973,0.26666089885754707,0.2910224544479873,0.34406823995363983
1700000003570000000,13570000000,715,714,714,0,0,,,,0,rest,hold,200.0,dev-0123456789abcdef0123456789abcdef,synthetic-1-rest,29,protocol,synthetic-demo-contract-v1,True,0.08395173559724754,0.12044907189239827,0.14057539813269704,0.19211013001733235,0.23014857597080096,0.2601450473476304,0.2851189962747197,0.33865636628673834
1700000003575000000,13575000000,716,715,715,0,0,,,,0,rest,hold,200.0,dev-0123456789abcdef0123456789abcdef,synthetic-1-rest,29,protocol,synthetic-demo-contract-v1,True,0.07812304818092108,0.11470642838210074,0.13367611206380606,0.18510610912194367,0.22321292728870706,0.25271516222383206,0.2783536633281201,0.33226936317085143
1700000003580000000,13580000000,717,716,716,0,0,,,,0,rest,hold,200.0,dev-0123456789abcdef0123456789abcdef,synthetic-1-rest,29,protocol,synthetic-demo-contract-v1,True,0.07134191588271703,0.10804213691887264,0.1260874611245447,0.17722844958888853,0.21538522238771982,0.24443537766653248,0.27078624390409295,0.32496562871206813
1700000003585000000,13585000000,718,717,717,0,0,,,,0,rest,hold,200.0,dev-0123456789abcdef0123456789abcdef,synthetic-1-rest,29,protocol,synthetic-demo-contract-v1,True,0.0636699247610333,0.1005140710937974,0.11787853509493022,0.16854744222846743,0.20673411311633327,0.23537707419541168,0.26248353142000835,0.3168112633714284
1700000003590000000,13590000000,719,718,718,0,0,,,,0,rest,hold,200.0,dev-0123456789abcdef0123456789abcdef,synthetic-1-rest,29,protocol,synthetic-demo-contract-v1,True,0.055178651348132275,0.0921885954901872,0.10912333628532041,0.1591403402333058,0.1973352788141174,0.22561829212706486,0.2535187674010036,0.3078795115522267
1700000003595000000,13595000000,720,719,719,0,0,,,,0,rest,hold,200.0,dev-0123456789abcdef0123456789abcdef,synthetic-1-rest,29,protocol,synthetic-demo-contract-v1,True,0.0459489781678827,0.08314000925113094,0.09990013707010502,0.14909070226394822,0.18727079650583325,0.21524308978299267,0.24397103012807322,0.29825014454443416
1700000003600000000,13600000000,721,720,720,0,0,,,,0,rest,hold,200.0,dev-0123456789abcdef0123456789abcdef,synthetic-1-rest,29,protocol,synthetic-demo-contract-v1,True,0.03607028454471864,0.07344990606699942,0.09029080751202825,0.1384876822991505,0.17662845800694177,0.20434085170104427,0.23392457401129177,0.28800878996403445
1700000003605000000,13605000000,722,721,721,0,0,,,,0,rest,hold,200.0,dev-0123456789abcdef0123456789abcdef,synthetic-1-rest,29,protocol,synthetic-demo-contract-v1,True,0.025639522175319254,0.06320645621249234,0.0803801188961755,0.12742527227258368,0.1655010395860473,0.19300555251680812,0.22346812516348982,0.2772462132638037
1700000003610000000,13610000000,723,722,722,0,0,,,,0,rest,hold,200.0,dev-0123456789abcdef0123456789abcdef,synthetic-1-rest,29,protocol,synthetic-demo-contract-v1,True,0.014760186800082547,0.05250361717961633,0.07025502911969292,0.11600150391553334,0.15398553022196895,0.18133498254851635,0.2126941390164658,0.2660575572846724
1700000003615000000,13615000000,724,723,723,0,0,,,,0,rest,hold,200.0,dev-0123456789abcdef0123456789abcdef,synthetic-1-rest,29,protocol,synthetic-demo-contract-v1,True,0.0035411990080180746,0.04144028030610933,0.06000395595883314,0.10431761656835734,0.14218232483532986,0.16942994143655002,0.20169802614014445,0.25454154615988034
1700000003620000000,13620000000,725,724,724,0,0,,,,0,rest,hold,200.0,dev-0123456789abcdef0123456789abcdef,synthetic-1-rest,29,protocol,synthetic-demo-contract-v1,True,-0.007904291294782022,0.03011936157722341,0.049716044259341764,0.09247719800917513,0.13019438916409992,0.15739340645408806,0.19057735269243925,0.24279966017498883
1700000003625000000,13625000000,726,725,725,0,0,,,,0,rest,hold,200.0,dev-0123456789abcdef0123456789abcdef,synthetic-1-rest,29,protocol,synthetic-demo-contract-v1,True,-0.019460160954021557,0.018646845472067786,0.03948043307019041,0.08058530557404822,0.11812640318695483,0.14532968231656332,0.17943102214164222,0.23093528842298594
1700000003630000000,13630000000,727,726,726,0,0,,,,0,rest,hold,200.0,dev-0123456789abcdef0123456789abcdef,synthetic-1-rest,29,protocol,synthetic-demo-contract-v1,True,-0.031008613356479312,0.007130791324613842,0.02938552866545081,0.06874757500692646,0.10608389017577184,0.13334353947270092,0.16835844506223907,0.21905286627336581
1700000003635000000,13635000000,728,727,727,0,0,,,,0,rest,hold,200.0,dev-0123456789abcdef0123456789abcdef,synthetic-1-rest,29,protocol,synthetic-demo-contract-v1,True,-0.042431504374994614,-0.004319687834391797,0.019518289276109033,0.05706932457841029,0.09417233857744511,0.12153934795756804,0.15745870390763117,0.20725700479556688
1700000003640000000,13640000000,729,728,728,0,0,,,,0,rest,hold,200.0,dev-0123456789abcdef0123456789abcdef,synthetic-1-rest,29,protocol,synthetic-demo-contract-v1,True,-0.05361167644069324,-0.015595463601783054,0.009963527184981667,0.04565466204926155,0.0824963239847218,0.11002021392765739,0.1468297197087028,0.19565161933975006
1700000003645000000,13645000000,730,729,729,0,0,,,,0,rest,hold,200.0,dev-0123456789abcdef0123456789abcdef,synthetic-1-rest,29,protocol,synthetic-demo-contract-v1,True,-0.06443428254326665,-0.0265884370686341,0.0008032336256926405,0.034605602027125294,0.07115863845521352,0.0988871259790009,0.13656742763487392,0.1843390644808808
1700000003650000000,13650000000,731,730,730,0,0,,,,0,rest,hold,200.0,dev-0123456789abcdef0123456789abcdef,synthetic-1-rest,29,protocol,synthetic-demo-contract-v1,True,-0.07478808208583757,-0.037192579453693524,-0.007884068326369943,0.02402120117348275,0.06025943437726506,0.0882381182719247,0.12676496828444575,0.1734192824755635
1700000003655000000,13655000000,732,731,731,0,0,,,,0,rest,hold,200.0,dev-0123456789abcdef0123456789abcdef,synthetic-1-rest,29,protocol,synthetic-demo-contract-v1,True,-0.08456669094120829,-0.047304957698839474,-0.01602393797418648,0.013996718563251208,0.04989538996146963,0.07816745735093543,0.11751190144423383,0.1629889722655664
1700000003660000000,13660000000,733,732,732,0,0,,,,0,rest,hold,200.0,dev-0123456789abcdef0123456789abcdef,synthetic-1-rest,29,protocol,synthetic-demo-contract-v1,True,-0.09366976876390423,-0.05682673431628671,-0.02354659375931466,0.004622808282918604,0.040158903258148984,0.06876485935632735,0.10889344887558802,0.15314078588829638
1700000003665000000,13665000000,734,733,733,0,0,,,,0,rest,hold,200.0,dev-0123456789abcdef0123456789abcdef,synthetic-1-rest,29,protocol,synthetic-demo-contract-v1,True,-0.10200412759463709,-0.06566413099494427,-0.03038744834843596,-0.004015248923280434,0.03113732136578218,0.06011474407719981,0.10098977244664092,0.14396255892432586
1700000003670000000,13670000000,735,734,734,0,0,,,,0,rest,hold,200.0,dev-0123456789abcdef0123456789abcdef,synthetic-1-rest,29,protocol,synthetic-demo-contract-v1,True,-0.10948474703326033,-0.07372934581249818,-0.03648759821780235,-0.011838268483687162,0.022912211204872135,0.05229553199546614,0.09387529364072347,0.13553658132712892
1700000003675000000,13675000000,736,735,735,0,0,,,,0,rest,hold,200.0,dev-0123456789abcdef0123456789abcdef,synthetic-1-rest,29,protocol,synthetic-demo-contract-v1,True,-0.11603568273058157,-0.08094141435692025,-0.04179426431663595,-0.018773833219280688,0.015558677888640713,0.045378990119715294,0.08761806013087652,0.1279389146429733
1700000003680000000,13680000000,737,736,736,0,0,,,,0,rest,hold,200.0,dev-0123456789abcdef0123456789abcdef,synthetic-1-rest,29,protocol,synthetic-demo-contract-v1,True,-0.12159085663210649,-0.08722700563130505,-0.04626118082048763,-0.024756907306804507,0.009144736329004663,0.03942963200925846,0.08227916472299393,0.12123876124217935
1700000003685000000,13685000000,738,737,737,0,0,,,,0,rest,hold,200.0,dev-0123456789abcdef0123456789abcdef,synthetic-1-rest,29,protocol,synthetic-demo-contract-v1,True,-0.12609471926764057,-0.0925211442928002,-0.049848929432053456,-0.029730387825925592,0.003730741276794845,0.03450417694565619,0.0779122215386019,0.11549789074995133
1700000003690000000,13690000000,739,738,738,0,0,,,,0,rest,hold,200.0,dev-0123456789abcdef0123456789abcdef,synthetic-1-rest,29,protocol,synthetic-demo-contract-v1,True,-0.12950277638635674,-0.09676785155223458,-0.05252521714615631,-0.033645589262503724,-0.0006311194873129186,0.03065107272503123,0.07456290383607722,0.11077012838922239
1700000003695000000,13695000000,740,739,739,0,0,,,,0,rest,hold,200.0,dev-0123456789abcdef0123456789abcdef,synthetic-1-rest,29,protocol,synthetic-demo-contract-v1,True,-0.1317819743514348,-0.09992069792673694,-0.05426509586348395,-0.03646265690995801,-0.0038972646160692088,0.027910086023614694,0.07226854736027201,0.10710090943350956
1700000003700000000,13700000000,741,740,740,0,0,,,,0,rest,hold,200.0,dev-0123456789abcdef0123456789abcdef,synthetic-1-rest,29,protocol,synthetic-demo-contract-v1,True,-0.132910940894083,-0.1019432619831043,-0.055051122710488946,-0.03815090571467514,-0.006033087674134734,0.026311963735398618,0.07105782256910459,0.10452690341878676
1700000003705000000,13705000000,742,741,741,0,0,,,,0,rest,hold,200.0,dev-0123456789abcdef0123456789abcdef,synthetic-1-rest,29,protocol,synthetic-demo-contract-v1,True,-0.13288008004478283,-0.10280949022365642,-0.05487346039670216,-0.03868908174418616,-0.007013251578927161,0.02587816809908981,0.07095047851625796,0.10307571118447298
1700000003710000000,13710000000,743,742,742,0,0,,,,0,rest,hold,200.0,dev-0123456789abcdef0123456789abcdef,synthetic-1-rest,29,protocol,synthetic-demo-contract-v1,True,-0.1316915222707892,-0.10250395433672833,-0.053729917411890114,-0.03806554411305704,-0.0068219065623361524,0.026620687826537804,0.07195716057638071,0.10276563720959107
1700000003715000000,13715000000,744,743,743,0,0,,,,0,rest,hold,200.0,dev-0123456789abcdef0123456789abcdef,synthetic-1-rest,29,protocol,synthetic-demo-contract-v1,True,-0.12935893301452264,-0.10102200314802985,-0.051625928330432086,-0.03627836587553197,-0.005452829843367724,0.028541926821384497,0.0740793035879898,0.1036055390859388
1700000003720000000,13720000000,745,744,744,0,0,,,,0,rest,hold,200.0,dev-0123456789abcdef0123456789abcdef,synthetic-1-rest,29,protocol,synthetic-demo-contract-v1,True,-0.12590718490981806,-0.09836980775343028,-0.04857447494549749,-0.033335353080145104,-0.0029094858482605016,0.03163467144002274,0.07730910136473541,0.10559475533096602
1700000003725000000,13725000000,746,745,745,0,0,,,,0,rest,hold,200.0,dev-0123456789abcdef0123456789abcdef,synthetic-1-rest,29,protocol,synthetic-demo-contract-v1,True,-0.1213719009162933,-0.09456429947462411,-0.044595949397863564,-0.02925398187399804,0.0007949935292531855,0.035882136602230205,0.08162955289291557,0.10872311209418307
1700000003730000000,13730000000,747,746,746,0,0,,,,0,rest,hold,200.0,dev-0123456789abcdef0123456789abcdef,synthetic-1-rest,29,protocol,synthetic-demo-contract-v1,True,-0.1157988774230608,-0.08963300144262139,-0.0397179608903915,-0.024061254237253728,0.005637908474552289,0.04125809041140536,0.08701458489740804,0.11297100865776198
1700000003735000000,13735000000,748,747,747,0,0,,,,0,rest,hold,200.0,dev-0123456789abcdef0123456789abcdef,synthetic-1-rest,29,protocol,synthetic-demo-contract-v1,True,-0.10924339800150654,-0.08361375576614515,-0.0339750879864333,-0.017793473615762456,0.01158716979354687,0.047727056299477814,0.09342924982476242,0.11830958097991695
1700000003740000000,13740000000,749,748,748,0,0,,,,0,rest,hold,200.0,dev-0123456789abcdef0123456789abcdef,synthetic-1-rest,29,protocol,synthetic-demo-contract-v1,True,-0.10176944990648418,-0.07655434936904437,-0.027408578876143286,-0.010495942395796657,0.018601554984470754,0.0552445910745734,0.10082999766629668,0.12470094188402797
1700000003745000000,13745000000,750,749,749,0,0,,,,0,rest,hold,200.0,dev-0123456789abcdef0123456789abcdef,synthetic-1-rest,29,protocol,synthetic-demo-contract-v1,True,-0.09344885661372043,-0.06851204266924182,-0.020066002356364097,-0.0022225838238354046,0.026631039735344954,0.06375763662569903,0.10916501943092222,0.13209849586271757
1700000003750000000,13750000000,751,750,750,0,0,,,,0,rest,hold,200.0,dev-0123456789abcdef0123456789abcdef,synthetic-1-rest,29,protocol,synthetic-demo-contract-v1,True,-0.08436034062091395,-0.059553006308712145,-0.012000852605383014,0.006964508389264153,0.035617202119462565,0.07320494243308999,0.11837465948206195,0.14044732584933045
1700000003755000000,13755000000,752,751,751,0,0,,,,0,rest,hold,200.0,dev-0123456789abcdef0123456789abcdef,synthetic-1-rest,29,protocol,synthetic-demo-contract-v1,True,-0.07458853141808504,-0.049751672117211286,-0.0032721111414374393,0.016995588932034143,0.04549369616085761,0.0835175554505255,0.12839189338046086,0.14968464871470338
1700000003760000000,13760000000,753,752,752,0,0,,,,0,rest,hold,200.0,dev-0123456789abcdef0123456789abcdef,synthetic-1-rest,29,protocol,synthetic-demo-contract-v1,True,-0.0642229339415426,-0.03919000539062598,0.006056230368199944,0.027793843801214725,0.05618679086879826,0.09461937337160493,0.13914286732962677,0.15974033567960352
1700000003765000000,13765000000,754,753,753,0,0,,,,0,rest,hold,200.0,dev-0123456789abcdef0123456789abcdef,synthetic-1-rest,29,protocol,synthetic-demo-contract-v1,True,-0.053356872962941414,-0.027956706377530168,0.015915682533731906,0.03927603229548519,0.06761597029958633,0.10642775677021576,0.15054749480756197,0.17053749329740975
1700000003770000000,13770000000,755,754,754,0,0,,,,0,rest,hold,200.0,dev-0123456789abcdef0123456789abcdef,synthetic-1-rest,29,protocol,synthetic-demo-contract-v1,True,-0.04208642873291385,-0.016146349585454318,0.0262338017763057,0.05135318263931132,0.07969458969995181,0.11885419512064638,0.16252010549176016,0.1819931001620799
1700000003775000000,13775000000,756,755,755,0,0,,,,0,rest,hold,200.0,dev-0123456789abcdef0123456789abcdef,synthetic-1-rest,29,protocol,synthetic-demo-contract-v1,True,-0.030509378805673233,-0.0038584701336661802,0.036934760657814966,0.06393133533400565,0.09233058232305678,0.1318050212587936,0.17497014114789672,0.19401869403708613
1700000003780000000,13780000000,757,756,756,0,0,,,,0,rest,hold,200.0,dev-0123456789abcdef0123456789abcdef,synthetic-1-rest,29,protocol,synthetic-demo-contract-v1,True,-0.018724160329365136,0.008803393114920881,0.047939940548012795,0.07691232793550198,0.1054272110895991,0.14518216844654222,0.18780289276007556,0.20652110368582086
1700000003785000000,13785000000,758,757,757,0,0,,,,0,rest,hold,200.0,dev-0123456789abcdef0123456789abcdef,synthetic-1-rest,29,protocol,synthetic-demo-contract-v1,True,-0.006828866214227482,0.02173268751887723,0.05916854205530657,0.0901946146144239,0.11888385889605352,0.15888396384981437,0.20092027283504285,0.21940321931625006
1700000003790000000,13790000000,759,758,758,0,0,,,,0,rest,hold,200.0,dev-0123456789abcdef0123456789abcdef,synthetic-1-rest,29,protocol,synthetic-demo-contract-v1,True,0.005079712491700332,0.03482085932380305,0.0705382085669463,0.10367411356673438,0.13259685105284033,0.1728059519399781,0.21422161651739516,0.23256479523543516
1700000003795000000,13795000000,760,759,759,0,0,,,,0,rest,hold,200.0,dev-0123456789abcdef0123456789abcdef,synthetic-1-rest,29,protocol,synthetic-demo-contract-v1,True,0.016906986956146994,0.04795837847947787,0.08196565819736921,0.1172450751148622,0.1464603030697156,0.18684174108065668,0.22760450490987383,0.2459032780454659
1700000003800000000,13800000000,761,760,760,0,0,,,,0,rest,hold,200.0,dev-0123456789abcdef0123456789abcdef,synthetic-1-rest,29,protocol,synthetic-demo-contract-v1,True,0.028561404004753835,0.06103576502906685,0.09336731943002251,0.13080096317174628,0.16036698679630776,0.200883866369721,0.24096560380456641,0.25931465350370925
1700000003805000000,13805000000,762,761,761,0,0,,,,0,rest,hold,200.0,dev-0123456789abcdef0123456789abcdef,synthetic-1-rest,29,protocol,synthetic-demo-contract-v1,True,0.03995520455814164,0.0739446065804922,0.10465996575723113,0.1442353426348374,0.17420920777394067,0.214824661670712,0.2542015108985402,0.2726943050185165
1700000003810000000,13810000000,763,762,762,0,0,,,,0,rest,hold,200.0,dev-0123456789abcdef0123456789abcdef,synthetic-1-rest,29,protocol,synthetic-demo-contract-v1,True,0.05100510060906839,0.08657855657801114,0.11576134467406723,0.15744276523478837,0.18787968656220472,0.2285571336905048,0.2672096044925072,0.28593787665815285
1700000003815000000,13815000000,764,763,763,0,0,,,,0,rest,hold,200.0,dev-0123456789abcdef0123456789abcdef,synthetic-1-rest,29,protocol,synthetic-demo-contract-v1,True,0.06163286598099535,0.09883430341429973,0.12659079646462293,0.1703196463845078,0.20127243677077236,0.24197583094119401,0.27988888665404255,0.2989421335163162
1700000003820000000,13820000000,765,764,764,0,0,,,,0,rest,hold,200.0,dev-0123456789abcdef0123456789abcdef,synthetic-1-rest,29,protocol,synthetic-demo-contract-v1,True,0.07176583782799387,0.11061250085470486,0.13706985833145166,0.1827651256581777,0.21428363255397012,0.2549777004641188,0.2921408138678281,0.31160581230246726
1700000003825000000,13825000000,766,765,765,0,0,,,,0,rest,hold,200.0,dev-0123456789abcdef0123456789abcdef,synthetic-1-rest,29,protocol,synthetic-demo-contract-v1,True,0.08133732754244512,0.12181865077939978,0.14712284956010618,0.19468190367609986,0.22681245841256106,0.26746292529248755,0.30387010829420846,0.3238304551092363
1700000003830000000,13830000000,767,766,766,0,0,,,,0,rest,hold,200.0,dev-0123456789abcdef0123456789abcdef,synthetic-1-rest,29,protocol,synthetic-demo-contract-v1,True,0.09028694139732706,0.13236392987796342,0.1566774335789924,0.2059770483782855,0.2387619342930639,0.27933573578516324,0.3149855429129822,0.3355212194514231
1700000003835000000,13835000000,768,767,767,0,0,,,,0,rest,hold,200.0,dev-0123456789abcdef0123456789abcdef,synthetic-1-rest,29,protocol,synthetic-demo-contract-v1,True,0.09856081283198503,0.14216595264577753,0.16566515296890252,0.2165627639359337,0.25003970917881485,0.2905051881768103,0.3254006940408048,0.34658765787064955
1700000003840000000,13840000000,769,768,768,0,0,,,,0,rest,hold,200.0,dev-0123456789abcdef0123456789abcdef,synthetic-1-rest,29,protocol,synthetic-demo-contract-v1,True,0.10611174976387723,0.15114946382259936,0.1740219336947646,0.22635711587287496,0.2605588166269893,0.30088590395688297,0.33503465497596063,0.3569444606547029
1700000003845000000,13845000000,770,769,769,0,0,,,,0,rest,hold,200.0,dev-0123456789abcdef0123456789abcdef,synthetic-1-rest,29,protocol,synthetic-demo-contract-v1,True,0.11289930164660965,0.1592469542701296,0.18168855507269327,0.235284706345941,0.270238386019894,0.31039876400974264,0.34381270484147614,0.36651215552899213
1700000003850000000,13850000000,771,770,770,0,0,,,,0,rest,hold,200.0,dev-0123456789abcdef0123456789abcdef,synthetic-1-rest,29,protocol,synthetic-demo-contract-v1,True,0.11888975217257379,0.16639919519595028,0.1886110822464735,0.24327729396073863,0.2790043036643458,0.3189715518178589,0.3516669270639411,0.3752177585366876
1700000003855000000,13855000000,772,771,771,0,0,,,,0,rest,hold,200.0,dev-0123456789abcdef0123456789abcdef,synthetic-1-rest,29,protocol,synthetic-demo-contract-v1,True,0.12405604451653325,0.17255568658409645,0.19474125822736135,0.2502743529738761,0.28678981828698535,0.32653954044665273,0.35853677233808895,0.3829953707311724
1700000003860000000,13860000000,773,772,772,0,0,,,,0,rest,hold,200.0,dev-0123456789abcdef0123456789abcdef,synthetic-1-rest,29,protocol,synthetic-demo-contract-v1,True,0.12837764681836278,0.17767501667536448,0.20003685284745287,0.25622356725005124,0.29353608593230845,0.3330460184895002,0.3643695613825829,0.38978671575581786
1700000003865000000,13865000000,774,773,773,0,0,,,,0,rest,hold,200.0,dev-0123456789abcdef0123456789abcdef,synthetic-1-rest,29,protocol,synthetic-demo-contract-v1,True,0.13184036619735476,0.18172513034101764,0.20446196628801636,0.26108125489830064,0.2991926497704627,0.3384427506511321,0.36912092328701507,0.3955416138782634
1700000003870000000,13870000000,775,774,774,0,0,,,,0,rest,hold,200.0,dev-0123456789abcdef0123456789abcdef,synthetic-1-rest,29,protocol,synthetic-demo-contract-v1,True,0.1344361199700251,0.1846835051993044,0.20798728516799542,0.264812720101251,0.30371785085916836,0.3426903691829366,0.37275516577965295,0.40021838857511094
1700000003875000000,13875000000,776,775,775,0,0,,,,0,rest,hold,200.0,dev-0123456789abcdef0123456789abcdef,synthetic-1-rest,29,protocol,synthetic-demo-contract-v1,True,0.13616267290597703,0.18653723532290922,0.21059028951232756,0.26739252926938634,0.3070791664740927,0.3457586929501195,0.3752455743056307,0.4037842023238855
1700000003880000000,13880000000,777,776,776,0,0,,,,0,rest,hold,200.0,dev-0123456789abcdef0123456789abcdef,synthetic-1-rest,29,protocol,synthetic-demo-contract-v1,True,0.13702334930470017,0.18728302336522373,0.21225540926280198,0.2688047092939295,0.30925347321997493,0.34762697150371885,0.3765746373915201,0.40621531884765855
1700000003885000000,13885000000,778,777,777,0,0,,,,0,rest,hold,200.0,dev-0123456789abcdef0123456789abcdef,synthetic-1-rest,29,protocol,synthetic-demo-contract-v1,True,0.1370267284173074,0.1869270828825803,0.21297412934372426,0.26904286633136776,0.31022723275571906,0.3482840521451287,0.37673419637959354,0.40749728966890325
1700000003890000000,13890000000,779,778,778,0,0,,,,0,rest,hold,200.0,dev-0123456789abcdef0123456789abcdef,synthetic-1-rest,29,protocol,synthetic-demo-contract-v1,True,0.136186331282863,0.18548495353757982,0.2127450426487071,0.26811022422441666,0.30999659860553436,0.347728468602128,0.37572551823870537,0.40762506345798427
1700000003895000000,13895000000,780,779,779,0,0,,,,0,rest,hold,200.0,dev-0123456789abcdef0123456789abcdef,synthetic-1-rest,29,protocol,synthetic-demo-contract-v1,True,0.13452030641489537,0.18298123272520495,0.2115738506713523,0.26601958234255024,0.30856744317964885,0.34596845057817655,0.37355929079334826,0.4066030173028918
1700000003900000000,13900000000,781,780,780,0,0,,,,0,rest,hold,200.0,dev-0123456789abcdef0123456789abcdef,synthetic-1-rest,29,protocol,synthetic-demo-contract-v1,True,0.13205112097951546,0.17944922795934629,0.20947331185940285,0.2627931933043975,0.30595530478680605,0.34302185408568003,0.3702555403528853,0.40444490967513225
1700000003905000000,13905000000,782,781,781,0,0,,,,0,rest,hold,200.0,dev-0123456789abcdef0123456789abcdef,synthetic-1-rest,29,protocol,synthetic-demo-contract-v1,True,0.12880526317522442,0.1749305350844647,0.20646313812712755,0.2584625617185705,0.30218525508123834,0.3389160131237189,0.3658434723639165,0.40117375551670714
1700000003910000000,13910000000,783,782,782,0,0,,,,0,rest,hold,200.0,dev-0123456789abcdef0123456789abcdef,synthetic-1-rest,29,protocol,synthetic-demo-contract-v1,True,0.12481296048169983,0.1694745480281957,0.20256984031222558,0.2530681657431386,0.29729168804361805,0.3336875139060125,0.3603612363449115,0.39682162451944
1700000003915000000,13915000000,784,783,783,0,0,,,,0,rest,hold,200.0,dev-0123456789abcdef0123456789abcdef,synthetic-1-rest,29,protocol,synthetic-demo-contract-v1,True,0.12010791731859614,0.1631379063798286,0.19782652370948478,0.24665910391141455,0.29131803224322567,0.32738189348039537,0.35385561698838064,0.3914293643052339
1700000003920000000,13920000000,785,784,784,0,0,,,,0,rest,hold,200.0,dev-0123456789abcdef0123456789abcdef,synthetic-1-rest,29,protocol,synthetic-demo-contract-v1,True,0.11472707447523017,0.15598388756196674,0.19227263515183457,0.23929267029750836,0.28431638876186555,0.320053265201548,0.34638165392678094,0.38504625083883665
1700000003925000000,13925000000,786,785,785,0,0,,,,0,rest,hold,200.0,dev-0123456789abcdef0123456789abcdef,synthetic-1-rest,29,protocol,synthetic-demo-contract-v1,True,0.1087103914684726,0.14808175075480773,0.18595366343842862,0.23103386169398152,0.2763470977736847,0.31176387411907863,0.3380021932489942,0.37772956900822
1700000003930000000,13930000000,787,786,786,0,0,,,,0,rest,hold,200.0,dev-0123456789abcdef0123456789abcdef,synthetic-1-rest,29,protocol,synthetic-demo-contract-v1,True,0.1021006517900493,0.13950604003217612,0.17892079522715473,0.2219548210408976,0.2674782373639692,0.30258358591838286,0.3287873744197346,0.36954412688676036
1700000003935000000,13935000000,788,787,787,0,0,,,,0,rest,hold,200.0,dev-0123456789abcdef0123456789abcdef,synthetic-1-rest,29,protocol,synthetic-demo-contract-v1,True,0.094943289846082,0.13033585437468095,0.1712305288136308,0.2121342218758145,0.25778505872925656,0.29258931359719154,0.3188140567898554,0.36056170774117374
1700000003940000000,13940000000,789,788,788,0,0,,,,0,rest,hold,200.0,dev-0123456789abcdef0123456789abcdef,synthetic-1-rest,29,protocol,synthetic-demo-contract-v1,True,0.08728623730049134,0.12065409233860752,0.16294424850867942,0.2016565990634799,0.24734936242623068,0.28186438657202406,0.3081651903869385,0.35086046436517576
1700000003945000000,13945000000,790,789,789,0,0,,,,0,rest,hold,200.0,dev-0123456789abcdef0123456789abcdef,synthetic-1-rest,29,protocol,synthetic-demo-contract-v1,True,0.07917978553731564,0.11054667918082815,0.15412776259968422,0.19061163150800187,0.23625882082337493,0.27049786738153025,0.29692913613846145,0.34052426079670745
1700000003950000000,13950000000,791,790,790,0,0,,,,0,rest,hold,200.0,dev-0123456789abcdef0123456789abcdef,synthetic-1-rest,29,protocol,synthetic-demo-contract-v1,True,0.07067646008041537,0.10010178417295597,0.14485080813656845,0.17909338294548324,0.2246062523533417,0.2585838215841519,0.28519894110050953,0.3296419669124258
1700000003955000000,13955000000,792,791,791,0,0,,,,0,rest,hold,200.0,dev-0123456789abcdef0123456789abcdef,synthetic-1-rest,29,protocol,synthetic-demo-contract-v1,True,0.06183090207476092,0.0894090356859805,0.13518652601881143,0.16719950725820856,0.21248885356171368,0.24622054683206426,0.2730715746398721,0.31830671178333847
1700000003960000000,13960000000,793,792,792,0,0,,,,0,rest,hold,200.0,dev-0123456789abcdef0123456789abcdef,synthetic-1-rest,29,protocol,synthetic-demo-contract-v1,True,0.05269975136061937,0.07855874139466093,0.12521091007450802,0.15503042503974948,0.2000073952960857,0.23350976743887258,0.2606471318434021,0.30661510201681397
1700000003965000000,13965000000,794,793,793,0,0,,,,0,rest,hold,200.0,dev-0123456789abcdef0123456789abcdef,synthetic-1-rest,29,protocol,synthetic-demo-contract-v1,True,0.04334152527553055,0.06764112064470308,0.11500223401446324,0.1426884783713005,0.1872653896751514,0.22055580104213296,0.24802801070285216,0.2946664115997421
1700000003970000000,13970000000,795,794,794,0,0,,,,0,rest,hold,200.0,dev-0123456789abcdef0123456789abcdef,synthetic-1-rest,29,protocol,synthetic-demo-contract-v1,True,0.03381648711027931,0.056745555652045865,0.10464046031257056,0.1302770709415574,0.1743682347185266,0.20746470419133406,0.23531806984396322,0.28256174999318573
1700000003975000000,13975000000,796,795,795,0,0,,,,0,rest,hold,200.0,dev-0123456789abcdef0123456789abcdef,synthetic-1-rest,29,protocol,synthetic-demo-contract-v1,True,0.02418649813061519,0.04595986776958711,0.09420663520685753,0.11789980075394822,0.16142234370215805,0.19434340386538887,0.22262177373331504,0.2704032154082919
1700000003980000000,13980000000,797,796,796,0,0,,,,0,rest,hold,200.0,dev-0123456789abcdef0123456789abcdef,synthetic-1-rest,29,protocol,synthetic-demo-contract-v1,True,0.014514847258503202,0.0353696245704235,0.08378227413258625,0.10565959271530621,0.14853426642997464,0.18129882203965922,0.21004333240408124,0.25829304031514805
1700000003985000000,13985000000,798,797,797,0,0,,,,0,rest,hold,200.0,dev-0123456789abcdef0123456789abcdef,synthetic-1-rest,29,protocol,synthetic-demo-contract-v1,True,0.004866052882776802,0.025057482966543712,0.07344874198868233,0.09365783838885235,0.13580980967889922,0.168437000480115,0.19768584279146964,0.24633273629970268
1700000003990000000,13990000000,799,798,798,0,0,,,,0,rest,hold,200.0,dev-0123456789abcdef0123456789abcdef,synthetic-1-rest,29,protocol,synthetic-demo-contract-v1,True,-0.004694368167954582,0.015102573016437245,0.06328663270052617,0.0819935501216837,0.12335316408075446,0.1558622329407815,0.1856504387596778,0.23462224538812623
1700000003995000000,13995000000,800,799,799,0,0,,,,0,rest,hold,200.0,dev-0123456789abcdef0123456789abcdef,synthetic-1-rest,29,protocol,synthetic-demo-contract-v1,True,-0.014100168718624713,0.005579926483329664,0.053375152575232405,0.07076253662381929,0.11126604465116754,0.14367621188040955,0.17403545683494767,0.22325910490330161
1700000004000000000,14000000000,801,800,800,0,0,,,,0,rest,hold,200.0,dev-0123456789abcdef0123456789abcdef,synthetic-1-rest,29,protocol,synthetic-demo-contract-v1,True,-0.023284679737244005,-0.0034400464036203147,0.043791511949146475,0.06005660688324242,0.09964685206248822,0.13197719669556066,0.16293562453404362,0.21233763280469428
1700000004005000000,14005000000,802,801,801,0,0,,,,0,rest,hold,200.0,dev-0123456789abcdef0123456789abcdef,synthetic-1-rest,29,protocol,synthetic-demo-contract-v1,True,-0.03218116151165046,-0.011892029150906492,0.03461032960107498,0.04996280905119063,0.08858986158609418,0.12085921029115647,0.152441277995373,0.20194814029178904
1700000004010000000,14010000000,803,802,802,0,0,,,,0,rest,hold,200.0,dev-0123456789abcdef0123456789abcdef,synthetic-1-rest,29,protocol,synthetic-demo-contract-v1,True,-0.0407231986480496,-0.019716217949116464,0.02590305434836431,0.04056271062633675,0.07818444640059158,0.11041127057736771,0.14263761538241518,0.19217617822391597
1700000004015000000,14015000000,804,803,803,0,0,,,,0,rest,hold,200.0,dev-0123456789abcdef0123456789abcdef,synthetic-1-rest,29,protocol,synthetic-demo-contract-v1,True,-0.048845138777899214,-0.026858685762635913,0.017737408156265094,0.03193172590822611,0.06851434167830085,0.10071666319548936,0.13360399223812655,0.18310182362759156
1700000004020000000,14020000000,805,804,804,0,0,,,,0,rest,hold,200.0,dev-0123456789abcdef0123456789abcdef,synthetic-1-rest,29,protocol,synthetic-demo-contract-v1,True,-0.056482573548579405,-0.03327169054979222,0.0101768549739829,0.02413849628239232,0.059656955525248016,0.09185226143736441,0.12541326462678598,0.17479901222867006
1700000004025000000,14025000000,806,805,805,0,0,,,,0,rest,hold,200.0,dev-0123456789abcdef0123456789abcdef,synthetic-1-rest,29,protocol,synthetic-demo-contract-v1,True,-0.06357285912909079,-0.03891392717451205,0.003280099363816992,0.017244328445696955,0.051682732462660336,0.08388789893596947,0.11813118550934365,0.16733492256361165
1700000004030000000,14030000000,807,806,806,0,0,,,,0,rest,hold,200.0,dev-0123456789abcdef0123456789abcdef,synthetic-1-rest,29,protocol,synthetic-demo-contract-v1,True,-0.07005567211629815,-0.04375072311333879,-0.002899381186957357,0.011302695184357546,0.044654574703676744,0.07688580027192511,0.11181585936272437,0.16076941679499557
1700000004035000000,14035000000,808,807,807,0,0,,,,0,rest,hold,200.0,dev-0123456789abcdef0123456789abcdef,synthetic-1-rest,29,protocol,synthetic-demo-contract-v1,True,-0.07587359541175959,-0.04775417856949088,-0.008313766587577638,0.006358802783231648,0.03862732600134819,0.07090007416561997,0.10651725957641635,0.1551545428847292
1700000004040000000,14040000000,809,808,808,0,0,,,,0,rest,hold,200.0,dev-0123456789abcdef0123456789abcdef,synthetic-1-rest,29,protocol,synthetic-demo-contract-v1,True,-0.0809727273856854,-0.05090325207369231,-0.01292128364878463,0.0024492285777747147,0.03364732232694437,0.06597627341122408,0.10227681264494821,0.15053410226811664
1700000004045000000,14045000000,810,809,809,0,0,,,,0,rest,hold,200.0,dev-0123456789abcdef0123456789abcdef,synthetic-1-rest,29,protocol,synthetic-demo-contract-v1,True,-0.08530330648397728,-0.05318379307583453,-0.01668655158276165,-0.0003983684355360279,0.029752013085294432,0.062151025161250775,0.09912705262666102,0.1469432866272092
1700000004050000000,14050000000,811,810,810,0,0,,,,0,rest,hold,200.0,dev-0123456789abcdef0123456789abcdef,synthetic-1-rest,29,protocol,synthetic-demo-contract-v1,True,-0.08882034239579983,-0.05458852340892249,-0.019580880596744978,-0.002165461633417725,0.026969655991070325,0.05945173459313521,0.09709134876217092,0.14440838678731724
1700000004055000000,14055000000,812,811,811,0,0,,,,0,rest,hold,200.0,dev-0123456789abcdef0123456789abcdef,synthetic-1-rest,29,protocol,synthetic-demo-contract-v1,True,-0.0914842440100063,-0.05511696983516617,-0.021582520990960457,-0.0028427937847719884,0.02531908812124405,0.0578963643871359,0.09618370854469126,0.14294657616084155
1700000004060000000,14060000000,813,812,812,0,0,,,,0,rest,hold,200.0,dev-0123456789abcdef0123456789abcdef,synthetic-1-rest,29,protocol,synthetic-demo-contract-v1,True,-0.09326143367324378,-0.054775350162176294,-0.02267686050639695,-0.0024304360442601574,0.024809575029538587,0.05749329182277092,0.09640865791398007,0.14256577054275357
1700000004065000000,14065000000,814,813,813,0,0,,,,0,rest,hold,200.0,dev-0123456789abcdef0123456789abcdef,synthetic-1-rest,29,protocol,synthetic-demo-contract-v1,True,-0.09412493674178117,-0.05357641564472098,-0.022856568023902443,-0.000937768567129198,0.025440739163700356,0.05824124466403485,0.09776119961116837,0.14326456542720645
1700000004070000000,14070000000,815,814,814,0,0,,,,0,rest,hold,200.0,dev-0123456789abcdef0123456789abcdef,synthetic-1-rest,29,protocol,synthetic-demo-contract-v1,True,-0.0940549351102295,-0.051539252564940186,-0.022121682091107094,0.0016166169495677569,0.027202568171191918,0.060129316357056026,0.10022685008833863,0.14503225137017947
1700000004075000000,14075000000,816,815,815,0,0,,,,0,rest,hold,200.0,dev-0123456789abcdef0123456789abcdef,synthetic-1-rest,29,protocol,synthetic-demo-contract-v1,True,-0.09303927331639032,-0.048689046012713205,-0.02047964314549396,0.0052050918396451115,0.030075503018839343,0.06313706041294401,0.10378175471976062,0.14784890727407704
1700000004080000000,14080000000,817,816,816,0,0,,,,0,rest,hold,200.0,dev-0123456789abcdef0123456789abcdef,synthetic-1-rest,29,protocol,synthetic-demo-contract-v1,True,-0.0910739059709174,-0.0450568089702062,-0.01794526870810141,0.009791240549514989,0.03403060519253417,0.06723466319870315,0.10839288041648672,0.15168557082221445
1700000004085000000,14085000000,818,817,817,0,0,,,,0,rest,hold,200.0,dev-0123456789abcdef0123456789abcdef,synthetic-1-rest,29,protocol,synthetic-demo-contract-v1,True,-0.08816327564703495,-0.04067907984342363,-0.014540671240231952,0.015330183993815766,0.03902980158971176,0.07238319371556917,0.11401828410787204,0.15650448464948322
1700000004090000000,14090000000,819,818,818,0,0,,,,0,rest,hold,200.0,dev-0123456789abcdef0123456789abcdef,synthetic-1-rest,29,protocol,synthetic-demo-contract-v1,True,-0.08432061098801533,-0.03559759158236847,-0.010295118782351273,0.02176897333958851,0.045026205075432445,0.078534928312273,0.12060745492779457,0.1622594162055453
1700000004095000000,14095000000,820,819,819,0,0,,,,0,rest,hold,200.0,dev-0123456789abcdef0123456789abcdef,synthetic-1-rest,29,protocol,synthetic-demo-contract-v1,True,-0.07956813564239293,-0.02985891549432984,-0.005244838927179408,0.029047050788612864,0.05196450804772875,0.085633747665692,0.12810172733503322,0.16889604865383293
1700000004100000000,14100000000,821,820,820,0,0,,,,0,rest,hold,200.0,dev-0123456789abcdef0123456789abcdef,synthetic-1-rest,29,protocol,synthetic-demo-contract-v1,True,-0.07393717970794512,-0.023514082786332838,0.000567232885344055,0.03709677337256974,0.059781445754702386,0.09361560276824694,0.13643476181150757,0.17635243955860003
1700000004105000000,14105000000,822,821,821,0,0,,,,0,rest,hold,200.0,dev-0123456789abcdef0123456789abcdef,synthetic-1-rest,29,protocol,synthetic-demo-contract-v1,True,-0.06746818663972898,-0.01661818677790552,0.007091759328110823,0.04584399525536246,0.06840632552952548,0.10240904609500442,0.14553308922363198,0.18455954354807233
1700000004110000000,14110000000,823,822,822,0,0,,,,0,rest,hold,200.0,dev-0123456789abcdef0123456789abcdef,synthetic-1-rest,29,protocol,synthetic-demo-contract-v1,True,-0.060210610034776055,-0.009229968609086953,0.014273359546989647,0.05520870355555763,0.07776161756488628,0.11193582358850158,0.1553167144055883,0.19344179460915834
1700000004115000000,14115000000,824,823,823,0,0,,,,0,rest,hold,200.0,dev-0123456789abcdef0123456789abcdef,synthetic-1-rest,29,protocol,synthetic-demo-contract-v1,True,-0.05222269632232366,-0.0014113891363424268,0.02205101764127332,0.06510570226343204,0.08776360233995548,0.12211152260015834,0.16569977403317787,0.20291774317257105
1700000004120000000,14120000000,825,824,824,0,0,,,,0,rest,hold,200.0,dev-0123456789abcdef0123456789abcdef,synthetic-1-rest,29,protocol,synthetic-demo-contract-v1,True,-0.04357115113592943,0.006772810433977598,0.03035853857013466,0.07544533843512677,0.0983230693448684,0.13284627046790537,0.1765912434071525,0.21290074269072407
1700000004125000000,14125000000,826,825,825,0,0,,,,0,rest,hold,200.0,dev-0123456789abcdef0123456789abcdef,synthetic-1-rest,29,protocol,synthetic-demo-contract-v1,True,-0.03433068899169965,0.015255556773553641,0.03912504839004527,0.08613426450404882,0.10934606132383022,0.14404547799406273,0.1878956863592135,0.22329967999814068
1700000004130000000,14130000000,827,826,826,0,0,,,,0,rest,hold,200.0,dev-0123456789abcdef0123456789abcdef,synthetic-1-rest,29,protocol,synthetic-demo-contract-v1,True,-0.02458346781170776,0.02396789926949886,0.04827553534464905,0.09707623025981126,0.12073465788188541,0.155610621719082,0.19951404213569846,0.23401974337890274
1700000004135000000,14135000000,828,827,827,0,0,,,,0,rest,hold,200.0,dev-0123456789abcdef0123456789abcdef,synthetic-1-rest,29,protocol,synthetic-demo-contract-v1,True,-0.014418411778469723,0.03283946936431553,0.05773142796560428,0.1081728978097769,0.1323877919750605,0.16744005856835142,0.21134444280611603,0.2449632219507085
1700000004140000000,14140000000,829,828,828,0,0,,,,0,rest,hold,200.0,dev-0123456789abcdef0123456789abcdef,synthetic-1-rest,29,protocol,synthetic-demo-contract-v1,True,-0.003930427948552489,0.04179894242805013,0.06741120600390876,0.11932467265970377,0.14420209253187122,0.1794298661836683,0.22328305448889857,0.256030329713219
1700000004145000000,14145000000,830,829,829,0,0,,,,0,rest,hold,200.0,dev-0123456789abcdef0123456789abcdef,synthetic-1-rest,29,protocol,synthetic-demo-contract-v1,True,0.0067804760457018075,0.05077450031654432,0.07723103969929593,0.13043154392933073,0.15607274623820977,0.19147470204026726,0.23522493548701176,0.2671200474016108
1700000004150000000,14150000000,831,830,830,0,0,,,,0,rest,hold,200.0,dev-0123456789abcdef0123456789abcdef,synthetic-1-rest,29,protocol,synthetic-demo-contract-v1,True,0.017610164054293,0.059694292878309935,0.08710545261352458,0.14139392665685177,0.1678943713591751,0.20346867429617962,0.24706490428306668,0.2781309751363361
1700000004155000000,14155000000,832,831,831,0,0,,,,0,rest,hold,200.0,dev-0123456789abcdef0123456789abcdef,synthetic-1-rest,29,protocol,synthetic-demo-contract-v1,True,0.028451422365925485,0.06848689676299737,0.09694800300479538,0.1521134991436133,0.1795618963719171,0.215306217224589,0.2586984102586374,0.28896218876840907
1700000004160000000,14160000000,833,832,832,0,0,,,,0,rest,hold,200.0,dev-0123456789abcdef0123456789abcdef,synthetic-1-rest,29,protocol,synthetic-demo-contract-v1,True,0.03919507713863846,0.07708176995446314,0.1066719785076487,0.1624940283466905,0.19097143614363976,0.22688296404231184,0.27002239997611593,0.2995140927866325
1700000004165000000,14165000000,834,833,833,0,0,,,,0,rest,hold,200.0,dev-0123456789abcdef0123456789abcdef,synthetic-1-rest,29,protocol,synthetic-demo-contract-v1,True,0.04973116449715186,0.08540970049994147,0.11619109870821483,0.1724421764418501,0.20202115840909718,0.23809660996908263,0.28093617189408304,0.30968926267956
1700000004170000000,14170000000,835,834,834,0,0,,,,0,rest,hold,200.0,dev-0123456789abcdef0123456789abcdef,synthetic-1-rest,29,protocol,synthetic-demo-contract-v1,True,0.05995013831291961,0.09340324793304694,0.12542022007070308,0.18186828185153467,0.21261213338190757,0.2488477584326558,0.29134221247845143,0.3193932697302997
1700000004175000000,14175000000,836,835,835,0,0,,,,0,rest,hold,200.0,dev-0123456789abcdef0123456789abcdef,synthetic-1-rest,29,protocol,synthetic-demo-contract-v1,True,0.0697440997384174,0.10099717589247187,0.13427603757955744,0.19068710826039018,0.2226491594732164,0.2590407434732484,0.30114700682089135,0.3285354813658854
1700000004180000000,14180000000,837,836,836,0,0,,,,0,rest,hold,200.0,dev-0123456789abcdef0123456789abcdef,synthetic-1-rest,29,protocol,synthetic-demo-contract-v1,True,0.07900803187537447,0.10812887442106796,0.14267777741434592,0.19881855542238921,0.2320415582884423,0.2685844215963311,0.31026181708200096,0.33702983038361706
1700000004185000000,14185000000,838,837,837,0,0,,,,0,rest,hold,200.0,dev-0123456789abcdef0123456789abcdef,synthetic-1-rest,29,protocol,synthetic-demo-contract-v1,True,0.08764102253373435,0.11473877039317978,0.15054787497262007,0.20618832589639613,0.2407039323265441,0.27739292657376324,0.3186034223377874,0.3447955466329919
1700000004190000000,14190000000,839,838,838,0,0,,,,0,rest,hold,200.0,dev-0123456789abcdef0123456789abcdef,synthetic-1-rest,29,protocol,synthetic-demo-contract-v1,True,0.09554745789517585,0.12077072446366059,0.15781263260045425,0.21272854222798063,0.24855687911415444,0.28538638099749186,0.3260948137219653,0.35175784504129626
1700000004195000000,14195000000,840,839,839,0,0,,,,0,rest,hold,200.0,dev-0123456789abcdef0123456789abcdef,synthetic-1-rest,29,protocol,synthetic-demo-contract-v1,True,0.10263817003831757,0.1261724128629505,0.1644028514818998,0.21837830952127102,0.2555276558666996,0.29249155874518773,0.33266583912097314,0.3578485642312482
1700000004200000000,14200000000,841,840,840,0,0,,,,0,rest,hold,200.0,dev-0123456789abcdef0123456789abcdef,synthetic-1-rest,29,protocol,synthetic-demo-contract-v1,True,0.10883152171293606,0.1308956922822084,0.1702544322772424,0.22308421881185683,0.2615507891771629,0.2986424929202434,0.338253792090364,0.363006750387183
1700000004205000000,14205000000,842,841,841,0,0,,,,0,rest,hold,200.0,dev-0123456789abcdef0123456789abcdef,synthetic-1-rest,29,protocol,synthetic-demo-contract-v1,True,0.11405441246313039,0.13489694600465296,0.17530893928552602,0.22680078715618995,0.2665686246871012,0.30378102427620823,0.34280394011698984,0.367179181478797
1700000004210000000,14210000000,843,842,842,0,0,,,,0,rest,hold,200.0,dev-0123456789abcdef0123456789abcdef,synthetic-1-rest,29,protocol,synthetic-demo-contract-v1,True,0.11824319118455784,0.1381374093483171,0.1795141231387223,0.22949083089034908,0.27053181219021244,0.30785728562436765,0.3462699878474952,0.37032082744474804
1700000004215000000,14215000000,844,843,843,0,0,,,,0,rest,hold,200.0,dev-0123456789abcdef0123456789abcdef,synthetic-1-rest,29,protocol,synthetic-demo-contract-v1,True,0.12134446144358874,0.14058347239583602,0.18282439731202035,0.23112576907671087,0.273399722151954,0.31083011824866896,0.3486144714358876,0.37239524246824873
1700000004220000000,14220000000,845,844,844,0,0,,,,0,rest,hold,200.0,dev-0123456789abcdef0123456789abcdef,synthetic-1-rest,29,protocol,synthetic-demo-contract-v1,True,0.12331576736673319,0.1422069579035857,0.1852012640556037,0.23168585474632974,0.2751407901951551,0.3126674169103442,0.34980908072710537,0.3733748860389232
1700000004225000000,14225000000,846,845,845,0,0,,,,0,rest,hold,200.0,dev-0123456789abcdef0123456789abcdef,synthetic-1-rest,29,protocol,synthetic-demo-contract-v1,True,0.12412614960256625,0.1429853722103022,0.18661368571600384,0.2311603321525918,0.2757327866964847,0.3133464006107106,0.34983490658484745,0.37324137008490543
1700000004230000000,14230000000,847,846,846,0,0,,,,0,rest,hold,200.0,dev-0123456789abcdef0123456789abcdef,synthetic-1-rest,29,protocol,synthetic-demo-contract-v1,True,0.12375656273725726,0.14290212690920623,0.18703839781737877,0.22954751887287342,0.2751630092571571,0.31285380688998615,0.3486826112856485,0.37198563007158514
1700000004235000000,14235000000,848,847,847,0,0,,,,0,rest,hold,200.0,dev-0123456789abcdef0123456789abcdef,synthetic-1-rest,29,protocol,synthetic-demo-contract-v1,True,0.12220014757673121,0.1419467290124288,0.1864601607121354,0.2268548122242686,0.2734283964482523,0.3111860080674869,0.34635252053221377,0.36960801859348263
1700000004240000000,14240000000,849,848,848,0,0,,,,0,rest,hold,200.0,dev-0123456789abcdef0123456789abcdef,synthetic-1-rest,29,protocol,synthetic-demo-contract-v1,True,0.11946235385861609,0.14011493732681002,0.18487194708309243,0.22309862009166653,0.2705355618812591,0.3083490484691635,0.3428546362822037,0.3661183206282507
1700000004245000000,14245000000,850,849,849,0,0,,,,0,rest,hold,200.0,dev-0123456789abcdef0123456789abcdef,synthetic-1-rest,29,protocol,synthetic-demo-contract-v1,True,0.11556091118828958,0.1374088827801972,0.18227506308237598,0.21830421689626164,0.26650074831251663,0.3043586023367854,0.33820857023867285,0.3615356902714281
1700000004250000000,14250000000,851,850,850,0,0,,,,0,rest,hold,200.0,dev-0123456789abcdef0123456789abcdef,synthetic-1-rest,29,protocol,synthetic-demo-contract-v1,True,0.11052564826684198,0.13383715049109698,0.17867920142164573,0.21250552605472467,0.261349702150726,0.2992398527639005,0.33244339849989296,0.3558885094219381
1700000004255000000,14255000000,852,851,851,0,0,,,,0,rest,hold,200.0,dev-0123456789abcdef0123456789abcdef,synthetic-1-rest,29,protocol,synthetic-demo-contract-v1,True,0.10439816275504174,0.12941482146528538,0.17410242527990766,0.20574483088855086,0.255117469394154,0.2930272926516102,0.32559743851395134,0.34921416953603385
1700000004260000000,14260000000,853,852,852,0,0,,,,0,rest,hold,200.0,dev-0123456789abcdef0123456789abcdef,synthetic-1-rest,29,protocol,synthetic-demo-contract-v1,True,0.0972313463568055,0.1241634719335417,0.16857108246468108,0.1980724165345206,0.24784811467315032,0.2857644493169247,0.3177179501220145,0.3415587782060978
1700000004265000000,14265000000,854,853,853,0,0,,,,0,rest,hold,200.0,dev-0123456789abcdef0123456789abcdef,synthetic-1-rest,29,protocol,synthetic-demo-contract-v1,True,0.08908877186920125,0.11811112851708688,0.16211964984491473,0.18954614597580116,0.23959436570873677,0.2775035350126834,0.3088607630981685,0.3329767929450573
1700000004270000000,14270000000,855,854,854,0,0,,,,0,rest,hold,200.0,dev-0123456789abcdef0123456789abcdef,synthetic-1-rest,29,protocol,synthetic-demo-contract-v1,True,0.08004395099613866,0.111292177622991,0.15479050866498265,0.18023097385438897,0.23041718611413348,0.26830502622568264,0.29908983419824936,0.3235305851620964
1700000004275000000,14275000000,856,855,855,0,0,,,,0,rest,hold,200.0,dev-0123456789abcdef0123456789abcdef,synthetic-1-rest,29,protocol,synthetic-demo-contract-v1,True,0.07017947362408197,0.10374722773124755,0.14663365194318714,0.17019840223483151,0.22038528005800362,0.25823717520368733,0.28847673730998086,0.31328993789572457
1700000004280000000,14280000000,857,856,856,0,0,,,,0,rest,hold,200.0,dev-0123456789abcdef0123456789abcdef,synthetic-1-rest,29,protocol,synthetic-demo-contract-v1,True,0.05958604097771661,0.0955229235381435,0.13770632575031608,0.15952588296234194,0.20957453287107125,0.24737545771765326,0.27710009084734755,0.3023314814213459
1700000004285000000,14285000000,858,857,857,0,0,,,,0,rest,hold,200.0,dev-0123456789abcdef0123456789abcdef,synthetic-1-rest,29,protocol,synthetic-demo-contract-v1,True,0.0483614065821947,0.08667171126580742,0.12807260674863638,0.148296171691692,0.19806739220693576,0.23580196158818942,0.2650449270488544,0.2907380713676627
1700000004290000000,14290000000,859,858,858,0,0,,,,0,rest,hold,200.0,dev-0123456789abcdef0123456789abcdef,synthetic-1-rest,29,protocol,synthetic-demo-contract-v1,True,0.03660924023108436,0.07725155483340501,0.11780291894400538,0.13659663905315528,0.18595219485904302,0.22360472099078196,0.25240200831798104,0.27859811445529675
1700000004295000000,14295000000,860,859,859,0,0,,,,0,rest,hold,200.0,dev-0123456789abcdef0123456789abcdef,synthetic-1-rest,29,protocol,synthetic-demo-contract-v1,True,0.0244379311744328,0.06732560300835604,0.1069734931581371,0.12451854476505363,0.1733224447846997,0.21087700199849851,0.23926709618063724,0.2660048474078323
1700000004300000000,14300000000,861,860,860,0,0,,,,0,rest,hold,200.0,dev-0123456789abcdef0123456789abcdef,synthetic-1-rest,29,protocol,synthetic-demo-contract-v1,True,0.01195934748346032,0.056961808112579844,0.09566577325942102,0.11215628079657917,0.16027604829021483,0.1977165452203254,0.2257401788253763,0.25305557497661757
1700000004305000000,14305000000,862,861,861,0,0,,,,0,rest,hold,200.0,dev-0123456789abcdef0123456789abcdef,synthetic-1-rest,29,protocol,synthetic-demo-contract-v1,True,-0.0007124309938272028,0.04623249734439964,0.08396577369379042,0.09960658992703265,0.1469145126852096,0.18422477174450963,0.2119246635341002,0.23985087336269467
1700000004310000000,14310000000,863,862,862,0,0,,,,0,rest,hold,200.0,dev-0123456789abcdef0123456789abcdef,synthetic-1-rest,29,protocol,synthetic-demo-contract-v1,True,-0.01346238850404716,0.035213898286092685,0.07196339332712297,0.08696776623667836,0.1333421150160237,0.17050595889650008,0.1979265406012775,0.22649376560939324
1700000004315000000,14315000000,864,863,863,0,0,,,,0,rest,hold,200.0,dev-0123456789abcdef0123456789abcdef,synthetic-1-rest,29,protocol,synthetic-demo-contract-v1,True,-0.02617584062735201,0.023985620694142923,0.059751691042843676,0.0743388441986532,0.11966504773550529,0.15666639256788223,0.1838535255759259,0.21308887577504348
1700000004320000000,14320000000,865,864,864,0,0,,,,0,rest,hold,200.0,dev-0123456789abcdef0123456789abcdef,synthetic-1-rest,29,protocol,synthetic-demo-contract-v1,True,-0.03873967583233871,0.012630097207224038,0.04742612892819564,0.06181878311969165,0.10599054835709153,0.1428135030638906,0.16981418684065752,0.19974156887480432
1700000004325000000,14325000000,866,865,865,0,0,,,,0,rest,hold,200.0,dev-0123456789abcdef0123456789abcdef,synthetic-1-rest,29,protocol,synthetic-demo-contract-v1,True,-0.05104355497847493,0.0012319861488317534,0.035083789226142484,0.04950565369957775,0.09242602027364721,0.12905499155135597,0.15591706566472235,0.18655708370250867
1700000004330000000,14330000000,867,866,866,0,0,,,,0,rest,hold,200.0,dev-0123456789abcdef0123456789abcdef,synthetic-1-rest,29,protocol,synthetic-demo-contract-v1,True,-0.06298105334056933,-0.010122459860554173,0.02282257152307872,0.037495833444963024,0.07907815199469041,0.1154979542649626,0.14226979593193154,0.17363966570642778
1700000004335000000,14335000000,868,867,867,0,0,,,,0,rest,hold,200.0,dev-0123456789abcdef0123456789abcdef,synthetic-1-rest,29,protocol,synthetic-demo-contract-v1,True,-0.07445073091274848,-0.021346055240673435,0.0107403768822322,0.025883217583101817,0.06605204206894852,0.10224801164699107,0.1289782307492325,0.1610917070965692
1700000004340000000,14340000000,869,868,868,0,0,,,,0,rest,hold,200.0,dev-0123456789abcdef0123456789abcdef,synthetic-1-rest,29,protocol,synthetic-demo-contract-v1,True,-0.08535711814811943,-0.03235136799068387,-0.001065714184150187,0.014758451975986147,0.053450336912466645,0.08940844955409677,0.11614558308739709,0.14901290130541534
1700000004345000000,14345000000,870,869,869,0,0,,,,0,rest,hold,200.0,dev-0123456789abcdef0123456789abcdef,synthetic-1-rest,29,protocol,synthetic-demo-contract-v1,True,-0.09561160587674664,-0.043051426204819054,-0.012500262886394765,0.004208194336767817,0.04137238865620456,0.07707937956456092,0.10387158749230425,0.1374994188094097
1700000004350000000,14350000000,871,870,870,0,0,,,,0,rest,hold,200.0,dev-0123456789abcdef0123456789abcdef,synthetic-1-rest,29,protocol,synthetic-demo-contract-v1,True,-0.10513322988769305,-0.053360438897211836,-0.023470285391934135,-0.005685590200117453,0.029913439961912383,0.06535692526150469,0.0922516897343884,0.12664311114575982
1700000004355000000,14355000000,872,871,871,0,0,,,,0,rest,hold,200.0,dev-0123456789abcdef0123456789abcdef,synthetic-1-rest,29,protocol,synthetic-demo-contract-v1,True,-0.11384934252666629,-0.06319452507098448,-0.03388605104064798,-0.014846293403578022,0.019163842532691898,0.054332441153342584,0.08137627103663662,0.11653074972991848
1700000004360000000,14360000000,873,872,872,0,0,,,,0,rest,hold,200.0,dev-0123456789abcdef0123456789abcdef,synthetic-1-rest,29,protocol,synthetic-demo-contract-v1,True,-0.12169616561377791,-0.07247244462110994,-0.0436618585207515,-0.02320328276057015,0.009208315766609514,0.04409177062379336,0.07132991323965418,0.10724330579504544
1700000004365000000,14365000000,874,873,873,0,0,,,,0,rest,hold,200.0,dev-0123456789abcdef0123456789abcdef,synthetic-1-rest,29,protocol,synthetic-demo-contract-v1,True,-0.12861922098903047,-0.08111632437401224,-0.05271678311012167,-0.03069246976689445,0.00012525167047966208,0.034714548982420185,0.062190710928243444,0.09885527743832702
1700000004370000000,14370000000,875,874,874,0,0,,,,0,rest,hold,200.0,dev-0123456789abcdef0123456789abcdef,synthetic-1-rest,29,protocol,synthetic-demo-contract-v1,True,-0.13457363700900854,-0.08905237234600269,-0.06097538827606335,-0.03725682311126031,-0.008013928230792723,0.02627355731558615,0.05402963616037384,0.09143406937299166
1700000004375000000,14375000000,876,875,875,0,0,,,,0,rest,hold,200.0,dev-0123456789abcdef0123456789abcdef,synthetic-1-rest,29,protocol,synthetic-demo-contract-v1,True,-0.13952433130983974,-0.0962115731534417,-0.06836839517675597,-0.04284682263782573,-0.015145358683103826,0.018834132419828037,0.046909961009392216,0.08503943055225945
1700000004380000000,14380000000,877,876,876,0,0,,,,0,rest,hold,200.0,dev-0123456789abcdef0123456789abcdef,synthetic-1-rest,29,protocol,synthetic-demo-contract-v1,True,-0.1434460720824752,-0.10253035743487193,-0.07483330391829254,-0.04742085047313193,-0.021213254356953516,0.012453637638593602,0.040886742657556915,0.07972295435606824
1700000004385000000,14385000000,878,877,877,0,0,,,,0,rest,hold,200.0,dev-0123456789abcdef0123456789abcdef,synthetic-1-rest,29,protocol,synthetic-demo-contract-v1,True,-0.14632342194242384,-0.1079512381536223,-0.08031496079038787,-0.05094551623269514,-0.026170367045723772,0.00718099892267035,0.03600637526715296,0.07552764551693371
1700000004390000000,14390000000,879,878,878,0,0,,,,0,rest,hold,200.0,dev-0123456789abcdef0123456789abcdef,synthetic-1-rest,29,protocol,synthetic-demo-contract-v1,True,-0.14815057018500125,-0.11242340674156646,-0.08476606612868187,-0.053395913775871884,-0.0299783726365179,0.0030563098986985393,0.032306212308894494,0.07248755741210411
1700000004395000000,14395000000,880,879,879,0,0,,,,0,rest,hold,200.0,dev-0123456789abcdef0123456789abcdef,synthetic-1-rest,29,protocol,synthetic-demo-contract-v1,True,-0.14893106076979526,-0.11590328222294685,-0.08814761792890435,-0.054755807550379225,-0.032608184661324355,0.00011050916325974595,0.029814262450472008,0.07062750276973347
1700000004400000000,14400000000,881,880,880,0,0,,,,0,rest,hold,200.0,dev-0123456789abcdef0123456789abcdef,synthetic-1-rest,29,protocol,synthetic-demo-contract-v1,True,-0.14867742474871076,-0.11835500672234311,-0.09042928686418235,-0.055017747155204216,-0.034040191842298784,-0.0016348675731452083,0.02854896150571535,0.06996284023191093
1700000004405000000,14405000000,882,881,881,0,0,,,,0,rest,hold,200.0,dev-0123456789abcdef0123456789abcdef,synthetic-1-rest,29,protocol,synthetic-demo-contract-v1,True,-0.14741072701894312,-0.11975088111273267,-0.0915897189272121,-0.054183109347676006,-0.03426441767236553,-0.002167858482524083,0.02851902232183195,0.07049933859201944
1700000004410000000,14410000000,883,882,882,0,0,,,,0,rest,hold,200.0,dev-0123456789abcdef0123456789abcdef,synthetic-1-rest,29,protocol,synthetic-demo-contract-v1,True,-0.14516003822817344,-0.12007173499661492,-0.09161676252906105,-0.05226206732220216,-0.03328060071588927,-0.001486168377458623,0.029723363843715003,0.07223311988325737
1700000004415000000,14415000000,884,883,883,0,0,,,,0,rest,hold,200.0,dev-0123456789abcdef0123456789abcdef,synthetic-1-rest,29,protocol,synthetic-demo-contract-v1,True,-0.14196184337153747,-0.11930722573268758,-0.09050761753087973,-0.04927348768961393,-0.03109819496860198,0.00040281750582727566,0.0321511199455847,0.0751506818444808
1700000004420000000,14420000000,885,884,884,0,0,,,,0,rest,hold,200.0,dev-0123456789abcdef0123456789abcdef,synthetic-1-rest,29,protocol,synthetic-demo-contract-v1,True,-0.13785939909067146,-0.1174560618185967,-0.08826890435816172,-0.045244756182230304,-0.027736290275846454,0.003482098788022263,0.035781727966591965,0.0792289996342156
1700000004425000000,14425000000,886,885,885,0,0,,,,0,rest,hold,200.0,dev-0123456789abcdef0123456789abcdef,synthetic-1-rest,29,protocol,synthetic-demo-contract-v1,True,-0.13290205191155197,-0.1145261466117203,-0.08491665204350717,-0.04021153369573762,-0.0232234534680894,0.007725203730936126,0.040585096233831726,0.08443570600914392
1700000004430000000,14430000000,887,886,886,0,0,,,,0,rest,hold,200.0,dev-0123456789abcdef0123456789abcdef,synthetic-1-rest,29,protocol,synthetic-demo-contract-v1,True,-0.127144529642057,-0.11053463910848912,-0.080476204756886,-0.03421744484993656,-0.017597491527087658,0.013096410321579325,0.04652184920886457,0.09072934853501997
1700000004435000000,14435000000,888,887,887,0,0,,,,0,rest,hold,200.0,dev-0123456789abcdef0123456789abcdef,synthetic-1-rest,29,protocol,synthetic-demo-contract-v1,True,-0.12064621789923057,-0.10550792930106596,-0.07498204710577104,-0.02731370180171632,-0.010905138739694556,0.019551042818541114,0.05354364825762157,0.09805972176112959
1700000004440000000,14440000000,889,888,888,0,0,,,,0,rest,hold,200.0,dev-0123456789abcdef0123456789abcdef,synthetic-1-rest,29,protocol,synthetic-demo-contract-v1,True,-0.11347043326178721,-0.09948152647989893,-0.06847754921459115,-0.019558666570720595,-0.003201670423717117,0.02703584130456929,0.061593585423725714,0.10636827166939074
1700000004445000000,14445000000,890,889,889,0,0,,,,0,rest,hold,200.0,dev-0123456789abcdef0123456789abcdef,synthetic-1-rest,29,protocol,synthetic-demo-contract-v1,True,-0.10568370386156134,-0.092499859742484,-0.06101463331704983,-0.01101735563683149,0.0054495535836771745,0.035489401191054724,0.07060664698687492,0.11558856911108666
1700000004450000000,14450000000,891,890,890,0,0,,,,0,rest,hold,200.0,dev-0123456789abcdef0123456789abcdef,synthetic-1-rest,29,protocol,synthetic-demo-contract-v1,True,-0.09735506735844365,-0.08461599089253082,-0.05265336430921903,-0.0017608910347638798,0.01497761190478203,0.04484267904717046,0.08051024301593708,0.12564684837300882
1700000004455000000,14455000000,892,891,891,0,0,,,,0,rest,hold,200.0,dev-0123456789abcdef0123456789abcdef,synthetic-1-rest,29,protocol,synthetic-demo-contract-v1,True,-0.08855539521053546,-0.07589124085893409,-0.04346146740926291,0.00813409739897722,0.025304606748551357,0.05501956058336476,0.09122479858544764,0.13646260647512848
1700000004460000000,14460000000,893,892,892,0,0,,,,0,rest,hold,200.0,dev-0123456789abcdef0123456789abcdef,synthetic-1-rest,29,protocol,synthetic-demo-contract-v1,True,-0.07935675098132307,-0.06639473171913582,-0.03351377674444912,0.018586113581291752,0.03634630635444669,0.06593748611032695,0.10266440181884645,0.1479492582984075
1700000004465000000,14465000000,894,893,893,0,0,,,,0,rest,hold,200.0,dev-0123456789abcdef0123456789abcdef,synthetic-1-rest,29,protocol,synthetic-demo-contract-v1,True,-0.06983178914785261,-0.05620284736512347,-0.022891619331437893,0.029509475146800086,0.048012839448127995,0.07750812832443062,0.1147375034560118,0.16001484217798834
1700000004470000000,14470000000,895,894,894,0,0,,,,0,rest,hold,200.0,dev-0123456789abcdef0123456789abcdef,synthetic-1-rest,29,protocol,synthetic-demo-contract-v1,True,-0.0600531995188742,-0.04539861679040777,-0.01168213952529857,0.04081502612625446,0.060209435974995194,0.08963811684303576,0.12734766222045477,0.17256277017778476
1700000004475000000,14475000000,896,895,895,0,0,,,,0,rest,hold,200.0,dev-0123456789abcdef0123456789abcdef,synthetic-1-rest,29,protocol,synthetic-demo-contract-v1,True,-0.05009320097178365,-0.0340710248909946,2.2430419599971455e-05,0.05241087638984861,0.07283720799572925,0.10222980353130257,0.14039432988628361,0.18549261689080732
1700000004480000000,14480000000,897,896,896,0,0,,,,0,rest,hold,200.0,dev-0123456789abcdef0123456789abcdef,synthetic-1-rest,29,protocol,synthetic-demo-contract-v1,True,-0.04002308680434606,-0.02231425655076579,0.01212554751335509,0.06420316170179895,0.08579396429658916,0.11518206232944138,0.15377366961981617,0.19870094028846597
1700000004485000000,14485000000,898,897,897,0,0,,,,0,rest,hold,200.0,dev-0123456789abcdef0123456789abcdef,synthetic-1-rest,29,protocol,synthetic-demo-contract-v1,True,-0.029912822603662896,-0.010226880610082645,0.024527176287895663,0.07609681807954004,0.09897505198917822,0.12839111700846084,0.16737940089830894,0.21208212787441058
1700000004490000000,14490000000,899,898,898,0,0,,,,0,rest,hold,200.0,dev-0123456789abcdef0123456789abcdef,synthetic-1-rest,29,protocol,synthetic-demo-contract-v1,True,-0.019830696192049427,0.0020890189151402585,0.03712464110659354,0.08799636405012813,0.11227421815175523,0.14175139005554374,0.18110366409070594,0.22552926118618927
1700000004495000000,14495000000,900,899,899,0,0,,,,0,rest,hold,200.0,dev-0123456789abcdef0123456789abcdef,synthetic-1-rest,29,protocol,synthetic-demo-contract-v1,True,-0.00984301794683163,0.014528756298983146,0.049813505136249187,0.09980668434885633,0.12558448439901604,0.15515636571925132,0.19483789762459122,0.23893499153313633
1700000004500000000,14500000000,901,900,900,0,0,,,,0,rest,hold,200.0,dev-0123456789abcdef0123456789abcdef,synthetic-1-rest,29,protocol,synthetic-demo-contract-v1,True,-1.3868636066221175e-05,0.026985993573604202,0.06248846830839609,0.1114338086107253,0.13879902716080386,0.1684994601310775,0.20847372056083213,0.2521924197625775
1700000004505000000,14505000000,902,901,901,0,0,,,,0,rest,hold,200.0,dev-0123456789abcdef0123456789abcdef,synthetic-1-rest,29,protocol,synthetic-demo-contract-v1,True,0.009595109110649412,0.039353716790127974,0.07504427638223037,0.12278567866414523,0.15181205640339535,0.1816748913644361,0.22190381335364753,0.26519597280956875
1700000004510000000,14510000000,903,902,902,0,0,,,,0,rest,hold,200.0,dev-0123456789abcdef0123456789abcdef,synthetic-1-rest,29,protocol,synthetic-demo-contract-v1,True,0.018924880446407093,0.05152522943237536,0.0873766330777711,0.13377289814732993,0.16451968554014293,0.1945785422953177,0.2350227895892906,0.2778422698081909
1700000004515000000,14515000000,904,903,903,0,0,,,,0,rest,hold,200.0,dev-0123456789abcdef0123456789abcdef,synthetic-1-rest,29,protocol,synthetic-demo-contract-v1,True,0.02791915451477277,0.06339515301761914,0.09938310717709516,0.14430945833035605,0.1768207853514029,0.20710880919073535,0.2477280515712532,0.2900309706249223
1700000004520000000,14520000000,905,904,904,0,0,,,,0,rest,hold,200.0,dev-0123456789abcdef0123456789abcdef,synthetic-1-rest,29,protocol,synthetic-demo-contract-v1,True,0.03652449318341232,0.07486042470241938,0.110964026494575,0.15431343423805713,0.18861781486597634,0.21916742907090053,0.2599206227529917,0.30166559981587415
1700000004525000000,14525000000,906,905,905,0,0,,,,0,rest,hold,200.0,dev-0123456789abcdef0123456789abcdef,synthetic-1-rest,29,protocol,synthetic-demo-contract-v1,True,0.04469039858617574,0.08582128160965008,0.12202335069466257,0.1637076454291397,0.19981762234690134,0.2306602790680845,0.27150595020981594,0.3126543392088219
1700000004530000000,14530000000,907,906,906,0,0,,,,0,rest,hold,200.0,dev-0123456789abcdef0123456789abcdef,synthetic-1-rest,29,protocol,synthetic-demo-contract-v1,True,0.052369385878447604,0.09618222160775246,0.13246951508751645,0.17242027609269292,0.21033220977163025,0.24149814123770713,0.2823946705880324,0.32291078256621036
1700000004535000000,14535000000,908,907,907,0,0,,,,0,rest,hold,200.0,dev-0123456789abcdef0123456789abcdef,synthetic-1-rest,29,protocol,synthetic-demo-contract-v1,True,0.059517047534713784,0.10585293040641625,0.14221623775769127,0.1803854494719821,0.22007945449837216,0.25159742656343165,0.29250333326969485,0.3323546460945783
1700000004540000000,14540000000,909,908,908,0,0,,,,0,rest,hold,200.0,dev-0123456789abcdef0123456789abcdef,synthetic-1-rest,29,protocol,synthetic-demo-contract-v1,True,0.0660921152481619,0.11474916508426537,0.15118328267765793,0.187543752014165,0.22898378216431492,0.26088085223568247,0.3017550748430177,0.34091242892673906
1700000004545000000,14545000000,910,909,909,0,0,,,,0,rest,hold,200.0,dev-0123456789abcdef0123456789abcdef,synthetic-1-rest,29,protocol,synthetic-demo-contract-v1,True,0.07205652503866439,0.12279358453186887,0.15929717182351766,0.19384270306983334,0.2369767852644211,0.2692780666690529,0.31008023936857193,0.348518018112378
1700000004550000000,14550000000,911,910,910,0,0,,,,0,rest,hold,200.0,dev-0123456789abcdef0123456789abcdef,synthetic-1-rest,29,protocol,synthetic-demo-contract-v1,True,0.0773754905512896,0.1299165177745425,0.16649183974208817,0.19923716642465558,0.24399778230841104,0.27672621715554646,0.3174169393767097,0.3551132331073608
1700000004555000000,14555000000,912,911,911,0,0,,,,0,rest,hold,200.0,dev-0123456789abcdef0123456789abcdef,synthetic-1-rest,29,protocol,synthetic-demo-contract-v1,True,0.08201758874972995,0.13605666172919148,0.17270922451272874,0.20368970043286355,0.24999431294454819,0.2831704555237954,0.3237115530184669,0.36064830524809244
1700000004560000000,14560000000,913,912,912,0,0,,,,0,rest,hold,200.0,dev-0123456789abcdef0123456789abcdef,synthetic-1-rest,29,protocol,synthetic-demo-contract-v1,True,0.08595486129870963,0.14116170064185926,0.1778997895995991,0.20717084403486885,0.2549225649679388,0.28856437768549587,0.32891915331651855,0.36508228823072575
1700000004565000000,14565000000,914,913,913,0,0,,,,0,rest,hold,200.0,dev-0123456789abcdef0123456789abcdef,synthetic-1-rest,29,protocol,synthetic-demo-contract-v1,True,0.08916293391046405,0.14518884024023088,0.1820229716955743,0.20965933647457569,0.2587477296938387,0.2928703934950288,0.3330038660202698,0.3683833961814584
1700000004570000000,14570000000,915,914,914,0,0,,,,0,rest,hold,200.0,dev-0123456789abcdef0123456789abcdef,synthetic-1-rest,29,protocol,synthetic-demo-contract-v1,True,0.09162115482938189,0.14810525050945889,0.1850475503124062,0.2111422690816105,0.26144428276834897,0.2960600239221753,0.33593915315533396,0.3705292664989861
1700000004575000000,14575000000,916,915,915,0,0,,,,0,rest,hold,200.0,dev-0123456789abcdef0123456789abcdef,synthetic-1-rest,29,protocol,synthetic-demo-contract-v1,True,0.09331275247427281,0.14988841195036803,0.1869519355669172,0.2116151680450567,0.2629961881048761,0.29811412313616714,0.3377080199675536,0.37150714526840084
1700000004580000000,14580000000,917,916,916,0,0,,,,0,rest,hold,200.0,dev-0123456789abcdef0123456789abcdef,synthetic-1-rest,29,protocol,synthetic-demo-contract-v1,True,0.09422501107941611,0.1505263611955501,0.18772437134379352,0.21108200767381846,0.2633970232698612,0.29902302371720285,0.3383031435904639,0.3713139936824473
1700000004585000000,14585000000,918,917,917,0,0,,,,0,rest,hold,200.0,dev-0123456789abcdef0123456789abcdef,synthetic-1-rest,29,protocol,synthetic-demo-contract-v1,True,0.09434946200400389,0.1500178329291973,0.18736305177513243,0.20955515420971382,0.26265002529022535,0.29878660384385547,0.3377269224074209,0.3699565145557757
1700000004590000000,14590000000,919,918,918,0,0,,,,0,rest,hold,200.0,dev-0123456789abcdef0123456789abcdef,synthetic-1-rest,29,protocol,synthetic-demo-contract-v1,True,0.09368208724536889,0.14837229616819972,0.18587614975829672,0.20705524082813584,0.26076805651239954,0.29741427594632874,0.335991445730295,0.36745109867531955
1700000004595000000,14595000000,920,919,919,0,0,,,,0,rest,hold,200.0,dev-0123456789abcdef0123456789abcdef,synthetic-1-rest,29,protocol,synthetic-demo-contract-v1,True,0.09222353062431775,0.1456098841018892,0.18328175702958333,0.20361097502298842,0.2577734908032833,0.2949248969610031,0.33311838407028727,0.3638236913897722
1700000004600000000,14600000000,921,920,920,0,0,,,,0,rest,hold,200.0,dev-0123456789abcdef0123456789abcdef,synthetic-1-rest,29,protocol,synthetic-demo-contract-v1,True,0.08997931113947219,0.14176121784225143,0.1796077361142767,0.1992588801230166,0.25369802104153794,0.2913466009658258,0.32913880092770625,0.359109580497889
1700000004605000000,14605000000,922,921,921,0,0,,,,0,rest,hold,200.0,dev-0123456789abcdef0123456789abcdef,synthetic-1-rest,29,protocol,synthetic-demo-contract-v1,True,0.08696003213828861,0.13686712559163594,0.17489148527632542,0.19404297322114075,0.24858238949784095,0.286716555613573,0.32409288767108435,0.3533531071435945
1700000004610000000,14610000000,923,922,922,0,0,,,,0,rest,hold,200.0,dev-0123456789abcdef0123456789abcdef,synthetic-1-rest,29,protocol,synthetic-demo-contract-v1,True,0.0831815792493278,0.130978259877069,0.16917961838558676,0.1880143823126713,0.24247604333974376,0.28108064440558816,0.31802962370654136,0.34660730206028717
1700000004615000000,14615000000,924,923,923,0,0,,,,0,rest,hold,200.0,dev-0123456789abcdef0123456789abcdef,synthetic-1-rest,29,protocol,synthetic-demo-contract-v1,True,0.07866529948421902,0.12415461661543617,0.16252756239982777,0.1812309059281566,0.23543671811529593,0.27449307745713114,0.31100636475061594,0.3389334501220502
1700000004620000000,14620000000,925,924,924,0,0,,,,0,rest,hold,200.0,dev-0123456789abcdef0123456789abcdef,synthetic-1-rest,29,protocol,synthetic-demo-contract-v1,True,0.07343815356586789,0.11646496084861775,0.15499907591510526,0.17375651900823227,0.227529952664581,0.26701593399201556,0.3030883626089095,0.33040058675068895
1700000004625000000,14625000000,926,925,925,0,0,,,,0,rest,hold,200.0,dev-0123456789abcdef0123456789abcdef,synthetic-1-rest,29,protocol,synthetic-demo-contract-v1,True,0.06753283338499148,0.1079861650090455,0.14666569296451046,0.16566082919742905,0.21882853947472639,0.25871864036384007,0.2943482204238782,0.32108493028962226
1700000004630000000,14630000000,927,926,926,0,0,,,,0,rest,hold,200.0,dev-0123456789abcdef0123456789abcdef,synthetic-1-rest,29,protocol,synthetic-demo-contract-v1,True,0.06098783653904103,0.09880246653188784,0.13760609693475395,0.15701848812816968,0.2094119150272693,0.24967738792938868,0.2848652878835105,0.31106925498417404
1700000004635000000,14635000000,928,927,927,0,0,,,,0,rest,hold,200.0,dev-0123456789abcdef0123456789abcdef,synthetic-1-rest,29,protocol,synthetic-demo-contract-v1,True,0.053847490170287324,0.08900465250850981,0.1279054301159959,0.14790856262193916,0.19936549518244726,0.23997449559222056,0.27472500137396383,0.30044220969825064
1700000004640000000,14640000000,929,928,928,0,0,,,,0,rest,hold,200.0,dev-0123456789abcdef0123456789abcdef,synthetic-1-rest,29,protocol,synthetic-demo-contract-v1,True,0.04616191679304098,0.07868917986648595,0.11765454499655803,0.13841387104911176,0.18877996109900416,0.229697722287119,0.2640181745095471,0.28929758794575006
1700000004645000000,14645000000,930,929,929,0,0,,,,0,rest,hold,200.0,dev-0123456789abcdef0123456789abcdef,synthetic-1-rest,29,protocol,synthetic-demo-contract-v1,True,0.03798693547867753,0.06795724025484072,0.10694920395501602,0.1286202903597769,0.17775050159675218,0.21893953508524985,0.25284024487906515,0.27773355521768006
1700000004650000000,14650000000,931,930,930,0,0,,,,0,rest,hold,200.0,dev-0123456789abcdef0123456789abcdef,synthetic-1-rest,29,protocol,synthetic-demo-contract-v1,True,0.029383892641546484,0.05691377940098034,0.09588923448231353,0.11861603952291659,0.16637601822887624,0.20779633896210173,0.24129048320501534,0.2658518399393766
1700000004655000000,14655000000,932,931,931,0,0,,,,0,rest,hold,200.0,dev-0123456789abcdef0123456789abcdef,synthetic-1-rest,29,protocol,synthetic-demo-contract-v1,True,0.02041941772497538,0.04566648118126377,0.08457764748154134,0.10849094528896665,0.15475829963907345,0.19636767458279153,0.22947117141874313,0.253756894693724
1700000004660000000,14660000000,933,932,932,0,0,,,,0,rest,hold,200.0,dev-0123456789abcdef0123456789abcdef,synthetic-1-rest,29,protocol,synthetic-demo-contract-v1,True,0.011165100305887462,0.03432472700466449,0.07311972653867559,0.09833569631965235,0.14300117203230958,0.18475539071936653,0.21748675640769208,0.241555034593153
1700000004665000000,14665000000,934,933,933,0,0,,,,0,rest,hold,200.0,dev-0123456789abcdef0123456789abcdef,synthetic-1-rest,29,protocol,synthetic-demo-contract-v1,True,0.0016970864968559526,0.02299854134465052,0.06162209633063587,0.08824109180826428,0.1312096327853137,0.17306279812033368,0.20544298638840375,0.22935355987355882
1700000004670000000,14670000000,935,934,934,0,0,,,,0,rest,hold,200.0,dev-0123456789abcdef0123456789abcdef,synthetic-1-rest,29,protocol,synthetic-demo-contract-v1,True,-0.007904406000060444,0.011797534365736235,0.05019177853477849,0.07829729074267157,0.1194889743621938,0.1613938118020458,0.19344603699924587,0.21725986991544488
1700000004675000000,14675000000,936,935,935,0,0,,,,0,rest,hold,200.0,dev-0123456789abcdef0123456789abcdef,synthetic-1-rest,29,protocol,synthetic-demo-contract-v1,True,-0.017555653271212356,0.0008298525773500209,0.03893524372450566,0.06859306794236016,0.10794390578069343,0.14985208882366532,0.18160163428891274,0.2053805759705799
1700000004680000000,14680000000,937,936,936,0,0,,,,0,rest,hold,200.0,dev-0123456789abcdef0123456789abcdef,synthetic-1-rest,29,protocol,synthetic-demo-contract-v1,True,-0.027170068466914082,-0.009798851690729396,0.027957467777697337,0.05921508292981837,0.09667767889478183,0.13854016864129248,0.17001418179973568,0.19382061988544785
1700000004685000000,14685000000,938,937,937,0,0,,,,0,rest,hold,200.0,dev-0123456789abcdef0123456789abcdef,synthetic-1-rest,29,protocol,synthetic-demo-contract-v1,True,-0.0366589188001355,-0.019986421457602148,0.01736100128791297,0.05024716757662018,0.08579122671956606,0.1275586231124848,0.15878589890881806,0.18268240606591737
1700000004690000000,14690000000,939,938,938,0,0,,,,0,rest,hold,200.0,dev-0123456789abcdef0123456789abcdef,synthetic-1-rest,29,protocol,synthetic-demo-contract-v1,True,-0.0459321104645644,-0.029635156750386485,0.007245060352855098,0.04176963829649498,0.07538232092500793,0.11700522313978538,0.1480159774950529,0.17206495382097925
1700000004695000000,14695000000,940,939,939,0,0,,,,0,rest,hold,200.0,dev-0123456789abcdef0123456789abcdef,synthetic-1-rest,29,protocol,synthetic-demo-contract-v1,True,-0.05489903408434365,-0.03865272709064814,-0.002295353078386718,0.03385863834317487,0.06554475546660134,0.10697412880186877,0.13779976384712245,0.16206307705811548
1700000004700000000,14700000000,941,940,940,0,0,,,,0,rest,hold,200.0,dev-0123456789abcdef0123456789abcdef,synthetic-1-rest,29,protocol,synthetic-demo-contract-v1,True,-0.06346946180311487,-0.04695302574412298,-0.01117029338649406,0.0265855155117457,0.05636756310530707,0.09755510962466689,0.1282279725178892,0.15276659808021237
1700000004705000000,14705000000,942,941,941,0,0,,,,0,rest,hold,200.0,dev-0123456789abcdef0123456789abcdef,synthetic-1-rest,29,protocol,synthetic-demo-contract-v1,True,-0.07155448572758293,-0.05445695736700611,-0.01929566842067818,0.02001624024074547,0.047934271297313674,0.08883280139387692,0.11938593856577917,0.14425960195560597
1700000004710000000,14710000000,943,942,942,0,0,,,,0,rest,hold,200.0,dev-0123456789abcdef0123456789abcdef,synthetic-1-rest,29,protocol,synthetic-demo-contract-v1,True,-0.07906748619165196,-0.061093151468674764,-0.02659398443615754,0.014210868771106762,0.040322203609054995,0.08088600560686039,0.11135291430623288,0.13661973760135404
1700000004715000000,14715000000,944,943,943,0,0,,,,0,rest,hold,200.0,dev-0123456789abcdef0123456789abcdef,synthetic-1-rest,29,protocol,synthetic-demo-contract-v1,True,-0.08592511723027042,-0.06679859497664198,-0.032995032149591264,0.009223055639937583,0.03360183243682648,0.07378703730842875,0.10420141632847078,0.12991757133765475
1700000004720000000,14720000000,945,944,944,0,0,,,,0,rest,hold,200.0,dev-0123456789abcdef0123456789abcdef,synthetic-1-rest,29,protocol,synthetic-demo-contract-v1,True,-0.09204829577315443,-0.07151917812356177,-0.03843650777136958,0.0050996193753893955,0.027836188386567373,0.06760112665445446,0.09799662811786972,0.12421599824177404
1700000004725000000,14725000000,946,945,945,0,0,,,,0,rest,hold,200.0,dev-0123456789abcdef0123456789abcdef,synthetic-1-rest,29,protocol,synthetic-demo-contract-v1,True,-0.09736318040985274,-0.07521014886643075,-0.04286456346981223,0.001880164816842743,0.02308033120133686,0.06238587910287906,0.0927958631655351,0.11956971615635469
1700000004730000000,14730000000,947,946,946,0,0,,,,0,rest,hold,200.0,dev-0123456789abcdef0123456789abcdef,synthetic-1-rest,29,protocol,synthetic-demo-contract-v1,True,-0.10180212515739921,-0.07783647208225468,-0.046234282369282356,-0.000403234983915598,0.0193808866156213,0.0581907986472372,0.08864809294799851,0.11602476669349054
1700000004735000000,14735000000,948,947,947,0,0,,,,0,rest,hold,200.0,dev-0123456789abcdef0123456789abcdef,synthetic-1-rest,29,protocol,synthetic-demo-contract-v1,True,-0.10530459349388736,-0.07937309084954129,-0.04851007387590006,-0.001726294816153725,0.016775652970995758,0.05505687798721863,0.08559354362543314,0.11361814702662029
1700000004740000000,14740000000,949,948,948,0,0,,,,0,rest,hold,200.0,dev-0123456789abcdef0123456789abcdef,synthetic-1-rest,29,protocol,synthetic-demo-contract-v1,True,-0.1078180180146437,-0.07980508820781217,-0.049665985854303284,-0.002072709363808431,0.015293280851429465,0.05301625897842946,0.08366336474085113,0.11237749568173433
1700000004745000000,14745000000,950,949,949,0,0,,,,0,rest,hold,200.0,dev-0123456789abcdef0123456789abcdef,synthetic-1-rest,29,protocol,synthetic-demo-contract-v1,True,-0.10929859142636902,-0.07912774887476685,-0.04968593093992775,-0.0014342798291568561,0.014953028393321837,0.052091966123863395,0.0828793726100021,0.11232085493227408
1700000004750000000,14750000000,951,950,950,0,0,,,,0,rest,hold,200.0,dev-0123456789abcdef0123456789abcdef,synthetic-1-rest,29,protocol,synthetic-demo-contract-v1,True,-0.10971197521748047,-0.07734652147959768,-0.048563825056303286,0.00018902576900244484,0.015764594300239847,0.05229771526749707,0.08325387047707039,0.11345651177349278
1700000004755000000,14755000000,952,951,951,0,0,,,,0,rest,hold,200.0,dev-0123456789abcdef0123456789abcdef,synthetic-1-rest,29,protocol,synthetic-demo-contract-v1,True,-0.10903391322367871,-0.0744768829284209,-0.046303637008499134,0.0027890789778517583,0.01772802995042875,0.05363779903080838,0.08478954687981803,0.11578291880708272
1700000004760000000,14760000000,953,952,952,0,0,,,,0,rest,hold,200.0,dev-0123456789abcdef0123456789abcdef,synthetic-1-rest,29,protocol,synthetic-demo-contract-v1,True,-0.10725073843509052,-0.07054410754143906,-0.042919348834525105,0.0063496637871333465,0.020833731331796508,0.056107049901006054,0.08747945302473255,0.11928869571086971
1700000004765000000,14765000000,954,953,953,0,0,,,,0,rest,hold,200.0,dev-0123456789abcdef0123456789abcdef,synthetic-1-rest,29,protocol,synthetic-demo-contract-v1,True,-0.10435976274895899,-0.06558294457946931,-0.03843482740857673,0.010846615274368556,0.025062510879623617,0.05969088124055756,0.0913070593233163,0.12395271130672637
1700000004770000000,14770000000,955,954,954,0,0,,,,0,rest,hold,200.0,dev-0123456789abcdef0123456789abcdef,synthetic-1-rest,29,protocol,synthetic-demo-contract-v1,True,-0.10036954093883502,-0.05963720869880232,-0.03288360859587287,0.016248022761740186,0.030385748632166736,0.06436540584646111,0.09624639059023524,0.12974424557800363
1700000004775000000,14775000000,956,955,955,0,0,,,,0,rest,hold,200.0,dev-0123456789abcdef0123456789abcdef,synthetic-1-rest,29,protocol,synthetic-demo-contract-v1,True,-0.09530000186241097,-0.05275928872780819,-0.026308596050909204,0.022514495707701206,0.03676562146406909,0.0700976310499247,0.10226223875798753,0.13662323033117715
1700000004780000000,14780000000,957,956,956,0,0,,,,0,rest,hold,200.0,dev-0123456789abcdef0123456789abcdef,synthetic-1-rest,29,protocol,synthetic-demo-contract-v1,True,-0.08918244183655961,-0.04500958093712778,-0.018761677521857055,0.029599490052149374,0.04415540851246089,0.07684572871792184,0.10931045132636352,0.14454056655044975
1700000004785000000,14785000000,958,957,957,0,0,,,,0,rest,hold,200.0,dev-0123456789abcdef0123456789abcdef,synthetic-1-rest,29,protocol,synthetic-demo-contract-v1,True,-0.08205937713756001,-0.03645585366963349,-0.0103032622663932,0.03744969224952872,0.05249987028115381,0.08455937790265601,0.11733829314346991,0.15343851586404256
1700000004790000000,14790000000,959,958,958,0,0,,,,0,rest,hold,200.0,dev-0123456789abcdef0123456789abcdef,synthetic-1-rest,29,protocol,synthetic-demo-contract-v1,True,-0.07398425470195896,-0.02717255079973961,-0.0010017438915289234,0.0460054577633921,0.06173569829964825,0.09318017728839455,0.12628487851364026,0.16325116293209319
1700000004795000000,14795000000,960,959,959,0,0,,,,0,rest,hold,200.0,dev-0123456789abcdef0123456789abcdef,synthetic-1-rest,29,protocol,synthetic-demo-contract-v1,True,-0.06502102227217837,-0.017240041998610844,0.009067106404432344,0.05520130036234392,0.07179203163072408,0.10264212401224612,0.13608167005100683,0.17390494498336442
1700000004800000000,14800000000,961,960,960,0,0,,,,0,rest,hold,200.0,dev-0123456789abcdef0123456789abcdef,synthetic-1-rest,29,protocol,synthetic-demo-contract-v1,True,-0.0552435614125436,-0.006743828188078083,0.019820810592029177,0.06496642815437631,0.08259103596807034,0.11287215489103321,0.1466530401506822,0.18531924417625176
1700000004805000000,14805000000,962,961,961,0,0,,,,0,rest,hold,200.0,dev-0123456789abcdef0123456789abcdef,synthetic-1-rest,29,protocol,synthetic-demo-contract-v1,True,-0.04473498897707887,0.004226289131194325,0.03117091241293875,0.07522532192755127,0.09404854054826436,0.1237907455749039,0.15791689043685642,0.19740703794335757
1700000004810000000,14810000000,963,962,962,0,0,,,,0,rest,hold,200.0,dev-0123456789abcdef0123456789abcdef,synthetic-1-rest,29,protocol,synthetic-demo-contract-v1,True,-0.03358683470161554,0.015577065793917683,0.04302375715890639,0.08589835103257581,0.10607472762363661,0.13531256267386074,0.16978532407279387,0.2100756020023695
1700000004815000000,14815000000,964,963,963,0,0,,,,0,rest,hold,200.0,dev-0123456789abcdef0123456789abcdef,synthetic-1-rest,29,protocol,synthetic-demo-contract-v1,True,-0.021898104581592873,0.027212691150692275,0.05528131551939028,0.09690242174980804,0.11857486880828053,0.14734716347001925,0.18216536538577974,0.22322726028323153
1700000004820000000,14820000000,965,964,964,0,0,,,,0,rest,hold,200.0,dev-0123456789abcdef0123456789abcdef,synthetic-1-rest,29,protocol,synthetic-demo-contract-v1,True,-0.009774241547526659,0.03903567354965219,0.06784204401450662,0.10815165283162587,0.13145010222201556,0.15979973743945067,0.1949597208738049,0.23676017563593635
1700000004825000000,14825000000,966,965,965,0,0,,,,0,rest,hold,200.0,dev-0123456789abcdef0123456789abcdef,synthetic-1-rest,29,protocol,synthetic-demo-contract-v1,True,0.0026740033715132224,0.050947726266172604,0.08060177422470534,0.11955807270303678,0.14459824401994065,0.17257188346633562,0.20806757532359998,0.25056917484813157
1700000004830000000,14830000000,967,966,966,0,0,,,,0,rest,hold,200.0,dev-0123456789abcdef0123456789abcdef,synthetic-1-rest,29,protocol,synthetic-demo-contract-v1,True,0.015331774730535132,0.06285064523684353,0.09345462279620274,0.1310323326402814,0.15791462761093042,0.18556241634147255,0.2213854164841167,0.26454660121968204
1700000004835000000,14835000000,968,967,967,0,0,,,,0,rest,hold,200.0,dev-0123456789abcdef0123456789abcdef,synthetic-1-rest,29,protocol,synthetic-demo-contract-v1,True,0.028081375286078757,0.07464717025539899,0.10629391404348525,0.1424844301302924,0.1712929636394869,0.19866819589942822,0.2348078815081447,0.2785831877148225
1700000004840000000,14840000000,969,968,968,0,0,,,,0,rest,hold,200.0,dev-0123456789abcdef0123456789abcdef,synthetic-1-rest,29,protocol,synthetic-demo-contract-v1,True,0.040803570644852405,0.08624182167573881,0.11901310688819736,0.15382443654389721,0.18462621363353496,0.21178497196559723,0.24822861819921177,0.2925689435432893
1700000004845000000,14845000000,970,969,969,0,0,,,,0,rest,hold,200.0,dev-0123456789abcdef0123456789abcdef,synthetic-1-rest,29,protocol,synthetic-demo-contract-v1,True,0.05337891831931841,0.09754170513365482,0.13150671786803536,0.1649632232332352,0.19780747010766844,0.22480823815784345,0.2615411539828697,0.3063940469114542
1700000004850000000,14850000000,971,970,970,0,0,,,,0,rest,hold,200.0,dev-0123456789abcdef0123456789abcdef,synthetic-1-rest,29,protocol,synthetic-demo-contract-v1,True,0.06568910313043631,0.10845727733614041,0.14367123201927878,0.17581318018877662,0.21073083585765487,0.23763408751795814,0.2746397654615787,0.319949736633601
1700000004855000000,14855000000,972,971,971,0,0,,,,0,rest,hold,200.0,dev-0123456789abcdef0123456789abcdef,synthetic-1-rest,29,protocol,synthetic-demo-contract-v1,True,0.07761826075587029,0.11890306656676827,0.15540599358153795,0.18628892146351247,0.2232922951884258,0.2501600629367108,0.2874203414114238,0.3331291953028
1700000004860000000,14860000000,973,972,972,0,0,,,,0,rest,hold,200.0,dev-0123456789abcdef0123456789abcdef,synthetic-1-rest,29,protocol,synthetic-demo-contract-v1,True,0.08905427137655633,0.12879834220811398,0.1666140686912443,0.1963079716904715,0.23539056988407953,0.2622859953826838,0.2997812321366351,0.34582841679008913
1700000004865000000,14865000000,974,973,973,0,0,,,,0,rest,hold,200.0,dev-0123456789abcdef0123456789abcdef,synthetic-1-rest,29,protocol,synthetic-demo-contract-v1,True,0.09989000582317215,0.13806772827786473,0.1772030725189635,0.20579142818364674,0.24692795285408212,0.27391482304898956,0.31162407821385657,0.35794705096930285
1700000004870000000,14870000000,975,974,974,0,0,,,,0,rest,hold,200.0,dev-0123456789abcdef0123456789abcdef,synthetic-1-rest,29,protocol,synthetic-demo-contract-v1,True,0.11002450735907668,0.14664175670415971,0.18708595366177566,0.2146645933203712,0.2578111125739639,0.28495338469259707,0.32285461183147396,0.36938921875199554
1700000004875000000,14875000000,976,975,975,0,0,,,,0,rest,hold,200.0,dev-0123456789abcdef0123456789abcdef,synthetic-1-rest,29,protocol,synthetic-demo-contract-v1,True,0.11936409324440274,0.15445735681747919,0.19618172902183645,0.22285757215318042,0.26795186167961826,0.29531318065679263,0.3333834241583842,0.3800642907606849
1700000004880000000,14880000000,977,976,976,0,0,,,,0,rest,hold,200.0,dev-0123456789abcdef0123456789abcdef,synthetic-1-rest,29,protocol,synthetic-demo-contract-v1,True,0.1278233614893739,0.16145827830105683,0.20441616288170986,0.23030583048932207,0.27726788337006814,0.3049110953366734,0.3431266924596929,0.38988762326734155
1700000004885000000,14885000000,978,977,977,0,0,,,,0,rest,hold,200.0,dev-0123456789abcdef0123456789abcdef,synthetic-1-rest,29,protocol,synthetic-demo-contract-v1,True,0.1353260897007535,0.16759544560917133,0.2117223844211817,0.23695070900377588,0.28568340962167016,0.31367007516813317,0.3520068610114515,0.39878124537504805
1700000004890000000,14890000000,979,978,978,0,0,,,,0,rest,hold,200.0,dev-0123456789abcdef0123456789abcdef,synthetic-1-rest,29,protocol,synthetic-demo-contract-v1,True,0.14180601462680123,0.17282724262309612,0.21804143850376811,0.24273988931425086,0.29312984561438155,0.3215197565899625,0.3599532702499867,0.40667449182122517
1700000004895000000,14895000000,980,979,979,0,0,,,,0,rest,hold,200.0,dev-0123456789abcdef0123456789abcdef,synthetic-1-rest,29,protocol,synthetic-demo-contract-v1,True,0.147207482882598,0.17711972705858653,0.22332276518822491,0.2476278083411008,0.2995463352145746,0.3283970388433186,0.3669027290204,0.41350457622743186
1700000004900000000,14900000000,981,980,980,0,0,,,,0,rest,hold,200.0,dev-0123456789abcdef0123456789abcdef,synthetic-1-rest,29,protocol,synthetic-demo-contract-v1,True,0.15148596535552716,0.18044677485788047,0.22752460408501765,0.2515760176983041,0.30488026284539144,0.3342465969295957,0.37280002525996586,0.41921710010989965
1700000004905000000,14905000000,982,981,981,0,0,,,,0,rest,hold,200.0,dev-0123456789abcdef0123456789abcdef,synthetic-1-rest,29,protocol,synthetic-demo-contract-v1,True,0.15460842991383403,0.18279015548503166,0.23061432037335458,0.2545534853099676,0.3090876876006092,0.3390213305427108,0.37759837096138776,0.423766493492492
1700000004910000000,14910000000,983,982,982,0,0,,,,0,rest,hold,200.0,dev-0123456789abcdef0123456789abcdef,synthetic-1-rest,29,protocol,synthetic-demo-contract-v1,True,0.15655356923179262,0.18413953968877544,0.23256865001448446,0.25653683691675605,0.3121337060172557,0.3426827453210644,0.381259777804114,0.42711638352548853
1700000004915000000,14915000000,984,983,983,0,0,,,,0,rest,hold,200.0,dev-0123456789abcdef0123456789abcdef,synthetic-1-rest,29,protocol,synthetic-demo-contract-v1,True,0.1573118827641265,0.1844924418954572,0.2333738624345789,0.25751053562429993,0.31399274051106435,0.34520126332346845,0.3837553604145931,0.42923988810476577
1700000004920000000,14920000000,985,984,984,0,0,,,,0,rest,hold,200.0,dev-0123456789abcdef0123456789abcdef,synthetic-1-rest,29,protocol,synthetic-demo-contract-v1,True,0.15688561411080698,0.18385409994027602,0.2330258396987107,0.25746699814707374,0.31464875109243834,0.34655646021756836,0.38506556481374243,0.4301198321017327
1700000004925000000,14925000000,986,985,985,0,0,,,,0,rest,hold,200.0,dev-0123456789abcdef0123456789abcdef,synthetic-1-rest,29,protocol,synthetic-demo-contract-v1,True,0.15528854717252155,0.18223729533363278,0.23153007194923172,0.25640664691246895,0.31409536861388104,0.3467372272739157,0.3851803202271224,0.42974888444975246
1700000004930000000,14930000000,987,986,986,0,0,,,,0,rest,hold,200.0,dev-0123456789abcdef0123456789abcdef,synthetic-1-rest,29,protocol,synthetic-demo-contract-v1,True,0.15254566656941276,0.17966211768708878,0.22890156963021652,0.254337897706621,0.3123359484475468,0.3457418568788285,0.38409911306518796,0.4281296149824395
1700000004935000000,14935000000,988,987,987,0,0,,,,0,rest,hold,200.0,dev-0123456789abcdef0123456789abcdef,synthetic-1-rest,29,protocol,synthetic-demo-contract-v1,True,0.14869268974561622,0.1761556772878353,0.22516469375773257,0.2512770830619237,0.3093835441483854,0.3435780509094549,0.3818309825223772,0.4252744705778902
1700000004940000000,14940000000,989,988,988,0,0,,,,0,rest,hold,200.0,dev-0123456789abcdef0123456789abcdef,synthetic-1-rest,29,protocol,synthetic-demo-contract-v1,True,0.1437754799766294,0.1717517701101155,0.22035290621677456,0.2472483121018828,0.3052608013188375,0.3402628519497932,0.3783944378893715,0.421205670825116
1700000004945000000,14945000000,990,989,989,0,0,,,,0,rest,hold,200.0,dev-0123456789abcdef0123456789abcdef,synthetic-1-rest,29,protocol,synthetic-demo-contract-v1,True,0.13784935110584465,0.1664904997862626,0.214508442763251,0.24228326806792339,0.2999997725497322,0.335822497961584,0.37381729831729976,0.41595502408926793
1700000004950000000,14950000000,991,990,990,0,0,,,,0,rest,hold,200.0,dev-0123456789abcdef0123456789abcdef,synthetic-1-rest,29,protocol,synthetic-demo-contract-v1,True,0.13097827623465016,0.16041786122947535,0.20768191207724626,0.23642094525095003,0.2936416549635358,0.33029220165377843,0.3681364564106748,0.40956366550525547
1700000004955000000,14955000000,992,991,991,0,0,,,,0,rest,hold,200.0,dev-0123456789abcdef0123456789abcdef,synthetic-1-rest,29,protocol,synthetic-demo-contract-v1,True,0.12323401375547133,0.15358529070659804,0.19993182484595173,0.2297073275338489,0.2862364525249514,0.32371585641345324,0.3613975676521328,0.40208171906964224
1700000004960000000,14960000000,993,992,992,0,0,,,,0,rest,hold,200.0,dev-0123456789abcdef0123456789abcdef,synthetic-1-rest,29,protocol,synthetic-demo-contract-v1,True,0.11469516503187237,0.14604918720447857,0.19132405744577163,0.22219501121598206,0.27784256590490014,0.31614567126456017,0.353654668271521,0.3935678866230698
1700000004965000000,14965000000,994,993,993,0,0,,,,0,rest,hold,200.0,dev-0123456789abcdef0123456789abcdef,synthetic-1-rest,29,protocol,synthetic-demo-contract-v1,True,0.10544617868198851,0.1378704099211179,0.18193125533802093,0.21394277523330124,0.2685263132818913,0.3076417379037474,0.3449697247594387,0.38408896711470514
1700000004970000000,14970000000,995,994,994,0,0,,,,0,rest,hold,200.0,dev-0123456789abcdef0123456789abcdef,synthetic-1-rest,29,protocol,synthetic-demo-contract-v1,True,0.09557631680399857,0.12911375664681807,0.17183218178683066,0.2050151023045662,0.25836138603483694,0.29827153341989565,0.3354121187862092,0.3737193101114591
1700000004975000000,14975000000,996,995,995,0,0,,,,0,rest,hold,200.0,dev-0123456789abcdef0123456789abcdef,synthetic-1-rest,29,protocol,synthetic-demo-contract-v1,True,0.08517859859309508,0.11984742768556403,0.16111101794734928,0.19548165492204236,0.24742824381879777,0.2881093628314291,0.3250580718168371,0.3625402080533009
1700000004980000000,14980000000,997,996,996,0,0,,,,0,rest,hold,200.0,dev-0123456789abcdef0123456789abcdef,synthetic-1-rest,29,protocol,synthetic-demo-contract-v1,True,0.074348736641625,0.11014247980803069,0.14985662075347528,0.18541671046084116,0.2358134540154036,0.2772357460684575,0.3139900142063421,0.3506392322573632
1700000004985000000,14985000000,998,997,997,0,0,,,,0,rest,hold,200.0,dev-0123456789abcdef0123456789abcdef,synthetic-1-rest,29,protocol,synthetic-demo-contract-v1,True,0.0631840807962067,0.1000722745307019,0.1381617453544576,0.17489856000214019,0.22360898100883217,0.2657367544814864,0.30229590401406303,0.33810951813375206
1700000004990000000,14990000000,999,998,998,0,0,,,,0,rest,hold,200.0,dev-0123456789abcdef0123456789abcdef,synthetic-1-rest,29,protocol,synthetic-demo-contract-v1,True,0.05178258378072458,0.08971192478644573,0.12612223910628229,0.16400887574923712,0.21091143115227443,0.2537033023709192,0.2900685011862025,0.32504900549108345
1700000004995000000,14995000000,1000,999,999,0,0,,,,0,rest,hold,200.0,dev-0123456789abcdef0123456789abcdef,synthetic-1-rest,29,protocol,synthetic-demo-contract-v1,True,0.0402418019000298,0.0791377437968111,0.11383621431527782,0.15283205215967138,0.19782125965547553,0.24123039939859395,0.27740460311977977,0.31155964017649196
