host_wall_timestamp_ns,host_monotonic_ns,host_receive_index,sample_index,session_sample_index,generation,connection_generation,device_packet_sequence,device_sample_counter,device_time_ticks,sample_in_packet,action_label,action_phase,sample_rate_hz,device_id,session_id,quality_flags,sample_rate_source_kind,sample_rate_evidence_ref,sample_rate_confirmed,channel_1,channel_2,channel_3,channel_4,channel_5,channel_6,channel_7,channel_8
1700000000000000000,10000000000,1,0,0,0,0,,,,0,open_hand,hold,200.0,dev-0123456789abcdef0123456789abcdef,synthetic-1-open_hand,29,protocol,synthetic-demo-contract-v1,True,0.007683664578427707,0.0428757561928884,0.0780678478073491,0.1132599394218098,0.1484520310362705,0.18364412265073118,0.2188362142651919,0.2540283058796526
1700000000005000000,10005000000,2,1,1,0,0,,,,0,open_hand,hold,200.0,dev-0123456789abcdef0123456789abcdef,synthetic-1-open_hand,29,protocol,synthetic-demo-contract-v1,True,0.23906317958898762,0.2798271961821938,0.32063026169071773,0.36146075612936307,0.40231124775526017,0.44317676423945124,0.4840538540181387,0.5249400466754022
1700000000010000000,10010000000,3,2,2,0,0,,,,0,open_hand,hold,200.0,dev-0123456789abcdef0123456789abcdef,synthetic-1-open_hand,29,protocol,synthetic-demo-contract-v1,True,0.4703594574336504,0.5167035942277841,0.5631220577926109,0.609593299388811,0.6561033126360496,0.702642618853416,0.7492045830840082,0.7957844262700259
1700000000015000000,10015000000,4,3,3,0,0,,,,0,open_hand,hold,200.0,dev-0123456789abcdef0123456789abcdef,synthetic-1-open_hand,29,protocol,synthetic-demo-contract-v1,True,0.7015136414316828,0.7534545962446566,0.8054977659938015,0.8576149691644971,0.9097873042452836,0.9620017028345167,1.0142488756156387,1.0665220547225909
1700000000020000000,10020000000,5,4,4,0,0,,,,0,open_hand,hold,200.0,dev-0123456789abcdef0123456789abcdef,synthetic-1-open_hand,29,protocol,synthetic-demo-contract-v1,True,0.9324683050910383,0.9900307174174282,1.047712524740606,1.1054836436023452,1.1633227108318807,1.2212144052950928,1.2791475587336127,1.3371138849962259
1700000000025000000,10025000000,6,5,5,0,0,,,,0,open_hand,hold,200.0,dev-0123456789abcdef0123456789abcdef,synthetic-1-open_hand,29,protocol,synthetic-demo-contract-v1,True,1.1631680999786678,1.2263837267614592,1.2897223409149454,1.3531578754684408,1.4166695927871067,1.4802416317683542,1.543861945638341,1.6075213402644406
1700000000030000000,10030000000,7,6,6,0,0,,,,0,open_hand,hold,200.0,dev-0123456789abcdef0123456789abcdef,synthetic-1-open_hand,29,protocol,synthetic-demo-contract-v1,True,1.3935603673619943,1.4624670166535234,1.5314843424267508,1.6005970844727666,1.6697887423931659,1.739044945810385,1.8083539670005393,1.8777064396598
1700000000035000000,10035000000,8,7,7,0,0,,,,0,open_hand,hold,200.0,dev-0123456789abcdef0123456789abcdef,synthetic-1-open_hand,29,protocol,synthetic-demo-contract-v1,True,1.6235957027466785,1.6982359527434245,1.772957021304997,1.8477617442383714,1.922641840063943,1.9975867079697942,2.072586300152503,2.1476319220418967
1700000000040000000,10040000000,9,8,8,0,0,,,,0,open_hand,hold,200.0,dev-0123456789abcdef0123456789abcdef,synthetic-1-open_hand,29,protocol,synthetic-demo-contract-v1,True,1.8532284633718183,1.933648199946546,2.0141004651675343,2.0946135627195828,2.1751916063027115,2.255830211553405,2.336522495611134,2.417261367368417
1700000000045000000,10045000000,10,9,9,0,0,,,,0,open_hand,hold,200.0,dev-0123456789abcdef0123456789abcdef,synthetic-1-open_hand,29,protocol,synthetic-demo-contract-v1,True,2.0824172098574145,2.168664020569432,2.2548765750772137,2.3411156549261034,2.4274019486276233,2.513739814631449,2.600127100474086,2.686559315261394
1700000000050000000,10050000000,11,10,10,0,0,,,,0,open_hand,hold,200.0,dev-0123456789abcdef0123456789abcdef,synthetic-1-open_hand,29,protocol,synthetic-demo-contract-v1,True,2.3111250745073075,2.403246541030732,2.495249267941065,2.587232706872434,2.6792381027463876,2.771281067743495,2.8633657782426045,2.9554913803704994
1700000000055000000,10055000000,12,11,11,0,0,,,,0,open_hand,hold,200.0,dev-0123456789abcdef0123456789abcdef,synthetic-1-open_hand,29,protocol,synthetic-demo-contract-v1,True,2.5393200502272766,2.637361984101823,2.7351846617786566,2.832931129743503,2.930666767296617,3.0284208367866747,3.126205424638662,3.224024364146333
1700000000060000000,10060000000,13,12,12,0,0,,,,0,open_hand,hold,200.0,dev-0123456789abcdef0123456789abcdef,synthetic-1-open_hand,29,protocol,synthetic-demo-contract-v1,True,2.7669751955930457,2.8709798640980995,2.974651242373303,3.0781792033469535,3.181656231507487,3.2851274205905825,3.388614278999684,3.492126362649193
1700000000065000000,10065000000,14,13,13,0,0,,,,0,open_hand,hold,200.0,dev-0123456789abcdef0123456789abcdef,synthetic-1-open_hand,29,protocol,synthetic-demo-contract-v1,True,2.9940687532646,3.1040731429953925,3.2136200100231367,3.3229472080095315,3.4321764951814653,3.541370662708342,3.650562030851487,3.759766870032579
1700000000070000000,10070000000,15,14,14,0,0,,,,0,open_hand,hold,200.0,dev-0123456789abcdef0123456789abcdef,synthetic-1-open_hand,29,protocol,synthetic-demo-contract-v1,True,3.220584180657765,3.336618346017985,3.452064605325925,3.567207544168606,3.682199380441475,3.797122056980734,3.9120199212790125,4.0269168773557515
1700000000075000000,10075000000,16,15,15,0,0,,,,0,open_hand,hold,200.0,dev-0123456789abcdef0123456789abcdef,synthetic-1-open_hand,29,protocol,synthetic-demo-contract-v1,True,3.4465100935166686,3.568595635836281,3.6899614131591694,3.8109348390091604,3.9316986347387988,4.052354846459611,4.172960838734769,4.293548966395939
1700000000080000000,10080000000,17,16,16,0,0,,,,0,open_hand,hold,200.0,dev-0123456789abcdef0123456789abcdef,synthetic-1-open_hand,29,protocol,synthetic-demo-contract-v1,True,3.671840124746367,3.799988845114408,3.9272896442529115,4.05410603960077,4.1806500246697595,4.30704411530819,4.433359408946733,4.559637398148171
1700000000085000000,10085000000,18,17,17,0,0,,,,0,open_hand,hold,200.0,dev-0123456789abcdef0123456789abcdef,synthetic-1-open_hand,29,protocol,synthetic-demo-contract-v1,True,3.8965727025287813,4.030785467751492,4.164031393993802,4.296700492097019,4.429031420204521,4.561166873328759,4.693192078610508,4.825158195719207
1700000000090000000,10090000000,19,18,18,0,0,,,,0,open_hand,hold,200.0,dev-0123456789abcdef0123456789abcdef,synthetic-1-open_hand,29,protocol,synthetic-demo-contract-v1,True,4.120710753323474,4.260976609755834,4.400171678342698,4.53870000667071,4.676822868988732,4.814702132802942,4.952437192574858,5.090089221341541
1700000000095000000,10095000000,20,19,19,0,0,,,,0,open_hand,hold,200.0,dev-0123456789abcdef0123456789abcdef,synthetic-1-open_hand,29,protocol,synthetic-demo-contract-v1,True,4.344261336815727,4.490556901269601,4.635698446991274,4.780088907970849,4.924006660437844,5.067630977365509,5.211075064255061,5.354410247253862
1700000000100000000,10100000000,21,20,20,0,0,,,,0,open_hand,hold,200.0,dev-0123456789abcdef0123456789abcdef,synthetic-1-open_hand,29,protocol,synthetic-demo-contract-v1,True,4.567235221188319,4.719524371814044,4.870602574123065,5.0208540710009215,5.170567379404317,5.31993662266984,5.469088039034933,5.618103020215703
1700000000105000000,10105000000,22,21,21,0,0,,,,0,open_hand,hold,200.0,dev-0123456789abcdef0123456789abcdef,synthetic-1-open_hand,29,protocol,synthetic-demo-contract-v1,True,4.78964640823378,4.947880291343113,5.104877827378225,5.260984942431159,5.416491949259168,5.571604468641069,5.726460550445571,5.88115131944603
1700000000110000000,10110000000,23,22,22,0,0,,,,0,open_hand,hold,200.0,dev-0123456789abcdef0123456789abcdef,synthetic-1-open_hand,29,protocol,synthetic-demo-contract-v1,True,5.011511618767785,5.175628980169039,5.338520815846172,5.500473547469567,5.661769664291055,5.8226221431518,5.9831791689368705,6.143541007798413
1700000000115000000,10115000000,24,23,23,0,0,,,,0,open_hand,hold,200.0,dev-0123456789abcdef0123456789abcdef,synthetic-1-open_hand,29,protocol,synthetic-demo-contract-v1,True,5.232849749532601,5.402777591249339,5.571530918123746,5.739314482526043,5.906392211387678,6.072979536994474,6.239232643086441,6.405260076008736
1700000000120000000,10120000000,25,24,24,0,0,,,,0,open_hand,hold,200.0,dev-0123456789abcdef0123456789abcdef,synthetic-1-open_hand,29,protocol,synthetic-demo-contract-v1,True,5.453681313277765,5.629335868694651,5.803910191675875,5.977504894010494,6.150353681025671,6.322668830064169,6.494611933119724,6.66629867987544
1700000000125000000,10125000000,26,25,25,0,0,,,,0,open_hand,hold,200.0,dev-0123456789abcdef0123456789abcdef,synthetic-1-open_hand,29,protocol,synthetic-demo-contract-v1,True,0.17402787396325545,0.21781588666510365,0.2606632649188407,0.30254444370788924,0.34365056765545154,0.3841845087053019,0.42431023664457607,0.464149170256654
1700000000130000000,10130000000,27,26,26,0,0,,,,0,open_hand,hold,200.0,dev-0123456789abcdef0123456789abcdef,synthetic-1-open_hand,29,protocol,synthetic-demo-contract-v1,True,0.39391148904364065,0.44323177306491446,0.49179721361083006,0.539435261270392,0.5862817596267683,0.6325233742153986,0.6783230065333767,0.7238061157933892
1700000000135000000,10135000000,28,27,27,0,0,,,,0,open_hand,hold,200.0,dev-0123456789abcdef0123456789abcdef,synthetic-1-open_hand,29,protocol,synthetic-demo-contract-v1,True,0.6133541705597555,0.6680994226170838,0.7223214232788028,0.7756818844576424,0.8282485188580915,0.8801845425383836,0.9316479609156083,0.9827663182929333
1700000000140000000,10140000000,29,28,28,0,0,,,,0,open_hand,hold,200.0,dev-0123456789abcdef0123456789abcdef,synthetic-1-open_hand,29,protocol,synthetic-demo-contract-v1,True,0.8323773762925742,0.8924362039998986,0.9522474395330061,1.0112911878406368,1.0695544505085022,1.1271694352187436,1.1842850852737654,1.2410288207318998
1700000000145000000,10145000000,30,29,29,0,0,,,,0,open_hand,hold,200.0,dev-0123456789abcdef0123456789abcdef,synthetic-1-open_hand,29,protocol,synthetic-demo-contract-v1,True,1.0510015415318938,1.1162606657531151,1.181588808219546,1.2462723007613483,1.310205462963749,1.373481761726004,1.4362366266652473,1.4985949078636336
1700000000150000000,10150000000,31,30,30,0,0,,,,0,open_hand,hold,200.0,dev-0123456789abcdef0123456789abcdef,synthetic-1-open_hand,29,protocol,synthetic-demo-contract-v1,True,1.2692456610948237,1.3395922456139562,1.4103609074360735,1.480636515408875,1.5502097184984196,1.6191274932962125,1.6875070801224377,1.7554680994400222
1700000000155000000,10155000000,32,31,31,0,0,,,,0,open_hand,hold,200.0,dev-0123456789abcdef0123456789abcdef,synthetic-1-open_hand,29,protocol,synthetic-demo-contract-v1,True,1.4871269301148742,1.5624509878223884,1.6385807734851707,1.714397185932746,1.7895775750233638,1.8641148284732447,1.938103167312355,2.011654136082973
1700000000160000000,10160000000,33,32,32,0,0,,,,0,open_hand,hold,200.0,dev-0123456789abcdef0123456789abcdef,synthetic-1-open_hand,29,protocol,synthetic-demo-contract-v1,True,1.7046604508346106,1.7848572727436287,1.8662669228639603,1.9475696195647108,2.0283215193713033,2.1084541505676233,2.1880338075659624,2.26716095786586
1700000000165000000,10165000000,34,33,33,0,0,,,,0,open_hand,hold,200.0,dev-0123456789abcdef0123456789abcdef,synthetic-1-open_hand,29,protocol,synthetic-demo-contract-v1,True,1.9218590111999263,2.006831562896653,2.0934391723866477,2.180170960761397,2.2664560926137267,2.3521579772839494,2.4373100814153283,2.5219986756900172
1700000000170000000,10170000000,35,34,34,0,0,,,,0,open_hand,hold,200.0,dev-0123456789abcdef0123456789abcdef,synthetic-1-open_hand,29,protocol,synthetic-demo-contract-v1,True,2.1387329395014807,2.228394169154911,2.3201184595093616,2.4122200694114264,2.5039978079384064,2.5952409027998704,2.685945186804208,2.7761795355657557
1700000000175000000,10175000000,36,35,35,0,0,,,,0,open_hand,hold,200.0,dev-0123456789abcdef0123456789abcdef,synthetic-1-open_hand,29,protocol,synthetic-demo-contract-v1,True,2.355290037670659,2.4495650405047127,2.5463266648742273,2.643737394171691,2.7409650616490437,2.837719532609547,2.933954388164182,3.029717875931356
1700000000180000000,10180000000,37,36,36,0,0,,,,0,open_hand,hold,200.0,dev-0123456789abcdef0123456789abcdef,synthetic-1-open_hand,29,protocol,synthetic-demo-contract-v1,True,2.5715355941471962,2.670363580313973,2.772086439012926,2.8747448420084374,2.9773780378764076,3.079612411472747,3.1813549585741066,3.282630078166917
1700000000185000000,10185000000,38,37,37,0,0,,,,0,open_hand,hold,200.0,dev-0123456789abcdef0123456789abcdef,synthetic-1-open_hand,29,protocol,synthetic-demo-contract-v1,True,2.7874724755280615,2.8908084915862076,2.9974210350501496,3.1052656450196006,3.213258607613804,3.320939944836825,3.4281661152452427,3.5349345104827585
1700000000190000000,10190000000,39,38,38,0,0,,,,0,open_hand,hold,200.0,dev-0123456789abcdef0123456789abcdef,synthetic-1-open_hand,29,protocol,synthetic-demo-contract-v1,True,3.0031012945173736,3.110917653159397,3.2223541491257164,3.335324225605536,3.4486302227086196,3.5617243141228236,3.674408948597883,3.786651465384199
1700000000195000000,10195000000,40,39,39,0,0,,,,0,open_hand,hold,200.0,dev-0123456789abcdef0123456789abcdef,synthetic-1-open_hand,29,protocol,synthetic-demo-contract-v1,True,3.2184206500597283,3.330708028264937,3.4469097701123514,3.5649460610361965,3.683517805456045,3.8019893862886907,3.920106345217568,4.037803090935908
1700000000200000000,10200000000,41,40,40,0,0,,,,0,open_hand,hold,200.0,dev-0123456789abcdef0123456789abcdef,synthetic-1-open_hand,29,protocol,synthetic-demo-contract-v1,True,3.4334274339879354,3.55019560629696,3.6711120400460993,3.7941575484341024,3.9179476344507544,4.041760618102017,4.165282904999918,4.288413316069505
1700000000205000000,10205000000,42,41,41,0,0,,,,0,open_hand,hold,200.0,dev-0123456789abcdef0123456789abcdef,synthetic-1-open_hand,29,protocol,synthetic-demo-contract-v1,True,3.648117197082673,3.7693953780659224,3.894985126510205,4.022985871154623,4.151947227357417,4.2810649555717255,4.409964852812707,4.53850777019773
1700000000210000000,10210000000,43,42,42,0,0,,,,0,open_hand,hold,200.0,dev-0123456789abcdef0123456789abcdef,synthetic-1-open_hand,29,protocol,synthetic-demo-contract-v1,True,3.8624845661554232,3.988321344231582,4.118553108023304,4.251458867498584,4.385545221261379,4.519930729002692,4.654179945021903,4.788113697417058
1700000000215000000,10215000000,44,43,43,0,0,,,,0,open_hand,hold,200.0,dev-0123456789abcdef0123456789abcdef,synthetic-1-open_hand,29,protocol,synthetic-demo-contract-v1,True,4.0765237026536525,4.206986556038674,4.341839873281428,4.479604902637558,4.618771251256826,4.758387544149348,4.89795737124506,5.037259865598296
1700000000220000000,10220000000,45,44,44,0,0,,,,0,open_hand,hold,200.0,dev-0123456789abcdef0123456789abcdef,synthetic-1-open_hand,29,protocol,synthetic-demo-contract-v1,True,4.290228792371463,4.425403186922697,4.564869034893282,4.707452744570159,4.851655827921301,4.996466169953824,5.141327651710466,5.285976470681058
1700000000225000000,10225000000,46,45,45,0,0,,,,0,open_hand,hold,200.0,dev-0123456789abcdef0123456789abcdef,synthetic-1-open_hand,29,protocol,synthetic-demo-contract-v1,True,4.50359455514874,4.643582633022109,4.787663858032107,4.9350314448587245,5.084230214312702,5.234198423361224,5.384322530613887,5.534295036503438
1700000000230000000,10230000000,47,46,46,0,0,,,,0,open_hand,hold,200.0,dev-0123456789abcdef0123456789abcdef,synthetic-1-open_hand,29,protocol,synthetic-demo-contract-v1,True,4.716616762971604,4.861535640135488,5.010247204208121,5.162370224820998,5.3165263031080805,5.471617051709018,5.6269748658765675,5.78224831051222
1700000000235000000,10235000000,48,47,47,0,0,,,,0,open_hand,hold,200.0,dev-0123456789abcdef0123456789abcdef,synthetic-1-open_hand,29,protocol,synthetic-demo-contract-v1,True,4.929292754656541,5.079272454205431,5.232641490145714,5.3894983677714485,5.548576494482892,5.708755613189524,5.869318515718205,6.029870155711896
1700000000240000000,10240000000,49,48,48,0,0,,,,0,open_hand,hold,200.0,dev-0123456789abcdef0123456789abcdef,synthetic-1-open_hand,29,protocol,synthetic-demo-contract-v1,True,5.141621935314756,5.296802992002785,5.454868661532143,5.616445117822503,5.780413575304874,5.945648355883868,6.11138822246699,6.277195439222212
1700000000245000000,10245000000,50,49,49,0,0,,,,0,open_hand,hold,200.0,dev-0123456789abcdef0123456789abcdef,synthetic-1-open_hand,29,protocol,synthetic-demo-contract-v1,True,5.353606249052072,5.514137028331425,5.676950181192254,5.843239585668508,6.012070600189049,6.182330095862811,6.353219494035492,6.5242599178243434
1700000000250000000,10250000000,51,50,50,0,0,,,,0,open_hand,hold,200.0,dev-0123456789abcdef0123456789abcdef,synthetic-1-open_hand,29,protocol,synthetic-demo-contract-v1,True,0.0652506138578066,0.09378439578100081,0.12390703103928516,0.15741066168503898,0.19358077492935807,0.23133609484447593,0.2698484834960211,0.3086001208845233
1700000000255000000,10255000000,52,51,51,0,0,,,,0,open_hand,hold,200.0,dev-0123456789abcdef0123456789abcdef,synthetic-1-open_hand,29,protocol,synthetic-demo-contract-v1,True,0.27656330836361803,0.31075519282751696,0.34575972695791884,0.3839869365848314,0.42497734278874616,0.4677019378913163,0.5113118671923124,0.5552532310515498
1700000000260000000,10260000000,53,52,52,0,0,,,,0,open_hand,hold,200.0,dev-0123456789abcdef0123456789abcdef,synthetic-1-open_hand,29,protocol,synthetic-demo-contract-v1,True,0.48755630109561177,0.5275599959228884,0.5675283455946892,0.6104966297795409,0.6562934740932684,0.703963411618767,0.7526467218257614,0.8017569631306127
1700000000265000000,10265000000,54,53,53,0,0,,,,0,open_hand,hold,200.0,dev-0123456789abcdef0123456789abcdef,synthetic-1-open_hand,29,protocol,synthetic-demo-contract-v1,True,0.6982455139808698,0.7442100711273529,0.789232561865092,0.8369675255051156,0.8875621595373815,0.9401563833759815,0.9938904009541651,1.048149441540576
1700000000270000000,10270000000,55,54,54,0,0,,,,0,open_hand,hold,200.0,dev-0123456789abcdef0123456789abcdef,synthetic-1-open_hand,29,protocol,synthetic-demo-contract-v1,True,0.9086510131800771,0.9607175808242424,1.0108916958382628,1.0634269166785075,1.118816107567397,1.1763166818450475,1.2350804113389249,1.294469076765081
1700000000275000000,10275000000,56,55,55,0,0,,,,0,open_hand,hold,200.0,dev-0123456789abcdef0123456789abcdef,synthetic-1-open_hand,29,protocol,synthetic-demo-contract-v1,True,1.1187971217743182,1.1770957811153688,1.2325247675308406,1.2899015563658023,1.3500876461683986,1.4124799794891254,1.4762542895729804,1.5407544412096317
1700000000280000000,10280000000,57,56,56,0,0,,,,0,open_hand,hold,200.0,dev-0123456789abcdef0123456789abcdef,synthetic-1-open_hand,29,protocol,synthetic-demo-contract-v1,True,1.3287124504069021,1.3933592056263726,1.454150558033242,1.5164176166574952,1.5814086293371983,1.6486816772622725,1.7174494794164528,1.7870441448772063
1700000000285000000,10285000000,58,57,57,0,0,,,,0,open_hand,hold,200.0,dev-0123456789abcdef0123456789abcdef,synthetic-1-open_hand,29,protocol,synthetic-demo-contract-v1,True,1.538429843638212,1.6095238316527478,1.6757876753053549,1.7430006546664265,1.812810348480449,1.8849567919743888,1.9587032102600574,2.0333767112738683
1700000000290000000,10290000000,59,58,58,0,0,,,,0,open_hand,hold,200.0,dev-0123456789abcdef0123456789abcdef,synthetic-1-open_hand,29,protocol,synthetic-demo-contract-v1,True,1.7479862414793756,1.8256072248458382,1.8974546229158131,1.9696755852886942,2.044323448933257,2.121339846683939,2.2000523771279044,2.2797904539534
1700000000295000000,10295000000,60,59,59,0,0,,,,0,open_hand,hold,200.0,dev-0123456789abcdef0123456789abcdef,synthetic-1-open_hand,29,protocol,synthetic-demo-contract-v1,True,1.9574224572942238,2.0416286589696844,2.1191698699601864,2.1964666602983627,2.2759778517498863,2.3578647644689603,2.441533422621366,2.5263233541060846
1700000000300000000,10300000000,61,60,60,0,0,,,,0,open_hand,hold,200.0,dev-0123456789abcdef0123456789abcdef,synthetic-1-open_hand,29,protocol,synthetic-demo-contract-v1,True,2.166782874963478,2.2576092076490557,2.340951920379248,2.4233974532837737,2.507802680874801,2.5945647659035855,2.683182221194319,2.7730129395915633
1700000000305000000,10305000000,62,61,61,0,0,,,,0,open_hand,hold,200.0,dev-0123456789abcdef0123456789abcdef,synthetic-1-open_hand,29,protocol,synthetic-demo-contract-v1,True,2.3761150698556137,2.4735718054702396,2.5628193799090018,2.6504908498772983,2.7398261957597057,2.8314722705429847,2.9250339661373363,3.0198961658090497
1700000000310000000,10310000000,63,62,62,0,0,,,,0,open_hand,hold,200.0,dev-0123456789abcdef0123456789abcdef,synthetic-1-open_hand,29,protocol,synthetic-demo-contract-v1,True,2.585469359711789,2.6895412762822604,2.7847910189293548,2.8777690426820537,2.9720757294507716,3.0686188026945023,3.16712305963441,3.2670092987903216
1700000000315000000,10315000000,64,63,63,0,0,,,,0,open_hand,hold,200.0,dev-0123456789abcdef0123456789abcdef,synthetic-1-open_hand,29,protocol,synthetic-demo-contract-v1,True,2.7948982929956716,2.9055443270695998,3.006885829537605,3.1052535302588415,3.2045776321301744,3.306034901726895,3.409483006240496,3.5143878008916727
1700000000320000000,10320000000,65,64,64,0,0,,,,0,open_hand,hold,200.0,dev-0123456789abcdef0123456789abcdef,synthetic-1-open_hand,29,protocol,synthetic-demo-contract-v1,True,3.004456083553565,3.12160950631994,3.229123075255705,3.332965119504831,3.437357220057793,3.54375003714327,3.652146310111888,3.762066219450608
1700000000325000000,10325000000,66,65,65,0,0,,,,0,open_hand,hold,200.0,dev-0123456789abcdef0123456789abcdef,synthetic-1-open_hand,29,protocol,synthetic-demo-contract-v1,True,3.2141980015493954,3.337767126383298,3.4515223318853008,3.560923930732498,3.6704387298226617,3.7817925286165965,3.8951443763039384,4.010078078761399
1700000000330000000,10330000000,67,66,66,0,0,,,,0,open_hand,hold,200.0,dev-0123456789abcdef0123456789abcdef,synthetic-1-open_hand,29,protocol,synthetic-demo-contract-v1,True,3.4241797315600975,3.554049149903207,3.6741035181506803,3.7891494047433043,3.90384527777986,4.020189471159823,4.138507416432333,4.258455775710876
1700000000335000000,10335000000,68,67,67,0,0,,,,0,open_hand,hold,200.0,dev-0123456789abcdef0123456789abcdef,synthetic-1-open_hand,29,protocol,synthetic-demo-contract-v1,True,3.63445670942076,3.770489040987043,3.8968869149152456,4.017660311185615,4.137598824517149,4.258966665575722,4.382264358974844,4.5072304794018905
1700000000340000000,10340000000,69,68,68,0,0,,,,0,open_hand,hold,200.0,dev-0123456789abcdef0123456789abcdef,synthetic-1-open_hand,29,protocol,synthetic-demo-contract-v1,True,3.8450834498812436,3.9871215823621005,4.119893171920183,4.246474757490466,4.3717201441671225,4.498148554304849,4.62644276447052,4.7564320350770375
1700000000345000000,10345000000,70,69,69,0,0,,,,0,open_hand,hold,200.0,dev-0123456789abcdef0123456789abcdef,synthetic-1-open_hand,29,protocol,synthetic-demo-contract-v1,True,4.05611287736698,4.20398266032731,4.3431433011725185,4.475610197691837,4.6062287983550565,4.737758162763565,4.87106874585253,5.006088872639263
1700000000350000000,10350000000,71,70,70,0,0,,,,0,open_hand,hold,200.0,dev-0123456789abcdef0123456789abcdef,synthetic-1-open_hand,29,protocol,synthetic-demo-contract-v1,True,4.267595672121603,4.421109019848801,4.5666586563014615,4.705083440459972,4.841143114550249,4.977817046238059,5.116166894129653,5.256227920049202
1700000000355000000,10355000000,72,71,71,0,0,,,,0,open_hand,hold,200.0,dev-0123456789abcdef0123456789abcdef,synthetic-1-open_hand,29,protocol,synthetic-demo-contract-v1,True,4.479579643747965,4.638537992652237,4.790460897404389,4.934910655706576,5.0764801685694945,5.218345242374892,5.361760209609613,5.50687452186139
1700000000360000000,10360000000,73,72,72,0,0,,,,0,open_hand,hold,200.0,dev-0123456789abcdef0123456789abcdef,synthetic-1-open_hand,29,protocol,synthetic-demo-contract-v1,True,4.692109143662275,4.856307201628075,5.014571941114469,5.165107379159303,5.312255770965654,5.459361229283976,5.607870038835355,5.758052363143074
1700000000365000000,10365000000,74,73,73,0,0,,,,0,open_hand,hold,200.0,dev-0123456789abcdef0123456789abcdef,synthetic-1-open_hand,29,protocol,synthetic-demo-contract-v1,True,4.9052245272434165,5.07445424528017,5.239013895837917,5.3956885143490085,5.548484457021992,5.700881889245937,5.854516017382894,6.009783399000127
1700000000370000000,10370000000,75,74,74,0,0,,,,0,open_hand,hold,200.0,dev-0123456789abcdef0123456789abcdef,synthetic-1-open_hand,29,protocol,synthetic-demo-contract-v1,True,5.118961675510894,5.293016366306971,5.463808982327761,5.6266683315065595,5.785179480064234,5.942922477993117,6.101716018646758,6.262087789914792
1700000000375000000,10375000000,76,75,75,0,0,,,,0,open_hand,hold,200.0,dev-0123456789abcdef0123456789abcdef,synthetic-1-open_hand,29,protocol,synthetic-demo-contract-v1,True,-0.16664841498064242,-0.12546989129787148,-0.08602056002044467,-0.05443953707415353,-0.02764719220290761,-0.0020034004883951392,0.02448610871637874,0.05248384307959442
1700000000380000000,10380000000,77,76,76,0,0,,,,0,open_hand,hold,200.0,dev-0123456789abcdef0123456789abcdef,synthetic-1-open_hand,29,protocol,synthetic-demo-contract-v1,True,0.048420033338313885,0.09403096799280065,0.13954741945025445,0.17737789441516869,0.21001512137024794,0.24111618629111062,0.2728405074239984,0.3059879598908523
1700000000385000000,10385000000,78,77,77,0,0,,,,0,open_hand,hold,200.0,dev-0123456789abcdef0123456789abcdef,synthetic-1-open_hand,29,protocol,synthetic-demo-contract-v1,True,0.2641873260193276,0.31405303939570717,0.3655348624114542,0.4096329525299673,0.44817581688050606,0.4847914849302309,0.5217915556221278,0.5601145897439768
1700000000390000000,10390000000,79,78,78,0,0,,,,0,open_hand,hold,200.0,dev-0123456789abcdef0123456789abcdef,synthetic-1-open_hand,29,protocol,synthetic-demo-contract-v1,True,0.48066812936917225,0.5346286687601248,0.5919633694498281,0.6423372873547935,0.6868430090219034,0.7290310469866256,0.771349688726108,0.8148761902510719
1700000000395000000,10395000000,80,79,79,0,0,,,,0,open_hand,hold,200.0,dev-0123456789abcdef0123456789abcdef,synthetic-1-open_hand,29,protocol,synthetic-demo-contract-v1,True,0.697871391678179,0.7557881111821741,0.8188540573180976,0.8755018506808427,0.9260235366038182,0.9738417249451156,1.0215234165352123,1.0702831939794824
1700000000400000000,10400000000,81,80,80,0,0,,,,0,open_hand,hold,200.0,dev-0123456789abcdef0123456789abcdef,synthetic-1-open_hand,29,protocol,synthetic-demo-contract-v1,True,0.9158003538321654,0.9775592021153648,1.0462274069169102,1.10913686950631,1.1657229696685076,1.219228673161606,1.2723193093239178,1.3263439817878497
1700000000405000000,10405000000,82,81,81,0,0,,,,0,open_hand,hold,200.0,dev-0123456789abcdef0123456789abcdef,synthetic-1-open_hand,29,protocol,synthetic-demo-contract-v1,True,1.134452648498626,1.1999670456692566,1.2741031035491495,1.3432518148693904,1.4059456179537644,1.4651953536271616,1.523741990173641,1.5830648628140653
1700000000410000000,10410000000,83,82,82,0,0,,,,0,open_hand,hold,200.0,dev-0123456789abcdef0123456789abcdef,synthetic-1-open_hand,29,protocol,synthetic-demo-contract-v1,True,1.353820485358478,1.4230337245831204,1.5024998711313728,1.5778553661069987,1.646694540463354,1.7117435463845303,1.775794133494389,1.840450061147295
1700000000415000000,10415000000,84,83,83,0,0,,,,0,open_hand,hold,200.0,dev-0123456789abcdef0123456789abcdef,synthetic-1-open_hand,29,protocol,synthetic-demo-contract-v1,True,1.5738909181883536,1.6467780360876443,1.7314353021703506,1.812955370715267,1.8879715559273451,1.9588733644189207,2.028476469665567,2.098501709194106
1700000000420000000,10420000000,85,84,84,0,0,,,,0,open_hand,hold,200.0,dev-0123456789abcdef0123456789abcdef,synthetic-1-open_hand,29,protocol,synthetic-demo-contract-v1,True,1.7946461880188702,1.8712152575291296,1.9609256854143662,2.048558800069673,2.1297772539561057,2.2065832728359216,2.2817877957055868,2.3572198477266886
1700000000425000000,10425000000,86,85,85,0,0,,,,0,open_hand,hold,200.0,dev-0123456789abcdef0123456789abcdef,synthetic-1-open_hand,29,protocol,synthetic-demo-contract-v1,True,2.016064135133458,2.096356945232287,2.190985833167681,2.284671701342295,2.3721110067153837,2.454870112132095,2.5357249918610973,2.616602432579345
1700000000430000000,10430000000,87,86,86,0,0,,,,0,open_hand,hold,200.0,dev-0123456789abcdef0123456789abcdef,synthetic-1-open_hand,29,protocol,synthetic-demo-contract-v1,True,2.2381186713595866,2.3222107696257703,2.4216289103111808,2.5212991460303025,2.614970980975174,2.7037291253579303,2.79028304398859,2.8766453479378695
1700000000435000000,10435000000,88,87,87,0,0,,,,0,open_hand,hold,200.0,dev-0123456789abcdef0123456789abcdef,synthetic-1-open_hand,29,protocol,synthetic-demo-contract-v1,True,2.460780302966182,2.548780389155723,2.6528662671019148,2.7584451755824495,2.858354150411782,2.953153988968563,3.045455071583941,3.137342426145239
1700000000440000000,10440000000,89,88,88,0,0,,,,0,open_hand,hold,200.0,dev-0123456789abcdef0123456789abcdef,synthetic-1-open_hand,29,protocol,synthetic-demo-contract-v1,True,2.684016693540437,2.7760653649745333,2.88470727782848,2.996112744678228,3.1022563080701797,3.2031368471547688,3.3012323612990797,3.3986854739262404
1700000000445000000,10445000000,90,89,89,0,0,,,,0,open_hand,hold,200.0,dev-0123456789abcdef0123456789abcdef,synthetic-1-open_hand,29,protocol,synthetic-demo-contract-v1,True,2.9077932554931545,3.0040611178228143,3.1171591873777973,3.2343036627766595,3.3466720789222855,3.4536683494453735,3.5576044057696636,3.66066430491339
1700000000450000000,10450000000,91,90,90,0,0,,,,0,open_hand,hold,200.0,dev-0123456789abcdef0123456789abcdef,synthetic-1-open_hand,29,protocol,synthetic-demo-contract-v1,True,3.1320737583484863,3.232758927931074,3.3502269677218344,3.4730185346076863,3.591594932485644,3.7047376913720984,3.8145589475631514,3.923266778336709
1700000000455000000,10455000000,92,91,91,0,0,,,,0,open_hand,hold,200.0,dev-0123456789abcdef0123456789abcdef,synthetic-1-open_hand,29,protocol,synthetic-demo-contract-v1,True,3.3568209417214105,3.4621459781625923,3.5839131862607383,3.712256700328123,3.837017195495975,3.956332657989119,4.072082028043304,4.186478843720823
1700000000460000000,10460000000,93,92,92,0,0,,,,0,open_hand,hold,200.0,dev-0123456789abcdef0123456789abcdef,synthetic-1-open_hand,29,protocol,synthetic-demo-contract-v1,True,3.581997120879271,3.692205440009982,3.8182178878623625,3.9520161761055213,4.082930064655794,4.208439670042034,4.330158040934768,4.450284591414373
1700000000465000000,10465000000,94,93,93,0,0,,,,0,open_hand,hold,200.0,dev-0123456789abcdef0123456789abcdef,synthetic-1-open_hand,29,protocol,synthetic-demo-contract-v1,True,3.807564773022089,3.922916601453992,4.053138492318278,4.192293595926546,4.3293236195094424,4.461043832584516,4.5887697903600735,4.714666308758984
1700000000470000000,10470000000,95,94,94,0,0,,,,0,open_hand,hold,200.0,dev-0123456789abcdef0123456789abcdef,synthetic-1-open_hand,29,protocol,synthetic-demo-contract-v1,True,4.033487092895062,4.154255035103627,4.288669708794537,4.4330841554511595,4.576186835522151,4.714128985845495,4.847898553111125,4.979604541688119
1700000000475000000,10475000000,96,95,95,0,0,,,,0,open_hand,hold,200.0,dev-0123456789abcdef0123456789abcdef,synthetic-1-open_hand,29,protocol,synthetic-demo-contract-v1,True,4.25972850705559,4.3861928044705385,4.524803468693079,4.674381558749596,4.823507597466773,4.967677758155287,5.107524144908142,5.245078161529993
1700000000480000000,10480000000,97,96,96,0,0,,,,0,open_hand,hold,200.0,dev-0123456789abcdef0123456789abcdef,synthetic-1-open_hand,29,protocol,synthetic-demo-contract-v1,True,4.486255137041723,4.6186987056965885,4.761528878158861,4.916177968765661,5.071272713246424,5.221671620745421,5.367624990390886,5.511064436773509
1700000000485000000,10485000000,98,97,97,0,0,,,,0,open_hand,hold,200.0,dev-0123456789abcdef0123456789abcdef,synthetic-1-open_hand,29,protocol,synthetic-demo-contract-v1,True,4.71303520280988,4.8517385415595875,4.998832191270339,5.158463962347007,5.31946792830398,5.476090944244038,5.628178196580078,5.777539109541869
1700000000490000000,10490000000,99,98,98,0,0,,,,0,open_hand,hold,200.0,dev-0123456789abcdef0123456789abcdef,synthetic-1-open_hand,29,protocol,synthetic-demo-contract-v1,True,4.940039359104136,5.085275424136055,5.23669680473948,5.401228490670707,5.568077940790072,5.730915056696415,5.889159629540964,6.044476476505133
1700000000495000000,10495000000,100,99,99,0,0,,,,0,open_hand,hold,200.0,dev-0123456789abcdef0123456789abcdef,synthetic-1-open_hand,29,protocol,synthetic-demo-contract-v1,True,5.167240958860485,5.319270102108157,5.47510327472412,5.644458845870674,5.817086417679645,5.986122302948422,6.150543993976218,6.311849473950698
1700000000500000000,10500000000,101,100,100,0,0,,,,0,open_hand,hold,200.0,dev-0123456789abcdef0123456789abcdef,synthetic-1-open_hand,29,protocol,synthetic-demo-contract-v1,True,-0.10538376069209246,-0.08381869162928361,-0.06097064387680297,-0.02435936535762978,0.016476012042916665,0.054190105239246396,0.08730491547152631,0.11712976671926219
1700000000505000000,10505000000,102,101,101,0,0,,,,0,open_hand,hold,200.0,dev-0123456789abcdef0123456789abcdef,synthetic-1-open_hand,29,protocol,synthetic-demo-contract-v1,True,0.12214442807165576,0.15096612332845544,0.17845006448667644,0.21975775956008498,0.2662283816897533,0.31009502485869156,0.34941502511457134,0.38528784070368877
1700000000510000000,10510000000,103,102,102,0,0,,,,0,open_hand,hold,200.0,dev-0123456789abcdef0123456789abcdef,synthetic-1-open_hand,29,protocol,synthetic-demo-contract-v1,True,0.3498077682792486,0.38608034907715194,0.4183377604297307,0.464292408792995,0.516324209416583,0.5663128247332552,0.6118460462063187,0.6537930985988596
1700000000515000000,10515000000,104,103,103,0,0,,,,0,open_hand,hold,200.0,dev-0123456789abcdef0123456789abcdef,synthetic-1-open_hand,29,protocol,synthetic-demo-contract-v1,True,0.5775914633816281,0.6214788895384704,0.6586622561979297,0.7092250548488962,0.7667432250921267,0.8228185328143731,0.8745688827828588,0.9226139585826348
1700000000520000000,10520000000,105,104,104,0,0,,,,0,open_hand,hold,200.0,dev-0123456789abcdef0123456789abcdef,synthetic-1-open_hand,29,protocol,synthetic-demo-contract-v1,True,0.8054835440955289,0.857116131568289,0.8993909437895307,0.9545344629091671,1.0174642298221257,1.0795865061511554,1.1375537096662591,1.1917179556009936
1700000000525000000,10525000000,106,105,105,0,0,,,,0,open_hand,hold,200.0,dev-0123456789abcdef0123456789abcdef,synthetic-1-open_hand,29,protocol,synthetic-demo-contract-v1,True,1.033474661513782,1.0929463220832623,1.1404889438054555,1.2001977092459097,1.2684651224338732,1.336590495538779,1.4007700637640288,1.461071844924595
1700000000530000000,10530000000,107,106,106,0,0,,,,0,open_hand,hold,200.0,dev-0123456789abcdef0123456789abcdef,synthetic-1-open_hand,29,protocol,synthetic-demo-contract-v1,True,1.2615578119844046,1.3289239363495502,1.3819192739699624,1.4461902101329407,1.5197229285186613,1.5938037106422671,1.6641869363388546,1.73064170763929
1700000000535000000,10535000000,108,107,107,0,0,,,,0,open_hand,hold,200.0,dev-0123456789abcdef0123456789abcdef,synthetic-1-open_hand,29,protocol,synthetic-demo-contract-v1,True,1.4897280007950622,1.5650040327494275,1.6236430360480496,1.692485761577054,1.7712138322641628,1.851198885503541,1.9277728659731204,2.0003930577295135
1700000000540000000,10540000000,109,108,108,0,0,,,,0,open_hand,hold,200.0,dev-0123456789abcdef0123456789abcdef,synthetic-1-open_hand,29,protocol,synthetic-demo-contract-v1,True,1.7179818529874824,1.8011425895831283,1.8656196196819401,1.9390565901056112,2.0229132112993384,2.1087483443473576,2.1914960319564254,2.270290950411061
1700000000545000000,10545000000,110,109,109,0,0,,,,0,open_hand,hold,200.0,dev-0123456789abcdef0123456789abcdef,synthetic-1-open_hand,29,protocol,synthetic-demo-contract-v1,True,1.9463171807402535,2.0372968197708525,2.1078069214809365,2.185873414751801,2.2747956747616542,2.366424067608882,2.4553243478287152,2.540300091368396
1700000000550000000,10550000000,111,110,110,0,0,,,,0,open_hand,hold,200.0,dev-0123456789abcdef0123456789abcdef,synthetic-1-open_hand,29,protocol,synthetic-demo-contract-v1,True,2.1747325176753716,2.2734254596885486,2.3501615775288673,2.4329055202808316,2.5268351047803836,2.62419775811218,2.719225554816805,2.810384946551473
1700000000555000000,10555000000,112,111,111,0,0,,,,0,open_hand,hold,200.0,dev-0123456789abcdef0123456789abcdef,synthetic-1-open_hand,29,protocol,synthetic-demo-contract-v1,True,2.4032266311451003,2.509489028795005,2.592639207323202,2.68012084159975,2.7790047015505506,2.8820409073347473,2.9831673149078357,3.0805098521879404
1700000000560000000,10560000000,113,112,112,0,0,,,,0,open_hand,hold,200.0,dev-0123456789abcdef0123456789abcdef,synthetic-1-open_hand,29,protocol,synthetic-demo-contract-v1,True,2.6317980240268484,2.745450057180285,2.835194667031594,2.9274860591914984,3.0312770321498386,3.139924861698234,3.24711730330962,3.3506391246685956
1700000000565000000,10565000000,114,113,113,0,0,,,,0,open_hand,hold,200.0,dev-0123456789abcdef0123456789abcdef,synthetic-1-open_hand,29,protocol,synthetic-demo-contract-v1,True,2.860444437785131,2.981273278679209,3.0777823098465897,3.1749667053112622,3.2836240832256802,3.3978208888297883,3.511043300054788,3.6207371699670414
1700000000570000000,10570000000,115,114,114,0,0,,,,0,open_hand,hold,200.0,dev-0123456789abcdef0123456789abcdef,synthetic-1-open_hand,29,protocol,synthetic-demo-contract-v1,True,3.0891623685465373,3.2169257877403075,3.320356251138811,3.4225272805810634,3.536017317651973,3.655700243741823,3.774913280513075,3.890768592258591
1700000000575000000,10575000000,116,115,115,0,0,,,,0,open_hand,hold,200.0,dev-0123456789abcdef0123456789abcdef,synthetic-1-open_hand,29,protocol,synthetic-demo-contract-v1,True,3.31794660767621,3.452377158812009,3.562870636054087,3.670131380517961,3.7884277352245954,3.91353423488051,4.038695504584035,4.160698301408633
1700000000580000000,10580000000,117,116,116,0,0,,,,0,open_hand,hold,200.0,dev-0123456789abcdef0123456789abcdef,synthetic-1-open_hand,29,protocol,synthetic-demo-contract-v1,True,3.5467898178478077,3.687599527594672,3.805279907171336,3.917741831433125,4.040825937432439,4.171294289994896,4.302358604350737,4.4304916190067924
1700000000585000000,10585000000,118,117,117,0,0,,,,0,open_hand,hold,200.0,dev-0123456789abcdef0123456789abcdef,synthetic-1-open_hand,29,protocol,synthetic-demo-contract-v1,True,3.775682154873482,3.9225676341004228,4.047539069835968,4.165320835044409,4.293182196306228,4.428952021779171,4.565871669983708,4.700114382630302
1700000000590000000,10590000000,119,118,118,0,0,,,,0,open_hand,hold,200.0,dev-0123456789abcdef0123456789abcdef,synthetic-1-open_hand,29,protocol,synthetic-demo-contract-v1,True,4.004610944620735,4.15725882805329,4.289603952808083,4.412830121054813,4.545466527311322,4.686479293240385,4.829204333693288,4.969533048028057
1700000000595000000,10595000000,120,119,119,0,0,,,,0,open_hand,hold,200.0,dev-0123456789abcdef0123456789abcdef,synthetic-1-open_hand,29,protocol,synthetic-demo-contract-v1,True,4.233560423208398,4.391653037740604,4.5314314619156235,4.660231106864363,4.7976487662131895,4.943848282742659,5.09232685153783,5.238714788925687
1700000000600000000,10600000000,121,120,120,0,0,,,,0,open_hand,hold,200.0,dev-0123456789abcdef0123456789abcdef,synthetic-1-open_hand,29,protocol,synthetic-demo-contract-v1,True,4.462511547367437,4.625732703984165,4.772979824479161,4.90748506350418,5.049698649805782,5.20103154867688,5.355210182904563,5.507627594161761
1700000000605000000,10605000000,122,121,121,0,0,,,,0,open_hand,hold,200.0,dev-0123456789abcdef0123456789abcdef,synthetic-1-open_hand,29,protocol,synthetic-demo-contract-v1,True,4.69144188040064,4.859482681427455,5.014208822376355,5.15455328680986,5.301585900353773,5.458002093701885,5.6178260674895215,5.776240361875801
1700000000610000000,10610000000,123,122,122,0,0,,,,0,open_hand,hold,200.0,dev-0123456789abcdef0123456789abcdef,synthetic-1-open_hand,29,protocol,synthetic-demo-contract-v1,True,4.920325557607981,5.0928901098251815,5.255080011739064,5.401397272787264,5.553280313560094,5.714733428499269,5.880147099612634,6.044522990480077
1700000000615000000,10615000000,124,123,123,0,0,,,,0,open_hand,hold,200.0,dev-0123456789abcdef0123456789abcdef,synthetic-1-open_hand,29,protocol,synthetic-demo-contract-v1,True,5.149133333393734,5.325944258465964,5.495556927423088,5.647978896068353,5.804751849830576,5.971199634979452,6.142146799713842,6.312446466159228
1700000000620000000,10620000000,125,124,124,0,0,,,,0,open_hand,hold,200.0,dev-0123456789abcdef0123456789abcdef,synthetic-1-open_hand,29,protocol,synthetic-demo-contract-v1,True,5.3778327105708446,5.558636347251137,5.735605270557832,5.894260590308094,6.055970728568306,6.227375428871163,6.4037996828858965,6.579982946654393
1700000000625000000,10625000000,126,125,125,0,0,,,,0,open_hand,hold,200.0,dev-0123456789abcdef0123456789abcdef,synthetic-1-open_hand,29,protocol,synthetic-demo-contract-v1,True,0.10638815066248268,0.15345934828660523,0.20019307766891886,0.22770552933653354,0.2569075251917621,0.29573622162058993,0.34008132430927984,0.38460584110192303
1700000000630000000,10630000000,127,126,126,0,0,,,,0,open_hand,hold,200.0,dev-0123456789abcdef0123456789abcdef,synthetic-1-open_hand,29,protocol,synthetic-demo-contract-v1,True,0.33476136230518216,0.38540777211503296,0.43929087006849266,0.47327780785307777,0.5075332705333742,0.5512581815197947,0.6009684214645018,0.6512898857105738
1700000000635000000,10635000000,128,127,127,0,0,,,,0,open_hand,hold,200.0,dev-0123456789abcdef0123456789abcdef,synthetic-1-open_hand,29,protocol,synthetic-demo-contract-v1,True,0.5629116632171013,0.6169774429185376,0.6778717824234366,0.7184426204332459,0.757819552239113,0.8064182939768432,0.8614388530066427,0.9175112150754942
1700000000640000000,10640000000,129,128,128,0,0,,,,0,open_hand,hold,200.0,dev-0123456789abcdef0123456789abcdef,synthetic-1-open_hand,29,protocol,synthetic-demo-contract-v1,True,0.7907964096424711,0.8481652671542396,0.9159116696383641,0.963166437611949,1.0077386177554843,1.061194420832596,1.1214717341966653,1.1832474289421893
1700000000645000000,10645000000,130,129,129,0,0,,,,0,open_hand,hold,200.0,dev-0123456789abcdef0123456789abcdef,synthetic-1-open_hand,29,protocol,synthetic-demo-contract-v1,True,1.018371485750852,1.0789690001446877,1.1533891914252206,1.2074171778117397,1.2572634784581727,1.315565358621173,1.3810474687934646,1.4484776542488942
1700000000650000000,10650000000,131,130,130,0,0,,,,0,open_hand,hold,200.0,dev-0123456789abcdef0123456789abcdef,synthetic-1-open_hand,29,protocol,synthetic-demo-contract-v1,True,1.245591844186879,1.309387015131453,1.3902858741720114,1.45116437389959,1.5063680144468905,1.5695108956630146,1.6401477973199643,1.7131826022914287
1700000000655000000,10655000000,132,131,131,0,0,,,,0,open_hand,hold,200.0,dev-0123456789abcdef0123456789abcdef,synthetic-1-open_hand,29,protocol,synthetic-demo-contract-v1,True,1.4724120878590046,1.539418079213439,1.6265861499665704,1.6943793331814416,1.755027079504033,1.8230118678711849,1.898755841625724,1.9773446208705143
1700000000660000000,10660000000,133,132,132,0,0,,,,0,open_hand,hold,200.0,dev-0123456789abcdef0123456789abcdef,synthetic-1-open_hand,29,protocol,synthetic-demo-contract-v1,True,1.6987870821471305,1.7690611404332297,1.8622773728745752,1.9370352896799408,2.003216605690838,2.076050213143309,2.156856145677514,2.2409477412977257
1700000000665000000,10665000000,134,133,133,0,0,,,,0,open_hand,hold,200.0,dev-0123456789abcdef0123456789abcdef,synthetic-1-open_hand,29,protocol,synthetic-demo-contract-v1,True,1.9246725860176632,1.9983151300476454,2.097349812811289,2.179107547587077,2.2509137070341176,2.328609024203322,2.4144347125180836,2.503977720152597
1700000000670000000,10670000000,135,134,134,0,0,,,,0,open_hand,hold,200.0,dev-0123456789abcdef0123456789abcdef,synthetic-1-open_hand,29,protocol,synthetic-demo-contract-v1,True,2.1500258900747586,2.227178783726392,2.3317966275809483,2.4205736148395793,2.4980967817395823,2.5806725997492537,2.671479037341975,2.7664220756999374
1700000000675000000,10675000000,136,135,135,0,0,,,,0,open_hand,hold,200.0,dev-0123456789abcdef0123456789abcdef,synthetic-1-open_hand,29,protocol,synthetic-demo-contract-v1,True,2.374806449357893,2.4556504850699086,2.565613813883524,2.661413325830372,2.744745612354437,2.8322264937555506,2.927978136645549,3.0282701188929826
1700000000680000000,10680000000,137,136,136,0,0,,,,0,open_hand,hold,200.0,dev-0123456789abcdef0123456789abcdef,synthetic-1-open_hand,29,protocol,synthetic-demo-contract-v1,True,2.598976498723167,2.683728134430023,2.798800138303146,2.9016089523436674,2.9908414632925773,3.083257562771231,3.1839225734165937,3.2895129789046544
1700000000685000000,10685000000,138,137,137,0,0,,,,0,open_hand,hold,200.0,dev-0123456789abcdef0123456789abcdef,synthetic-1-open_hand,29,protocol,synthetic-demo-contract-v1,True,2.822501638918544,2.911409045561275,3.0313570494932893,3.14114530188366,3.236367175130472,3.3337540110484323,3.4393044783368154,3.550143623145849
1700000000690000000,10690000000,139,138,138,0,0,,,,0,open_hand,hold,200.0,dev-0123456789abcdef0123456789abcdef,synthetic-1-open_hand,29,protocol,synthetic-demo-contract-v1,True,3.045351381976261,3.1386898721340777,3.26328857295846,3.3800098026566316,3.481307255080742,3.583705433329827,3.694117566978187,3.8101568717461607
1700000000695000000,10695000000,140,139,139,0,0,,,,0,open_hand,hold,200.0,dev-0123456789abcdef0123456789abcdef,synthetic-1-open_hand,29,protocol,synthetic-demo-contract-v1,True,3.2674996452887743,3.3655665656112888,3.4946011899986194,3.618192574562792,3.7256479630538073,3.833102855118131,3.9483571529817185,4.069549406488987
1700000000700000000,10700000000,141,140,140,0,0,,,,0,open_hand,hold,200.0,dev-0123456789abcdef0123456789abcdef,synthetic-1-open_hand,29,protocol,synthetic-demo-contract-v1,True,3.488925184692843,3.592034365435524,3.725303702528844,3.8556864856564323,3.9693773927255958,4.0819387702463965,4.202020157214406,4.328319774209147
1700000000705000000,10705000000,142,141,141,0,0,,,,0,open_hand,hold,200.0,dev-0123456789abcdef0123456789abcdef,synthetic-1-open_hand,29,protocol,synthetic-demo-contract-v1,True,3.7096119580405826,3.818087821904771,3.9554070856112684,4.092487193640208,4.212485547041455,4.330207175564351,4.455105112907307,4.586468384677306
1700000000710000000,10710000000,143,142,142,0,0,,,,0,open_hand,hold,200.0,dev-0123456789abcdef0123456789abcdef,synthetic-1-open_hand,29,protocol,synthetic-demo-contract-v1,True,3.9295494120631607,4.0437208515373655,4.184924329637651,4.328593172070442,4.454964407602868,4.5779036025535635,4.707612166784517,4.843997503011254
1700000000715000000,10715000000,144,143,143,0,0,,,,0,open_hand,hold,200.0,dev-0123456789abcdef0123456789abcdef,synthetic-1-open_hand,29,protocol,synthetic-demo-contract-v1,True,4.148732686805612,4.268926824153628,4.413870274177992,4.564005721064451,4.69680799740443,4.825025145682895,4.959543076199572,5.100911236669655
1700000000720000000,10720000000,145,144,144,0,0,,,,0,open_hand,hold,200.0,dev-0123456789abcdef0123456789abcdef,synthetic-1-open_hand,29,protocol,synthetic-demo-contract-v1,True,4.36716273350024,4.493698680339424,4.642261435562616,4.7987289624168845,4.938012436413686,5.071570487315638,5.210901202302373,5.357215517099088
1700000000725000000,10725000000,146,145,145,0,0,,,,0,open_hand,hold,200.0,dev-0123456789abcdef0123456789abcdef,synthetic-1-open_hand,29,protocol,synthetic-demo-contract-v1,True,4.584846343419106,4.718029077415591,4.870115830291549,5.0327698191489345,5.178575989515678,5.317539918980866,5.461691499266063,5.612918076119968
1700000000730000000,10730000000,147,146,146,0,0,,,,0,open_hand,hold,200.0,dev-0123456789abcdef0123456789abcdef,synthetic-1-open_hand,29,protocol,synthetic-demo-contract-v1,True,4.801796086969526,4.94191056152536,5.097452796365748,5.266137979631018,5.418499106377363,5.5629353588241015,5.711920499609602,5.868028417151391
1700000000735000000,10735000000,148,147,147,0,0,,,,0,open_hand,hold,200.0,dev-0123456789abcdef0123456789abcdef,synthetic-1-open_hand,29,protocol,synthetic-demo-contract-v1,True,5.018030164035251,5.165335762977601,5.324292814609905,5.498845846535062,5.657784452824165,5.807760365056315,5.961596295657886,6.122557781388904
1700000000740000000,10740000000,149,148,148,0,0,,,,0,open_hand,hold,200.0,dev-0123456789abcdef0123456789abcdef,synthetic-1-open_hand,29,protocol,synthetic-demo-contract-v1,True,5.233572168285157,5.388297611554641,5.550657332006496,5.730908470985742,5.896436933361652,6.052020145225628,6.21072851718727,6.376519109062655
1700000000745000000,10745000000,150,149,149,0,0,,,,0,open_hand,hold,200.0,dev-0123456789abcdef0123456789abcdef,synthetic-1-open_hand,29,protocol,synthetic-demo-contract-v1,True,5.448450769835934,5.610789568116489,5.7765685889865175,5.962343472390082,6.134463704519397,6.295721561142938,6.459328305310303,6.629926995916334
1700000000750000000,10750000000,151,150,150,0,0,,,,0,open_hand,hold,200.0,dev-0123456789abcdef0123456789abcdef,synthetic-1-open_hand,29,protocol,synthetic-demo-contract-v1,True,0.16269932223182687,0.19530586851448956,0.22704945252466638,0.2806709445305847,0.32187417874126734,0.3513731293010371,0.38240828265929316,0.42029764505981515
1700000000755000000,10755000000,152,151,151,0,0,,,,0,open_hand,hold,200.0,dev-0123456789abcdef0123456789abcdef,synthetic-1-open_hand,29,protocol,synthetic-demo-contract-v1,True,0.3763554011611576,0.4168417755720481,0.4521232567673058,0.5109133486076362,0.5586800185963625,0.5939850166365954,0.6299825199341837,0.6726488143601985
1700000000760000000,10760000000,153,152,152,0,0,,,,0,open_hand,hold,200.0,dev-0123456789abcdef0123456789abcdef,synthetic-1-open_hand,29,protocol,synthetic-demo-contract-v1,True,0.5894602836365604,0.6378938347022007,0.6768136527816195,0.740595394011454,0.7948951211371805,0.8360690314957269,0.87706649888586,0.9244997595472186
1700000000765000000,10765000000,154,153,153,0,0,,,,0,open_hand,hold,200.0,dev-0123456789abcdef0123456789abcdef,synthetic-1-open_hand,29,protocol,synthetic-demo-contract-v1,True,0.8020583774974852,0.8584601286145771,0.9011444688562251,0.9697439076914464,1.0305355922861954,1.0776386096766908,1.12367707181181,1.1758711732197076
1700000000770000000,10770000000,155,154,154,0,0,,,,0,open_hand,hold,200.0,dev-0123456789abcdef0123456789abcdef,synthetic-1-open_hand,29,protocol,synthetic-demo-contract-v1,True,1.0141966120264603,1.078540526519812,1.125139582608854,1.1983876930707735,1.2656197111882495,1.3187087954375327,1.3698324176466974,1.426785119949746
1700000000775000000,10775000000,156,155,155,0,0,,,,0,open_hand,hold,200.0,dev-0123456789abcdef0123456789abcdef,synthetic-1-open_hand,29,protocol,synthetic-demo-contract-v1,True,1.225923801186336,1.2981369232684745,1.3488228059681,1.4265573795254665,1.5001678845238262,1.559296217372185,1.615551994736121,1.6772649676905538
1700000000780000000,10780000000,157,156,156,0,0,,,,0,open_hand,hold,200.0,dev-0123456789abcdef0123456789abcdef,synthetic-1-open_hand,29,protocol,synthetic-demo-contract-v1,True,1.4372899914697632,1.5172534639638917,1.5722177838960156,1.6542852635100167,1.7342025908368501,1.7994190590756154,1.8608564903875078,1.9273353157028505
1700000000785000000,10785000000,158,157,157,0,0,,,,0,open_hand,hold,200.0,dev-0123456789abcdef0123456789abcdef,synthetic-1-open_hand,29,protocol,synthetic-demo-contract-v1,True,1.6483458065949224,1.7358967497623976,1.795347907509089,1.8816051424644145,1.9677483149898167,2.039097024536982,2.10576776729781,2.1770219192224496
1700000000790000000,10790000000,159,158,158,0,0,,,,0,open_hand,hold,200.0,dev-0123456789abcdef0123456789abcdef,synthetic-1-open_hand,29,protocol,synthetic-demo-contract-v1,True,1.8591418012782754,1.9540760208179935,2.0182362420396633,2.1085521426807237,2.200831472918334,2.2783512982193925,2.3503088069633873,2.4263516110991845
1700000000795000000,10795000000,160,159,159,0,0,,,,0,open_hand,hold,200.0,dev-0123456789abcdef0123456789abcdef,synthetic-1-open_hand,29,protocol,synthetic-demo-contract-v1,True,2.0697278360661038,2.171803312637474,2.2409054698607904,2.335162542340087,2.433480326916147,2.517204499805608,2.59450365018322,2.675352220643883
1700000000800000000,10800000000,161,160,160,0,0,,,,0,open_hand,hold,200.0,dev-0123456789abcdef0123456789abcdef,synthetic-1-open_hand,29,protocol,synthetic-demo-contract-v1,True,2.280152484717152,2.389093582482164,2.4633778485778133,2.5614735909533537,2.6657248917400245,2.7556806336108917,2.8383773347723875,2.924052489926053
1700000000805000000,10805000000,162,161,161,0,0,,,,0,open_hand,hold,200.0,dev-0123456789abcdef0123456789abcdef,synthetic-1-open_hand,29,protocol,synthetic-demo-contract-v1,True,2.4904624849089045,2.6059648028777818,2.685675183972327,2.787523326450115,2.897596831881016,2.9938050326869576,3.081955830608534,3.172481987770137
1700000000810000000,10810000000,163,162,162,0,0,,,,0,open_hand,hold,200.0,dev-0123456789abcdef0123456789abcdef,synthetic-1-open_hand,29,protocol,synthetic-demo-contract-v1,True,2.700702242104793,2.8224380197681747,2.9078188173714534,3.0133503911618327,3.129129350404242,3.231604297664627,3.3252659721399396,3.420671021702715
1700000000815000000,10815000000,164,163,163,0,0,,,,0,open_hand,hold,200.0,dev-0123456789abcdef0123456789abcdef,synthetic-1-open_hand,29,protocol,synthetic-demo-contract-v1,True,2.910913395288102,3.0385373733644285,3.1298296268102184,3.238993847934956,3.3603570698129985,3.4691062304071005,3.5683353884896145,3.668650548106799
1700000000820000000,10820000000,165,164,164,0,0,,,,0,open_hand,hold,200.0,dev-0123456789abcdef0123456789abcdef,synthetic-1-open_hand,29,protocol,synthetic-demo-contract-v1,True,3.121134451963813,3.2542900802902346,3.3517280411599457,3.464492997589696,3.5913159054443495,3.7063397625707255,3.8111924312957983,3.9164520808424603
1700000000825000000,10825000000,166,165,165,0,0,,,,0,open_hand,hold,200.0,dev-0123456789abcdef0123456789abcdef,synthetic-1-open_hand,29,protocol,synthetic-demo-contract-v1,True,3.3314004983786734,3.469726376198865,3.5735340662133397,3.689887198909574,3.8220429319518896,3.943334879195457,4.053866100435067,4.164107598595366
1700000000830000000,10830000000,167,166,166,0,0,,,,0,open_hand,hold,200.0,dev-0123456789abcdef0123456789abcdef,synthetic-1-open_hand,29,protocol,synthetic-demo-contract-v1,True,3.5417429893422767,3.68487941862793,3.795267321549782,3.9152156923065373,4.052576243476988,4.180122537472931,4.29638596778022,4.4116494512164985
1700000000835000000,10835000000,168,167,167,0,0,,,,0,open_hand,hold,200.0,dev-0123456789abcdef0123456789abcdef,synthetic-1-open_hand,29,protocol,synthetic-demo-contract-v1,True,3.7521896203796867,3.8997851504558976,4.016947086854255,4.140517428256582,4.282954808151803,4.4167345808658265,4.5387820991509376,4.659110265317236
1700000000840000000,10840000000,169,168,168,0,0,,,,0,open_hand,hold,200.0,dev-0123456789abcdef0123456789abcdef,synthetic-1-open_hand,29,protocol,synthetic-demo-contract-v1,True,3.9627642832431658,4.1144821249201735,4.2385923562323615,4.36583090154216,4.513218317615819,4.653203648778085,4.781084974621064,4.906522849384293
1700000000845000000,10845000000,170,169,169,0,0,,,,0,open_hand,hold,200.0,dev-0123456789abcdef0123456789abcdef,synthetic-1-open_hand,29,protocol,synthetic-demo-contract-v1,True,4.1734871040913974,4.329011293740855,4.4602218989535425,4.591193992270678,4.743407032261881,4.889563082001108,5.023325407352196,5.153920098678577
1700000000850000000,10850000000,171,170,170,0,0,,,,0,open_hand,hold,200.0,dev-0123456789abcdef0123456789abcdef,synthetic-1-open_hand,29,protocol,synthetic-demo-contract-v1,True,4.384374561944476,4.5434157604582195,4.681854324966407,4.816643814563828,4.97356162295781,5.125846824186463,5.265534461128892,5.40133490018092
1700000000855000000,10855000000,172,171,171,0,0,,,,0,open_hand,hold,200.0,dev-0123456789abcdef0123456789abcdef,synthetic-1-open_hand,29,protocol,synthetic-demo-contract-v1,True,4.595439683376525,4.757740501626699,4.903508153465096,5.042216573731184,5.203723010015135,5.362089319620398,5.507743366776523,5.648800037845946
1700000000860000000,10860000000,173,172,172,0,0,,,,0,open_hand,hold,200.0,dev-0123456789abcdef0123456789abcdef,synthetic-1-open_hand,29,protocol,synthetic-demo-contract-v1,True,4.806692307848602,4.97203205900529,5.125201882744593,5.267947432654145,5.43393220019726,5.5983254075996385,5.749983437648197,5.896348098422887
1700000000865000000,10865000000,174,173,173,0,0,,,,0,open_hand,hold,200.0,dev-0123456789abcdef0123456789abcdef,synthetic-1-open_hand,29,protocol,synthetic-demo-contract-v1,True,5.018139416644479,5.186338206336227,5.346954059566551,5.493870388013897,5.664230122575312,5.834590213731359,5.9922859843725735,6.144011378099196
1700000000870000000,10870000000,175,174,174,0,0,,,,0,open_hand,hold,200.0,dev-0123456789abcdef0123456789abcdef,synthetic-1-open_hand,29,protocol,synthetic-demo-contract-v1,True,5.229785517080097,5.400707594703342,5.568783346265436,5.720018156900441,5.894657464050693,6.070919038502494,6.234682229059482,6.39182179021913
1700000000875000000,10875000000,176,175,175,0,0,,,,0,open_hand,hold,200.0,dev-0123456789abcdef0123456789abcdef,synthetic-1-open_hand,29,protocol,synthetic-demo-contract-v1,True,-0.058366927459462384,-0.022310619197481167,0.015708583857869725,0.03392207423994743,0.07525450536922246,0.11984724348487749,0.15220321916522758,0.17731077432526854
1700000000880000000,10880000000,177,176,176,0,0,,,,0,open_hand,hold,200.0,dev-0123456789abcdef0123456789abcdef,synthetic-1-open_hand,29,protocol,synthetic-demo-contract-v1,True,0.15368296797872663,0.19233284273378964,0.23774884947519717,0.2606120013756439,0.30606095845224013,0.3564101355626367,0.3948797412240966,0.4255092067661199
1700000000885000000,10885000000,178,177,177,0,0,,,,0,open_hand,hold,200.0,dev-0123456789abcdef0123456789abcdef,synthetic-1-open_hand,29,protocol,synthetic-demo-contract-v1,True,0.3659349998065732,0.4071869881333862,0.45992350651996805,0.4876162460341323,0.5371158058654628,0.5931428495866862,0.6377422346569741,0.6739473131075763
1700000000890000000,10890000000,179,178,178,0,0,,,,0,open_hand,hold,200.0,dev-0123456789abcdef0123456789abcdef,synthetic-1-open_hand,29,protocol,synthetic-demo-contract-v1,True,0.5783883786362337,0.622300159601369,0.6822522460502543,0.7149614938055997,0.7684571432366161,0.8300802298782072,0.8808207058720295,0.9226545825800894
1700000000895000000,10895000000,180,179,179,0,0,,,,0,open_hand,hold,200.0,dev-0123456789abcdef0123456789abcdef,synthetic-1-open_hand,29,protocol,synthetic-demo-contract-v1,True,0.7910422330960082,0.837719642443928,0.9047551180199545,0.9426727511636156,1.0001220254179422,1.0672567110181088,1.1241446428761188,1.1716596847869851
1700000000900000000,10900000000,181,180,180,0,0,,,,0,open_hand,hold,200.0,dev-0123456789abcdef0123456789abcdef,synthetic-1-open_hand,29,protocol,synthetic-demo-contract-v1,True,1.0038961029568914,1.0534912797381166,1.127452551147138,1.1707732999492844,1.2321463171697684,1.3047061983728516,1.3677429306188242,1.4209903888924005
1700000000905000000,10905000000,182,181,181,0,0,,,,0,open_hand,hold,200.0,dev-0123456789abcdef0123456789abcdef,synthetic-1-open_hand,29,protocol,synthetic-demo-contract-v1,True,1.216950410061581,1.2696590996407315,1.350365360344081,1.399284663146305,1.4645645491165136,1.542461948818389,1.611643767293904,1.6706734854999103
1700000000910000000,10910000000,183,182,182,0,0,,,,0,open_hand,hold,200.0,dev-0123456789abcdef0123456789abcdef,synthetic-1-open_hand,29,protocol,synthetic-demo-contract-v1,True,1.430206896042472,1.4862649597035347,1.573514740819927,1.6282265816789387,1.6974097796969716,1.7805564521332997,1.855874581825276,1.9207347114250357
1700000000915000000,10915000000,184,183,183,0,0,,,,0,open_hand,hold,200.0,dev-0123456789abcdef0123456789abcdef,synthetic-1-open_hand,29,protocol,synthetic-demo-contract-v1,True,1.6436690165386532,1.7033482127264243,1.7969222481576008,1.857617001874892,1.9307134637966503,2.0190213135393043,2.1004619527665054,2.1711986775565095
1700000000920000000,10920000000,185,184,184,0,0,,,,0,open_hand,hold,200.0,dev-0123456789abcdef0123456789abcdef,synthetic-1-open_hand,29,protocol,synthetic-demo-contract-v1,True,1.857342282559246,1.920945398381973,2.020609763868281,2.0874720731505048,2.164505328711595,2.2578871378722516,2.3454315288440384,2.422088799992452
1700000000925000000,10925000000,186,185,185,0,0,,,,0,open_hand,hold,200.0,dev-0123456789abcdef0123456789abcdef,synthetic-1-open_hand,29,protocol,synthetic-demo-contract-v1,True,2.071234540772393,2.1390899644835555,2.244599446136835,2.317806155397212,2.398813258050757,2.4971834158691935,2.5908079513751288,2.6734272346284893
1700000000930000000,10930000000,187,186,186,0,0,,,,0,open_hand,hold,200.0,dev-0123456789abcdef0123456789abcdef,synthetic-1-open_hand,29,protocol,synthetic-demo-contract-v1,True,2.285356185802512,2.3578120213505103,2.4689136656874235,2.5486318354766766,2.633663184137856,2.7369384130573295,2.8366147787914358,2.925234815365369
1700000000935000000,10935000000,188,187,187,0,0,,,,0,open_hand,hold,200.0,dev-0123456789abcdef0123456789abcdef,synthetic-1-open_hand,29,protocol,synthetic-demo-contract-v1,True,2.499720299066413,2.577138132253915,2.693574926917252,2.7799599521679528,2.8690789894241857,2.977179061728322,3.082874413498691,3.1775309960938056
1700000000940000000,10940000000,189,188,188,0,0,,,,0,open_hand,hold,200.0,dev-0123456789abcdef0123456789abcdef,synthetic-1-open_hand,29,protocol,synthetic-demo-contract-v1,True,2.7143427102417523,2.7970911424126843,2.918605774665367,3.0117996288540594,3.1050824173712024,3.2179308564766944,3.3296080313014893,3.4303337966041
1700000000945000000,10945000000,190,189,189,0,0,,,,0,open_hand,hold,200.0,dev-0123456789abcdef0123456789abcdef,synthetic-1-open_hand,29,protocol,synthetic-demo-contract-v1,True,2.929241979107183,3.017690048459831,3.1440286871996554,3.2441583131879415,3.3416929932065145,3.4592177537738418,3.576835513620263,3.6836597525577037
1700000000950000000,10950000000,191,190,190,0,0,,,,0,open_hand,hold,200.0,dev-0123456789abcdef0123456789abcdef,synthetic-1-open_hand,29,protocol,synthetic-demo-contract-v1,True,3.144439297188458,3.238949909721115,3.369865956216015,3.4770418229392677,3.5789279548992514,3.701062076039368,3.8245753827246616,3.937523869647113
1700000000955000000,10955000000,192,191,191,0,0,,,,0,open_hand,hold,200.0,dev-0123456789abcdef0123456789abcdef,synthetic-1-open_hand,29,protocol,synthetic-demo-contract-v1,True,3.359958310354175,3.4608818020519596,3.596139554846288,3.710454397194255,3.816802194641318,3.9434844206593094,4.072844740204009,4.191939582059542
1700000000960000000,10960000000,193,192,192,0,0,,,,0,open_hand,hold,200.0,dev-0123456789abcdef0123456789abcdef,synthetic-1-open_hand,29,protocol,synthetic-demo-contract-v1,True,3.5758248651935505,3.6834928143724315,3.822870994863385,3.9443987520608186,4.055328211060071,4.186503574386091,4.321659208891128,4.446918715348642
1700000000965000000,10965000000,194,193,193,0,0,,,,0,open_hand,hold,200.0,dev-0123456789abcdef0123456789abcdef,synthetic-1-open_hand,29,protocol,synthetic-demo-contract-v1,True,3.792066683642035,3.906786087433652,4.050081174450554,4.178876140020986,4.294516072325841,4.430136433537983,4.5710328784505805,4.702471453807101
1700000000970000000,10970000000,195,194,194,0,0,,,,0,open_hand,hold,200.0,dev-0123456789abcdef0123456789abcdef,synthetic-1-open_hand,29,protocol,synthetic-demo-contract-v1,True,4.008712971865174,4.13076089375142,4.277790218064613,4.41388641207163,4.5343733902551,4.674397930396392,4.820978254836371,4.958606312421458
1700000000975000000,10975000000,196,195,195,0,0,,,,0,open_hand,hold,200.0,dev-0123456789abcdef0123456789abcdef,synthetic-1-open_hand,29,protocol,synthetic-demo-contract-v1,True,4.225793970835153,4.355412757063282,4.506017310068045,4.649428081803124,4.77490530544708,4.919300966177557,5.071506213817214,5.215330113478648
1700000000980000000,10980000000,197,196,196,0,0,,,,0,open_hand,hold,200.0,dev-0123456789abcdef0123456789abcdef,synthetic-1-open_hand,29,protocol,synthetic-demo-contract-v1,True,4.443340457308679,4.580733609112588,4.734780523930191,4.8854983905832015,5.016114483429057,5.164856350931319,5.32262595875971,5.472647967882029
1700000000985000000,10985000000,198,197,197,0,0,,,,0,open_hand,hold,200.0,dev-0123456789abcdef0123456789abcdef,synthetic-1-open_hand,29,protocol,synthetic-demo-contract-v1,True,4.661383205013063,4.806711981045749,4.964096648901733,5.122093373040051,5.258001121723463,5.4110727506936,5.574344982851183,5.7305632612226605
1700000000990000000,10990000000,199,198,198,0,0,,,,0,open_hand,hold,200.0,dev-0123456789abcdef0123456789abcdef,synthetic-1-open_hand,29,protocol,synthetic-demo-contract-v1,True,4.879952416746754,5.03333322623457,5.193981016147615,5.359207922073696,5.500562967689016,5.65795664219115,5.82666903593436,5.989077644639516
1700000000995000000,10995000000,200,199,199,0,0,,,,0,open_hand,hold,200.0,dev-0123456789abcdef0123456789abcdef,synthetic-1-open_hand,29,protocol,synthetic-demo-contract-v1,True,5.099077138782845,5.260579770911836,5.424447326380716,5.596835852668104,5.7437953469287,5.905512275367309,6.07960209611579,6.248191030490293
1700000001000000000,11000000000,201,200,200,0,0,,,,0,open_hand,hold,200.0,dev-0123456789abcdef0123456789abcdef,synthetic-1-open_hand,29,protocol,synthetic-demo-contract-v1,True,-0.18121533058524514,-0.14906861135885802,-0.11949251892937471,-0.07753003617293965,-0.062308798000194926,-0.033758356034131,0.00814634629863355,0.045401592842309754
1700000001005000000,11005000000,202,201,201,0,0,,,,0,open_hand,hold,200.0,dev-0123456789abcdef0123456789abcdef,synthetic-1-open_hand,29,protocol,synthetic-demo-contract-v1,True,0.03909997369306988,0.07936549433724029,0.11217141930871334,0.1611020980146191,0.18224114110603404,0.21514446437695134,0.2623021557784462,0.30570577278084327
1700000001010000000,11010000000,203,202,202,0,0,,,,0,open_hand,hold,200.0,dev-0123456789abcdef0123456789abcdef,synthetic-1-open_hand,29,protocol,synthetic-demo-contract-v1,True,0.2600451163668821,0.3083574533152426,0.34444696239168165,0.4002231975446077,0.4274334963990101,0.46471816291420864,0.5170680670276822,0.5665982885201566
1700000001015000000,11015000000,204,203,203,0,0,,,,0,open_hand,hold,200.0,dev-0123456789abcdef0123456789abcdef,synthetic-1-open_hand,29,protocol,synthetic-demo-contract-v1,True,0.4816387247622188,0.5378809006794474,0.5773396681413265,0.6398233574330336,0.6732543914669231,0.7149578716568281,0.7724407877809958,0.8280721502903563
1700000001020000000,11020000000,205,204,204,0,0,,,,0,open_hand,hold,200.0,dev-0123456789abcdef0123456789abcdef,synthetic-1-open_hand,29,protocol,synthetic-demo-contract-v1,True,0.7038954928098805,0.767908066267756,0.8108526969084955,0.8798918743010359,0.9196878175417073,0.9658564329528885,1.0284151885189867,1.090118679961212
1700000001025000000,11025000000,206,205,205,0,0,,,,0,open_hand,hold,200.0,dev-0123456789abcdef0123456789abcdef,synthetic-1-open_hand,29,protocol,synthetic-demo-contract-v1,True,0.9268257366854369,0.998410100346876,1.044986691115036,1.120417290993682,1.1667157179134127,1.2174044126428418,1.2849843054328687,1.3527275353521129
1700000001030000000,11030000000,207,206,206,0,0,,,,0,open_hand,hold,200.0,dev-0123456789abcdef0123456789abcdef,synthetic-1-open_hand,29,protocol,synthetic-demo-contract-v1,True,1.150435011560312,1.2293573953069075,1.2797396700698573,1.3613874366604128,1.414318080001567,1.4695901220234198,1.5421393489366817,1.615886739165521
1700000001035000000,11035000000,208,207,207,0,0,,,,0,open_hand,hold,200.0,dev-0123456789abcdef0123456789abcdef,synthetic-1-open_hand,29,protocol,synthetic-demo-contract-v1,True,1.3747237978041689,1.4607198987304235,1.5151069416553482,1.6027894621253853,1.6624730344985394,1.7223996485333004,1.79986971777716,1.879582712469554
1700000001040000000,11040000000,209,208,208,0,0,,,,0,open_hand,hold,200.0,dev-0123456789abcdef0123456789abcdef,synthetic-1-open_hand,29,protocol,synthetic-demo-contract-v1,True,1.5996872636485326,1.692467413408633,1.7510810323199473,1.844609870459431,1.9111569609694339,1.9758168951026363,2.0581630187742395,2.1438003126438083
1700000001045000000,11045000000,210,209,209,0,0,,,,0,open_hand,hold,200.0,dev-0123456789abcdef0123456789abcdef,synthetic-1-open_hand,29,protocol,synthetic-demo-contract-v1,True,1.825315109846599,1.9245698801423776,1.9876516366333945,2.0868345427488877,2.1603445992670114,2.2298236280692243,2.317005092207534,2.4085228756911357
1700000001050000000,11050000000,211,210,210,0,0,,,,0,open_hand,hold,200.0,dev-0123456789abcdef0123456789abcdef,synthetic-1-open_hand,29,protocol,synthetic-demo-contract-v1,True,2.0515915002742786,2.156997639494212,2.224805587465272,2.329448759139208,2.4100091660986993,2.4843995335249263,2.576380042845926,2.6737322628069395
1700000001055000000,11055000000,212,211,211,0,0,,,,0,open_hand,hold,200.0,dev-0123456789abcdef0123456789abcdef,synthetic-1-open_hand,29,protocol,synthetic-demo-contract-v1,True,2.2784950807448427,2.389721669044376,2.4625268476370428,2.5724372153121027,2.660122476065984,2.7395222819170972,2.8362702765988215,2.939408911086587
1700000001060000000,11060000000,213,212,212,0,0,,,,0,open_hand,hold,200.0,dev-0123456789abcdef0123456789abcdef,synthetic-1-open_hand,29,protocol,synthetic-demo-contract-v1,True,2.5059990865879365,2.6227137931418687,2.700796523675476,2.815784034633101,2.9106550664844923,2.995167600691512,3.0966565427486588,3.205531888240851
1700000001065000000,11065000000,214,213,213,0,0,,,,0,open_hand,hold,200.0,dev-0123456789abcdef0123456789abcdef,synthetic-1-open_hand,29,protocol,synthetic-demo-contract-v1,True,2.7340715378079907,2.8559468626249975,2.9395929020636107,3.0594727762809244,3.1615763252857825,3.2513093547257275,3.35751798170494,3.4720789511788364
1700000001070000000,11070000000,215,214,214,0,0,,,,0,open_hand,hold,200.0,dev-0123456789abcdef0123456789abcdef,synthetic-1-open_hand,29,protocol,synthetic-demo-contract-v1,True,2.962675518922458,3.0893949025061502,3.178891508147132,3.3034864397401833,3.4128546212994175,3.507919634265306,3.6188321782006008,3.739026608307739
1700000001075000000,11075000000,216,215,215,0,0,,,,0,open_hand,hold,200.0,dev-0123456789abcdef0123456789abcdef,synthetic-1-open_hand,29,protocol,synthetic-demo-contract-v1,True,3.1917695389213385,3.3230332261646454,3.4186651876118437,3.5478074661037047,3.664457436216057,3.7649688500398564,3.8805752198318277,4.006350185388908
1700000001080000000,11080000000,217,216,216,0,0,,,,0,open_hand,hold,200.0,dev-0123456789abcdef0123456789abcdef,synthetic-1-open_hand,29,protocol,synthetic-demo-contract-v1,True,3.4213079652199903,3.5568385151608015,3.658884210204904,3.792417736689733,3.9163514975391687,4.0224258352018945,4.142721760822703,4.274023894780241
1700000001085000000,11085000000,218,217,217,0,0,,,,0,open_hand,hold,200.0,dev-0123456789abcdef0123456789abcdef,synthetic-1-open_hand,29,protocol,synthetic-demo-contract-v1,True,3.651241524028781,3.7907888643647305,3.8995163951313354,4.03729856953144,4.168502911844244,4.280257953698959,4.4052450908763205,4.542020907885742
1700000001090000000,11090000000,219,218,218,0,0,,,,0,open_hand,hold,200.0,dev-0123456789abcdef0123456789abcdef,synthetic-1-open_hand,29,protocol,synthetic-demo-contract-v1,True,3.881517858265239,4.024863792675577,4.140527257321057,4.28243071434119,4.420877297680098,4.538431214658697,4.668117208954338,4.810313430624382
1700000001095000000,11095000000,220,219,219,0,0,,,,0,open_hand,hold,200.0,dev-0123456789abcdef0123456789abcdef,synthetic-1-open_hand,29,protocol,synthetic-demo-contract-v1,True,4.11208213301319,4.259044220181911,4.381880173533042,4.5277943465892685,4.673439917466644,4.7969103923377565,4.9313089018074745,5.0788727817219845
1700000001100000000,11100000000,221,220,220,0,0,,,,0,open_hand,hold,200.0,dev-0123456789abcdef0123456789abcdef,synthetic-1-open_hand,29,protocol,synthetic-demo-contract-v1,True,4.342877677611584,4.493312413172459,4.623536567044907,4.773369061365733,4.926155807767277,5.05565915115849,5.1947898270601955,5.347669473621938
1700000001105000000,11105000000,222,221,221,0,0,,,,0,open_hand,hold,200.0,dev-0123456789abcdef0123456789abcdef,synthetic-1-open_hand,29,protocol,synthetic-demo-contract-v1,True,4.573846652752075,4.727651898939699,4.865456109471014,5.019133867714624,5.178989907341511,5.314640175332898,5.458528600633944,5.616673295803074
1700000001110000000,11110000000,223,222,222,0,0,,,,0,open_hand,hold,200.0,dev-0123456789abcdef0123456789abcdef,synthetic-1-open_hand,29,protocol,synthetic-demo-contract-v1,True,4.804930730492964,4.9620473528184865,5.10759693806226,5.265067184141348,5.431907182414372,5.573815302550971,5.722492888274821,5.885853400285958
1700000001115000000,11115000000,224,223,223,0,0,,,,0,open_hand,hold,200.0,dev-0123456789abcdef0123456789abcdef,synthetic-1-open_hand,29,protocol,synthetic-demo-contract-v1,True,5.0360717748674535,5.196484460360013,5.349915886668682,5.511146835996724,5.684872748633053,5.833145661190777,5.986649500933648,6.155178389102318
1700000001120000000,11120000000,225,224,224,0,0,,,,0,open_hand,hold,200.0,dev-0123456789abcdef0123456789abcdef,synthetic-1-open_hand,29,protocol,synthetic-demo-contract-v1,True,5.267212510780883,5.430949757950756,5.592368728393621,5.757350055434887,5.937851989218259,6.092591810490491,6.250964493729013,6.424616403496297
1700000001125000000,11125000000,226,225,225,0,0,,,,0,open_hand,hold,200.0,dev-0123456789abcdef0123456789abcdef,synthetic-1-open_hand,29,protocol,synthetic-demo-contract-v1,True,-0.001702830845900621,0.027930455540268153,0.059910427837508634,0.09115348462670236,0.1408106688569224,0.1646138831079612,0.1904032682071969,0.23163521462065476
1700000001130000000,11130000000,227,226,226,0,0,,,,0,open_hand,hold,200.0,dev-0123456789abcdef0123456789abcdef,synthetic-1-open_hand,29,protocol,synthetic-demo-contract-v1,True,0.22927209677327318,0.2624142454349938,0.30249540072178893,0.3375331828861614,0.39371504292449017,0.424171729481706,0.45493067759706457,0.501202315486055
1700000001135000000,11135000000,228,227,227,0,0,,,,0,open_hand,hold,200.0,dev-0123456789abcdef0123456789abcdef,synthetic-1-open_hand,29,protocol,synthetic-demo-contract-v1,True,0.4600863200396103,0.49688910134328096,0.5450777786004406,0.5839646383341115,0.646531961668196,0.6837250633982545,0.7195111347428671,0.770785013917142
1700000001140000000,11140000000,229,228,228,0,0,,,,0,open_hand,hold,200.0,dev-0123456789abcdef0123456789abcdef,synthetic-1-open_hand,29,protocol,synthetic-demo-contract-v1,True,0.6906920527608982,0.7313430720157131,0.7876116763089986,0.8304227846823866,0.899228969027416,0.9432336081647065,0.9841087223838899,1.0403505262652475
1700000001145000000,11145000000,230,229,229,0,0,,,,0,open_hand,hold,200.0,dev-0123456789abcdef0123456789abcdef,synthetic-1-open_hand,29,protocol,synthetic-demo-contract-v1,True,0.9210451392710374,0.9657640739123288,1.0300514597695534,1.0768820236719785,1.151774395812844,1.2026572427822286,1.2486873054367373,1.309866071624265
1700000001150000000,11150000000,231,230,230,0,0,,,,0,open_hand,hold,200.0,dev-0123456789abcdef0123456789abcdef,synthetic-1-open_hand,29,protocol,synthetic-demo-contract-v1,True,1.1511054254805098,1.2001396873428825,1.2723520117653704,1.3233162536420844,1.4041374470125658,1.461956147516001,1.5132106449240716,1.57929896629357
1700000001155000000,11155000000,232,231,231,0,0,,,,0,open_hand,hold,200.0,dev-0123456789abcdef0123456789abcdef,synthetic-1-open_hand,29,protocol,synthetic-demo-contract-v1,True,1.380837051923186,1.4344569604677695,1.5144689933205273,1.5696989046430752,1.6562882830396854,1.7210909482598413,1.7776425131827742,1.8486167182297921
1700000001160000000,11160000000,233,232,232,0,0,,,,0,open_hand,hold,200.0,dev-0123456789abcdef0123456789abcdef,synthetic-1-open_hand,29,protocol,synthetic-demo-contract-v1,True,1.6102086644432665,1.6687022254165436,1.756359098368093,1.8160029804364195,1.9081980947826225,1.9800228590993945,2.0419468099749003,2.117787121227823
1700000001165000000,11165000000,234,233,233,0,0,,,,0,open_hand,hold,200.0,dev-0123456789abcdef0123456789abcdef,synthetic-1-open_hand,29,protocol,synthetic-demo-contract-v1,True,1.8391935398282881,1.9028609305801194,1.99798029946425,2.062201107648958,2.159839172365173,2.2387138224862757,2.3060876791164513,2.3867783485706315
1700000001170000000,11170000000,235,234,234,0,0,,,,0,open_hand,hold,200.0,dev-0123456789abcdef0123456789abcdef,synthetic-1-open_hand,29,protocol,synthetic-demo-contract-v1,True,2.0677696254063025,2.136917492865019,2.2392920824045826,2.308265592268575,2.4111849675685537,2.4971266464469672,2.570029625232049,2.6555590458873373
1700000001175000000,11175000000,236,235,235,0,0,,,,0,open_hand,hold,200.0,dev-0123456789abcdef0123456789abcdef,synthetic-1-open_hand,29,protocol,synthetic-demo-contract-v1,True,2.2959194933525944,2.370855173367533,2.480255667721242,2.5541684835839553,2.662210149911577,2.755225138264398,2.8337376302380037,2.9240984229595206
1700000001180000000,11180000000,237,236,236,0,0,,,,0,open_hand,hold,200.0,dev-0123456789abcdef0123456789abcdef,synthetic-1-open_hand,29,protocol,synthetic-demo-contract-v1,True,2.523630212158663,2.604655979537688,2.7208342171844575,2.799881645583708,2.912890656427454,3.012974234087003,3.097177269152154,3.192366344216902
1700000001185000000,11185000000,238,237,237,0,0,,,,0,open_hand,hold,200.0,dev-0123456789abcdef0123456789abcdef,synthetic-1-open_hand,29,protocol,synthetic-demo-contract-v1,True,2.750893139368863,2.8383005964635677,2.9609930235971427,3.0453768357405497,3.163203735216283,3.270340123939515,3.3603148248262453,3.460333417665444
1700000001190000000,11190000000,239,238,238,0,0,,,,0,open_hand,hold,200.0,dev-0123456789abcdef0123456789abcdef,synthetic-1-open_hand,29,protocol,synthetic-demo-contract-v1,True,2.9777036412545814,3.071768349422721,3.2006996823551197,3.290625791015446,3.4131279828905905,3.527290371631715,3.623117401195475,3.7279710819934273
1700000001195000000,11195000000,240,239,239,0,0,,,,0,open_hand,hold,200.0,dev-0123456789abcdef0123456789abcdef,synthetic-1-open_hand,29,protocol,synthetic-demo-contract-v1,True,3.204060746540346,3.305037199326817,3.4399242434456876,3.5356003208255546,3.66264337606727,3.783794029085705,3.8855530346403575,3.995251691604337
1700000001200000000,11200000000,241,240,240,0,0,,,,0,open_hand,hold,200.0,dev-0123456789abcdef0123456789abcdef,synthetic-1-open_hand,29,protocol,synthetic-demo-contract-v1,True,3.4299667425914824,3.538083772136493,3.678639342771257,3.7802724066294244,3.9117312970924303,4.039821744628837,4.147590803058007,4.262148599329267
1700000001205000000,11205000000,242,241,241,0,0,,,,0,open_hand,hold,200.0,dev-0123456789abcdef0123456789abcdef,synthetic-1-open_hand,29,protocol,synthetic-demo-contract-v1,True,3.6554267235927265,3.7708834227543018,3.916820311910354,4.024614307694253,4.160374554216054,4.295345864828143,4.409200932243678,4.528636236576203
1700000001210000000,11210000000,243,242,242,0,0,,,,0,open_hand,hold,200.0,dev-0123456789abcdef0123456789abcdef,synthetic-1-open_hand,29,protocol,synthetic-demo-contract-v1,True,3.8804481011687666,4.003410333323658,4.154445265662379,4.268598672523912,4.408557396460525,4.550340529472696,4.670354899188539,4.79469019067882
1700000001215000000,11215000000,244,243,243,0,0,,,,0,open_hand,hold,200.0,dev-0123456789abcdef0123456789abcdef,synthetic-1-open_hand,29,protocol,synthetic-demo-contract-v1,True,4.105040088602559,4.235637645280015,4.391495166962652,4.512198655343984,4.656265523451017,4.804781759342728,4.931025531906591,5.060287279213424
1700000001220000000,11220000000,245,244,244,0,0,,,,0,open_hand,hold,200.0,dev-0123456789abcdef0123456789abcdef,synthetic-1-open_hand,29,protocol,synthetic-demo-contract-v1,True,4.3292131702811805,4.4675376239262885,4.627953868997384,4.755388036962001,4.903486090496314,5.0586475364383325,5.191187105412017,5.325405621059294
1700000001225000000,11225000000,246,245,245,0,0,,,,0,open_hand,hold,200.0,dev-0123456789abcdef0123456789abcdef,synthetic-1-open_hand,29,protocol,synthetic-demo-contract-v1,True,4.552978568232496,4.699081853746965,4.863808134591515,4.998141349248366,5.150207709225524,5.3119178763759045,5.450815433478353,5.5900247039850814
1700000001230000000,11230000000,247,246,246,0,0,,,,0,open_hand,hold,200.0,dev-0123456789abcdef0123456789abcdef,synthetic-1-open_hand,29,protocol,synthetic-demo-contract-v1,True,4.776347717604525,4.930241462143173,5.099047633182925,5.240434002416902,5.396420444099636,5.564574892697122,5.7098879558224,5.854125448551816
1700000001235000000,11235000000,248,247,247,0,0,,,,0,open_hand,hold,200.0,dev-0123456789abcdef0123456789abcdef,synthetic-1-open_hand,29,protocol,synthetic-demo-contract-v1,True,4.9993317626835365,5.160987368772805,5.333664915931569,5.482242414224339,5.642115805126637,5.816602852872831,5.968383820369031,6.1176902681318355
1700000001240000000,11240000000,249,248,248,0,0,,,,0,open_hand,hold,200.0,dev-0123456789abcdef0123456789abcdef,synthetic-1-open_hand,29,protocol,synthetic-demo-contract-v1,True,5.22194108455188,5.391290557223415,5.567655369738733,5.723544140155924,5.887286737114964,6.06798822582263,6.22628396026762,6.380703124852113
1700000001245000000,11245000000,250,249,249,0,0,,,,0,open_hand,hold,200.0,dev-0123456789abcdef0123456789abcdef,synthetic-1-open_hand,29,protocol,synthetic-demo-contract-v1,True,5.444184870762987,5.62112236533841,5.801017151167278,5.964318003620581,6.1319276058027175,6.318719720809938,6.483571165346977,6.643149581280471
1700000001250000000,11250000000,251,250,250,0,0,,,,0,open_hand,hold,200.0,dev-0123456789abcdef0123456789abcdef,synthetic-1-open_hand,29,protocol,synthetic-demo-contract-v1,True,0.16607073647349124,0.21295479016560806,0.25875110145592284,0.29204422514394385,0.3260341811989324,0.3812883176117546,0.41523014771320155,0.44251684768363375
1700000001255000000,11255000000,252,251,251,0,0,,,,0,open_hand,hold,200.0,dev-0123456789abcdef0123456789abcdef,synthetic-1-open_hand,29,protocol,synthetic-demo-contract-v1,True,0.38760440534067453,0.4417608032070554,0.49086064400686247,0.5317045495217176,0.5696036184687803,0.6306872879018818,0.6712476012137447,0.7037938246971724
1700000001260000000,11260000000,253,252,252,0,0,,,,0,open_hand,hold,200.0,dev-0123456789abcdef0123456789abcdef,synthetic-1-open_hand,29,protocol,synthetic-demo-contract-v1,True,0.6087894571905103,0.6700146714249824,0.7223516658942671,0.7707823698795667,0.8126344366867264,0.8794122078259197,0.9266122545111498,0.9644711412590894
1700000001265000000,11265000000,254,253,253,0,0,,,,0,open_hand,hold,200.0,dev-0123456789abcdef0123456789abcdef,synthetic-1-open_hand,29,protocol,synthetic-demo-contract-v1,True,0.8296271480144616,0.8976922793044981,0.95323238508952,1.0092628475793404,1.0551264957706814,1.1274609617856814,1.1813149175313589,1.224541187670987
1700000001270000000,11270000000,255,254,254,0,0,,,,0,open_hand,hold,200.0,dev-0123456789abcdef0123456789abcdef,synthetic-1-open_hand,29,protocol,synthetic-demo-contract-v1,True,1.0501163062915,1.1247714471917405,1.1835132052256754,1.247133026915058,1.297080971896151,1.3748337374895148,1.4353485210740213,1.4839981436635006
1700000001275000000,11275000000,256,255,255,0,0,,,,0,open_hand,hold,200.0,dev-0123456789abcdef0123456789abcdef,synthetic-1-open_hand,29,protocol,synthetic-demo-contract-v1,True,1.2702533079877014,1.3512322411181623,1.4132065598272487,1.4843819435558532,1.5385003316725774,1.6215330123632403,1.6887081493958618,1.7428380013558904
1700000001280000000,11280000000,257,256,256,0,0,,,,0,open_hand,hold,200.0,dev-0123456789abcdef0123456789abcdef,synthetic-1-open_hand,29,protocol,synthetic-demo-contract-v1,True,1.4900321308930118,1.577057269387794,1.6423267480108763,1.7210007257169302,1.7793883053446797,1.867563531453801,1.9413910656027649,2.0010585830133767
1700000001285000000,11285000000,258,257,257,0,0,,,,0,open_hand,hold,200.0,dev-0123456789abcdef0123456789abcdef,synthetic-1-open_hand,29,protocol,synthetic-demo-contract-v1,True,1.7094444872480896,1.8022319613438447,1.8708897637168322,1.9569826870734315,2.0197498592598655,2.1129322769940444,2.1933967297117194,2.2586595535198994
1700000001290000000,11290000000,259,258,258,0,0,,,,0,open_hand,hold,200.0,dev-0123456789abcdef0123456789abcdef,synthetic-1-open_hand,29,protocol,synthetic-demo-contract-v1,True,1.9284800319286224,2.0267448239419066,2.0989131205603284,2.192323410475732,2.2595911678190435,2.3576484298321962,2.44472680927003,2.5156424274984914
1700000001295000000,11295000000,260,259,259,0,0,,,,0,open_hand,hold,200.0,dev-0123456789abcdef0123456789abcdef,synthetic-1-open_hand,29,protocol,synthetic-demo-contract-v1,True,2.147126641824746,2.2505876720362394,2.3264156743947444,2.427020821577712,2.498919585102619,2.601723322963321,2.69538518244617,2.7720105710263248
1700000001300000000,11300000000,261,260,260,0,0,,,,0,open_hand,hold,200.0,dev-0123456789abcdef0123456789abcdef,synthetic-1-open_hand,29,protocol,synthetic-demo-contract-v1,True,2.365370760512688,2.4737558286289882,2.5534174456565606,2.6610752515516687,2.7377436163364637,2.8451703874322383,2.945377933534163,3.027769197906648
1700000001305000000,11305000000,262,261,261,0,0,,,,0,open_hand,hold,200.0,dev-0123456789abcdef0123456789abcdef,synthetic-1-open_hand,29,protocol,synthetic-demo-contract-v1,True,2.5831978008961674,2.696248291734532,2.779939443514255,2.8944894881341554,2.976072889334519,3.0880050909078505,3.194713340841392,3.2829253604753217
1700000001310000000,11310000000,263,262,262,0,0,,,,0,open_hand,hold,200.0,dev-0123456789abcdef0123456789abcdef,synthetic-1-open_hand,29,protocol,synthetic-demo-contract-v1,True,2.8005925972255783,2.9180678649664897,3.006003493771461,3.1272688143255936,3.213918126025724,3.330244869257473,3.443401856958079,3.537487934935355
1700000001315000000,11315000000,264,263,263,0,0,,,,0,open_hand,hold,200.0,dev-0123456789abcdef0123456789abcdef,synthetic-1-open_hand,29,protocol,synthetic-demo-contract-v1,True,3.0175398968097413,3.139221249456186,3.2316320723793392,3.359421034152375,3.4512911141434914,3.5719090514763696,3.691456081435255,3.791467601228739
1700000001320000000,11320000000,265,264,264,0,0,,,,0,open_hand,hold,200.0,dev-0123456789abcdef0123456789abcdef,synthetic-1-open_hand,29,protocol,synthetic-demo-contract-v1,True,3.2340248808405625,3.3597190952511498,3.456848146295764,3.590956484992569,3.6882046791263585,3.813018778352302,3.938890725926771,4.0448768174709535
1700000001325000000,11325000000,266,265,265,0,0,,,,0,open_hand,hold,200.0,dev-0123456789abcdef0123456789abcdef,synthetic-1-open_hand,29,protocol,synthetic-demo-contract-v1,True,3.4500337030737067,3.5795760109120365,3.6816750232910262,3.821888036064428,3.9246726562489376,4.053596915267178,4.185722571879545,4.297729788989659
1700000001330000000,11330000000,267,266,266,0,0,,,,0,open_hand,hold,200.0,dev-0123456789abcdef0123456789abcdef,synthetic-1-open_hand,29,protocol,synthetic-demo-contract-v1,True,3.665554034662589,3.7988105306178293,3.90613621214336,4.052231072779936,4.1607098629734,4.293667959558022,4.4319704208848965,4.550042432025337
1700000001335000000,11335000000,268,267,267,0,0,,,,0,open_hand,hold,200.0,dev-0123456789abcdef0123456789abcdef,synthetic-1-open_hand,29,protocol,synthetic-demo-contract-v1,True,3.8805756032377205,4.017445038692857,4.130255294494525,4.282003466772461,4.396332071483512,4.533257942877099,4.6776550378320785,4.8018323321678755
1700000001340000000,11340000000,269,268,268,0,0,,,,0,open_hand,hold,200.0,dev-0123456789abcdef0123456789abcdef,synthetic-1-open_hand,29,protocol,synthetic-demo-contract-v1,True,4.095090714363396,4.2355056520762595,4.354055809448469,4.511225531517565,4.631555981336291,4.772394329006349,4.922799087033114,5.053118697619291
1700000001345000000,11345000000,270,269,269,0,0,,,,0,open_hand,hold,200.0,dev-0123456789abcdef0123456789abcdef,synthetic-1-open_hand,29,protocol,synthetic-demo-contract-v1,True,4.309094743788067,4.453022061855334,4.577561151796952,4.739919963577805,4.866399192140757,5.011105907594028,5.167427061515551,5.303922307388908
1700000001350000000,11350000000,271,270,270,0,0,,,,0,open_hand,hold,200.0,dev-0123456789abcdef0123456789abcdef,synthetic-1-open_hand,29,protocol,synthetic-demo-contract-v1,True,4.522586589428134,4.670027335569842,4.80079448454769,4.968111769615249,5.100880176149392,5.24942268429177,5.411565205706568,5.554265454543296
1700000001355000000,11355000000,272,271,271,0,0,,,,0,open_hand,hold,200.0,dev-0123456789abcdef0123456789abcdef,synthetic-1-open_hand,29,protocol,synthetic-demo-contract-v1,True,4.735569072776714,4.8865576825555666,5.023778666215658,5.195828179428141,5.335018250626054,5.487375767777995,5.655241431758046,5.804171884649046
1700000001360000000,11360000000,273,272,272,0,0,,,,0,open_hand,hold,200.0,dev-0123456789abcdef0123456789abcdef,synthetic-1-open_hand,29,protocol,synthetic-demo-contract-v1,True,4.948049280394249,5.102652185123917,5.2465361931195895,5.423098545379845,5.568833549834503,5.724997254158881,5.898485229787573,6.053666729562068
1700000001365000000,11365000000,274,273,273,0,0,,,,0,open_hand,hold,200.0,dev-0123456789abcdef0123456789abcdef,synthetic-1-open_hand,29,protocol,synthetic-demo-contract-v1,True,5.160038837296966,5.318352498861701,5.469089156705944,5.649954228697638,5.802346996474498,5.962320109240808,6.141327572334604,6.302776436732294
1700000001370000000,11370000000,275,274,274,0,0,,,,0,open_hand,hold,200.0,dev-0123456789abcdef0123456789abcdef,synthetic-1-open_hand,29,protocol,synthetic-demo-contract-v1,True,5.37155410538894,5.533702525774239,5.691459215704938,5.87642847322537,6.035580272377951,6.199378049168421,6.383800813354436,6.55152869420763
1700000001375000000,11375000000,276,275,275,0,0,,,,0,open_hand,hold,200.0,dev-0123456789abcdef0123456789abcdef,synthetic-1-open_hand,29,protocol,synthetic-demo-contract-v1,True,0.0826163015567868,0.11124806437874109,0.13866758270997898,0.19005626731611636,0.2185557882660194,0.24870541992030792,0.3009385820947023,0.33745235153553804
1700000001380000000,11380000000,277,276,276,0,0,,,,0,open_hand,hold,200.0,dev-0123456789abcdef0123456789abcdef,synthetic-1-open_hand,29,protocol,synthetic-demo-contract-v1,True,0.2932515316330677,0.3260364411776946,0.3607350245660528,0.4158741946482067,0.45129665235933925,0.48533707614968835,0.542775672220013,0.5855773367746884
1700000001385000000,11385000000,278,277,277,0,0,,,,0,open_hand,hold,200.0,dev-0123456789abcdef0123456789abcdef,synthetic-1-open_hand,29,protocol,synthetic-demo-contract-v1,True,0.5034907381030683,0.5406161281987961,0.582681875756778,0.6414202748390347,0.6838266376281387,0.7218082598506353,0.7843479265699019,0.8334345698427054
1700000001390000000,11390000000,279,278,278,0,0,,,,0,open_hand,hold,200.0,dev-0123456789abcdef0123456789abcdef,synthetic-1-open_hand,29,protocol,synthetic-demo-contract-v1,True,0.7133695611459513,0.7550363514749264,0.8045280637964471,0.8667337948154392,0.9161701474666385,0.9581544793212541,1.0256921179532819,1.081055872439104
1700000001395000000,11395000000,280,279,279,0,0,,,,0,open_hand,hold,200.0,dev-0123456789abcdef0123456789abcdef,synthetic-1-open_hand,29,protocol,synthetic-demo-contract-v1,True,0.922928114330432,0.9693466954519484,1.0262931454648094,1.0918551319760577,1.148352179577144,1.194411388883991,1.2668458263991935,1.3284738747949145
1700000001400000000,11400000000,281,280,280,0,0,,,,0,open_hand,hold,200.0,dev-0123456789abcdef0123456789abcdef,synthetic-1-open_hand,29,protocol,synthetic-demo-contract-v1,True,1.1322106779920713,1.183596708351998,1.2479963525707374,1.3168255702494023,1.380398287853516,1.4306146698099922,1.507847313298566,1.575721919512328
1700000001405000000,11405000000,282,281,281,0,0,,,,0,open_hand,hold,200.0,dev-0123456789abcdef0123456789abcdef,synthetic-1-open_hand,29,protocol,synthetic-demo-contract-v1,True,1.341265314969259,1.3978355134848897,1.4696566457981322,1.5416871102107166,1.6123345420612833,1.6667999128792497,1.748735392884965,1.822833962768783
1700000001410000000,11410000000,283,282,282,0,0,,,,0,open_hand,hold,200.0,dev-0123456789abcdef0123456789abcdef,synthetic-1-open_hand,29,protocol,synthetic-demo-contract-v1,True,1.5501434149345072,1.6121114313908955,1.6912927750752518,1.7664822744704645,1.844187485122518,1.9030025029913211,1.9895493015138563,2.0698444731703045
1700000001415000000,11415000000,284,283,283,0,0,,,,0,open_hand,hold,200.0,dev-0123456789abcdef0123456789abcdef,synthetic-1-open_hand,29,protocol,synthetic-demo-contract-v1,True,1.7588991749950251,1.8264716175162166,1.9129233448183802,1.9912539095870558,2.0759840878276283,2.1392575062227888,2.2303285652096174,2.31678832854848
1700000001420000000,11420000000,285,284,284,0,0,,,,0,open_hand,hold,200.0,dev-0123456789abcdef0123456789abcdef,synthetic-1-open_hand,29,protocol,synthetic-demo-contract-v1,True,1.9675890255225381,2.040961719870855,2.134566882333685,2.216044985785813,2.3077517008133883,2.375599559707547,2.4711128659574615,2.5637007110042638
1700000001425000000,11425000000,286,285,285,0,0,,,,0,open_hand,hold,200.0,dev-0123456789abcdef0123456789abcdef,synthetic-1-open_hand,29,protocol,synthetic-demo-contract-v1,True,2.1762710112806984,2.255625560801216,2.35624190761794,2.440898395784875,2.5395180036666307,2.6120627646944934,2.7119419072234234,2.8106170005096858
1700000001430000000,11430000000,287,286,286,0,0,,,,0,open_hand,hold,200.0,dev-0123456789abcdef0123456789abcdef,synthetic-1-open_hand,29,protocol,synthetic-demo-contract-v1,True,2.3850041388267536,2.4705048466316724,2.5779670027801638,2.6658567540366103,2.771310951035957,2.848680583114572,2.9528552791896727,3.0575726673855677
1700000001435000000,11435000000,288,287,287,0,0,,,,0,open_hand,hold,200.0,dev-0123456789abcdef0123456789abcdef,synthetic-1-open_hand,29,protocol,synthetic-demo-contract-v1,True,2.5938477018537967,2.685638908496326,2.799760879312366,2.8909621976900763,3.003158715659392,3.085485737965387,3.193892324194589,3.3046031639794546
1700000001440000000,11440000000,289,288,288,0,0,,,,0,open_hand,hold,200.0,dev-0123456789abcdef0123456789abcdef,synthetic-1-open_hand,29,protocol,synthetic-demo-contract-v1,True,2.8028605965969353,2.901064477201116,3.021642441468343,3.1162561905660993,3.2350896282438537,3.3225101177969973,3.435092002867243,3.5517438158730466
1700000001445000000,11445000000,290,289,289,0,0,,,,0,open_hand,hold,200.0,dev-0123456789abcdef0123456789abcdef,synthetic-1-open_hand,29,protocol,synthetic-demo-contract-v1,True,3.0121006396417185,3.1168154944347317,3.243630844064556,3.3417793314118733,3.4671321141624767,3.5597846855572564,3.676492761444216,3.7990297129526023
1700000001450000000,11450000000,291,290,290,0,0,,,,0,open_hand,hold,200.0,dev-0123456789abcdef0123456789abcdef,synthetic-1-open_hand,29,protocol,synthetic-demo-contract-v1,True,3.2216239004416996,3.332922962092554,3.465745543095725,3.56757116766671,3.699314626967854,3.797339392029112,3.9181324007529548,4.046495600678827
1700000001455000000,11455000000,292,291,291,0,0,,,,0,open_hand,hold,200.0,dev-0123456789abcdef0123456789abcdef,synthetic-1-open_hand,29,protocol,synthetic-demo-contract-v1,True,3.4314840605747876,3.549414830899768,3.6880063376590186,3.793670015925192,3.9316655787529764,4.035203094066151,4.1600479473403045,4.294175771894895
1700000001460000000,11460000000,293,292,292,0,0,,,,0,open_hand,hold,200.0,dev-0123456789abcdef0123456789abcdef,synthetic-1-open_hand,29,protocol,synthetic-demo-contract-v1,True,3.6417318112504535,3.766315928926727,3.910433401803166,4.0201127902286915,4.164213267426618,4.273403477806125,4.402275527217234,4.542103959512178
1700000001465000000,11465000000,294,293,293,0,0,,,,0,open_hand,hold,200.0,dev-0123456789abcdef0123456789abcdef,synthetic-1-open_hand,29,protocol,synthetic-demo-contract-v1,True,3.8524142998325672,3.9836479299909042,4.133047305061078,4.246934839251814,4.396985801005981,4.511966987015743,4.644850242681408,4.790313230413264
1700000001470000000,11470000000,295,294,294,0,0,,,,0,open_hand,hold,200.0,dev-0123456789abcdef0123456789abcdef,synthetic-1-open_hand,29,protocol,synthetic-demo-contract-v1,True,4.063574635180604,4.20142936134451,4.355869020584679,4.474169793377142,4.630011019066081,4.750918756693579,4.887806052667903,5.03883588091058
1700000001475000000,11475000000,296,295,295,0,0,,,,0,open_hand,hold,200.0,dev-0123456789abcdef0123456789abcdef,synthetic-1-open_hand,29,protocol,synthetic-demo-contract-v1,True,4.275251460454785,4.419675649464383,4.578919919976683,4.701849422570548,4.863316411522422,4.9902825520317915,5.131175657065308,5.287703334096749
1700000001480000000,11480000000,297,296,296,0,0,,,,0,open_hand,hold,200.0,dev-0123456789abcdef0123456789abcdef,synthetic-1-open_hand,29,protocol,synthetic-demo-contract-v1,True,4.487478600701777,4.6383992021999685,4.802221754103722,4.93000350588103,5.09692903496053,5.230080712811634,5.374990385419576,5.536946039419371
1700000001485000000,11485000000,298,297,297,0,0,,,,0,open_hand,hold,200.0,dev-0123456789abcdef0123456789abcdef,synthetic-1-open_hand,29,protocol,synthetic-demo-contract-v1,True,4.70028479106385,4.85760952500488,5.025796619376083,5.1586597132942495,5.330875426762627,5.470334103282526,5.619280090431468,5.786593374808458
1700000001490000000,11490000000,299,298,298,0,0,,,,0,open_hand,hold,200.0,dev-0123456789abcdef0123456789abcdef,synthetic-1-open_hand,29,protocol,synthetic-demo-contract-v1,True,4.913693489865746,5.077313368485649,5.249666909188896,5.387843500568737,5.565181517317641,5.711062067549951,5.864073046635226,6.036673551679124
1700000001495000000,11495000000,300,299,299,0,0,,,,0,open_hand,hold,200.0,dev-0123456789abcdef0123456789abcdef,synthetic-1-open_hand,29,protocol,synthetic-demo-contract-v1,True,5.127722779162065,5.297514904055556,5.4738552504350935,5.617578017578816,5.799872540635704,5.95228239047376,6.109395854626407,6.287213523125459
1700000001500000000,11500000000,301,300,300,0,0,,,,0,open_hand,hold,200.0,dev-0123456789abcdef0123456789abcdef,synthetic-1-open_hand,29,protocol,synthetic-demo-contract-v1,True,-0.15761464639216902,-0.11928407591134077,-0.0766155747807611,-0.06461596942004995,-0.015027056278236021,0.006511264055755775,0.030273351185658805,0.07573889561370493
1700000001505000000,11505000000,302,301,301,0,0,,,,0,open_hand,hold,200.0,dev-0123456789abcdef0123456789abcdef,synthetic-1-open_hand,29,protocol,synthetic-demo-contract-v1,True,0.057688596780551285,0.10191606263516592,0.14827727812048289,0.16627985870101203,0.22050629509467803,0.24876325927363405,0.2767285256225984,0.3272738444739758
1700000001510000000,11510000000,303,302,302,0,0,,,,0,open_hand,hold,200.0,dev-0123456789abcdef0123456789abcdef,synthetic-1-open_hand,29,protocol,synthetic-demo-contract-v1,True,0.27363474236905566,0.32361303248942436,0.3735566095696215,0.3977813248553763,0.4564951928678205,0.49155130329791263,0.523782442640162,0.5793410334798174
1700000001515000000,11515000000,304,303,303,0,0,,,,0,open_hand,hold,200.0,dev-0123456789abcdef0123456789abcdef,synthetic-1-open_hand,29,protocol,synthetic-demo-contract-v1,True,0.4902211159870844,0.5458028741998604,0.5992450561168958,0.629901721149517,0.69296117283453,0.7348866620090709,0.7714541719947575,0.8319615387939631
1700000001520000000,11520000000,305,304,304,0,0,,,,0,open_hand,hold,200.0,dev-0123456789abcdef0123456789abcdef,synthetic-1-open_hand,29,protocol,synthetic-demo-contract-v1,True,0.707440451801696,0.768480212479323,0.8253649585707441,0.862651788755008,0.929924617026288,0.9787789277141671,1.0197607252014653,1.0851547775466075
1700000001525000000,11525000000,306,305,305,0,0,,,,0,open_hand,hold,200.0,dev-0123456789abcdef0123456789abcdef,synthetic-1-open_hand,29,protocol,synthetic-demo-contract-v1,True,0.9252812767197353,0.9916385154162749,1.0519382191808515,1.0960397120986116,1.1674046632331396,1.2232360119455519,1.268716999506478,1.3389384412995686
1700000001530000000,11530000000,307,306,306,0,0,,,,0,open_hand,hold,200.0,dev-0123456789abcdef0123456789abcdef,synthetic-1-open_hand,29,protocol,synthetic-demo-contract-v1,True,1.1437283535791092,1.2152703519028891,1.2789861492188443,1.3300711271164147,1.4054191159942682,1.468264143209126,1.518335729321075,1.5933284346357814
1700000001535000000,11535000000,308,307,307,0,0,,,,0,open_hand,hold,200.0,dev-0123456789abcdef0123456789abcdef,synthetic-1-open_hand,29,protocol,synthetic-demo-contract-v1,True,1.3627631736715986,1.4393676427848971,1.5065293084745524,1.5647491432127534,1.6439843595815513,1.7138678695358767,1.768627445282804,1.8483388190987171
1700000001540000000,11540000000,309,308,308,0,0,,,,0,open_hand,hold,200.0,dev-0123456789abcdef0123456789abcdef,synthetic-1-open_hand,29,protocol,synthetic-demo-contract-v1,True,1.5823644880029866,1.663921901398447,1.7345873383327286,1.80007437846387,1.8831152735102044,1.960050065678232,2.0196004410802995,2.1039817626906165
1700000001545000000,11545000000,310,309,309,0,0,,,,0,open_hand,hold,200.0,dev-0123456789abcdef0123456789abcdef,synthetic-1-open_hand,29,protocol,synthetic-demo-contract-v1,True,1.8025088659928923,1.8889244593885668,1.9631787902225222,2.036045007510826,2.1228251511180276,2.206811944782127,2.27126074814847,2.3602674951218794
1700000001550000000,11550000000,311,310,310,0,0,,,,0,open_hand,hold,200.0,dev-0123456789abcdef0123456789abcdef,synthetic-1-open_hand,29,protocol,synthetic-demo-contract-v1,True,2.02317126984494,2.1143666739983,2.1923209513381137,2.2726568214969,2.3631256217582153,2.4541530743565367,2.5236121183107025,2.6172042689866295
1700000001555000000,11555000000,312,311,311,0,0,,,,0,open_hand,hold,200.0,dev-0123456789abcdef0123456789abcdef,synthetic-1-open_hand,29,protocol,synthetic-demo-contract-v1,True,2.244325632587101,2.340240113372404,2.4220296696122947,2.5099032993224006,2.604026577149994,2.70207139635467,2.7766560144144354,2.874798327021426
1700000001560000000,11560000000,313,312,312,0,0,,,,0,open_hand,hold,200.0,dev-0123456789abcdef0123456789abcdef,synthetic-1-open_hand,29,protocol,synthetic-demo-contract-v1,True,2.4659454277966595,2.5665367168289586,2.6523191799842207,2.747775689415165,2.8455361024265025,2.9505632511749256,3.030391608976066,3.1330538755853663
1700000001565000000,11565000000,314,313,313,0,0,,,,0,open_hand,hold,200.0,dev-0123456789abcdef0123456789abcdef,synthetic-1-open_hand,29,protocol,synthetic-demo-contract-v1,True,2.6880042192836977,2.79324892750966,2.8832019340371957,2.986263101148633,3.087660412410185,3.1996234053851778,3.2848157908207605,3.391973064480474
1700000001570000000,11570000000,315,314,314,0,0,,,,0,open_hand,hold,200.0,dev-0123456789abcdef0123456789abcdef,synthetic-1-open_hand,29,protocol,synthetic-demo-contract-v1,True,2.910476179505707,3.0203697953177486,3.1146884350915913,3.225352604981872,3.330403793632634,3.4492450829708146,3.5399231796725443,3.651555973211384
1700000001575000000,11575000000,316,315,315,0,0,,,,0,open_hand,hold,200.0,dev-0123456789abcdef0123456789abcdef,synthetic-1-open_hand,29,protocol,synthetic-demo-contract-v1,True,3.1333365662134494,3.2478930485833075,3.346787080821552,3.465029340347634,3.573768552598152,3.6994199999052464,3.7957061486200776,3.9118006037629223
1700000001580000000,11580000000,317,316,316,0,0,,,,0,open_hand,hold,200.0,dev-0123456789abcdef0123456789abcdef,synthetic-1-open_hand,29,protocol,synthetic-demo-contract-v1,True,3.3565621477695045,3.475813133450739,3.5795040154221254,3.705276630275975,3.8177549707685725,3.9501384018412753,4.0521548543540336,4.172702879953389
1700000001585000000,11585000000,318,317,317,0,0,,,,0,open_hand,hold,200.0,dev-0123456789abcdef0123456789abcdef,synthetic-1-open_hand,29,protocol,synthetic-demo-contract-v1,True,3.5801315687164115,3.7041252205535664,3.812842993286095,3.9460761017122286,4.062361266720899,4.201389104722584,4.309257275042936,4.434256653400142
1700000001590000000,11590000000,319,318,318,0,0,,,,0,open_hand,hold,200.0,dev-0123456789abcdef0123456789abcdef,synthetic-1-open_hand,29,protocol,synthetic-demo-contract-v1,True,3.8040256484777815,3.932825179118343,4.046805256057966,4.18740781046955,4.307583565899524,4.453159538116794,4.566999255686009,4.696453716112625
1700000001595000000,11595000000,320,319,319,0,0,,,,0,open_hand,hold,200.0,dev-0123456789abcdef0123456789abcdef,synthetic-1-open_hand,29,protocol,synthetic-demo-contract-v1,True,4.028227607526089,4.1619095192130695,4.281389424817003,4.429250369747787,4.553415878351043,4.705435791074735,4.825364560753955,4.959283819706341
1700000001600000000,11600000000,321,320,320,0,0,,,,0,open_hand,hold,200.0,dev-0123456789abcdef0123456789abcdef,synthetic-1-open_hand,29,protocol,synthetic-demo-contract-v1,True,4.252723216915386,4.391375303417035,4.516591409003432,4.671581081152086,4.799850084792389,4.958202660324896,5.08433493390186,5.222734701209343
1700000001605000000,11605000000,322,321,321,0,0,,,,0,open_hand,hold,200.0,dev-0123456789abcdef0123456789abcdef,synthetic-1-open_hand,29,protocol,synthetic-demo-contract-v1,True,4.477500868723724,4.621220029729446,4.752404333543296,4.9143760671563115,5.046875931322266,5.211443700617211,5.343890164512724,5.486792115411025
1700000001610000000,11610000000,323,322,322,0,0,,,,0,open_hand,hold,200.0,dev-0123456789abcdef0123456789abcdef,synthetic-1-open_hand,29,protocol,synthetic-demo-contract-v1,True,4.702551566644825,4.851441488044927,4.988818485449892,5.157610403977765,5.294481033041967,5.465141277036423,5.604008160805402,5.7514398736810435
1700000001615000000,11615000000,324,323,323,0,0,,,,0,open_hand,hold,200.0,dev-0123456789abcdef0123456789abcdef,synthetic-1-open_hand,29,protocol,synthetic-demo-contract-v1,True,4.927868837676664,5.082037592996827,5.225821280985183,5.4012582538605285,5.542650886804921,5.719276619111985,5.864665029217315,6.016659889164411
1700000001620000000,11620000000,325,324,324,0,0,,,,0,open_hand,hold,200.0,dev-0123456789abcdef0123456789abcdef,synthetic-1-open_hand,29,protocol,synthetic-demo-contract-v1,True,5.153448567541201,5.313006196396704,5.463397254255453,5.645292995804626,5.791368893264904,5.973829876558921,6.125835159750079,6.28243222823712
1700000001625000000,11625000000,326,325,325,0,0,,,,0,open_hand,hold,200.0,dev-0123456789abcdef0123456789abcdef,synthetic-1-open_hand,29,protocol,synthetic-demo-contract-v1,True,-0.12071123590025593,-0.09315511712652214,-0.07347193210597917,-0.02281264617340463,-0.00938361165868126,0.041280176491904665,0.06249131694535495,0.086235168085315
1700000001630000000,11630000000,327,326,326,0,0,,,,0,open_hand,hold,200.0,dev-0123456789abcdef0123456789abcdef,synthetic-1-open_hand,29,protocol,synthetic-demo-contract-v1,True,0.1053892545691006,0.13855075263261055,0.16519254625287288,0.2219135218933636,0.2403726841663968,0.2966056819631494,0.3246047361388362,0.3530452602498531
1700000001635000000,11635000000,328,327,327,0,0,,,,0,open_hand,hold,200.0,dev-0123456789abcdef0123456789abcdef,synthetic-1-open_hand,29,protocol,synthetic-demo-contract-v1,True,0.331751323762893,0.37062019550902214,0.40436673128707273,0.46694328473489116,0.4906151195241584,0.552283651683217,0.5871452246224017,0.6203373999574215
1700000001640000000,11640000000,329,328,328,0,0,,,,0,open_hand,hold,200.0,dev-0123456789abcdef0123456789abcdef,synthetic-1-open_hand,29,protocol,synthetic-demo-contract-v1,True,0.5583773018513826,0.6030486606733662,0.6440239610738552,0.7122481338112211,0.741319119734789,0.8082905007926261,0.8500812673281338,0.8880849010391435
1700000001645000000,11645000000,330,329,329,0,0,,,,0,open_hand,hold,200.0,dev-0123456789abcdef0123456789abcdef,synthetic-1-open_hand,29,protocol,synthetic-demo-contract-v1,True,0.7852701112254692,0.8358304264665297,0.8841349706650264,0.9577993777854168,0.9924582658811324,1.0646018625608766,1.1133801366332456,1.156259576217876
1700000001650000000,11650000000,331,330,330,0,0,,,,0,open_hand,hold,200.0,dev-0123456789abcdef0123456789abcdef,synthetic-1-open_hand,29,protocol,synthetic-demo-contract-v1,True,1.0124327829440052,1.068958374879968,1.1246680147297334,1.2035682469346822,1.2440043732167185,1.3211926508982355,1.3770080058719436,1.4248318225263255
1700000001655000000,11655000000,332,331,331,0,0,,,,0,open_hand,hold,200.0,dev-0123456789abcdef0123456789abcdef,synthetic-1-open_hand,29,protocol,synthetic-demo-contract-v1,True,1.239867953919672,1.3024237751688765,1.365589011207631,1.4495259910167835,1.4959275785375217,1.578037123574175,1.6409300661289956,1.693770711599708
1700000001660000000,11660000000,333,332,332,0,0,,,,0,open_hand,hold,200.0,dev-0123456789abcdef0123456789abcdef,synthetic-1-open_hand,29,protocol,synthetic-demo-contract-v1,True,1.467577356443491,1.5362160809815892,1.6068617049627996,1.6956439701967954,1.7481964362428701,1.8351089460446126,1.9051106458802427,1.9630440845690162
1700000001665000000,11665000000,334,333,333,0,0,,,,0,open_hand,hold,200.0,dev-0123456789abcdef0123456789abcdef,synthetic-1-open_hand,29,protocol,synthetic-demo-contract-v1,True,1.6955613118523871,1.7703227452135049,1.8484478502092163,1.9418937387292916,2.000778022755099,2.0923812557980233,2.169513333037581,2.2326186512641417
1700000001670000000,11670000000,335,334,334,0,0,,,,0,open_hand,hold,200.0,dev-0123456789abcdef0123456789abcdef,synthetic-1-open_hand,29,protocol,synthetic-demo-contract-v1,True,1.9238182401037203,2.004729056549866,2.0903074102717514,2.1882471211823464,2.253638048912962,2.3498267271379234,2.434101098949993,2.502460093420162
1700000001675000000,11675000000,336,335,335,0,0,,,,0,open_hand,hold,200.0,dev-0123456789abcdef0123456789abcdef,synthetic-1-open_hand,29,protocol,synthetic-demo-contract-v1,True,2.1523441967361205,2.2394180013525666,2.332398773055056,2.434676281081221,2.5067409799009934,2.607417636326127,2.698836423908118,2.7725331715651156
1700000001680000000,11680000000,337,336,336,0,0,,,,0,open_hand,hold,200.0,dev-0123456789abcdef0123456789abcdef,synthetic-1-open_hand,29,protocol,synthetic-demo-contract-v1,True,2.381132448172867,2.4743701541766,2.5746789804185655,2.6811537819403255,2.7600501622262597,2.865125927017445,2.9636814236975,3.0428018352536057
1700000001685000000,11685000000,338,337,337,0,0,,,,0,open_hand,hold,200.0,dev-0123456789abcdef0123456789abcdef,synthetic-1-open_hand,29,protocol,synthetic-demo-contract-v1,True,2.6101730955731486,2.709563599777439,2.817103969501376,2.9276526407411243,3.013527957205733,3.1229232759220746,3.228597976745227,3.3132293362976997
1700000001690000000,11690000000,339,338,338,0,0,,,,0,open_hand,hold,200.0,dev-0123456789abcdef0123456789abcdef,synthetic-1-open_hand,29,protocol,synthetic-demo-contract-v1,True,2.8394527564728436,2.944973888998102,3.0596288239075986,3.1741463740000193,3.267135880382083,3.380781158636731,3.4935478514058826,3.5837783446347427
1700000001695000000,11695000000,340,339,339,0,0,,,,0,open_hand,hold,200.0,dev-0123456789abcdef0123456789abcdef,synthetic-1-open_hand,29,protocol,synthetic-demo-contract-v1,True,3.0689543122997307,3.18057403041131,3.302208032552832,3.420609036653199,3.520834746243573,3.6386709155896044,3.758492832935873,3.8544110664611724
1700000001700000000,11700000000,341,340,340,0,0,,,,0,open_hand,hold,200.0,dev-0123456789abcdef0123456789abcdef,synthetic-1-open_hand,29,protocol,synthetic-demo-contract-v1,True,3.2986567285215718,3.4163345190457757,3.5447957538866572,3.667015254063878,3.7745848175850587,3.896563818047341,4.0233948497099385,4.12508936425194
1700000001705000000,11705000000,342,341,341,0,0,,,,0,open_hand,hold,200.0,dev-0123456789abcdef0123456789abcdef,synthetic-1-open_hand,29,protocol,synthetic-demo-contract-v1,True,3.5285349527164938,3.6522234029550003,3.7873460831458323,3.913340247530745,4.028345958812311,4.15443113413455,4.2882160982401984,4.395774878277066
1700000001710000000,11710000000,343,342,342,0,0,,,,0,open_hand,hold,200.0,dev-0123456789abcdef0123456789abcdef,synthetic-1-open_hand,29,protocol,synthetic-demo-contract-v1,True,3.7585598942732132,3.888206387800607,4.029813320258649,4.159559853743778,4.282077792461219,4.412244194817655,4.5529191665662205,4.666429149219963
1700000001715000000,11715000000,344,343,343,0,0,,,,0,open_hand,hold,200.0,dev-0123456789abcdef0123456789abcdef,synthetic-1-open_hand,29,protocol,synthetic-demo-contract-v1,True,3.988698487766305,4.124246979029627,4.272152236013315,4.405650538694383,4.535739858177053,4.669974459805352,4.8174671555943815,4.937013741496681
1700000001720000000,11720000000,345,344,344,0,0,,,,0,open_hand,hold,200.0,dev-0123456789abcdef0123456789abcdef,synthetic-1-open_hand,29,protocol,synthetic-demo-contract-v1,True,4.2189138403426245,4.360306660635242,4.514318334122193,4.65158940660038,4.789291773377313,4.927593583317421,5.081823797976092,5.2074903668709895
1700000001725000000,11725000000,346,345,345,0,0,,,,0,open_hand,hold,200.0,dev-0123456789abcdef0123456789abcdef,synthetic-1-open_hand,29,protocol,synthetic-demo-contract-v1,True,4.449165461734097,4.596345108912775,4.756268106859114,4.897354204452136,5.042693394804625,5.185073479672222,5.345953574127275,5.477821007957531
1700000001730000000,11730000000,347,346,346,0,0,,,,0,open_hand,hold,200.0,dev-0123456789abcdef0123456789abcdef,synthetic-1-open_hand,29,protocol,synthetic-demo-contract-v1,True,4.67940957381439,4.832320439065929,4.997959282018197,5.142923322823775,5.295904980164148,5.442386388640842,5.609821825005648,5.747968041203766
1700000001735000000,11735000000,348,347,347,0,0,,,,0,open_hand,hold,200.0,dev-0123456789abcdef0123456789abcdef,synthetic-1-open_hand,29,protocol,synthetic-demo-contract-v1,True,4.909599494977205,5.068189481991486,5.239351059038895,5.38827579362247,5.548887349032904,5.6995049405127025,5.873394861277991,6.017894358941535
1700000001740000000,11740000000,349,348,348,0,0,,,,0,open_hand,hold,200.0,dev-0123456789abcdef0123456789abcdef,synthetic-1-open_hand,29,protocol,synthetic-demo-contract-v1,True,5.139686093065412,5.303908088081778,5.48040433226196,5.633391285468988,5.8016020422264765,5.956402220813303,6.13664006852629,6.287563490100442
1700000001745000000,11745000000,350,349,349,0,0,,,,0,open_hand,hold,200.0,dev-0123456789abcdef0123456789abcdef,synthetic-1-open_hand,29,protocol,synthetic-demo-contract-v1,True,5.369618299154799,5.539431454441246,5.721081899423612,5.878250097414001,6.054011478811816,6.21305183461001,6.39952600815967,6.556939719178122
1700000001750000000,11750000000,351,350,350,0,0,,,,0,open_hand,hold,200.0,dev-0123456789abcdef0123456789abcdef,synthetic-1-open_hand,29,protocol,synthetic-demo-contract-v1,True,0.0993436732227376,0.13721447152306376,0.18634865365827213,0.21033315169679861,0.25607910996316857,0.28192797033614875,0.337022513718103,0.3634882030667601
1700000001755000000,11755000000,352,351,351,0,0,,,,0,open_hand,hold,200.0,dev-0123456789abcdef0123456789abcdef,synthetic-1-open_hand,29,protocol,synthetic-demo-contract-v1,True,0.32880901163682086,0.37221208486041657,0.4261717574622381,0.4546219862462026,0.5077695688717015,0.5380054630574389,0.5991007822738611,0.6321750853408458
1700000001760000000,11760000000,353,352,352,0,0,,,,0,open_hand,hold,200.0,dev-0123456789abcdef0123456789abcdef,synthetic-1-open_hand,29,protocol,synthetic-demo-contract-v1,True,0.5579609855037854,0.606879667299744,0.6655207972690476,0.6985987476077027,0.7590488159378402,0.7937598570979056,0.8607334606576676,0.9004676076182552
1700000001765000000,11765000000,354,353,353,0,0,,,,0,open_hand,hold,200.0,dev-0123456789abcdef0123456789abcdef,synthetic-1-open_hand,29,protocol,synthetic-demo-contract-v1,True,0.7867467982433061,0.8411733969444973,0.9043679175000775,0.9422461849563776,1.0098842784988586,1.0491674679350709,1.121894726258208,1.1683342176152292
1700000001770000000,11770000000,355,354,354,0,0,,,,0,open_hand,hold,200.0,dev-0123456789abcdef0123456789abcdef,synthetic-1-open_hand,29,protocol,synthetic-demo-contract-v1,True,1.015114850308248,1.0750506358907468,1.1426879331781497,1.1855476458222354,1.26024498437243,1.3042054432663566,1.3825603621660685,1.4357446735255595
1700000001775000000,11775000000,356,355,355,0,0,,,,0,open_hand,hold,200.0,dev-0123456789abcdef0123456789abcdef,synthetic-1-open_hand,29,protocol,synthetic-demo-contract-v1,True,1.243015398772108,1.308470304782592,1.3804584204252779,1.4284870741137716,1.5101016885297365,1.5588518231405313,1.642707826456207,1.7026701443655081
1700000001780000000,11780000000,357,356,356,0,0,,,,0,open_hand,hold,200.0,dev-0123456789abcdef0123456789abcdef,synthetic-1-open_hand,29,protocol,synthetic-demo-contract-v1,True,1.4704011995497,1.5413932482365647,1.6176597844051315,1.6710490109770864,1.759426992248918,1.8130855990395787,1.9023163154265075,1.9690833059383395
1700000001785000000,11785000000,358,357,357,0,0,,,,0,open_hand,hold,200.0,dev-0123456789abcdef0123456789abcdef,synthetic-1-open_hand,29,protocol,synthetic-demo-contract-v1,True,1.6972281203081194,1.77378258628005,1.854275304513666,1.9132185989725767,2.008195454141049,2.066886771787902,2.1613668206338907,2.2349584320861027
1700000001790000000,11790000000,359,358,358,0,0,,,,0,open_hand,hold,200.0,dev-0123456789abcdef0123456789abcdef,synthetic-1-open_hand,29,protocol,synthetic-demo-contract-v1,True,1.923455712655692,2.0056040471176493,2.090291156864598,2.154981589989489,2.2563836924860325,2.3202364081571627,2.419842179593553,2.500271480911141
1700000001795000000,11795000000,360,359,359,0,0,,,,0,open_hand,hold,200.0,dev-0123456789abcdef0123456789abcdef,synthetic-1-open_hand,29,protocol,synthetic-demo-contract-v1,True,2.149047732956598,2.236826276779048,2.3256964143572865,2.3963243572513284,2.503970478364601,2.5731166960266156,2.677727120031255,2.765000175665905
1700000001800000000,11800000000,361,360,360,0,0,,,,0,open_hand,hold,200.0,dev-0123456789abcdef0123456789abcdef,synthetic-1-open_hand,29,protocol,synthetic-demo-contract-v1,True,2.3739726020927057,2.467421121508647,2.5604830248501314,2.637233911692938,2.750936819124627,2.825510997950505,2.9350082976029475,3.029124080026806
1700000001805000000,11805000000,362,361,361,0,0,,,,0,open_hand,hold,200.0,dev-0123456789abcdef0123456789abcdef,synthetic-1-open_hand,29,protocol,synthetic-demo-contract-v1,True,2.5982037956623443,2.6973638791263994,2.794645768190092,2.8776979229138613,2.9972660317748234,3.0774039029761258,3.1916743270203836,3.292624667486075
1700000001810000000,11810000000,363,362,362,0,0,,,,0,open_hand,hold,200.0,dev-0123456789abcdef0123456789abcdef,synthetic-1-open_hand,29,protocol,synthetic-demo-contract-v1,True,2.8217201574446884,2.9266335160153343,3.028182193065713,3.117704744833213,3.2429438059562936,3.3287812765486136,3.4477158065455766,3.555485384614833
1700000001815000000,11815000000,364,363,363,0,0,,,,0,open_hand,hold,200.0,dev-0123456789abcdef0123456789abcdef,synthetic-1-open_hand,29,protocol,synthetic-demo-contract-v1,True,3.044506130441062,3.1552128468677427,3.2610925348545035,3.357243446089622,3.4879582562018525,3.5796303083314887,3.7031253358409435,3.817691707970709
1700000001820000000,11820000000,365,364,364,0,0,,,,0,open_hand,hold,200.0,dev-0123456789abcdef0123456789abcdef,synthetic-1-open_hand,29,protocol,synthetic-demo-contract-v1,True,3.266551901400902,3.3830886748416273,3.493379615823393,3.596303845146797,3.732299963254219,3.8299395577656705,3.9578975271856502,4.07923119444438
1700000001825000000,11825000000,366,365,365,0,0,,,,0,open_hand,hold,200.0,dev-0123456789abcdef0123456789abcdef,synthetic-1-open_hand,29,protocol,synthetic-demo-contract-v1,True,3.4878534564179566,3.610251890333875,3.7250487292109695,3.8348765499817934,3.9759620042765715,4.079698997184005,4.212029010091871,4.340093524861193
1700000001830000000,11830000000,367,366,366,0,0,,,,0,open_hand,hold,200.0,dev-0123456789abcdef0123456789abcdef,synthetic-1-open_hand,29,protocol,synthetic-demo-contract-v1,True,3.708412546907814,3.8366975271583086,3.9561075088705016,4.072953002150217,4.2189399718522855,4.328900052293668,4.46551842937747,4.60027054067656
1700000001835000000,11835000000,368,367,367,0,0,,,,0,open_hand,hold,200.0,dev-0123456789abcdef0123456789abcdef,synthetic-1-open_hand,29,protocol,synthetic-demo-contract-v1,True,3.9282365670158987,4.062424775516275,4.186565786281488,4.310525524941064,4.461231981734269,4.577535639834963,4.718366436773673,4.8597562736269575
1700000001840000000,11840000000,369,368,368,0,0,,,,0,open_hand,hold,200.0,dev-0123456789abcdef0123456789abcdef,synthetic-1-open_hand,29,protocol,synthetic-demo-contract-v1,True,4.147338345220775,4.287436951755751,4.416435436843365,4.54758737525494,4.702838669367983,4.825600202222338,4.9705756761678375,5.118546968222084
1700000001845000000,11845000000,370,369,369,0,0,,,,0,open_hand,hold,200.0,dev-0123456789abcdef0123456789abcdef,synthetic-1-open_hand,29,protocol,synthetic-demo-contract-v1,True,4.365735854556082,4.511741425522708,4.6457302174468325,4.784132798763628,4.943763175275439,5.0730897389718335,5.2221507626021095,5.376641096987879
1700000001850000000,11850000000,371,370,370,0,0,,,,0,open_hand,hold,200.0,dev-0123456789abcdef0123456789abcdef,synthetic-1-open_hand,29,protocol,synthetic-demo-contract-v1,True,4.583451847442237,4.735349505506347,4.87446559737509,5.020157087837398,5.184011119449604,5.3200018347188,5.4730982551686544,5.634039368394699
1700000001855000000,11855000000,372,371,371,0,0,,,,0,open_hand,hold,200.0,dev-0123456789abcdef0123456789abcdef,synthetic-1-open_hand,29,protocol,synthetic-demo-contract-v1,True,4.800513422564579,4.958276285558838,5.102658584618745,5.255656641659965,5.423590564969744,5.566335683630663,5.723426623961201,5.890744727429784
1700000001860000000,11860000000,373,372,372,0,0,,,,0,open_hand,hold,200.0,dev-0123456789abcdef0123456789abcdef,synthetic-1-open_hand,29,protocol,synthetic-demo-contract-v1,True,5.016951532528622,5.180540453521371,5.33032754969394,5.490629027890244,5.662511971107325,5.812092110021786,5.9731462112606915,6.146762348798241
1700000001865000000,11865000000,374,373,373,0,0,,,,0,open_hand,hold,200.0,dev-0123456789abcdef0123456789abcdef,synthetic-1-open_hand,29,protocol,synthetic-demo-contract-v1,True,5.232800442139471,5.402164065603332,5.557492049033215,5.725073045175801,5.9007881362492,6.057273584981159,6.2222691871499105,6.402099622761925
1700000001870000000,11870000000,375,374,374,0,0,,,,0,open_hand,hold,200.0,dev-0123456789abcdef0123456789abcdef,synthetic-1-open_hand,29,protocol,synthetic-demo-contract-v1,True,5.448097148068881,5.6231722896324365,5.784172649973741,5.958988785775958,6.138434131019392,6.301884238828809,6.470809499768013,6.656766133650863
1700000001875000000,11875000000,376,375,375,0,0,,,,0,open_hand,hold,200.0,dev-0123456789abcdef0123456789abcdef,synthetic-1-open_hand,29,protocol,synthetic-demo-contract-v1,True,0.16288077137127155,0.2060931209135317,0.23539075929781172,0.27987769751316827,0.3254672220324267,0.35842986922344977,0.3937828204307947,0.44827363110696705
1700000001880000000,11880000000,377,376,376,0,0,,,,0,open_hand,hold,200.0,dev-0123456789abcdef0123456789abcdef,synthetic-1-open_hand,29,protocol,synthetic-demo-contract-v1,True,0.3771919347756206,0.4259570747961291,0.46116845718755684,0.5127426442404266,0.5619067867597243,0.6019179447520597,0.6412064838564171,0.7016359941448905
1700000001885000000,11885000000,378,377,377,0,0,,,,0,open_hand,hold,200.0,dev-0123456789abcdef0123456789abcdef,synthetic-1-open_hand,29,protocol,synthetic-demo-contract-v1,True,0.5910721369039821,0.6452968603501302,0.6865283383404551,0.7450879639900906,0.797774220035403,0.8448576038416977,0.8880994237488827,0.9543691881394881
1700000001890000000,11890000000,379,378,378,0,0,,,,0,open_hand,hold,200.0,dev-0123456789abcdef0123456789abcdef,synthetic-1-open_hand,29,protocol,synthetic-demo-contract-v1,True,0.8045631355454462,0.8641470397812192,0.9114933618565042,0.9769195239564344,1.033092832769134,1.0872596488451252,1.1344821040031239,1.2064912148739508
1700000001895000000,11895000000,380,379,379,0,0,,,,0,open_hand,hold,200.0,dev-0123456789abcdef0123456789abcdef,synthetic-1-open_hand,29,protocol,synthetic-demo-contract-v1,True,1.0177063518471232,1.082543678378491,1.1360867113531352,1.2082447714602247,1.2678877434706788,1.3291365351644493,1.3803764458057854,1.4580220558065635
1700000001900000000,11900000000,381,380,380,0,0,,,,0,open_hand,hold,200.0,dev-0123456789abcdef0123456789abcdef,synthetic-1-open_hand,29,protocol,synthetic-demo-contract-v1,True,1.2305423067770567,1.3005239898748433,1.3603316665926142,1.4390727800491905,1.5021857632236106,1.5705023552912225,1.625805750914886,1.7089836087375982
1700000001905000000,11905000000,382,381,381,0,0,,,,0,open_hand,hold,200.0,dev-0123456789abcdef0123456789abcdef,synthetic-1-open_hand,29,protocol,synthetic-demo-contract-v1,True,1.443110100478356,1.518125982114245,1.5842514877207852,1.669414289903277,1.736015274774059,1.8113728176570696,1.8707946214093834,1.959399618080769
1700000001910000000,11910000000,383,382,382,0,0,,,,0,open_hand,hold,200.0,dev-0123456789abcdef0123456789abcdef,synthetic-1-open_hand,29,protocol,synthetic-demo-contract-v1,True,1.6554469441844843,1.7353881078591327,1.8078693130180132,1.8992817417379917,1.969406106424011,2.0517652202059313,2.1153688762062837,2.209295598965864
1700000001915000000,11915000000,384,383,383,0,0,,,,0,open_hand,hold,200.0,dev-0123456789abcdef0123456789abcdef,synthetic-1-open_hand,29,protocol,synthetic-demo-contract-v1,True,1.8675877532222265,1.952348925437119,2.031208070855805,2.1286893034329673,2.2023894014377223,2.2916984186174347,2.359555464648376,2.458698755420698
1700000001920000000,11920000000,385,384,384,0,0,,,,0,open_hand,hold,200.0,dev-0123456789abcdef0123456789abcdef,synthetic-1-open_hand,29,protocol,synthetic-demo-contract-v1,True,2.0795648083147555,2.1690467737210177,2.2542904063382663,2.3576528886556183,2.434997483683882,2.531192789130501,2.6033823774698406,2.7076378929011127
1700000001925000000,11925000000,386,385,385,0,0,,,,0,open_hand,hold,200.0,dev-0123456789abcdef0123456789abcdef,synthetic-1-open_hand,29,protocol,synthetic-demo-contract-v1,True,2.291407490939566,2.385519465663433,2.4771386228893117,2.5861901668013547,2.667263720245506,2.770270185937192,2.8468785554500275,2.956143325457505
1700000001930000000,11930000000,387,386,386,0,0,,,,0,open_hand,hold,200.0,dev-0123456789abcdef0123456789abcdef,synthetic-1-open_hand,29,protocol,synthetic-demo-contract-v1,True,2.503142096924616,2.601804004271079,2.699774638826987,2.8143205636316324,2.8992223817338756,3.0089538931386963,3.09007379606754,3.2042467778450883
1700000001935000000,11935000000,388,387,387,0,0,,,,0,open_hand,hold,200.0,dev-0123456789abcdef0123456789abcdef,synthetic-1-open_hand,29,protocol,synthetic-demo-contract-v1,True,2.714791730813094,2.817936324510082,2.9222199587482884,3.0420652520587015,3.1309085010423963,3.247268571278284,3.3329986584674303,3.4519812829027576
1700000001940000000,11940000000,389,388,388,0,0,,,,0,open_hand,hold,200.0,dev-0123456789abcdef0123456789abcdef,synthetic-1-open_hand,29,protocol,synthetic-demo-contract-v1,True,2.926376281826661,3.0339510641880105,3.1444956593343174,3.269447132600751,3.362357731270983,3.485240198489869,3.5756843670539418,3.6993810745420044
1700000001945000000,11945000000,390,389,389,0,0,,,,0,open_hand,hold,200.0,dev-0123456789abcdef0123456789abcdef,synthetic-1-open_hand,29,protocol,synthetic-demo-contract-v1,True,3.1379124805435854,3.2498813663683612,3.366622388979077,3.496490803112413,3.593606203541625,3.722896006325371,3.818162714019711,3.946481476702694
1700000001950000000,11950000000,391,390,390,0,0,,,,0,open_hand,hold,200.0,dev-0123456789abcdef0123456789abcdef,synthetic-1-open_hand,29,protocol,synthetic-demo-contract-v1,True,3.349414033717,3.4657587153464493,3.588620380448474,3.7232225174826623,3.8246903854112704,3.960264410349225,4.060465961119811,4.193318788646653
1700000001955000000,11955000000,392,391,391,0,0,,,,0,open_hand,hold,200.0,dev-0123456789abcdef0123456789abcdef,synthetic-1-open_hand,29,protocol,synthetic-demo-contract-v1,True,3.5608918330241157,3.6816128076604855,3.8105094755915645,3.9496701330841506,4.055646940569248,4.197374935614077,4.3026267409954775,4.439930166972859
1700000001960000000,11960000000,393,392,392,0,0,,,,0,open_hand,hold,200.0,dev-0123456789abcdef0123456789abcdef,synthetic-1-open_hand,29,protocol,synthetic-demo-contract-v1,True,3.772354231993138,3.8974714590367627,4.0323091609561486,4.175863046854136,4.286512590483388,4.434258137157688,4.544677958347897,4.686353504749538
1700000001965000000,11965000000,394,393,393,0,0,,,,0,open_hand,hold,200.0,dev-0123456789abcdef0123456789abcdef,synthetic-1-open_hand,29,protocol,synthetic-demo-contract-v1,True,3.9838073839322896,4.113360547582425,4.254038613007618,4.401832119986425,4.517323978631862,4.670945515687245,4.786652691256976,4.93262730816859
1700000001970000000,11970000000,395,394,394,0,0,,,,0,open_hand,hold,200.0,dev-0123456789abcdef0123456789abcdef,synthetic-1-open_hand,29,protocol,synthetic-demo-contract-v1,True,4.195255632414009,4.32930399295248,4.4757167515155185,4.627609591315304,4.748117537927096,4.907469428643543,5.028584092933859,5.178790571136493
1700000001975000000,11975000000,396,395,395,0,0,,,,0,open_hand,hold,200.0,dev-0123456789abcdef0123456789abcdef,synthetic-1-open_hand,29,protocol,synthetic-demo-contract-v1,True,4.406701944772834,4.545323770638654,4.6973622995581215,4.853228979575145,4.978929361903788,5.143862996863513,5.270505294188798,5.4248826482230275
1700000001980000000,11980000000,397,396,396,0,0,,,,0,open_hand,hold,200.0,dev-0123456789abcdef0123456789abcdef,synthetic-1-open_hand,29,protocol,synthetic-demo-contract-v1,True,4.618148378180314,4.761439959965667,4.918993848503156,5.078724974822469,5.209795080205866,5.380160007085467,5.512449306888261,5.670943126395041
1700000001985000000,11985000000,398,397,397,0,0,,,,0,open_hand,hold,200.0,dev-0123456789abcdef0123456789abcdef,synthetic-1-open_hand,29,protocol,synthetic-demo-contract-v1,True,4.829596567182608,4.977670823844101,5.140629926253584,5.304133319409498,5.44074973886706,5.61639481056671,5.754448928666688,5.917011695966653
1700000001990000000,11990000000,399,398,398,0,0,,,,0,open_hand,hold,200.0,dev-0123456789abcdef0123456789abcdef,synthetic-1-open_hand,29,protocol,synthetic-demo-contract-v1,True,5.0410482211401675,5.194032917826847,5.362289067001992,5.529490678998773,5.6718276858371945,5.852602218107903,5.996536649149091,6.163128021200115
1700000001995000000,11995000000,400,399,399,0,0,,,,0,open_hand,hold,200.0,dev-0123456789abcdef0123456789abcdef,synthetic-1-open_hand,29,protocol,synthetic-demo-contract-v1,True,5.252505619803222,5.4105412255558845,5.583989880716363,5.75483450420622,5.903062462161734,6.088817391802534,6.23874455793114,6.409331610992757
1700000002000000000,12000000000,401,400,400,0,0,,,,0,open_hand,hold,200.0,dev-0123456789abcdef0123456789abcdef,synthetic-1-open_hand,29,protocol,synthetic-demo-contract-v1,True,-0.03602790470420725,-0.010290682724877532,0.030751120583878643,0.06770288355413387,0.08448669917571566,0.13757573385280664,0.15610425455308027,0.19316169008516498
1700000002005000000,12005000000,402,401,401,0,0,,,,0,open_hand,hold,200.0,dev-0123456789abcdef0123456789abcdef,synthetic-1-open_hand,29,protocol,synthetic-demo-contract-v1,True,0.17545248906392316,0.20654952772957386,0.2525917466679787,0.29313438850498796,0.31613202202558294,0.37391277281518,0.39864676069323207,0.4396570712239197
1700000002010000000,12010000000,403,402,402,0,0,,,,0,open_hand,hold,200.0,dev-0123456789abcdef0123456789abcdef,synthetic-1-open_hand,29,protocol,synthetic-demo-contract-v1,True,0.38695357286493137,0.42357314947683355,0.47453098408681976,0.5186679114308138,0.548028959783733,0.610364047659349,0.6414024347957469,0.6863560287088182
1700000002015000000,12015000000,404,403,403,0,0,,,,0,open_hand,hold,200.0,dev-0123456789abcdef0123456789abcdef,synthetic-1-open_hand,29,protocol,synthetic-demo-contract-v1,True,0.598484423623143,0.64079063740823,0.6965883740978843,0.7443424974504462,0.7802068623715388,0.8469649900437457,0.8844008893359685,0.9332961737497572
1700000002020000000,12020000000,405,404,404,0,0,,,,0,open_hand,hold,200.0,dev-0123456789abcdef0123456789abcdef,synthetic-1-open_hand,29,protocol,synthetic-demo-contract-v1,True,0.8100567429383357,0.8582118201175952,0.918783816572663,0.9701971711370979,1.0126938244571566,1.0837508052281875,1.1276709109150351,1.1805143320519782
1700000002025000000,12025000000,406,405,405,0,0,,,,0,open_hand,hold,200.0,dev-0123456789abcdef0123456789abcdef,synthetic-1-open_hand,29,protocol,synthetic-demo-contract-v1,True,1.0216851131865687,1.0758461136679243,1.1411376024660735,1.1962707591611386,1.2455166164454157,1.32075635206031,1.3712403833635538,1.4280464240406552
1700000002030000000,12030000000,407,406,406,0,0,,,,0,open_hand,hold,200.0,dev-0123456789abcdef0123456789abcdef,synthetic-1-open_hand,29,protocol,synthetic-demo-contract-v1,True,1.2333871834754169,1.29370273329142,1.3636704350258007,1.422601709986653,1.478700622628525,1.5580160224864903,1.6151362140221077,1.6759273481264918
1700000002035000000,12035000000,408,407,407,0,0,,,,0,open_hand,hold,200.0,dev-0123456789abcdef0123456789abcdef,synthetic-1-open_hand,29,protocol,synthetic-demo-contract-v1,True,1.4451837801799474,1.5117908986168114,1.5864034386453978,1.6492279117849316,1.7122697865188272,1.7955636210501182,1.8593842633542192,1.9241908674033479
1700000002040000000,12040000000,409,408,408,0,0,,,,0,open_hand,hold,200.0,dev-0123456789abcdef0123456789abcdef,synthetic-1-open_hand,29,protocol,synthetic-demo-contract-v1,True,1.6570989383621493,1.7301200281484133,1.809358154439773,1.8761865097629893,1.9462465633386312,2.0334322448502022,2.1040092780352295,2.1728695001568967
1700000002045000000,12045000000,410,409,409,0,0,,,,0,open_hand,hold,200.0,dev-0123456789abcdef0123456789abcdef,synthetic-1-open_hand,29,protocol,synthetic-demo-contract-v1,True,1.8691598520325696,1.948699918921883,2.032556521810228,2.1035137241300217,2.180651879597599,2.2716541644411588,2.3490348276482784,2.421994414549932
1700000002050000000,12050000000,411,410,410,0,0,,,,0,open_hand,hold,200.0,dev-0123456789abcdef0123456789abcdef,synthetic-1-open_hand,29,protocol,synthetic-demo-contract-v1,True,2.081396742914971,2.1675409075290513,2.256020845466345,2.3312446699392324,2.4155050996456637,2.5102607061603646,2.5944832451064817,2.6715953278353526
1700000002055000000,12055000000,412,411,411,0,0,,,,0,open_hand,hold,200.0,dev-0123456789abcdef0123456789abcdef,synthetic-1-open_hand,29,protocol,synthetic-demo-contract-v1,True,2.293842649087845,2.386654009033988,2.479773747580942,2.5594131800463567,2.6508239990491917,2.74928213637334,2.840375570908229,2.921700410432
1700000002060000000,12060000000,413,412,412,0,0,,,,0,open_hand,hold,200.0,dev-0123456789abcdef0123456789abcdef,synthetic-1-open_hand,29,protocol,synthetic-demo-contract-v1,True,2.506533136565713,2.606051030689591,2.7038381049695444,2.788051632419432,2.8866247446004354,2.988747548127417,3.086731501320627,3.1723361951815017
1700000002065000000,12065000000,414,413,413,0,0,,,,0,open_hand,hold,200.0,dev-0123456789abcdef0123456789abcdef,synthetic-1-open_hand,29,protocol,synthetic-demo-contract-v1,True,2.719505938513637,2.825744657802126,2.9282369714045196,3.0171907830169107,3.1229218807355026,3.228684750703195,3.3335693405742517,3.4235274920862095
1700000002070000000,12070000000,415,414,414,0,0,,,,0,open_hand,hold,200.0,dev-0123456789abcdef0123456789abcdef,synthetic-1-open_hand,29,protocol,synthetic-demo-contract-v1,True,2.9328005283268603,3.045748509573379,3.15299348539339,3.246859605423136,3.359728322104286,3.4691201625491583,3.580905957140792,3.6752973088091783
1700000002075000000,12075000000,416,415,415,0,0,,,,0,open_hand,hold,200.0,dev-0123456789abcdef0123456789abcdef,synthetic-1-open_hand,29,protocol,synthetic-demo-contract-v1,True,3.146457634222491,3.266077163268775,3.378130763968104,3.477085138391735,3.5970553520072457,3.710078708078279,3.8287567441537655,3.927666777197027
1700000002080000000,12080000000,417,416,416,0,0,,,,0,open_hand,hold,200.0,dev-0123456789abcdef0123456789abcdef,synthetic-1-open_hand,29,protocol,synthetic-demo-contract-v1,True,3.360518704252552,3.4867461456066264,3.603671783244356,3.7078923423989285,3.834912626388865,3.9515837187964897,4.077135584021349,4.18065508606558
1700000002085000000,12085000000,418,417,417,0,0,,,,0,open_hand,hold,200.0,dev-0123456789abcdef0123456789abcdef,synthetic-1-open_hand,29,protocol,synthetic-demo-contract-v1,True,3.5750253317316414,3.7077718908300143,3.8296392467147005,3.9393039662504274,4.073308183056014,4.1936568392213545,4.326054817269519,4.434279420466383
1700000002090000000,12090000000,419,418,418,0,0,,,,0,open_hand,hold,200.0,dev-0123456789abcdef0123456789abcdef,synthetic-1-open_hand,29,protocol,synthetic-demo-contract-v1,True,3.7900186519555414,3.9291716654995734,4.0560554424335455,4.171340424718113,4.312248455771577,4.436317938035321,4.575525215643146,4.688554907629677
1700000002095000000,12095000000,420,419,419,0,0,,,,0,open_hand,hold,200.0,dev-0123456789abcdef0123456789abcdef,synthetic-1-open_hand,29,protocol,synthetic-demo-contract-v1,True,4.005538721751213,4.150963460623557,4.2829420904335915,4.404019688106493,4.551738292859538,4.679585024901485,4.825555959482425,4.9434945697562815
1700000002100000000,12100000000,421,420,420,0,0,,,,0,open_hand,hold,200.0,dev-0123456789abcdef0123456789abcdef,synthetic-1-open_hand,29,protocol,synthetic-demo-contract-v1,True,4.221623893829828,4.373165852311712,4.510320181879541,4.637357184564757,4.791780979947305,4.923474173350995,5.076154619382154,5.19910928380707
1700000002105000000,12105000000,422,421,421,0,0,,,,0,open_hand,hold,200.0,dev-0123456789abcdef0123456789abcdef,synthetic-1-open_hand,29,protocol,synthetic-demo-contract-v1,True,4.4383101981039275,4.595797832692707,4.738209811613733,4.871365715868798,5.03237826646441,5.16799945013008,5.327327142131782,5.455407748414569
1700000002110000000,12110000000,423,422,422,0,0,,,,0,open_hand,hold,200.0,dev-0123456789abcdef0123456789abcdef,synthetic-1-open_hand,29,protocol,synthetic-demo-contract-v1,True,4.655630742073248,4.818878613362224,4.9666300058778585,5.106055387299682,5.273530395513889,5.413172851371309,5.579077840924959,5.712396458016614
1700000002115000000,12115000000,424,423,423,0,0,,,,0,open_hand,hold,200.0,dev-0123456789abcdef0123456789abcdef,synthetic-1-open_hand,29,protocol,synthetic-demo-contract-v1,True,4.873615142082095,5.04242740412198,5.1955985471031525,5.341433552141526,5.51523613673333,5.659004245928162,5.831409389818458,5.970079684287122
1700000002120000000,12120000000,425,424,424,0,0,,,,0,open_hand,hold,200.0,dev-0123456789abcdef0123456789abcdef,synthetic-1-open_hand,29,protocol,synthetic-demo-contract-v1,True,5.092288996710358,5.26646317022093,5.425131797747185,5.577504771213554,5.757492821767039,5.905501326184432,6.084322822411854,6.228459464913914
1700000002125000000,12125000000,426,425,425,0,0,,,,0,open_hand,hold,200.0,dev-0123456789abcdef0123456789abcdef,synthetic-1-open_hand,29,protocol,synthetic-demo-contract-v1,True,-0.18832658720903786,-0.14649562828841614,-0.11975547478276771,-0.09822921226079767,-0.049703618021478504,-0.03483043337947726,0.012817534711193363,0.025035599748370864
1700000002130000000,12130000000,427,426,426,0,0,,,,0,open_hand,hold,200.0,dev-0123456789abcdef0123456789abcdef,synthetic-1-open_hand,29,protocol,synthetic-demo-contract-v1,True,0.0317845935642529,0.07856868888015693,0.1109497299572706,0.13923051774055478,0.19364138804365222,0.21301219038745306,0.26689129213213303,0.2848056543264536
1700000002135000000,12135000000,428,427,427,0,0,,,,0,open_hand,hold,200.0,dev-0123456789abcdef0123456789abcdef,synthetic-1-open_hand,29,protocol,synthetic-demo-contract-v1,True,0.2526334973041578,0.3041727379936366,0.3422584787874122,0.37738005603003993,0.4375210910791061,0.4615301441065099,0.5215402405905861,0.5452649707354112
1700000002140000000,12140000000,429,428,428,0,0,,,,0,open_hand,hold,200.0,dev-0123456789abcdef0123456789abcdef,synthetic-1-open_hand,29,protocol,synthetic-demo-contract-v1,True,0.4742255734057148,0.5303317818251359,0.5741797455706408,0.6162126977544204,0.6819274649777958,0.7107220810781527,0.776758921621794,0.8064066857755514
1700000002145000000,12145000000,430,429,429,0,0,,,,0,open_hand,hold,200.0,dev-0123456789abcdef0123456789abcdef,synthetic-1-open_hand,29,protocol,synthetic-demo-contract-v1,True,0.6965605814357676,0.757059439567485,0.8067202612421484,0.8557189753295303,0.9268512496428809,0.9605843530481321,1.0325402914620234,1.0682217563416299
1700000002150000000,12150000000,431,430,430,0,0,,,,0,open_hand,hold,200.0,dev-0123456789abcdef0123456789abcdef,synthetic-1-open_hand,29,protocol,synthetic-demo-contract-v1,True,0.9196324970483788,0.9843674008213755,1.039884375171671,1.0958867104891357,1.1722819948341596,1.2111110106420182,1.2888757440206113,1.3306989919239969
1700000002155000000,12155000000,432,431,431,0,0,,,,0,open_hand,hold,200.0,dev-0123456789abcdef0123456789abcdef,synthetic-1-open_hand,29,protocol,synthetic-demo-contract-v1,True,1.1434295069861038,1.2122651483471047,1.2736739297396493,1.3367010810586692,1.4182081043650416,1.4622938125416314,1.5457551376639458,1.5938250941056142
1700000002160000000,12160000000,433,432,432,0,0,,,,0,open_hand,hold,200.0,dev-0123456789abcdef0123456789abcdef,synthetic-1-open_hand,29,protocol,synthetic-demo-contract-v1,True,1.3679340936616855,1.440759694197866,1.5080881498947651,1.5781447019554782,1.6646168804145618,1.7141222434384276,1.803166825727118,1.8575847029075445
1700000002165000000,12165000000,434,433,433,0,0,,,,0,open_hand,hold,200.0,dev-0123456789abcdef0123456789abcdef,synthetic-1-open_hand,29,protocol,synthetic-demo-contract-v1,True,1.5931232080768396,1.6698553337084168,1.7431235493246129,1.8201977198125225,1.9114945677466575,1.9665835407598764,2.061097690663383,2.121960449812567
1700000002170000000,12170000000,435,434,434,0,0,,,,0,open_hand,hold,200.0,dev-0123456789abcdef0123456789abcdef,synthetic-1-open_hand,29,protocol,synthetic-demo-contract-v1,True,1.8189685281208026,1.8995534215980043,1.978773854714582,2.0628379205232386,2.1588263976579958,2.2196627301255614,2.3195331817362486,2.386933017274341
1700000002175000000,12175000000,436,435,435,0,0,,,,0,open_hand,hold,200.0,dev-0123456789abcdef0123456789abcdef,synthetic-1-open_hand,29,protocol,synthetic-demo-contract-v1,True,2.045436797635785,2.1298521741636582,2.2150299493940873,2.306040848912213,2.40659663150552,2.4733426694502256,2.578457356153903,2.652481204497973
1700000002180000000,12180000000,437,436,436,0,0,,,,0,open_hand,hold,200.0,dev-0123456789abcdef0123456789abcdef,synthetic-1-open_hand,29,protocol,synthetic-demo-contract-v1,True,2.2724902400729623,2.3607465011937068,2.4518798374762985,2.5497799396504455,2.654788603695409,2.7276041015716026,2.837852923540805,2.9185819992571727
1700000002185000000,12185000000,438,437,437,0,0,,,,0,open_hand,hold,200.0,dev-0123456789abcdef0123456789abcdef,synthetic-1-open_hand,29,protocol,synthetic-demo-contract-v1,True,2.5000870391227012,2.592227870826809,2.6893086293895476,2.7940266584558766,2.9033847640458794,2.9824257152417593,3.0977012936366006,3.185210655493364
1700000002190000000,12190000000,439,438,438,0,0,,,,0,open_hand,hold,200.0,dev-0123456789abcdef0123456789abcdef,synthetic-1-open_hand,29,protocol,synthetic-demo-contract-v1,True,2.7281818774154254,2.824284210124977,2.9272985494781745,3.038750652550273,3.1523667194668374,3.2377842142820032,3.3579826271079734,3.4523407764232092
1700000002195000000,12195000000,440,439,439,0,0,,,,0,open_hand,hold,200.0,dev-0123456789abcdef0123456789abcdef,synthetic-1-open_hand,29,protocol,synthetic-demo-contract-v1,True,2.956726523280981,3.056899843627165,3.1658289661202876,3.283919909283148,3.4017152749296953,3.4936543946635576,3.6186758893547624,3.7199444028632476
1700000002200000000,12200000000,441,440,440,0,0,,,,0,open_hand,hold,200.0,dev-0123456789abcdef0123456789abcdef,synthetic-1-open_hand,29,protocol,synthetic-demo-contract-v1,True,3.185670454646724,3.290055471610343,3.4048764445723734,3.5295009217824918,3.651410473729986,3.750009229239108,3.8797589071874006,3.987992106463495
1700000002205000000,12205000000,442,441,441,0,0,,,,0,open_hand,hold,200.0,dev-0123456789abcdef0123456789abcdef,synthetic-1-open_hand,29,protocol,synthetic-demo-contract-v1,True,3.41496150846632,3.523728189216182,3.6444148225088617,3.7754588604513097,3.9014316370739093,4.006819959814459,4.141208428248719,4.256453087526286
1700000002210000000,12210000000,443,442,442,0,0,,,,0,open_hand,hold,200.0,dev-0123456789abcdef0123456789abcdef,synthetic-1-open_hand,29,protocol,synthetic-demo-contract-v1,True,3.6445465436160354,3.757891547011972,3.884415307981327,4.021757749098432,4.1517574030468305,4.264056196214913,4.403000183049137,4.525295277072151
1700000002215000000,12215000000,444,443,443,0,0,,,,0,open_hand,hold,200.0,dev-0123456789abcdef0123456789abcdef,synthetic-1-open_hand,29,protocol,synthetic-demo-contract-v1,True,3.8743721049823203,3.992515652953443,4.124846599280045,4.268360644472216,4.4023657650472074,4.521686021967876,4.665108949480454,4.794485442801356
1700000002220000000,12220000000,445,444,444,0,0,,,,0,open_hand,hold,200.0,dev-0123456789abcdef0123456789abcdef,synthetic-1-open_hand,29,protocol,synthetic-demo-contract-v1,True,4.104385076497794,4.2275673151138,4.365675025942818,4.51522981795642,4.653234109792714,4.779676106191754,4.927508619669604,5.0639892985877095
1700000002225000000,12225000000,446,445,445,0,0,,,,0,open_hand,hold,200.0,dev-0123456789abcdef0123456789abcdef,synthetic-1-open_hand,29,protocol,synthetic-demo-contract-v1,True,4.334533311161573,4.463010223947034,4.606864709925378,4.76232693818909,4.904339255026624,5.037991821251611,5.190172269030078,5.333771617130718
1700000002230000000,12230000000,447,446,446,0,0,,,,0,open_hand,hold,200.0,dev-0123456789abcdef0123456789abcdef,synthetic-1-open_hand,29,protocol,synthetic-demo-contract-v1,True,4.564766226598287,4.698805172273383,4.848377745726794,5.009613253377279,5.155657487071294,5.296597365714495,5.453072227365052,5.603796345382755
1700000002235000000,12235000000,448,447,447,0,0,,,,0,open_hand,hold,200.0,dev-0123456789abcdef0123456789abcdef,synthetic-1-open_hand,29,protocol,synthetic-demo-contract-v1,True,4.7950353554574905,4.934910310619754,5.090174398055024,5.25704977210296,5.40716459839175,5.555455892111941,5.716180151872646,5.874026722360087
1700000002240000000,12240000000,449,448,448,0,0,,,,0,open_hand,hold,200.0,dev-0123456789abcdef0123456789abcdef,synthetic-1-open_hand,29,protocol,synthetic-demo-contract-v1,True,5.025294840916077,5.171281435026592,5.332213315424346,5.504597441448096,5.658835925345792,5.814529638994029,5.979467101900242,6.144425398939995
1700000002245000000,12245000000,450,449,449,0,0,,,,0,open_hand,hold,200.0,dev-0123456789abcdef0123456789abcdef,synthetic-1-open_hand,29,protocol,synthetic-demo-contract-v1,True,5.2555018687010175,5.407872303952932,5.574451757900302,5.752217321309242,5.910646386307417,6.073780066738765,6.24290361529125,6.414954559241115
1700000002250000000,12250000000,451,450,450,0,0,,,,0,open_hand,hold,200.0,dev-0123456789abcdef0123456789abcdef,synthetic-1-open_hand,29,protocol,synthetic-demo-contract-v1,True,-0.01438297162525766,0.007134980480868379,0.04184583705113886,0.08737075382371406,0.11257052035775422,0.1456679965623977,0.18145978616430583,0.223076043180407
1700000002255000000,12255000000,452,451,451,0,0,,,,0,open_hand,hold,200.0,dev-0123456789abcdef0123456789abcdef,synthetic-1-open_hand,29,protocol,synthetic-demo-contract-v1,True,0.21560459809349006,0.24402019564578917,0.2843507660292613,0.3350195268897652,0.3645825267418612,0.40515375216087446,0.445105343961471,0.4937514697978679
1700000002260000000,12260000000,453,452,452,0,0,,,,0,open_hand,hold,200.0,dev-0123456789abcdef0123456789abcdef,synthetic-1-open_hand,29,protocol,synthetic-demo-contract-v1,True,0.4454327486302072,0.48097772840552855,0.5269211175936959,0.5826260308317261,0.6166563052906724,0.6646973033998899,0.7088097335986735,0.7644423609391819
1700000002265000000,12265000000,454,453,453,0,0,,,,0,open_hand,hold,200.0,dev-0123456789abcdef0123456789abcdef,synthetic-1-open_hand,29,protocol,synthetic-demo-contract-v1,True,0.6750736641155599,0.7179567975146111,0.7695110877962916,0.8301534073369194,0.8687654980051098,0.9242584114611068,0.9725421965483417,1.0351102648871033
1700000002270000000,12270000000,455,454,454,0,0,,,,0,open_hand,hold,200.0,dev-0123456789abcdef0123456789abcdef,synthetic-1-open_hand,29,protocol,synthetic-demo-contract-v1,True,0.904503578659629,0.9549064603931388,1.0120747629913898,1.0775656898736534,1.1208835319937829,1.1837967748450888,1.2362718526810001,1.3057168795342635
1700000002275000000,12275000000,456,455,455,0,0,,,,0,open_hand,hold,200.0,dev-0123456789abcdef0123456789abcdef,synthetic-1-open_hand,29,protocol,synthetic-demo-contract-v1,True,1.133702729737865,1.1917760139760374,1.2545663877917674,1.3248279348878038,1.3729836639468995,1.4432721756273477,1.4999677826894469,1.5762241746934411
1700000002280000000,12280000000,457,456,456,0,0,,,,0,open_hand,hold,200.0,dev-0123456789abcdef0123456789abcdef,synthetic-1-open_hand,29,protocol,synthetic-demo-contract-v1,True,1.3626552309229198,1.428515392499156,1.4969406315832494,1.5719063431686002,1.6250390263170709,1.702644625362716,1.763599110916115,1.8465945131460355
1700000002285000000,12285000000,458,457,457,0,0,,,,0,open_hand,hold,200.0,dev-0123456789abcdef0123456789abcdef,synthetic-1-open_hand,29,protocol,synthetic-demo-contract-v1,True,1.5913488681844015,1.665075557224447,1.7391528512266015,1.818768370871274,1.877022675362689,1.9618745100350194,2.0271350884013395,2.116790770035562
1700000002290000000,12290000000,459,458,458,0,0,,,,0,open_hand,hold,200.0,dev-0123456789abcdef0123456789abcdef,synthetic-1-open_hand,29,protocol,synthetic-demo-contract-v1,True,1.8197748255279316,1.9014088732264007,1.9811593476179048,2.065382829784165,2.1289076411915455,2.22092273345362,2.290545175967395,2.3867764502202893
1700000002295000000,12295000000,460,459,459,0,0,,,,0,open_hand,hold,200.0,dev-0123456789abcdef0123456789abcdef,synthetic-1-open_hand,29,protocol,synthetic-demo-contract-v1,True,2.0479273471717803,2.1374694685544053,2.2229176138472546,2.31171997652993,2.3806669799217115,2.4797508585060686,2.553799127150659,2.6565158032078795
1700000002300000000,12300000000,461,460,460,0,0,,,,0,open_hand,hold,200.0,dev-0123456789abcdef0123456789abcdef,synthetic-1-open_hand,29,protocol,synthetic-demo-contract-v1,True,2.2758033447344914,2.373213571347456,2.4643865727891843,2.5577515904933654,2.6322738280532785,2.738321245686412,2.816867070791669,2.9259739353046914
1700000002305000000,12305000000,462,461,461,0,0,,,,0,open_hand,hold,200.0,dev-0123456789abcdef0123456789abcdef,synthetic-1-open_hand,29,protocol,synthetic-demo-contract-v1,True,2.5034019590046688,2.6085998208049768,2.7055268020759136,2.8034510403713244,2.8837014591189085,2.9965971883320193,3.0797195930907324,3.195116918623567
1700000002310000000,12310000000,463,462,462,0,0,,,,0,open_hand,hold,200.0,dev-0123456789abcdef0123456789abcdef,synthetic-1-open_hand,29,protocol,synthetic-demo-contract-v1,True,2.7307240867619513,2.843589548305059,2.946300744544685,3.048793339342082,3.1349233426532543,3.254543044017681,3.342327818934621,3.463911896606147
1700000002315000000,12315000000,464,463,463,0,0,,,,0,open_hand,hold,200.0,dev-0123456789abcdef0123456789abcdef,synthetic-1-open_hand,29,protocol,synthetic-demo-contract-v1,True,2.957771883798013,3.0781470254033665,3.1866729024114813,3.293755188951348,3.3859132054915193,3.5121243615743145,3.6046634922981675,3.732327185729077
1700000002320000000,12320000000,465,464,464,0,0,,,,0,open_hand,hold,200.0,dev-0123456789abcdef0123456789abcdef,synthetic-1-open_hand,29,protocol,synthetic-demo-contract-v1,True,3.184548255734577,3.312239675935483,3.4266100136034834,3.5383150119091167,3.6366450953761214,3.76930800322076,3.8666990555231053,4.000332373077926
1700000002325000000,12325000000,466,465,465,0,0,,,,0,open_hand,hold,200.0,dev-0123456789abcdef0123456789abcdef,synthetic-1-open_hand,29,protocol,synthetic-demo-contract-v1,True,3.411056348442621,3.545838249974874,3.666081208879394,3.7824529740844692,3.8870934468176563,4.026062261320621,4.1284077272753,4.2678984094879615
1700000002330000000,12330000000,467,466,466,0,0,,,,0,open_hand,hold,200.0,dev-0123456789abcdef0123456789abcdef,synthetic-1-open_hand,29,protocol,synthetic-demo-contract-v1,True,3.6372990498293993,3.7789169579599653,3.905058148578006,4.0261509960738096,4.13723314912273,4.282356969301955,4.389763578980736,4.534997697967296
1700000002335000000,12335000000,468,467,467,0,0,,,,0,open_hand,hold,200.0,dev-0123456789abcdef0123456789abcdef,synthetic-1-open_hand,29,protocol,synthetic-demo-contract-v1,True,3.8632785144782593,4.011453563888219,4.14351513805852,4.269392754800625,4.387039616466792,4.5381636063055275,4.650741609540133,4.801604177135039
1700000002340000000,12340000000,469,468,468,0,0,,,,0,open_hand,hold,200.0,dev-0123456789abcdef0123456789abcdef,synthetic-1-open_hand,29,protocol,synthetic-demo-contract-v1,True,4.0889957221065885,4.243429437073706,4.381429221128556,4.5121636756812755,4.636488859855423,4.793455395157289,4.911317818122115,5.067693399425152
1700000002345000000,12345000000,470,469,469,0,0,,,,0,open_hand,hold,200.0,dev-0123456789abcdef0123456789abcdef,synthetic-1-open_hand,29,protocol,synthetic-demo-contract-v1,True,4.314450080060139,4.474829562568157,4.6187802509946,4.754450915960565,4.885557560782777,5.048207393292458,5.171469274835145,5.333242603825315
1700000002350000000,12350000000,471,470,470,0,0,,,,0,open_hand,hold,200.0,dev-0123456789abcdef0123456789abcdef,synthetic-1-open_hand,29,protocol,synthetic-demo-contract-v1,True,4.53963907910306,4.70564251094465,4.855550938512165,4.99624333988256,5.134223146361492,5.302396576292,5.431174189079434,5.598230782939573
1700000002355000000,12355000000,472,471,471,0,0,,,,0,open_hand,hold,200.0,dev-0123456789abcdef0123456789abcdef,synthetic-1-open_hand,29,protocol,synthetic-demo-contract-v1,True,4.7645580106117436,4.935860368728699,5.091726877756153,5.237531486415583,5.382463865664686,5.556001913727103,5.690411975381343,5.862638744183416
1700000002360000000,12360000000,473,472,472,0,0,,,,0,open_hand,hold,200.0,dev-0123456789abcdef0123456789abcdef,synthetic-1-open_hand,29,protocol,synthetic-demo-contract-v1,True,4.989199751960879,5.165478631324556,5.327296549173008,5.478307530295176,5.630258866987994,5.809004437043368,5.949163316514729,6.12644916494047
1700000002365000000,12365000000,474,473,473,0,0,,,,0,open_hand,hold,200.0,dev-0123456789abcdef0123456789abcdef,synthetic-1-open_hand,29,protocol,synthetic-demo-contract-v1,True,5.213554625428874,5.394496060816414,5.562251300812289,5.718565237184644,5.8775882757082885,6.061387299253626,6.207410223716167,6.389646641530836
1700000002370000000,12370000000,475,474,474,0,0,,,,0,open_hand,hold,200.0,dev-0123456789abcdef0123456789abcdef,synthetic-1-open_hand,29,protocol,synthetic-demo-contract-v1,True,5.437610334377176,5.622914511516763,5.796585308363646,5.958299913779494,6.124433272386151,6.313135826246289,6.465136093804039,6.652217731862413
1700000002375000000,12375000000,476,475,475,0,0,,,,0,open_hand,hold,200.0,dev-0123456789abcdef0123456789abcdef,synthetic-1-open_hand,29,protocol,synthetic-demo-contract-v1,True,0.161351978806105,0.21323872657987908,0.25529551494297414,0.28500835369914473,0.3207761707315523,0.3767375595548809,0.3973257630151317,0.45165099165805034
1700000002380000000,12380000000,477,476,476,0,0,,,,0,open_hand,hold,200.0,dev-0123456789abcdef0123456789abcdef,synthetic-1-open_hand,29,protocol,synthetic-demo-contract-v1,True,0.3847621506926933,0.4404761093905848,0.48838155177631204,0.5236887800171375,0.5666004950270265,0.6271822904735307,0.6539655573767521,0.712937004173214
1700000002385000000,12385000000,478,477,477,0,0,,,,0,open_hand,hold,200.0,dev-0123456789abcdef0123456789abcdef,synthetic-1-open_hand,29,protocol,synthetic-demo-contract-v1,True,0.6078211078083292,0.6671364737709392,0.7208456411194597,0.7618407852791962,0.8118910565799191,0.8769620854426039,0.9100433394372759,0.9735684033406136
1700000002390000000,12390000000,479,478,478,0,0,,,,0,open_hand,hold,200.0,dev-0123456789abcdef0123456789abcdef,synthetic-1-open_hand,29,protocol,synthetic-demo-contract-v1,True,0.8305070230309286,0.8932317773156137,0.9526924829230493,0.9994652698474713,1.0566340287556184,1.1260713026680602,1.165548551183724,1.233539890300297
1700000002395000000,12395000000,480,479,479,0,0,,,,0,open_hand,hold,200.0,dev-0123456789abcdef0123456789abcdef,synthetic-1-open_hand,29,protocol,synthetic-demo-contract-v1,True,1.052796304542378,1.1187758423661769,1.1839291269050067,1.236564379389083,1.3008170201270504,1.3745065999773924,1.4204722529812928,1.4928482432955636
1700000002400000000,12400000000,481,480,480,0,0,,,,0,open_hand,hold,200.0,dev-0123456789abcdef0123456789abcdef,synthetic-1-open_hand,29,protocol,synthetic-demo-contract-v1,True,1.2746639807704665,1.3437840692625613,1.4145648318232238,1.4731414422980829,1.5444291452624916,1.6222669339538487,1.674807158376794,1.7514923209368867
1700000002405000000,12405000000,482,481,481,0,0,,,,0,open_hand,hold,200.0,dev-0123456789abcdef0123456789abcdef,synthetic-1-open_hand,29,protocol,synthetic-demo-contract-v1,True,1.4960841425269376,1.5682731465647846,1.6446109138493883,1.7092009078025712,1.7874610926640806,1.8693535504289251,1.9285476646157178,2.0094730588576817
1700000002410000000,12410000000,483,482,482,0,0,,,,0,open_hand,hold,200.0,dev-0123456789abcdef0123456789abcdef,synthetic-1-open_hand,29,protocol,synthetic-demo-contract-v1,True,1.717030433538592,1.7922607629188834,1.8740805860290684,1.9447482854634304,2.0299051893634577,2.1157699664506073,2.181689878731102,2.2667934598071553
1700000002415000000,12415000000,484,483,483,0,0,,,,0,open_hand,hold,200.0,dev-0123456789abcdef0123456789abcdef,synthetic-1-open_hand,29,protocol,synthetic-demo-contract-v1,True,1.9374765794923745,2.0157653251484966,2.1029887908724847,2.1797900867185085,2.27175546167888,2.3615219438813644,2.434231639071571,2.523458577246542
1700000002420000000,12420000000,485,484,484,0,0,,,,0,open_hand,hold,200.0,dev-0123456789abcdef0123456789abcdef,synthetic-1-open_hand,29,protocol,synthetic-demo-contract-v1,True,2.1573969448403276,2.2388056869892807,2.3313520281543183,2.414333769066797,2.5130076916400794,2.6066174548152623,2.6861725321458296,2.7794754925357448
1700000002425000000,12425000000,486,485,485,0,0,,,,0,open_hand,hold,200.0,dev-0123456789abcdef0123456789abcdef,synthetic-1-open_hand,29,protocol,synthetic-demo-contract-v1,True,2.376767105954228,2.4614008926500666,2.5591881800091336,2.6483876834218822,2.753659468593046,2.851066639037589,2.937513904671506,3.0348532858176243
1700000002430000000,12430000000,487,486,486,0,0,,,,0,open_hand,hold,200.0,dev-0123456789abcdef0123456789abcdef,synthetic-1-open_hand,29,protocol,synthetic-demo-contract-v1,True,2.5955644287963704,2.6835699390862966,2.786516335391632,2.881961025093462,2.9937102355070038,3.0948817537829285,3.1882588707275494,3.28960300072691
1700000002435000000,12435000000,488,487,487,0,0,,,,0,open_hand,hold,200.0,dev-0123456789abcdef0123456789abcdef,synthetic-1-open_hand,29,protocol,synthetic-demo-contract-v1,True,2.813768639091133,2.905331560512599,3.0133566159283043,3.1150637887808803,3.2331613295199775,3.338077116078476,3.438412313921416,3.5437376030698386
1700000002440000000,12440000000,489,488,488,0,0,,,,0,open_hand,hold,200.0,dev-0123456789abcdef0123456789abcdef,synthetic-1-open_hand,29,protocol,synthetic-demo-contract-v1,True,3.0313623730457357,3.126704038268229,3.2397300051198803,3.347706727884283,3.4720160162775824,3.5806690379884873,3.6879808844949427,3.797271933639139
1700000002445000000,12445000000,490,489,489,0,0,,,,0,open_hand,hold,200.0,dev-0123456789abcdef0123456789abcdef,synthetic-1-open_hand,29,protocol,synthetic-demo-contract-v1,True,3.248331696976843,3.3477050386881317,3.4656581827631543,3.5799013183579986,3.710279517641913,3.8226757551028796,3.9369729913061065,4.050222655346764
1700000002450000000,12450000000,491,490,490,0,0,,,,0,open_hand,hold,200.0,dev-0123456789abcdef0123456789abcdef,synthetic-1-open_hand,29,protocol,synthetic-demo-contract-v1,True,3.4646665847464755,3.5683514811309918,3.6911633663477095,3.8116597272481187,3.9479590323735954,4.064117348638092,4.185398788637845,4.302608194873843
1700000002455000000,12455000000,492,491,491,0,0,,,,0,open_hand,hold,200.0,dev-0123456789abcdef0123456789abcdef,synthetic-1-open_hand,29,protocol,synthetic-demo-contract-v1,True,3.6803613426851283,3.788659437781855,3.916268161049168,4.042994785972852,4.185063749420009,4.305015661541259,4.433270157799599,4.554448679053547
1700000002460000000,12460000000,493,492,492,0,0,,,,0,open_hand,hold,200.0,dev-0123456789abcdef0123456789abcdef,synthetic-1-open_hand,29,protocol,synthetic-demo-contract-v1,True,3.8954149726665266,4.00864406628918,4.140995419787763,4.273919968321,4.421604853476302,4.5453942090094,4.68060068350232,4.805765866218007
1700000002465000000,12465000000,494,493,493,0,0,,,,0,open_hand,hold,200.0,dev-0123456789abcdef0123456789abcdef,synthetic-1-open_hand,29,protocol,synthetic-demo-contract-v1,True,4.109831465177332,4.2283195757235505,4.365368114651258,4.504449373061874,4.657595522522862,4.7852780838536795,4.927405625003269,5.05658307275486
1700000002470000000,12470000000,495,494,494,0,0,,,,0,open_hand,hold,200.0,dev-0123456789abcdef0123456789abcdef,synthetic-1-open_hand,29,protocol,synthetic-demo-contract-v1,True,4.323620015572439,4.44769922576672,4.589409220796755,4.734597710980003,4.893050917083159,5.024693857154765,5.173701882032974,5.306925095132674
1700000002475000000,12475000000,496,495,495,0,0,,,,0,open_hand,hold,200.0,dev-0123456789abcdef0123456789abcdef,synthetic-1-open_hand,29,protocol,synthetic-demo-contract-v1,True,4.536795158195174,4.666795358464418,4.813141613749092,4.964380296070881,5.1279881609891,5.263669474668731,5.41950795553313,5.556818127666999
1700000002480000000,12480000000,497,496,496,0,0,,,,0,open_hand,hold,200.0,dev-0123456789abcdef0123456789abcdef,synthetic-1-open_hand,29,protocol,synthetic-demo-contract-v1,True,4.749376814641604,4.885619461313715,5.036587980807117,5.1938130405609755,5.362426313486943,5.502234149454069,5.6648439032511195,5.806289676310513
1700000002485000000,12485000000,498,497,497,0,0,,,,0,open_hand,hold,200.0,dev-0123456789abcdef0123456789abcdef,synthetic-1-open_hand,29,protocol,synthetic-demo-contract-v1,True,4.961390254126884,5.104182259914393,5.259770747055417,5.422912453346581,5.596386332565134,5.740418251198804,5.909731290253851,6.055368468761231
1700000002490000000,12490000000,499,498,498,0,0,,,,0,open_hand,hold,200.0,dev-0123456789abcdef0123456789abcdef,synthetic-1-open_hand,29,protocol,synthetic-demo-contract-v1,True,5.172865965635117,5.322493837902547,5.482712016261253,5.651695641383133,5.8298910294356965,5.978253192732728,6.154193134441043,6.30408436119231
1700000002495000000,12495000000,500,499,499,0,0,,,,0,open_hand,hold,200.0,dev-0123456789abcdef0123456789abcdef,synthetic-1-open_hand,29,protocol,synthetic-demo-contract-v1,True,5.383839443267805,5.540563781411654,5.705433526717081,5.8801803134997295,6.062965014152962,6.21577131421335,6.398253847155626,6.552468241915473
1700000002500000000,12500000000,501,500,500,0,0,,,,0,open_hand,hold,200.0,dev-0123456789abcdef0123456789abcdef,synthetic-1-open_hand,29,protocol,synthetic-demo-contract-v1,True,0.09435088791426083,0.1209013448788835,0.1529566218708251,0.19588478606345466,0.24563463240670866,0.26550576547506394,0.3169391690065019,0.33805193229735986
1700000002505000000,12505000000,502,501,501,0,0,,,,0,open_hand,hold,200.0,dev-0123456789abcdef0123456789abcdef,synthetic-1-open_hand,29,protocol,synthetic-demo-contract-v1,True,0.30444483001597195,0.3385156346396904,0.3753022353722643,0.42382798987557607,0.4779278935812086,0.5024903870298002,0.5602761010367284,0.5858680852545117
1700000002510000000,12510000000,503,502,502,0,0,,,,0,open_hand,hold,200.0,dev-0123456789abcdef0123456789abcdef,synthetic-1-open_hand,29,protocol,synthetic-demo-contract-v1,True,0.5141696797522404,0.5559158064373035,0.5974908899565723,0.6515294776467984,0.7098743902265261,0.7392595902035132,0.8032928313877579,0.8334500816577212
1700000002515000000,12515000000,504,503,503,0,0,,,,0,open_hand,hold,200.0,dev-0123456789abcdef0123456789abcdef,synthetic-1-open_hand,29,protocol,synthetic-demo-contract-v1,True,0.7235772124050707,0.7731112727209365,0.8195427093885302,0.8790094313724064,0.9415052091435645,0.9758482368868799,1.046018657627968,1.080831924980647
1700000002520000000,12520000000,505,504,504,0,0,,,,0,open_hand,hold,200.0,dev-0123456789abcdef0123456789abcdef,synthetic-1-open_hand,29,protocol,synthetic-demo-contract-v1,True,0.9327219979381673,0.9901119154213386,1.0414774425052054,1.1062886689102944,1.17285283433915,1.212291519370209,1.2884839049311176,1.3280481345304616
1700000002525000000,12525000000,506,505,505,0,0,,,,0,open_hand,hold,200.0,dev-0123456789abcdef0123456789abcdef,synthetic-1-open_hand,29,protocol,synthetic-demo-contract-v1,True,1.1416607849221807,1.2069282997776587,1.2633144982236304,1.3333886490559619,1.403951042161659,1.4486248407221185,1.5307198403074698,1.57513363760015
1700000002530000000,12530000000,507,506,506,0,0,,,,0,open_hand,hold,200.0,dev-0123456789abcdef0123456789abcdef,synthetic-1-open_hand,29,protocol,synthetic-demo-contract-v1,True,1.3504518498337925,1.4235718847474528,1.485072990225307,1.5603314744086818,1.634834788980846,1.6848836961590548,1.7727585831071369,1.822123660882814
1700000002535000000,12535000000,508,507,507,0,0,,,,0,open_hand,hold,200.0,dev-0123456789abcdef0123456789abcdef,synthetic-1-open_hand,29,protocol,synthetic-demo-contract-v1,True,1.559154323431664,1.6400552255626932,1.7067717898931285,1.7871398913322043,1.8655400918272012,1.9211035558382903,2.0146330120315787,2.069053621487958
1700000002540000000,12540000000,509,508,508,0,0,,,,0,open_hand,hold,200.0,dev-0123456789abcdef0123456789abcdef,synthetic-1-open_hand,29,protocol,synthetic-demo-contract-v1,True,1.7678275063540798,1.8563921640984773,1.928429585960378,2.013837286331548,2.0961039024560004,2.157319749490824,2.2563766689050735,2.3159590178982983
1700000002545000000,12545000000,510,509,509,0,0,,,,0,open_hand,hold,200.0,dev-0123456789abcdef0123456789abcdef,synthetic-1-open_hand,29,protocol,synthetic-demo-contract-v1,True,1.9765301862823208,2.072598002896167,2.1500649492372115,2.2404476781944775,2.326563975348791,2.3935673532927026,2.4980236594732927,2.5628753212031237
1700000002550000000,12550000000,511,510,510,0,0,,,,0,open_hand,hold,200.0,dev-0123456789abcdef0123456789abcdef,synthetic-1-open_hand,29,protocol,synthetic-demo-contract-v1,True,2.185319968966484,2.288689658926327,2.3716964007087733,2.466995705281967,2.556958730210057,2.629881079353897,2.7396085515107957,2.8098378669407436
1700000002555000000,12555000000,512,511,511,0,0,,,,0,open_hand,hold,200.0,dev-0123456789abcdef0123456789abcdef,synthetic-1-open_hand,29,protocol,synthetic-demo-contract-v1,True,2.3942526351174998,2.504685793485134,2.5933424812515424,2.6935066073958676,2.7873271095587757,2.8662951681830044,2.981166270533167,3.056881747877941
1700000002560000000,12560000000,513,512,512,0,0,,,,0,open_hand,hold,200.0,dev-0123456789abcdef0123456789abcdef,synthetic-1-open_hand,29,protocol,synthetic-demo-contract-v1,True,2.603381534636661,2.7206069149863397,2.8150218211915403,2.920006201703854,3.0177084320532983,3.102843284464072,3.222731993422668,3.304041708048875
1700000002565000000,12565000000,514,513,513,0,0,,,,0,open_hand,hold,200.0,dev-0123456789abcdef0123456789abcdef,synthetic-1-open_hand,29,protocol,synthetic-demo-contract-v1,True,2.8127570288928028,2.936475451833437,3.0367532079296686,3.146520852260891,3.2481422422230843,3.339558416458699,3.464341040288532,3.5513520383693646
1700000002570000000,12570000000,515,514,514,0,0,,,,0,open_hand,hold,200.0,dev-0123456789abcdef0123456789abcdef,synthetic-1-open_hand,29,protocol,synthetic-demo-contract-v1,True,3.02242599078288,3.1523157930269416,3.258555649885831,3.373077432732371,3.4786681573119376,3.5764727793225455,3.7060287648942913,3.798846474135058
1700000002575000000,12575000000,516,515,515,0,0,,,,0,open_hand,hold,200.0,dev-0123456789abcdef0123456789abcdef,synthetic-1-open_hand,29,protocol,synthetic-demo-contract-v1,True,3.2324313711440307,3.3681542946722924,3.4804484350642952,3.5997032819961454,3.709325711964465,3.813617722600647,3.94783044399486,4.046558094703742
1700000002580000000,12580000000,517,516,516,0,0,,,,0,open_hand,hold,200.0,dev-0123456789abcdef0123456789abcdef,synthetic-1-open_hand,29,protocol,synthetic-demo-contract-v1,True,3.4428118387478768,3.5840192510967133,3.702451182617193,3.826426152378005,3.9401542015100066,4.051023642140533,4.189781165935222,4.294519225652852
1700000002585000000,12585000000,518,517,517,0,0,,,,0,open_hand,hold,200.0,dev-0123456789abcdef0123456789abcdef,synthetic-1-open_hand,29,protocol,synthetic-demo-contract-v1,True,3.6536014996281483,3.799940829850133,3.924583885880373,4.053274150357188,4.171192524616324,4.288719896636405,4.431915718870663,4.542761343693336
1700000002590000000,12590000000,519,518,518,0,0,,,,0,open_hand,hold,200.0,dev-0123456789abcdef0123456789abcdef,synthetic-1-open_hand,29,protocol,synthetic-demo-contract-v1,True,3.8648296999007274,4.015950970446833,4.146866945474644,4.280275669664129,4.402479026098537,4.526734728991594,4.67426847897527,4.791314984610287
1700000002595000000,12595000000,520,519,519,0,0,,,,0,open_hand,hold,200.0,dev-0123456789abcdef0123456789abcdef,synthetic-1-open_hand,29,protocol,synthetic-demo-contract-v1,True,4.0765209145632895,4.232083247291968,4.369321191204306,4.507459316781224,4.634051340677112,4.765095192660396,4.916873299011039,5.040209654489352
1700000002600000000,12600000000,521,520,520,0,0,,,,0,open_hand,hold,200.0,dev-0123456789abcdef0123456789abcdef,synthetic-1-open_hand,29,protocol,synthetic-demo-contract-v1,True,4.288694723043795,4.44837269782102,4.591967891642069,4.734853828947798,4.865946238482,5.003827083104292,5.159763397634097,5.289473744475771
1700000002605000000,12605000000,522,521,521,0,0,,,,0,open_hand,hold,200.0,dev-0123456789abcdef0123456789abcdef,synthetic-1-open_hand,29,protocol,synthetic-demo-contract-v1,True,4.501365870538163,4.6648556174516935,4.814828750462856,4.962487984861884,5.098199473098303,5.242954874471788,5.402971249817542,5.539134449300244
1700000002610000000,12610000000,523,522,522,0,0,,,,0,open_hand,hold,200.0,dev-0123456789abcdef0123456789abcdef,synthetic-1-open_hand,29,protocol,synthetic-demo-contract-v1,True,4.7145444124724785,4.881569323497388,5.037925888776562,5.190390508362832,5.330845632941935,5.482501661585571,5.646528478771807,5.789217689792436
1700000002615000000,12615000000,524,523,523,0,0,,,,0,open_hand,hold,200.0,dev-0123456789abcdef0123456789abcdef,synthetic-1-open_hand,29,protocol,synthetic-demo-contract-v1,True,4.928235937778815,5.0985518907108505,5.261281812909026,5.418589965469179,5.563917996741874,5.722489107295744,5.890465749743557,6.039748039589136
1700000002620000000,12620000000,525,524,524,0,0,,,,0,open_hand,hold,200.0,dev-0123456789abcdef0123456789abcdef,synthetic-1-open_hand,29,protocol,synthetic-demo-contract-v1,True,5.142441865119499,5.315841861607549,5.484919367288889,5.6471146552347715,5.797448393888611,5.962937395233627,6.134812666072749,6.29074865622978
1700000002625000000,12625000000,526,525,525,0,0,,,,0,open_hand,hold,200.0,dev-0123456789abcdef0123456789abcdef,synthetic-1-open_hand,29,protocol,synthetic-demo-contract-v1,True,-0.1428401952361205,-0.10402206484706322,-0.06613832768717058,-0.03650750502833693,-0.018532929613489194,0.016365187977013026,0.054597667884536114,0.07974121681725466
1700000002630000000,12630000000,527,526,526,0,0,,,,0,open_hand,hold,200.0,dev-0123456789abcdef0123456789abcdef,synthetic-1-open_hand,29,protocol,synthetic-demo-contract-v1,True,0.07238397754352542,0.11399863777962999,0.15813204728037036,0.19275090047023777,0.21600256112111385,0.2577895906152004,0.29984793378841484,0.33174585840686593
1700000002635000000,12635000000,528,527,527,0,0,,,,0,open_hand,hold,200.0,dev-0123456789abcdef0123456789abcdef,synthetic-1-open_hand,29,protocol,synthetic-demo-contract-v1,True,0.28810568121189545,0.33244198102295447,0.38275391870892533,0.42241666192396515,0.45108156912099556,0.4997261196804633,0.5455892859510505,0.5842811232708176
1700000002640000000,12640000000,529,528,528,0,0,,,,0,open_hand,hold,200.0,dev-0123456789abcdef0123456789abcdef,synthetic-1-open_hand,29,protocol,synthetic-demo-contract-v1,True,0.5043137936353168,0.5513451103216193,0.6077507145575686,0.6525158163378355,0.6867288524580266,0.7421886773921189,0.791846098901878,0.8373639091699354
1700000002645000000,12645000000,530,529,529,0,0,,,,0,open_hand,hold,200.0,dev-0123456789abcdef0123456789abcdef,synthetic-1-open_hand,29,protocol,synthetic-demo-contract-v1,True,0.7209953015615943,0.7707439497199885,0.8331457451009867,0.8830735172646298,0.9229671193897984,0.9851895311400576,1.0386412124216784,1.0910094247483892
1700000002650000000,12650000000,531,530,530,0,0,,,,0,open_hand,hold,200.0,dev-0123456789abcdef0123456789abcdef,synthetic-1-open_hand,29,protocol,synthetic-demo-contract-v1,True,0.9381358432643718,0.9906728473265116,1.0589620714007177,1.1141139027712335,1.1598169323039416,1.228739298116549,1.2859958488539336,1.345231150151078
1700000002655000000,12655000000,532,531,531,0,0,,,,0,open_hand,hold,200.0,dev-0123456789abcdef0123456789abcdef,synthetic-1-open_hand,29,protocol,synthetic-demo-contract-v1,True,1.1557202531544963,1.2111642264273683,1.285222362516356,1.3456599625874863,1.3972966209763833,1.472846934988483,1.533929535166939,1.6000408029471558
1700000002660000000,12660000000,533,532,532,0,0,,,,0,open_hand,hold,200.0,dev-0123456789abcdef0123456789abcdef,synthetic-1-open_hand,29,protocol,synthetic-demo-contract-v1,True,1.3737330964879566,1.4322482471243443,1.5119487427823193,1.5777334054319239,1.635422205604503,1.7175197324869282,1.7824600300813425,1.8554483094268894
1700000002665000000,12665000000,534,533,533,0,0,,,,0,open_hand,hold,200.0,dev-0123456789abcdef0123456789abcdef,synthetic-1-open_hand,29,protocol,synthetic-demo-contract-v1,True,1.592159182582543,1.6539524832617112,1.7391626306437147,1.8103545275417297,1.874207330022054,1.962763314777076,2.03160325656308,2.111461781322754
1700000002670000000,12670000000,535,534,534,0,0,,,,0,open_hand,hold,200.0,dev-0123456789abcdef0123456789abcdef,synthetic-1-open_hand,29,protocol,synthetic-demo-contract-v1,True,1.810984045476152,1.8763016192298874,1.9668845706955316,2.0435420834578375,2.1136632054459734,2.2085816434593104,2.281373239965604,2.3680874979894133
1700000002675000000,12675000000,536,535,535,0,0,,,,0,open_hand,hold,200.0,dev-0123456789abcdef0123456789abcdef,synthetic-1-open_hand,29,protocol,synthetic-demo-contract-v1,True,2.030194381707811,2.099317170986446,2.1951340607008984,2.277313160130051,2.35379856504618,2.454977026041335,2.5317820520878986,2.6253298940610805
1700000002680000000,12680000000,537,536,536,0,0,,,,0,open_hand,hold,200.0,dev-0123456789abcdef0123456789abcdef,synthetic-1-open_hand,29,protocol,synthetic-demo-contract-v1,True,2.2497784358624635,2.3230172353212963,2.4239293754745987,2.5116830554110092,2.594619629568562,2.701950128711963,2.7828397613960942,2.883191552588679
1700000002685000000,12685000000,538,537,537,0,0,,,,0,open_hand,hold,200.0,dev-0123456789abcdef0123456789abcdef,synthetic-1-open_hand,29,protocol,synthetic-demo-contract-v1,True,2.469726325672599,2.5474162710173087,2.6532873896060725,2.7466651620017353,2.8361300841790213,2.9494999932394217,3.034554389636643,3.141673203643385
1700000002690000000,12690000000,539,538,538,0,0,,,,0,open_hand,hold,200.0,dev-0123456789abcdef0123456789abcdef,synthetic-1-open_hand,29,protocol,synthetic-demo-contract-v1,True,2.6900302997900827,2.7725249151259006,2.8832234010603397,2.9822708578952044,3.078331066633041,3.1976240578107125,3.2869318750479475,3.4007737283574606
1700000002695000000,12695000000,540,539,539,0,0,,,,0,open_hand,hold,200.0,dev-0123456789abcdef0123456789abcdef,synthetic-1-open_hand,29,protocol,synthetic-demo-contract-v1,True,2.9106849228029823,2.9983498370957236,3.113750957734889,3.2185094043380076,3.321221166811298,3.4463181816237753,3.539976042355285,3.660490168357897
1700000002700000000,12700000000,541,540,540,0,0,,,,0,open_hand,hold,200.0,dev-0123456789abcdef0123456789abcdef,synthetic-1-open_hand,29,protocol,synthetic-demo-contract-v1,True,3.131687183644641,3.224893632968871,3.3448816890647617,3.4553878522938337,3.564796437597681,3.6955766730408235,3.7936885797107314,3.9208177405333045
1700000002705000000,12705000000,542,541,541,0,0,,,,0,open_hand,hold,200.0,dev-0123456789abcdef0123456789abcdef,synthetic-1-open_hand,29,protocol,synthetic-demo-contract-v1,True,3.3530365251935033,3.4521547613009775,3.5766251447567035,3.692910958346444,3.809050417012252,3.9453923211092783,4.048069022715861,4.181749857059721
1700000002710000000,12710000000,543,542,542,0,0,,,,0,open_hand,hold,200.0,dev-0123456789abcdef0123456789abcdef,synthetic-1-open_hand,29,protocol,synthetic-demo-contract-v1,True,3.5747347945582235,3.680127521877586,3.8089886426960815,3.931081110924339,4.053974161448511,4.195756430256034,4.303114745640088,4.443278150596636
1700000002715000000,12715000000,544,543,543,0,0,,,,0,open_hand,hold,200.0,dev-0123456789abcdef0123456789abcdef,synthetic-1-open_hand,29,protocol,synthetic-demo-contract-v1,True,3.796786115248684,3.908802077698324,4.041977128007866,4.169898267664987,4.299556289802385,4.446658857961504,4.558820959922076,4.705392504550565
1700000002720000000,12720000000,545,544,544,0,0,,,,0,open_hand,hold,200.0,dev-0123456789abcdef0123456789abcdef,synthetic-1-open_hand,29,protocol,synthetic-demo-contract-v1,True,4.019196684114531,4.138164520091694,4.275593045165688,4.409359904663633,4.545783038219882,4.698088055221657,4.815180720015408,4.968081088289979
1700000002725000000,12725000000,546,545,545,0,0,,,,0,open_hand,hold,200.0,dev-0123456789abcdef0123456789abcdef,synthetic-1-open_hand,29,protocol,synthetic-demo-contract-v1,True,4.2419744975543185,4.368196976216132,4.509836224931954,4.649460978271104,4.7926383251319296,4.950031109609271,5.072184936613036,5.2313303971823695
1700000002730000000,12730000000,547,546,546,0,0,,,,0,open_hand,hold,200.0,dev-0123456789abcdef0123456789abcdef,synthetic-1-open_hand,29,protocol,synthetic-demo-contract-v1,True,4.465129013026922,4.598877757606583,4.744703787778258,4.890193900017301,5.040103826188819,5.202473790749544,5.329822397257947,5.4951252973116205
1700000002735000000,12735000000,548,547,547,0,0,,,,0,open_hand,hold,200.0,dev-0123456789abcdef0123456789abcdef,synthetic-1-open_hand,29,protocol,synthetic-demo-contract-v1,True,4.688670753301214,4.830181547849345,4.98019006528061,5.131548525142983,5.28815905865335,5.4554005980302085,5.588079794320035,5.759449074721975
1700000002740000000,12740000000,549,548,548,0,0,,,,0,open_hand,hold,200.0,dev-0123456789abcdef0123456789abcdef,synthetic-1-open_hand,29,protocol,synthetic-demo-contract-v1,True,4.912610862131127,5.06207962692008,5.2162865408096835,5.373512155122754,5.536781474761484,5.708794810371927,5.846941760291607,6.024283489023266
1700000002745000000,12745000000,550,549,549,0,0,,,,0,open_hand,hold,200.0,dev-0123456789abcdef0123456789abcdef,synthetic-1-open_hand,29,protocol,synthetic-demo-contract-v1,True,5.136960621115459,5.294540129209139,5.452981810644873,5.6160695544579475,5.785946563512509,5.962638537891317,6.106390910326183,6.289608831181337
1700000002750000000,12750000000,551,550,550,0,0,,,,0,open_hand,hold,200.0,dev-0123456789abcdef0123456789abcdef,synthetic-1-open_hand,29,protocol,synthetic-demo-contract-v1,True,-0.13826906162693087,-0.10997166820763711,-0.08473843356580021,-0.053297018089923306,-0.014372039692361008,0.02941277529597331,0.04140789191771081,0.09290398530724124
1700000002755000000,12755000000,552,551,551,0,0,,,,0,open_hand,hold,200.0,dev-0123456789abcdef0123456789abcdef,synthetic-1-open_hand,29,protocol,synthetic-demo-contract-v1,True,0.08693182031629566,0.12350696909150388,0.15310859970269586,0.1903922362347384,0.23579756381682654,0.28409745685848725,0.301971441589709,0.35914649424914696
1700000002760000000,12760000000,553,552,552,0,0,,,,0,open_hand,hold,200.0,dev-0123456789abcdef0123456789abcdef,synthetic-1-open_hand,29,protocol,synthetic-demo-contract-v1,True,0.3125718382251489,0.3574365697125238,0.39150282888234517,0.43461471636341925,0.4864256594187427,0.5391715128244395,0.5630584484366726,0.6258126287818703
1700000002765000000,12765000000,554,553,553,0,0,,,,0,open_hand,hold,200.0,dev-0123456789abcdef0123456789abcdef,synthetic-1-open_hand,29,protocol,synthetic-demo-contract-v1,True,0.5386576015032388,0.5917758109577747,0.6304213490996039,0.6793454958674043,0.7374810485284843,0.7946129271175983,0.824644024333233,0.8928774601805687
1700000002770000000,12770000000,555,554,554,0,0,,,,0,open_hand,hold,200.0,dev-0123456789abcdef0123456789abcdef,synthetic-1-open_hand,29,protocol,synthetic-demo-contract-v1,True,0.7651932494295832,0.8264818862837384,0.8698385047148219,0.9245574114251023,0.9889311831017732,1.0503987962139947,1.0867015806001838,1.1603149359573979
1700000002775000000,12775000000,556,555,555,0,0,,,,0,open_hand,hold,200.0,dev-0123456789abcdef0123456789abcdef,synthetic-1-open_hand,29,protocol,synthetic-demo-contract-v1,True,0.9921799729096809,1.0615108808230382,1.1097259843644198,1.1702211649025884,1.2407423045834731,1.3065053890650489,1.3492029108908128,1.428097958532921
1700000002780000000,12780000000,557,556,556,0,0,,,,0,open_hand,hold,200.0,dev-0123456789abcdef0123456789abcdef,synthetic-1-open_hand,29,protocol,synthetic-demo-contract-v1,True,1.2196155771804913,1.296818150009951,1.3500529380142299,1.4163054385479732,1.4928795865520967,1.562908207958323,1.6121182800359395,1.69619846660765
1700000002785000000,12785000000,558,557,557,0,0,,,,0,open_hand,hold,200.0,dev-0123456789abcdef0123456789abcdef,synthetic-1-open_hand,29,protocol,synthetic-demo-contract-v1,True,1.4474940956483866,1.5323586963438816,1.590786115293994,1.6627770226944618,1.7453072803008576,1.8195820502127622,1.8754165185619418,1.9645875189934388
1700000002790000000,12790000000,559,558,558,0,0,,,,0,open_hand,hold,200.0,dev-0123456789abcdef0123456789abcdef,synthetic-1-open_hand,29,protocol,synthetic-demo-contract-v1,True,1.675805464052231,1.768087539395034,1.8318900241513802,1.9096009552655597,1.9979888625896411,2.076501070613282,2.1390651225728488,2.2332353806594414
1700000002795000000,12795000000,560,559,559,0,0,,,,0,open_hand,hold,200.0,dev-0123456789abcdef0123456789abcdef,synthetic-1-open_hand,29,protocol,synthetic-demo-contract-v1,True,1.904535262965512,2.003960074299683,2.073327108641812,2.1567406722797946,2.250887184801089,2.333638844497199,2.4030303586654496,2.5021116107430474
1700000002800000000,12800000000,561,560,560,0,0,,,,0,open_hand,hold,200.0,dev-0123456789abcdef0123456789abcdef,synthetic-1-open_hand,29,protocol,synthetic-demo-contract-v1,True,2.1336645353056873,2.239932414206623,2.315057944460575,2.4041581684624207,2.503964622737732,2.590968431412184,2.667277373525369,2.7711851522725754
1700000002805000000,12805000000,562,561,561,0,0,,,,0,open_hand,hold,200.0,dev-0123456789abcdef0123456789abcdef,synthetic-1-open_hand,29,protocol,synthetic-demo-contract-v1,True,2.3631696840329695,2.475961712418151,2.5570414506285664,2.6518141669887516,2.7571832263057447,2.848462439272054,2.9317703078323865,3.0404244233456157
1700000002810000000,12810000000,563,562,562,0,0,,,,0,open_hand,hold,200.0,dev-0123456789abcdef0123456789abcdef,synthetic-1-open_hand,29,protocol,synthetic-demo-contract-v1,True,2.5930224536246866,2.7120064603137615,2.7992351155649895,2.8996682973086845,3.01050486834423,3.1060930889427447,3.196472414084841,3.309797409504618
1700000002815000000,12815000000,564,563,563,0,0,,,,0,open_hand,hold,200.0,dev-0123456789abcdef0123456789abcdef,synthetic-1-open_hand,29,protocol,synthetic-demo-contract-v1,True,2.8231899972376553,2.948026757547186,3.0415952356214637,3.1476792799354913,3.2638913918769,3.363832279196126,3.4613461779360857,3.579271757049821
1700000002820000000,12820000000,565,564,564,0,0,,,,0,open_hand,hold,200.0,dev-0123456789abcdef0123456789abcdef,synthetic-1-open_hand,29,protocol,synthetic-demo-contract-v1,True,3.0536350297535835,3.183984551461155,3.284077164014271,3.395805117024533,3.517304755085446,3.6216516519739224,3.726353442620519,3.8488148670287186
1700000002825000000,12825000000,566,565,565,0,0,,,,0,open_hand,hold,200.0,dev-0123456789abcdef0123456789abcdef,synthetic-1-open_hand,29,protocol,synthetic-demo-contract-v1,True,3.2843160651763066,3.4198438431620355,3.526635567976413,3.6440032875198103,3.770707173330367,3.879522657907705,3.991455536032855,4.118393989641013
1700000002830000000,12830000000,567,566,566,0,0,,,,0,open_hand,hold,200.0,dev-0123456789abcdef0123456789abcdef,synthetic-1-open_hand,29,protocol,synthetic-demo-contract-v1,True,3.5151877351498277,3.655570858230663,3.7692246918603254,3.892230945608691,4.024061257575686,4.137416622043939,4.256613400012201,4.3879763187985255
1700000002835000000,12835000000,568,567,567,0,0,,,,0,open_hand,hold,200.0,dev-0123456789abcdef0123456789abcdef,synthetic-1-open_hand,29,protocol,synthetic-demo-contract-v1,True,3.7462011837271056,3.8911341806077027,4.011798623856371,4.140445121197941,4.2773301486080975,4.395304809724989,4.52178772137199,4.657529086580559
1700000002840000000,12840000000,569,568,568,0,0,,,,0,open_hand,hold,200.0,dev-0123456789abcdef0123456789abcdef,synthetic-1-open_hand,29,protocol,synthetic-demo-contract-v1,True,3.977304531974824,4.12650484877301,4.254311563952586,4.38860292110781,4.5304776464787935,4.653158492578182,4.786939064208188,4.927019657327001
1700000002845000000,12845000000,570,569,569,0,0,,,,0,open_hand,hold,200.0,dev-0123456789abcdef0123456789abcdef,synthetic-1-open_hand,29,protocol,synthetic-demo-contract-v1,True,4.208443404580302,4.361656413929651,4.496718090747943,4.636661729675321,4.7834683346368445,4.910949014565183,5.052028003011322,5.196415621113786
1700000002850000000,12850000000,571,570,570,0,0,,,,0,open_hand,hold,200.0,dev-0123456789abcdef0123456789abcdef,synthetic-1-open_hand,29,protocol,synthetic-demo-contract-v1,True,4.439561509362246,4.596564960495202,4.73897342474482,4.8845794074632805,5.036267698266469,5.168647858043217,5.3170152561028985,5.465684886358325
1700000002855000000,12855000000,572,571,571,0,0,,,,0,open_hand,hold,200.0,dev-0123456789abcdef0123456789abcdef,synthetic-1-open_hand,29,protocol,synthetic-demo-contract-v1,True,4.670601259502905,4.831209089786422,4.9810336857862385,5.132314486787739,5.288842236386305,5.4262267097879695,5.581861818913638,5.734795771306052
1700000002860000000,12860000000,573,572,572,0,0,,,,0,open_hand,hold,200.0,dev-0123456789abcdef0123456789abcdef,synthetic-1-open_hand,29,protocol,synthetic-demo-contract-v1,True,4.901504427437575,5.065569868349479,5.222856142369368,5.379826362803641,5.54115956731663,5.683657526925523,5.846529096619835,6.003717094153485
1700000002865000000,12865000000,574,573,573,0,0,,,,0,open_hand,hold,200.0,dev-0123456789abcdef0123456789abcdef,synthetic-1-open_hand,29,protocol,synthetic-demo-contract-v1,True,5.13221281867612,5.299630742927404,5.464399450657756,5.627075478925662,5.793188527169817,5.940912602717091,6.110979035654779,6.272418261567772
1700000002870000000,12870000000,575,574,574,0,0,,,,0,open_hand,hold,200.0,dev-0123456789abcdef0123456789abcdef,synthetic-1-open_hand,29,protocol,synthetic-demo-contract-v1,True,5.362668953404017,5.533377424561485,5.705623881130015,5.874023505408909,6.044899261070066,6.1979646321361725,6.375174253614926,6.540869355368085
1700000002875000000,12875000000,576,575,575,0,0,,,,0,open_hand,hold,200.0,dev-0123456789abcdef0123456789abcdef,synthetic-1-open_hand,29,protocol,synthetic-demo-contract-v1,True,0.09281674352592088,0.1292977447856399,0.17149153094050879,0.2081335099712156,0.2462633068598698,0.26728677717252725,0.314078167085051,0.3465412171399891
1700000002880000000,12880000000,577,576,576,0,0,,,,0,open_hand,hold,200.0,dev-0123456789abcdef0123456789abcdef,synthetic-1-open_hand,29,protocol,synthetic-demo-contract-v1,True,0.32260215287681493,0.36238148728538705,0.4119665202265094,0.4543701194051205,0.49725367110257185,0.5238527317916293,0.577655116913119,0.6144055305601831
1700000002885000000,12885000000,578,577,577,0,0,,,,0,open_hand,hold,200.0,dev-0123456789abcdef0123456789abcdef,synthetic-1-open_hand,29,protocol,synthetic-demo-contract-v1,True,0.5519738286333782,0.5951201987497194,0.6520151707744177,0.7001996712023701,0.7478448972423665,0.7801367864716771,0.8408704904740164,0.8819349012158657
1700000002890000000,12890000000,579,578,578,0,0,,,,0,open_hand,hold,200.0,dev-0123456789abcdef0123456789abcdef,synthetic-1-open_hand,29,protocol,synthetic-demo-contract-v1,True,0.780883692504932,0.8275069829390848,0.8916061656527059,0.9455903542964628,0.9980131258346624,1.0361138922331643,1.1036908404715424,1.1491029337102385
1700000002895000000,12895000000,580,579,579,0,0,,,,0,open_hand,hold,200.0,dev-0123456789abcdef0123456789abcdef,synthetic-1-open_hand,29,protocol,synthetic-demo-contract-v1,True,1.0092874810583397,1.0595362822216527,1.1307106886290081,1.1905123381183067,1.2477361468105532,1.2917597240683292,1.3660839998401373,1.4158843058533646
1700000002900000000,12900000000,581,580,580,0,0,,,,0,open_hand,hold,200.0,dev-0123456789abcdef0123456789abcdef,synthetic-1-open_hand,29,protocol,synthetic-demo-contract-v1,True,1.237145225518853,1.2912036509894318,1.3693025424107643,1.4349378892559541,1.4969934437889043,1.5470507436697558,1.628019192321714,1.6822548397458048
1700000002905000000,12905000000,582,581,581,0,0,,,,0,open_hand,hold,200.0,dev-0123456789abcdef0123456789abcdef,synthetic-1-open_hand,29,protocol,synthetic-demo-contract-v1,True,1.4644216625690811,1.522505525453228,1.607358244980233,1.6788414751104654,1.7457662304977837,1.801964261348937,1.8894671383085366,1.9481915695709888
1700000002910000000,12910000000,583,582,582,0,0,,,,0,open_hand,hold,200.0,dev-0123456789abcdef0123456789abcdef,synthetic-1-open_hand,29,protocol,synthetic-demo-contract-v1,True,1.6910865690172248,1.753438994329754,1.8448571035329258,1.9221998540454581,1.9940374794133913,2.0564784970269523,2.1504001555603596,2.2136728059212554
1700000002915000000,12915000000,584,583,583,0,0,,,,0,open_hand,hold,200.0,dev-0123456789abcdef0123456789abcdef,synthetic-1-open_hand,29,protocol,synthetic-demo-contract-v1,True,1.9171150146960918,1.9840015748752229,2.081781265770636,2.1649921516367794,2.2417919427689377,2.310572640170612,2.410792254422917,2.4786781964918467
1700000002920000000,12920000000,585,584,584,0,0,,,,0,open_hand,hold,200.0,dev-0123456789abcdef0123456789abcdef,synthetic-1-open_hand,29,protocol,synthetic-demo-contract-v1,True,2.1424875295559946,2.21419099858856,2.3181157485433466,2.407199922739935,2.4890161661276826,2.5642269085385183,2.6706192271951843,2.743188782986756
1700000002925000000,12925000000,586,585,585,0,0,,,,0,open_hand,hold,200.0,dev-0123456789abcdef0123456789abcdef,synthetic-1-open_hand,29,protocol,synthetic-demo-contract-v1,True,2.36719018259513,2.444005010706241,2.553848444075652,2.6488071992055655,2.735698494753506,2.817422605592806,2.929858731314735,3.0071870540904198
1700000002930000000,12930000000,587,586,586,0,0,,,,0,open_hand,hold,200.0,dev-0123456789abcdef0123456789abcdef,synthetic-1-open_hand,29,protocol,synthetic-demo-contract-v1,True,2.5912145719962005,2.6734411873428185,2.7889701042498536,2.889800523186099,2.9818290730483956,3.0701421764236674,3.188490366053581,3.270656994369462
1700000002935000000,12935000000,588,587,587,0,0,,,,0,open_hand,hold,200.0,dev-0123456789abcdef0123456789abcdef,synthetic-1-open_hand,29,protocol,synthetic-demo-contract-v1,True,2.814557727573151,2.90249677380097,3.023474303646976,3.1301689660889194,3.2273998373591772,3.3223692620255445,3.4464957424413956,3.5335841289793315
1700000002940000000,12940000000,589,588,588,0,0,,,,0,open_hand,hold,200.0,dev-0123456789abcdef0123456789abcdef,synthetic-1-open_hand,29,protocol,synthetic-demo-contract-v1,True,3.037221928341706,3.1311685471875634,3.2573573822658086,3.369904133341808,3.4724045024852326,3.5740887517559994,3.703858546158523,3.795955564061487
1700000002945000000,12945000000,590,589,589,0,0,,,,0,open_hand,hold,200.0,dev-0123456789abcdef0123456789abcdef,synthetic-1-open_hand,29,protocol,synthetic-demo-contract-v1,True,3.259214439677332,3.3594527060341175,3.490618369046159,3.6090001552441193,3.716838542244876,3.8252868338009667,3.9605645931678293,4.057760022727882
1700000002950000000,12950000000,591,590,590,0,0,,,,0,open_hand,hold,200.0,dev-0123456789abcdef0123456789abcdef,synthetic-1-open_hand,29,protocol,synthetic-demo-contract-v1,True,3.4805471760809685,3.5873447891380508,3.723258887513382,3.8474536642810726,3.9606991644802134,4.075951043463398,4.216601877881962,4.318987876540739
1700000002955000000,12955000000,592,591,591,0,0,,,,0,open_hand,hold,200.0,dev-0123456789abcdef0123456789abcdef,synthetic-1-open_hand,29,protocol,synthetic-demo-contract-v1,True,3.7012362970048875,3.814839625323077,3.9552830450348018,4.085263759377911,4.203985280898681,4.326070309086427,4.471960613690986,4.5796311724071295
1700000002960000000,12960000000,593,592,592,0,0,,,,0,open_hand,hold,200.0,dev-0123456789abcdef0123456789abcdef,synthetic-1-open_hand,29,protocol,synthetic-demo-contract-v1,True,3.921301744469427,4.041931315271199,4.186697307332722,4.3224319576644055,4.446697472163954,4.575634995417101,4.726633265704392,4.839683654819458
1700000002965000000,12965000000,594,593,593,0,0,,,,0,open_hand,hold,200.0,dev-0123456789abcdef0123456789abcdef,synthetic-1-open_hand,29,protocol,synthetic-demo-contract-v1,True,4.140766732300341,4.268613246013754,4.417510360031712,4.558962134407649,4.688837948659492,4.824636944212641,4.980614575591113,5.09914078338476
1700000002970000000,12970000000,595,594,594,0,0,,,,0,open_hand,hold,200.0,dev-0123456789abcdef0123456789abcdef,synthetic-1-open_hand,29,protocol,synthetic-demo-contract-v1,True,4.359657197713988,4.4948781380938465,4.6477329591282315,4.794860451851383,4.930410507354644,5.073069511888167,5.233901578431286,5.357999745597606
1700000002975000000,12975000000,596,595,595,0,0,,,,0,open_hand,hold,200.0,dev-0123456789abcdef0123456789abcdef,synthetic-1-open_hand,29,protocol,synthetic-demo-contract-v1,True,4.578001226655471,4.720718124836492,4.877377772357104,5.030135277772588,5.171420485206045,5.32092760400292,5.486493611523907,5.616259464823379
1700000002980000000,12980000000,597,596,596,0,0,,,,0,open_hand,hold,200.0,dev-0123456789abcdef0123456789abcdef,synthetic-1-open_hand,29,protocol,synthetic-demo-contract-v1,True,4.79582846473975,4.946124862594982,5.106459213491147,5.264797094630197,5.411874709525986,5.568207706381377,5.738392315125072,5.873920603470779
1700000002985000000,12985000000,598,597,597,0,0,,,,0,open_hand,hold,200.0,dev-0123456789abcdef0123456789abcdef,synthetic-1-open_hand,29,protocol,synthetic-demo-contract-v1,True,5.013169525848701,5.171089670291619,5.334993271646689,5.498858400235977,5.651781445744766,5.814907912666293,5.989601625122297,6.130985561344507
1700000002990000000,12990000000,599,598,598,0,0,,,,0,open_hand,hold,200.0,dev-0123456789abcdef0123456789abcdef,synthetic-1-open_hand,29,protocol,synthetic-demo-contract-v1,True,5.230055410394366,5.3956036960465665,5.5629973376783335,5.732333600923376,5.89115034298566,6.061027948102686,6.24012775768086,6.387458469181176
1700000002995000000,12995000000,600,599,599,0,0,,,,0,open_hand,hold,200.0,dev-0123456789abcdef0123456789abcdef,synthetic-1-open_hand,29,protocol,synthetic-demo-contract-v1,True,5.446516944971368,5.619658108198871,5.790490029731603,5.965238898226323,6.12999237785946,6.306569189355306,6.4899791859286635,6.643345177383714
1700000003000000000,13000000000,601,600,600,0,0,,,,0,open_hand,hold,200.0,dev-0123456789abcdef0123456789abcdef,synthetic-1-open_hand,29,protocol,synthetic-demo-contract-v1,True,0.1625842545956811,0.20574430757616502,0.2424910199817659,0.2850921701060791,0.31831979687057543,0.3640346801669039,0.41416660877613976,0.4361532399815197
1700000003005000000,13005000000,602,601,601,0,0,,,,0,open_hand,hold,200.0,dev-0123456789abcdef0123456789abcdef,synthetic-1-open_hand,29,protocol,synthetic-demo-contract-v1,True,0.37828627797380043,0.42885415747182076,0.4690208645224715,0.5169128477803643,0.5561460578087157,0.6084291426711883,0.6627029119973937,0.6908918938558107
1700000003010000000,13010000000,603,602,602,0,0,,,,0,open_hand,hold,200.0,dev-0123456789abcdef0123456789abcdef,synthetic-1-open_hand,29,protocol,synthetic-demo-contract-v1,True,0.5936503352812741,0.6514802274462806,0.695100838279216,0.748221789214934,0.7934857704794073,0.8522589841821783,0.9106031217279005,0.9450720332815087
1700000003015000000,13015000000,604,603,603,0,0,,,,0,open_hand,hold,200.0,dev-0123456789abcdef0123456789abcdef,synthetic-1-open_hand,29,protocol,synthetic-demo-contract-v1,True,0.8087017567726801,0.8736160467889718,0.9207527767118036,0.9790411503336721,1.030354637103367,1.0955322992912075,1.157884350562422,1.1987061798489473
1700000003020000000,13020000000,605,604,604,0,0,,,,0,open_hand,hold,200.0,dev-0123456789abcdef0123456789abcdef,synthetic-1-open_hand,29,protocol,synthetic-demo-contract-v1,True,1.0234635792201139,1.0952563632628347,1.1459989259380652,1.2093942549892598,1.2667693926892378,1.3382588671138709,1.404565736464453,1.45180844784046
1700000003025000000,13025000000,606,605,605,0,0,,,,0,open_hand,hold,200.0,dev-0123456789abcdef0123456789abcdef,synthetic-1-open_hand,29,protocol,synthetic-demo-contract-v1,True,1.2379563157114584,1.3163974026087903,1.3708618027601127,1.4393054647127896,1.5027477456567495,1.5804501435417504,1.6506683747251505,1.7043945051485363
1700000003030000000,13030000000,607,606,606,0,0,,,,0,open_hand,hold,200.0,dev-0123456789abcdef0123456789abcdef,synthetic-1-open_hand,29,protocol,synthetic-demo-contract-v1,True,1.4521978027632505,1.5370371242148184,1.5953640659062636,1.6688000492277182,1.7383083189583333,1.8221192483678668,1.896215243235368,1.9564815298337195
1700000003035000000,13035000000,608,607,607,0,0,,,,0,open_hand,hold,200.0,dev-0123456789abcdef0123456789abcdef,synthetic-1-open_hand,29,protocol,synthetic-demo-contract-v1,True,1.6662031270481445,1.7571754683550553,1.819528399618694,1.8979040586716798,1.9734705919168232,2.0632809471703406,2.1412311213589263,2.208088162431692
1700000003040000000,13040000000,609,608,608,0,0,,,,0,open_hand,hold,200.0,dev-0123456789abcdef0123456789abcdef,synthetic-1-open_hand,29,protocol,synthetic-demo-contract-v1,True,1.8799846323378484,1.976814590478606,2.04337741052129,2.126644198419473,2.208254842965561,2.3039516278557524,2.3857425027185357,2.459234454130067
1700000003045000000,13045000000,610,609,609,0,0,,,,0,open_hand,hold,200.0,dev-0123456789abcdef0123456789abcdef,synthetic-1-open_hand,29,protocol,synthetic-demo-contract-v1,True,2.0935520055537515,2.1959590781746416,2.266933538496581,2.355047707342568,2.4426820934452436,2.5441492717820515,2.629777502227745,2.709941810946232
1700000003050000000,13050000000,611,610,610,0,0,,,,0,open_hand,hold,200.0,dev-0123456789abcdef0123456789abcdef,synthetic-1-open_hand,29,protocol,synthetic-demo-contract-v1,True,2.306912439134371,2.414616146657654,2.4902189820877436,2.5831422402754587,2.676774052579583,2.7838934194005294,2.8733657577228566,2.960232934048181
1700000003055000000,13055000000,612,611,611,0,0,,,,0,open_hand,hold,200.0,dev-0123456789abcdef0123456789abcdef,synthetic-1-open_hand,29,protocol,synthetic-demo-contract-v1,True,2.520070865305681,2.632795808901308,2.7132556387241795,2.810955755387825,2.9105530637196324,3.0232051303772676,3.1165383265677775,3.210131756370515
1700000003060000000,13060000000,613,612,612,0,0,,,,0,open_hand,hold,200.0,dev-0123456789abcdef0123456789abcdef,synthetic-1-open_hand,29,protocol,synthetic-demo-contract-v1,True,2.7330302563106748,2.8505110168967813,2.936065059849963,3.0385164070845967,3.1440420519147874,3.262106938176493,3.3593275776223166,3.4596633756878346
1700000003065000000,13065000000,614,613,613,0,0,,,,0,open_hand,hold,200.0,dev-0123456789abcdef0123456789abcdef,synthetic-1-open_hand,29,protocol,synthetic-demo-contract-v1,True,2.945791983249454,3.06777777091663,3.158668420816189,3.2658524449744406,3.377264472837309,3.500622799111293,3.6017670789802345,3.7088539843172987
1700000003070000000,13070000000,615,614,614,0,0,,,,0,open_hand,hold,200.0,dev-0123456789abcdef0123456789abcdef,synthetic-1-open_hand,29,protocol,synthetic-demo-contract-v1,True,3.1583562249296606,3.284615194121903,3.3810865051840095,3.4929921193619418,3.610244263057182,3.7387780358911704,3.843891481897634,3.9577307956315426
1700000003075000000,13075000000,616,615,615,0,0,,,,0,open_hand,hold,200.0,dev-0123456789abcdef0123456789abcdef,synthetic-1-open_hand,29,protocol,synthetic-demo-contract-v1,True,3.370722417054641,3.501045570351222,3.603339702877222,3.7199635936304736,3.8430057916352163,3.9765992757205653,4.085736401344585,4.206321967571907
1700000003080000000,13080000000,617,616,616,0,0,,,,0,open_hand,hold,200.0,dev-0123456789abcdef0123456789abcdef,synthetic-1-open_hand,29,protocol,synthetic-demo-contract-v1,True,3.5828897312056665,3.7170943434685952,3.825448021424909,3.946794863792819,4.0755738129752945,4.214114383028006,4.327338293623665,4.454656523360592
1700000003085000000,13085000000,618,617,617,0,0,,,,0,open_hand,hold,200.0,dev-0123456789abcdef0123456789abcdef,synthetic-1-open_hand,29,protocol,synthetic-demo-contract-v1,True,3.794857572422409,3.93279007721302,4.047431109347735,4.173513685395527,4.307973420851303,4.4513523869313865,4.568734331507845,4.702764269618309
1700000003090000000,13090000000,619,618,618,0,0,,,,0,open_hand,hold,200.0,dev-0123456789abcdef0123456789abcdef,synthetic-1-open_hand,29,protocol,synthetic-demo-contract-v1,True,4.006626083766345,4.148164375079204,4.269308290568982,4.400147507872095,4.540230003501251,4.68834340357126,4.809962277357194,4.950675712101746
1700000003095000000,13095000000,620,619,619,0,0,,,,0,open_hand,hold,200.0,dev-0123456789abcdef0123456789abcdef,synthetic-1-open_hand,29,protocol,synthetic-demo-contract-v1,True,4.218196646073411,4.36325176035559,4.49109860857513,4.626723416350115,4.772369199660347,4.925118553470535,5.051060354679011,5.198421969282263
1700000003100000000,13100000000,621,620,620,0,0,,,,0,open_hand,hold,200.0,dev-0123456789abcdef0123456789abcdef,synthetic-1-open_hand,29,protocol,synthetic-demo-contract-v1,True,4.429572361168795,4.578089517044282,4.7128208789128685,4.853268080829521,5.004416855386676,5.16170987410559,5.292067118599247,5.446034683993949
1700000003105000000,13105000000,622,621,621,0,0,,,,0,open_hand,hold,200.0,dev-0123456789abcdef0123456789abcdef,synthetic-1-open_hand,29,protocol,synthetic-demo-contract-v1,True,4.640758507127003,4.792717492978083,4.934493748491653,5.079807712563961,5.236398981517809,5.398150227900375,5.533021325714514,5.69354593338536
1700000003110000000,13110000000,623,622,622,0,0,,,,0,open_hand,hold,200.0,dev-0123456789abcdef0123456789abcdef,synthetic-1-open_hand,29,protocol,synthetic-demo-contract-v1,True,4.851762954708018,5.007177867023507,5.156135760064645,5.30636802739597,5.468341711584217,5.63447320588127,5.773961803793451,5.940988137414864
1700000003115000000,13115000000,624,623,623,0,0,,,,0,open_hand,hold,200.0,dev-0123456789abcdef0123456789abcdef,synthetic-1-open_hand,29,protocol,synthetic-demo-contract-v1,True,5.062596534874412,5.221514882806538,5.377765420187584,5.5329742157198245,5.70027125999607,5.870713027256438,6.014927321794031,6.188393966134665
1700000003120000000,13120000000,625,624,624,0,0,,,,0,open_hand,hold,200.0,dev-0123456789abcdef0123456789abcdef,synthetic-1-open_hand,29,protocol,synthetic-demo-contract-v1,True,5.273273348278886,5.43577455191128,5.599401268905361,5.759650918674581,5.932213880313667,6.106904435208531,6.25595646065907,6.435796246013032
1700000003125000000,13125000000,626,625,625,0,0,,,,0,open_hand,hold,200.0,dev-0123456789abcdef0123456789abcdef,synthetic-1-open_hand,29,protocol,synthetic-demo-contract-v1,True,-0.01618899121297989,0.01250432997294868,0.046061949390973855,0.07392221010459234,0.11419582340891105,0.1555825892142882,0.17208748534650417,0.22072786554830753
1700000003130000000,13130000000,627,626,626,0,0,,,,0,open_hand,hold,200.0,dev-0123456789abcdef0123456789abcdef,synthetic-1-open_hand,29,protocol,synthetic-demo-contract-v1,True,0.19423081444188867,0.22675276950801823,0.26776627576087064,0.30081158376620376,0.34624329532531345,0.3917829542280196,0.41335821854308585,0.4682216804314711
1700000003135000000,13135000000,628,627,627,0,0,,,,0,open_hand,hold,200.0,dev-0123456789abcdef0123456789abcdef,synthetic-1-open_hand,29,protocol,synthetic-demo-contract-v1,True,0.4045578407585368,0.4410691536896696,0.4895332973149703,0.5278419452083325,0.5783824146476175,0.628041187088607,0.6548059165009665,0.7158104185168837
1700000003140000000,13140000000,629,628,628,0,0,,,,0,open_hand,hold,200.0,dev-0123456789abcdef0123456789abcdef,synthetic-1-open_hand,29,protocol,synthetic-demo-contract-v1,True,0.6148209528267005,0.6555031155799508,0.7113823574982047,0.7550356077112872,0.8106391691987705,0.8643930205308675,0.8964671474254517,0.9635265848628253
1700000003145000000,13145000000,630,629,629,0,0,,,,0,open_hand,hold,200.0,dev-0123456789abcdef0123456789abcdef,synthetic-1-open_hand,29,protocol,synthetic-demo-contract-v1,True,0.8250527343673518,0.8701042475666697,0.9333331459528521,0.9824142916332815,1.0430393718918316,1.1008741452020632,1.1383776728296544,1.2114023671049217
1700000003150000000,13150000000,631,630,630,0,0,,,,0,open_hand,hold,200.0,dev-0123456789abcdef0123456789abcdef,synthetic-1-open_hand,29,protocol,synthetic-demo-contract-v1,True,1.035289333598531,1.0849217059192218,1.1554057421262307,1.2099991264877428,1.2756086155772974,1.3375200901026825,1.3805723322575925,1.4594695414263088
1700000003155000000,13155000000,632,631,631,0,0,,,,0,open_hand,hold,200.0,dev-0123456789abcdef0123456789abcdef,synthetic-1-open_hand,29,protocol,synthetic-demo-contract-v1,True,1.2455702274836515,1.3000038154706788,1.377620649015302,1.4378106550570555,1.508372226742161,1.5743661018872992,1.623084931761667,1.7077593793884878
1700000003160000000,13160000000,633,632,632,0,0,,,,0,open_hand,hold,200.0,dev-0123456789abcdef0123456789abcdef,synthetic-1-open_hand,29,protocol,synthetic-demo-contract-v1,True,1.4559379076259678,1.515397679452034,1.5999988157669303,1.6658688388399294,1.741355217935615,1.811447023476195,1.865948136503483,1.9563025558862506
1700000003165000000,13165000000,634,633,633,0,0,,,,0,open_hand,hold,200.0,dev-0123456789abcdef0123456789abcdef,synthetic-1-open_hand,29,protocol,synthetic-demo-contract-v1,True,1.666437492701592,1.7311487994481287,1.8225616480081512,1.8941930641301432,1.9745822388174863,2.0487971724413128,2.109193367828676,2.205129058488734
1700000003170000000,13170000000,635,634,634,0,0,,,,0,open_hand,hold,200.0,dev-0123456789abcdef0123456789abcdef,synthetic-1-open_hand,29,protocol,synthetic-demo-contract-v1,True,1.8771162738572058,1.9473007103143796,2.045331004953014,2.122802148034103,2.2080775257491303,2.2864502196410736,2.352850705147002,2.4542680984267795
1700000003175000000,13175000000,636,635,635,0,0,,,,0,open_hand,hold,200.0,dev-0123456789abcdef0123456789abcdef,synthetic-1-open_hand,29,protocol,synthetic-demo-contract-v1,True,2.088023200905797,2.1638946346907284,2.2683291825188756,2.3517143437529966,2.441864849872148,2.5244390685871783,2.596948792928265,2.703748023483954
1700000003180000000,13180000000,637,636,636,0,0,,,,0,open_hand,hold,200.0,dev-0123456789abcdef0123456789abcdef,synthetic-1-open_hand,29,protocol,synthetic-demo-contract-v1,True,2.2992083184059524,2.3809691614776347,2.4915788818835183,2.580947344482573,2.6759674636480275,2.7627957360331266,2.8415147531032043,2.9535962330453653
1700000003185000000,13185000000,638,637,637,0,0,,,,0,open_hand,hold,200.0,dev-0123456789abcdef0123456789abcdef,synthetic-1-open_hand,29,protocol,synthetic-demo-contract-v1,True,2.5107221617813638,2.598559952302167,2.715103163122098,2.8105182853188087,2.910408045860979,3.0015512342781934,3.086574103135835,3.2038390955541445
1700000003190000000,13190000000,639,638,638,0,0,,,,0,open_hand,hold,200.0,dev-0123456789abcdef0123456789abcdef,synthetic-1-open_hand,29,protocol,synthetic-demo-contract-v1,True,2.7226151245056824,2.816699479605864,2.9389253837775393,3.0404437426010964,3.145208645116869,3.240735455682446,3.3321506800105616,3.4545018686207762
1700000003195000000,13195000000,640,639,639,0,0,,,,0,open_hand,hold,200.0,dev-0123456789abcdef0123456789abcdef,synthetic-1-open_hand,29,protocol,synthetic-demo-contract-v1,True,2.9349368080255327,3.035416799535743,3.16306912243647,3.2707397301751566,3.380390621902766,3.4803770598876103,3.5782665703533074,3.7056086220248803
1700000003200000000,13200000000,641,640,640,0,0,,,,0,open_hand,hold,200.0,dev-0123456789abcdef0123456789abcdef,synthetic-1-open_hand,29,protocol,synthetic-demo-contract-v1,True,3.147735366508142,3.2547373623227793,3.3875580876025486,3.5014216921152985,3.615974589303887,3.720503364235421,3.824942046881358,3.9571821638428237
1700000003205000000,13205000000,642,641,641,0,0,,,,0,open_hand,hold,200.0,dev-0123456789abcdef0123456789abcdef,synthetic-1-open_hand,29,protocol,synthetic-demo-contract-v1,True,3.3610568586710183,3.47468286229584,3.6124160123771945,3.732504491509204,3.8519803525074763,3.9611402378693676,4.0721955113515635,4.209243969927638
1700000003210000000,13210000000,643,642,642,0,0,,,,0,open_hand,hold,200.0,dev-0123456789abcdef0123456789abcdef,synthetic-1-open_hand,29,protocol,synthetic-demo-contract-v1,True,3.5749446188756884,3.6952711291116827,3.8376665356714574,3.9640023949773506,4.088426847255827,4.2023119999975,4.320043444151086,4.461814116960069
1700000003215000000,13215000000,644,643,643,0,0,,,,0,open_hand,hold,200.0,dev-0123456789abcdef0123456789abcdef,synthetic-1-open_hand,29,protocol,synthetic-demo-contract-v1,True,3.7894386593470695,3.916516061191958,4.063333070879369,4.195929052672775,4.32533207744311,4.444041322783179,4.568500360649223,4.714911219281312
1700000003220000000,13220000000,645,644,644,0,0,,,,0,open_hand,hold,200.0,dev-0123456789abcdef0123456789abcdef,synthetic-1-open_hand,29,protocol,synthetic-demo-contract-v1,True,4.00457511482085,4.138427601755168,4.28943866313986,4.42829747358424,4.562713052082421,4.686349139317401,4.817578774402971,4.968552369708973
1700000003225000000,13225000000,646,645,645,0,0,,,,0,open_hand,hold,200.0,dev-0123456789abcdef0123456789abcdef,synthetic-1-open_hand,29,protocol,synthetic-demo-contract-v1,True,4.22038574013451,4.361011757224508,4.516005836498725,4.661119996046208,4.800585721900307,4.929254557110551,5.06728916728315,5.222753084528216
1700000003230000000,13230000000,647,646,646,0,0,,,,0,open_hand,hold,200.0,dev-0123456789abcdef0123456789abcdef,synthetic-1-open_hand,29,protocol,synthetic-demo-contract-v1,True,4.436897470279043,4.584270657190693,4.743056432451634,4.894408253441289,5.038964915845445,5.17277477752329,5.31763996656204,5.477527252839721
1700000003235000000,13235000000,648,647,647,0,0,,,,0,open_hand,hold,200.0,dev-0123456789abcdef0123456789abcdef,synthetic-1-open_hand,29,protocol,synthetic-demo-contract-v1,True,4.6541320512382525,4.808202654521612,4.970611441501845,5.128173135164309,5.277864277826067,5.416925021535771,5.568637528977975,5.732887090435241
1700000003240000000,13240000000,649,648,648,0,0,,,,0,open_hand,hold,200.0,dev-0123456789abcdef0123456789abcdef,synthetic-1-open_hand,29,protocol,synthetic-demo-contract-v1,True,4.872105748584517,5.0328024636466235,5.198690829499657,5.362424743000679,5.517296204016551,5.661718462231523,5.820286131766789,5.988843098360019
1700000003245000000,13245000000,650,649,649,0,0,,,,0,open_hand,hold,200.0,dev-0123456789abcdef0123456789abcdef,synthetic-1-open_hand,29,protocol,synthetic-demo-contract-v1,True,5.090829139301769,5.258061334511543,5.427313360643409,5.597172343154498,5.757271781097267,5.907166164347397,6.07258797062524,6.245404026309228
1700000003250000000,13250000000,651,650,650,0,0,,,,0,open_hand,hold,200.0,dev-0123456789abcdef0123456789abcdef,synthetic-1-open_hand,29,protocol,synthetic-demo-contract-v1,True,-0.1896930093018266,-0.1535327407914686,-0.118503580887939,-0.08007568575706868,-0.05219927418712388,-0.03422296878609489,0.0005431645469000891,0.040076840993045
1700000003255000000,13255000000,652,651,651,0,0,,,,0,open_hand,hold,200.0,dev-0123456789abcdef0123456789abcdef,synthetic-1-open_hand,29,protocol,synthetic-demo-contract-v1,True,0.0305382285852447,0.0730052078410658,0.11125583136606923,0.1556880916516771,0.18889132625257896,0.21255775938121466,0.2541497674471195,0.2978666995917173
1700000003260000000,13260000000,653,652,652,0,0,,,,0,open_hand,hold,200.0,dev-0123456789abcdef0123456789abcdef,synthetic-1-open_hand,29,protocol,synthetic-demo-contract-v1,True,0.2515159951709225,0.3001573897942869,0.341605691195275,0.3919701087212351,0.4305503852710655,0.46001280119524823,0.5084037864704339,0.5562769284083982
1700000003265000000,13265000000,654,653,653,0,0,,,,0,open_hand,hold,200.0,dev-0123456789abcdef0123456789abcdef,synthetic-1-open_hand,29,protocol,synthetic-demo-contract-v1,True,0.4732277953764226,0.5279035362515219,0.5725581896092848,0.6287757353040209,0.6727831664809586,0.7081443355557901,0.7632992068512106,0.8153090068133868
1700000003270000000,13270000000,655,654,654,0,0,,,,0,open_hand,hold,200.0,dev-0123456789abcdef0123456789abcdef,synthetic-1-open_hand,29,protocol,synthetic-demo-contract-v1,True,0.6956557285755879,0.7562211995333339,0.8041234516568927,0.8661092142975249,0.9155933432560918,0.9569522470544487,1.0188280231766893,1.07496255655886
1700000003275000000,13275000000,656,655,655,0,0,,,,0,open_hand,hold,200.0,dev-0123456789abcdef0123456789abcdef,synthetic-1-open_hand,29,protocol,synthetic-demo-contract-v1,True,0.9187768011055897,0.9850860646401237,1.0363093822264953,1.1039735968178295,1.1589829511899314,1.2064341136549162,1.2749802768807688,1.3352353365282483
1700000003280000000,13280000000,657,656,656,0,0,,,,0,open_hand,hold,200.0,dev-0123456789abcdef0123456789abcdef,synthetic-1-open_hand,29,protocol,synthetic-demo-contract-v1,True,1.1425633133424933,1.214472268255885,1.2691215228193993,1.3423706767301686,1.4029523444546697,1.4565852030413629,1.531744099777075,1.5961232429691028
1700000003285000000,13285000000,658,657,657,0,0,,,,0,open_hand,hold,200.0,dev-0123456789abcdef0123456789abcdef,synthetic-1-open_hand,29,protocol,synthetic-demo-contract-v1,True,1.3669833137058236,1.444352720420934,1.5025629212030518,1.5813009252982426,1.6475001565038934,1.7073984777232205,1.789105763421089,1.8576203152426949
1700000003290000000,13290000000,659,658,658,0,0,,,,0,open_hand,hold,200.0,dev-0123456789abcdef0123456789abcdef,synthetic-1-open_hand,29,protocol,synthetic-demo-contract-v1,True,1.5920011106816911,1.6746994241058624,1.7366340157423763,1.8207634267510535,1.8926232655552004,1.9588646089462083,2.047049734073427,2.1197187471076844
1700000003295000000,13295000000,660,659,659,0,0,,,,0,open_hand,hold,200.0,dev-0123456789abcdef0123456789abcdef,synthetic-1-open_hand,29,protocol,synthetic-demo-contract-v1,True,1.8175778328599497,1.9054837880170108,1.9713325360758114,2.0607558155946766,2.138316765278655,2.2109719994204466,2.305558733019853,2.3824089035390874
1700000003300000000,13300000000,661,660,660,0,0,,,,0,open_hand,hold,200.0,dev-0123456789abcdef0123456789abcdef,synthetic-1-open_hand,29,protocol,synthetic-demo-contract-v1,True,2.0436720260892858,2.1366769281337117,2.2066534216497504,2.301274216516193,2.384573941102537,2.463706814837099,2.5646138019882723,2.645679343067446
1700000003305000000,13305000000,662,661,661,0,0,,,,0,open_hand,hold,200.0,dev-0123456789abcdef0123456789abcdef,synthetic-1-open_hand,29,protocol,synthetic-demo-contract-v1,True,2.2702402761829834,2.3682499537165342,2.442588759452646,2.5423131877376606,2.6313862525294947,2.7170530241053625,2.824194373388876,2.9095168456066722
1700000003310000000,13310000000,663,662,662,0,0,,,,0,open_hand,hold,200.0,dev-0123456789abcdef0123456789abcdef,synthetic-1-open_hand,29,protocol,synthetic-demo-contract-v1,True,2.497237845170768,2.6001742338298772,2.6791277421000044,2.7838656686793146,2.8787433218340057,2.970992448202039,3.084278345090778,3.173906445722473
1700000003315000000,13315000000,664,663,663,0,0,,,,0,open_hand,hold,200.0,dev-0123456789abcdef0123456789abcdef,synthetic-1-open_hand,29,protocol,synthetic-demo-contract-v1,True,2.7246193088972848,2.8324216407865612,2.9162566472161235,3.025922932783004,3.126632929486093,3.2255048174865313,3.3448421594369924,3.4388314712767105
1700000003320000000,13320000000,665,664,664,0,0,,,,0,open_hand,hold,200.0,dev-0123456789abcdef0123456789abcdef,synthetic-1-open_hand,29,protocol,synthetic-demo-contract-v1,True,2.9523391838190878,3.0649647673406593,3.153958838840004,3.2684745463291476,3.375041016616647,3.4805678372951614,3.605860886189379,3.7042735873664214
1700000003325000000,13325000000,666,665,665,0,0,,,,0,open_hand,hold,200.0,dev-0123456789abcdef0123456789abcdef,synthetic-1-open_hand,29,protocol,synthetic-demo-contract-v1,True,3.1803525311483045,3.297777114921053,3.39221479135411,3.511508334053409,3.623951694806705,3.7361572615904053,3.867308309086354,3.9702128454597663
1700000003330000000,13330000000,667,666,666,0,0,,,,0,open_hand,hold,200.0,dev-0123456789abcdef0123456789abcdef,synthetic-1-open_hand,29,protocol,synthetic-demo-contract-v1,True,3.4086155270259897,3.530833250704545,3.631002136198055,3.7550103523328264,3.87334726344668,3.9922469744031823,4.129157015688612,4.236627737614702
1700000003335000000,13335000000,668,667,667,0,0,,,,0,open_hand,hold,200.0,dev-0123456789abcdef0123456789abcdef,synthetic-1-open_hand,29,protocol,synthetic-demo-contract-v1,True,3.6370859881706297,3.764108931865823,3.870295731387843,3.998964870665776,4.123208234872247,4.248809078769907,4.391378490181977,4.503495255649971
1700000003340000000,13340000000,669,668,668,0,0,,,,0,open_hand,hold,200.0,dev-0123456789abcdef0123456789abcdef,synthetic-1-open_hand,29,protocol,synthetic-demo-contract-v1,True,3.8657238434214154,3.997581195903545,4.110067753617681,4.243354362116065,4.37351336744145,4.505813992830889,4.6539432088016115,4.77079095512195
1700000003345000000,13345000000,670,669,669,0,0,,,,0,open_hand,hold,200.0,dev-0123456789abcdef0123456789abcdef,synthetic-1-open_hand,29,protocol,synthetic-demo-contract-v1,True,4.09449154276181,4.231228416518403,4.3502878124786335,4.488159503329252,4.624239706672961,4.763230552722924,4.916820737538391,5.038489023945135
1700000003350000000,13350000000,671,670,670,0,0,,,,0,open_hand,hold,200.0,dev-0123456789abcdef0123456789abcdef,synthetic-1-open_hand,29,protocol,synthetic-demo-contract-v1,True,4.32335439674258,4.465030325101028,4.590923086089262,4.733359184659367,4.875362634518615,5.021026121866822,5.17997983178598,5.30656235547862
1700000003355000000,13355000000,672,671,671,0,0,,,,0,open_hand,hold,200.0,dev-0123456789abcdef0123456789abcdef,synthetic-1-open_hand,29,protocol,synthetic-demo-contract-v1,True,4.552280840697545,4.698967998465914,4.831938477200836,4.978930530867299,5.126855926794634,5.2791667062203524,5.443388537586314,5.574982625885825
1700000003360000000,13360000000,673,672,672,0,0,,,,0,open_hand,hold,200.0,dev-0123456789abcdef0123456789abcdef,synthetic-1-open_hand,29,protocol,synthetic-demo-contract-v1,True,4.781242619729571,4.933023814032841,5.0732967886164655,5.224848932768878,5.378691818745752,5.537617075038762,5.707014294131541,5.8437203755601566
1700000003365000000,13365000000,674,673,673,0,0,,,,0,open_hand,hold,200.0,dev-0123456789abcdef0123456789abcdef,synthetic-1-open_hand,29,protocol,synthetic-demo-contract-v1,True,5.010214892106382,5.167181374200852,5.314958916552133,5.471088090121819,5.6308410786650285,5.796340886658819,5.970824037182078,6.112745094395068
1700000003370000000,13370000000,675,674,674,0,0,,,,0,open_hand,hold,200.0,dev-0123456789abcdef0123456789abcdef,synthetic-1-open_hand,29,protocol,synthetic-demo-contract-v1,True,5.239176250411557,5.401425402172817,5.5568840603708844,5.717620065947126,5.883273089439988,6.055300818798422,6.234784303063244,6.382025310663418
1700000003375000000,13375000000,676,675,675,0,0,,,,0,open_hand,hold,200.0,dev-0123456789abcdef0123456789abcdef,synthetic-1-open_hand,29,protocol,synthetic-demo-contract-v1,True,-0.03189133848923184,-0.0017583880368124546,0.02402994694134163,0.05191535238307616,0.08595593784311371,0.1269587028422806,0.1738613329068687,0.18902868325794833
1700000003380000000,13380000000,677,676,676,0,0,,,,0,open_hand,hold,200.0,dev-0123456789abcdef0123456789abcdef,synthetic-1-open_hand,29,protocol,synthetic-demo-contract-v1,True,0.1969973280818319,0.2326165557499836,0.266353067710855,0.29894294806955657,0.3388565113321707,0.38627566156522875,0.43802117680937364,0.4587220970323668
1700000003385000000,13385000000,678,677,677,0,0,,,,0,open_hand,hold,200.0,dev-0123456789abcdef0123456789abcdef,synthetic-1-open_hand,29,protocol,synthetic-demo-contract-v1,True,0.42583047608490804,0.46703745210771286,0.5088089264434172,0.5461704469580327,0.5919406020735787,0.6457122497282837,0.7022297975838995,0.7285717609707396
1700000003390000000,13390000000,679,678,678,0,0,,,,0,open_hand,hold,200.0,dev-0123456789abcdef0123456789abcdef,synthetic-1-open_hand,29,protocol,synthetic-demo-contract-v1,True,0.6545990740831003,0.7014919989748277,0.7513522954550748,0.7935641383391022,0.8451730178506972,0.9052285969689834,0.9664531737911922,0.9985433089019573
1700000003395000000,13395000000,680,679,679,0,0,,,,0,open_hand,hold,200.0,dev-0123456789abcdef0123456789abcdef,synthetic-1-open_hand,29,protocol,synthetic-demo-contract-v1,True,0.8832964917322762,0.9359681754625195,0.9939374780860575,1.041089117776118,1.098517699468638,1.1647845523966411,1.2306574017420409,1.2686019024658202
1700000003400000000,13400000000,681,680,680,0,0,,,,0,open_hand,hold,200.0,dev-0123456789abcdef0123456789abcdef,synthetic-1-open_hand,29,protocol,synthetic-demo-contract-v1,True,1.1119181060135017,1.1704540367970702,1.2365185750805,1.2887094085309587,1.3519378442185968,1.424339830295167,1.4948087961730034,1.5387123360278958
1700000003405000000,13405000000,682,681,681,0,0,,,,0,open_hand,hold,200.0,dev-0123456789abcdef0123456789abcdef,synthetic-1-open_hand,29,protocol,synthetic-demo-contract-v1,True,1.3404608648564162,1.404937506802758,1.4790497525022073,1.5363880929676073,1.6053960349180394,1.683854156330994,1.7588739893069456,1.808839143231783
1700000003410000000,13410000000,683,682,682,0,0,,,,0,open_hand,hold,200.0,dev-0123456789abcdef0123456789abcdef,synthetic-1-open_hand,29,protocol,synthetic-demo-contract-v1,True,1.5689228186752318,1.6394061723745972,1.7214855087989291,1.7840874533217506,1.8588543739987553,1.9432874136614642,2.0228200280204707,2.0789467048697876
1700000003415000000,13415000000,684,683,683,0,0,,,,0,open_hand,hold,200.0,dev-0123456789abcdef0123456789abcdef,synthetic-1-open_hand,29,protocol,synthetic-demo-contract-v1,True,1.7973026309930222,1.8738470843593344,1.963780938638247,2.031769121131161,2.112274622073194,2.202599788339796,2.2866144688515493,2.3489993577463246
1700000003420000000,13420000000,685,684,684,0,0,,,,0,open_hand,hold,200.0,dev-0123456789abcdef0123456789abcdef,synthetic-1-open_hand,29,protocol,synthetic-demo-contract-v1,True,2.0255990797512484,2.1082465691595766,2.2058919911753185,2.2793942345330094,2.3656183403709306,2.46175191341641,2.5502254705925442,2.618961504202634
1700000003425000000,13425000000,686,685,685,0,0,,,,0,open_hand,hold,200.0,dev-0123456789abcdef0123456789abcdef,synthetic-1-open_hand,29,protocol,synthetic-demo-contract-v1,True,2.2538105610814907,2.342590055201374,2.44777572047593,2.5269236025515056,2.6188470364019616,2.720705011143036,2.813621884226267,2.8887977219667262
1700000003430000000,13430000000,687,686,686,0,0,,,,0,open_hand,hold,200.0,dev-0123456789abcdef0123456789abcdef,synthetic-1-open_hand,29,protocol,synthetic-demo-contract-v1,True,2.481934607251407,2.5768619181626384,2.689390525906704,2.774317875422995,2.871922312171945,2.979421032695397,3.0767733399755914,3.158472873988696
1700000003435000000,13435000000,688,687,687,0,0,,,,0,open_hand,hold,200.0,dev-0123456789abcdef0123456789abcdef,synthetic-1-open_hand,29,protocol,synthetic-demo-contract-v1,True,2.7099674301885774,2.811045348552513,2.930696380417109,3.0215377199369877,3.1248060142470537,3.2378627948426693,3.3396503312506014,3.4279522179190285
1700000003440000000,13440000000,689,688,688,0,0,,,,0,open_hand,hold,200.0,dev-0123456789abcdef0123456789abcdef,synthetic-1-open_hand,29,protocol,synthetic-demo-contract-v1,True,2.937903501440179,3.0451222448647295,3.171655044773346,3.268543998710807,3.377460384942648,3.4959941130068124,3.6022242952908448,3.69720151488587
1700000003445000000,13445000000,690,689,689,0,0,,,,0,open_hand,hold,200.0,dev-0123456789abcdef0123456789abcdef,synthetic-1-open_hand,29,protocol,synthetic-demo-contract-v1,True,3.1657351786548347,3.2790731351072147,3.4122302659610417,3.515297952263741,3.629848213891076,3.7537799301726396,3.8644676903143895,3.9661871372268287
1700000003450000000,13450000000,691,690,690,0,0,,,,0,open_hand,hold,200.0,dev-0123456789abcdef0123456789abcdef,synthetic-1-open_hand,29,protocol,synthetic-demo-contract-v1,True,3.39345238769114,3.512877129042116,3.6523879581497942,3.7617613827139182,3.88193298922957,4.011186441129707,4.126354068999547,4.234876174831512
1700000003455000000,13455000000,692,691,691,0,0,,,,0,open_hand,hold,200.0,dev-0123456789abcdef0123456789abcdef,synthetic-1-open_hand,29,protocol,synthetic-demo-contract-v1,True,3.6210423682854405,3.746511902962535,3.892096364805956,4.007896837888364,4.133679047639591,4.268181211549791,4.387858148139547,4.503236539752782
1700000003460000000,13460000000,693,692,692,0,0,,,,0,open_hand,hold,200.0,dev-0123456789abcdef0123456789abcdef,synthetic-1-open_hand,29,protocol,synthetic-demo-contract-v1,True,3.848489489873425,3.97995371829254,4.1313262007483535,4.253667794614005,4.385051722464265,4.524733291428751,4.648955874324971,4.771237068747592
1700000003465000000,13465000000,694,693,693,0,0,,,,0,open_hand,hold,200.0,dev-0123456789abcdef0123456789abcdef,synthetic-1-open_hand,29,protocol,synthetic-demo-contract-v1,True,4.075775142683396,4.213177474734016,4.370050773162331,4.499038839945217,4.636017489130813,4.780813322448729,4.909624485523224,5.038847623412343
1700000003470000000,13470000000,695,694,694,0,0,,,,0,open_hand,hold,200.0,dev-0123456789abcdef0123456789abcdef,synthetic-1-open_hand,29,protocol,synthetic-demo-contract-v1,True,4.302877707633891,4.446156798106477,4.608246080818019,4.743975849081924,4.886544107110064,5.036393638845914,5.169842568438953,5.306039187582813
1700000003475000000,13475000000,696,695,695,0,0,,,,0,open_hand,hold,200.0,dev-0123456789abcdef0123456789abcdef,synthetic-1-open_hand,29,protocol,synthetic-demo-contract-v1,True,4.5297726069071444,4.678864162443264,4.845890890976221,4.9884461587413576,5.136600757655427,5.29144836140008,5.429590111553616,5.572783961675034
1700000003480000000,13480000000,697,696,696,0,0,,,,0,open_hand,hold,200.0,dev-0123456789abcdef0123456789abcdef,synthetic-1-open_hand,29,protocol,synthetic-demo-contract-v1,True,4.756432435366706,4.91127104532881,5.0829667937070475,5.232418734766508,5.386158176578942,5.545953484195,5.68884855375689,5.8390554536509205
1700000003485000000,13485000000,698,697,697,0,0,,,,0,open_hand,hold,200.0,dev-0123456789abcdef0123456789abcdef,synthetic-1-open_hand,29,protocol,synthetic-demo-contract-v1,True,4.982827171277197,5.143348114895954,5.31945823358948,5.475864332784589,5.635188781342104,5.799886953832983,5.947600828496577,6.1048285663008945
1700000003490000000,13490000000,699,698,698,0,0,,,,0,open_hand,hold,200.0,dev-0123456789abcdef0123456789abcdef,synthetic-1-open_hand,29,protocol,synthetic-demo-contract-v1,True,5.20892446310187,5.375065446358762,5.5553525190015,5.718755650769714,5.883666791764203,6.0532287408225125,6.2058314033877,6.370079680545461
1700000003495000000,13495000000,700,699,699,0,0,,,,0,open_hand,hold,200.0,dev-0123456789abcdef0123456789abcdef,synthetic-1-open_hand,29,protocol,synthetic-demo-contract-v1,True,5.434689987533582,5.606392765443398,5.790639809447422,5.961067472414694,6.131568343680479,6.305960902894541,6.463526315235054,6.634786734468256
1700000003500000000,13500000000,701,700,700,0,0,,,,0,open_hand,hold,200.0,dev-0123456789abcdef0123456789abcdef,synthetic-1-open_hand,29,protocol,synthetic-demo-contract-v1,True,0.16008787239054628,0.19979971560565887,0.2503130815989663,0.29027680027734604,0.3288715949166015,0.37056764004080633,0.39567320043684495,0.4364292978048923
1700000003505000000,13505000000,702,701,701,0,0,,,,0,open_hand,hold,200.0,dev-0123456789abcdef0123456789abcdef,synthetic-1-open_hand,29,protocol,synthetic-demo-contract-v1,True,0.38508117661071534,0.4302561454961772,0.48436807494636713,0.5313629777362324,0.575556822984343,0.6220353411057585,0.6522613207499972,0.6999886416246004
1700000003510000000,13510000000,703,702,702,0,0,,,,0,open_hand,hold,200.0,dev-0123456789abcdef0123456789abcdef,synthetic-1-open_hand,29,protocol,synthetic-demo-contract-v1,True,0.6096324183368508,0.660232412760106,0.7178032181632027,0.7718077988687608,0.8216065139458653,0.8728526218026474,0.9082815844103661,0.962947802955404
1700000003515000000,13515000000,704,703,703,0,0,,,,0,open_hand,hold,200.0,dev-0123456789abcdef0123456789abcdef,synthetic-1-open_hand,29,protocol,synthetic-demo-contract-v1,True,0.8337041410236599,0.8896996999430703,0.9506195374810277,1.0115956054505388,1.0670054419402495,1.1230103540634702,1.1637265626132403,1.2252916441182133
1700000003520000000,13520000000,705,704,704,0,0,,,,0,open_hand,hold,200.0,dev-0123456789abcdef0123456789abcdef,synthetic-1-open_hand,29,protocol,synthetic-demo-contract-v1,True,1.05725950664072,1.1186303380246765,1.1828205485450927,1.2507133703678341,1.3117407389156988,1.372501686671769,1.4185905013713305,1.487006906550795
1700000003525000000,13525000000,706,705,705,0,0,,,,0,open_hand,hold,200.0,dev-0123456789abcdef0123456789abcdef,synthetic-1-open_hand,29,protocol,synthetic-demo-contract-v1,True,1.2802629044079648,1.34699813291878,1.4144121333784527,1.4891507668342552,1.5558019541637012,1.6213220571664035,1.6728693287787189,1.7480822589189804
1700000003530000000,13530000000,707,706,706,0,0,,,,0,open_hand,hold,200.0,dev-0123456789abcdef0123456789abcdef,synthetic-1-open_hand,29,protocol,synthetic-demo-contract-v1,True,1.5026805630975888,1.5747786901692225,1.6454024042168378,1.726900222907445,1.7991811033071923,1.8694691950432807,1.9265606577201093,2.0085083393297327
1700000003535000000,13535000000,708,707,707,0,0,,,,0,open_hand,hold,200.0,dev-0123456789abcdef0123456789abcdef,synthetic-1-open_hand,29,protocol,synthetic-demo-contract-v1,True,1.7244811547757066,1.8019497330326857,1.8758015560892056,1.9639569609106902,2.0418727064528666,2.116943116320334,2.179663784075062,2.2682777914786647
1700000003540000000,13540000000,709,708,708,0,0,,,,0,open_hand,hold,200.0,dev-0123456789abcdef0123456789abcdef,synthetic-1-open_hand,29,protocol,synthetic-demo-contract-v1,True,1.945636377942616,2.0284914091774935,2.1056217101077337,2.2003190214769552,2.283873815277984,2.363746109568621,2.4321796804767577,2.5273852945833233
1700000003545000000,13545000000,710,709,709,0,0,,,,0,open_hand,hold,200.0,dev-0123456789abcdef0123456789abcdef,synthetic-1-open_hand,29,protocol,synthetic-demo-contract-v1,True,2.1661215083605194,2.2543865813382484,2.3348767494951868,2.435987272047947,2.525184028883834,2.609882713549102,2.684110985694196,2.7858275869728906
1700000003550000000,13550000000,711,710,710,0,0,,,,0,open_hand,hold,200.0,dev-0123456789abcdef0123456789abcdef,synthetic-1-open_hand,29,protocol,synthetic-demo-contract-v1,True,2.3859159064256685,2.4796210974495536,2.563582150416457,2.6709653997773484,2.76580549831104,2.8553596866302224,2.935461989715581,3.0436034832249033
1700000003555000000,13555000000,712,711,711,0,0,,,,0,open_hand,hold,200.0,dev-0123456789abcdef0123456789abcdef,synthetic-1-open_hand,29,protocol,synthetic-demo-contract-v1,True,2.60500347073676,2.7041840360351417,2.791754809694316,2.9052598889042986,3.005742919675722,3.1001859681957433,3.1862386146189956,3.300713884760044
1700000003560000000,13560000000,713,712,712,0,0,,,,0,open_hand,hold,200.0,dev-0123456789abcdef0123456789abcdef,synthetic-1-open_hand,29,protocol,synthetic-demo-contract-v1,True,2.823373028517155,2.9280679229477116,3.0194128714770274,3.1388799827795038,3.245003515949678,3.3443726322850913,3.4364483913243085,3.557161783826994
1700000003565000000,13565000000,714,713,713,0,0,,,,0,open_hand,hold,200.0,dev-0123456789abcdef0123456789abcdef,synthetic-1-open_hand,29,protocol,synthetic-demo-contract-v1,True,3.0410186547448737,3.1512689159349323,3.2465755548877473,3.371837630840949,3.4835970074718445,3.587932833739774,3.6861004323275965,3.8129522608306328
1700000003570000000,13570000000,715,714,714,0,0,,,,0,open_hand,hold,200.0,dev-0123456789abcdef0123456789abcdef,synthetic-1-open_hand,29,protocol,synthetic-demo-contract-v1,True,3.257939913207266,3.373786953942667,3.4732629846232164,3.604147420948102,3.7215355713418217,3.8308817471589007,3.935205400526241,4.06809247497851
1700000003575000000,13575000000,716,715,715,0,0,,,,0,open_hand,hold,200.0,dev-0123456789abcdef0123456789abcdef,synthetic-1-open_hand,29,protocol,synthetic-demo-contract-v1,True,3.4741420141992623,3.5956258685509,3.6994960263830645,3.8358264975916603,3.9588337899088826,4.073236498994466,4.183775474249212,4.322591648242403
1700000003580000000,13580000000,717,716,716,0,0,,,,0,open_hand,hold,200.0,dev-0123456789abcdef0123456789abcdef,synthetic-1-open_hand,29,protocol,synthetic-demo-contract-v1,True,3.68963588519482,3.8167934554637784,3.925296128902253,4.0668944665994,4.195508588631033,4.315016093142648,4.4318243086130105,4.576461042653789
1700000003585000000,13585000000,718,717,717,0,0,,,,0,open_hand,hold,200.0,dev-0123456789abcdef0123456789abcdef,synthetic-1-open_hand,29,protocol,synthetic-demo-contract-v1,True,3.904438152508127,4.037301504534567,4.150685174229379,4.297373287056593,4.431579163638136,4.5562413304108915,4.6793669933291655,4.829713930974263
1700000003590000000,13590000000,719,718,718,0,0,,,,0,open_hand,hold,200.0,dev-0123456789abcdef0123456789abcdef,synthetic-1-open_hand,29,protocol,synthetic-demo-contract-v1,True,4.1185710336901025,4.257165787390707,4.37568533774439,4.527287151250924,4.667066899390285,4.796934722261781,4.926420007094269,5.082365560804043
1700000003595000000,13595000000,720,719,719,0,0,,,,0,open_hand,hold,200.0,dev-0123456789abcdef0123456789abcdef,synthetic-1-open_hand,29,protocol,synthetic-demo-contract-v1,True,4.332062142141856,4.476406002324453,4.600318959242777,4.75666235353597,4.901995276877204,5.037120399253713,5.173001168698142,5.334433112213854
1700000003600000000,13600000000,721,720,720,0,0,,,,0,open_hand,hold,200.0,dev-0123456789abcdef0123456789abcdef,synthetic-1-open_hand,29,protocol,synthetic-demo-contract-v1,True,4.544944207134882,4.695045676721916,4.824608426231699,4.985527149083576,5.136389772856121,5.276824014614977,5.419129584989978,5.585935649007476
1700000003605000000,13605000000,722,721,721,0,0,,,,0,open_hand,hold,200.0,dev-0123456789abcdef0123456789abcdef,synthetic-1-open_hand,29,protocol,synthetic-demo-contract-v1,True,4.757254714073296,4.913112027907918,5.048576070389052,5.2139116035629085,5.3702777506738215,5.516072643402031,5.664825595846162,5.836894063743927
1700000003610000000,13610000000,723,722,722,0,0,,,,0,open_hand,hold,200.0,dev-0123456789abcdef0123456789abcdef,synthetic-1-open_hand,29,protocol,synthetic-demo-contract-v1,True,4.969035471383203,5.130635783877314,5.272244077931969,5.441847434842388,5.603688343263401,5.7548946777045265,5.910110716287053,6.087331016669839
1700000003615000000,13615000000,724,723,723,0,0,,,,0,open_hand,hold,200.0,dev-0123456789abcdef0123456789abcdef,synthetic-1-open_hand,29,protocol,synthetic-demo-contract-v1,True,5.1803321118367105,5.347650965955518,5.49563441442896,5.669367847859202,5.836652328946891,5.993319718368828,6.15500757589314,6.337270868733594
1700000003620000000,13620000000,725,724,724,0,0,,,,0,open_hand,hold,200.0,dev-0123456789abcdef0123456789abcdef,synthetic-1-open_hand,29,protocol,synthetic-demo-contract-v1,True,5.391193537384812,5.564194635973807,5.718768764372916,5.896507363839739,6.069202000711654,6.231378463718631,6.3995398556739715,6.586739608873512
1700000003625000000,13625000000,726,725,725,0,0,,,,0,open_hand,hold,200.0,dev-0123456789abcdef0123456789abcdef,synthetic-1-open_hand,29,protocol,synthetic-demo-contract-v1,True,0.10167131765830706,0.1428066110497046,0.16666848561313546,0.21080164508230145,0.25137102966051633,0.281602595755433,0.3187322225458201,0.3732647757924721
1700000003630000000,13630000000,727,726,726,0,0,,,,0,open_hand,hold,200.0,dev-0123456789abcdef0123456789abcdef,synthetic-1-open_hand,29,protocol,synthetic-demo-contract-v1,True,0.311819053177658,0.3585291495221046,0.389354578526295,0.4372873165311241,0.4831943233633229,0.5190246643236054,0.562610261576497,0.6218753744509773
1700000003635000000,13635000000,728,727,727,0,0,,,,0,open_hand,hold,200.0,dev-0123456789abcdef0123456789abcdef,synthetic-1-open_hand,29,protocol,synthetic-demo-contract-v1,True,0.5216917149729514,0.5739066119972528,0.6118476695914524,0.6635017853774522,0.7147078798601859,0.7561779697240074,0.8062004061577691,0.8701017875294035
1700000003640000000,13640000000,729,728,728,0,0,,,,0,open_hand,hold,200.0,dev-0123456789abcdef0123456789abcdef,synthetic-1-open_hand,29,protocol,synthetic-demo-contract-v1,True,0.7313449727411979,0.7889851018096554,0.8341680088259674,0.8894830599197946,0.9459486380848022,0.9930964442572849,1.0495298662678776,1.1179756821284723
1700000003645000000,13645000000,730,729,729,0,0,,,,0,open_hand,hold,200.0,dev-0123456789abcdef0123456789abcdef,synthetic-1-open_hand,29,protocol,synthetic-demo-contract-v1,True,0.9408345238510407,1.003812089485531,1.0563354803397154,1.1152695689010057,1.176954325488952,1.2298145331725967,1.2926265549883273,1.3655299119941922
1700000003650000000,13650000000,731,730,730,0,0,,,,0,open_hand,hold,200.0,dev-0123456789abcdef0123456789abcdef,synthetic-1-open_hand,29,protocol,synthetic-demo-contract-v1,True,1.1502154354413325,1.2184360260116556,1.2783696250771588,1.3408999825151904,1.4077633036571522,1.4663670754899911,1.5355190134406913,1.6127984155699886
1700000003655000000,13655000000,732,731,731,0,0,,,,0,open_hand,hold,200.0,dev-0123456789abcdef0123456789abcdef,synthetic-1-open_hand,29,protocol,synthetic-demo-contract-v1,True,1.3595415115513252,1.4329059498560073,1.500289674642974,1.5664130362427247,1.6384144127032565,1.7027891851550359,1.7782363343106473,1.8598161101942934
1700000003660000000,13660000000,733,732,732,0,0,,,,0,open_hand,hold,200.0,dev-0123456789abcdef0123456789abcdef,synthetic-1-open_hand,29,protocol,synthetic-demo-contract-v1,True,1.5688646966726847,1.6472710927562164,1.7221145949491037,1.7918473586272514,1.868946815238397,1.9391161329724897,2.0208080841276654,2.1066187827762883
1700000003665000000,13665000000,734,733,733,0,0,,,,0,open_hand,hold,200.0,dev-0123456789abcdef0123456789abcdef,synthetic-1-open_hand,29,protocol,synthetic-demo-contract-v1,True,1.7782345263387063,1.8615804892867323,1.9438631382815745,2.0172413040550636,2.09939984069246,2.1753832297522107,2.2632642244699857,2.3532429772960044
1700000003670000000,13670000000,735,734,734,0,0,,,,0,open_hand,hold,200.0,dev-0123456789abcdef0123456789abcdef,synthetic-1-open_hand,29,protocol,synthetic-demo-contract-v1,True,1.9876976343796091,2.075882595135693,2.1655539022657107,2.2426327915351476,2.329812830759029,2.411625711084944,2.5056350322655234,2.599725879487251
1700000003675000000,13675000000,736,735,735,0,0,,,,0,open_hand,hold,200.0,dev-0123456789abcdef0123456789abcdef,synthetic-1-open_hand,29,protocol,synthetic-demo-contract-v1,True,2.1972973252950236,2.290224918869325,2.3872053941102496,2.4680591504082448,2.5602249867168068,2.647878624148521,2.7479510193603227,2.8461051990730595
1700000003680000000,13680000000,737,736,736,0,0,,,,0,open_hand,hold,200.0,dev-0123456789abcdef0123456789abcdef,synthetic-1-open_hand,29,protocol,synthetic-demo-contract-v1,True,2.4070732188496358,2.504653671737481,2.608836098435342,2.6935569738360683,2.7906752193589215,2.8841767169262185,2.990242851526997,3.092419049933227
1700000003685000000,13685000000,738,737,737,0,0,,,,0,open_hand,hold,200.0,dev-0123456789abcdef0123456789abcdef,synthetic-1-open_hand,29,protocol,synthetic-demo-contract-v1,True,2.6170609725130323,2.7192134397823895,2.830464546937653,2.9191619808382976,3.0212020022355355,3.120554330198913,3.2325412670863756,3.338705828592242
1700000003690000000,13690000000,739,738,738,0,0,,,,0,open_hand,hold,200.0,dev-0123456789abcdef0123456789abcdef,synthetic-1-open_hand,29,protocol,synthetic-demo-contract-v1,True,2.827292085770302,2.9339468821583403,3.052109388118335,3.144908887555904,3.251843228885012,3.357045292651272,3.474876995316234,3.5850040914232966
1700000003695000000,13695000000,740,739,739,0,0,,,,0,open_hand,hold,200.0,dev-0123456789abcdef0123456789abcdef,synthetic-1-open_hand,29,protocol,synthetic-demo-contract-v1,True,3.0377937886584347,3.148894459158379,3.2737894552968787,3.3708312883256517,3.482636074694788,3.5936828194097177,3.717280674821622,3.8313524309701066
1700000003700000000,13700000000,741,740,740,0,0,,,,0,open_hand,hold,200.0,dev-0123456789abcdef0123456789abcdef,synthetic-1-open_hand,29,protocol,synthetic-demo-contract-v1,True,3.2485890151690886,3.3640941929816464,3.495523831155841,3.596961547053234,3.7136168639953544,3.8304994143064666,3.9597827720417516,4.0777893517930135
1700000003705000000,13705000000,742,741,741,0,0,,,,0,open_hand,hold,200.0,dev-0123456789abcdef0123456789abcdef,synthetic-1-open_hand,29,protocol,synthetic-demo-contract-v1,True,3.4596964604357585,3.5795814637688985,3.7173319071078668,3.823330699272396,3.9448209429496686,4.067526776139699,4.202413500068881,4.324353146249109
1700000003710000000,13710000000,743,742,742,0,0,,,,0,open_hand,hold,200.0,dev-0123456789abcdef0123456789abcdef,synthetic-1-open_hand,29,protocol,synthetic-demo-contract-v1,True,3.671130718927955,3.795388842891984,3.9392334358467918,4.0499683651755936,4.176282558756283,4.304795709175124,4.445202737954936,4.571081770618116
1700000003715000000,13715000000,744,743,743,0,0,,,,0,open_hand,hold,200.0,dev-0123456789abcdef0123456789abcdef,synthetic-1-open_hand,29,protocol,synthetic-demo-contract-v1,True,3.8829024992409993,4.01154596491388,4.161248575537867,4.276902673799155,4.408034745637707,4.5423360381088465,4.68817995068184,4.818012721986178
1700000003720000000,13720000000,745,744,744,0,0,,,,0,open_hand,hold,200.0,dev-0123456789abcdef0123456789abcdef,synthetic-1-open_hand,29,protocol,synthetic-demo-contract-v1,True,4.095018909530925,4.22807943904833,4.383397924217283,4.504160198443653,4.640109218036557,4.780176527685858,4.931374109971588,5.065182916298839
1700000003725000000,13725000000,746,745,745,0,0,,,,0,open_hand,hold,200.0,dev-0123456789abcdef0123456789abcdef,synthetic-1-open_hand,29,protocol,synthetic-demo-contract-v1,True,4.3074838062308975,4.445012800351247,4.605702543106688,4.731765903309233,4.872536271391164,5.01834480714282,5.174813616112185,5.312628567992133
1700000003730000000,13730000000,747,746,746,0,0,,,,0,open_hand,hold,200.0,dev-0123456789abcdef0123456789abcdef,synthetic-1-open_hand,29,protocol,synthetic-demo-contract-v1,True,4.52029819742725,4.662366500278947,4.828183967702436,4.959743101226831,5.105344690809894,5.256867299618005,5.418526220975265,5.560385071606877
1700000003735000000,13735000000,748,747,747,0,0,,,,0,open_hand,hold,200.0,dev-0123456789abcdef0123456789abcdef,synthetic-1-open_hand,29,protocol,synthetic-demo-contract-v1,True,4.733460691195254,4.8801579356605345,5.050864205670166,5.188113422270755,5.338561667909984,5.495769156645833,5.662538952401037,5.808486885786111
1700000003740000000,13740000000,749,748,748,0,0,,,,0,open_hand,hold,200.0,dev-0123456789abcdef0123456789abcdef,synthetic-1-open_hand,29,protocol,synthetic-demo-contract-v1,True,4.946967978318954,5.098401514562029,5.273765720760567,5.416896792946549,5.572212726032452,5.73507419782819,5.906878040125549,6.056967420048917
1700000003745000000,13745000000,750,749,749,0,0,,,,0,open_hand,hold,200.0,dev-0123456789abcdef0123456789abcdef,synthetic-1-open_hand,29,protocol,synthetic-demo-contract-v1,True,5.160815338163493,5.317108756977401,5.496911402159711,5.646111425561669,5.80632165399028,5.974804855750064,6.151568843424717,6.305858924725944
1700000003750000000,13750000000,751,750,750,0,0,,,,0,open_hand,hold,200.0,dev-0123456789abcdef0123456789abcdef,synthetic-1-open_hand,29,protocol,synthetic-demo-contract-v1,True,-0.12500284395443545,-0.10121157222557166,-0.05467548110558057,-0.03672618269427143,-0.009089551547411092,0.0274821261828783,0.07163578064851224,0.09269238443244268
1700000003755000000,13755000000,752,751,751,0,0,,,,0,open_hand,hold,200.0,dev-0123456789abcdef0123456789abcdef,synthetic-1-open_hand,29,protocol,synthetic-demo-contract-v1,True,0.08950744026640428,0.11844669885939024,0.16902865912727633,0.19339875849286015,0.22599926501379589,0.268125523595576,0.31710226081762355,0.3424974154439784
1700000003760000000,13760000000,753,752,752,0,0,,,,0,open_hand,hold,200.0,dev-0123456789abcdef0123456789abcdef,synthetic-1-open_hand,29,protocol,synthetic-demo-contract-v1,True,0.3043403270356988,0.3385873371110464,0.3930476543943034,0.42399934935174916,0.4616063779437638,0.5092530419710014,0.5629906174534542,0.5928021673278622
1700000003765000000,13765000000,754,753,753,0,0,,,,0,open_hand,hold,200.0,dev-0123456789abcdef0123456789abcdef,synthetic-1-open_hand,29,protocol,synthetic-demo-contract-v1,True,0.5194905618222956,0.5592119142773377,0.6174054890582307,0.6550870246896148,0.697748148563347,0.7508811209036074,0.8093220448105842,0.8436332291700631
1700000003770000000,13770000000,755,754,754,0,0,,,,0,open_hand,hold,200.0,dev-0123456789abcdef0123456789abcdef,synthetic-1-open_hand,29,protocol,synthetic-demo-contract-v1,True,0.7349539462123329,0.7803200347334236,0.842126195468815,0.8866715857054516,0.9344390021397233,0.9930246169340491,1.056116536678794,1.0950155407227449
1700000003775000000,13775000000,756,755,755,0,0,,,,0,open_hand,hold,200.0,dev-0123456789abcdef0123456789abcdef,synthetic-1-open_hand,29,protocol,synthetic-demo-contract-v1,True,0.950727740126037,1.0019095767713366,1.0672337355361108,1.118761238185594,1.1716914131479381,1.2356967800569676,1.3033928279193634,1.3469723087818457
1700000003780000000,13780000000,757,756,756,0,0,,,,0,open_hand,hold,200.0,dev-0123456789abcdef0123456789abcdef,synthetic-1-open_hand,29,protocol,synthetic-demo-contract-v1,True,1.1668110102250262,1.2239769429331717,1.2927518696301237,1.3513626362814728,1.4095158986994296,1.4789092353202324,1.5511683388976254,1.5995249290872307
1700000003785000000,13785000000,758,757,757,0,0,,,,0,open_hand,hold,200.0,dev-0123456789abcdef0123456789abcdef,synthetic-1-open_hand,29,protocol,synthetic-demo-contract-v1,True,1.3832049165123326,1.446517314813601,1.5187040139181947,1.5844809310454757,1.6479210198952696,1.7226719694171944,1.7994591229705867,1.8526929140199582
1700000003790000000,13790000000,759,758,758,0,0,,,,0,open_hand,hold,200.0,dev-0123456789abcdef0123456789abcdef,synthetic-1-open_hand,29,protocol,synthetic-demo-contract-v1,True,1.5999129304634199,1.6695249077448153,1.745113087437252,1.818119822886333,1.886913390821732,1.9669933221581626,2.048279817184872,2.1064938263522057
1700000003795000000,13795000000,760,759,759,0,0,,,,0,open_hand,hold,200.0,dev-0123456789abcdef0123456789abcdef,synthetic-1-open_hand,29,protocol,synthetic-demo-contract-v1,True,1.8169409795008507,1.8929932208377989,1.9720013503693081,2.0522816171004186,2.1264976948688896,2.211879982693448,2.297643596336283,2.3609432192854927
1700000003800000000,13800000000,761,760,760,0,0,,,,0,open_hand,hold,200.0,dev-0123456789abcdef0123456789abcdef,synthetic-1-open_hand,29,protocol,synthetic-demo-contract-v1,True,2.03429751420751,2.116915277986892,2.199390235142916,2.2869672816397086,2.3666767080193396,2.4573369903478213,2.5475621305377354,2.6160545829919477
1700000003805000000,13805000000,762,761,761,0,0,,,,0,open_hand,hold,200.0,dev-0123456789abcdef0123456789abcdef,synthetic-1-open_hand,29,protocol,synthetic-demo-contract-v1,True,2.251993496331116,2.341283855647791,2.427300172118854,2.522176506290785,2.607451328724213,2.703367739915308,2.7980455464374603,2.8718392978517615
1700000003810000000,13810000000,763,762,762,0,0,,,,0,open_hand,hold,200.0,dev-0123456789abcdef0123456789abcdef,synthetic-1-open_hand,29,protocol,synthetic-demo-contract-v1,True,2.47004230733197,2.5660916934689855,2.655750411733114,2.7579077624619077,2.848820613957397,2.9499739912537692,3.049102392223844,3.1283065945575625
1700000003815000000,13815000000,764,763,763,0,0,,,,0,open_hand,hold,200.0,dev-0123456789abcdef0123456789abcdef,synthetic-1-open_hand,29,protocol,synthetic-demo-contract-v1,True,2.688459578931695,2.7913316841887665,2.8847588450628576,2.99415836280651,3.090781821016542,3.1971558830107307,3.300739606547346,3.385463521233388
1700000003820000000,13820000000,765,764,764,0,0,,,,0,open_hand,hold,200.0,dev-0123456789abcdef0123456789abcdef,synthetic-1-open_hand,29,protocol,synthetic-demo-contract-v1,True,2.90726294879808,3.0169970395990426,3.1143418248500416,3.23092451995102,3.3333304546210645,3.444911950305465,3.5529624914834264,3.6433149176923183
1700000003825000000,13825000000,766,765,765,0,0,,,,0,open_hand,hold,200.0,dev-0123456789abcdef0123456789abcdef,synthetic-1-open_hand,29,protocol,synthetic-demo-contract-v1,True,3.1264717461155778,3.2430814298168604,3.3445139890618956,3.468201403642217,3.576460318843007,3.6932391461872616,3.805774689653311,3.9018633969326677
1700000003830000000,13830000000,767,766,766,0,0,,,,0,open_hand,hold,200.0,dev-0123456789abcdef0123456789abcdef,synthetic-1-open_hand,29,protocol,synthetic-demo-contract-v1,True,3.3461066133094186,3.4695790935878574,3.5752880890866887,3.705983195683784,3.820163573396365,3.9421328666862663,4.059178165611888,4.161109333948131
1700000003835000000,13835000000,768,767,767,0,0,,,,0,open_hand,hold,200.0,dev-0123456789abcdef0123456789abcdef,synthetic-1-open_hand,29,protocol,synthetic-demo-contract-v1,True,3.5661890715823747,3.6964849178649266,3.8066748246568114,3.944263142092603,4.064430793804243,4.1915869792709985,4.313173191603752,4.421050861902358
1700000003840000000,13840000000,769,768,768,0,0,,,,0,open_hand,hold,200.0,dev-0123456789abcdef0123456789abcdef,synthetic-1-open_hand,29,protocol,synthetic-demo-contract-v1,True,3.7867410391584815,3.9237944854520688,4.038682687559099,4.183033601972075,4.309251034961054,4.441593854525813,4.567758337779755,4.681683875693363
1700000003845000000,13845000000,770,769,769,0,0,,,,0,open_hand,hold,200.0,dev-0123456789abcdef0123456789abcdef,synthetic-1-open_hand,29,protocol,synthetic-demo-contract-v1,True,4.007784312181859,4.1515040900687605,4.271317816134705,4.422286092671334,4.554611897608668,4.692144400861898,4.822930466957013,4.94300204290791
1700000003850000000,13850000000,771,770,770,0,0,,,,0,open_hand,hold,200.0,dev-0123456789abcdef0123456789abcdef,synthetic-1-open_hand,29,protocol,synthetic-demo-contract-v1,True,4.229340019069576,4.379610718765377,4.504583862488325,4.662011330875016,4.800499597251048,4.9432281020769855,5.078684733995493,5.204996822140664
1700000003855000000,13855000000,772,771,771,0,0,,,,0,open_hand,hold,200.0,dev-0123456789abcdef0123456789abcdef,synthetic-1-open_hand,29,protocol,synthetic-demo-contract-v1,True,4.451428059747606,4.608112002195945,4.738481874219988,4.90219926934728,5.046899035041165,5.19483305758161,5.335014589853822,5.467657488627683
1700000003860000000,13860000000,773,772,772,0,0,,,,0,open_hand,hold,200.0,dev-0123456789abcdef0123456789abcdef,synthetic-1-open_hand,29,protocol,synthetic-demo-contract-v1,True,4.6740665415952085,4.83700613382163,4.973010192363141,5.14283912913516,5.293793870186838,5.4469460251134505,5.5919117903759545,5.730971167118612
1700000003865000000,13865000000,774,773,773,0,0,,,,0,open_hand,hold,200.0,dev-0123456789abcdef0123456789abcdef,synthetic-1-open_hand,29,protocol,synthetic-demo-contract-v1,True,4.8972712240771745,5.066291759667832,5.208164367061827,5.383919427119107,5.541166593438264,5.699552465765929,5.849366409848807,5.994922871887052
1700000003870000000,13870000000,775,774,774,0,0,,,,0,open_hand,hold,200.0,dev-0123456789abcdef0123456789abcdef,synthetic-1-open_hand,29,protocol,synthetic-demo-contract-v1,True,5.121054983951969,5.295967840780796,5.443937092349036,5.6254279988818405,5.788998601239306,5.952636591162623,6.107366859358887,6.2594955537538945
1700000003875000000,13875000000,776,775,775,0,0,,,,0,open_hand,hold,200.0,dev-0123456789abcdef0123456789abcdef,synthetic-1-open_hand,29,protocol,synthetic-demo-contract-v1,True,-0.15457268739162208,-0.11146650898212983,-0.09468183880015155,-0.045147983050532636,-0.012729729853266333,0.01868141261532051,0.040899909963391774,0.06217015397420657
1700000003880000000,13880000000,777,776,776,0,0,,,,0,open_hand,hold,200.0,dev-0123456789abcdef0123456789abcdef,synthetic-1-open_hand,29,protocol,synthetic-demo-contract-v1,True,0.0703938565105439,0.1189877932512136,0.1422944418289379,0.1971780045402116,0.23596103114640304,0.272668792110293,0.29995072067824036,0.32792566481452495
1700000003885000000,13885000000,778,777,777,0,0,,,,0,open_hand,hold,200.0,dev-0123456789abcdef0123456789abcdef,synthetic-1-open_hand,29,protocol,synthetic-demo-contract-v1,True,0.2959560109324261,0.3498295974605769,0.3798498759845988,0.4398918450351203,0.48504944352234963,0.5270794949746371,0.5595028712719801,0.5942391966241677
1700000003890000000,13890000000,779,778,778,0,0,,,,0,open_hand,hold,200.0,dev-0123456789abcdef0123456789abcdef,synthetic-1-open_hand,29,protocol,synthetic-demo-contract-v1,True,0.5221105761541214,0.5810573045306197,0.6179654997635283,0.6829787874610194,0.7345132679639186,0.7818932440822937,0.8195383998406524,0.8610860511817129
1700000003895000000,13895000000,780,779,779,0,0,,,,0,open_hand,hold,200.0,dev-0123456789abcdef0123456789abcdef,synthetic-1-open_hand,29,protocol,synthetic-demo-contract-v1,True,0.7488494840941046,0.8126686398463944,0.8566194872345221,0.9264234483477001,0.984329538626779,1.0370887754672868,1.080037845124439,1.1284398010759626
1700000003900000000,13900000000,781,780,780,0,0,,,,0,open_hand,hold,200.0,dev-0123456789abcdef0123456789abcdef,synthetic-1-open_hand,29,protocol,synthetic-demo-contract-v1,True,0.9761596019877259,1.044660420992762,1.0957872169180238,1.1702098103882237,1.2344746338958377,1.2926438952199168,1.3409802935123272,1.3962723748597796
1700000003905000000,13905000000,782,781,781,0,0,,,,0,open_hand,hold,200.0,dev-0123456789abcdef0123456789abcdef,synthetic-1-open_hand,29,protocol,synthetic-demo-contract-v1,True,1.20402261822062,1.2770283240059948,1.3354413609247928,1.4143212183923708,1.4849243456311734,1.548535537549789,1.602343430666121,1.6645541476950467
1700000003910000000,13910000000,783,782,782,0,0,,,,0,open_hand,hold,200.0,dev-0123456789abcdef0123456789abcdef,synthetic-1-open_hand,29,protocol,synthetic-demo-contract-v1,True,1.4324150138166158,1.5097666526964844,1.5755519963138873,1.6587403730781731,1.7356539467120256,1.8047398239077928,1.8641035976800648,1.9332540371879665
1700000003915000000,13915000000,784,783,783,0,0,,,,0,open_hand,hold,200.0,dev-0123456789abcdef0123456789abcdef,synthetic-1-open_hand,29,protocol,synthetic-demo-contract-v1,True,1.6613081213956513,1.7428681155588102,1.8160867379903929,1.9034493232942489,1.9866382567279863,2.0612321230670823,2.126235851676994,2.2023396040957737
1700000003920000000,13920000000,785,784,784,0,0,,,,0,open_hand,hold,200.0,dev-0123456789abcdef0123456789abcdef,synthetic-1-open_hand,29,protocol,synthetic-demo-contract-v1,True,1.8906682716924172,1.976323614709583,2.0570108922298806,2.1484294573059843,2.2378517057007716,2.3179871120708833,2.388714030726546,2.4717771575690315
1700000003925000000,13925000000,786,785,785,0,0,,,,0,open_hand,hold,200.0,dev-0123456789abcdef0123456789abcdef,synthetic-1-open_hand,29,protocol,synthetic-demo-contract-v1,True,2.1204570259957953,2.2101220511453135,2.2982876296921178,2.3936614938108534,2.4892683957537405,2.5749788379623166,2.6515108229554154,2.7415318645778246
1700000003930000000,13930000000,787,786,786,0,0,,,,0,open_hand,hold,200.0,dev-0123456789abcdef0123456789abcdef,synthetic-1-open_hand,29,protocol,synthetic-demo-contract-v1,True,2.350631491167794,2.4442501503943643,2.5398781765737866,2.639125473371973,2.7408621606794883,2.8321807802183456,2.9145978397041405,3.0115678631556104
1700000003935000000,13935000000,788,787,787,0,0,,,,0,open_hand,hold,200.0,dev-0123456789abcdef0123456789abcdef,synthetic-1-open_hand,29,protocol,synthetic-demo-contract-v1,True,2.581144712263148,2.6786923123521733,2.78174202235155,2.88480075097416,2.9926066233880295,3.0895659138163905,3.177945692569481,3.2818483790812265
1700000003940000000,13940000000,789,788,788,0,0,,,,0,open_hand,hold,200.0,dev-0123456789abcdef0123456789abcdef,synthetic-1-open_hand,29,protocol,synthetic-demo-contract-v1,True,2.811946136230128,2.9134304887414846,3.0238371423847976,3.130665990412839,3.244475251248831,3.347106772867865,3.4415240741560202,3.5523358456074985
1700000003945000000,13945000000,790,789,789,0,0,,,,0,open_hand,hold,200.0,dev-0123456789abcdef0123456789abcdef,synthetic-1-open_hand,29,protocol,synthetic-demo-contract-v1,True,3.0429821387608693,3.1484440912349703,3.2661202334844153,3.376699161223322,3.4964414093692846,3.604775514758028,3.7053018423455484,3.8229920258343832
1700000003950000000,13950000000,791,790,790,0,0,,,,0,open_hand,hold,200.0,dev-0123456789abcdef0123456789abcdef,synthetic-1-open_hand,29,protocol,synthetic-demo-contract-v1,True,3.274196605104141,3.383709932822274,3.50854696041148,3.622877538845988,3.74847841187944,3.8625439847358427,3.9692471078777936,4.093778137315303
1700000003955000000,13955000000,792,791,791,0,0,,,,0,open_hand,hold,200.0,dev-0123456789abcdef0123456789abcdef,synthetic-1-open_hand,29,protocol,synthetic-demo-contract-v1,True,3.5055315545805907,3.619202204504456,3.751072211149933,3.8691777087019754,4.000559571318127,4.120383780901123,4.233327325021576,4.364654978477689
1700000003960000000,13960000000,793,792,792,0,0,,,,0,open_hand,hold,200.0,dev-0123456789abcdef0123456789abcdef,synthetic-1-open_hand,29,protocol,synthetic-demo-contract-v1,True,3.7369277976716933,3.8548924888635114,3.9936503587011356,4.115575574824154,4.252658246238267,4.378266319538831,4.497509385101137,4.635583056432326
1700000003965000000,13965000000,794,793,793,0,0,,,,0,open_hand,hold,200.0,dev-0123456789abcdef0123456789abcdef,synthetic-1-open_hand,29,protocol,synthetic-demo-contract-v1,True,3.9683256139067917,4.0907498114917455,4.236235527077288,4.362046373649906,4.504747887169539,4.636162900752301,4.761759712628802,4.906522715741474
1700000003970000000,13970000000,795,794,794,0,0,,,,0,open_hand,hold,200.0,dev-0123456789abcdef0123456789abcdef,synthetic-1-open_hand,29,protocol,synthetic-demo-contract-v1,True,4.199665438360633,4.326740730683658,4.4787818591254425,4.608564693535687,4.756802081093916,4.894044774347981,5.026044363781869,5.177434267712351
1700000003975000000,13975000000,796,795,795,0,0,,,,0,open_hand,hold,200.0,dev-0123456789abcdef0123456789abcdef,synthetic-1-open_hand,29,protocol,synthetic-demo-contract-v1,True,4.43088854440514,4.562829465200974,4.721243783795109,4.8551045004990625,5.008794594604135,5.1518832059242285,5.290329126949018,5.448278119780858
1700000003980000000,13980000000,797,796,796,0,0,,,,0,open_hand,hold,200.0,dev-0123456789abcdef0123456789abcdef,synthetic-1-open_hand,29,protocol,synthetic-demo-contract-v1,True,4.661937710437298,4.798978059328689,4.963576280470321,5.101639170632511,5.260699415926649,5.409649543115804,5.554579625059696,5.719014904550233
1700000003985000000,13985000000,798,797,797,0,0,,,,0,open_hand,hold,200.0,dev-0123456789abcdef0123456789abcdef,synthetic-1-open_hand,29,protocol,synthetic-demo-contract-v1,True,4.892757858628203,5.035146583855605,5.20573513802138,5.3481415295651855,5.512490795998867,5.6673152819437185,5.818761419398709,5.989605608050579
1700000003990000000,13990000000,799,798,798,0,0,,,,0,open_hand,hold,200.0,dev-0123456789abcdef0123456789abcdef,synthetic-1-open_hand,29,protocol,synthetic-demo-contract-v1,True,5.1232966543001295,5.271293371046223,5.447677206292015,5.594583899274874,5.764143288795647,5.924852133217375,6.082840114597974,6.260011696788125
1700000003995000000,13995000000,800,799,799,0,0,,,,0,open_hand,hold,200.0,dev-0123456789abcdef0123456789abcdef,synthetic-1-open_hand,29,protocol,synthetic-demo-contract-v1,True,5.353505055327373,5.507375281130477,5.689360637823531,5.840938152473266,6.015631791101765,6.182232088932157,6.346781464487845,6.530195243157349
1700000004000000000,14000000000,801,800,800,0,0,,,,0,open_hand,hold,200.0,dev-0123456789abcdef0123456789abcdef,synthetic-1-open_hand,29,protocol,synthetic-demo-contract-v1,True,0.08333780195662577,0.1058479973325962,0.15574511772770971,0.1746757747041524,0.21693158192574497,0.25192748860116415,0.28555147848199386,0.33761904879499127
1700000004005000000,14005000000,802,801,801,0,0,,,,0,open_hand,hold,200.0,dev-0123456789abcdef0123456789abcdef,synthetic-1-open_hand,29,protocol,synthetic-demo-contract-v1,True,0.3127538386334826,0.34166634599785484,0.3967920797534647,0.42076793420720865,0.4680183617457406,0.5089110854544312,0.5491165281622761,0.6072467654623204
1700000004010000000,14010000000,803,802,802,0,0,,,,0,open_hand,hold,200.0,dev-0123456789abcdef0123456789abcdef,synthetic-1-open_hand,29,protocol,synthetic-demo-contract-v1,True,0.5417166607790296,0.5772846379636397,0.6374649067467976,0.6666855595104468,0.7188682917703787,0.7656561124328318,0.8124434537235562,0.876543013050734
1700000004015000000,14015000000,804,803,803,0,0,,,,0,open_hand,hold,200.0,dev-0123456789abcdef0123456789abcdef,synthetic-1-open_hand,29,protocol,synthetic-demo-contract-v1,True,0.7701945809569164,0.8126570269655501,0.8777291138778217,0.9123994246231529,0.9694580333865981,1.022136347897157,1.0754996699331645,1.145473494316
1700000004020000000,14020000000,805,804,804,0,0,,,,0,open_hand,hold,200.0,dev-0123456789abcdef0123456789abcdef,synthetic-1-open_hand,29,protocol,synthetic-demo-contract-v1,True,0.9981609104763876,1.0477378805757989,1.1175525132001982,1.1578802416092318,1.2197647879527118,1.2783261809654523,1.3382532712554978,1.4140051059580063
1700000004025000000,14025000000,806,805,805,0,0,,,,0,open_hand,hold,200.0,dev-0123456789abcdef0123456789abcdef,synthetic-1-open_hand,29,protocol,synthetic-demo-contract-v1,True,1.2255940541578532,1.2824821589446052,1.356905358315108,1.4030987602291614,1.4697663370782987,1.5342006763837812,1.6006731357893291,1.6821060456757708
1700000004030000000,14030000000,807,806,806,0,0,,,,0,open_hand,hold,200.0,dev-0123456789abcdef0123456789abcdef,synthetic-1-open_hand,29,protocol,synthetic-demo-contract-v1,True,1.4524775177106235,1.5168457964592554,1.5957604681313104,1.6480258742482983,1.7194410835132907,1.7897356388272119,1.862729027663684,1.9497459148416285
1700000004035000000,14035000000,808,807,807,0,0,,,,0,open_hand,hold,200.0,dev-0123456789abcdef0123456789abcdef,synthetic-1-open_hand,29,protocol,synthetic-demo-contract-v1,True,1.678799828902483,1.7507860813526077,1.8340933289423773,1.8926327339210423,1.968768092747015,2.044907676519143,2.1243916975377957,2.2168958164539645
1700000004040000000,14040000000,809,808,808,0,0,,,,0,open_hand,hold,200.0,dev-0123456789abcdef0123456789abcdef,synthetic-1-open_hand,29,protocol,synthetic-demo-contract-v1,True,1.9045543754026306,1.9842620282843315,2.0718821742789473,2.1368908640752142,2.2177271353940924,2.2996942640480795,2.3856329808515118,2.483528448044388
1700000004045000000,14045000000,810,809,809,0,0,,,,0,open_hand,hold,200.0,dev-0123456789abcdef0123456789abcdef,synthetic-1-open_hand,29,protocol,synthetic-demo-contract-v1,True,2.129739163818847,2.2172347389845606,2.309108042235204,2.3807722871400006,2.466298730418402,2.554073804251928,2.646425893474909,2.7496181892330283
1700000004050000000,14050000000,811,810,810,0,0,,,,0,open_hand,hold,200.0,dev-0123456789abcdef0123456789abcdef,synthetic-1-open_hand,29,protocol,synthetic-demo-contract-v1,True,2.3543565059931,2.4496677461896996,2.5457548102116,2.6242496503846495,2.7144641892188606,2.808025689030647,2.906744724409405,3.0151411836442747
1700000004055000000,14055000000,812,811,811,0,0,,,,0,open_hand,hold,200.0,dev-0123456789abcdef0123456789abcdef,synthetic-1-open_hand,29,protocol,synthetic-demo-contract-v1,True,2.578412640036171,2.681527336312165,2.781809207257526,2.867296356564869,2.9622056605720393,3.0615303589390854,3.1665651251977947,3.2800754149151
1700000004060000000,14060000000,813,812,812,0,0,,,,0,open_hand,hold,200.0,dev-0123456789abcdef0123456789abcdef,synthetic-1-open_hand,29,protocol,synthetic-demo-contract-v1,True,2.8019172948424482,2.912782846566408,3.0172608044350797,3.1098866971101087,3.2095061763968,3.314569361402924,3.4258641957070255,3.5444007765486916
1700000004065000000,14065000000,814,813,813,0,0,,,,0,open_hand,hold,200.0,dev-0123456789abcdef0123456789abcdef,synthetic-1-open_hand,29,protocol,synthetic-demo-contract-v1,True,3.024883207905341,3.143406932618579,3.2521019838555763,3.351995986928527,3.456349698275535,3.567125407392047,3.6846205659553584,3.8080991353875753
1700000004070000000,14070000000,815,814,814,0,0,,,,0,open_hand,hold,200.0,dev-0123456789abcdef0123456789abcdef,synthetic-1-open_hand,29,protocol,synthetic-demo-contract-v1,True,3.2473256071301653,3.3733758032314642,3.4863278872613073,3.593600699857992,3.7027211646356264,3.8191824263774996,3.942814473664792,4.071154388502643
1700000004075000000,14075000000,816,815,815,0,0,,,,0,open_hand,hold,200.0,dev-0123456789abcdef0123456789abcdef,synthetic-1-open_hand,29,protocol,synthetic-demo-contract-v1,True,3.469261667997054,3.602669418833567,3.7199363452336227,3.834678603751598,3.9486065384636286,4.070725619390569,4.2004278372302215,4.333552513317375
1700000004080000000,14080000000,817,816,816,0,0,,,,0,open_hand,hold,200.0,dev-0123456789abcdef0123456789abcdef,synthetic-1-open_hand,29,protocol,synthetic-demo-contract-v1,True,3.6907099578484694,3.8312716514446654,3.952927788302255,4.075208894155356,4.19399285539386,4.321741509995514,4.457444323808781,4.5952816108099945
1700000004085000000,14085000000,818,817,817,0,0,,,,0,open_hand,hold,200.0,dev-0123456789abcdef0123456789abcdef,synthetic-1-open_hand,29,protocol,synthetic-demo-contract-v1,True,3.9116898792557744,4.059170403931955,4.185305141407718,4.315172325514335,4.438868271982802,4.572217992981229,4.713849412246102,4.856331941660285
1700000004090000000,14090000000,819,818,818,0,0,,,,0,open_hand,hold,200.0,dev-0123456789abcdef0123456789abcdef,synthetic-1-open_hand,29,protocol,synthetic-demo-contract-v1,True,4.132221124353768,4.286357687142959,4.417073703326521,4.554551338832006,4.683222113951394,4.822144380571779,4.969630450570844,5.1166959552321405
1700000004095000000,14095000000,820,819,819,0,0,,,,0,open_hand,hold,200.0,dev-0123456789abcdef0123456789abcdef,synthetic-1-open_hand,29,protocol,synthetic-demo-contract-v1,True,4.352323151722573,4.5128296540547606,4.648241012806036,4.793330184705951,4.927044924149191,5.071511445951279,5.224776707804744,5.376368311307669
1700000004100000000,14100000000,821,820,820,0,0,,,,0,open_hand,hold,200.0,dev-0123456789abcdef0123456789abcdef,synthetic-1-open_hand,29,protocol,synthetic-demo-contract-v1,True,4.5720146968494575,4.738586590685004,4.878816703270617,5.031495040671777,5.170328509967845,5.320311463895324,5.47927941985252,5.635345894513548
1700000004105000000,14105000000,822,821,821,0,0,,,,0,open_hand,hold,200.0,dev-0123456789abcdef0123456789abcdef,synthetic-1-open_hand,29,protocol,synthetic-demo-contract-v1,True,4.791313326430382,4.963632864118958,5.108812348051727,5.269034121805732,5.413065989906648,5.568538248298879,5.733131829254259,5.893627821405453
1700000004110000000,14110000000,823,822,822,0,0,,,,0,open_hand,hold,200.0,dev-0123456789abcdef0123456789abcdef,synthetic-1-open_hand,29,protocol,synthetic-demo-contract-v1,True,5.010235045788494,5.187976828609764,5.338241298161424,5.505937783565574,5.655251838970483,5.81618718638968,5.986329218602348,6.151215440201501
1700000004115000000,14115000000,824,823,823,0,0,,,,0,open_hand,hold,200.0,dev-0123456789abcdef0123456789abcdef,synthetic-1-open_hand,29,protocol,synthetic-demo-contract-v1,True,5.228793967514394,5.411630691296294,5.567118514669828,5.742198615887904,5.896881932560346,6.063255269416467,6.238868937445404,6.408112323180716
1700000004120000000,14120000000,825,824,824,0,0,,,,0,open_hand,hold,200.0,dev-0123456789abcdef0123456789abcdef,synthetic-1-open_hand,29,protocol,synthetic-demo-contract-v1,True,5.4470020480954044,5.634610339646095,5.795460397763036,5.977811527608811,6.137953588499335,6.3097411196031565,6.4907504225231865,6.664324251787542
1700000004125000000,14125000000,826,825,825,0,0,,,,0,open_hand,hold,200.0,dev-0123456789abcdef0123456789abcdef,synthetic-1-open_hand,29,protocol,synthetic-demo-contract-v1,True,0.16486889782530711,0.21943513326098557,0.24828461454790243,0.3002738203323311,0.3284656068225377,0.3681450131631953,0.4169752111987713,0.4573591945081236
1700000004130000000,14130000000,827,826,826,0,0,,,,0,open_hand,hold,200.0,dev-0123456789abcdef0123456789abcdef,synthetic-1-open_hand,29,protocol,synthetic-demo-contract-v1,True,0.3824016677029249,0.44112766317199725,0.4756099276350133,0.5345852509380413,0.5684183069479813,0.6134688991730437,0.667546947977526,0.712227277608596
1700000004135000000,14135000000,828,827,827,0,0,,,,0,open_hand,hold,200.0,dev-0123456789abcdef0123456789abcdef,synthetic-1-open_hand,29,protocol,synthetic-demo-contract-v1,True,0.5996050153695067,0.6622134821909914,0.7024560264709796,0.7682480819938515,0.8078135618378347,0.8582164141098249,0.9174713840262889,0.9664407488495808
1700000004140000000,14140000000,829,828,828,0,0,,,,0,open_hand,hold,200.0,dev-0123456789abcdef0123456789abcdef,synthetic-1-open_hand,29,protocol,synthetic-demo-contract-v1,True,0.8164811504357516,0.8827208102719618,0.928843363307428,1.0012671194228306,1.0466548287546058,1.1023928918660102,1.1667563696308483,1.2200139343147762
1700000004145000000,14145000000,830,829,829,0,0,,,,0,open_hand,hold,200.0,dev-0123456789abcdef0123456789abcdef,synthetic-1-open_hand,29,protocol,synthetic-demo-contract-v1,True,1.0330299578438848,1.1026802191596818,1.1547929955873883,1.2336497368623776,1.2849471762162112,1.3460053690632232,1.4154118395549222,1.472963188514476
1700000004150000000,14150000000,831,830,830,0,0,,,,0,open_hand,hold,200.0,dev-0123456789abcdef0123456789abcdef,synthetic-1-open_hand,29,protocol,synthetic-demo-contract-v1,True,1.2492491962338117,1.3221243008623165,1.3803264364020194,1.4654058862498343,1.5226973067566456,1.589062585498138,1.663449791289513,1.7253068379472705
1700000004155000000,14155000000,832,831,831,0,0,,,,0,open_hand,hold,200.0,dev-0123456789abcdef0123456789abcdef,synthetic-1-open_hand,29,protocol,synthetic-demo-contract-v1,True,1.4651347666692789,1.5410873246739343,1.6054655145233165,1.6965480942697182,1.7599135751056059,1.8315749795658616,1.9108842562074935,1.9770651183248493
1700000004160000000,14160000000,833,832,832,0,0,,,,0,open_hand,hold,200.0,dev-0123456789abcdef0123456789abcdef,synthetic-1-open_hand,29,protocol,synthetic-demo-contract-v1,True,1.6806810455633807,1.7596048875898236,1.8302322453536282,1.9270914444032883,1.9966060014108562,2.073554678520147,2.1577312636645694,2.2282601056857043
1700000004165000000,14165000000,834,833,833,0,0,,,,0,open_hand,hold,200.0,dev-0123456789abcdef0123456789abcdef,synthetic-1-open_hand,29,protocol,synthetic-demo-contract-v1,True,1.8958812742537432,1.9777135630004474,2.054648713952636,2.1570535444301857,2.232786279141348,2.3150154834452477,2.404008798114163,2.478915641643555
1700000004170000000,14170000000,835,834,834,0,0,,,,0,open_hand,hold,200.0,dev-0123456789abcdef0123456789abcdef,synthetic-1-open_hand,29,protocol,synthetic-demo-contract-v1,True,2.1107279964449104,2.1954505525183374,2.2787369711092933,2.3864544793434246,2.4684677773270978,2.555972848831145,2.649736749330241,2.729057253035389
1700000004175000000,14175000000,836,835,835,0,0,,,,0,open_hand,hold,200.0,dev-0123456789abcdef0123456789abcdef,synthetic-1-open_hand,29,protocol,synthetic-demo-contract-v1,True,2.325213533684165,2.412853345686863,2.5025189432225923,2.6153167497520684,2.703665536813539,2.796443856662214,2.894936855858501,2.978712066252139
1700000004180000000,14180000000,837,836,836,0,0,,,,0,open_hand,hold,200.0,dev-0123456789abcdef0123456789abcdef,synthetic-1-open_hand,29,protocol,synthetic-demo-contract-v1,True,2.539330488188931,2.6299593921424638,2.7260163565435804,2.8436651959594625,2.938396260233355,3.036447184949082,3.1396326418425913,3.2279087165520464
1700000004185000000,14185000000,838,837,837,0,0,,,,0,open_hand,hold,200.0,dev-0123456789abcdef0123456789abcdef,synthetic-1-open_hand,29,protocol,synthetic-demo-contract-v1,True,2.753072261716433,2.846805790555446,2.9492506761144535,3.071526908017797,3.172678295427513,3.276003070654299,3.3838493473978906,3.476677252672663
1700000004190000000,14190000000,839,838,838,0,0,,,,0,open_hand,hold,200.0,dev-0123456789abcdef0123456789abcdef,synthetic-1-open_hand,29,protocol,synthetic-demo-contract-v1,True,2.9664335787726066,3.063428998363027,3.1722430595217563,3.2989311221712185,3.4065316120793283,3.515133266984601,3.6276138527310104,3.7250490370722775
1700000004195000000,14195000000,840,839,839,0,0,,,,0,open_hand,hold,200.0,dev-0123456789abcdef0123456789abcdef,synthetic-1-open_hand,29,protocol,synthetic-demo-contract-v1,True,3.1794110023053954,3.2798645659367054,3.3950143253623315,3.5259091042083797,3.639977771360486,3.7538609950456507,3.870954596228113,3.9730566421450653
1700000004200000000,14200000000,841,840,840,0,0,,,,0,open_hand,hold,200.0,dev-0123456789abcdef0123456789abcdef,synthetic-1-open_hand,29,protocol,synthetic-demo-contract-v1,True,3.3920034301209476,3.49614689840042,3.6175849361056542,3.752494020350469,3.873039888425976,3.992210889879256,4.113901486759577,4.220733742766597
1700000004205000000,14205000000,842,841,841,0,0,,,,0,open_hand,hold,200.0,dev-0123456789abcdef0123456789abcdef,synthetic-1-open_hand,29,protocol,synthetic-demo-contract-v1,True,3.60421256059808,3.712309047842976,3.839974994827223,3.9787207964012605,4.105742587635546,4.230208940928026,4.356485810472182,4.4681150055373635
1700000004210000000,14210000000,843,842,842,0,0,,,,0,open_hand,hold,200.0,dev-0123456789abcdef0123456789abcdef,synthetic-1-open_hand,29,protocol,synthetic-demo-contract-v1,True,3.816043316850027,3.928382538155423,4.062204255087465,4.204625965980729,4.338111950422229,4.46788242699802,4.598740132362784,4.715235975101675
1700000004215000000,14215000000,844,843,843,0,0,,,,0,open_hand,hold,200.0,dev-0123456789abcdef0123456789abcdef,synthetic-1-open_hand,29,protocol,synthetic-demo-contract-v1,True,4.027504219281395,4.1443972241795874,4.284292143041718,4.430247508752354,4.5701754557735415,4.705259845816201,4.840698192949365,4.962132957927672
1700000004220000000,14220000000,845,844,844,0,0,,,,0,open_hand,hold,200.0,dev-0123456789abcdef0123456789abcdef,synthetic-1-open_hand,29,protocol,synthetic-demo-contract-v1,True,4.23860769749626,4.36038118628635,4.506257790691607,4.6556246796355705,4.801961913337635,4.942370838306061,5.08239480037606,5.208842903941117
1700000004225000000,14225000000,846,845,845,0,0,,,,0,open_hand,hold,200.0,dev-0123456789abcdef0123456789abcdef,synthetic-1-open_hand,29,protocol,synthetic-demo-contract-v1,True,4.44937033371016,4.576360660920585,4.728120079028978,4.880797830068255,5.0335013892148375,5.179246107731753,5.323865718308579,5.455403286411328
1700000004230000000,14230000000,847,846,846,0,0,,,,0,open_hand,hold,200.0,dev-0123456789abcdef0123456789abcdef,synthetic-1-open_hand,29,protocol,synthetic-demo-contract-v1,True,4.659813031179892,4.792360007062907,4.949897689682146,5.105808222448705,5.264825124544055,5.41591733388795,5.565147549994678,5.701851980491681
1700000004235000000,14235000000,848,847,847,0,0,,,,0,open_hand,hold,200.0,dev-0123456789abcdef0123456789abcdef,synthetic-1-open_hand,29,protocol,synthetic-demo-contract-v1,True,4.869961102663202,5.008401707976062,5.17160916355293,5.330697838942225,5.49596544704337,5.652417082539767,5.806277618881655,5.948227140820086
1700000004240000000,14240000000,849,848,848,0,0,,,,0,open_hand,hold,200.0,dev-0123456789abcdef0123456789abcdef,synthetic-1-open_hand,29,protocol,synthetic-demo-contract-v1,True,5.0798442755247795,5.224506407034627,5.393272964832565,5.5555091858827925,5.726955675714039,5.888778710343597,6.047293846198291,6.194567078585993
1700000004245000000,14245000000,850,849,849,0,0,,,,0,open_hand,hold,200.0,dev-0123456789abcdef0123456789abcdef,synthetic-1-open_hand,29,protocol,synthetic-demo-contract-v1,True,5.289496611783394,5.44069297589018,5.614907548707236,5.780285095035999,5.957830018967132,6.125036265506277,6.288234625923042,6.440910138470676
1700000004250000000,14250000000,851,850,850,0,0,,,,0,open_hand,hold,200.0,dev-0123456789abcdef0123456789abcdef,synthetic-1-open_hand,29,protocol,synthetic-demo-contract-v1,True,-0.0010436568871389253,0.019478612708266552,0.06153143100996576,0.0925685230141952,0.138623466481347,0.17372438446567204,0.20413869757281494,0.22479457586601054
1700000004255000000,14255000000,852,851,851,0,0,,,,0,open_hand,hold,200.0,dev-0123456789abcdef0123456789abcdef,synthetic-1-open_hand,29,protocol,synthetic-demo-contract-v1,True,0.2082656225321639,0.2358789677368356,0.28316325804588593,0.3174023501489572,0.36937167514898833,0.4098781849008727,0.44504501725764184,0.4712584347741524
1700000004260000000,14260000000,853,852,852,0,0,,,,0,open_hand,hold,200.0,dev-0123456789abcdef0123456789abcdef,synthetic-1-open_hand,29,protocol,synthetic-demo-contract-v1,True,0.4174701962124134,0.4524082930355397,0.5048218748130693,0.5423291801292991,0.600110849514319,0.6460331554044836,0.6859926274559635,0.7178394267864371
1700000004265000000,14265000000,854,853,853,0,0,,,,0,open_hand,hold,200.0,dev-0123456789abcdef0123456789abcdef,synthetic-1-open_hand,29,protocol,synthetic-demo-contract-v1,True,0.6266190004557272,0.669079612818276,0.726526389860767,0.7673911417063165,0.8308776171539153,0.8822250421725251,0.9270205259726733,0.9645748115342253
1700000004270000000,14270000000,855,854,854,0,0,,,,0,open_hand,hold,200.0,dev-0123456789abcdef0123456789abcdef,synthetic-1-open_hand,29,protocol,synthetic-demo-contract-v1,True,0.8357636904306668,0.8859049105433823,0.9482962350712373,0.9926296937465067,1.0617088994921147,1.118489733089527,1.1681675345479565,1.2115012789976671
1700000004275000000,14275000000,856,855,855,0,0,,,,0,open_hand,hold,200.0,dev-0123456789abcdef0123456789abcdef,synthetic-1-open_hand,29,protocol,synthetic-demo-contract-v1,True,1.0449581086491655,1.102895328631958,1.170151218719525,1.2180854348867964,1.2926417785855957,1.3548631396069064,1.4094721675888269,1.458654834050198
1700000004280000000,14280000000,857,856,856,0,0,,,,0,open_hand,hold,200.0,dev-0123456789abcdef0123456789abcdef,synthetic-1-open_hand,29,protocol,synthetic-demo-contract-v1,True,1.2542577024125718,1.32006137650887,1.3921115702569142,1.4437979190048114,1.5237133604494124,1.5913810768318657,1.650972501497431,1.7060706836073012
1700000004285000000,14285000000,858,857,857,0,0,,,,0,open_hand,hold,200.0,dev-0123456789abcdef0123456789abcdef,synthetic-1-open_hand,29,protocol,synthetic-demo-contract-v1,True,1.4637189005139326,1.5374131425458386,1.6141979753769613,1.6698054776683102,1.7549606355318477,1.8280791422613947,1.8927060450703528,1.953783126737455
1700000004290000000,14290000000,859,858,858,0,0,,,,0,open_hand,hold,200.0,dev-0123456789abcdef0123456789abcdef,synthetic-1-open_hand,29,protocol,synthetic-demo-contract-v1,True,1.673398460338539,1.7549605054435458,1.8364316000568328,1.8961450506686688,1.986420336977243,2.0649925936116684,2.134709611441554,2.201825448081556
1700000004295000000,14295000000,860,859,859,0,0,,,,0,open_hand,hold,200.0,dev-0123456789abcdef0123456789abcdef,synthetic-1-open_hand,29,protocol,synthetic-demo-contract-v1,True,1.8833527971373043,1.972713340620299,2.0588341024191523,2.12285202567514,2.218128797343858,2.3021562262067286,2.377019192037939,2.450229814914206
1700000004300000000,14300000000,861,860,860,0,0,,,,0,open_hand,hold,200.0,dev-0123456789abcdef0123456789abcdef,synthetic-1-open_hand,29,protocol,synthetic-demo-contract-v1,True,2.0936373076450554,2.1906817172782147,2.2814276314290955,2.349960087970294,2.45012180446797,2.5396042504021197,2.6196698330112103,2.699027178166492
1700000004305000000,14305000000,862,861,861,0,0,,,,0,open_hand,hold,200.0,dev-0123456789abcdef0123456789abcdef,synthetic-1-open_hand,29,protocol,synthetic-demo-contract-v1,True,2.3043057003697855,2.4088760819921027,2.5042348116255835,2.577501081142916,2.6824344571851837,2.7773701695285737,2.8626955146022546,2.9482471777149395
1700000004310000000,14310000000,863,862,862,0,0,,,,0,open_hand,hold,200.0,dev-0123456789abcdef0123456789abcdef,synthetic-1-open_hand,29,protocol,synthetic-demo-contract-v1,True,2.5154093447863066,2.627307424908705,2.7272787132819944,2.8055048795238084,2.915101021635413,3.015486658848148,3.1061290338851837,3.197918052225559
1700000004315000000,14315000000,864,863,863,0,0,,,,0,open_hand,hold,200.0,dev-0123456789abcdef0123456789abcdef,synthetic-1-open_hand,29,protocol,synthetic-demo-contract-v1,True,2.726996651330249,2.845987424950684,2.950582807598325,3.0339992730530745,3.148154788888867,3.253985446020183,3.350001891327167,3.448066553825225
1700000004320000000,14320000000,865,864,864,0,0,,,,0,open_hand,hold,200.0,dev-0123456789abcdef0123456789abcdef,synthetic-1-open_hand,29,protocol,synthetic-demo-contract-v1,True,2.939112493512614,3.0649285707858005,3.1741709067403963,3.2630098651655155,3.3816279346365397,3.492897193576962,3.5943441815873527,3.6987178678551236
1700000004325000000,14325000000,866,865,865,0,0,,,,0,open_hand,hold,200.0,dev-0123456789abcdef0123456789abcdef,synthetic-1-open_hand,29,protocol,synthetic-demo-contract-v1,True,3.1517976826728202,3.2841442547414093,3.3980670887600026,3.49255998417472,3.615551381690072,3.7322513839090625,3.8391844889637117,3.9498955379427807
1700000004330000000,14330000000,867,866,866,0,0,,,,0,open_hand,hold,200.0,dev-0123456789abcdef0123456789abcdef,synthetic-1-open_hand,29,protocol,synthetic-demo-contract-v1,True,3.3650885048754584,3.503648837310874,3.622295607649908,3.722670608527193,3.8499546660323216,3.972076207257994,4.084549787880364,4.2016213966102605
1700000004335000000,14335000000,868,867,867,0,0,,,,0,open_hand,hold,200.0,dev-0123456789abcdef0123456789abcdef,synthetic-1-open_hand,29,protocol,synthetic-demo-contract-v1,True,3.579016328253266,3.723457680404491,3.8468807890065477,3.953360306186567,4.084865807151565,4.212398453208757,4.330465348790149,4.4539155016166365
1700000004340000000,14340000000,869,868,868,0,0,,,,0,open_hand,hold,200.0,dev-0123456789abcdef0123456789abcdef,synthetic-1-open_hand,29,protocol,synthetic-demo-contract-v1,True,3.7936072877304663,3.943587148034866,4.071846911988366,4.184645188295466,4.3203111833789105,4.453243406167506,4.576954649847771,4.706796078212754
1700000004345000000,14345000000,870,869,869,0,0,,,,0,open_hand,hold,200.0,dev-0123456789abcdef0123456789abcdef,synthetic-1-open_hand,29,protocol,synthetic-demo-contract-v1,True,4.008882052554262,4.164054573686965,4.297218078466165,4.416538877150103,4.5563154129303145,4.694634745299446,4.824039294687965,4.9602794674658455
1700000004350000000,14350000000,871,870,870,0,0,,,,0,open_hand,hold,200.0,dev-0123456789abcdef0123456789abcdef,synthetic-1-open_hand,29,protocol,synthetic-demo-contract-v1,True,4.224855680448367,4.384878194197249,4.523018070460928,4.649052488411147,4.792901241331578,4.936594449389571,5.071738936620856,5.2143800807906295
1700000004355000000,14355000000,872,871,871,0,0,,,,0,open_hand,hold,200.0,dev-0123456789abcdef0123456789abcdef,synthetic-1-open_hand,29,protocol,synthetic-demo-contract-v1,True,4.441537560513712,4.606077050545403,4.74927019715175,4.88219462736483,5.030089435877109,5.179142707073768,5.320071209533072,5.469110360802364
1700000004360000000,14360000000,873,872,872,0,0,,,,0,open_hand,hold,200.0,dev-0123456789abcdef0123456789abcdef,synthetic-1-open_hand,29,protocol,synthetic-demo-contract-v1,True,4.658931445272057,4.82767085653687,4.975997132909376,5.115971398941703,5.267898687741028,5.422297832870358,5.569051665758365,5.7244807485859015
1700000004365000000,14365000000,874,873,873,0,0,,,,0,open_hand,hold,200.0,dev-0123456789abcdef0123456789abcdef,synthetic-1-open_hand,29,protocol,synthetic-demo-contract-v1,True,4.877035570512994,5.049679836915563,5.203220747967005,5.350386431097783,5.506345522322707,5.666076189422198,5.818693721155572,5.9804996574532066
1700000004370000000,14370000000,875,874,874,0,0,,,,0,open_hand,hold,200.0,dev-0123456789abcdef0123456789abcdef,synthetic-1-open_hand,29,protocol,synthetic-demo-contract-v1,True,5.095842859899183,5.272124536984893,5.430961933477539,5.585440911065046,5.745444218368219,5.910492116337301,6.069008607604794,6.237173453240117
1700000004375000000,14375000000,876,875,875,0,0,,,,0,open_hand,hold,200.0,dev-0123456789abcdef0123456789abcdef,synthetic-1-open_hand,29,protocol,synthetic-demo-contract-v1,True,-0.1846587903572583,-0.1424743936770457,-0.11575957717654548,-0.09136636611380068,-0.06479326363526425,-0.031942134008517836,-0.0049946668951391035,0.03200644117154262
1700000004380000000,14380000000,877,876,876,0,0,,,,0,open_hand,hold,200.0,dev-0123456789abcdef0123456789abcdef,synthetic-1-open_hand,29,protocol,synthetic-demo-contract-v1,True,0.0355138470209706,0.08090355964616,0.11307461114032555,0.14496106256307228,0.17564265665683687,0.21378354662997015,0.24669064962651954,0.2900008593026171
1700000004385000000,14385000000,878,877,877,0,0,,,,0,open_hand,hold,200.0,dev-0123456789abcdef0123456789abcdef,synthetic-1-open_hand,29,protocol,synthetic-demo-contract-v1,True,0.25633975508310314,0.3047785182975428,0.34248137508641546,0.3819173990697464,0.41675912768235596,0.4601770730763883,0.499069028846509,0.548656878521928
1700000004390000000,14390000000,879,878,878,0,0,,,,0,open_hand,hold,200.0,dev-0123456789abcdef0123456789abcdef,synthetic-1-open_hand,29,protocol,synthetic-demo-contract-v1,True,0.477794154640201,0.5291699362042658,0.5724758949377805,0.6194946654112204,0.6585608246712047,0.7072441253270512,0.752142645857877,0.8079726090817168
1700000004395000000,14395000000,880,879,879,0,0,,,,0,open_hand,hold,200.0,dev-0123456789abcdef0123456789abcdef,synthetic-1-open_hand,29,protocol,synthetic-demo-contract-v1,True,0.6998490335529659,0.7540963144578833,0.8030714811099948,0.8576827938465889,0.9010499190937129,0.9549881152763661,1.0059113709216474,1.067944113598978
1700000004400000000,14400000000,881,880,880,0,0,,,,0,open_hand,hold,200.0,dev-0123456789abcdef0123456789abcdef,synthetic-1-open_hand,29,protocol,synthetic-demo-contract-v1,True,0.9224737124588687,0.9795749089154258,1.0342794072037762,1.0964697253429438,1.1442260590860387,1.2034101617853816,1.2603727692944315,1.3285654264508169
1700000004405000000,14405000000,882,881,881,0,0,,,,0,open_hand,hold,200.0,dev-0123456789abcdef0123456789abcdef,synthetic-1-open_hand,29,protocol,synthetic-demo-contract-v1,True,1.1456354354280684,1.205621435395454,1.26610875164215,1.3358415152828613,1.3880863610193472,1.452509074270364,1.515522109135895,1.5898285794672582
1700000004410000000,14410000000,883,882,882,0,0,,,,0,open_hand,hold,200.0,dev-0123456789abcdef0123456789abcdef,synthetic-1-open_hand,29,protocol,synthetic-demo-contract-v1,True,1.369299973620133,1.432249777147899,1.4985662499116608,1.5757824454147271,1.6326254123172481,1.702281344951886,1.7713523774692672,1.8517236338050176
1700000004415000000,14415000000,884,883,883,0,0,,,,0,open_hand,hold,200.0,dev-0123456789abcdef0123456789abcdef,synthetic-1-open_hand,29,protocol,synthetic-demo-contract-v1,True,1.5934322298388006,1.6594716993079086,1.7316561593399755,1.8162751410114994,1.8778352855627702,1.9527211498674577,2.0278543041374735,2.114238717866628
1700000004420000000,14420000000,885,884,884,0,0,,,,0,open_hand,hold,200.0,dev-0123456789abcdef0123456789abcdef,synthetic-1-open_hand,29,protocol,synthetic-demo-contract-v1,True,1.8179968319532247,1.8872965750013966,1.9653801382379295,2.0573006921899584,2.1237055638724396,2.2038203587124054,2.2850163936670724,2.377360071110794
1700000004425000000,14425000000,886,885,885,0,0,,,,0,open_hand,hold,200.0,dev-0123456789abcdef0123456789abcdef,synthetic-1-open_hand,29,protocol,synthetic-demo-contract-v1,True,2.0429587034695835,2.1157311276539437,2.199737141106685,2.298838778338983,2.3702233774511603,2.4555685535347136,2.5428249649221373,2.6410720935819785
1700000004430000000,14430000000,887,886,886,0,0,,,,0,open_hand,hold,200.0,dev-0123456789abcdef0123456789abcdef,synthetic-1-open_hand,29,protocol,synthetic-demo-contract-v1,True,2.2682836000899465,2.3447791938668145,2.4347233314617176,2.540867794611967,2.617373451178117,2.7079530562700835,2.8012641984006685,2.9053574009701246
1700000004435000000,14435000000,888,887,887,0,0,,,,0,open_hand,hold,200.0,dev-0123456789abcdef0123456789abcdef,synthetic-1-open_hand,29,protocol,synthetic-demo-contract-v1,True,2.4939386018742957,2.5744415109667984,2.6703320136564312,2.783364979454824,2.8651381630111845,2.960958965063758,3.060316190997176,3.170196884995023
1700000004440000000,14440000000,889,888,888,0,0,,,,0,open_hand,hold,200.0,dev-0123456789abcdef0123456789abcdef,synthetic-1-open_hand,29,protocol,synthetic-demo-contract-v1,True,2.719892551610469,2.8047155330141638,2.906553584901278,3.026306542166955,3.113497612935765,3.2145691992858576,3.31996101802682,3.4355697788942923
1700000004445000000,14445000000,890,889,889,0,0,,,,0,open_hand,hold,200.0,dev-0123456789abcdef0123456789abcdef,synthetic-1-open_hand,29,protocol,synthetic-demo-contract-v1,True,2.946116431175182,3.035595278670178,3.143375508471531,3.269667789527668,3.362429702124096,3.468764553107391,3.5801768022791296,3.7014537277792607
1700000004450000000,14450000000,891,890,890,0,0,,,,0,open_hand,hold,200.0,dev-0123456789abcdef0123456789abcdef,synthetic-1-open_hand,29,protocol,synthetic-demo-contract-v1,True,3.172583669012828,3.267071213888023,3.380782308880616,3.5134232505643532,3.6119102219131816,3.7235237574648514,3.8409397898428996,3.9678248636092532
1700000004455000000,14455000000,892,891,891,0,0,,,,0,open_hand,hold,200.0,dev-0123456789abcdef0123456789abcdef,synthetic-1-open_hand,29,protocol,synthetic-demo-contract-v1,True,3.399270373339918,3.4991301719052808,3.618755589568713,3.757546798590715,3.861912952154051,3.978823550202625,4.10222443241847,4.234657884521911
1700000004460000000,14460000000,893,892,892,0,0,,,,0,open_hand,hold,200.0,dev-0123456789abcdef0123456789abcdef,synthetic-1-open_hand,29,protocol,synthetic-demo-contract-v1,True,3.626155487271365,3.731755312489869,3.8572740734208733,4.002011769702931,4.1124097684324035,4.2346387541446,4.364003475809437,4.501926138245316
1700000004465000000,14465000000,894,893,893,0,0,,,,0,open_hand,hold,200.0,dev-0123456789abcdef0123456789abcdef,synthetic-1-open_hand,29,protocol,synthetic-demo-contract-v1,True,3.8532208637277194,3.9649261218323377,4.096313666187913,4.246791076988041,4.363370757611258,4.490942362809449,4.626248054262919,4.7696017093067855
1700000004470000000,14470000000,895,894,894,0,0,,,,0,open_hand,hold,200.0,dev-0123456789abcdef0123456789abcdef,synthetic-1-open_hand,29,protocol,synthetic-demo-contract-v1,True,4.08045125968589,4.1986184538944755,4.335847542639705,4.491857319771377,4.614764341100236,4.747705633448396,4.888927790305933,5.037655509743383
1700000004475000000,14475000000,896,895,895,0,0,,,,0,open_hand,hold,200.0,dev-0123456789abcdef0123456789abcdef,synthetic-1-open_hand,29,protocol,synthetic-demo-contract-v1,True,4.307834251044805,4.432804613426009,4.5758462550370185,4.737182887307682,4.866557405213977,5.004898187049965,5.152010899705361,5.306057373010299
1700000004480000000,14480000000,897,896,896,0,0,,,,0,open_hand,hold,200.0,dev-0123456789abcdef0123456789abcdef,synthetic-1-open_hand,29,protocol,synthetic-demo-contract-v1,True,4.535360071057011,4.667453480257125,4.816277863267781,4.982740056402758,5.118715437944082,5.262488114923468,5.415464301160376,5.574776150775561
1700000004485000000,14485000000,898,897,897,0,0,,,,0,open_hand,hold,200.0,dev-0123456789abcdef0123456789abcdef,synthetic-1-open_hand,29,protocol,synthetic-demo-contract-v1,True,4.76302137689287,4.902530673873863,5.057108085759256,5.228501082538313,5.371202671435364,5.52044209144206,5.679253730319322,5.843779812282836
1700000004490000000,14490000000,899,898,898,0,0,,,,0,open_hand,hold,200.0,dev-0123456789abcdef0123456789abcdef,synthetic-1-open_hand,29,protocol,synthetic-demo-contract-v1,True,4.990812950422681,5.1379987566952385,5.298300470052061,5.474438284160963,5.623982229427958,5.778725492497115,5.943343857697646,6.113035545958497
1700000004495000000,14495000000,900,899,899,0,0,,,,0,open_hand,hold,200.0,dev-0123456789abcdef0123456789abcdef,synthetic-1-open_hand,29,protocol,synthetic-demo-contract-v1,True,5.218731340692666,5.373817473904468,5.539816581707722,5.720524119886317,5.877016278902464,6.037302519188687,6.207698410060014,6.382509862934547
1700000004500000000,14500000000,901,900,900,0,0,,,,0,open_hand,hold,200.0,dev-0123456789abcdef0123456789abcdef,synthetic-1-open_hand,29,protocol,synthetic-demo-contract-v1,True,-0.05322554319511785,-0.027555972849423713,0.006616210021391877,0.0542312584597448,0.08026618514584706,0.10863632625214442,0.14728029481792276,0.18966870215569184
1700000004505000000,14505000000,902,901,901,0,0,,,,0,open_hand,hold,200.0,dev-0123456789abcdef0123456789abcdef,synthetic-1-open_hand,29,protocol,synthetic-demo-contract-v1,True,0.17494112096331763,0.20883337893911288,0.24865758882753197,0.3005326414057636,0.3336926694413304,0.36768915469868785,0.412051726984216,0.4594775367364539
1700000004510000000,14510000000,903,902,902,0,0,,,,0,open_hand,hold,200.0,dev-0123456789abcdef0123456789abcdef,synthetic-1-open_hand,29,protocol,synthetic-demo-contract-v1,True,0.40323059229724884,0.4454385840794881,0.490897630521155,0.5469015383869849,0.5872559685760689,0.6269224681275146,0.6769743582177585,0.7294014812329299
1700000004515000000,14515000000,904,903,903,0,0,,,,0,open_hand,hold,200.0,dev-0123456789abcdef0123456789abcdef,synthetic-1-open_hand,29,protocol,synthetic-demo-contract-v1,True,0.6316420727010026,0.6822111441585047,0.7332921712726366,0.7933115953805531,0.8409159953562557,0.8862970921502439,0.9420094074854175,0.9994053994937423
1700000004520000000,14520000000,905,904,904,0,0,,,,0,open_hand,hold,200.0,dev-0123456789abcdef0123456789abcdef,synthetic-1-open_hand,29,protocol,synthetic-demo-contract-v1,True,0.8601742063235216,0.9191013806710314,0.9757962252916899,1.0397368758636747,1.0946324993200969,1.1457733563535235,1.2071177928641172,1.2694540127555025
1700000004525000000,14525000000,906,905,905,0,0,,,,0,open_hand,hold,200.0,dev-0123456789abcdef0123456789abcdef,synthetic-1-open_hand,29,protocol,synthetic-demo-contract-v1,True,1.088824584493665,1.1560588221648265,1.2183642458975263,1.2861518952796906,1.3483652268451396,1.40531123821401,1.4722602640034286,1.539512007650122
1700000004530000000,14530000000,907,906,906,0,0,,,,0,open_hand,hold,200.0,dev-0123456789abcdef0123456789abcdef,synthetic-1-open_hand,29,protocol,synthetic-demo-contract-v1,True,1.3175892677746124,1.3930326005513212,1.4609503910784896,1.53253164913107,1.6020740798574113,1.6648705083708926,1.7373975347686217,1.8095441437942041
1700000004535000000,14535000000,908,907,907,0,0,,,,0,open_hand,hold,200.0,dev-0123456789abcdef0123456789abcdef,synthetic-1-open_hand,29,protocol,synthetic-demo-contract-v1,True,1.5464623365050623,1.6299718516010233,1.7035087911765574,1.7788516351151067,1.8557192723657558,1.9244108766550738,2.0024904155855956,2.079515360634738
1700000004540000000,14540000000,909,908,908,0,0,,,,0,open_hand,hold,200.0,dev-0123456789abcdef0123456789abcdef,synthetic-1-open_hand,29,protocol,synthetic-demo-contract-v1,True,1.775435480612856,1.8668261145830767,1.945993816310587,2.025087869781211,2.1092614840654784,2.1838921382709633,2.267499945012416,2.3493908832302544
1700000004545000000,14545000000,910,909,909,0,0,,,,0,open_hand,hold,200.0,dev-0123456789abcdef0123456789abcdef,synthetic-1-open_hand,29,protocol,synthetic-demo-contract-v1,True,2.004497638689815,2.1035457260242985,2.1883603411572254,2.2712169002448204,2.3626620102806872,2.443274319526597,2.532387520067395,2.6191363266524803
1700000004550000000,14550000000,911,910,910,0,0,,,,0,open_hand,hold,200.0,dev-0123456789abcdef0123456789abcdef,synthetic-1-open_hand,29,protocol,synthetic-demo-contract-v1,True,2.2336346953112387,2.34008220265349,2.4305640047400345,2.517215811541601,2.6158829075443553,2.7025178225104893,2.797115024850651,2.888717798700301
1700000004555000000,14555000000,912,911,911,0,0,,,,0,open_hand,hold,200.0,dev-0123456789abcdef0123456789abcdef,synthetic-1-open_hand,29,protocol,synthetic-demo-contract-v1,True,2.4628292443901283,2.5763886087606,2.672561462935147,2.7630622302462915,2.868887134148987,2.9615835681192433,3.061644957004925,3.1581020006255605
1700000004560000000,14560000000,913,912,912,0,0,,,,0,open_hand,hold,200.0,dev-0123456789abcdef0123456789abcdef,synthetic-1-open_hand,29,protocol,synthetic-demo-contract-v1,True,2.6920604249991604,2.812419903434821,2.914310631485072,3.008734325012853,3.121638685038435,3.2204331368485026,3.3259405515720366,3.4272563255787554
1700000004565000000,14565000000,914,913,913,0,0,,,,0,open_hand,hold,200.0,dev-0123456789abcdef0123456789abcdef,synthetic-1-open_hand,29,protocol,synthetic-demo-contract-v1,True,2.921303834600232,3.048133263447243,3.1557709174198307,3.254210804716076,3.374102720452584,3.479028906771018,3.589965901813503,3.696148954491936
1700000004570000000,14570000000,915,914,914,0,0,,,,0,open_hand,hold,200.0,dev-0123456789abcdef0123456789abcdef,synthetic-1-open_hand,29,protocol,synthetic-demo-contract-v1,True,3.1505315230228947,3.2834883779078092,3.3969034369155944,3.4994709148896366,3.6262456877812133,3.737334188139877,3.853686076577873,3.964748949126364
1700000004575000000,14575000000,916,915,915,0,0,,,,0,open_hand,hold,200.0,dev-0123456789abcdef0123456789abcdef,synthetic-1-open_hand,29,protocol,synthetic-demo-contract-v1,True,3.379712068861297,3.518447711247068,3.637671217773293,3.744494433161108,3.8780354361306033,3.9953133540715693,4.117067233812632,4.233026342023154
1700000004580000000,14580000000,917,916,916,0,0,,,,0,open_hand,hold,200.0,dev-0123456789abcdef0123456789abcdef,synthetic-1-open_hand,29,protocol,synthetic-demo-contract-v1,True,3.608810738249048,3.752976731544423,3.878039384871907,3.9892616643811727,4.129441323156457,4.252931966783039,4.38007672983554,4.500952223106765
1700000004585000000,14585000000,918,917,917,0,0,,,,0,open_hand,hold,200.0,dev-0123456789abcdef0123456789abcdef,synthetic-1-open_hand,29,protocol,synthetic-demo-contract-v1,True,3.8377897242571475,3.9870441017386695,4.117975327140933,4.233753436131844,4.380434313768682,4.510156898878641,4.642683223998535,4.7684988227032195
1700000004590000000,14590000000,919,918,918,0,0,,,,0,open_hand,hold,200.0,dev-0123456789abcdef0123456789abcdef,synthetic-1-open_hand,29,protocol,synthetic-demo-contract-v1,True,4.066608463477242,4.22062183180587,4.357448844801764,4.4779510952774,4.63098707036746,4.7669564492071865,4.904856778396949,5.0356395907477705
1700000004595000000,14595000000,920,919,919,0,0,,,,0,open_hand,hold,200.0,dev-0123456789abcdef0123456789abcdef,synthetic-1-open_hand,29,protocol,synthetic-demo-contract-v1,True,4.295224024735094,4.453685390565434,4.596432275845899,4.721836506192073,4.881074034325137,5.023300452835627,5.16656895229768,5.302349271969934
1700000004600000000,14600000000,921,920,920,0,0,,,,0,open_hand,hold,200.0,dev-0123456789abcdef0123456789abcdef,synthetic-1-open_hand,29,protocol,synthetic-demo-contract-v1,True,4.52359156336049,4.6862137763687945,4.834900600946346,4.965392051260611,5.1306714984846575,5.279160384714471,5.427792890981877,5.5686039768575855
1700000004605000000,14605000000,922,921,921,0,0,,,,0,open_hand,hold,200.0,dev-0123456789abcdef0123456789abcdef,synthetic-1-open_hand,29,protocol,synthetic-demo-contract-v1,True,4.751664833050989,4.918189546527154,5.072831526234662,5.208600634202294,5.379757670501812,5.534509456640361,5.68850340872069,5.834381248216018
1700000004610000000,14610000000,923,922,922,0,0,,,,0,open_hand,hold,200.0,dev-0123456789abcdef0123456789abcdef,synthetic-1-open_hand,29,protocol,synthetic-demo-contract-v1,True,4.979396746136287,5.149598805936202,5.310205543616895,5.451445686716153,5.628312726915399,5.789322707153417,5.948677065626545,6.099660123152465
1700000004615000000,14615000000,924,923,923,0,0,,,,0,open_hand,hold,200.0,dev-0123456789abcdef0123456789abcdef,synthetic-1-open_hand,29,protocol,synthetic-demo-contract-v1,True,5.206739972002916,5.3804311559471,5.54700596854446,5.693911178885756,5.876318857885862,6.043577084040665,6.208292238147116,6.364421190331519
1700000004620000000,14620000000,925,924,924,0,0,,,,0,open_hand,hold,200.0,dev-0123456789abcdef0123456789abcdef,synthetic-1-open_hand,29,protocol,synthetic-demo-contract-v1,True,5.433647562596839,5.610679605105363,5.783218955397626,5.935981633716526,6.123760302598649,6.2972515191518585,6.467329182994526,6.628646642362081
1700000004625000000,14625000000,926,925,925,0,0,,,,0,open_hand,hold,200.0,dev-0123456789abcdef0123456789abcdef,synthetic-1-open_hand,29,protocol,synthetic-demo-contract-v1,True,0.16007359330189783,0.20284044392387449,0.24383349087726214,0.2651421461081034,0.3206233753833234,0.3628269952703597,0.4007700943283205,0.4298203231919872
1700000004630000000,14630000000,927,926,926,0,0,,,,0,open_hand,hold,200.0,dev-0123456789abcdef0123456789abcdef,synthetic-1-open_hand,29,protocol,synthetic-demo-contract-v1,True,0.3859738071075063,0.4319130863645647,0.4788413660316425,0.5063784064892699,0.5668964826525811,0.6152866048189121,0.6585991540372454,0.6929277704021207
1700000004635000000,14635000000,928,927,927,0,0,,,,0,open_hand,hold,200.0,dev-0123456789abcdef0123456789abcdef,synthetic-1-open_hand,29,protocol,synthetic-demo-contract-v1,True,0.6113062498377668,0.6603998811676762,0.7132371277668494,0.7471767292644796,0.8125701308166747,0.8671156002181352,0.9158025749915653,0.9554562523075391
1700000004640000000,14640000000,929,928,928,0,0,,,,0,open_hand,hold,200.0,dev-0123456789abcdef0123456789abcdef,synthetic-1-open_hand,29,protocol,synthetic-demo-contract-v1,True,0.8360318843193472,0.8883058965809498,0.9470180108991795,0.9875240861398908,1.0576369253779412,1.1183014357542134,1.1723686371647992,1.21739479978916
1700000004645000000,14645000000,930,929,929,0,0,,,,0,open_hand,hold,200.0,dev-0123456789abcdef0123456789abcdef,synthetic-1-open_hand,29,protocol,synthetic-demo-contract-v1,True,1.0601151717150206,1.115638682397092,1.1801838520031762,1.2274081443138456,1.3020915614567297,1.3688338008511356,1.4282877165508594,1.4787342327953832
1700000004650000000,14650000000,931,930,930,0,0,,,,0,open_hand,hold,200.0,dev-0123456789abcdef0123456789abcdef,synthetic-1-open_hand,29,protocol,synthetic-demo-contract-v1,True,1.283524608837001,1.3424080135013208,1.4127369864875408,1.46681730943303,1.5459308060438763,1.618704644681988,1.6835523068297877,1.7394671814690357
1700000004655000000,14655000000,932,931,931,0,0,,,,0,open_hand,hold,200.0,dev-0123456789abcdef0123456789abcdef,synthetic-1-open_hand,29,protocol,synthetic-demo-contract-v1,True,1.5062332110672099,1.5686256193570538,1.6446821304908876,1.7057407731318686,1.7891534723155316,1.8679081920928053,1.9381570337623124,1.9995881018708497
1700000004660000000,14660000000,933,932,932,0,0,,,,0,open_hand,hold,200.0,dev-0123456789abcdef0123456789abcdef,synthetic-1-open_hand,29,protocol,synthetic-demo-contract-v1,True,1.7282189315342813,1.794304904013768,1.8760262493284892,1.9441685648901756,2.031760386383543,2.1164409508513096,2.192098662320345,2.259093286286516
1700000004665000000,14665000000,934,933,933,0,0,,,,0,open_hand,hold,200.0,dev-0123456789abcdef0123456789abcdef,synthetic-1-open_hand,29,protocol,synthetic-demo-contract-v1,True,1.949465008408704,2.019460661304295,2.106778414338076,2.1820916078635006,2.2737543468883468,2.3643017102711625,2.4453760965870286,2.5179808681199805
1700000004670000000,14670000000,935,934,934,0,0,,,,0,open_hand,hold,200.0,dev-0123456789abcdef0123456789abcdef,synthetic-1-open_hand,29,protocol,synthetic-demo-contract-v1,True,2.169960233553698,2.2441087899083385,2.3369496500662246,2.419501778262962,2.515140077871328,2.611491531300024,2.6979903724860677,2.7762508213911112
1700000004675000000,14675000000,936,935,935,0,0,,,,0,open_hand,hold,200.0,dev-0123456789abcdef0123456789abcdef,synthetic-1-open_hand,29,protocol,synthetic-demo-contract-v1,True,2.389699137282438,2.4682660128948415,2.5665527738058387,2.6563919677875343,2.7559241753897097,2.858013728196522,2.949944643425611,3.033904954871119
1700000004680000000,14680000000,937,936,936,0,0,,,,0,open_hand,hold,200.0,dev-0123456789abcdef0123456789abcdef,synthetic-1-open_hand,29,protocol,synthetic-demo-contract-v1,True,2.6086820855914894,2.691949606219134,2.795602229539021,2.892756148542602,2.9961150483590258,3.1038738419569962,3.201244158966899,3.290946900904072
1700000004685000000,14685000000,938,937,937,0,0,,,,0,open_hand,hold,200.0,dev-0123456789abcdef0123456789abcdef,synthetic-1-open_hand,29,protocol,synthetic-demo-contract-v1,True,2.826915287933141,2.915177140444006,3.024113918357853,3.128589439814892,3.2357228541261702,3.3490796056874204,3.4518962366520856,3.547382098977517
1700000004690000000,14690000000,939,938,938,0,0,,,,0,open_hand,hold,200.0,dev-0123456789abcdef0123456789abcdef,synthetic-1-open_hand,29,protocol,synthetic-demo-contract-v1,True,3.044410715321466,3.137966239680295,3.2521050274281875,3.363888176016478,3.474759429289642,3.59364090214907,3.701910227148988,3.803217774119566
1700000004695000000,14695000000,940,939,939,0,0,,,,0,open_hand,hold,200.0,dev-0123456789abcdef0123456789abcdef,synthetic-1-open_hand,29,protocol,synthetic-demo-contract-v1,True,3.2611859303034154,3.360334361406805,3.47959385952876,3.5986499750600154,3.7132382162931363,3.8375697137380973,3.951297472893045,4.058462910213732
1700000004700000000,14700000000,941,940,940,0,0,,,,0,open_hand,hold,200.0,dev-0123456789abcdef0123456789abcdef,synthetic-1-open_hand,29,protocol,synthetic-demo-contract-v1,True,3.477263832031931,3.582298600436799,3.7065996651403044,3.83287380638442,3.951174186323858,4.080880065189094,4.200071260428192,4.313128218336392
1700000004705000000,14705000000,942,941,941,0,0,,,,0,open_hand,hold,200.0,dev-0123456789abcdef0123456789abcdef,synthetic-1-open_hand,29,protocol,synthetic-demo-contract-v1,True,3.6926723213185344,3.803875519855264,3.9331424789777447,4.066560057815321,4.188583759048043,4.323587959320758,4.448246766668814,4.5672261002347945
1700000004710000000,14710000000,943,942,942,0,0,,,,0,open_hand,hold,200.0,dev-0123456789abcdef0123456789abcdef,synthetic-1-open_hand,29,protocol,synthetic-demo-contract-v1,True,3.907443892084859,4.025081011264749,4.159242962754179,4.299710600418357,4.425484719713217,4.565711306167935,4.69584099932422,4.820770607076255
1700000004715000000,14715000000,944,943,943,0,0,,,,0,open_hand,hold,200.0,dev-0123456789abcdef0123456789abcdef,synthetic-1-open_hand,29,protocol,synthetic-demo-contract-v1,True,4.121615157045144,4.2459301861556575,4.384922255839595,4.532328850486008,4.661896134139782,4.807269845868269,4.942872731745197,5.073777393611267
1700000004720000000,14720000000,945,944,944,0,0,,,,0,open_hand,hold,200.0,dev-0123456789abcdef0123456789abcdef,synthetic-1-open_hand,29,protocol,synthetic-demo-contract-v1,True,4.335226316706098,4.466437299667673,4.610201835331847,4.7644198277905865,4.897838262113745,5.048285065693614,5.18936243246901,5.326263667904897
1700000004725000000,14725000000,946,945,945,0,0,,,,0,open_hand,hold,200.0,dev-0123456789abcdef0123456789abcdef,synthetic-1-open_hand,29,protocol,synthetic-demo-contract-v1,True,4.548320581841696,4.6866157074414065,4.835103386894315,4.995990209237258,5.133332469678041,5.288780111635871,5.435332189754815,5.578248136801925
1700000004730000000,14730000000,947,946,946,0,0,,,,0,open_hand,hold,200.0,dev-0123456789abcdef0123456789abcdef,synthetic-1-open_hand,29,protocol,synthetic-demo-contract-v1,True,4.760943560466626,4.906477855682371,5.059648687535945,5.227048377061912,5.3684011408020496,5.528779694974266,5.680805631415628,5.829750947301721
1700000004735000000,14735000000,948,947,947,0,0,,,,0,open_hand,hold,200.0,dev-0123456789abcdef0123456789abcdef,synthetic-1-open_hand,29,protocol,synthetic-demo-contract-v1,True,4.973142620976012,5.126035303982105,5.283859501317494,5.457604460738987,5.603067588887885,5.768309994265855,5.925807840265817,6.080793624028752
1700000004740000000,14740000000,949,948,948,0,0,,,,0,open_hand,hold,200.0,dev-0123456789abcdef0123456789abcdef,synthetic-1-open_hand,29,protocol,synthetic-demo-contract-v1,True,5.184966243527681,5.345298779873071,5.507757488765138,5.687670371794191,5.837355968547986,6.0073985532135445,6.170365265514524,6.331399002993966
1700000004745000000,14745000000,950,949,949,0,0,,,,0,open_hand,hold,200.0,dev-0123456789abcdef0123456789abcdef,synthetic-1-open_hand,29,protocol,synthetic-demo-contract-v1,True,5.396463371908743,5.564278263543722,5.731364130561939,5.9172598307560875,6.071291188061944,6.246074174875863,6.41450563044538,6.58159116185103
1700000004750000000,14750000000,951,950,950,0,0,,,,0,open_hand,hold,200.0,dev-0123456789abcdef0123456789abcdef,synthetic-1-open_hand,29,protocol,synthetic-demo-contract-v1,True,0.10768277804717614,0.14548310061667533,0.17970066587158615,0.2338883855285083,0.2548988228913622,0.29686681269023574,0.3332578367314255,0.36889534685946435
1700000004755000000,14755000000,952,951,951,0,0,,,,0,open_hand,hold,200.0,dev-0123456789abcdef0123456789abcdef,synthetic-1-open_hand,29,protocol,synthetic-demo-contract-v1,True,0.3186724510036659,0.3639221404046073,0.40278804543021274,0.4625734205222472,0.4882050306005079,0.5348074587865712,0.5766518657412643,0.6183378967742128
1700000004760000000,14760000000,953,952,952,0,0,,,,0,open_hand,hold,200.0,dev-0123456789abcdef0123456789abcdef,synthetic-1-open_hand,29,protocol,synthetic-demo-contract-v1,True,0.5294790217155748,0.5821038966129929,0.6256468993236735,0.6908341559490985,0.7212364674975285,0.7724280300705046,0.8197186771979975,0.8674461638879014
1700000004765000000,14765000000,954,953,953,0,0,,,,0,open_hand,hold,200.0,dev-0123456789abcdef0123456789abcdef,synthetic-1-open_hand,29,protocol,synthetic-demo-contract-v1,True,0.7401472339757825,0.8000367270633907,0.8482975191524019,0.9186916367534655,0.9540202072768393,1.0097612525558919,1.0624901055567688,1.1162484324582977
1700000004770000000,14770000000,955,954,954,0,0,,,,0,open_hand,hold,200.0,dev-0123456789abcdef0123456789abcdef,synthetic-1-open_hand,29,protocol,synthetic-demo-contract-v1,True,0.9507194711299948,1.0177290286717482,1.0707598540763985,1.1461687107357323,1.1865836619078798,1.2468405444238946,1.3049987544693893,1.3647738347588787
1700000004775000000,14775000000,956,955,955,0,0,,,,0,open_hand,hold,200.0,dev-0123456789abcdef0123456789abcdef,synthetic-1-open_hand,29,protocol,synthetic-demo-contract-v1,True,1.161235346787871,1.2351894436387307,1.2930535200318871,1.3732899955067546,1.4189545049793795,1.4836998982814922,1.5472778897058117,1.6130522649952588
1700000004780000000,14780000000,957,956,956,0,0,,,,0,open_hand,hold,200.0,dev-0123456789abcdef0123456789abcdef,synthetic-1-open_hand,29,protocol,synthetic-demo-contract-v1,True,1.3717313664901984,1.452427072597799,1.5151978212212391,1.600081834003414,1.6511605976718948,1.7203737630855247,1.789361330902135,1.8611142913343905
1700000004785000000,14785000000,958,957,957,0,0,,,,0,open_hand,hold,200.0,dev-0123456789abcdef0123456789abcdef,synthetic-1-open_hand,29,protocol,synthetic-demo-contract-v1,True,1.582240665784046,1.6694516903250125,1.7372117828012934,1.8265722383902552,1.8832299174949205,1.9568969261894629,2.031283342503317,2.10899106629693
1700000004790000000,14790000000,959,958,958,0,0,,,,0,open_hand,hold,200.0,dev-0123456789abcdef0123456789abcdef,synthetic-1-open_hand,29,protocol,synthetic-demo-contract-v1,True,1.792792828560892,1.8862739595446825,1.9591141935344647,2.052790822270957,2.1151904898887843,2.193304395959102,2.2730785242659186,2.3567142357659434
1700000004795000000,14795000000,960,959,959,0,0,,,,0,open_hand,hold,200.0,dev-0123456789abcdef0123456789abcdef,synthetic-1-open_hand,29,protocol,synthetic-demo-contract-v1,True,2.0034137878418123,2.102905638368229,2.1809236570241226,2.2787687212348837,2.347070322756114,2.4296312853904856,2.5147817016820957,2.6043158468673036
1700000004800000000,14800000000,961,960,960,0,0,,,,0,open_hand,hold,200.0,dev-0123456789abcdef0123456789abcdef,synthetic-1-open_hand,29,protocol,synthetic-demo-contract-v1,True,2.214125809483094,2.3193597769799505,2.402658650032448,2.5045385018671866,2.578897343953272,2.665912697148625,2.756427816680665,2.851828254978626
1700000004805000000,14805000000,962,961,961,0,0,,,,0,open_hand,hold,200.0,dev-0123456789abcdef0123456789abcdef,synthetic-1-open_hand,29,protocol,synthetic-demo-contract-v1,True,2.424947557559962,2.535650899331661,2.6243375862768317,2.7301340594548704,2.8106993417390096,2.902183610429075,2.9980518189544534,3.099284030124381
1700000004810000000,14810000000,963,962,962,0,0,,,,0,open_hand,hold,200.0,dev-0123456789abcdef0123456789abcdef,synthetic-1-open_hand,29,protocol,synthetic-demo-contract-v1,True,2.635894238500684,2.7517951658262745,2.8459788840213207,2.9555905047250475,3.0425039081461662,3.1384787700264476,3.239688558255438,3.3467158630150715
1700000004815000000,14815000000,964,963,963,0,0,,,,0,open_hand,hold,200.0,dev-0123456789abcdef0123456789abcdef,synthetic-1-open_hand,29,protocol,synthetic-demo-contract-v1,True,2.8469778194223045,2.967810513254687,3.067601035723482,3.1809440400539977,3.274338385212568,3.3748325779744035,3.4813726779902616,3.594156470987811
1700000004820000000,14820000000,965,964,964,0,0,,,,0,open_hand,hold,200.0,dev-0123456789abcdef0123456789abcdef,synthetic-1-open_hand,29,protocol,synthetic-demo-contract-v1,True,3.058207314596075,3.183716768596844,3.289222677965288,3.4062318256859974,3.506229813979978,3.611278988101002,3.7231385104389463,3.841638504104669
1700000004825000000,14825000000,966,965,965,0,0,,,,0,open_hand,hold,200.0,dev-0123456789abcdef0123456789abcdef,synthetic-1-open_hand,29,protocol,synthetic-demo-contract-v1,True,3.2695891325759496,3.39953573370072,3.5108626598893635,3.6314918365978057,3.7382048861448207,3.8478514038213265,3.965019973908701,4.089194451663345
1700000004830000000,14830000000,967,966,966,0,0,,,,0,open_hand,hold,200.0,dev-0123456789abcdef0123456789abcdef,synthetic-1-open_hand,29,protocol,synthetic-demo-contract-v1,True,3.4811274752860957,3.615291238306293,3.732540108379541,3.8567627107375086,3.970289898222047,4.084582579466478,4.207050472123011,4.336856549372466
1700000004835000000,14835000000,968,967,967,0,0,,,,0,open_hand,hold,200.0,dev-0123456789abcdef0123456789abcdef,synthetic-1-open_hand,29,protocol,synthetic-demo-contract-v1,True,3.692824779308256,3.8310091593781306,3.9542744882667713,4.0820835894541325,4.2025107080638815,4.321504525424378,4.449262796133648,4.584656687440881
1700000004840000000,14840000000,969,968,968,0,0,,,,0,open_hand,hold,200.0,dev-0123456789abcdef0123456789abcdef,synthetic-1-open_hand,29,protocol,synthetic-demo-contract-v1,True,3.9046821887585055,4.046717405242234,4.176085655907534,4.307493951016075,4.434892693558553,4.5586484173434565,4.691689029029912,4.832626319826832
1700000004845000000,14845000000,970,969,969,0,0,,,,0,open_hand,hold,200.0,dev-0123456789abcdef0123456789abcdef,synthetic-1-open_hand,29,protocol,synthetic-demo-contract-v1,True,4.116700048512811,4.262445863581984,4.397993904571203,4.53303343819124,4.66746071332051,4.796044509625522,4.934360453705386,5.080796374888808
1700000004850000000,14850000000,971,970,970,0,0,,,,0,open_hand,hold,200.0,dev-0123456789abcdef0123456789abcdef,synthetic-1-open_hand,29,protocol,synthetic-demo-contract-v1,True,4.328878406144627,4.478226312925686,4.620020000184178,4.758741680929031,4.9002390691732645,5.033722053408923,5.177307463927897,5.329197167675275
1700000004855000000,14855000000,972,971,971,0,0,,,,0,open_hand,hold,200.0,dev-0123456789abcdef0123456789abcdef,synthetic-1-open_hand,29,protocol,synthetic-demo-contract-v1,True,4.541217510783546,4.694092297845135,4.842185206110598,4.984658115243263,5.133251470218869,5.271709219217845,5.42055947894325,5.577858314085319
1700000004860000000,14860000000,973,972,972,0,0,,,,0,open_hand,hold,200.0,dev-0123456789abcdef0123456789abcdef,synthetic-1-open_hand,29,protocol,synthetic-demo-contract-v1,True,4.753718297194857,4.910078968671873,5.064511295800461,5.210821799445146,5.366520998284211,5.510033024428273,5.664144861827681,5.826808647126593
1700000004865000000,14865000000,974,973,973,0,0,,,,0,open_hand,hold,200.0,dev-0123456789abcdef0123456789abcdef,synthetic-1-open_hand,29,protocol,synthetic-demo-contract-v1,True,4.966382843713724,5.12622288711568,5.287020552304043,5.437271228915991,5.600070074533689,5.74871926567586,5.908090841787991,6.076076135490702
1700000004870000000,14870000000,975,974,974,0,0,,,,0,open_hand,hold,200.0,dev-0123456789abcdef0123456789abcdef,synthetic-1-open_hand,29,protocol,synthetic-demo-contract-v1,True,5.179214793237864,5.342561799729916,5.509735753834502,5.664044150640067,5.8339204270406295,5.987792456306232,6.152423440592078,6.32568780465957
1700000004875000000,14875000000,976,975,975,0,0,,,,0,open_hand,hold,200.0,dev-0123456789abcdef0123456789abcdef,synthetic-1-open_hand,29,protocol,synthetic-demo-contract-v1,True,-0.1077802727228643,-0.07836561829896951,-0.042319855243793954,-0.02132262126163164,0.01809305911562449,0.039775768943617215,0.0721674032960271,0.11316966074914611
1700000004880000000,14880000000,977,976,976,0,0,,,,0,open_hand,hold,200.0,dev-0123456789abcdef0123456789abcdef,synthetic-1-open_hand,29,protocol,synthetic-demo-contract-v1,True,0.10540548406122302,0.13847995393720217,0.18087739158215144,0.2062066122540599,0.2526082181991022,0.27969098323000363,0.3173461334173194,0.3635466172892643
1700000004885000000,14885000000,978,977,977,0,0,,,,0,open_hand,hold,200.0,dev-0123456789abcdef0123456789abcdef,synthetic-1-open_hand,29,protocol,synthetic-demo-contract-v1,True,0.3187824128967813,0.35563817688509974,0.4043515237770109,0.43416625643950574,0.48748536513730073,0.5200584387636644,0.5629816326868834,0.6143424251303806
1700000004890000000,14890000000,979,978,978,0,0,,,,0,open_hand,hold,200.0,dev-0123456789abcdef0123456789abcdef,synthetic-1-open_hand,29,protocol,synthetic-demo-contract-v1,True,0.5323635583190085,0.5731487249076086,0.6281268593805857,0.6625892487833736,0.7227431436758095,0.7608969932436958,0.809094445496025,0.8655796056595687
1700000004895000000,14895000000,980,979,979,0,0,,,,0,open_hand,hold,200.0,dev-0123456789abcdef0123456789abcdef,synthetic-1-open_hand,29,protocol,synthetic-demo-contract-v1,True,0.7461647690714075,0.7910509454021163,0.8522279156864749,0.891506890994071,0.9583993500222652,1.0022239858057294,1.055703608137531,1.1172793874992832
1700000004900000000,14900000000,981,980,980,0,0,,,,0,open_hand,hold,200.0,dev-0123456789abcdef0123456789abcdef,synthetic-1-open_hand,29,protocol,synthetic-demo-contract-v1,True,0.9602047285413098,1.0093835071233077,1.0766793054300894,1.1209486881230204,1.1944709023497526,1.2440552055136012,1.3028266029236157,1.3694616468531944
1700000004905000000,14905000000,982,981,981,0,0,,,,0,open_hand,hold,200.0,dev-0123456789abcdef0123456789abcdef,synthetic-1-open_hand,29,protocol,synthetic-demo-contract-v1,True,1.1745049049448268,1.2281840423917991,1.3015056191558971,1.3509421959682848,1.4309738101347014,1.4864048649525776,1.5504793172470293,1.6221448516539088
1700000004910000000,14910000000,983,982,982,0,0,,,,0,open_hand,hold,200.0,dev-0123456789abcdef0123456789abcdef,synthetic-1-open_hand,29,protocol,synthetic-demo-contract-v1,True,1.3890894212590137,1.4474887880166767,1.5267312946430667,1.5815128778460186,1.6679231432471993,1.729285578851688,1.7986760076354182,1.8753460096574732
1700000004915000000,14915000000,984,983,983,0,0,,,,0,open_hand,hold,200.0,dev-0123456789abcdef0123456789abcdef,synthetic-1-open_hand,29,protocol,synthetic-demo-contract-v1,True,1.603984846606353,1.6673322298337392,1.7523804744689169,1.8126839717546934,1.9053330007375138,1.9727083476459732,2.0474292688331537,2.1290806206193817
1700000004920000000,14920000000,985,984,984,0,0,,,,0,open_hand,hold,200.0,dev-0123456789abcdef0123456789abcdef,synthetic-1-open_hand,29,protocol,synthetic-demo-contract-v1,True,1.8192199124721995,1.8877467557607033,1.978476852978173,2.044476368885571,2.1432164792899706,2.216682545874135,2.2967500079293437,2.383362632676369
1700000004925000000,14925000000,986,985,985,0,0,,,,0,open_hand,hold,200.0,dev-0123456789abcdef0123456789abcdef,synthetic-1-open_hand,29,protocol,synthetic-demo-contract-v1,True,2.0348251587450656,2.1087623221954903,2.205043514100403,2.2769085043529533,2.38158564134368,2.4612159152930273,2.5466474235355476,2.6382044030474914
1700000004930000000,14930000000,987,986,986,0,0,,,,0,open_hand,hold,200.0,dev-0123456789abcdef0123456789abcdef,synthetic-1-open_hand,29,protocol,synthetic-demo-contract-v1,True,2.250832516079729,2.330406138435163,2.4321027616160484,2.509996260930211,2.620451482908895,2.7063145625779343,2.7971289900020513,2.8936166631570615
1700000004935000000,14935000000,988,987,987,0,0,,,,0,open_hand,hold,200.0,dev-0123456789abcdef0123456789abcdef,synthetic-1-open_hand,29,protocol,synthetic-demo-contract-v1,True,2.467274832462952,2.5527023735731045,2.659675943610935,2.74375288648306,2.8598239011374553,2.9519829614664577,3.0482004466473134,3.14960848827076
1700000004940000000,14940000000,989,988,988,0,0,,,,0,open_hand,hold,200.0,dev-0123456789abcdef0123456789abcdef,synthetic-1-open_hand,29,protocol,synthetic-demo-contract-v1,True,2.6841853530828224,2.7756718900439634,2.8877832729782775,2.97818892569104,3.0997116617356504,3.1982239591942605,3.2998657919614933,3.4061872717248933
1700000004945000000,14945000000,990,989,989,0,0,,,,0,open_hand,hold,200.0,dev-0123456789abcdef0123456789abcdef,synthetic-1-open_hand,29,protocol,synthetic-demo-contract-v1,True,2.9015971636402025,2.999332007633979,3.1164436459243268,3.213312166542358,3.340122366337526,3.4450387870627366,3.5521272827318113,3.663358703817139
1700000004950000000,14950000000,991,990,990,0,0,,,,0,open_hand,hold,200.0,dev-0123456789abcdef0123456789abcdef,synthetic-1-open_hand,29,protocol,synthetic-demo-contract-v1,True,3.119542608073093,3.2236963013638786,3.345674460507611,3.4491276019772754,3.581062419985823,3.6924270749720263,3.8049854380248833,3.921126755415426
1700000004955000000,14955000000,992,991,991,0,0,,,,0,open_hand,hold,200.0,dev-0123456789abcdef0123456789abcdef,synthetic-1-open_hand,29,protocol,synthetic-demo-contract-v1,True,3.338052692274678,3.448774436188785,3.5754914372911184,3.685637406941996,3.822536998896079,3.940386869747561,4.0584390479492205,4.1794936663297095
1700000004960000000,14960000000,993,992,992,0,0,,,,0,open_hand,hold,200.0,dev-0123456789abcdef0123456789abcdef,synthetic-1-open_hand,29,protocol,synthetic-demo-contract-v1,True,3.557156485760698,3.6745720409515243,3.8059084442110382,3.922840930999469,4.064550018706609,4.188914657084489,4.31248518710967,4.43845993847944
1700000004965000000,14965000000,994,993,993,0,0,,,,0,open_hand,hold,200.0,dev-0123456789abcdef0123456789abcdef,synthetic-1-open_hand,29,protocol,synthetic-demo-contract-v1,True,3.776880533373679,3.9010906234801004,4.036937327764297,4.160734706526869,4.307104103442751,4.438005386931899,4.567119232654882,4.6980243338774414
1700000004970000000,14970000000,995,994,994,0,0,,,,0,open_hand,hold,200.0,dev-0123456789abcdef0123456789abcdef,synthetic-1-open_hand,29,protocol,synthetic-demo-contract-v1,True,3.997248288997515,4.128327528145173,4.268587752590023,4.399312472412597,4.550200555447706,4.687652502137602,4.822334886808753,4.958183877438841
1700000004975000000,14975000000,996,995,995,0,0,,,,0,open_hand,hold,200.0,dev-0123456789abcdef0123456789abcdef,synthetic-1-open_hand,29,protocol,synthetic-demo-contract-v1,True,4.218279582897918,4.356275936598007,4.500867051467414,4.638565213049727,4.793839326554102,4.937847970174354,5.078124203767383,5.2189338646114685
1700000004980000000,14980000000,997,996,996,0,0,,,,0,open_hand,hold,200.0,dev-0123456789abcdef0123456789abcdef,synthetic-1-open_hand,29,protocol,synthetic-demo-contract-v1,True,4.439990133709406,4.5849249118025055,4.733780087674646,4.878481212308706,5.038018990789962,5.18858231776971,5.3344776208342894,5.480267873812005
1700000004985000000,14985000000,998,997,997,0,0,,,,0,open_hand,hold,200.0,dev-0123456789abcdef0123456789abcdef,synthetic-1-open_hand,29,protocol,synthetic-demo-contract-v1,True,4.662391115269632,4.814259484865962,4.967329131551553,5.1190461220610715,5.282736718929599,5.439844668264088,5.591383993658501,5.7421777836400265
1700000004990000000,14990000000,999,998,998,0,0,,,,0,open_hand,hold,200.0,dev-0123456789abcdef0123456789abcdef,synthetic-1-open_hand,29,protocol,synthetic-demo-contract-v1,True,4.885488787473277,5.044260783571311,5.2015137529834625,5.3602430447187315,5.5279882552140815,5.69162278152504,5.848830635432637,6.004653794829832
1700000004995000000,14995000000,1000,999,999,0,0,,,,0,open_hand,hold,200.0,dev-0123456789abcdef0123456789abcdef,synthetic-1-open_hand,29,protocol,synthetic-demo-contract-v1,True,5.109284199101363,5.274906200928177,5.436330731376678,5.602052629151104,5.773767896576941,5.943903096250093,6.106803359901312,6.267684456888058
