host_wall_timestamp_ns,host_monotonic_ns,host_receive_index,sample_index,session_sample_index,generation,connection_generation,device_packet_sequence,device_sample_counter,device_time_ticks,sample_in_packet,action_label,action_phase,sample_rate_hz,device_id,session_id,quality_flags,sample_rate_source_kind,sample_rate_evidence_ref,sample_rate_confirmed,channel_1,channel_2,channel_3,channel_4,channel_5,channel_6,channel_7,channel_8
1700000000000000000,10000000000,1,0,0,0,0,,,,0,fist,hold,200.0,dev-0123456789abcdef0123456789abcdef,synthetic-3-fist,29,protocol,synthetic-demo-contract-v1,True,-4.727039035053865,-4.810215010930211,-4.893390986806558,-4.976566962682904,-5.0597429385592525,-5.142918914435598,-5.226094890311945,-5.3092708661882915
1700000000005000000,10005000000,2,1,1,0,0,,,,0,fist,hold,200.0,dev-0123456789abcdef0123456789abcdef,synthetic-3-fist,29,protocol,synthetic-demo-contract-v1,True,4.905159717548084,5.062576147590268,5.22003162654777,5.3775145344353925,5.535017439510266,5.692535369443435,5.8500648726710995,6.007603478777342
1700000000010000000,10010000000,3,2,2,0,0,,,,0,fist,hold,200.0,dev-0123456789abcdef0123456789abcdef,synthetic-3-fist,29,protocol,synthetic-demo-contract-v1,True,-4.663527267960971,-4.745530299301702,-4.827459003871741,-4.909334930410407,-4.991172085298035,-5.072979947215534,-5.154765151119807,-5.236532476068655
1700000000015000000,10015000000,4,3,3,0,0,,,,0,fist,hold,200.0,dev-0123456789abcdef0123456789abcdef,synthetic-3-fist,29,protocol,synthetic-demo-contract-v1,True,4.966624504835767,5.125193231233843,5.283864172568091,5.442609147323888,5.601409253989777,5.760251424164112,5.919126368530335,6.07802731922239
1700000000020000000,10020000000,5,4,4,0,0,,,,0,fist,hold,200.0,dev-0123456789abcdef0123456789abcdef,synthetic-3-fist,29,protocol,synthetic-demo-contract-v1,True,-4.604650181572895,-4.685515731413103,-4.766261886256523,-4.8469187295613825,-4.927507624498447,-5.008043892201832,-5.08853870092991,-5.1690003368338955
1700000000025000000,10025000000,6,5,5,0,0,,,,0,fist,hold,200.0,dev-0123456789abcdef0123456789abcdef,synthetic-3-fist,29,protocol,synthetic-demo-contract-v1,True,5.02239626181318,5.182092592641833,5.3419119108411826,5.5018281494405405,5.6618205708050695,5.821873313832179,5.981974331748029,6.142114430419992
1700000000030000000,10030000000,7,6,6,0,0,,,,0,fist,hold,200.0,dev-0123456789abcdef0123456789abcdef,synthetic-3-fist,29,protocol,synthetic-demo-contract-v1,True,-4.5524733757185425,-4.632217570004026,-4.711851087807813,-4.791389189338809,-4.8708483749954254,-4.95024301515522,-5.029584837542077,-5.108883208459831
1700000000035000000,10035000000,8,7,7,0,0,,,,0,fist,hold,200.0,dev-0123456789abcdef0123456789abcdef,synthetic-3-fist,29,protocol,synthetic-demo-contract-v1,True,5.070521136450869,5.2313345222902194,5.392228726694397,5.553206585470376,5.714259817138551,5.8753778208870076,6.036550548912321,6.19776930664432
1700000000040000000,10040000000,9,8,8,0,0,,,,0,fist,hold,200.0,dev-0123456789abcdef0123456789abcdef,synthetic-3-fist,29,protocol,synthetic-demo-contract-v1,True,-4.5088204656690145,-4.587451952320307,-4.666050910325341,-4.7445890359993115,-4.823062215642206,-4.901474833617532,-4.979833772785823,-5.058146124254562
1700000000045000000,10045000000,10,9,9,0,0,,,,0,fist,hold,200.0,dev-0123456789abcdef0123456789abcdef,synthetic-3-fist,29,protocol,synthetic-demo-contract-v1,True,5.109322924275971,5.271242377848452,5.433127575216699,5.595039297926052,5.7569982344880355,5.919008743352325,6.081068672055426,6.243173529703198
1700000000050000000,10050000000,11,10,10,0,0,,,,0,fist,hold,200.0,dev-0123456789abcdef0123456789abcdef,synthetic-3-fist,29,protocol,synthetic-demo-contract-v1,True,-4.4752045708681205,-4.552741345479082,-4.630396859703135,-4.70807166190615,-4.7857245071665835,-4.863339783303862,-4.940913313939138,-5.018445952945629
1700000000055000000,10055000000,12,11,11,0,0,,,,0,fist,hold,200.0,dev-0123456789abcdef0123456789abcdef,synthetic-3-fist,29,protocol,synthetic-demo-contract-v1,True,5.137465598545019,5.300461171127508,5.463237487512287,5.625937594185076,5.788626870446133,5.951334578644135,6.114072805204066,6.27684538341968
1700000000060000000,10060000000,13,12,12,0,0,,,,0,fist,hold,200.0,dev-0123456789abcdef0123456789abcdef,synthetic-3-fist,29,protocol,synthetic-demo-contract-v1,True,-4.4527724307210335,-4.529261452873832,-4.60608376525648,-4.683049494940681,-4.7600661574380005,-4.837088659012757,-4.914095491261507,-4.991077098269851
1700000000065000000,10065000000,14,13,13,0,0,,,,0,fist,hold,200.0,dev-0123456789abcdef0123456789abcdef,synthetic-3-fist,29,protocol,synthetic-demo-contract-v1,True,5.154001964435568,5.318004684445634,5.481549881752653,5.644875410018323,5.808103027469529,5.971295525275681,6.1344852236981,6.297688393158467
1700000000070000000,10070000000,15,14,14,0,0,,,,0,fist,hold,200.0,dev-0123456789abcdef0123456789abcdef,synthetic-3-fist,29,protocol,synthetic-demo-contract-v1,True,-4.442263476354252,-4.517800502419331,-4.593925434536693,-4.670353687119311,-4.746933042271745,-4.823581557157786,-4.900254884284807,-4.976929119633369
1700000000075000000,10075000000,16,15,15,0,0,,,,0,fist,hold,200.0,dev-0123456789abcdef0123456789abcdef,synthetic-3-fist,29,protocol,synthetic-demo-contract-v1,True,5.158406459542281,5.323289411012532,5.487452597486063,5.6512234324866935,5.814784637366972,5.978238258238425,6.141641659664223,6.305027196476034
1700000000080000000,10080000000,17,16,16,0,0,,,,0,fist,hold,200.0,dev-0123456789abcdef0123456789abcdef,synthetic-3-fist,29,protocol,synthetic-demo-contract-v1,True,-4.443985460898737,-4.518732380171822,-4.594327220674447,-4.670406464967717,-4.746758119539855,-4.823259668542551,-4.899840014545136,-4.976457664984826
1700000000085000000,10085000000,18,17,17,0,0,,,,0,fist,hold,200.0,dev-0123456789abcdef0123456789abcdef,synthetic-3-fist,29,protocol,synthetic-demo-contract-v1,True,5.150590891693984,5.316154111645824,5.480750492617264,5.6447700454496115,5.808451428286244,5.971937336139612,6.135312996150491,6.29862956798832
1700000000090000000,10090000000,19,18,18,0,0,,,,0,fist,hold,200.0,dev-0123456789abcdef0123456789abcdef,synthetic-3-fist,29,protocol,synthetic-demo-contract-v1,True,-4.4578074511204475,-4.532004549799185,-4.607272436323419,-4.683207063106505,-4.759547155899582,-4.83613084719647,-4.912858742535651,-4.989669668880066
1700000000095000000,10095000000,20,19,19,0,0,,,,0,fist,hold,200.0,dev-0123456789abcdef0123456789abcdef,synthetic-3-fist,29,protocol,synthetic-demo-contract-v1,True,5.13090272404548,5.296864323180098,5.4616719035825145,5.625728399242834,5.789312186390574,5.952602537998982,6.115712659569277,6.278713877248823
1700000000100000000,10100000000,21,20,20,0,0,,,,0,fist,hold,200.0,dev-0123456789abcdef0123456789abcdef,synthetic-3-fist,29,protocol,synthetic-demo-contract-v1,True,-4.483170157074391,-4.557141140905232,-4.632323073052781,-4.708331710631492,-4.784878536684666,-4.861769427875709,-4.938878145967184,-5.016123299242982
1700000000105000000,10105000000,22,21,21,0,0,,,,0,fist,hold,200.0,dev-0123456789abcdef0123456789abcdef,synthetic-3-fist,29,protocol,synthetic-demo-contract-v1,True,5.100106338752352,5.266101720124648,5.430860754422725,5.594729367738624,5.757997872829597,5.920871890474461,6.083489470541928,6.245941737805351
1700000000110000000,10110000000,23,22,22,0,0,,,,0,fist,hold,200.0,dev-0123456789abcdef0123456789abcdef,synthetic-3-fist,29,protocol,synthetic-demo-contract-v1,True,-4.519112771702942,-4.593261020063456,-4.668634794148093,-4.7449476722864645,-4.821917165226746,-4.8993302961277685,-4.977038880104464,-5.0549426510046915
1700000000115000000,10115000000,24,23,23,0,0,,,,0,fist,hold,200.0,dev-0123456789abcdef0123456789abcdef,synthetic-3-fist,29,protocol,synthetic-demo-contract-v1,True,5.059348487286452,5.224938797447035,5.389354592765289,5.552800625611433,5.715540822916914,5.877790616967556,6.039706191503369,6.201396092869511
1700000000120000000,10120000000,25,24,24,0,0,,,,0,fist,hold,200.0,dev-0123456789abcdef0123456789abcdef,synthetic-3-fist,29,protocol,synthetic-demo-contract-v1,True,-4.564314754372463,-4.639110100646832,-4.714985679356864,-4.791840878713501,-4.8694419933895805,-4.947576746042338,-5.026083544678037,-5.104846699613579
1700000000125000000,10125000000,26,25,25,0,0,,,,0,fist,hold,200.0,dev-0123456789abcdef0123456789abcdef,synthetic-3-fist,29,protocol,synthetic-demo-contract-v1,True,5.010109824506049,5.174799885971468,5.338549312988775,5.501332540541393,5.663340713252525,5.824776703065945,5.985804479768789,6.146545462144438
1700000000130000000,10130000000,27,26,26,0,0,,,,0,fist,hold,200.0,dev-0123456789abcdef0123456789abcdef,synthetic-3-fist,29,protocol,synthetic-demo-contract-v1,True,-4.617150361271758,-4.693106623508369,-4.769817729220338,-4.847456227818661,-4.9258862757201705,-5.004921207389424,-5.084398121329331,-5.164191558327204
1700000000135000000,10135000000,28,27,27,0,0,,,,0,fist,hold,200.0,dev-0123456789abcdef0123456789abcdef,synthetic-3-fist,29,protocol,synthetic-demo-contract-v1,True,4.9541449886415,5.117410011150871,5.2801517822646336,5.442032013895518,5.60311841874801,5.7635742128803455,5.923557401709613,6.083195529538983
1700000000140000000,10140000000,29,28,28,0,0,,,,0,fist,hold,200.0,dev-0123456789abcdef0123456789abcdef,synthetic-3-fist,29,protocol,synthetic-demo-contract-v1,True,-4.675753233408715,-4.753397670943921,-4.831289700653347,-4.909949217588248,-4.989389220162916,-5.069477500695206,-5.150065115882716,-5.231024645667114
1700000000145000000,10145000000,30,29,29,0,0,,,,0,fist,hold,200.0,dev-0123456789abcdef0123456789abcdef,synthetic-3-fist,29,protocol,synthetic-demo-contract-v1,True,4.893414103150799,5.054733541412492,5.216121997919397,5.376865804501671,5.536859280744544,5.696195893547272,5.855011072526987,6.013429667765847
1700000000150000000,10150000000,31,30,30,0,0,,,,0,fist,hold,200.0,dev-0123456789abcdef0123456789abcdef,synthetic-3-fist,29,protocol,synthetic-demo-contract-v1,True,-4.738088021698042,-4.81792477924873,-4.897339459496435,-4.977247193593455,-5.057857332573732,-5.139122899845761,-5.2209266550893565,-5.303148977841595
1700000000155000000,10155000000,32,31,31,0,0,,,,0,fist,hold,200.0,dev-0123456789abcdef0123456789abcdef,synthetic-3-fist,29,protocol,synthetic-demo-contract-v1,True,4.830008822363682,4.988904927377416,5.14860676034642,5.3079952201002145,5.466747656497052,5.6248569572531535,5.782417343398484,5.9395403594753216
1700000000160000000,10160000000,33,32,32,0,0,,,,0,fist,hold,200.0,dev-0123456789abcdef0123456789abcdef,synthetic-3-fist,29,protocol,synthetic-demo-contract-v1,True,-4.802025869227212,-4.884496205319739,-4.965753713200954,-5.047118174501748,-5.129033432696703,-5.211567959501928,-5.294655460505133,-5.3781954682067825
1700000000165000000,10165000000,34,33,33,0,0,,,,0,fist,hold,200.0,dev-0123456789abcdef0123456789abcdef,synthetic-3-fist,29,protocol,synthetic-demo-contract-v1,True,4.766076115845625,4.9221540951584934,5.079867132264631,5.237704348255523,5.395094907723995,5.55190222001036,5.708159751757881,5.8639537736487135
1700000000170000000,10170000000,35,34,34,0,0,,,,0,fist,hold,200.0,dev-0123456789abcdef0123456789abcdef,synthetic-3-fist,29,protocol,synthetic-demo-contract-v1,True,-4.865420582589476,-4.9508631909883185,-5.034242738686142,-5.117244966836352,-5.200571066361647,-5.284431809552455,-5.368831363600391,-5.453700852891118
1700000000175000000,10175000000,36,35,35,0,0,,,,0,fist,hold,200.0,dev-0123456789abcdef0123456789abcdef,synthetic-3-fist,29,protocol,synthetic-demo-contract-v1,True,4.703742892731405,4.856729216941978,5.012202162688013,5.168324213361994,5.324263202215865,5.479728994552888,5.634675171484041,5.789149980627734
1700000000180000000,10180000000,37,36,36,0,0,,,,0,fist,hold,200.0,dev-0123456789abcdef0123456789abcdef,synthetic-3-fist,29,protocol,synthetic-demo-contract-v1,True,-4.926182495526247,-5.014797461601306,-5.10051755514419,-5.185302104390513,-5.270111860764381,-5.355320439409877,-5.441020844550354,-5.52718867719938
1700000000185000000,10185000000,38,37,37,0,0,,,,0,fist,hold,200.0,dev-0123456789abcdef0123456789abcdef,synthetic-3-fist,29,protocol,synthetic-demo-contract-v1,True,4.645044323629915,4.794819635890608,4.947871475557096,5.102155381729094,5.256587640525843,5.4107082739514105,5.564373740562374,5.7175814320024365
1700000000190000000,10190000000,39,38,38,0,0,,,,0,fist,hold,200.0,dev-0123456789abcdef0123456789abcdef,synthetic-3-fist,29,protocol,synthetic-demo-contract-v1,True,-4.9823473376424525,-5.074167194804424,-5.162366914642101,-5.249033053966276,-5.33536327266719,-5.421905397056981,-5.508856978385916,-5.596250677403597
1700000000195000000,10195000000,40,39,39,0,0,,,,0,fist,hold,200.0,dev-0123456789abcdef0123456789abcdef,synthetic-3-fist,29,protocol,synthetic-demo-contract-v1,True,4.591858349629603,4.738481670324057,4.88901935466072,5.041391588073812,5.194299274982906,5.347106798304798,5.499559699722923,5.65159238793051
1700000000200000000,10200000000,41,40,40,0,0,,,,0,fist,hold,200.0,dev-0123456789abcdef0123456789abcdef,synthetic-3-fist,29,protocol,synthetic-demo-contract-v1,True,-5.032137839516095,-5.12700879904467,-5.2177314971331334,-5.306325120582731,-5.39417416640368,-5.482000314590018,-5.570117159529716,-5.658625880297731
1700000000205000000,10205000000,42,41,41,0,0,,,,0,fist,hold,200.0,dev-0123456789abcdef0123456789abcdef,synthetic-3-fist,29,protocol,synthetic-demo-contract-v1,True,4.545848407530994,4.689569868775452,4.837602897480943,4.988046922386569,5.1394515588505705,5.291012567326087,5.442355744828276,5.593341942474507
1700000000210000000,10210000000,43,42,42,0,0,,,,0,fist,hold,200.0,dev-0123456789abcdef0123456789abcdef,synthetic-3-fist,29,protocol,synthetic-demo-contract-v1,True,-5.074016298733791,-5.171592042279862,-5.264772800110371,-5.355279562257321,-5.444605730116757,-5.533632743997673,-5.622796049600693,-5.712274818827768
1700000000215000000,10215000000,44,43,43,0,0,,,,0,fist,hold,200.0,dev-0123456789abcdef0123456789abcdef,synthetic-3-fist,29,protocol,synthetic-demo-contract-v1,True,4.508415883668596,4.649676041578992,4.79532666334712,4.943888997228622,5.093852650373264,5.24426624779116,5.394633379412245,5.544733178290855
1700000000220000000,10220000000,45,44,44,0,0,,,,0,fist,hold,200.0,dev-0123456789abcdef0123456789abcdef,synthetic-3-fist,29,protocol,synthetic-demo-contract-v1,True,-5.106726862413741,-5.206476359232137,-5.301934402631183,-5.394274584323935,-5.484995392342424,-5.57510894167953,-5.665171351292518,-5.755446423691557
1700000000225000000,10225000000,46,45,45,0,0,,,,0,fist,hold,200.0,dev-0123456789abcdef0123456789abcdef,synthetic-3-fist,29,protocol,synthetic-demo-contract-v1,True,4.480663272532562,4.6200780683405265,4.76358601128512,4.910380316046332,5.059005803434905,5.208400730418024,5.357951555605283,5.507350779429428
1700000000230000000,10230000000,47,46,46,0,0,,,,0,fist,hold,200.0,dev-0123456789abcdef0123456789abcdef,synthetic-3-fist,29,protocol,synthetic-demo-contract-v1,True,-5.1293268142255775,-5.230556526491623,-5.32799355184892,-5.422019120665971,-5.51401163180882,-5.605069472637812,-5.695860247900191,-5.786735392694468
1700000000235000000,10235000000,48,47,47,0,0,,,,0,fist,hold,200.0,dev-0123456789abcdef0123456789abcdef,synthetic-3-fist,29,protocol,synthetic-demo-contract-v1,True,4.463368496002909,4.601700089085458,4.743421018559401,4.888629789718793,5.036059809963897,5.184590822204188,5.333505618266528,5.482409151793878
1700000000240000000,10240000000,49,48,48,0,0,,,,0,fist,hold,200.0,dev-0123456789abcdef0123456789abcdef,synthetic-3-fist,29,protocol,synthetic-demo-contract-v1,True,-5.141206654546321,-5.243096312604817,-5.342101357821988,-5.437595616278154,-5.530697873542311,-5.622533807709843,-5.713864655873246,-5.805128153864553
1700000000245000000,10245000000,50,49,49,0,0,,,,0,fist,hold,200.0,dev-0123456789abcdef0123456789abcdef,synthetic-3-fist,29,protocol,synthetic-demo-contract-v1,True,4.456970365101966,4.595085247282566,4.735482503044642,4.879356010422144,5.025771127843932,5.173614726418942,5.322088227492869,5.470712754182968
1700000000250000000,10250000000,51,50,50,0,0,,,,0,fist,hold,200.0,dev-0123456789abcdef0123456789abcdef,synthetic-3-fist,29,protocol,synthetic-demo-contract-v1,True,-5.142099203498679,-5.243749167009397,-5.343810277185025,-5.440490391973183,-5.534504024162778,-5.626932449681571,-5.718603806463937,-5.810035914509348
1700000000255000000,10255000000,52,51,51,0,0,,,,0,fist,hold,200.0,dev-0123456789abcdef0123456789abcdef,synthetic-3-fist,29,protocol,synthetic-demo-contract-v1,True,4.46156476296968,4.600381683798731,4.740011254294284,4.882863500286349,5.028478942855415,5.175828574323136,5.324063539989283,5.4726299402136735
1700000000260000000,10260000000,53,52,52,0,0,,,,0,fist,hold,200.0,dev-0123456789abcdef0123456789abcdef,synthetic-3-fist,29,protocol,synthetic-demo-contract-v1,True,-5.132078317850783,-5.232565488497165,-5.333088004299025,-5.430610585587832,-5.525304606747766,-5.618125534695927,-5.709933089962592,-5.801313714131401
1700000000265000000,10265000000,54,53,53,0,0,,,,0,fist,hold,200.0,dev-0123456789abcdef0123456789abcdef,synthetic-3-fist,29,protocol,synthetic-demo-contract-v1,True,4.476910811471871,4.617342001055629,4.756831124230644,4.899032720307942,5.044093986777483,5.191154843053358,5.339355493068816,5.488081166092503
1700000000270000000,10270000000,55,54,54,0,0,,,,0,fist,hold,200.0,dev-0123456789abcdef0123456789abcdef,synthetic-3-fist,29,protocol,synthetic-demo-contract-v1,True,-5.111548082258933,-5.209986492000741,-5.310317354372698,-5.408287110918428,-5.503402897415515,-5.596407300523839,-5.688148548415936,-5.779264860375755
1700000000275000000,10275000000,56,55,55,0,0,,,,0,fist,hold,200.0,dev-0123456789abcdef0123456789abcdef,synthetic-3-fist,29,protocol,synthetic-demo-contract-v1,True,4.502446061878516,4.645335944722171,4.785356154640247,4.927324166977815,5.072101480283015,5.219085037106347,5.367450570692807,5.516541945832063
1700000000280000000,10280000000,57,56,56,0,0,,,,0,fist,hold,200.0,dev-0123456789abcdef0123456789abcdef,synthetic-3-fist,29,protocol,synthetic-demo-contract-v1,True,-5.08122351013294,-5.1768251539269645,-5.276282200533592,-5.374263540922834,-5.469520927256629,-5.56249627834505,-5.653976875204364,-5.744630608757109
1700000000285000000,10285000000,58,57,57,0,0,,,,0,fist,hold,200.0,dev-0123456789abcdef0123456789abcdef,synthetic-3-fist,29,protocol,synthetic-demo-contract-v1,True,4.537309621027361,4.683375603476625,4.824611441563961,4.966796415359761,5.111578103608513,5.258696541537181,5.407414954257578,5.557060449706119
1700000000290000000,10290000000,59,58,58,0,0,,,,0,fist,hold,200.0,dev-0123456789abcdef0123456789abcdef,synthetic-3-fist,29,protocol,synthetic-demo-contract-v1,True,-5.042103875023164,-5.1342351445692636,-5.232139999411854,-5.329671289951535,-5.424775679219538,-5.517511534381418,-5.608551256850015,-5.698565432937084
1700000000295000000,10295000000,60,59,59,0,0,,,,0,fist,hold,200.0,dev-0123456789abcdef0123456789abcdef,synthetic-3-fist,29,protocol,synthetic-demo-contract-v1,True,4.580372078911399,4.730152021127289,4.87326697265822,5.016137503536826,5.161222435528778,5.308683088788282,5.457925487481117,5.608289159506265
1700000000300000000,10300000000,61,60,60,0,0,,,,0,fist,hold,200.0,dev-0123456789abcdef0123456789abcdef,synthetic-3-fist,29,protocol,synthetic-demo-contract-v1,True,-4.995439802799295,-5.083669037057785,-5.179381891271663,-5.275991925311207,-5.37064226466425,-5.462935746579534,-5.553373858232869,-5.642598706779695
1700000000305000000,10305000000,62,61,61,0,0,,,,0,fist,hold,200.0,dev-0123456789abcdef0123456789abcdef,synthetic-3-fist,29,protocol,synthetic-demo-contract-v1,True,4.630271125672496,4.784081762682544,4.92968323851673,5.073708609880447,5.219397857158277,5.367397833336977,5.517313430326752,5.668529531393887
1700000000310000000,10310000000,63,62,62,0,0,,,,0,fist,hold,200.0,dev-0123456789abcdef0123456789abcdef,synthetic-3-fist,29,protocol,synthetic-demo-contract-v1,True,-4.942695206642205,-5.026827404230582,-5.1197817757423385,-5.215007866148488,-5.308905293538623,-5.400566334453742,-5.490266191672682,-5.578584066675621
1700000000315000000,10315000000,64,63,63,0,0,,,,0,fist,hold,200.0,dev-0123456789abcdef0123456789abcdef,synthetic-3-fist,29,protocol,synthetic-demo-contract-v1,True,4.685451814854204,4.843361686974596,4.991967027489064,5.137598566256765,5.28418650617456,5.432907613817744,5.583619556377808,5.735788189075449
1700000000320000000,10320000000,65,64,64,0,0,,,,0,fist,hold,200.0,dev-0123456789abcdef0123456789abcdef,synthetic-3-fist,29,protocol,synthetic-demo-contract-v1,True,-4.885505063181603,-4.965600669083607,-5.055336128816221,-5.148743113235474,-5.241600041350893,-5.332456252933794,-5.421309008633555,-5.5086381279632155
1700000000325000000,10325000000,66,65,65,0,0,,,,0,fist,hold,200.0,dev-0123456789abcdef0123456789abcdef,synthetic-3-fist,29,protocol,synthetic-demo-contract-v1,True,4.744210522402618,4.906029960257851,5.058035478781185,5.205687390649713,5.353452502761206,5.5030566145764706,5.654658775285143,5.807842790763935
1700000000330000000,10330000000,67,66,66,0,0,,,,0,fist,hold,200.0,dev-0123456789abcdef0123456789abcdef,synthetic-3-fist,29,protocol,synthetic-demo-contract-v1,True,-4.82562993231248,-4.902005755566184,-4.988196628915526,-5.079395983919716,-5.170945352479976,-5.260846400696826,-5.348773697021131,-5.435070579339403
1700000000335000000,10335000000,68,67,67,0,0,,,,0,fist,hold,200.0,dev-0123456789abcdef0123456789abcdef,synthetic-3-fist,29,protocol,synthetic-demo-contract-v1,True,4.804741744321503,4.970031201760305,5.1256862015610265,5.275716723703915,5.424912362907967,5.575537329839058,5.728092149110699,5.882315395410264
1700000000340000000,10340000000,69,68,68,0,0,,,,0,fist,hold,200.0,dev-0123456789abcdef0123456789abcdef,synthetic-3-fist,29,protocol,synthetic-demo-contract-v1,True,-4.7649080373545685,-4.8381196920546055,-4.92059788967742,-5.009266091288032,-5.099270491792271,-5.188091868835439,-5.275047445850663,-5.360307962425042
1700000000345000000,10345000000,70,69,69,0,0,,,,0,fist,hold,200.0,dev-0123456789abcdef0123456789abcdef,synthetic-3-fist,29,protocol,synthetic-demo-contract-v1,True,4.865186949554329,5.033283584319343,5.192671076969235,5.345364825293237,5.496210277761141,5.647966493974333,5.801503928867982,5.956750907459399
1700000000350000000,10350000000,71,70,70,0,0,,,,0,fist,hold,200.0,dev-0123456789abcdef0123456789abcdef,synthetic-3-fist,29,protocol,synthetic-demo-contract-v1,True,-4.705205664777873,-4.776012350473161,-4.854782747442989,-4.940677996706964,-5.028938356039175,-5.116584457773852,-5.202554643304743,-5.286813650807682
1700000000355000000,10355000000,72,71,71,0,0,,,,0,fist,hold,200.0,dev-0123456789abcdef0123456789abcdef,synthetic-3-fist,29,protocol,synthetic-demo-contract-v1,True,4.92368474259259,5.093745718967977,5.256771251191245,5.412323636964547,5.564995777298581,5.717963478575094,5.87248107328093,6.028698013003824
1700000000360000000,10360000000,73,72,72,0,0,,,,0,fist,hold,200.0,dev-0123456789abcdef0123456789abcdef,synthetic-3-fist,29,protocol,synthetic-demo-contract-v1,True,-4.648366626775746,-4.717680463070896,-4.7929276178454545,-4.87590407406157,-4.96226757651617,-5.048674012458798,-5.13367709716837,-5.217006667121602
1700000000365000000,10365000000,74,73,73,0,0,,,,0,fist,hold,200.0,dev-0123456789abcdef0123456789abcdef,synthetic-3-fist,29,protocol,synthetic-demo-contract-v1,True,4.978421582678042,5.149481227100661,5.315870804044273,5.474375348941231,5.62900121800008,5.783228576609891,5.938692631132713,6.095789939135811
1700000000370000000,10370000000,75,74,74,0,0,,,,0,fist,hold,200.0,dev-0123456789abcdef0123456789abcdef,synthetic-3-fist,29,protocol,synthetic-demo-contract-v1,True,-4.596161561834792,-4.6649849519723565,-4.737070416885211,-4.817089148640052,-4.901456081016022,-4.98659116402078,-5.070675704300781,-5.153182013966389
1700000000375000000,10375000000,76,75,75,0,0,,,,0,fist,hold,200.0,dev-0123456789abcdef0123456789abcdef,synthetic-3-fist,29,protocol,synthetic-demo-contract-v1,True,5.027682250645769,5.198719040969199,5.3680266388872875,5.529465928474239,5.686116539986145,5.841618598341317,5.997966374186751,6.1558223751906285
1700000000380000000,10380000000,77,76,76,0,0,,,,0,fist,hold,200.0,dev-0123456789abcdef0123456789abcdef,synthetic-3-fist,29,protocol,synthetic-demo-contract-v1,True,-4.550237926998488,-4.619593441352421,-4.689043438903387,-4.766179412946893,-4.848508635000234,-4.932374019087792,-5.015616146963323,-5.09743514350489
1700000000385000000,10385000000,78,77,77,0,0,,,,0,fist,hold,200.0,dev-0123456789abcdef0123456789abcdef,synthetic-3-fist,29,protocol,synthetic-demo-contract-v1,True,5.069899155323702,5.239907664432691,5.411532283181048,5.57577316903217,5.734458829115318,5.891217292897652,6.048360159322158,6.206825989176617
1700000000390000000,10390000000,79,78,78,0,0,,,,0,fist,hold,200.0,dev-0123456789abcdef0123456789abcdef,synthetic-3-fist,29,protocol,synthetic-demo-contract-v1,True,-4.512071652223923,-4.5829296073727965,-4.650413401222922,-4.724857977857782,-4.805170750730501,-4.887801207305606,-4.9703010601059505,-5.051593053120814
1700000000395000000,10395000000,80,79,79,0,0,,,,0,fist,hold,200.0,dev-0123456789abcdef0123456789abcdef,synthetic-3-fist,29,protocol,synthetic-demo-contract-v1,True,5.103699440942445,5.271761861678047,5.444973509045578,5.611767003639929,5.772434390794511,5.930398280367414,6.088225673189117,6.247131151864995
1700000000400000000,10400000000,81,80,80,0,0,,,,0,fist,hold,200.0,dev-0123456789abcdef0123456789abcdef,synthetic-3-fist,29,protocol,synthetic-demo-contract-v1,True,-4.4829215669301785,-4.556130766666038,-4.622430609883551,-4.69448919531321,-4.772871143170072,-4.854333487696032,-4.936210899552777,-5.017154275107905
1700000000405000000,10405000000,82,81,81,0,0,,,,0,fist,hold,200.0,dev-0123456789abcdef0123456789abcdef,synthetic-3-fist,29,protocol,synthetic-demo-contract-v1,True,5.127948713197297,5.293300511985394,5.467273971482754,5.636260084420463,5.798791289122303,5.957878426413167,6.116262464577113,6.275422738835005
1700000000410000000,10410000000,83,82,82,0,0,,,,0,fist,hold,200.0,dev-0123456789abcdef0123456789abcdef,synthetic-3-fist,29,protocol,synthetic-demo-contract-v1,True,-4.46378785115786,-4.5400148203461255,-4.605988882210783,-4.676073595648064,-4.752674629704619,-4.8330658321963496,-4.914455453499399,-4.995239734259402
1700000000415000000,10415000000,84,83,83,0,0,,,,0,fist,hold,200.0,dev-0123456789abcdef0123456789abcdef,synthetic-3-fist,29,protocol,synthetic-demo-contract-v1,True,5.141790066721145,5.303874663333756,5.4777294081297825,5.648446955388018,5.812660619313416,5.972759906518311,6.131560490478278,6.2907832087201365
1700000000420000000,10420000000,85,84,84,0,0,,,,0,fist,hold,200.0,dev-0123456789abcdef0123456789abcdef,synthetic-3-fist,29,protocol,synthetic-demo-contract-v1,True,-4.455375885061219,-4.535057367377961,-4.601597491319728,-4.670214928491422,-4.745247026431993,-4.824691559379179,-4.905737588336515,-4.986556088142416
1700000000425000000,10425000000,86,85,85,0,0,,,,0,fist,hold,200.0,dev-0123456789abcdef0123456789abcdef,synthetic-3-fist,29,protocol,synthetic-demo-contract-v1,True,5.144676995193266,5.303185126793591,5.47602933623048,5.647930525906589,5.813585152781172,5.974559579699379,6.133629780929876,6.292722543149621
1700000000430000000,10430000000,87,86,86,0,0,,,,0,fist,hold,200.0,dev-0123456789abcdef0123456789abcdef,synthetic-3-fist,29,protocol,synthetic-demo-contract-v1,True,-4.458066946145822,-4.541379488317273,-4.609365988069499,-4.677100392788011,-4.750833198280777,-4.829479694335654,-4.910330416142629,-4.991372752630986
1700000000435000000,10435000000,88,87,87,0,0,,,,0,fist,hold,200.0,dev-0123456789abcdef0123456789abcdef,synthetic-3-fist,29,protocol,synthetic-demo-contract-v1,True,5.136398721263512,5.291289267910487,5.462265606314111,5.63473497525208,5.801534410538845,5.963224709553058,6.12241625262587,6.281194067644601
1700000000440000000,10440000000,89,88,88,0,0,,,,0,fist,hold,200.0,dev-0123456789abcdef0123456789abcdef,synthetic-3-fist,29,protocol,synthetic-demo-contract-v1,True,-4.471897210684109,-4.558746386855626,-4.6290023216072935,-4.696494702363158,-4.769248986576822,-4.847266295097845,-4.928068628559148,-5.009513363537602
1700000000445000000,10445000000,90,89,89,0,0,,,,0,fist,hold,200.0,dev-0123456789abcdef0123456789abcdef,synthetic-3-fist,29,protocol,synthetic-demo-contract-v1,True,5.117096518288212,5.268596962187748,5.436927613312608,5.609304670281346,5.776905667996849,5.939134520089813,6.098303157983979,6.256595638697583
1700000000450000000,10450000000,91,90,90,0,0,,,,0,fist,hold,200.0,dev-0123456789abcdef0123456789abcdef,synthetic-3-fist,29,protocol,synthetic-demo-contract-v1,True,-4.496546434984567,-4.586576770235305,-4.659824235277872,-4.727748173225345,-4.799887280180715,-4.8774600261275864,-4.958354274769859,-5.040361948829629
1700000000455000000,10455000000,92,91,91,0,0,,,,0,fist,hold,200.0,dev-0123456789abcdef0123456789abcdef,synthetic-3-fist,29,protocol,synthetic-demo-contract-v1,True,5.0872697258439326,5.235855981888177,5.400884409589387,5.572489143259834,5.740510858030748,5.903087540126955,6.062098129784203,6.219756165064786
1700000000460000000,10460000000,93,92,92,0,0,,,,0,fist,hold,200.0,dev-0123456789abcdef0123456789abcdef,synthetic-3-fist,29,protocol,synthetic-demo-contract-v1,True,-4.531337510671209,-4.62396255732926,-4.7007834752656406,-4.769818552811245,-4.8417380300497355,-4.919061790452256,-5.000176785348283,-5.082883600657441
1700000000465000000,10465000000,94,93,93,0,0,,,,0,fist,hold,200.0,dev-0123456789abcdef0123456789abcdef,synthetic-3-fist,29,protocol,synthetic-demo-contract-v1,True,5.047770395363568,5.194127364354008,5.355354395776832,5.525514639943636,5.6935498040850705,5.85627515771868,6.015006256052774,6.171907915010222
1700000000470000000,10470000000,95,94,94,0,0,,,,0,fist,hold,200.0,dev-0123456789abcdef0123456789abcdef,synthetic-3-fist,29,protocol,synthetic-demo-contract-v1,True,-4.575247800676465,-4.669698230807188,-4.750501929455567,-4.821305855138232,-4.89342154740653,-4.970697769422473,-5.05214657449613,-5.135658958258426
1700000000475000000,10475000000,96,95,95,0,0,,,,0,fist,hold,200.0,dev-0123456789abcdef0123456789abcdef,synthetic-3-fist,29,protocol,synthetic-demo-contract-v1,True,4.999785841844087,5.144751572628747,5.301863670221001,5.46994319364723,5.63757066573412,5.800242259792346,5.958590079914913,6.114645529906477
1700000000480000000,10480000000,97,96,96,0,0,,,,0,fist,hold,200.0,dev-0123456789abcdef0123456789abcdef,synthetic-3-fist,29,protocol,synthetic-demo-contract-v1,True,-4.626932772980223,-4.722318902075905,-4.807318427364183,-4.88049903450793,-4.9532339877777165,-5.030664778029268,-5.11254110613435,-5.196931357502277
1700000000485000000,10485000000,98,97,97,0,0,,,,0,fist,hold,200.0,dev-0123456789abcdef0123456789abcdef,synthetic-3-fist,29,protocol,synthetic-demo-contract-v1,True,4.94480881406654,5.089306493097664,5.242194483089833,5.407620594447916,5.574418900686306,5.73683625690778,5.894717849525236,6.049873102768444
1700000000490000000,10490000000,99,98,98,0,0,,,,0,fist,hold,200.0,dev-0123456789abcdef0123456789abcdef,synthetic-3-fist,29,protocol,synthetic-demo-contract-v1,True,-4.684761970191754,-4.780145938392232,-4.869344591021206,-4.945432938322375,-5.019203521435408,-5.096986438761462,-5.17936189914931,-5.264665085417539
1700000000495000000,10495000000,100,99,99,0,0,,,,0,fist,hold,200.0,dev-0123456789abcdef0123456789abcdef,synthetic-3-fist,29,protocol,synthetic-demo-contract-v1,True,4.884595511693233,5.029558518761723,5.178325555198505,5.340614990165878,5.506176425795668,5.668146174885263,5.825501729733878,5.979741073529176
1700000000500000000,10500000000,101,100,100,0,0,,,,0,fist,hold,200.0,dev-0123456789abcdef0123456789abcdef,synthetic-3-fist,29,protocol,synthetic-demo-contract-v1,True,-4.74686680661955,-4.841338813704927,-4.934527842100634,-5.013953639729646,-5.089155338477287,-5.167478321429144,-5.25040058734505,-5.336612812245501
1700000000505000000,10505000000,102,101,101,0,0,,,,0,fist,hold,200.0,dev-0123456789abcdef0123456789abcdef,synthetic-3-fist,29,protocol,synthetic-demo-contract-v1,True,4.821112247219495,4.967408137954991,5.112366274591908,5.271148165144012,5.435092982752377,5.5964338214000104,5.753228017134586,5.9065750282024005
1700000000510000000,10510000000,103,102,102,0,0,,,,0,fist,hold,200.0,dev-0123456789abcdef0123456789abcdef,synthetic-3-fist,29,protocol,synthetic-demo-contract-v1,True,-4.811199099854328,-4.903951690759763,-5.000719451110524,-5.083789974450599,-5.160783345530351,-5.239819901917018,-5.3233118521472935,-5.410389971458092
1700000000515000000,10515000000,104,103,103,0,0,,,,0,fist,hold,200.0,dev-0123456789abcdef0123456789abcdef,synthetic-3-fist,29,protocol,synthetic-demo-contract-v1,True,4.756472141581059,4.904831584692887,5.046486968307333,5.201521783913285,5.3635119711115005,5.5240592957887324,5.680281662712204,5.832798755466966
1700000000520000000,10520000000,105,104,104,0,0,,,,0,fist,hold,200.0,dev-0123456789abcdef0123456789abcdef,synthetic-3-fist,29,protocol,synthetic-demo-contract-v1,True,-4.875598656162312,-4.9659931236959975,-5.065745366481202,-5.152628902368011,-5.2317261904615,-5.311630969138916,-5.395690820630258,-5.48355362970197
1700000000525000000,10525000000,106,105,105,0,0,,,,0,fist,hold,200.0,dev-0123456789abcdef0123456789abcdef,synthetic-3-fist,29,protocol,synthetic-demo-contract-v1,True,4.692863817222882,4.8438202066850895,4.982847557300012,5.134041051633193,5.293793193713884,5.453403295711516,5.6090675928294935,5.760854102882789
1700000000530000000,10530000000,107,106,106,0,0,,,,0,fist,hold,200.0,dev-0123456789abcdef0123456789abcdef,synthetic-3-fist,29,protocol,synthetic-demo-contract-v1,True,-4.937867676484547,-5.025487189331125,-5.127477488922437,-5.218192189971182,-5.299645108797186,-5.380549963885304,-5.465152375400439,-5.553683241311728
1700000000535000000,10535000000,108,107,107,0,0,,,,0,fist,hold,200.0,dev-0123456789abcdef0123456789abcdef,synthetic-3-fist,29,protocol,synthetic-demo-contract-v1,True,4.632474572683843,4.7863192689354275,4.92352693653127,5.070938326357494,5.228235061341822,5.38678877887842,5.541931423645218,5.693120279698831
1700000000540000000,10540000000,109,108,108,0,0,,,,0,fist,hold,200.0,dev-0123456789abcdef0123456789abcdef,synthetic-3-fist,29,protocol,synthetic-demo-contract-v1,True,-4.995849271374056,-5.0805343128874485,-5.183903060897676,-5.278311868583042,-5.362301025498354,-5.444311670559373,-5.529409761059344,-5.618460620713748
1700000000545000000,10545000000,110,109,109,0,0,,,,0,fist,hold,200.0,dev-0123456789abcdef0123456789abcdef,synthetic-3-fist,29,protocol,synthetic-demo-contract-v1,True,4.577410950301983,4.734167933571626,4.870455379520754,5.01429921703066,5.168998821279557,5.3264045583658275,5.4810821828247045,5.631835270603429
1700000000550000000,10550000000,111,110,110,0,0,,,,0,fist,hold,200.0,dev-0123456789abcdef0123456789abcdef,synthetic-3-fist,29,protocol,synthetic-demo-contract-v1,True,-5.047507005111732,-5.129370051168232,-5.2331899213975905,-5.331001966715304,-5.417628370285432,-5.500821705023312,-5.586349896388363,-5.675746492723373
1700000000555000000,10555000000,112,111,111,0,0,,,,0,fist,hold,200.0,dev-0123456789abcdef0123456789abcdef,synthetic-3-fist,29,protocol,synthetic-demo-contract-v1,True,4.529619909487113,4.689042139095567,4.825352149582316,4.965993615817414,5.118037307726764,5.274233345469511,5.42851958500115,5.579021954239805
1700000000560000000,10560000000,113,112,112,0,0,,,,0,fist,hold,200.0,dev-0123456789abcdef0123456789abcdef,synthetic-3-fist,29,protocol,synthetic-demo-contract-v1,True,-5.091002162520468,-5.170420134030713,-5.2737455288430874,-5.374524141346865,-5.46380317305221,-5.548225348167497,-5.634102911219793,-5.723651094524501
1700000000565000000,10565000000,114,113,113,0,0,,,,0,fist,hold,200.0,dev-0123456789abcdef0123456789abcdef,synthetic-3-fist,29,protocol,synthetic-demo-contract-v1,True,4.490813964799828,4.652402043869273,4.789670313212021,4.9276139468520626,5.077030562941847,5.231986606721322,5.385968256121689,5.53642136420931
1700000000570000000,10570000000,115,114,114,0,0,,,,0,fist,hold,200.0,dev-0123456789abcdef0123456789abcdef,synthetic-3-fist,29,protocol,synthetic-demo-contract-v1,True,-5.124765369750773,-5.202350144014435,-5.304267874073365,-5.407445038088544,-5.49930319447507,-5.584968461842651,-5.67110361852883,-5.76059650024075
1700000000575000000,10575000000,116,115,115,0,0,,,,0,fist,hold,200.0,dev-0123456789abcdef0123456789abcdef,synthetic-3-fist,29,protocol,synthetic-demo-contract-v1,True,4.462403622458607,4.625445598963967,4.764550501575604,4.900422671409038,5.047330451485233,5.201048376510707,5.354821071583792,5.505435293777951
1700000000580000000,10580000000,117,116,116,0,0,,,,0,fist,hold,200.0,dev-0123456789abcdef0123456789abcdef,synthetic-3-fist,29,protocol,synthetic-demo-contract-v1,True,-5.147559315726005,-5.224108334318484,-5.323786683081167,-5.428683487158723,-5.522958109498756,-5.609848485275643,-5.696142899259145,-5.785368612942438
1700000000585000000,10585000000,118,117,117,0,0,,,,0,fist,hold,200.0,dev-0123456789abcdef0123456789abcdef,synthetic-3-fist,29,protocol,synthetic-demo-contract-v1,True,4.44544024319373,4.609069674628677,4.750785062572229,4.885310779988675,5.0299160934585005,5.18242987113945,5.336093471551993,5.487080136406592
1700000000590000000,10590000000,119,118,118,0,0,,,,0,fist,hold,200.0,dev-0123456789abcdef0123456789abcdef,synthetic-3-fist,29,protocol,synthetic-demo-contract-v1,True,-5.158529615940135,-5.234960246521601,-5.331693635780831,-5.437545981548122,-5.533988089305637,-5.622053837390594,-5.708407310951712,-5.797157110630965
1700000000595000000,10595000000,120,119,119,0,0,,,,0,fist,hold,200.0,dev-0123456789abcdef0123456789abcdef,synthetic-3-fist,29,protocol,synthetic-demo-contract-v1,True,4.44057207752956,4.603839983419795,4.748793698952844,4.8827686352596125,5.0253615859664675,5.176736393853966,5.330390254007167,5.4819534827530525
1700000000600000000,10600000000,121,120,120,0,0,,,,0,fist,hold,200.0,dev-0123456789abcdef0123456789abcdef,synthetic-3-fist,29,protocol,synthetic-demo-contract-v1,True,-5.15724132503886,-5.234513990232288,-5.327760691547451,-5.433749274332588,-5.532029509841146,-5.621190432780203,-5.707505620362678,-5.795582030915638
1700000000605000000,10605000000,122,121,121,0,0,,,,0,fist,hold,200.0,dev-0123456789abcdef0123456789abcdef,synthetic-3-fist,29,protocol,synthetic-demo-contract-v1,True,4.448015677283635,4.609970823232525,4.7586113091035,4.89287011845908,5.033817076925068,5.184147615195255,5.337885933904966,5.49021457321332
1700000000610000000,10610000000,123,122,122,0,0,,,,0,fist,hold,200.0,dev-0123456789abcdef0123456789abcdef,synthetic-3-fist,29,protocol,synthetic-demo-contract-v1,True,-5.143699217778899,-5.222735284946369,-5.31214600241716,-5.417429360753631,-5.517146939365475,-5.607294443810971,-5.693481392082278,-5.780706120599507
1700000000615000000,10615000000,124,123,123,0,0,,,,0,fist,hold,200.0,dev-0123456789abcdef0123456789abcdef,synthetic-3-fist,29,protocol,synthetic-demo-contract-v1,True,4.467544210959177,4.627315407970544,4.779888348866804,4.915270589451205,5.055003815152564,5.204411872240575,5.358319308914102,5.5115792472986245
1700000000620000000,10620000000,125,124,124,0,0,,,,0,fist,hold,200.0,dev-0123456789abcdef0123456789abcdef,synthetic-3-fist,29,protocol,synthetic-demo-contract-v1,True,-5.118350687981511,-5.199951636265026,-5.285387297922142,-5.389136563135688,-5.4898310098392855,-5.580830894500238,-5.666811225449312,-5.753032546644626
1700000000625000000,10625000000,126,125,125,0,0,,,,0,fist,hold,200.0,dev-0123456789abcdef0123456789abcdef,synthetic-3-fist,29,protocol,synthetic-demo-contract-v1,True,4.498493436785573,4.655367266562772,4.811903628098164,4.949218711918856,5.088223339927161,5.236854668509066,5.391002403350833,5.545329552296555
1700000000630000000,10630000000,127,126,126,0,0,,,,0,fist,hold,200.0,dev-0123456789abcdef0123456789abcdef,synthetic-3-fist,29,protocol,synthetic-demo-contract-v1,True,-5.082070922104462,-5.166845319404852,-5.2483830285616335,-5.3498168978872895,-5.450982242317236,-5.5426781384410555,-5.628388705606588,-5.713488048470759
1700000000635000000,10635000000,128,127,127,0,0,,,,0,fist,hold,200.0,dev-0123456789abcdef0123456789abcdef,synthetic-3-fist,29,protocol,synthetic-demo-contract-v1,True,4.539785258508775,4.693272878092503,4.853589057479694,4.993581735371795,5.132380507059954,5.280401088679976,5.434843487592067,5.590337689543211
1700000000640000000,10640000000,129,128,128,0,0,,,,0,fist,hold,200.0,dev-0123456789abcdef0123456789abcdef,synthetic-3-fist,29,protocol,synthetic-demo-contract-v1,True,-5.0361308424767515,-5.124435166267963,-5.20236194508682,-5.3007803584162145,-5.401881359575661,-5.494098737801529,-5.57949460574044,-5.663392092297897
1700000000645000000,10645000000,130,129,129,0,0,,,,0,fist,hold,200.0,dev-0123456789abcdef0123456789abcdef,synthetic-3-fist,29,protocol,synthetic-demo-contract-v1,True,4.58996795295737,4.739855379031368,4.903565481992065,5.046883380058747,5.1860195923853425,5.333611384228505,5.48838340608096,5.645103503216553
1700000000650000000,10650000000,131,130,130,0,0,,,,0,fist,hold,200.0,dev-0123456789abcdef0123456789abcdef,synthetic-3-fist,29,protocol,synthetic-demo-contract-v1,True,-4.982149136832632,-5.074047490413545,-5.148842155898476,-5.243657180696383,-5.344147064674573,-5.436697707983935,-5.521754330852473,-5.604413050406497
1700000000655000000,10655000000,132,131,131,0,0,,,,0,fist,hold,200.0,dev-0123456789abcdef0123456789abcdef,synthetic-3-fist,29,protocol,synthetic-demo-contract-v1,True,4.647271363263873,4.793648836503429,4.960188389141683,5.107353054241676,5.247372282449389,5.394728552701663,5.549844008341323,5.707804269471235
1700000000660000000,10660000000,133,132,132,0,0,,,,0,fist,hold,200.0,dev-0123456789abcdef0123456789abcdef,synthetic-3-fist,29,protocol,synthetic-demo-contract-v1,True,-4.922030447901938,-5.017276827867064,-5.0895810336769465,-5.180343555122807,-5.279682677363138,-5.372369508161893,-5.457084013878915,-5.5385128565099295
1700000000665000000,10665000000,134,133,133,0,0,,,,0,fist,hold,200.0,dev-0123456789abcdef0123456789abcdef,synthetic-3-fist,29,protocol,synthetic-demo-contract-v1,True,4.709674643525449,4.8529422389931245,5.021601973194463,5.172984759407947,5.314415970292681,5.4617363388995805,5.6171870786520355,5.776355137724244
1700000000670000000,10670000000,135,134,134,0,0,,,,0,fist,hold,200.0,dev-0123456789abcdef0123456789abcdef,synthetic-3-fist,29,protocol,synthetic-demo-contract-v1,True,-4.857892445652204,-4.955937510393744,-5.026517624932361,-5.112938596066904,-5.210613387560077,-5.3032355279435786,-5.38762704874403,-5.467881968779244
1700000000675000000,10675000000,136,135,135,0,0,,,,0,fist,hold,200.0,dev-0123456789abcdef0123456789abcdef,synthetic-3-fist,29,protocol,synthetic-demo-contract-v1,True,4.774983560397008,4.915832023885001,5.085799780474594,5.24160372019742,5.384940434497462,5.532425743674554,5.68818181434053,5.848478224363941
1700000000680000000,10680000000,137,136,136,0,0,,,,0,fist,hold,200.0,dev-0123456789abcdef0123456789abcdef,synthetic-3-fist,29,protocol,synthetic-demo-contract-v1,True,-4.791985008330174,-4.892007410299651,-4.961709444102863,-5.0436746677386735,-5.1392161944661,-5.231574132663778,-5.315683159694748,-5.394866791883023
1700000000685000000,10685000000,138,137,137,0,0,,,,0,fist,hold,200.0,dev-0123456789abcdef0123456789abcdef,synthetic-3-fist,29,protocol,synthetic-demo-contract-v1,True,4.840913937253274,4.980281651354373,5.150689962744756,5.310938522593494,5.4566207032986735,5.604467846675003,5.760478621421754,5.921778073689156
1700000000690000000,10690000000,139,138,138,0,0,,,,0,fist,hold,200.0,dev-0123456789abcdef0123456789abcdef,synthetic-3-fist,29,protocol,synthetic-demo-contract-v1,True,-4.726605069003966,-4.827565490120655,-4.897265700570779,-4.974843382147112,-5.067844840997509,-5.15974557402293,-5.243632351649074,-5.321891958155607
1700000000695000000,10695000000,140,139,139,0,0,,,,0,fist,hold,200.0,dev-0123456789abcdef0123456789abcdef,synthetic-3-fist,29,protocol,synthetic-demo-contract-v1,True,4.905177589472833,5.044186458399949,5.214163031391882,5.378696364560656,5.5270937016562725,5.675490542325198,5.8316867887933865,5.993820990905257
1700000000700000000,10700000000,141,140,140,0,0,,,,0,fist,hold,200.0,dev-0123456789abcdef0123456789abcdef,synthetic-3-fist,29,protocol,synthetic-demo-contract-v1,True,-4.664010825256514,-4.764725044762566,-4.835279107917981,-4.908719725039125,-4.9988522182186985,-5.0901142409466305,-5.173856254227354,-5.251380037481348
1700000000705000000,10705000000,142,141,141,0,0,,,,0,fist,hold,200.0,dev-0123456789abcdef0123456789abcdef,synthetic-3-fist,29,protocol,synthetic-demo-contract-v1,True,4.96556705570632,5.10544179701215,5.274159938160293,5.4426389236308745,5.594036154473765,5.743156660438305,5.899453475222904,6.062215624434547
1700000000710000000,10710000000,143,142,142,0,0,,,,0,fist,hold,200.0,dev-0123456789abcdef0123456789abcdef,synthetic-3-fist,29,protocol,synthetic-demo-contract-v1,True,-4.606338956537222,-4.705564726278026,-4.777758457392752,-4.847486824174969,-4.934512797857554,-5.024970812121868,-5.108659457105923,-5.185671330094197
1700000000715000000,10715000000,144,143,143,0,0,,,,0,fist,hold,200.0,dev-0123456789abcdef0123456789abcdef,synthetic-3-fist,29,protocol,synthetic-demo-contract-v1,True,5.020035578016726,5.16201228764502,5.328738309949661,5.500656329116398,5.655241177736655,5.8052408982953985,5.961541401092353,6.124692133842714
1700000000720000000,10720000000,145,144,144,0,0,,,,0,fist,hold,200.0,dev-0123456789abcdef0123456789abcdef,synthetic-3-fist,29,protocol,synthetic-demo-contract-v1,True,-4.555528254204888,-4.652059582058331,-4.726564101527768,-4.793163849366127,-4.876947650061956,-4.966456873852631,-5.0501934335585235,-5.126946393454437
1700000000725000000,10725000000,146,145,145,0,0,,,,0,fist,hold,200.0,dev-0123456789abcdef0123456789abcdef,synthetic-3-fist,29,protocol,synthetic-demo-contract-v1,True,5.066769109859122,5.211999913016607,5.376134735053564,5.550836793071951,5.708691032599695,5.859703031225883,6.015902680672081,6.179177326686986
1700000000730000000,10730000000,147,146,146,0,0,,,,0,fist,hold,200.0,dev-0123456789abcdef0123456789abcdef,synthetic-3-fist,29,protocol,synthetic-demo-contract-v1,True,-4.513252662762828,-4.606014406950303,-4.683348390853224,-4.747539426331263,-4.828054518328228,-4.916494484624797,-5.000385562582605,-5.077153863784127
1700000000735000000,10735000000,148,147,147,0,0,,,,0,fist,hold,200.0,dev-0123456789abcdef0123456789abcdef,synthetic-3-fist,29,protocol,synthetic-demo-contract-v1,True,5.1042476105109875,5.253708645615231,5.414821133409428,5.591529601496479,5.752623643947476,5.904754992341519,6.060746359104983,6.223863280997895
1700000000740000000,10740000000,149,148,148,0,0,,,,0,fist,hold,200.0,dev-0123456789abcdef0123456789abcdef,synthetic-3-fist,29,protocol,synthetic-demo-contract-v1,True,-4.480866186419247,-4.569001702017371,-4.649502940433128,-4.712112760321492,-4.789445256813193,-4.876723003816827,-4.960875590722793,-5.03794595771502
1700000000745000000,10745000000,150,149,149,0,0,,,,0,fist,hold,200.0,dev-0123456789abcdef0123456789abcdef,synthetic-3-fist,29,protocol,synthetic-demo-contract-v1,True,5.131293484380757,5.285703350524933,5.443553439258582,5.6213993905257675,5.785590690518703,5.938919615005863,6.09459742703685,6.2572671855065005
1700000000750000000,10750000000,151,150,150,0,0,,,,0,fist,hold,200.0,dev-0123456789abcdef0123456789abcdef,synthetic-3-fist,29,protocol,synthetic-demo-contract-v1,True,-4.459361469829926,-4.542306443348807,-4.626114379140175,-4.688044406935799,-4.762392692526663,-4.848445261768435,-4.932961628211723,-5.010623785612745
1700000000755000000,10755000000,152,151,151,0,0,,,,0,fist,hold,200.0,dev-0123456789abcdef0123456789abcdef,synthetic-3-fist,29,protocol,synthetic-demo-contract-v1,True,5.147105703840718,5.306860835818597,5.461411074580844,5.639469923988163,5.806505351543878,5.9610791071511,6.1163453680156765,6.278280420008682
1700000000760000000,10760000000,153,152,152,0,0,,,,0,fist,hold,200.0,dev-0123456789abcdef0123456789abcdef,synthetic-3-fist,29,protocol,synthetic-demo-contract-v1,True,-4.449343157571994,-4.526879692536567,-4.613929960487363,-4.676118305287741,-4.74778866419223,-4.832584839863897,-4.917557458503977,-4.996094283872833
1700000000765000000,10765000000,154,153,153,0,0,,,,0,fist,hold,200.0,dev-0123456789abcdef0123456789abcdef,synthetic-3-fist,29,protocol,synthetic-demo-contract-v1,True,5.151278871635966,5.316411135106518,5.46782598770163,5.645155938890313,5.814678135838523,5.970511665582481,6.125280640071062,6.2862052538324225
1700000000770000000,10770000000,155,154,154,0,0,,,,0,fist,hold,200.0,dev-0123456789abcdef0123456789abcdef,synthetic-3-fist,29,protocol,synthetic-demo-contract-v1,True,-4.4510164173304565,-4.523302828571027,-4.613334098215909,-4.676716313487911,-4.746114621104359,-4.829655862588999,-4.915162566113756,-4.9948401895446315
1700000000775000000,10775000000,156,155,155,0,0,,,,0,fist,hold,200.0,dev-0123456789abcdef0123456789abcdef,synthetic-3-fist,29,protocol,synthetic-demo-contract-v1,True,5.143807189963254,5.3139673967648156,5.462600364183864,5.638282022460653,5.809839612178435,5.966915029746217,6.121117891829575,6.280777949503432
1700000000780000000,10780000000,157,156,156,0,0,,,,0,fist,hold,200.0,dev-0123456789abcdef0123456789abcdef,synthetic-3-fist,29,protocol,synthetic-demo-contract-v1,True,-4.464190319514449,-4.531763854794925,-4.6243365426374075,-4.689806070798011,-4.757425751245784,-4.839746290781623,-4.925845867244336,-5.006904049703599
1700000000785000000,10785000000,158,157,157,0,0,,,,0,fist,hold,200.0,dev-0123456789abcdef0123456789abcdef,synthetic-3-fist,29,protocol,synthetic-demo-contract-v1,True,5.125073967156317,5.299543114337827,5.445912476098554,5.619087915067914,5.792149291607351,5.950416205168551,6.104005151943413,6.262177507882089
1700000000790000000,10790000000,159,158,158,0,0,,,,0,fist,hold,200.0,dev-0123456789abcdef0123456789abcdef,synthetic-3-fist,29,protocol,synthetic-demo-contract-v1,True,-4.48829513947633,-4.552046843455476,-4.646572545752671,-4.714942568630476,-4.7813491619117325,-4.8625152601295385,-4.949243674904408,-5.031886794287477
1700000000795000000,10795000000,160,159,159,0,0,,,,0,fist,hold,200.0,dev-0123456789abcdef0123456789abcdef,synthetic-3-fist,29,protocol,synthetic-demo-contract-v1,True,5.0958278741923495,5.273555851716876,5.418310509893349,5.588220083325802,5.762190368855017,5.921567042697634,6.074518694028403,6.231019765442222
1700000000800000000,10800000000,161,160,160,0,0,,,,0,fist,hold,200.0,dev-0123456789abcdef0123456789abcdef,synthetic-3-fist,29,protocol,synthetic-demo-contract-v1,True,-4.522412119428443,-4.58353513676707,-4.679314985775061,-4.75128335850316,-4.817096172820132,-4.897204546052903,-4.984571959995047,-5.068960919945021
1700000000805000000,10805000000,162,161,161,0,0,,,,0,fist,hold,200.0,dev-0123456789abcdef0123456789abcdef,synthetic-3-fist,29,protocol,synthetic-demo-contract-v1,True,5.057147634312286,5.236817081016248,5.380694590845879,5.546709862058751,5.720950496224736,5.881325825765762,6.033643752422423,6.18833703831911
1700000000810000000,10810000000,163,162,162,0,0,,,,0,fist,hold,200.0,dev-0123456789abcdef0123456789abcdef,synthetic-3-fist,29,protocol,synthetic-demo-contract-v1,True,-4.56531381866473,-4.625228442520586,-4.721498046436546,-4.797616874165404,-4.863488316442235,-4.942663770701087,-5.030652497745012,-5.116897849701476
1700000000815000000,10815000000,164,163,163,0,0,,,,0,fist,hold,200.0,dev-0123456789abcdef0123456789abcdef,synthetic-3-fist,29,protocol,synthetic-demo-contract-v1,True,5.0103971716175195,5.190508244102081,5.334287591956108,5.49593890748908,5.669789223775357,5.831025478777695,5.982741731268444,6.135543985293865
1700000000820000000,10820000000,165,164,164,0,0,,,,0,fist,hold,200.0,dev-0123456789abcdef0123456789abcdef,synthetic-3-fist,29,protocol,synthetic-demo-contract-v1,True,-4.6155129060800135,-4.675773461704686,-4.7717516847860715,-4.852402912307416,-4.91899618840386,-4.997388515228579,-5.0859520304546,-5.1741085648590355
1700000000825000000,10825000000,166,165,165,0,0,,,,0,fist,hold,200.0,dev-0123456789abcdef0123456789abcdef,synthetic-3-fist,29,protocol,synthetic-demo-contract-v1,True,4.9571734504164695,5.136143652037606,5.280595665853026,5.437593122350206,5.610393179193466,5.772329450237978,5.923504995278532,6.0743908172397765
1700000000830000000,10830000000,167,166,166,0,0,,,,0,fist,hold,200.0,dev-0123456789abcdef0123456789abcdef,synthetic-3-fist,29,protocol,synthetic-demo-contract-v1,True,-4.67131711125548,-4.733507184484769,-4.828445784077862,-4.913823915836049,-4.981789867180545,-5.059570075699545,-5.148633147907199,-5.238696166985865
1700000000835000000,10835000000,168,167,167,0,0,,,,0,fist,hold,200.0,dev-0123456789abcdef0123456789abcdef,synthetic-3-fist,29,protocol,synthetic-demo-contract-v1,True,4.899249308365004,5.075521330640848,5.221359759238839,5.373606592840798,5.5447204649356525,5.7071767298493095,5.857900740334053,6.006905398699984
1700000000840000000,10840000000,169,168,168,0,0,,,,0,fist,hold,200.0,dev-0123456789abcdef0123456789abcdef,synthetic-3-fist,29,protocol,synthetic-demo-contract-v1,True,-4.730888042686197,-4.796511509157423,-4.88974258599347,-4.979845348831905,-5.049799240906481,-5.127155217892448,-5.216615200197702,-5.308518633582708
1700000000845000000,10845000000,170,169,169,0,0,,,,0,fist,hold,200.0,dev-0123456789abcdef0123456789abcdef,synthetic-3-fist,29,protocol,synthetic-demo-contract-v1,True,4.838513534484041,5.010663384893315,5.158499650865818,5.306097404942769,5.474936105693788,5.637717816192832,5.788105802303736,5.935326154389933
1700000000850000000,10850000000,171,170,170,0,0,,,,0,fist,hold,200.0,dev-0123456789abcdef0123456789abcdef,synthetic-3-fist,29,protocol,synthetic-demo-contract-v1,True,-4.792301688481111,-4.8626773962280065,-4.95365573798046,-5.048283154643678,-5.120782252510337,-5.1979139575423225,-5.287643226860533,-5.381259694069145
1700000000855000000,10855000000,172,171,171,0,0,,,,0,fist,hold,200.0,dev-0123456789abcdef0123456789abcdef,synthetic-3-fist,29,protocol,synthetic-demo-contract-v1,True,4.77691028725291,4.943747870599995,5.094052287535301,5.237297472898299,5.403340674279158,5.566243748981331,5.716434561234367,5.862027997400699
1700000000860000000,10860000000,173,172,172,0,0,,,,0,fist,hold,200.0,dev-0123456789abcdef0123456789abcdef,synthetic-3-fist,29,protocol,synthetic-demo-contract-v1,True,-4.853608613556696,-4.929776385435139,-5.0181140847309695,-5.116876057856549,-5.192398813348567,-5.269513128981321,-5.359362621967894,-5.454505484228338
1700000000865000000,10865000000,174,173,173,0,0,,,,0,fist,hold,200.0,dev-0123456789abcdef0123456789abcdef,synthetic-3-fist,29,protocol,synthetic-demo-contract-v1,True,4.716379713310199,4.877034510418591,5.030106371065558,5.169478706929547,5.3322944489076045,5.495110547480294,5.645262325538153,5.789443726681418
1700000000870000000,10870000000,175,174,174,0,0,,,,0,fist,hold,200.0,dev-0123456789abcdef0123456789abcdef,synthetic-3-fist,29,protocol,synthetic-demo-contract-v1,True,-4.9128921308151625,-4.9955369943892975,-5.0810281840245874,-5.183360314586962,-5.262287948634094,-5.339593315379673,-5.429397066020065,-5.5258244460578
1700000000875000000,10875000000,176,175,175,0,0,,,,0,fist,hold,200.0,dev-0123456789abcdef0123456789abcdef,synthetic-3-fist,29,protocol,synthetic-demo-contract-v1,True,4.658801342371755,4.812786857379516,4.968735267180649,5.104877964308507,5.264139602183562,5.426661547044997,5.576946729471127,5.71998349137695
1700000000880000000,10880000000,177,176,176,0,0,,,,0,fist,hold,200.0,dev-0123456789abcdef0123456789abcdef,synthetic-3-fist,29,protocol,synthetic-demo-contract-v1,True,-4.968323022810627,-5.057723297825297,-5.140357440853625,-5.245544438722911,-5.32814563141605,-5.4058466040753865,-5.495427148183659,-5.592847832411371
1700000000885000000,10885000000,178,177,177,0,0,,,,0,fist,hold,200.0,dev-0123456789abcdef0123456789abcdef,synthetic-3-fist,29,protocol,synthetic-demo-contract-v1,True,4.605941528083132,4.75319367961686,4.911930361210356,5.045623263931434,5.201122986969678,5.363150193897815,5.513749742175017,5.655954983832534
1700000000890000000,10890000000,179,178,178,0,0,,,,0,fist,hold,200.0,dev-0123456789abcdef0123456789abcdef,synthetic-3-fist,29,protocol,synthetic-demo-contract-v1,True,-5.018209696276015,-5.114212867183685,-5.194175732607607,-5.301381436725067,-5.387800739166858,-5.4660926043980735,-5.555267080277057,-5.653348155441803
1700000000895000000,10895000000,180,179,179,0,0,,,,0,fist,hold,200.0,dev-0123456789abcdef0123456789abcdef,synthetic-3-fist,29,protocol,synthetic-demo-contract-v1,True,4.559405905126261,4.7002924062749365,4.86153697365172,4.993663698596137,5.14532206465122,5.306665842052142,5.457762865710909,5.599486999422532
1700000000900000000,10900000000,181,180,180,0,0,,,,0,fist,hold,200.0,dev-0123456789abcdef0123456789abcdef,synthetic-3-fist,29,protocol,synthetic-demo-contract-v1,True,-5.061042938947197,-5.163071238213573,-5.240733442852155,-5.34903617009761,-5.439286628924729,-5.518350223769247,-5.606936967570877,-5.705312985344904
1700000000905000000,10905000000,182,181,181,0,0,,,,0,fist,hold,200.0,dev-0123456789abcdef0123456789abcdef,synthetic-3-fist,29,protocol,synthetic-demo-contract-v1,True,4.520597563327928,4.655897431738738,4.819194871273745,4.950705352907629,5.098576417709496,5.259064996243029,5.410837993550203,5.552458890587869
1700000000910000000,10910000000,183,182,182,0,0,,,,0,fist,hold,200.0,dev-0123456789abcdef0123456789abcdef,synthetic-3-fist,29,protocol,synthetic-demo-contract-v1,True,-5.095534695847709,-5.2026201719839,-5.278513930664762,-5.386945629603005,-5.480905971382228,-5.560902838743154,-5.648728248848431,-5.747011659045926
1700000000915000000,10915000000,184,183,183,0,0,,,,0,fist,hold,200.0,dev-0123456789abcdef0123456789abcdef,synthetic-3-fist,29,protocol,synthetic-demo-contract-v1,True,4.4906814171065115,4.621535923308479,4.786285268753852,4.91815533248534,5.062427104421293,5.2219102641781445,5.374526213419542,5.516438248223744
1700000000920000000,10920000000,185,184,184,0,0,,,,0,fist,hold,200.0,dev-0123456789abcdef0123456789abcdef,synthetic-3-fist,29,protocol,synthetic-demo-contract-v1,True,-5.120650476763184,-5.231497179923517,-5.30628263342027,-5.413870143121107,-5.511286706543079,-5.592354716365482,-5.679260144376755,-5.777052692211404
1700000000925000000,10925000000,186,185,185,0,0,,,,0,fist,hold,200.0,dev-0123456789abcdef0123456789abcdef,synthetic-3-fist,29,protocol,synthetic-demo-contract-v1,True,4.470555083427043,4.598393520704572,4.763886015924219,4.897075738750962,5.0380658549708714,5.196419026355675,5.350026575427977,5.492628872247703
1700000000930000000,10930000000,187,186,186,0,0,,,,0,fist,hold,200.0,dev-0123456789abcdef0123456789abcdef,synthetic-3-fist,29,protocol,synthetic-demo-contract-v1,True,-5.135635141835207,-5.248704089478152,-5.323127228332182,-5.428933841733871,-5.529427276263636,-5.611676830535105,-5.697525247991941,-5.794429994608952
1700000000935000000,10935000000,188,187,187,0,0,,,,0,fist,hold,200.0,dev-0123456789abcdef0123456789abcdef,synthetic-3-fist,29,protocol,synthetic-demo-contract-v1,True,4.460826475790169,4.587271963395764,4.752736412477196,4.888149092145991,5.026295783820317,5.183423510542547,5.33814651673101,5.481830753744219
1700000000940000000,10940000000,189,188,188,0,0,,,,0,fist,hold,200.0,dev-0123456789abcdef0123456789abcdef,synthetic-3-fist,29,protocol,synthetic-demo-contract-v1,True,-5.140031889643962,-5.253642822470172,-5.3284875552146325,-5.431653066023082,-5.534729642503085,-5.618240568394733,-5.702922758567081,-5.798556358261615
1700000000945000000,10945000000,190,189,189,0,0,,,,0,fist,hold,200.0,dev-0123456789abcdef0123456789abcdef,synthetic-3-fist,29,protocol,synthetic-demo-contract-v1,True,4.461798270309427,4.58856024694213,4.753212792962012,4.891656326230353,5.027504913528983,5.1833435813763655,5.339275248502844,5.48441339472034
1700000000950000000,10950000000,191,190,190,0,0,,,,0,fist,hold,200.0,dev-0123456789abcdef0123456789abcdef,synthetic-3-fist,29,protocol,synthetic-demo-contract-v1,True,-5.133694300695961,-5.2461370281104145,-5.322174321562625,-5.421951794786482,-5.527019002773612,-5.611838221580604,-5.69527825484242,-5.789283107867081
1700000000955000000,10955000000,192,191,191,0,0,,,,0,fist,hold,200.0,dev-0123456789abcdef0123456789abcdef,synthetic-3-fist,29,protocol,synthetic-demo-contract-v1,True,4.4734593905521995,4.602220409254935,4.765315689054214,4.907468058407132,5.041653382859145,5.196173135882088,5.353370982431738,5.500303351292222
1700000000960000000,10960000000,193,192,192,0,0,,,,0,fist,hold,200.0,dev-0123456789abcdef0123456789abcdef,synthetic-3-fist,29,protocol,synthetic-demo-contract-v1,True,-5.1167912838006755,-5.2264387383466495,-5.304375961580552,-5.400163608107974,-5.506549552833579,-5.592689593232413,-5.674849362452231,-5.766905259719573
1700000000965000000,10965000000,194,193,193,0,0,,,,0,fist,hold,200.0,dev-0123456789abcdef0123456789abcdef,synthetic-3-fist,29,protocol,synthetic-demo-contract-v1,True,4.495483673233789,4.6277885017652,4.788669013521895,4.935049403832121,5.06827476087677,5.221480546828706,5.379962416481097,5.528986416577412
1700000000970000000,10970000000,195,194,194,0,0,,,,0,fist,hold,200.0,dev-0123456789abcdef0123456789abcdef,synthetic-3-fist,29,protocol,synthetic-demo-contract-v1,True,-5.089804752590077,-5.195219773815212,-5.2756533926134015,-5.367020141717765,-5.473996106645679,-5.561434509615767,-5.642317128287168,-5.732152013813463
1700000000975000000,10975000000,196,195,195,0,0,,,,0,fist,hold,200.0,dev-0123456789abcdef0123456789abcdef,synthetic-3-fist,29,protocol,synthetic-demo-contract-v1,True,4.527235896542871,4.664390730913692,4.82253133206115,4.973478151938921,5.106491423725569,5.25842313259874,5.41816442838109,5.569524376185217
1700000000980000000,10980000000,197,196,196,0,0,,,,0,fist,hold,200.0,dev-0123456789abcdef0123456789abcdef,synthetic-3-fist,29,protocol,synthetic-demo-contract-v1,True,-5.05351984568495,-5.15354820145588,-5.23692279421312,-5.323626435134949,-5.430431849863936,-5.519111489936513,-5.598763389682963,-5.6861628881354855
1700000000985000000,10985000000,198,197,197,0,0,,,,0,fist,hold,200.0,dev-0123456789abcdef0123456789abcdef,synthetic-3-fist,29,protocol,synthetic-demo-contract-v1,True,4.567785355400876,4.710774185193256,4.8658189068089355,5.021475684706949,5.155043487150056,5.305775169879889,5.466707455797167,5.6205857879283405
1700000000990000000,10990000000,199,198,198,0,0,,,,0,fist,hold,200.0,dev-0123456789abcdef0123456789abcdef,synthetic-3-fist,29,protocol,synthetic-demo-contract-v1,True,-5.009007517741201,-5.102850706615583,-5.189426915064738,-5.271424007500854,-5.377292960247734,-5.4671232841077995,-5.545634888726786,-5.630450278383831
1700000000995000000,10995000000,200,199,199,0,0,,,,0,fist,hold,200.0,dev-0123456789abcdef0123456789abcdef,synthetic-3-fist,29,protocol,synthetic-demo-contract-v1,True,4.615927133349914,4.765351015343082,4.917139820676138,5.077449596827703,5.212330340952477,5.361968519255262,5.52397958986792,5.6804897741066
1700000001000000000,11000000000,201,200,200,0,0,,,,0,fist,hold,200.0,dev-0123456789abcdef0123456789abcdef,synthetic-3-fist,29,protocol,synthetic-demo-contract-v1,True,-4.957599388182844,-5.044862270396396,-5.1346957794068535,-5.212142898090358,-5.316331261357555,-5.40719042083143,-5.484695319938605,-5.566849674834868
1700000001005000000,11005000000,202,201,201,0,0,,,,0,fist,hold,200.0,dev-0123456789abcdef0123456789abcdef,synthetic-3-fist,29,protocol,synthetic-demo-contract-v1,True,4.67021113279853,4.8262544324203365,4.9748381363694465,5.139546594052989,5.2764634161220405,5.425144518370594,5.588079988749724,5.747261384729759
1700000001010000000,11010000000,203,202,202,0,0,,,,0,fist,hold,200.0,dev-0123456789abcdef0123456789abcdef,synthetic-3-fist,29,protocol,synthetic-demo-contract-v1,True,-4.9008548534435805,-4.981565015740481,-5.0744980059093034,-5.147744270001638,-5.249556470392499,-5.341294303122561,-5.417966898254349,-5.497459176007137
1700000001015000000,11015000000,204,203,203,0,0,,,,0,fist,hold,200.0,dev-0123456789abcdef0123456789abcdef,synthetic-3-fist,29,protocol,synthetic-demo-contract-v1,True,4.728978773491078,4.891404450626529,5.0370467193066295,5.2057139098165575,5.345328445068668,5.4932154264767945,5.656881843819184,5.818696707546766
1700000001020000000,11020000000,205,204,204,0,0,,,,0,fist,hold,200.0,dev-0123456789abcdef0123456789abcdef,synthetic-3-fist,29,protocol,synthetic-demo-contract-v1,True,-4.840520654117471,-4.915118484332779,-5.0107842573652235,-5.080355483645866,-5.179169944078381,-5.271611732340382,-5.347663380447467,-5.4245702926784265
1700000001025000000,11025000000,206,205,205,0,0,,,,0,fist,hold,200.0,dev-0123456789abcdef0123456789abcdef,synthetic-3-fist,29,protocol,synthetic-demo-contract-v1,True,4.790407049887265,4.95858094637875,5.101747069976956,5.273767202685648,5.416655162435424,5.563933389994898,5.728102815614971,5.892435578364261
1700000001030000000,11030000000,207,206,206,0,0,,,,0,fist,hold,200.0,dev-0123456789abcdef0123456789abcdef,synthetic-3-fist,29,protocol,synthetic-demo-contract-v1,True,-4.778483340075608,-4.847783915119909,-4.945624599147859,-5.012199791348201,-5.107492106797945,-5.200443023566991,-5.276116755444625,-5.350592324006685
1700000001035000000,11035000000,208,207,207,0,0,,,,0,fist,hold,200.0,dev-0123456789abcdef0123456789abcdef,synthetic-3-fist,29,protocol,synthetic-demo-contract-v1,True,4.852559356142824,5.025501346027545,5.166834277910937,5.34146268733944,5.488092148671059,5.634964651664287,5.799380609866613,5.966039493517474
1700000001040000000,11040000000,209,208,208,0,0,,,,0,fist,hold,200.0,dev-0123456789abcdef0123456789abcdef,synthetic-3-fist,29,protocol,synthetic-demo-contract-v1,True,-4.71671538580693,-4.781845302283216,-4.881141749608289,-4.945522977705191,-5.036885953431576,-5.13013608553476,-5.2057000280995425,-5.277972800466361
1700000001045000000,11045000000,210,209,209,0,0,,,,0,fist,hold,200.0,dev-0123456789abcdef0123456789abcdef,synthetic-3-fist,29,protocol,synthetic-demo-contract-v1,True,4.9134421550615235,5.089900101487675,5.230185034109065,5.4065711163549315,5.557284349003429,5.703966553936014,5.868351194204697,6.037072153818672
1700000001050000000,11050000000,211,210,210,0,0,,,,0,fist,hold,200.0,dev-0123456789abcdef0123456789abcdef,synthetic-3-fist,29,protocol,synthetic-demo-contract-v1,True,-4.657216058707602,-4.719530108462215,-4.819442349465703,-4.882519366766314,-4.969679148781371,-5.063008970329689,-5.138748649983237,-5.209116618996771
1700000001055000000,11055000000,212,211,211,0,0,,,,0,fist,hold,200.0,dev-0123456789abcdef0123456789abcdef,synthetic-3-fist,29,protocol,synthetic-demo-contract-v1,True,4.97106620455283,5.149607070947564,5.2897265276354295,5.46695117340569,5.62195071225477,5.768664796201083,5.932727068978006,6.103179981560973
1700000001060000000,11060000000,213,212,212,0,0,,,,0,fist,hold,200.0,dev-0123456789abcdef0123456789abcdef,synthetic-3-fist,29,protocol,synthetic-demo-contract-v1,True,-4.601948511777768,-4.662932495182978,-4.762548454608513,-4.825259633610031,-4.908087291717784,-5.001273447469906,-5.077483195371901,-5.146306539838853
1700000001065000000,11065000000,214,213,213,0,0,,,,0,fist,hold,200.0,dev-0123456789abcdef0123456789abcdef,synthetic-3-fist,29,protocol,synthetic-demo-contract-v1,True,5.0235106875383435,5.202621991098609,5.3435040092804815,5.520619862241054,5.679959389989171,5.826928398172376,5.990373003894846,6.162169952112001
1700000001070000000,11070000000,215,214,214,0,0,,,,0,fist,hold,200.0,dev-0123456789abcdef0123456789abcdef,synthetic-3-fist,29,protocol,synthetic-demo-contract-v1,True,-4.5527749311595,-4.613941808827856,-4.7123314644389245,-4.775622794097922,-4.854140873790738,-4.946962122076897,-5.02393583939365,-5.091627670538563
1700000001075000000,11075000000,216,215,215,0,0,,,,0,fist,hold,200.0,dev-0123456789abcdef0123456789abcdef,synthetic-3-fist,29,protocol,synthetic-demo-contract-v1,True,5.068988248643723,5.247182403630089,5.389744832820348,5.565817579055269,5.72939801691068,5.876839898477538,6.039376736012569,6.21208216931271
1700000001080000000,11080000000,217,216,216,0,0,,,,0,fist,hold,200.0,dev-0123456789abcdef0123456789abcdef,synthetic-3-fist,29,protocol,synthetic-demo-contract-v1,True,-4.5113918873175365,-4.574178833690162,-4.670450634959499,-4.735234604788107,-4.809618340252112,-4.901861498902823,-4.979883069595452,-5.0468984319513535
1700000001085000000,11085000000,218,217,217,0,0,,,,0,fist,hold,200.0,dev-0123456789abcdef0123456789abcdef,synthetic-3-fist,29,protocol,synthetic-demo-contract-v1,True,5.105908654703469,5.281822673306286,5.426916882339759,5.601065735006729,5.7686367555864,5.916758475707983,6.078112291152212,6.2512547864285
1700000001090000000,11090000000,219,218,218,0,0,,,,0,fist,hold,200.0,dev-0123456789abcdef0123456789abcdef,synthetic-3-fist,29,protocol,synthetic-demo-contract-v1,True,-4.479268285315836,-4.544942004495025,-4.638298193439072,-4.705414390008465,-4.775987460259086,-4.867453196870013,-4.9467868561638975,-5.013610288083381
1700000001095000000,11095000000,220,219,219,0,0,,,,0,fist,hold,200.0,dev-0123456789abcdef0123456789abcdef,synthetic-3-fist,29,protocol,synthetic-demo-contract-v1,True,5.132938596322215,5.305422095073662,5.453779460007518,5.62521504464647,5.796382027106572,5.94537391356041,6.105293834612853,6.278379126110089
1700000001100000000,11100000000,221,220,220,0,0,,,,0,fist,hold,200.0,dev-0123456789abcdef0123456789abcdef,synthetic-3-fist,29,protocol,synthetic-demo-contract-v1,True,-4.457588455904074,-4.52716537368109,-4.616952873146534,-4.6871320321636,-4.7543569390999485,-4.844865249046626,-4.9257462264828105,-4.992878233258961
1700000001105000000,11105000000,222,221,221,0,0,,,,0,fist,hold,200.0,dev-0123456789abcdef0123456789abcdef,synthetic-3-fist,29,protocol,synthetic-demo-contract-v1,True,5.1490550609409045,5.317240517333249,5.469424938069284,5.637482906517616,5.811719156349223,5.961749634545331,6.120018270051097,6.292543175424949
1700000001110000000,11110000000,223,222,222,0,0,,,,0,fist,hold,200.0,dev-0123456789abcdef0123456789abcdef,synthetic-3-fist,29,protocol,synthetic-demo-contract-v1,True,-4.44720295137148,-4.521389671092567,-4.607143427895407,-4.680976523862928,-4.745439867636517,-4.834835089546528,-4.9174608458692886,-4.985403675904763
1700000001115000000,11115000000,224,223,223,0,0,,,,0,fist,hold,200.0,dev-0123456789abcdef0123456789abcdef,synthetic-3-fist,29,protocol,synthetic-demo-contract-v1,True,5.1535897542628355,5.31694038924028,5.473309765033833,5.6374786638467596,5.814142525967973,5.965353388010581,6.121795177238337,6.293262014891892
1700000001120000000,11120000000,225,224,224,0,0,,,,0,fist,hold,200.0,dev-0123456789abcdef0123456789abcdef,synthetic-3-fist,29,protocol,synthetic-demo-contract-v1,True,-4.448589492073037,-4.52774729497451,-4.609223374602995,-4.687137097633077,-4.749530213921054,-4.8376854427201685,-4.922207809552995,-4.991450949857059
1700000001125000000,11125000000,226,225,225,0,0,,,,0,fist,hold,200.0,dev-0123456789abcdef0123456789abcdef,synthetic-3-fist,29,protocol,synthetic-demo-contract-v1,True,5.146262238393228,5.304594651510374,5.465273750538594,5.625215934058765,5.803572245019963,5.9560745860019795,6.110563097832194,6.280494170976631
1700000001130000000,11130000000,227,226,226,0,0,,,,0,fist,hold,200.0,dev-0123456789abcdef0123456789abcdef,synthetic-3-fist,29,protocol,synthetic-demo-contract-v1,True,-4.461826244054336,-4.545961553913305,-4.623157857147201,-4.705397533503518,-4.7664931319858805,-4.853313903949355,-4.939832414354686,-5.010838234986386
1700000001135000000,11135000000,228,227,227,0,0,,,,0,fist,hold,200.0,dev-0123456789abcdef0123456789abcdef,synthetic-3-fist,29,protocol,synthetic-demo-contract-v1,True,5.127199793724187,5.280680411869972,5.445546925969246,5.601111622545032,5.780356782721231,5.934227721293404,6.086691629480129,6.25464334549652
1700000001140000000,11140000000,229,228,228,0,0,,,,0,fist,hold,200.0,dev-0123456789abcdef0123456789abcdef,synthetic-3-fist,29,protocol,synthetic-demo-contract-v1,True,-4.486579198440949,-4.575359960466179,-4.6485231374529405,-4.735143810359598,-4.795769407294617,-4.881196549437371,-4.969753216498233,-5.042943193896923
1700000001145000000,11145000000,230,229,229,0,0,,,,0,fist,hold,200.0,dev-0123456789abcdef0123456789abcdef,synthetic-3-fist,29,protocol,synthetic-demo-contract-v1,True,5.096942488989188,5.246058857373433,5.414743676973612,5.565971674618991,5.745261480502809,5.900541761215147,6.050969257612611,6.216545457543092
1700000001150000000,11150000000,231,230,230,0,0,,,,0,fist,hold,200.0,dev-0123456789abcdef0123456789abcdef,synthetic-3-fist,29,protocol,synthetic-demo-contract-v1,True,-4.522104882987653,-4.614900878836984,-4.684518812126201,-4.77538482796119,-4.8363938923024135,-4.920405449510683,-5.010981209814315,-5.086723146156522
1700000001155000000,11155000000,232,231,231,0,0,,,,0,fist,hold,200.0,dev-0123456789abcdef0123456789abcdef,synthetic-3-fist,29,protocol,synthetic-demo-contract-v1,True,5.056432541059165,5.201942336832147,5.373844256913306,5.520964055464252,5.699443321089262,5.856135873537817,6.004577325689149,6.167441417964568
1700000001160000000,11160000000,233,232,232,0,0,,,,0,fist,hold,200.0,dev-0123456789abcdef0123456789abcdef,synthetic-3-fist,29,protocol,synthetic-demo-contract-v1,True,-4.567268989324766,-4.66321236969569,-4.729992438088341,-4.824785497364215,-4.887027324362215,-4.969639501389643,-5.062152491858337,-5.140749121949615
1700000001165000000,11165000000,234,233,233,0,0,,,,0,fist,hold,200.0,dev-0123456789abcdef0123456789abcdef,synthetic-3-fist,29,protocol,synthetic-demo-contract-v1,True,5.006987734391302,5.149849980007209,5.324164203755416,5.467579866804199,5.644412786384488,5.8024822913696665,5.949051002863917,6.108936527182173
1700000001170000000,11170000000,235,234,234,0,0,,,,0,fist,hold,200.0,dev-0123456789abcdef0123456789abcdef,synthetic-3-fist,29,protocol,synthetic-demo-contract-v1,True,-4.620580778783144,-4.718641671429163,-4.783475841994337,-4.88171109223508,-4.9460004770398385,-5.027267558266161,-5.121573339585813,-5.203252679035263
1700000001175000000,11175000000,236,235,235,0,0,,,,0,fist,hold,200.0,dev-0123456789abcdef0123456789abcdef,synthetic-3-fist,29,protocol,synthetic-demo-contract-v1,True,4.9502594130615405,5.091553591069203,5.267312583415635,5.407583897271073,5.581984061591418,5.741357547936962,5.886228537903292,6.042947828617532
1700000001180000000,11180000000,237,236,236,0,0,,,,0,fist,hold,200.0,dev-0123456789abcdef0123456789abcdef,synthetic-3-fist,29,protocol,synthetic-demo-contract-v1,True,-4.680242374872342,-4.779313422169091,-4.843231999198098,-4.944281385474621,-5.011369189306651,-5.091382426322878,-5.187276205933501,-5.272183945544529
1700000001185000000,11185000000,238,237,237,0,0,,,,0,fist,hold,200.0,dev-0123456789abcdef0123456789abcdef,synthetic-3-fist,29,protocol,synthetic-demo-contract-v1,True,4.888176313881835,5.029015850339364,5.205140356835763,5.342956248341994,5.514215227180552,5.6747836952666075,5.818190475516163,5.971641147718186
1700000001190000000,11190000000,239,238,238,0,0,,,,0,fist,hold,200.0,dev-0123456789abcdef0123456789abcdef,synthetic-3-fist,29,protocol,synthetic-demo-contract-v1,True,-4.744211305435845,-4.843194470934965,-4.907311011669828,-5.010432776676761,-5.080978458468879,-5.159863943395014,-5.257084787498514,-5.345278980367823
1700000001195000000,11195000000,240,239,239,0,0,,,,0,fist,hold,200.0,dev-0123456789abcdef0123456789abcdef,synthetic-3-fist,29,protocol,synthetic-demo-contract-v1,True,4.8228762322898735,4.964323072220083,5.139680503482693,5.275826968006298,5.44334041039175,5.604961450553923,5.747190843252315,5.897359887360033
1700000001200000000,11200000000,241,240,240,0,0,,,,0,fist,hold,200.0,dev-0123456789abcdef0123456789abcdef,synthetic-3-fist,29,protocol,synthetic-demo-contract-v1,True,-4.810273967392009,-4.908162955596584,-4.973613402711408,-5.077986356602827,-5.152533483889411,-5.23044905410259,-5.328686013423007,-5.420134234901335
1700000001205000000,11205000000,242,241,241,0,0,,,,0,fist,hold,200.0,dev-0123456789abcdef0123456789abcdef,synthetic-3-fist,29,protocol,synthetic-demo-contract-v1,True,4.756628158871533,4.8996148939150785,5.073081818953102,5.20840585061897,5.371696133022742,5.5341974795168,5.675582582814305,5.8225479230288
1700000001210000000,11210000000,243,242,242,0,0,,,,0,fist,hold,200.0,dev-0123456789abcdef0123456789abcdef,synthetic-3-fist,29,protocol,synthetic-demo-contract-v1,True,-4.876127095079068,-4.972079242830371,-5.039958690397848,-5.144719663442509,-5.223675319412093,-5.300806566306117,-5.399706576496469,-5.494285664912385
1700000001215000000,11215000000,244,243,243,0,0,,,,0,fist,hold,200.0,dev-0123456789abcdef0123456789abcdef,synthetic-3-fist,29,protocol,synthetic-demo-contract-v1,True,4.691748052363666,4.837013308135149,5.007538528911814,5.142909716387174,5.301644283588234,5.464828218573974,5.6057396902318635,5.749669136632724
1700000001220000000,11220000000,245,244,244,0,0,,,,0,fist,hold,200.0,dev-0123456789abcdef0123456789abcdef,synthetic-3-fist,29,protocol,synthetic-demo-contract-v1,True,-4.939463857864393,-5.032856329922923,-5.104157010555468,-5.208439768294489,-5.292058640463818,-5.368614120225438,-5.467791476955392,-5.565289887011755
1700000001225000000,11225000000,246,245,245,0,0,,,,0,fist,hold,200.0,dev-0123456789abcdef0123456789abcdef,synthetic-3-fist,29,protocol,synthetic-demo-contract-v1,True,4.6305117900433075,4.778553406103047,4.945218017492867,5.081489562694988,5.235494253217416,5.399142750913068,5.539978638560786,5.681126239612785
1700000001230000000,11230000000,247,246,246,0,0,,,,0,fist,hold,200.0,dev-0123456789abcdef0123456789abcdef,synthetic-3-fist,29,protocol,synthetic-demo-contract-v1,True,-4.9980609243910425,-5.0885273959022825,-5.164081440912421,-5.267055287728333,-5.355429062095488,-5.431634829547891,-5.530681982472502,-5.6308047057929755
1700000001235000000,11235000000,248,247,247,0,0,,,,0,fist,hold,200.0,dev-0123456789abcdef0123456789abcdef,synthetic-3-fist,29,protocol,synthetic-demo-contract-v1,True,4.5750690327744525,4.7261180706159935,4.888189049527031,5.026159979572074,5.175426802226644,5.3393072817251115,5.480481680973584,5.619181560488662
1700000001240000000,11240000000,249,248,248,0,0,,,,0,fist,hold,200.0,dev-0123456789abcdef0123456789abcdef,synthetic-3-fist,29,protocol,synthetic-demo-contract-v1,True,-5.049862730122663,-5.137308352817991,-5.217738635669538,-5.31864496061921,-5.411697459027034,-5.487791065686231,-5.586290426608104,-5.688666357390476
1700000001245000000,11245000000,250,249,249,0,0,,,,0,fist,hold,200.0,dev-0123456789abcdef0123456789abcdef,synthetic-3-fist,29,protocol,synthetic-demo-contract-v1,True,4.527361744805138,4.681378661231615,4.838352868911537,4.978733143215893,5.123422167249084,5.287293704107358,5.429224570495451,5.5658824082799985
1700000001250000000,11250000000,251,250,250,0,0,,,,0,fist,hold,200.0,dev-0123456789abcdef0123456789abcdef,synthetic-3-fist,29,protocol,synthetic-demo-contract-v1,True,-5.093059280613031,-5.177653477348076,-5.263335416484924,-5.361520543224066,-5.459008837596242,-5.535232951610583,-5.6327693719362975,-5.736960922393029
1700000001255000000,11255000000,252,251,251,0,0,,,,0,fist,hold,200.0,dev-0123456789abcdef0123456789abcdef,synthetic-3-fist,29,protocol,synthetic-demo-contract-v1,True,4.489050914919212,4.645743475525057,4.797379479064328,4.940759547318645,5.0811947790051715,5.244814611177737,5.387911087229063,5.5229934734519555
1700000001260000000,11260000000,253,252,252,0,0,,,,0,fist,hold,200.0,dev-0123456789abcdef0123456789abcdef,synthetic-3-fist,29,protocol,synthetic-demo-contract-v1,True,-5.126154111722793,-5.208302486711153,-5.2993390814647015,-5.394281966702234,-5.495803489117908,-5.572399307201547,-5.6685728497391485,-5.774087552214042
1700000001265000000,11265000000,254,253,253,0,0,,,,0,fist,hold,200.0,dev-0123456789abcdef0123456789abcdef,synthetic-3-fist,29,protocol,synthetic-demo-contract-v1,True,4.461454645373409,4.62031546409742,4.766651257316415,4.913477407240209,5.050136742865523,5.213266896314497,5.3579165394941475,5.491938497067751
1700000001270000000,11270000000,255,254,254,0,0,,,,0,fist,hold,200.0,dev-0123456789abcdef0123456789abcdef,synthetic-3-fist,29,protocol,synthetic-demo-contract-v1,True,-5.148019494175629,-5.228317748287065,-5.32452938526481,-5.4158629585871045,-5.520868408617692,-5.598069038036004,-5.6925076494631766,-5.798811421885376
1700000001275000000,11275000000,256,255,255,0,0,,,,0,fist,hold,200.0,dev-0123456789abcdef0123456789abcdef,synthetic-3-fist,29,protocol,synthetic-demo-contract-v1,True,4.445500229627142,4.605860335798588,4.747215827548661,4.897772384318252,5.031271945475961,5.193685799207611,5.340242109281218,5.473753134282233
1700000001280000000,11280000000,257,256,256,0,0,,,,0,fist,hold,200.0,dev-0123456789abcdef0123456789abcdef,synthetic-3-fist,29,protocol,synthetic-demo-contract-v1,True,-5.1579365865342135,-5.237110665975111,-5.33804040528771,-5.425565645517336,-5.533377283825269,-5.611401275651828,-5.703772959438544,-5.810304659963613
1700000001285000000,11285000000,258,257,257,0,0,,,,0,fist,hold,200.0,dev-0123456789abcdef0123456789abcdef,synthetic-3-fist,29,protocol,synthetic-demo-contract-v1,True,4.441692161017464,4.6027858269574535,4.739749821174676,4.89414893637551,5.025222300406177,5.18671090998459,5.335481554546499,5.469050570198914
1700000001290000000,11290000000,259,258,258,0,0,,,,0,fist,hold,200.0,dev-0123456789abcdef0123456789abcdef,synthetic-3-fist,29,protocol,synthetic-demo-contract-v1,True,-5.155618971647166,-5.234456654723276,-5.339390833194249,-5.4230830183682395,-5.532917736114325,-5.611962949190566,-5.701987044842126,-5.808173901703061
1700000001295000000,11295000000,260,259,259,0,0,,,,0,fist,hold,200.0,dev-0123456789abcdef0123456789abcdef,synthetic-3-fist,29,protocol,synthetic-demo-contract-v1,True,4.450097242274916,4.611132537497664,4.744534804867424,4.902714217061645,5.032187245597806,5.192565248469763,5.343801372963865,5.478001026555275
1700000001300000000,11300000000,261,260,260,0,0,,,,0,fist,hold,200.0,dev-0123456789abcdef0123456789abcdef,synthetic-3-fist,29,protocol,synthetic-demo-contract-v1,True,-5.141218813739108,-5.220498484979102,-5.3285016073078255,-5.408508540769012,-5.519504915340513,-5.599742883601032,-5.687200076855402,-5.792473551839213
1700000001305000000,11305000000,262,261,261,0,0,,,,0,fist,hold,200.0,dev-0123456789abcdef0123456789abcdef,synthetic-3-fist,29,protocol,synthetic-demo-contract-v1,True,4.470347145607624,4.630576370063774,4.761446255461284,4.923175033698971,5.051937168517121,5.211048103708238,5.364935087259567,5.500325840511283
1700000001310000000,11310000000,263,262,262,0,0,,,,0,fist,hold,200.0,dev-0123456789abcdef0123456789abcdef,synthetic-3-fist,29,protocol,synthetic-demo-contract-v1,True,-5.115315699523198,-5.195738139201006,-5.3057002178147545,-5.38233260467934,-5.493581000397931,-5.575151964584901,-5.659892684303013,-5.763704313744458
1700000001315000000,11315000000,264,263,263,0,0,,,,0,fist,hold,200.0,dev-0123456789abcdef0123456789abcdef,synthetic-3-fist,29,protocol,synthetic-demo-contract-v1,True,4.5016579528289205,4.660442256875844,4.789956031199478,4.954847944372992,5.0838209757645885,5.241541864497946,5.39819184585731,5.535306317051274
1700000001320000000,11320000000,265,264,264,0,0,,,,0,fist,hold,200.0,dev-0123456789abcdef0123456789abcdef,synthetic-3-fist,29,protocol,synthetic-demo-contract-v1,True,-5.078889029237238,-5.161017662578596,-5.271711459285926,-5.3454259683410665,-5.456000621959224,-5.539009370485223,-5.6209602706626995,-5.722797026870462
1700000001325000000,11325000000,266,265,265,0,0,,,,0,fist,hold,200.0,dev-0123456789abcdef0123456789abcdef,synthetic-3-fist,29,protocol,synthetic-demo-contract-v1,True,4.5428654315699735,4.6997285326207106,4.829148338212107,4.996682144197915,5.126787557594831,5.2830326098254785,5.442479059650251,5.581807069972772
1700000001330000000,11330000000,267,266,266,0,0,,,,0,fist,hold,200.0,dev-0123456789abcdef0123456789abcdef,synthetic-3-fist,29,protocol,synthetic-demo-contract-v1,True,-5.0332755571006205,-5.11748980093946,-5.227634859208011,-5.299010738365514,-5.408002687966131,-5.492515331175589,-5.571683609642793,-5.671082338296435
1700000001335000000,11335000000,268,267,267,0,0,,,,0,fist,hold,200.0,dev-0123456789abcdef0123456789abcdef,synthetic-3-fist,29,protocol,synthetic-demo-contract-v1,True,4.592474119824262,4.747141018194062,4.877748736910393,5.047294372102993,5.179420439728707,5.334143774036958,5.496338331906601,5.638313089157061
1700000001340000000,11340000000,269,268,268,0,0,,,,0,fist,hold,200.0,dev-0123456789abcdef0123456789abcdef,synthetic-3-fist,29,protocol,synthetic-demo-contract-v1,True,-4.9801143056661745,-5.066579493454049,-5.174909461582581,-5.244619865014223,-5.351169540696238,-5.437211318526918,-5.5136866860008915,-5.610247200915454
1700000001345000000,11345000000,270,269,269,0,0,,,,0,fist,hold,200.0,dev-0123456789abcdef0123456789abcdef,synthetic-3-fist,29,protocol,synthetic-demo-contract-v1,True,4.648717732837594,4.801135625631099,4.934165290298956,5.105014676806046,5.239984480095236,5.393181770274746,5.5579934989225075,5.702979319522103
1700000001350000000,11350000000,271,270,270,0,0,,,,0,fist,hold,200.0,dev-0123456789abcdef0123456789abcdef,synthetic-3-fist,29,protocol,synthetic-demo-contract-v1,True,-4.921281563316882,-5.009937520993798,-5.115267075834578,-5.184046494585642,-5.287374791870126,-5.374928987546372,-5.4488831699502,-5.542279624932098
1700000001355000000,11355000000,272,271,271,0,0,,,,0,fist,hold,200.0,dev-0123456789abcdef0123456789abcdef,synthetic-3-fist,29,protocol,synthetic-demo-contract-v1,True,4.709628000441549,4.8599680834120225,4.996540540263735,5.167941526667839,5.3064830710573725,5.4581920614009345,5.625409198572607,5.773691124655227
1700000001360000000,11360000000,273,272,272,0,0,,,,0,fist,hold,200.0,dev-0123456789abcdef0123456789abcdef,synthetic-3-fist,29,protocol,synthetic-demo-contract-v1,True,-4.8588189971942715,-4.949387799404316,-5.050675498348357,-5.119284853027814,-5.218721555512871,-5.307729558128205,-5.379413289439225,-5.469403496604444
1700000001365000000,11365000000,274,273,273,0,0,,,,0,fist,hold,200.0,dev-0123456789abcdef0123456789abcdef,synthetic-3-fist,29,protocol,synthetic-demo-contract-v1,True,4.773108805358784,4.921749216125064,5.062812623170852,5.234004444364093,5.376723961342496,5.527023823310353,5.696358035605694,5.84813364920493
1700000001370000000,11370000000,275,274,274,0,0,,,,0,fist,hold,200.0,dev-0123456789abcdef0123456789abcdef,synthetic-3-fist,29,protocol,synthetic-demo-contract-v1,True,-4.794858064809089,-4.88686994867874,-4.983273563002992,-5.052464609737511,-5.147473114839882,-5.237835642304362,-5.307573182373297,-5.394005605775055
1700000001375000000,11375000000,276,275,275,0,0,,,,0,fist,hold,200.0,dev-0123456789abcdef0123456789abcdef,synthetic-3-fist,29,protocol,synthetic-demo-contract-v1,True,4.837012428345684,4.98450409433736,5.130783515838322,5.301032103614181,5.448391527733807,5.597401062557817,5.768494127901934,5.923867800512493
1700000001380000000,11380000000,277,276,276,0,0,,,,0,fist,hold,200.0,dev-0123456789abcdef0123456789abcdef,synthetic-3-fist,29,protocol,synthetic-demo-contract-v1,True,-4.731543887660688,-4.824378863598405,-4.915300165692391,-4.98578088109258,-5.075978308863793,-5.167557770555788,-5.235739059967806,-5.318557280895474
1700000001385000000,11385000000,278,277,277,0,0,,,,0,fist,hold,200.0,dev-0123456789abcdef0123456789abcdef,synthetic-3-fist,29,protocol,synthetic-demo-contract-v1,True,4.899214807486687,5.046233299317006,5.198192148609579,5.366823649426426,5.519123113950119,5.666997837907206,5.839430606361064,5.998410351368459
1700000001390000000,11390000000,279,278,278,0,0,,,,0,fist,hold,200.0,dev-0123456789abcdef0123456789abcdef,synthetic-3-fist,29,protocol,synthetic-demo-contract-v1,True,-4.670961571544971,-4.763903059533269,-4.849019625529021,-4.9214221728273015,-5.006594098493377,-5.099218044956033,-5.1662886846412786,-5.24553320847273
1700000001395000000,11395000000,280,279,279,0,0,,,,0,fist,hold,200.0,dev-0123456789abcdef0123456789abcdef,synthetic-3-fist,29,protocol,synthetic-demo-contract-v1,True,4.957686969314152,5.104974521810262,5.262789943197716,5.429220901083558,5.586586920059236,5.733515100740676,5.906818509630472,6.069315529400786
1700000001400000000,11400000000,281,280,280,0,0,,,,0,fist,hold,200.0,dev-0123456789abcdef0123456789abcdef,synthetic-3-fist,29,protocol,synthetic-demo-contract-v1,True,-4.61506764267373,-4.707363570330447,-4.786645884128355,-4.861498624466333,-4.941607864878866,-5.035073440939035,-5.101522755467105,-5.177330107269988
1700000001405000000,11405000000,282,281,281,0,0,,,,0,fist,hold,200.0,dev-0123456789abcdef0123456789abcdef,synthetic-3-fist,29,protocol,synthetic-demo-contract-v1,True,5.0105601627805125,5.158862732491424,5.322416235999949,5.486179071607815,5.648558874653662,5.79475661666691,5.968424467867906,6.134255408947006
1700000001410000000,11410000000,283,282,282,0,0,,,,0,fist,hold,200.0,dev-0123456789abcdef0123456789abcdef,synthetic-3-fist,29,protocol,synthetic-demo-contract-v1,True,-4.565628845708718,-4.65655513576841,-4.730268098600135,-4.807972905721002,-4.883162001585031,-4.977241290232308,-5.043588798225853,-5.116187933085485
1700000001415000000,11415000000,284,283,283,0,0,,,,0,fist,hold,200.0,dev-0123456789abcdef0123456789abcdef,synthetic-3-fist,29,protocol,synthetic-demo-contract-v1,True,5.056182691108652,5.206187221532684,5.375071036737688,5.535833689409205,5.702995955552617,5.848701461850619,6.022204608740287,6.191096459981991
1700000001420000000,11420000000,285,284,284,0,0,,,,0,fist,hold,200.0,dev-0123456789abcdef0123456789abcdef,synthetic-3-fist,29,protocol,synthetic-demo-contract-v1,True,-4.524170053901491,-4.6130913365387745,-4.681780151061544,-4.762596024595017,-4.833183286553044,-4.927629404644486,-4.994410075380172,-5.06411620731897
1700000001425000000,11425000000,286,285,285,0,0,,,,0,fist,hold,200.0,dev-0123456789abcdef0123456789abcdef,synthetic-3-fist,29,protocol,synthetic-demo-contract-v1,True,5.093166955106854,5.245443903223025,5.418982648635405,5.576561535397993,5.748103541875402,5.893570701498918,6.066372242623502,6.237969734505419
1700000001430000000,11430000000,287,286,286,0,0,,,,0,fist,hold,200.0,dev-0123456789abcdef0123456789abcdef,synthetic-3-fist,29,protocol,synthetic-demo-contract-v1,True,-4.491932509603559,-4.578355218009397,-4.642816478071663,-4.726850143025975,-4.793319362237388,-4.887873146369528,-4.955621866505186,-5.022827894520049
1700000001435000000,11435000000,288,287,287,0,0,,,,0,fist,hold,200.0,dev-0123456789abcdef0123456789abcdef,synthetic-3-fist,29,protocol,synthetic-demo-contract-v1,True,5.120425757707177,5.2753814157460415,5.452667837958417,5.607033607732461,5.782394577098111,5.927886050800439,6.099457088425977,6.273332379607178
1700000001440000000,11440000000,289,288,288,0,0,,,,0,fist,hold,200.0,dev-0123456789abcdef0123456789abcdef,synthetic-3-fist,29,protocol,synthetic-demo-contract-v1,True,-4.469843081779032,-4.55345679313425,-4.614696420826421,-4.7019002636880645,-4.764884417969712,-4.859281520375966,-4.928517227265118,-4.993683006218715
1700000001445000000,11445000000,290,289,289,0,0,,,,0,fist,hold,200.0,dev-0123456789abcdef0123456789abcdef,synthetic-3-fist,29,protocol,synthetic-demo-contract-v1,True,5.1371974382869094,5.295039713046052,5.474982482642007,5.626258389955454,5.8047385926721855,5.950518584033095,6.1203540798861855,6.296018451360701
1700000001450000000,11450000000,291,290,290,0,0,,,,0,fist,hold,200.0,dev-0123456789abcdef0123456789abcdef,synthetic-3-fist,29,protocol,synthetic-demo-contract-v1,True,-4.45849472883163,-4.5391986329126075,-4.598379017641271,-4.688556358802118,-4.748815865232809,-4.842794065903383,-4.9140040229113735,-4.977643788717335
1700000001455000000,11455000000,292,291,291,0,0,,,,0,fist,hold,200.0,dev-0123456789abcdef0123456789abcdef,synthetic-3-fist,29,protocol,synthetic-demo-contract-v1,True,5.143059876298325,5.303780042016394,5.485160944168733,5.633614017827995,5.814398976048868,5.960725886755131,6.128360135422372,6.305277355370051
1700000001460000000,11460000000,293,292,292,0,0,,,,0,fist,hold,200.0,dev-0123456789abcdef0123456789abcdef,synthetic-3-fist,29,protocol,synthetic-demo-contract-v1,True,-4.458137917433629,-4.536050542974457,-4.594429813315121,-4.687247168106697,-4.745643434125874,-4.838949966963468,-4.912574660769462,-4.975242971691619
1700000001465000000,11465000000,294,293,293,0,0,,,,0,fist,hold,200.0,dev-0123456789abcdef0123456789abcdef,synthetic-3-fist,29,protocol,synthetic-demo-contract-v1,True,5.137933803008003,5.301305420745725,5.482842783395285,5.6288683051654065,5.81105725449896,5.958176428088108,6.123197671333158,6.300798646644401
1700000001470000000,11470000000,295,294,294,0,0,,,,0,fist,hold,200.0,dev-0123456789abcdef0123456789abcdef,synthetic-3-fist,29,protocol,synthetic-demo-contract-v1,True,-4.468682391074247,-4.544134090566711,-4.6030008569829155,-4.698006509846823,-4.755471709814256,-4.847870397843128,-4.9242895275251755,-4.986566124938871
1700000001475000000,11475000000,296,295,295,0,0,,,,0,fist,hold,200.0,dev-0123456789abcdef0123456789abcdef,synthetic-3-fist,29,protocol,synthetic-demo-contract-v1,True,5.1220761719489944,5.287670978745948,5.468085867045603,5.612185987426822,5.7948235941660515,5.9429603524627765,6.105024075283648,6.282722370102444
1700000001480000000,11480000000,297,296,296,0,0,,,,0,fist,hold,200.0,dev-0123456789abcdef0123456789abcdef,synthetic-3-fist,29,protocol,synthetic-demo-contract-v1,True,-4.48970841715557,-4.563217491103812,-4.623824614646492,-4.720472538315618,-4.777976684682552,-4.869254682277881,-4.948774685116372,-5.011248706563011
1700000001485000000,11485000000,298,297,297,0,0,,,,0,fist,hold,200.0,dev-0123456789abcdef0123456789abcdef,synthetic-3-fist,29,protocol,synthetic-demo-contract-v1,True,5.096064556036142,5.263283784101479,5.441365372596989,5.584122960639464,5.766233168232148,5.915586338876355,6.074426820149604,6.2516345986509005
1700000001490000000,11490000000,299,298,298,0,0,,,,0,fist,hold,200.0,dev-0123456789abcdef0123456789abcdef,synthetic-3-fist,29,protocol,synthetic-demo-contract-v1,True,-4.520486471200992,-4.592721091607755,-4.656222049931179,-4.753899957578006,-4.812416439855771,-4.902390388650129,-4.985233908591521,-5.048487902574293
1700000001495000000,11495000000,300,299,299,0,0,,,,0,fist,hold,200.0,dev-0123456789abcdef0123456789abcdef,synthetic-3-fist,29,protocol,synthetic-demo-contract-v1,True,5.060773663971379,5.228892060985103,5.403558679484873,5.545607718748829,5.72622851392595,5.87696463588424,6.032404372157118,6.208548312776403
1700000001500000000,11500000000,301,300,300,0,0,,,,0,fist,hold,200.0,dev-0123456789abcdef0123456789abcdef,synthetic-3-fist,29,protocol,synthetic-demo-contract-v1,True,-4.5600042351866215,-4.631733404425654,-4.699124643014936,-4.797184777374086,-4.857655603952135,-4.946177023338003,-5.032474675927961,-5.0970688712197765
1700000001505000000,11505000000,302,301,301,0,0,,,,0,fist,hold,200.0,dev-0123456789abcdef0123456789abcdef,synthetic-3-fist,29,protocol,synthetic-demo-contract-v1,True,5.01734511033835,5.185563989031909,5.355916617356172,5.497910610775646,5.676128460008256,5.828376837026157,5.980333516214066,6.154870247904389
1700000001510000000,11510000000,303,302,302,0,0,,,,0,fist,hold,200.0,dev-0123456789abcdef0123456789abcdef,synthetic-3-fist,29,protocol,synthetic-demo-contract-v1,True,-4.606999780909565,-4.679037353871161,-4.751109639872929,-4.848900787669139,-4.912202782738662,-4.999162535390535,-5.088947259130251,-5.155404531372561
1700000001515000000,11515000000,304,303,303,0,0,,,,0,fist,hold,200.0,dev-0123456789abcdef0123456789abcdef,synthetic-3-fist,29,protocol,synthetic-demo-contract-v1,True,4.967151548954241,5.134656567991195,5.30002201073241,5.4426019365892095,5.617584649098402,5.771433399097122,5.919924169906986,6.092354797530371
1700000001520000000,11520000000,305,304,304,0,0,,,,0,fist,hold,200.0,dev-0123456789abcdef0123456789abcdef,synthetic-3-fist,29,protocol,synthetic-demo-contract-v1,True,-4.659999859813535,-4.733146106926288,-4.8104473686252485,-4.907346546231365,-4.974259725750467,-5.059591422852968,-5.15279563315605,-5.22158758860129
1700000001525000000,11525000000,306,305,305,0,0,,,,0,fist,hold,200.0,dev-0123456789abcdef0123456789abcdef,synthetic-3-fist,29,protocol,synthetic-demo-contract-v1,True,4.91175620847612,5.07777532046657,5.237736897525057,5.381500263736726,5.552527088165164,5.708020310171485,5.853163171026321,6.023046486113321
1700000001530000000,11530000000,307,306,306,0,0,,,,0,fist,hold,200.0,dev-0123456789abcdef0123456789abcdef,synthetic-3-fist,29,protocol,synthetic-demo-contract-v1,True,-4.717362305509819,-4.792347573663261,-4.87515904282453,-4.970601331404183,-5.0417806090035535,-5.125462848265919,-5.221918528631192,-5.29345308979371
1700000001535000000,11535000000,308,307,307,0,0,,,,0,fist,hold,200.0,dev-0123456789abcdef0123456789abcdef,synthetic-3-fist,29,protocol,synthetic-demo-contract-v1,True,4.852868776063542,5.016725885236639,5.171140190986094,5.316612665784093,5.483100522212689,5.640236672226813,5.782248888033538,5.9492129019092514
1700000001540000000,11540000000,309,308,308,0,0,,,,0,fist,hold,200.0,dev-0123456789abcdef0123456789abcdef,synthetic-3-fist,29,protocol,synthetic-demo-contract-v1,True,-4.77732165103801,-4.854756391118573,-4.943083107660318,-5.0365882210052,-5.112539479434892,-5.194596840742888,-5.294038618816845,-5.368649450682554
1700000001545000000,11545000000,310,309,309,0,0,,,,0,fist,hold,200.0,dev-0123456789abcdef0123456789abcdef,synthetic-3-fist,29,protocol,synthetic-demo-contract-v1,True,4.79229848199717,4.953458815792952,5.102457887027014,5.2500688447154245,5.411593728722733,5.570325262786939,5.709518806553389,5.873270293926906
1700000001550000000,11550000000,311,310,310,0,0,,,,0,fist,hold,200.0,dev-0123456789abcdef0123456789abcdef,synthetic-3-fist,29,protocol,synthetic-demo-contract-v1,True,-4.838037147786856,-4.91837195407429,-5.011947887175271,-5.10314222745728,-5.184203637636761,-5.264706395479233,-5.366777561965861,-5.44471562173073
1700000001555000000,11555000000,312,311,311,0,0,,,,0,fist,hold,200.0,dev-0123456789abcdef0123456789abcdef,synthetic-3-fist,29,protocol,synthetic-demo-contract-v1,True,4.731905165900773,4.890009135018918,5.033988179591651,5.184051297634599,5.340364063795033,5.5005983713325515,5.637372477725158,5.797704278664991
1700000001560000000,11560000000,313,312,312,0,0,,,,0,fist,hold,200.0,dev-0123456789abcdef0123456789abcdef,synthetic-3-fist,29,protocol,synthetic-demo-contract-v1,True,-4.897642428668669,-4.981140836048001,-5.079448069304374,-5.1680812562850615,-5.2544105396853595,-5.333473087348569,-5.437734425959061,-5.519161855761395
1700000001565000000,11565000000,314,313,313,0,0,,,,0,fist,hold,200.0,dev-0123456789abcdef0123456789abcdef,synthetic-3-fist,29,protocol,synthetic-demo-contract-v1,True,4.673549069333007,4.828432398810202,4.968024026588971,5.120723814951641,5.271759747464426,5.433361361690651,5.568192368377466,5.724988263288412
1700000001570000000,11570000000,315,314,314,0,0,,,,0,fist,hold,200.0,dev-0123456789abcdef0123456789abcdef,synthetic-3-fist,29,protocol,synthetic-demo-contract-v1,True,-4.954296071842232,-5.041021762313887,-5.143322428823745,-5.229277565217161,-5.3208456828501,-5.398623699795617,-5.504564909377584,-5.589551422122445
1700000001575000000,11575000000,316,315,315,0,0,,,,0,fist,hold,200.0,dev-0123456789abcdef0123456789abcdef,synthetic-3-fist,29,protocol,synthetic-demo-contract-v1,True,4.619040109492878,4.770739180444722,4.906775801264953,5.06216064937302,5.208042450205523,5.370836486094604,5.50426522339142,5.657502267116251
1700000001580000000,11580000000,317,316,316,0,0,,,,0,fist,hold,200.0,dev-0123456789abcdef0123456789abcdef,synthetic-3-fist,29,protocol,synthetic-demo-contract-v1,True,-5.006232287051459,-5.096051162240748,-5.201430141139887,-5.284727387156559,-5.381318907534488,-5.458005337332309,-5.565058745690074,-5.6535805809612425
1700000001585000000,11585000000,318,317,317,0,0,,,,0,fist,hold,200.0,dev-0123456789abcdef0123456789abcdef,synthetic-3-fist,29,protocol,synthetic-demo-contract-v1,True,4.570087446885265,4.71882999567664,4.852296665363392,5.010278670743746,5.1513127327066375,5.315089467662544,5.447706534937117,5.597454810248545
1700000001590000000,11590000000,319,318,318,0,0,,,,0,fist,hold,200.0,dev-0123456789abcdef0123456789abcdef,synthetic-3-fist,29,protocol,synthetic-demo-contract-v1,True,-5.051810865986739,-5.14440724820779,-5.25182308412978,-5.332616442579809,-5.433836600011449,-5.509656540655791,-5.617212735948188,-5.709154188383186
1700000001595000000,11595000000,320,319,319,0,0,,,,0,fist,hold,200.0,dev-0123456789abcdef0123456789abcdef,synthetic-3-fist,29,protocol,synthetic-demo-contract-v1,True,4.528250260780767,4.674432738799114,4.806413210734414,4.966774721996565,5.103440796931188,5.267961275986247,5.4003906119968335,5.5468104372805875
1700000001600000000,11600000000,321,320,320,0,0,,,,0,fist,hold,200.0,dev-0123456789abcdef0123456789abcdef,synthetic-3-fist,29,protocol,synthetic-demo-contract-v1,True,-5.089565419854014,-5.184470549271599,-5.292811659604438,-5.371379203375018,-5.476667415653951,-5.551872056040679,-5.659296998382949,-5.754454446994702
1700000001605000000,11605000000,322,321,321,0,0,,,,0,fist,hold,200.0,dev-0123456789abcdef0123456789abcdef,synthetic-3-fist,29,protocol,synthetic-demo-contract-v1,True,4.494890777874616,4.63904468660911,4.7706637381517325,4.93307021949352,5.0660048313882475,5.231007348411965,5.3638885600362505,5.507225258663323
1700000001610000000,11610000000,323,322,322,0,0,,,,0,fist,hold,200.0,dev-0123456789abcdef0123456789abcdef,synthetic-3-fist,29,protocol,synthetic-demo-contract-v1,True,-5.1182487870032265,-5.2148788744443255,-5.3230218858805625,-5.39974997619389,-5.508399355970891,-5.583259120817635,-5.689912245889857,-5.788000541855418
1700000001615000000,11615000000,324,323,323,0,0,,,,0,fist,hold,200.0,dev-0123456789abcdef0123456789abcdef,synthetic-3-fist,29,protocol,synthetic-demo-contract-v1,True,4.471130743469017,4.613881046433988,4.746246282067154,4.9102648025873075,5.040238983176509,5.2054462631283815,5.339416220878521,5.479992628470425
1700000001620000000,11620000000,325,324,324,0,0,,,,0,fist,hold,200.0,dev-0123456789abcdef0123456789abcdef,synthetic-3-fist,29,protocol,synthetic-demo-contract-v1,True,-5.136874351605285,-5.234574795728443,-5.341441810848357,-5.416804142277846,-5.527986317796231,-5.602783407480875,-5.708036197268378,-5.808697201760001
1700000001625000000,11625000000,326,325,325,0,0,,,,0,fist,hold,200.0,dev-0123456789abcdef0123456789abcdef,synthetic-3-fist,29,protocol,synthetic-demo-contract-v1,True,4.4578126583359845,4.599831874465624,4.733978156842074,4.899100540130554,5.0269926720011835,5.192119557507675,5.327793795317032,5.466000743812899
1700000001630000000,11630000000,327,326,326,0,0,,,,0,fist,hold,200.0,dev-0123456789abcdef0123456789abcdef,synthetic-3-fist,29,protocol,synthetic-demo-contract-v1,True,-5.144751894718322,-5.242843925386997,-5.3474556604989205,-5.421988213590615,-5.534782580049769,-5.609803110985201,-5.713057585541699,-5.815870590162868
1700000001635000000,11635000000,328,327,327,0,0,,,,0,fist,hold,200.0,dev-0123456789abcdef0123456789abcdef,synthetic-3-fist,29,protocol,synthetic-demo-contract-v1,True,4.45546720369903,4.597428972443561,4.734268405220017,4.899937855666238,5.026702587453909,5.19146401661137,5.329418486548958,5.465703558882382
1700000001640000000,11640000000,329,328,328,0,0,,,,0,fist,hold,200.0,dev-0123456789abcdef0123456789abcdef,synthetic-3-fist,29,protocol,synthetic-demo-contract-v1,True,-5.14151652622431,-5.2393425131042175,-5.340864558405621,-5.415137731370147,-5.528564091148473,-5.604090055792527,-5.704796634958911,-5.809290346949795
1700000001645000000,11645000000,330,329,329,0,0,,,,0,fist,hold,200.0,dev-0123456789abcdef0123456789abcdef,synthetic-3-fist,29,protocol,synthetic-demo-contract-v1,True,4.464288317440832,4.606824087837276,4.747104087191158,4.912743949466932,5.039378292718031,5.203497344553159,5.344251073780912,5.479105968520927
1700000001650000000,11650000000,331,330,330,0,0,,,,0,fist,hold,200.0,dev-0123456789abcdef0123456789abcdef,synthetic-3-fist,29,protocol,synthetic-demo-contract-v1,True,-5.127149242970128,-5.224113201682018,-5.321893112480106,-5.39648243092301,-5.509535855288829,-5.585837128255164,-5.6835113239293085,-5.789177057922782
1700000001655000000,11655000000,332,331,331,0,0,,,,0,fist,hold,200.0,dev-0123456789abcdef0123456789abcdef,synthetic-3-fist,29,protocol,synthetic-demo-contract-v1,True,4.484117345522173,4.62777940156144,4.772050872390258,4.937094086989473,5.064601909300273,5.227817689126988,5.371816866471872,5.505763746732647
1700000001660000000,11660000000,333,332,332,0,0,,,,0,fist,hold,200.0,dev-0123456789abcdef0123456789abcdef,synthetic-3-fist,29,protocol,synthetic-demo-contract-v1,True,-5.101987743865901,-5.197588146835537,-5.291181650362063,-5.3666385126358005,-5.478325174097462,-5.555651791803454,-5.6498892194755586,-5.75619490829452
1700000001665000000,11665000000,334,333,333,0,0,,,,0,fist,hold,200.0,dev-0123456789abcdef0123456789abcdef,synthetic-3-fist,29,protocol,synthetic-demo-contract-v1,True,4.514437557695159,4.659670897202346,4.808267908344128,4.972185703010272,5.101541893182149,5.263617032371142,5.4112210157567695,5.5447982401294
1700000001670000000,11670000000,335,334,334,0,0,,,,0,fist,hold,200.0,dev-0123456789abcdef0123456789abcdef,synthetic-3-fist,29,protocol,synthetic-demo-contract-v1,True,-5.066726319318758,-5.160579116858175,-5.249764377121851,-5.326588280196817,-5.435960966451765,-5.514535902212366,-5.6050251443858565,-5.7114297639012515
1700000001675000000,11675000000,336,335,335,0,0,,,,0,fist,hold,200.0,dev-0123456789abcdef0123456789abcdef,synthetic-3-fist,29,protocol,synthetic-demo-contract-v1,True,4.554380077039209,4.701504778663232,4.854536447373299,5.016864852407041,5.14898044823439,5.309708001667102,5.461177686256669,5.594925330921244
1700000001680000000,11680000000,337,336,336,0,0,,,,0,fist,hold,200.0,dev-0123456789abcdef0123456789abcdef,synthetic-3-fist,29,protocol,synthetic-demo-contract-v1,True,-5.022403924970617,-5.1142546282954715,-5.199034211382093,-5.2776478191889185,-5.383839848231575,-5.463852492768974,-5.550385405417507,-5.656353403189989
1700000001685000000,11685000000,338,337,337,0,0,,,,0,fist,hold,200.0,dev-0123456789abcdef0123456789abcdef,synthetic-3-fist,29,protocol,synthetic-demo-contract-v1,True,4.602741928258438,4.751946653279861,4.909301243820931,5.069664135877811,5.205353673159552,5.364563212693025,5.5200521343333095,5.654497714702916
1700000001690000000,11690000000,339,338,338,0,0,,,,0,fist,hold,200.0,dev-0123456789abcdef0123456789abcdef,synthetic-3-fist,29,protocol,synthetic-demo-contract-v1,True,-4.970379944098836,-5.060104629087869,-5.140695511692664,-5.221423779114535,-5.323680090246766,-5.405280629506408,-5.487759754251549,-5.592775078536981
1700000001695000000,11695000000,340,339,339,0,0,,,,0,fist,hold,200.0,dev-0123456789abcdef0123456789abcdef,synthetic-3-fist,29,protocol,synthetic-demo-contract-v1,True,4.658016468844852,4.809362740870058,4.970723296925209,5.128850854939204,5.2688031184432065,5.426365841702865,5.585914312962762,5.72155910040169
1700000001700000000,11700000000,341,340,340,0,0,,,,0,fist,hold,200.0,dev-0123456789abcdef0123456789abcdef,synthetic-3-fist,29,protocol,synthetic-demo-contract-v1,True,-4.9122976258324655,-4.9998936941671115,-5.0767063181850824,-5.1597606768667115,-5.257464972204384,-5.340759830600952,-5.419202657797205,-5.522782002114055
1700000001705000000,11705000000,342,341,341,0,0,,,,0,fist,hold,200.0,dev-0123456789abcdef0123456789abcdef,synthetic-3-fist,29,protocol,synthetic-demo-contract-v1,True,4.718435948016023,4.871871923137018,5.036742128210338,5.192483817477739,5.337237053641793,5.4930697538465205,5.656602242834657,5.793908547754012
1700000001710000000,11710000000,343,342,342,0,0,,,,0,fist,hold,200.0,dev-0123456789abcdef0123456789abcdef,synthetic-3-fist,29,protocol,synthetic-demo-contract-v1,True,-4.850035735381025,-4.935604132594985,-5.009212090878301,-5.094680448134527,-5.187377400158444,-5.272425888543363,-5.346965807536152,-5.4486707156237655
1700000001715000000,11715000000,344,343,343,0,0,,,,0,fist,hold,200.0,dev-0123456789abcdef0123456789abcdef,synthetic-3-fist,29,protocol,synthetic-demo-contract-v1,True,4.782025366892216,4.937407030133685,5.105145459095522,5.2584769337547375,5.408399425215555,5.562467198822001,5.7297930665891785,5.8691728244696275
1700000001720000000,11720000000,345,344,344,0,0,,,,0,fist,hold,200.0,dev-0123456789abcdef0123456789abcdef,synthetic-3-fist,29,protocol,synthetic-demo-contract-v1,True,-4.785649538092465,-4.869370802260724,-4.940473213234651,-5.028316225217341,-5.1157279429012865,-5.2025402174220545,-5.273424087224259,-5.372871602790241
1700000001725000000,11725000000,346,345,345,0,0,,,,0,fist,hold,200.0,dev-0123456789abcdef0123456789abcdef,synthetic-3-fist,29,protocol,synthetic-demo-contract-v1,True,4.846666222440608,5.003783388636949,5.173643905600951,5.3246675222116355,5.479944231581787,5.632261835467046,5.803079448939762,5.944884401787682
1700000001730000000,11730000000,347,346,346,0,0,,,,0,fist,hold,200.0,dev-0123456789abcdef0123456789abcdef,synthetic-3-fist,29,protocol,synthetic-demo-contract-v1,True,-4.721302826073369,-4.803409770819024,-4.872788737863951,-4.962842507055566,-5.0448786597123885,-5.1334150612328875,-5.2009974348652745,-5.297869028664352
1700000001735000000,11735000000,348,347,347,0,0,,,,0,fist,hold,200.0,dev-0123456789abcdef0123456789abcdef,synthetic-3-fist,29,protocol,synthetic-demo-contract-v1,True,4.91016814446975,5.068772347721344,5.239948141006066,5.388887091826955,5.549512863474703,5.700144671191815,5.874048808194417,6.018562522095275
1700000001740000000,11740000000,349,348,348,0,0,,,,0,fist,hold,200.0,dev-0123456789abcdef0123456789abcdef,synthetic-3-fist,29,protocol,synthetic-demo-contract-v1,True,-4.659193245891634,-4.739943234349193,-4.808418973642938,-4.900404003909836,-4.977165230626275,-5.067337035513373,-5.132071171274312,-5.226119733174087
1700000001745000000,11745000000,350,349,349,0,0,,,,0,fist,hold,200.0,dev-0123456789abcdef0123456789abcdef,synthetic-3-fist,29,protocol,synthetic-demo-contract-v1,True,4.970345918363422,5.130177264130085,5.301845899592666,5.449032288063271,5.614811859941301,5.763870406219711,5.940362770249586,6.087794671748254
1700000001750000000,11750000000,351,350,350,0,0,,,,0,fist,hold,200.0,dev-0123456789abcdef0123456789abcdef,synthetic-3-fist,29,protocol,synthetic-demo-contract-v1,True,-4.6014736597819095,-4.681123294806699,-4.749509545996608,-4.843045481283196,-4.914819956341944,-5.006491529294079,-5.068917419237241,-5.1599721632137
1700000001755000000,11755000000,352,351,351,0,0,,,,0,fist,hold,200.0,dev-0123456789abcdef0123456789abcdef,synthetic-3-fist,29,protocol,synthetic-demo-contract-v1,True,5.025098964117489,5.185909286153101,5.35727620756694,5.50313368516292,5.6736885166004365,5.82133165959819,5.999834227626629,6.150315779505631
1700000001760000000,11760000000,353,352,352,0,0,,,,0,fist,hold,200.0,dev-0123456789abcdef0123456789abcdef,synthetic-3-fist,29,protocol,synthetic-demo-contract-v1,True,-4.550172634645825,-4.628957293353606,-4.698019503888043,-4.792644894053128,-4.859898166226731,-4.952890465570406,-5.0136202025143835,-5.101589396057537
1700000001765000000,11765000000,354,353,353,0,0,,,,0,fist,hold,200.0,dev-0123456789abcdef0123456789abcdef,synthetic-3-fist,29,protocol,synthetic-demo-contract-v1,True,5.072490048332015,5.234060228285424,5.404398330093223,5.549420178801741,5.724201853596439,5.870628624284869,6.050499463860223,6.204082536469463
1700000001770000000,11770000000,355,354,354,0,0,,,,0,fist,hold,200.0,dev-0123456789abcdef0123456789abcdef,synthetic-3-fist,29,protocol,synthetic-demo-contract-v1,True,-4.507117372315234,-4.585237392298321,-4.655655900576506,-4.750851993498007,-4.814210460513401,-4.9083058071850605,-4.968006693850935,-5.052878188057033
1700000001775000000,11775000000,356,355,355,0,0,,,,0,fist,hold,200.0,dev-0123456789abcdef0123456789abcdef,synthetic-3-fist,29,protocol,synthetic-demo-contract-v1,True,5.110819867067846,5.272969884785724,5.441653112135803,5.58637687753169,5.764686603655048,5.9101318499732365,6.090682964996306,6.247340394613001
1700000001780000000,11780000000,357,356,356,0,0,,,,0,fist,hold,200.0,dev-0123456789abcdef0123456789abcdef,synthetic-3-fist,29,protocol,synthetic-demo-contract-v1,True,-4.473862448362014,-4.551476990872941,-4.623817045902168,-4.719034410528004,-4.779263020453968,-4.8742110048611,-4.933586879671963,-5.015426480357925
1700000001785000000,11785000000,358,357,357,0,0,,,,0,fist,hold,200.0,dev-0123456789abcdef0123456789abcdef,synthetic-3-fist,29,protocol,synthetic-demo-contract-v1,True,5.138694171775294,5.3012852890339035,5.467814658554199,5.612794604299789,5.793808110754941,5.938536079688473,6.11905277982114,6.278681042560032
1700000001790000000,11790000000,359,358,358,0,0,,,,0,fist,hold,200.0,dev-0123456789abcdef0123456789abcdef,synthetic-3-fist,29,protocol,synthetic-demo-contract-v1,True,-4.451627602530239,-4.528856350947929,-4.60354632408063,-4.6982329738353865,-4.7562079542184925,-4.85173232142701,-4.911503632870267,-4.990451414432328
1700000001795000000,11795000000,360,359,359,0,0,,,,0,fist,hold,200.0,dev-0123456789abcdef0123456789abcdef,synthetic-3-fist,29,protocol,synthetic-demo-contract-v1,True,5.1550803249676065,5.318009683590331,5.482030635968846,5.627809393663163,5.810606329576711,5.954903362039,6.134664600843914,6.29708847127884
1700000001800000000,11800000000,361,360,360,0,0,,,,0,fist,hold,200.0,dev-0123456789abcdef0123456789abcdef,synthetic-3-fist,29,protocol,synthetic-demo-contract-v1,True,-4.441247520274903,-4.518179503918152,-4.595498103635857,-4.68912771985224,-4.7458053154797435,-4.841611639713054,-4.902494843119801,-4.978759563755134
1700000001805000000,11805000000,362,361,361,0,0,,,,0,fist,hold,200.0,dev-0123456789abcdef0123456789abcdef,synthetic-3-fist,29,protocol,synthetic-demo-contract-v1,True,5.159350562416747,5.322539315049662,5.483849873282216,5.630930697174844,5.814527475204666,5.958694015574829,6.136993108787947,6.301972118422499
1700000001810000000,11810000000,363,362,362,0,0,,,,0,fist,hold,200.0,dev-0123456789abcdef0123456789abcdef,synthetic-3-fist,29,protocol,synthetic-demo-contract-v1,True,-4.443136072345258,-4.519844119519359,-4.59991684821373,-4.692015702190977,-4.748398046812648,-4.844181981965076,-4.90686885771286,-4.980720685388354
1700000001815000000,11815000000,364,363,363,0,0,,,,0,fist,hold,200.0,dev-0123456789abcdef0123456789abcdef,synthetic-3-fist,29,protocol,synthetic-demo-contract-v1,True,5.151309788157005,5.314686596026584,5.473236375456243,5.622057378134261,5.805442279689389,5.9497844232619235,6.125949542214277,6.293186005786941
1700000001820000000,11820000000,365,364,364,0,0,,,,0,fist,hold,200.0,dev-0123456789abcdef0123456789abcdef,synthetic-3-fist,29,protocol,synthetic-demo-contract-v1,True,-4.45726685969068,-4.533825555277244,-4.616630083322768,-4.706801323026653,-4.763900673946522,-4.859356548462359,-4.9244940480696675,-4.996255849838229
1700000001825000000,11825000000,366,365,365,0,0,,,,0,fist,hold,200.0,dev-0123456789abcdef0123456789abcdef,synthetic-3-fist,29,protocol,synthetic-demo-contract-v1,True,5.131206410356621,5.294688668121006,5.450569330846568,5.601480975465859,5.783650253609102,5.928471070365003,6.1018849071213355,6.271033245739125
1700000001830000000,11830000000,367,366,366,0,0,,,,0,fist,hold,200.0,dev-0123456789abcdef0123456789abcdef,synthetic-3-fist,29,protocol,synthetic-demo-contract-v1,True,-4.483171176217312,-4.559675789044945,-4.645055400410881,-4.732999500209294,-4.791802123585354,-4.886631636222099,-4.9548028522164245,-5.024840333995464
1700000001835000000,11835000000,368,367,367,0,0,,,,0,fist,hold,200.0,dev-0123456789abcdef0123456789abcdef,synthetic-3-fist,29,protocol,synthetic-demo-contract-v1,True,5.099725503747901,5.2632009356665765,5.416629169850089,5.569876131927965,5.749869812139471,5.895460693658465,6.065578714015475,6.236255774287059
1700000001840000000,11840000000,369,368,368,0,0,,,,0,fist,hold,200.0,dev-0123456789abcdef0123456789abcdef,synthetic-3-fist,29,protocol,synthetic-demo-contract-v1,True,-4.519953692296845,-4.596537386699809,-4.684221202550137,-4.769751565076501,-4.831182571901399,-4.925103339984984,-4.996810166977425,-5.06552117586112
1700000001845000000,11845000000,370,369,369,0,0,,,,0,fist,hold,200.0,dev-0123456789abcdef0123456789abcdef,synthetic-3-fist,29,protocol,synthetic-demo-contract-v1,True,5.057964414437043,5.221275699400693,5.372570205321842,5.528278500635661,5.705214591144497,5.8518468688379155,6.018213606465214,6.190009654848009
1700000001850000000,11850000000,371,370,370,0,0,,,,0,fist,hold,200.0,dev-0123456789abcdef0123456789abcdef,synthetic-3-fist,29,protocol,synthetic-demo-contract-v1,True,-4.56632532320263,-4.64317209440464,-4.732800431802022,-4.815853370605834,-4.880743768259752,-4.9734974822566755,-5.049145491072942,-5.116948807113021
1700000001855000000,11855000000,372,371,371,0,0,,,,0,fist,hold,200.0,dev-0123456789abcdef0123456789abcdef,synthetic-3-fist,29,protocol,synthetic-demo-contract-v1,True,5.007391758113192,5.170326579496165,5.3198808369447885,5.478050852374723,5.651156734073218,5.799073811122852,5.961336709842105,6.133826771699403
1700000001860000000,11860000000,373,372,372,0,0,,,,0,fist,hold,200.0,dev-0123456789abcdef0123456789abcdef,synthetic-3-fist,29,protocol,synthetic-demo-contract-v1,True,-4.6206519271100595,-4.6980030926082765,-4.7891560829266755,-4.869794691221338,-4.9388518344952255,-5.0302117820717305,-5.110097767323792,-5.177421716277211
1700000001865000000,11865000000,374,373,373,0,0,,,,0,fist,hold,200.0,dev-0123456789abcdef0123456789abcdef,synthetic-3-fist,29,protocol,synthetic-demo-contract-v1,True,4.949791554620881,5.112079955896776,5.260332717138696,5.420838491093317,5.5894783599787505,5.738888586522746,5.896808966503532,6.069564179927582
1700000001870000000,11870000000,375,374,374,0,0,,,,0,fist,hold,200.0,dev-0123456789abcdef0123456789abcdef,synthetic-3-fist,29,protocol,synthetic-demo-contract-v1,True,-4.681016724478539,-4.759169429728669,-4.851396916201051,-4.929808627212519,-5.003591128782771,-5.093368867787039,-5.177671453661519,-5.244942666592356
1700000001875000000,11875000000,376,375,375,0,0,,,,0,fist,hold,200.0,dev-0123456789abcdef0123456789abcdef,synthetic-3-fist,29,protocol,synthetic-demo-contract-v1,True,4.887194944621661,5.048515148495182,5.195920641210721,5.358515433757337,5.522212812607855,5.6732833141301375,5.826744119668742,5.999342784676175
1700000001880000000,11880000000,377,376,376,0,0,,,,0,fist,hold,200.0,dev-0123456789abcdef0123456789abcdef,synthetic-3-fist,29,protocol,synthetic-demo-contract-v1,True,-4.7452936880764325,-4.824590688627225,-4.917441446807099,-4.993929400325531,-5.072827398377536,-5.1608783809565,-5.249651982423444,-5.317284612706272
1700000001885000000,11885000000,378,377,377,0,0,,,,0,fist,hold,200.0,dev-0123456789abcdef0123456789abcdef,synthetic-3-fist,29,protocol,synthetic-demo-contract-v1,True,4.82180250723125,4.981795489935579,5.128795227184087,5.293123112091903,5.451577627395397,5.604429270459874,5.75343934962524,5.925477373274028
1700000001890000000,11890000000,379,378,378,0,0,,,,0,fist,hold,200.0,dev-0123456789abcdef0123456789abcdef,synthetic-3-fist,29,protocol,synthetic-demo-contract-v1,True,-4.81122865722244,-4.892039547805864,-4.985088020549776,-5.060056653269043,-5.144278139275542,-5.230506118018747,-5.323678457679946,-5.392064141628315
1700000001895000000,11895000000,380,379,379,0,0,,,,0,fist,hold,200.0,dev-0123456789abcdef0123456789abcdef,synthetic-3-fist,29,protocol,synthetic-demo-contract-v1,True,4.755900608903729,4.914192791861511,5.0611906812625715,5.226803597796076,5.379901426232945,5.534605074353131,5.679299841420882,5.8504003078480755
1700000001900000000,11900000000,381,380,380,0,0,,,,0,fist,hold,200.0,dev-0123456789abcdef0123456789abcdef,synthetic-3-fist,29,protocol,synthetic-demo-contract-v1,True,-4.87652460820467,-4.959219597981425,-5.0520885941381986,-5.126024153556164,-5.215587843256289,-5.299947924063219,-5.3973212013140985,-5.46682001636593
1700000001905000000,11905000000,382,381,381,0,0,,,,0,fist,hold,200.0,dev-0123456789abcdef0123456789abcdef,synthetic-3-fist,29,protocol,synthetic-demo-contract-v1,True,4.691775441650278,4.848007956815464,4.995350095951303,5.1617295316630925,5.309547150063173,5.4661213264754815,5.606759763757093,5.776581393957777
1700000001910000000,11910000000,383,382,382,0,0,,,,0,fist,hold,200.0,dev-0123456789abcdef0123456789abcdef,synthetic-3-fist,29,protocol,synthetic-demo-contract-v1,True,-4.938927381334474,-5.0238455757977984,-5.116223728776893,-5.1896706581948875,-5.284405651646844,-5.366905896002896,-5.468161598140517,-5.539094233518912
1700000001915000000,11915000000,384,383,383,0,0,,,,0,fist,hold,200.0,dev-0123456789abcdef0123456789abcdef,synthetic-3-fist,29,protocol,synthetic-demo-contract-v1,True,4.63162844289892,4.78549063235573,4.933450795016334,5.100033044835413,5.242834160082086,5.4012441945037155,5.538202257776574,5.706446565790813
1700000001920000000,11920000000,385,384,384,0,0,,,,0,fist,hold,200.0,dev-0123456789abcdef0123456789abcdef,synthetic-3-fist,29,protocol,synthetic-demo-contract-v1,True,-4.996308227584058,-5.083723088075265,-5.175376281355487,-5.248910624935606,-5.348462855804813,-5.429164376255664,-5.533871613813794,-5.606512924279993
1700000001925000000,11925000000,386,385,385,0,0,,,,0,fist,hold,200.0,dev-0123456789abcdef0123456789abcdef,synthetic-3-fist,29,protocol,synthetic-demo-contract-v1,True,4.5774966321979145,4.728760835453239,4.877532221210578,5.04373599365408,5.18196177562969,5.3421204698528335,5.475881067897128,5.642298066436065
1700000001930000000,11930000000,387,386,386,0,0,,,,0,fist,hold,200.0,dev-0123456789abcdef0123456789abcdef,synthetic-3-fist,29,protocol,synthetic-demo-contract-v1,True,-5.0467397858979,-5.136824925621999,-5.227601338136655,-5.301802460402572,-5.405647689370894,-5.484663225036635,-5.592290369178353,-5.666864434471369
1700000001935000000,11935000000,388,387,387,0,0,,,,0,fist,hold,200.0,dev-0123456789abcdef0123456789abcdef,synthetic-3-fist,29,protocol,synthetic-demo-contract-v1,True,4.53118106576224,4.679735392832956,4.829428760444893,4.994683787129034,5.128936769486456,5.290706573096074,5.4218463936589485,5.586238751468005
1700000001940000000,11940000000,389,388,388,0,0,,,,0,fist,hold,200.0,dev-0123456789abcdef0123456789abcdef,synthetic-3-fist,29,protocol,synthetic-demo-contract-v1,True,-5.088562516259223,-5.181361203850019,-5.271190078655861,-5.346612075341574,-5.454074946623491,-5.531565949356751,-5.641495250744824,-5.71817201320891
1700000001945000000,11945000000,390,389,389,0,0,,,,0,fist,hold,200.0,dev-0123456789abcdef0123456789abcdef,synthetic-3-fist,29,protocol,synthetic-demo-contract-v1,True,4.494186123532772,4.640061850432276,4.790709714117722,4.954484969325788,5.0855072108297295,5.248703854688205,5.3778774034572745,5.540103007214987
1700000001950000000,11950000000,391,390,390,0,0,,,,0,fist,hold,200.0,dev-0123456789abcdef0123456789abcdef,synthetic-3-fist,29,protocol,synthetic-demo-contract-v1,True,-5.120439163779906,-5.21584081208788,-5.304725476923278,-5.381869669826512,-5.492148131835328,-5.568320436834795,-5.679865216001631,-5.758758718412213
1700000001955000000,11955000000,392,391,391,0,0,,,,0,fist,hold,200.0,dev-0123456789abcdef0123456789abcdef,synthetic-3-fist,29,protocol,synthetic-demo-contract-v1,True,4.467671738726217,4.611062211005139,4.762628376578772,4.924458531713909,5.053104836841559,5.217502329528941,5.345423632552894,5.505396556172827
1700000001960000000,11960000000,393,392,392,0,0,,,,0,fist,hold,200.0,dev-0123456789abcdef0123456789abcdef,synthetic-3-fist,29,protocol,synthetic-demo-contract-v1,True,-5.141395478229396,-5.2391219939413345,-5.3271280347775125,-5.406417891635088,-5.518612090761401,-5.593710286842663,-5.706134208408017,-5.78730240476194
1700000001965000000,11965000000,394,393,393,0,0,,,,0,fist,hold,200.0,dev-0123456789abcdef0123456789abcdef,synthetic-3-fist,29,protocol,synthetic-demo-contract-v1,True,4.452419996809161,4.593688475781218,4.746081856528335,4.905590678829062,5.0327978527964214,5.198134705173726,5.325557196065379,5.483247128298915
1700000001970000000,11970000000,395,394,394,0,0,,,,0,fist,hold,200.0,dev-0123456789abcdef0123456789abcdef,synthetic-3-fist,29,protocol,synthetic-demo-contract-v1,True,-5.150846119485355,-5.250450302744368,-5.337690087978814,-5.419449791976512,-5.532594389162205,-5.606895042243242,-5.719432921750409,-5.80287898734526
1700000001975000000,11975000000,396,395,395,0,0,,,,0,fist,hold,200.0,dev-0123456789abcdef0123456789abcdef,synthetic-3-fist,29,protocol,synthetic-demo-contract-v1,True,4.44881681273562,4.58849151030051,4.741582910919047,4.89850246263514,5.025255716662852,5.191242223321647,5.318937392346002,5.4743676180793015
1700000001980000000,11980000000,397,396,396,0,0,,,,0,fist,hold,200.0,dev-0123456789abcdef0123456789abcdef,synthetic-3-fist,29,protocol,synthetic-demo-contract-v1,True,-5.148605398589838,-5.249482661223739,-5.336097617105504,-5.420535335205445,-5.533634074241303,-5.607437991780954,-5.719317536397414,-5.804992561309889
1700000001985000000,11985000000,398,397,397,0,0,,,,0,fist,hold,200.0,dev-0123456789abcdef0123456789abcdef,synthetic-3-fist,29,protocol,synthetic-demo-contract-v1,True,4.456848685631527,4.5956042452542425,4.749244650624949,4.903429346742085,5.0307270691608705,5.197053443821744,5.325788864882944,5.479032935144133
1700000001990000000,11990000000,399,398,398,0,0,,,,0,fist,hold,200.0,dev-0123456789abcdef0123456789abcdef,synthetic-3-fist,29,protocol,synthetic-demo-contract-v1,True,-5.134883194004791,-5.236296782696734,-5.3224389189002155,-5.409635592282057,-5.521696870822261,-5.595320623930175,-5.705784478267611,-5.793591391595212
1700000001995000000,11995000000,400,399,399,0,0,,,,0,fist,hold,200.0,dev-0123456789abcdef0123456789abcdef,synthetic-3-fist,29,protocol,synthetic-demo-contract-v1,True,4.47611386952204,4.614739681517673,4.768778542921122,4.920213372653949,5.049031536852433,5.215376672736204,5.34589404510778,5.497071304412367
1700000002000000000,12000000000,401,400,400,0,0,,,,0,fist,hold,200.0,dev-0123456789abcdef0123456789abcdef,synthetic-3-fist,29,protocol,synthetic-demo-contract-v1,True,-5.11026700513157,-5.211385760662924,-5.297199934864853,-5.387104149405281,-5.4971763112943846,-5.570943254127976,-5.679270710938386,-5.769069252916987
1700000002005000000,12005000000,402,401,401,0,0,,,,0,fist,hold,200.0,dev-0123456789abcdef0123456789abcdef,synthetic-3-fist,29,protocol,synthetic-demo-contract-v1,True,4.505846722214742,4.645203616709163,4.799505691476339,4.948308189142119,5.079565678491484,5.245606285109851,5.378600128816673,5.527870295176132
1700000002010000000,12010000000,403,402,402,0,0,,,,0,fist,hold,200.0,dev-0123456789abcdef0123456789abcdef,synthetic-3-fist,29,protocol,synthetic-demo-contract-v1,True,-5.07569162882615,-5.175638182256525,-5.261246477688816,-5.353675680387099,-5.4608807620764575,-5.535111804243118,-5.6406395471489965,-5.732252083278203
1700000002015000000,12015000000,404,403,403,0,0,,,,0,fist,hold,200.0,dev-0123456789abcdef0123456789abcdef,synthetic-3-fist,29,protocol,synthetic-demo-contract-v1,True,4.544953529286238,4.685921470712903,4.840380935044134,4.986796786038274,5.121322878600943,5.286742733914727,5.422840360848527,5.570397372903894
1700000002020000000,12020000000,405,404,404,0,0,,,,0,fist,hold,200.0,dev-0123456789abcdef0123456789abcdef,synthetic-3-fist,29,protocol,synthetic-demo-contract-v1,True,-5.032398346836837,-5.130304646901956,-5.215794027691269,-5.310442050371212,-5.414006774295534,-5.489011170768882,-5.591152442326414,-5.68437039843385
1700000002025000000,12025000000,406,405,405,0,0,,,,0,fist,hold,200.0,dev-0123456789abcdef0123456789abcdef,synthetic-3-fist,29,protocol,synthetic-demo-contract-v1,True,4.592057764097508,4.735478080851637,4.89002888592256,5.034421358890398,5.172926532447448,5.337425584335117,5.477168931911134,5.623234288861009
1700000002030000000,12030000000,407,406,406,0,0,,,,0,fist,hold,200.0,dev-0123456789abcdef0123456789abcdef,synthetic-3-fist,29,protocol,synthetic-demo-contract-v1,True,-4.981885780028551,-5.076952054300147,-5.162366176653366,-5.258816725780112,-5.35809963722584,-5.434166061455475,-5.532427694007455,-5.627018383990671
1700000002035000000,12035000000,408,407,407,0,0,,,,0,fist,hold,200.0,dev-0123456789abcdef0123456789abcdef,synthetic-3-fist,29,protocol,synthetic-demo-contract-v1,True,4.6455525455343025,4.792168883105026,4.94679064226747,5.089624334540863,5.232675428408618,5.395978482073767,5.539808343511727,5.684624166694715
1700000002040000000,12040000000,409,408,408,0,0,,,,0,fist,hold,200.0,dev-0123456789abcdef0123456789abcdef,synthetic-3-fist,29,protocol,synthetic-demo-contract-v1,True,-4.925854696416577,-5.01740744749978,-5.10274316207789,-5.200488647624141,-5.2950024349179685,-5.372390594275864,-5.466387401960306,-5.5621010207081065
1700000002045000000,12045000000,410,409,409,0,0,,,,0,fist,hold,200.0,dev-0123456789abcdef0123456789abcdef,synthetic-3-fist,29,protocol,synthetic-demo-contract-v1,True,4.703657990232664,4.854060510576979,5.008779566920327,5.1505992226951225,5.298599831617701,5.460464569916264,5.608707686578386,5.752529726935042
1700000002050000000,12050000000,411,410,410,0,0,,,,0,fist,hold,200.0,dev-0123456789abcdef0123456789abcdef,synthetic-3-fist,29,protocol,synthetic-demo-contract-v1,True,-4.866149061728804,-4.953693542230818,-5.038902249409619,-5.137367070052826,-5.22679528546249,-5.3057283240638835,-5.39519443023386,-5.491770992621084
1700000002055000000,12055000000,412,411,411,0,0,,,,0,fist,hold,200.0,dev-0123456789abcdef0123456789abcdef,synthetic-3-fist,29,protocol,synthetic-demo-contract-v1,True,4.7644812135727665,4.919058537631032,5.0739442402901105,5.215349636867648,5.368526419982605,5.528750521418877,5.681609920065889,5.824700723701784
1700000002060000000,12060000000,413,412,412,0,0,,,,0,fist,hold,200.0,dev-0123456789abcdef0123456789abcdef,synthetic-3-fist,29,protocol,synthetic-demo-contract-v1,True,-4.804695509416578,-4.887958331442257,-4.972951973311861,-5.071519162011531,-5.155726765980087,-5.23638467860266,-5.321181441559007,-5.418357463847691
1700000002065000000,12065000000,414,413,413,0,0,,,,0,fist,hold,200.0,dev-0123456789abcdef0123456789abcdef,synthetic-3-fist,29,protocol,synthetic-demo-contract-v1,True,4.826076894064244,4.984979887241497,5.140136474732657,5.2817545602338125,5.4401499318411695,5.598577075697628,5.7561259394574495,5.898748364858172
1700000002070000000,12070000000,415,414,414,0,0,,,,0,fist,hold,200.0,dev-0123456789abcdef0123456789abcdef,synthetic-3-fist,29,protocol,synthetic-demo-contract-v1,True,-4.743443204533887,-4.822401316608886,-4.9070624341103946,-5.005102407402168,-5.084139784042538,-5.166654036919183,-5.246774335649066,-5.3442890773022
1700000002075000000,12075000000,416,415,415,0,0,,,,0,fist,hold,200.0,dev-0123456789abcdef0123456789abcdef,synthetic-3-fist,29,protocol,synthetic-demo-contract-v1,True,4.8865065535366705,5.049627305565809,5.2051821292479925,5.347637726654479,5.511109163252843,5.667633742306731,5.829813001365072,5.972224257391188
1700000002080000000,12080000000,417,416,416,0,0,,,,0,fist,hold,200.0,dev-0123456789abcdef0123456789abcdef,synthetic-3-fist,29,protocol,synthetic-demo-contract-v1,True,-4.684305810021648,-4.759198981524429,-4.843393956743554,-4.940294010445836,-5.014394339312757,-5.0988438597619865,-5.174412607393982,-5.2720137182066065
1700000002085000000,12085000000,418,417,417,0,0,,,,0,fist,hold,200.0,dev-0123456789abcdef0123456789abcdef,synthetic-3-fist,29,protocol,synthetic-demo-contract-v1,True,4.943894992165169,5.11086329277438,5.266952390169905,5.41083885121647,5.579064809532894,5.733635207209073,5.900254926768076,6.042701271475777
1700000002090000000,12090000000,419,418,418,0,0,,,,0,fist,hold,200.0,dev-0123456789abcdef0123456789abcdef,synthetic-3-fist,29,protocol,synthetic-demo-contract-v1,True,-4.629106963938499,-4.700432090791818,-4.784026454255197,-4.87921961236798,-4.948789721711869,-5.0351983798454745,-5.106469242635,-5.203917691045821
1700000002095000000,12095000000,420,419,419,0,0,,,,0,fist,hold,200.0,dev-0123456789abcdef0123456789abcdef,synthetic-3-fist,29,protocol,synthetic-demo-contract-v1,True,4.996482623548379,5.166680959965651,5.3234331873206155,5.469284382538445,5.64177658483642,5.794396914423296,5.965141446549165,6.107853654367951
1700000002100000000,12100000000,421,420,420,0,0,,,,0,fist,hold,200.0,dev-0123456789abcdef0123456789abcdef,synthetic-3-fist,29,protocol,synthetic-demo-contract-v1,True,-4.579530370665187,-4.648017268795677,-4.730891795840225,-4.823883649767383,-4.889488710997212,-4.9778243742058965,-5.045172784787112,-5.1422469769745724
1700000002105000000,12105000000,422,421,421,0,0,,,,0,fist,hold,200.0,dev-0123456789abcdef0123456789abcdef,synthetic-3-fist,29,protocol,synthetic-demo-contract-v1,True,5.042672753499766,5.215269451973441,5.372790494779364,5.521055462919325,5.697177077399833,5.847907324950398,6.022344080836997,6.16553375100468
1700000002110000000,12110000000,423,422,422,0,0,,,,0,fist,hold,200.0,dev-0123456789abcdef0123456789abcdef,synthetic-3-fist,29,protocol,synthetic-demo-contract-v1,True,-4.537075323534823,-4.6036451038860475,-4.685711363010616,-4.776103633228994,-4.838446276654989,-4.92862147243777,-4.9925341345243215,-5.089033169072869
1700000002115000000,12115000000,424,423,423,0,0,,,,0,fist,hold,200.0,dev-0123456789abcdef0123456789abcdef,synthetic-3-fist,29,protocol,synthetic-demo-contract-v1,True,5.081073113836101,5.255071825169837,5.41342941744486,5.564450871777083,5.743439905662738,5.892394464151419,6.069986057335567,6.21384280109808
1700000002120000000,12120000000,425,424,424,0,0,,,,0,fist,hold,200.0,dev-0123456789abcdef0123456789abcdef,synthetic-3-fist,29,protocol,synthetic-demo-contract-v1,True,-4.503018230941318,-4.568726738122036,-4.649940791287074,-4.737450498511997,-4.797345128649805,-4.889219304923703,-4.950280489387572,-5.046026527576805
1700000002125000000,12125000000,426,425,425,0,0,,,,0,fist,hold,200.0,dev-0123456789abcdef0123456789abcdef,synthetic-3-fist,29,protocol,synthetic-demo-contract-v1,True,5.110531182242557,5.284833585399468,5.444045183141408,5.598042889899667,5.779039928375276,5.9263845572535665,6.106503969580527,6.251193478853995
1700000002130000000,12130000000,427,426,426,0,0,,,,0,fist,hold,200.0,dev-0123456789abcdef0123456789abcdef,synthetic-3-fist,29,protocol,synthetic-demo-contract-v1,True,-4.478380526222714,-4.544350558901483,-4.624723645819044,-4.709196986030434,-4.767540243722012,-4.8609235693728845,-4.919798595622877,-5.014638361423232
1700000002135000000,12135000000,428,427,427,0,0,,,,0,fist,hold,200.0,dev-0123456789abcdef0123456789abcdef,synthetic-3-fist,29,protocol,synthetic-demo-contract-v1,True,5.13016298155167,5.303640459347337,5.4636644372473,5.6207242515961156,5.802803523751369,5.948750813884961,6.130699147475225,6.276362114726238
1700000002140000000,12140000000,429,428,428,0,0,,,,0,fist,hold,200.0,dev-0123456789abcdef0123456789abcdef,synthetic-3-fist,29,protocol,synthetic-demo-contract-v1,True,-4.463903209326791,-4.531250220475682,-4.61085547629849,-4.692275743683022,-4.750014196027961,-4.844672799495917,-4.902089178520587,-4.995894633935142
1700000002145000000,12145000000,430,429,429,0,0,,,,0,fist,hold,200.0,dev-0123456789abcdef0123456789abcdef,synthetic-3-fist,29,protocol,synthetic-demo-contract-v1,True,5.139375154597617,5.31094437705838,5.47167556306209,5.631744641478518,5.813947280120915,5.958750747855211,6.141777050598149,6.288528879806803
1700000002150000000,12150000000,431,430,430,0,0,,,,0,fist,hold,200.0,dev-0123456789abcdef0123456789abcdef,synthetic-3-fist,29,protocol,synthetic-demo-contract-v1,True,-4.460028193466924,-4.529784806956809,-4.608759349869396,-4.687248531814814,-4.745344764732674,-4.841007266187697,-4.8977340500719855,-4.990402319431483
1700000002155000000,12155000000,432,431,431,0,0,,,,0,fist,hold,200.0,dev-0123456789abcdef0123456789abcdef,synthetic-3-fist,29,protocol,synthetic-demo-contract-v1,True,5.137880159900348,5.306577067584205,5.467847115299606,5.630735532941482,5.812103822570711,5.956050797070156,6.1393733885153265,6.287304611279851
1700000002160000000,12160000000,433,432,432,0,0,,,,0,fist,hold,200.0,dev-0123456789abcdef0123456789abcdef,synthetic-3-fist,29,protocol,synthetic-demo-contract-v1,True,-4.466886603471249,-4.539931520363391,-4.618473582094816,-4.694287547462426,-4.753685886431667,-4.8500510408361235,-4.906876975975756,-4.998329616223654
1700000002165000000,12165000000,434,433,433,0,0,,,,0,fist,hold,200.0,dev-0123456789abcdef0123456789abcdef,synthetic-3-fist,29,protocol,synthetic-demo-contract-v1,True,5.125704441171023,5.290751097629955,5.452333844073506,5.61772254538877,5.7973339241502595,5.9407374279908325,6.123566108721692,6.272743398698233
1700000002170000000,12170000000,435,434,434,0,0,,,,0,fist,hold,200.0,dev-0123456789abcdef0123456789abcdef,synthetic-3-fist,29,protocol,synthetic-demo-contract-v1,True,-4.484294179151203,-4.561290853355802,-4.639651987921025,-4.713169489794168,-4.774762580341212,-4.871507815555446,-4.929218931626559,-5.019400663770267
1700000002175000000,12175000000,436,435,435,0,0,,,,0,fist,hold,200.0,dev-0123456789abcdef0123456789abcdef,synthetic-3-fist,29,protocol,synthetic-demo-contract-v1,True,5.103189407515999,5.264048599290877,5.425670189768313,5.593124904533443,5.770124502373755,5.913314355565467,6.094872857516149,6.245340521107225
1700000002180000000,12180000000,437,436,436,0,0,,,,0,fist,hold,200.0,dev-0123456789abcdef0123456789abcdef,synthetic-3-fist,29,protocol,synthetic-demo-contract-v1,True,-4.511753957429843,-4.593103801246667,-4.671576569901646,-4.743282572665069,-4.807880013557678,-4.904670620619052,-4.96402790358742,-5.052904932808623
1700000002185000000,12185000000,438,437,437,0,0,,,,0,fist,hold,200.0,dev-0123456789abcdef0123456789abcdef,synthetic-3-fist,29,protocol,synthetic-demo-contract-v1,True,5.070985041869468,5.2273983236422445,5.388751532273654,5.557742011408652,5.731372567067322,5.874685968331872,6.054233996795382,6.2060158087208155
1700000002190000000,12190000000,439,438,438,0,0,,,,0,fist,hold,200.0,dev-0123456789abcdef0123456789abcdef,synthetic-3-fist,29,protocol,synthetic-demo-contract-v1,True,-4.548466419856804,-4.634280294579058,-4.713182162657667,-4.783646267017374,-4.8519464075326155,-4.948445120149255,-5.010162914755091,-5.097720972871661
1700000002195000000,12195000000,440,439,439,0,0,,,,0,fist,hold,200.0,dev-0123456789abcdef0123456789abcdef,synthetic-3-fist,29,protocol,synthetic-demo-contract-v1,True,5.030035954027596,5.182042010142446,5.342803868404234,5.51272754733576,5.682355648750971,5.826127504253499,6.002981734713369,6.156082983990521
1700000002200000000,12200000000,441,440,440,0,0,,,,0,fist,hold,200.0,dev-0123456789abcdef0123456789abcdef,synthetic-3-fist,29,protocol,synthetic-demo-contract-v1,True,-4.593347276570089,-4.683437702886889,-4.76309217320528,-4.832943139275581,-4.905509030608509,-5.001385718379806,-5.066111483711933,-5.15235372771626
1700000002205000000,12205000000,442,441,441,0,0,,,,0,fist,hold,200.0,dev-0123456789abcdef0123456789abcdef,synthetic-3-fist,29,protocol,synthetic-demo-contract-v1,True,4.981559731525784,5.1294913678521326,5.289342956721299,5.459551950240233,5.624689682439319,5.769242960756356,5.942796384767102,6.097205999621156
1700000002210000000,12210000000,443,442,442,0,0,,,,0,fist,hold,200.0,dev-0123456789abcdef0123456789abcdef,synthetic-3-fist,29,protocol,synthetic-demo-contract-v1,True,-4.645052995566041,-4.738947980649655,-4.819664208159853,-4.889561755522299,-4.966802090053455,-5.061743285364923,-5.130039287010249,-5.2149841814667885
1700000002215000000,12215000000,444,443,443,0,0,,,,0,fist,hold,200.0,dev-0123456789abcdef0123456789abcdef,synthetic-3-fist,29,protocol,synthetic-demo-contract-v1,True,4.927017532485696,5.071477216144403,5.23012429815859,5.399954479038345,5.5602757353009205,5.7059121279091745,5.875651191109337,6.031343820117822
1700000002220000000,12220000000,445,444,444,0,0,,,,0,fist,hold,200.0,dev-0123456789abcdef0123456789abcdef,synthetic-3-fist,29,protocol,synthetic-demo-contract-v1,True,-4.70201406398985,-4.798991803886035,-4.881044071569208,-4.951649258067797,-5.033804944743696,-5.1275229268568445,-5.199850391891186,-5.283529691485271
1700000002225000000,12225000000,446,445,445,0,0,,,,0,fist,hold,200.0,dev-0123456789abcdef0123456789abcdef,synthetic-3-fist,29,protocol,synthetic-demo-contract-v1,True,4.8680770196821035,5.009892525180577,5.167085603871935,5.335886424848659,5.491237334399207,5.638228493337206,5.8037475338286875,5.960685474642341
1700000002230000000,12230000000,447,446,446,0,0,,,,0,fist,hold,200.0,dev-0123456789abcdef0123456789abcdef,synthetic-3-fist,29,protocol,synthetic-demo-contract-v1,True,-4.7624757792876595,-4.8616178837597115,-4.945226360453451,-5.017171902950113,-5.104308719403248,-5.196549890907194,-5.273256079403787,-5.355713011533233
1700000002235000000,12235000000,448,447,447,0,0,,,,0,fist,hold,200.0,dev-0123456789abcdef0123456789abcdef,synthetic-3-fist,29,protocol,synthetic-demo-contract-v1,True,4.80656795748689,4.946731227699889,5.102283630185894,5.269447319284565,5.41985046062409,5.568430069395015,5.729442644206455,5.8875775297446316
1700000002240000000,12240000000,449,448,448,0,0,,,,0,fist,hold,200.0,dev-0123456789abcdef0123456789abcdef,synthetic-3-fist,29,protocol,synthetic-demo-contract-v1,True,-4.824546113340894,-4.924805543086802,-5.010119686545473,-5.083981584378147,-5.175989124336877,-5.266541434545063,-5.347849995495274,-5.429137722311946
1700000002245000000,12245000000,450,449,449,0,0,,,,0,fist,hold,200.0,dev-0123456789abcdef0123456789abcdef,synthetic-3-fist,29,protocol,synthetic-demo-contract-v1,True,4.744431078145265,4.884024743633287,5.037827427816762,5.202816221461808,5.348468516696089,5.498825427363543,5.655172206152135,5.814446380338105
1700000002250000000,12250000000,451,450,450,0,0,,,,0,fist,hold,200.0,dev-0123456789abcdef0123456789abcdef,synthetic-3-fist,29,protocol,synthetic-demo-contract-v1,True,-4.886249881056557,-4.986528601686213,-5.073614417851725,-5.149886173814932,-5.2464830800166755,-5.3351822765478145,-5.421187159681688,-5.501367575401369
1700000002255000000,12255000000,452,451,451,0,0,,,,0,fist,hold,200.0,dev-0123456789abcdef0123456789abcdef,synthetic-3-fist,29,protocol,synthetic-demo-contract-v1,True,4.683661158159109,4.823778169713048,4.975810154098162,5.138180328960305,5.279444742814042,5.431717382234695,5.583370388036932,5.743717927874971
1700000002260000000,12260000000,453,452,452,0,0,,,,0,fist,hold,200.0,dev-0123456789abcdef0123456789abcdef,synthetic-3-fist,29,protocol,synthetic-demo-contract-v1,True,-4.945588092950916,-5.044818634215122,-5.133650766066483,-5.212721373867981,-5.3134666204485645,-5.400201143378874,-5.490864234219618,-5.570007127918639
1700000002265000000,12265000000,454,453,453,0,0,,,,0,fist,hold,200.0,dev-0123456789abcdef0123456789abcdef,synthetic-3-fist,29,protocol,synthetic-demo-contract-v1,True,4.626245609256925,4.767908041284509,4.918241630194725,5.077663248363887,5.215054637660611,5.369326849745142,5.5163899334609106,5.677737300428207
1700000002270000000,12270000000,455,454,454,0,0,,,,0,fist,hold,200.0,dev-0123456789abcdef0123456789abcdef,synthetic-3-fist,29,protocol,synthetic-demo-contract-v1,True,-5.000601002323319,-5.097825735114382,-5.188285047040706,-5.270421734683016,-5.3747315070874615,-5.459445878760729,-5.55459841544939,-5.6327810031207015
1700000002275000000,12275000000,456,455,455,0,0,,,,0,fist,hold,200.0,dev-0123456789abcdef0123456789abcdef,synthetic-3-fist,29,protocol,synthetic-demo-contract-v1,True,4.574100255516405,4.718183477899041,4.866983789859235,5.023255275099735,5.157420942303293,5.313719392128205,5.456424937334768,5.618691267483226
1700000002280000000,12280000000,457,456,456,0,0,,,,0,fist,hold,200.0,dev-0123456789abcdef0123456789abcdef,synthetic-3-fist,29,protocol,synthetic-demo-contract-v1,True,-5.049432999891876,-5.143875044086008,-5.235752010772286,-5.321088504957305,-5.428258027579206,-5.510954634303929,-5.6103023545209,-5.68760915806135
1700000002285000000,12285000000,458,457,457,0,0,,,,0,fist,hold,200.0,dev-0123456789abcdef0123456789abcdef,synthetic-3-fist,29,protocol,synthetic-demo-contract-v1,True,4.529004308798202,4.676172383853593,4.823691063871093,4.97674796953111,5.108443660037869,5.266736880725545,5.40543884510721,5.568535912756778
1700000002290000000,12290000000,459,458,458,0,0,,,,0,fist,hold,200.0,dev-0123456789abcdef0123456789abcdef,synthetic-3-fist,29,protocol,synthetic-demo-contract-v1,True,-5.0903971931748995,-5.181517445944,-5.274521272020068,-5.363052090321378,-5.47228157938157,-5.553020787587064,-5.6561526455408595,-5.732675671755537
1700000002295000000,12295000000,460,459,459,0,0,,,,0,fist,hold,200.0,dev-0123456789abcdef0123456789abcdef,synthetic-3-fist,29,protocol,synthetic-demo-contract-v1,True,4.492536837426496,4.6431941960654886,4.789757578614707,4.939675178553749,5.069737419201899,5.229936535042624,5.365100040943581,5.528931954257171
1700000002300000000,12300000000,461,460,460,0,0,,,,0,fist,hold,200.0,dev-0123456789abcdef0123456789abcdef,synthetic-3-fist,29,protocol,synthetic-demo-contract-v1,True,-5.122037265504786,-5.2095730541478025,-5.303346067962057,-5.394927065513857,-5.505350843209928,-5.5842494408327745,-5.690649630983499,-5.76648878172646
1700000002305000000,12305000000,462,461,461,0,0,,,,0,fist,hold,200.0,dev-0123456789abcdef0123456789abcdef,synthetic-3-fist,29,protocol,synthetic-demo-contract-v1,True,4.466017217906685,4.620280461179542,4.76627282392303,4.913262443690991,5.042578243911125,5.204539354596787,5.336727140828049,5.501189847833436
1700000002310000000,12310000000,463,462,462,0,0,,,,0,fist,hold,200.0,dev-0123456789abcdef0123456789abcdef,synthetic-3-fist,29,protocol,synthetic-demo-contract-v1,True,-5.143184068841385,-5.227166311188361,-5.321302818838817,-5.4156579279315045,-5.526375628510418,-5.603603631036072,-5.7126665600092155,-5.787930186227774
1700000002315000000,12315000000,464,463,463,0,0,,,,0,fist,hold,200.0,dev-0123456789abcdef0123456789abcdef,synthetic-3-fist,29,protocol,synthetic-demo-contract-v1,True,4.4504521401890464,4.608144288204175,4.753987171622067,4.8983864645717095,5.027861487521656,5.1913896500142265,5.321245787147855,5.486226486988542
1700000002320000000,12320000000,465,464,464,0,0,,,,0,fist,hold,200.0,dev-0123456789abcdef0123456789abcdef,synthetic-3-fist,29,protocol,synthetic-demo-contract-v1,True,-5.15300438882958,-5.233751784742776,-5.327820263188881,-5.424554080997351,-5.534662813644451,-5.6104387219139165,-5.721486485725674,-5.7962919842849585
1700000002325000000,12325000000,466,465,465,0,0,,,,0,fist,hold,200.0,dev-0123456789abcdef0123456789abcdef,synthetic-3-fist,29,protocol,synthetic-demo-contract-v1,True,4.44649168371799,4.607159468632127,4.753288310918532,4.895545959505491,5.026072315620562,5.19092701350541,5.319158362841974,5.484534928436521
1700000002330000000,12330000000,467,466,466,0,0,,,,0,fist,hold,200.0,dev-0123456789abcdef0123456789abcdef,synthetic-3-fist,29,protocol,synthetic-demo-contract-v1,True,-5.151039445690112,-5.229129999947533,-5.322697271717482,-5.421312886609665,-5.529939195948734,-5.604523838157496,-5.716825690866703,-5.791300034268131
1700000002335000000,12335000000,468,467,467,0,0,,,,0,fist,hold,200.0,dev-0123456789abcdef0123456789abcdef,synthetic-3-fist,29,protocol,synthetic-demo-contract-v1,True,4.454396782807267,4.617349788925451,4.764189319803978,4.904844893254308,5.0372697116287,5.203171658175661,5.3305276181184915,5.496168142421623
1700000002340000000,12340000000,469,468,468,0,0,,,,0,fist,hold,200.0,dev-0123456789abcdef0123456789abcdef,synthetic-3-fist,29,protocol,synthetic-demo-contract-v1,True,-5.137230967194256,-5.213452919459659,-5.306108802637331,-5.406030015317132,-5.512360498375507,-5.586049630306161,-5.698842874573855,-5.773122960503341
1700000002345000000,12345000000,470,469,469,0,0,,,,0,fist,hold,200.0,dev-0123456789abcdef0123456789abcdef,synthetic-3-fist,29,protocol,synthetic-demo-contract-v1,True,4.474020054167771,4.63838878602848,4.786328723807615,4.925988638126269,5.061084532301172,5.227723614163543,5.3549747450589225,5.520737323401783
1700000002350000000,12350000000,471,470,470,0,0,,,,0,fist,hold,200.0,dev-0123456789abcdef0123456789abcdef,synthetic-3-fist,29,protocol,synthetic-demo-contract-v1,True,-5.1119330864912085,-5.187218958789474,-5.278599835361818,-5.379196738131279,-5.482506235792204,-5.555622110001552,-5.6681338013539735,-5.742366511633693
1700000002355000000,12355000000,472,471,471,0,0,,,,0,fist,hold,200.0,dev-0123456789abcdef0123456789abcdef,synthetic-3-fist,29,protocol,synthetic-demo-contract-v1,True,4.504801475670687,4.669609920414116,4.818982516068044,4.958293211353948,5.096731677229524,5.263775811918414,5.391691960199128,5.557424815627675
1700000002360000000,12360000000,473,472,472,0,0,,,,0,fist,hold,200.0,dev-0123456789abcdef0123456789abcdef,synthetic-3-fist,29,protocol,synthetic-demo-contract-v1,True,-5.075908863648722,-5.151257699675284,-5.241067497217074,-5.341684231485145,-5.441360610182568,-5.514242755517433,-5.625711591436311,-5.700053458400812
1700000002365000000,12365000000,474,473,473,0,0,,,,0,fist,hold,200.0,dev-0123456789abcdef0123456789abcdef,synthetic-3-fist,29,protocol,synthetic-demo-contract-v1,True,4.545779803107791,4.710026867937304,4.8610877373751515,5.00070730318948,5.143035971155097,5.310140624142408,5.439469178046922,5.605011225303564
1700000002370000000,12370000000,475,474,474,0,0,,,,0,fist,hold,200.0,dev-0123456789abcdef0123456789abcdef,synthetic-3-fist,29,protocol,synthetic-demo-contract-v1,True,-5.030310881041996,-5.106704734287888,-5.194731967826485,-5.294715392796115,-5.39028006457494,-5.463275541100279,-5.572973303928007,-5.647589696255115
1700000002375000000,12375000000,476,475,475,0,0,,,,0,fist,hold,200.0,dev-0123456789abcdef0123456789abcdef,synthetic-3-fist,29,protocol,synthetic-demo-contract-v1,True,4.595619919808674,4.758363366107512,4.911276852995671,5.051846390276906,5.1984709058343785,5.36528899318277,5.496733895168085,5.661915822336069
1700000002380000000,12380000000,477,476,476,0,0,,,,0,fist,hold,200.0,dev-0123456789abcdef0123456789abcdef,synthetic-3-fist,29,protocol,synthetic-demo-contract-v1,True,-4.976646086007833,-5.054967333227455,-5.141097096759241,-5.239825074435928,-5.3309485653435535,-5.4044019758145625,-5.5116539148288535,-5.586717673949905
1700000002385000000,12385000000,478,477,477,0,0,,,,0,fist,hold,200.0,dev-0123456789abcdef0123456789abcdef,synthetic-3-fist,29,protocol,synthetic-demo-contract-v1,True,4.652655569333646,4.81309179683439,4.967921825721043,5.1100378314189125,5.261208964257769,5.427400854658585,5.561602970191391,5.726248895632861
1700000002390000000,12390000000,479,478,478,0,0,,,,0,fist,hold,200.0,dev-0123456789abcdef0123456789abcdef,synthetic-3-fist,29,protocol,synthetic-demo-contract-v1,True,-4.91672580955234,-4.997681876082237,-5.081901991289383,-5.178810025179542,-5.265322087085978,-5.339565633988118,-5.443769206287036,-5.519458687985045
1700000002395000000,12395000000,480,479,479,0,0,,,,0,fist,hold,200.0,dev-0123456789abcdef0123456789abcdef,synthetic-3-fist,29,protocol,synthetic-demo-contract-v1,True,4.714946166417003,4.872479450787668,5.029186481873364,5.173375480904305,5.3291818681891385,5.494425194586346,5.631944594137112,5.795874330998248
1700000002400000000,12400000000,481,480,480,0,0,,,,0,fist,hold,200.0,dev-0123456789abcdef0123456789abcdef,synthetic-3-fist,29,protocol,synthetic-demo-contract-v1,True,-4.852602633320223,-4.936664210180395,-5.019065112972,-5.113670167849408,-5.195564130237268,-5.2709080068981775,-5.371549447827499,-5.448045950619675
1700000002405000000,12405000000,482,481,481,0,0,,,,0,fist,hold,200.0,dev-0123456789abcdef0123456789abcdef,synthetic-3-fist,29,protocol,synthetic-demo-contract-v1,True,4.7803456608801485,4.934641202876826,5.09308550812026,5.239782040032273,5.400148762852613,5.564147758576287,5.70544841072191,5.868480342922705
1700000002410000000,12410000000,483,482,482,0,0,,,,0,fist,hold,200.0,dev-0123456789abcdef0123456789abcdef,synthetic-3-fist,29,protocol,synthetic-demo-contract-v1,True,-4.786496463341005,-4.873854306382704,-4.954622655694509,-5.046543128682136,-5.123974397204101,-5.200697792538939,-5.2973660526804345,-5.374850644026372
1700000002415000000,12415000000,484,483,483,0,0,,,,0,fist,hold,200.0,dev-0123456789abcdef0123456789abcdef,synthetic-3-fist,29,protocol,synthetic-demo-contract-v1,True,4.846580787902423,4.997597138768796,5.157548209703035,5.30707711075931,5.471770090929933,5.634264178342668,5.779701478743125,5.941656022128349
1700000002420000000,12420000000,485,484,484,0,0,,,,0,fist,hold,200.0,dev-0123456789abcdef0123456789abcdef,synthetic-3-fist,29,protocol,synthetic-demo-contract-v1,True,-4.720712755145603,-4.811256755496298,-4.890663156830909,-4.979634158418078,-5.0529129783444455,-5.131255957668911,-5.22365362283799,-5.3023034049477245
1700000002425000000,12425000000,486,485,485,0,0,,,,0,fist,hold,200.0,dev-0123456789abcdef0123456789abcdef,synthetic-3-fist,29,protocol,synthetic-demo-contract-v1,True,4.911335516754197,5.059333513720033,5.220485011349101,5.373048725031849,5.541684720473011,5.702456101187553,5.85226757709147,6.012971168507587
1700000002430000000,12430000000,487,486,486,0,0,,,,0,fist,hold,200.0,dev-0123456789abcdef0123456789abcdef,synthetic-3-fist,29,protocol,synthetic-demo-contract-v1,True,-4.657556282705159,-4.750878790202771,-4.829260411684974,-4.9151437397706825,-4.98472254714468,-5.0648790466562925,-5.152829947499209,-5.232813835287388
1700000002435000000,12435000000,488,487,487,0,0,,,,0,fist,hold,200.0,dev-0123456789abcdef0123456789abcdef,synthetic-3-fist,29,protocol,synthetic-demo-contract-v1,True,4.97233814322276,5.117865302247516,5.279854595266514,5.435526005722379,5.6075877840647665,5.766467808226556,5.920767243672787,6.0800567704245
1700000002440000000,12440000000,489,488,488,0,0,,,,0,fist,hold,200.0,dev-0123456789abcdef0123456789abcdef,synthetic-3-fist,29,protocol,synthetic-demo-contract-v1,True,-4.599244123185431,-4.694667620368717,-4.772406815922845,-4.855195255564221,-4.921651129576703,-5.003763270271576,-5.087216586170899,-5.168690699432483
1700000002445000000,12445000000,490,489,489,0,0,,,,0,fist,hold,200.0,dev-0123456789abcdef0123456789abcdef,synthetic-3-fist,29,protocol,synthetic-demo-contract-v1,True,5.027447283769447,5.171298515150551,5.333729548895389,5.492450574160048,5.667306663113777,5.824180790244559,5.982955916117601,6.140683469828074
1700000002450000000,12450000000,491,490,490,0,0,,,,0,fist,hold,200.0,dev-0123456789abcdef0123456789abcdef,synthetic-3-fist,29,protocol,synthetic-demo-contract-v1,True,-4.547821620764596,-4.644448929517856,-4.721949249438915,-4.801765093676282,-4.865777993688584,-4.949931882561864,-5.028962647699887,-5.112065446601667
1700000002455000000,12455000000,492,491,491,0,0,,,,0,fist,hold,200.0,dev-0123456789abcdef0123456789abcdef,synthetic-3-fist,29,protocol,synthetic-demo-contract-v1,True,5.074733036228139,5.217890423663441,5.3803584392693296,5.541944356531589,5.718872612317321,5.873683816777146,6.036797605374061,6.192835418966585
1700000002460000000,12460000000,493,492,492,0,0,,,,0,fist,hold,200.0,dev-0123456789abcdef0123456789abcdef,synthetic-3-fist,29,protocol,synthetic-demo-contract-v1,True,-4.505084987419142,-4.601868392798631,-4.67952953830219,-4.756617488771094,-4.818945102617935,-4.905168246086978,-4.979974270596199,-5.064821586882655
1700000002465000000,12465000000,494,493,493,0,0,,,,0,fist,hold,200.0,dev-0123456789abcdef0123456789abcdef,synthetic-3-fist,29,protocol,synthetic-demo-contract-v1,True,5.1125497747543465,5.2561058430399905,5.418222339707124,5.582371555857165,5.760585663057578,5.913336182127821,6.0805316810168355,6.234777086507852
1700000002470000000,12470000000,495,494,494,0,0,,,,0,fist,hold,200.0,dev-0123456789abcdef0123456789abcdef,synthetic-3-fist,29,protocol,synthetic-demo-contract-v1,True,-4.472513900692742,-4.56833803840509,-4.646531391281687,-4.721246249005067,-4.782696390808541,-4.870956798643563,-4.9418521216719835,-5.028532256478915
1700000002475000000,12475000000,496,495,495,0,0,,,,0,fist,hold,200.0,dev-0123456789abcdef0123456789abcdef,synthetic-3-fist,29,protocol,synthetic-demo-contract-v1,True,5.139597435539876,5.284667692742738,5.44608400496103,5.612392744216437,5.791070666068272,5.941822036681521,6.112730574479538,6.2651108035470235
1700000002480000000,12480000000,497,496,496,0,0,,,,0,fist,hold,200.0,dev-0123456789abcdef0123456789abcdef,synthetic-3-fist,29,protocol,synthetic-demo-contract-v1,True,-4.4512169842593305,-4.544989182559742,-4.624035508038864,-4.696825293257528,-4.758226865304085,-4.848433874309482,-4.915838965484954,-5.004408037398085
1700000002485000000,12485000000,498,497,497,0,0,,,,0,fist,hold,200.0,dev-0123456789abcdef0123456789abcdef,synthetic-3-fist,29,protocol,synthetic-demo-contract-v1,True,5.154968702540165,5.302600169538007,5.463028117889362,5.631009285390858,5.809322625819744,5.958194005663745,6.1323465059291244,6.282823145646836
1700000002490000000,12490000000,499,498,498,0,0,,,,0,fist,hold,200.0,dev-0123456789abcdef0123456789abcdef,synthetic-3-fist,29,protocol,synthetic-demo-contract-v1,True,-4.4418924339343056,-4.532633521656109,-4.612784303286641,-4.684169638153995,-4.746343210090669,-4.838350006782872,-4.902779025063791,-4.993256758301761
1700000002495000000,12495000000,500,499,499,0,0,,,,0,fist,hold,200.0,dev-0123456789abcdef0123456789abcdef,synthetic-3-fist,29,protocol,synthetic-demo-contract-v1,True,5.158180186846071,5.309263043579377,5.4684913074742605,5.637596612846365,5.814739832089054,5.961904650738899,6.138745702270633,6.287318615619935
1700000002500000000,12500000000,501,500,500,0,0,,,,0,fist,hold,200.0,dev-0123456789abcdef0123456789abcdef,synthetic-3-fist,29,protocol,synthetic-demo-contract-v1,True,-4.444805316310169,-4.531733764451157,-4.613157392564826,-4.683708133477807,-4.747437192240165,-4.84104496427742,-4.903090465851593,-4.995456607666346
1700000002505000000,12505000000,502,501,501,0,0,,,,0,fist,hold,200.0,dev-0123456789abcdef0123456789abcdef,synthetic-3-fist,29,protocol,synthetic-demo-contract-v1,True,5.149186469006285,5.304375814604761,5.462280956312093,5.631925251790163,5.807143696470553,5.9528247308939015,6.131728985875587,6.27843951106813
1700000002510000000,12510000000,503,502,502,0,0,,,,0,fist,hold,200.0,dev-0123456789abcdef0123456789abcdef,synthetic-3-fist,29,protocol,synthetic-demo-contract-v1,True,-4.459782262790935,-4.5423849346694505,-4.625158649713762,-4.695468860587115,-4.761472746570968,-4.85643634515756,-4.916751902536893,-5.01094345083051
1700000002515000000,12515000000,504,503,503,0,0,,,,0,fist,hold,200.0,dev-0123456789abcdef0123456789abcdef,synthetic-3-fist,29,protocol,synthetic-demo-contract-v1,True,5.128376694891799,5.288030742269832,5.444582165999595,5.614168875045639,5.786784639878965,5.931247654684448,6.111538062487704,6.256471316902553
1700000002520000000,12520000000,505,504,504,0,0,,,,0,fist,hold,200.0,dev-0123456789abcdef0123456789abcdef,synthetic-3-fist,29,protocol,synthetic-demo-contract-v1,True,-4.48622345564708,-4.56430717450354,-4.648415283759304,-4.719077693693846,-4.7879871646046235,-4.884022115913195,-4.943303366691916,-5.0392127734322045
1700000002525000000,12525000000,506,505,505,0,0,,,,0,fist,hold,200.0,dev-0123456789abcdef0123456789abcdef,synthetic-3-fist,29,protocol,synthetic-demo-contract-v1,True,5.096554234731923,5.260694085832644,5.41595262052386,5.584899107601435,5.754333836952375,5.897879971758078,6.078847307588672,6.222133441126597
1700000002530000000,12530000000,507,506,506,0,0,,,,0,fist,hold,200.0,dev-0123456789abcdef0123456789abcdef,synthetic-3-fist,29,protocol,synthetic-demo-contract-v1,True,-4.523131002532546,-4.596850538928043,-4.682189004759349,-4.753770091885131,-4.826106348622127,-4.922897012753076,-4.9818616971141525,-5.079336190647635
1700000002535000000,12535000000,508,507,507,0,0,,,,0,fist,hold,200.0,dev-0123456789abcdef0123456789abcdef,synthetic-3-fist,29,protocol,synthetic-demo-contract-v1,True,5.054900684967309,5.223195246136728,5.377305469505555,5.545067229983022,5.71086108951641,5.85381821256589,6.034741327797569,6.17655559629234
1700000002540000000,12540000000,509,508,508,0,0,,,,0,fist,hold,200.0,dev-0123456789abcdef0123456789abcdef,synthetic-3-fist,29,protocol,synthetic-demo-contract-v1,True,-4.569152066734309,-4.63901189831712,-4.72539896578243,-4.798415754738469,-4.874573627941228,-4.971782270233613,-5.031149840146572,-5.129991980480559
1700000002545000000,12545000000,510,509,509,0,0,,,,0,fist,hold,200.0,dev-0123456789abcdef0123456789abcdef,synthetic-3-fist,29,protocol,synthetic-demo-contract-v1,True,5.0049261710130155,5.17670388724513,5.329880733204442,5.495973361779974,5.657799558552555,5.800512836114734,5.980679041913591,6.121240603261691
1700000002550000000,12550000000,511,510,510,0,0,,,,0,fist,hold,200.0,dev-0123456789abcdef0123456789abcdef,synthetic-3-fist,29,protocol,synthetic-demo-contract-v1,True,-4.622634501617077,-4.689463673421823,-4.776655793403966,-4.851555350595361,-4.931791187431861,-5.029067700052609,-5.0895390896603,-5.189508635994941
1700000002555000000,12555000000,512,511,511,0,0,,,,0,fist,hold,200.0,dev-0123456789abcdef0123456789abcdef,synthetic-3-fist,29,protocol,synthetic-demo-contract-v1,True,4.948408460380107,5.1226955143793065,5.275206097777281,5.439224119553171,5.596898517347643,5.739720471603437,5.918445469585165,6.058014842561505
1700000002560000000,12560000000,513,512,512,0,0,,,,0,fist,hold,200.0,dev-0123456789abcdef0123456789abcdef,synthetic-3-fist,29,protocol,synthetic-demo-contract-v1,True,-4.681692260412434,-4.746593724938981,-4.834305663610009,-4.911448127973922,-4.995872742500706,-5.0928647349661595,-5.15510287088379,-5.255920001133811
1700000002565000000,12565000000,514,513,513,0,0,,,,0,fist,hold,200.0,dev-0123456789abcdef0123456789abcdef,synthetic-3-fist,29,protocol,synthetic-demo-contract-v1,True,4.887323793604509,5.062906385662934,5.21504831087696,5.376680124325975,5.53016568340596,5.673446026759367,5.850092819706993,5.988967986905619
1700000002570000000,12570000000,515,514,514,0,0,,,,0,fist,hold,200.0,dev-0123456789abcdef0123456789abcdef,synthetic-3-fist,29,protocol,synthetic-demo-contract-v1,True,-4.744277537695995,-4.808555323663904,-4.896483055016987,-4.976128860382418,-5.064705724014826,-5.161068690216189,-5.2256802928564134,-5.32703017182762
1700000002575000000,12575000000,516,515,515,0,0,,,,0,fist,hold,200.0,dev-0123456789abcdef0123456789abcdef,synthetic-3-fist,29,protocol,synthetic-demo-contract-v1,True,4.823772569595454,4.999279023085001,5.151356693438291,5.310395070331427,5.459801030261031,5.603876570858499,5.777872822213997,5.916384002884165
1700000002580000000,12580000000,517,516,516,0,0,,,,0,fist,hold,200.0,dev-0123456789abcdef0123456789abcdef,synthetic-3-fist,29,protocol,synthetic-demo-contract-v1,True,-4.808256456371436,-4.873325751400581,-4.961170527258085,-5.0434722648752555,-5.136020923121238,-5.231428189868694,-5.298947373451987,-5.400486021112341
1700000002585000000,12585000000,518,517,517,0,0,,,,0,fist,hold,200.0,dev-0123456789abcdef0123456789abcdef,synthetic-3-fist,29,protocol,synthetic-demo-contract-v1,True,4.759903078345487,4.933899948035406,5.086200543533579,5.242548347478327,5.388124261205397,5.533309172693411,5.704162534395602,5.842665698686209
1700000002590000000,12590000000,519,518,518,0,0,,,,0,fist,hold,200.0,dev-0123456789abcdef0123456789abcdef,synthetic-3-fist,29,protocol,synthetic-demo-contract-v1,True,-4.871485141997801,-4.938771742499156,-5.026263638518811,-5.111262785376788,-5.207467299989844,-5.30161946814425,-5.3724935892080365,-5.473854954620483
1700000002595000000,12595000000,520,519,519,0,0,,,,0,fist,hold,200.0,dev-0123456789abcdef0123456789abcdef,synthetic-3-fist,29,protocol,synthetic-demo-contract-v1,True,4.697836364769001,4.868931583752822,5.021702413920304,5.1753734257523645,5.3174983359033945,5.464075074141822,5.631386066747607,5.7702553084810635
1700000002600000000,12600000000,521,520,520,0,0,,,,0,fist,hold,200.0,dev-0123456789abcdef0123456789abcdef,synthetic-3-fist,29,protocol,synthetic-demo-contract-v1,True,-4.931883212184013,-5.002719685787483,-5.08963894034713,-5.177267451422095,-5.2766894902685895,-5.369323094026992,-5.4439012278778804,-5.544705329416903
1700000002605000000,12605000000,522,521,521,0,0,,,,0,fist,hold,200.0,dev-0123456789abcdef0123456789abcdef,synthetic-3-fist,29,protocol,synthetic-demo-contract-v1,True,4.639595050427172,4.806540526837928,4.959969389346314,5.1110843532425685,5.250251570976212,5.398462701846923,5.5619348066899015,5.701553735669829
1700000002610000000,12610000000,523,522,522,0,0,,,,0,fist,hold,200.0,dev-0123456789abcdef0123456789abcdef,synthetic-3-fist,29,protocol,synthetic-demo-contract-v1,True,-4.987502030297155,-5.063028280341486,-5.149222876131553,-5.239309417614524,-5.341405454104663,-5.432300586530267,-5.510824930413271,-5.610686880461883
1700000002615000000,12615000000,524,523,523,0,0,,,,0,fist,hold,200.0,dev-0123456789abcdef0123456789abcdef,synthetic-3-fist,29,protocol,synthetic-demo-contract-v1,True,4.587038561340827,4.748824579861912,4.903024567649138,5.051802785798341,5.1886008826600865,5.338642058803007,5.49808876683987,5.638841122274499
1700000002620000000,12620000000,525,524,524,0,0,,,,0,fist,hold,200.0,dev-0123456789abcdef0123456789abcdef,synthetic-3-fist,29,protocol,synthetic-demo-contract-v1,True,-5.036585500129668,-5.117661187772847,-5.203059366222738,-5.295339762408084,-5.399481707885474,-5.488468390671686,-5.571068803963792,-5.669608497937992
1700000002625000000,12625000000,526,525,525,0,0,,,,0,fist,hold,200.0,dev-0123456789abcdef0123456789abcdef,synthetic-3-fist,29,protocol,synthetic-demo-contract-v1,True,4.541806742583377,4.697741046417923,4.852740957023303,4.999487953127624,5.134578701987959,5.286592993023948,5.441941646376959,5.584201368755165
1700000002630000000,12630000000,527,526,526,0,0,,,,0,fist,hold,200.0,dev-0123456789abcdef0123456789abcdef,synthetic-3-fist,29,protocol,synthetic-demo-contract-v1,True,-5.077621676696989,-5.164757157816896,-5.24937388967217,-5.343505177838314,-5.449003658543453,-5.535966770405379,-5.622658568588176,-5.719510785325738
1700000002635000000,12635000000,528,527,527,0,0,,,,0,fist,hold,200.0,dev-0123456789abcdef0123456789abcdef,synthetic-3-fist,29,protocol,synthetic-demo-contract-v1,True,4.505273320077598,4.655038810860299,4.810779939517913,4.955871873704596,5.089965971873268,5.244039713404378,5.395332070646608,5.539453098938019
1700000002640000000,12640000000,529,528,528,0,0,,,,0,fist,hold,200.0,dev-0123456789abcdef0123456789abcdef,synthetic-3-fist,29,protocol,synthetic-demo-contract-v1,True,-5.109384001073637,-5.202695129255057,-5.286631969886832,-5.382209312974289,-5.488338721721823,-5.573221341655454,-5.663906365013418,-5.758730999613085
1700000002645000000,12645000000,530,529,529,0,0,,,,0,fist,hold,200.0,dev-0123456789abcdef0123456789abcdef,synthetic-3-fist,29,protocol,synthetic-demo-contract-v1,True,4.478510133910114,4.622196652877221,4.778536319066933,4.922401962039289,5.05623343497317,5.212393717532143,5.359783269622476,5.5060893527579005
1700000002650000000,12650000000,531,530,530,0,0,,,,0,fist,hold,200.0,dev-0123456789abcdef0123456789abcdef,synthetic-3-fist,29,protocol,synthetic-demo-contract-v1,True,-5.130961497913944,-5.230151927381262,-5.313590136836514,-5.410165738995455,-5.5161901429922064,-5.598995210709057,-5.693466093501129,-5.785958225733443
1700000002655000000,12655000000,532,531,531,0,0,,,,0,fist,hold,200.0,dev-0123456789abcdef0123456789abcdef,synthetic-3-fist,29,protocol,synthetic-demo-contract-v1,True,4.462262550346263,4.600370081048929,4.757091774567711,4.900192932068636,5.034493147887327,5.19270701932922,5.336453176937471,5.4852280021474815
1700000002660000000,12660000000,533,532,532,0,0,,,,0,fist,hold,200.0,dev-0123456789abcdef0123456789abcdef,synthetic-3-fist,29,protocol,synthetic-demo-contract-v1,True,-5.1417777702490755,-5.246150391281113,-5.329337667291565,-5.426440776310385,-5.531639747806233,-5.612429992592234,-5.710377466666245,-5.800276958989124
1700000002665000000,12665000000,534,533,533,0,0,,,,0,fist,hold,200.0,dev-0123456789abcdef0123456789abcdef,synthetic-3-fist,29,protocol,synthetic-demo-contract-v1,True,4.456935991760693,4.590348712669315,4.747178280280773,4.889989597408241,5.025461820118019,5.185637225102495,5.326096587117952,5.477574532107081
1700000002670000000,12670000000,535,534,534,0,0,,,,0,fist,hold,200.0,dev-0123456789abcdef0123456789abcdef,synthetic-3-fist,29,protocol,synthetic-demo-contract-v1,True,-5.141599060246105,-5.250096064135425,-5.333327690312838,-5.430484755193588,-5.53417821084851,-5.613074350478229,-5.71409733161499,-5.801197651234239
1700000002675000000,12675000000,536,535,535,0,0,,,,0,fist,hold,200.0,dev-0123456789abcdef0123456789abcdef,synthetic-3-fist,29,protocol,synthetic-demo-contract-v1,True,4.462593128385639,4.592525886331219,4.749152744712619,4.892141812808716,5.029437186391791,5.191425616053892,5.3290406107674,5.483398421407529
1700000002680000000,12680000000,537,536,536,0,0,,,,0,fist,hold,200.0,dev-0123456789abcdef0123456789abcdef,synthetic-3-fist,29,protocol,synthetic-demo-contract-v1,True,-5.130531997295085,-5.241800958665191,-5.325396579340827,-5.422150660233356,-5.523721846904743,-5.60089910859028,-5.704517236735087,-5.788673206371441
1700000002685000000,12685000000,538,537,537,0,0,,,,0,fist,hold,200.0,dev-0123456789abcdef0123456789abcdef,synthetic-3-fist,29,protocol,synthetic-demo-contract-v1,True,4.47896096848579,4.606881779900829,4.762983764559924,4.9065924030259165,5.046288191273532,5.209888966404262,5.345174228871813,5.502523908948885
1700000002690000000,12690000000,539,538,538,0,0,,,,0,fist,hold,200.0,dev-0123456789abcdef0123456789abcdef,synthetic-3-fist,29,protocol,synthetic-demo-contract-v1,True,-5.109011915060327,-5.221493355095768,-5.30577092453259,-5.401699523068985,-5.50061536970241,-5.576298433895998,-5.681966672030023,-5.76310087409177
1700000002695000000,12695000000,540,539,539,0,0,,,,0,fist,hold,200.0,dev-0123456789abcdef0123456789abcdef,synthetic-3-fist,29,protocol,synthetic-demo-contract-v1,True,4.505446870843332,4.632980833837082,4.788251003177256,4.932878498481383,5.075459309655682,5.240425373169169,5.373952282601685,5.534335457305308
1700000002700000000,12700000000,541,540,540,0,0,,,,0,fist,hold,200.0,dev-0123456789abcdef0123456789abcdef,synthetic-3-fist,29,protocol,synthetic-demo-contract-v1,True,-5.077782784874718,-5.189813084763472,-5.275061777880565,-5.369792363864477,-5.465620527773615,-5.540077041543456,-5.647201884086531,-5.725309472476943
1700000002705000000,12705000000,542,541,541,0,0,,,,0,fist,hold,200.0,dev-0123456789abcdef0123456789abcdef,synthetic-3-fist,29,protocol,synthetic-demo-contract-v1,True,4.541162383081907,4.669983765636591,4.824157295539528,4.970146255576478,5.115988860689496,5.282033911233732,5.414413759287525,5.577797740078596
1700000002710000000,12710000000,543,542,542,0,0,,,,0,fist,hold,200.0,dev-0123456789abcdef0123456789abcdef,synthetic-3-fist,29,protocol,synthetic-demo-contract-v1,True,-5.037869890377061,-5.147792280181079,-5.234246276485966,-5.3274689253810905,-5.419890991980303,-5.493423840296161,-5.601380642035488,-5.676532354202323
1700000002715000000,12715000000,544,543,543,0,0,,,,0,fist,hold,200.0,dev-0123456789abcdef0123456789abcdef,synthetic-3-fist,29,protocol,synthetic-demo-contract-v1,True,4.584953771251188,4.71667392510089,4.869553166810495,5.017178497867679,5.16654071140514,5.333347470964321,5.465213764324956,5.631489500353507
1700000002720000000,12720000000,545,544,544,0,0,,,,0,fist,hold,200.0,dev-0123456789abcdef0123456789abcdef,synthetic-3-fist,29,protocol,synthetic-demo-contract-v1,True,-4.990546371159765,-5.096822111564459,-5.184637162872324,-5.2761138797562355,-5.3649343225818455,-5.437872881961927,-5.546023793550033,-5.61836700165732
1700000002725000000,12725000000,546,545,545,0,0,,,,0,fist,hold,200.0,dev-0123456789abcdef0123456789abcdef,synthetic-3-fist,29,protocol,synthetic-demo-contract-v1,True,4.6354381336626185,4.77149720322714,4.922973042845668,5.072434387087526,5.22544832485106,5.392677700231109,5.524668118137582,5.693650169609621
1700000002730000000,12730000000,547,546,546,0,0,,,,0,fist,hold,200.0,dev-0123456789abcdef0123456789abcdef,synthetic-3-fist,29,protocol,synthetic-demo-contract-v1,True,-4.937294710483144,-5.038606558991233,-5.127841121907312,-5.21741160275602,-5.302562269672254,-5.375252898199279,-5.482964884778629,-5.552722577812707
1700000002735000000,12735000000,548,547,547,0,0,,,,0,fist,hold,200.0,dev-0123456789abcdef0123456789abcdef,synthetic-3-fist,29,protocol,synthetic-demo-contract-v1,True,4.691044064182546,4.83261419150271,4.982682041706008,5.1340998343404145,5.290769700622815,5.458070572771707,5.590809101833567,5.76223771500754
1700000002740000000,12740000000,549,548,548,0,0,,,,0,fist,hold,200.0,dev-0123456789abcdef0123456789abcdef,synthetic-3-fist,29,protocol,synthetic-demo-contract-v1,True,-4.879764156221745,-4.975104766891612,-5.065707228460832,-5.153290989606583,-5.234831045426676,-5.307627085275054,-5.4142895108141955,-5.481757157541359
1700000002745000000,12745000000,550,549,549,0,0,,,,0,fist,hold,200.0,dev-0123456789abcdef0123456789abcdef,synthetic-3-fist,29,protocol,synthetic-demo-contract-v1,True,4.750055923888928,4.897962814551945,5.046731878557015,5.200147004939427,5.360351396563325,5.52737075351147,5.661450508515672,5.834995811940163
1700000002750000000,12750000000,551,550,550,0,0,,,,0,fist,hold,200.0,dev-0123456789abcdef0123456789abcdef,synthetic-3-fist,29,protocol,synthetic-demo-contract-v1,True,-4.819724968447558,-4.908463972698779,-5.000267135727458,-5.085862117922096,-5.163973537195051,-5.237225119877231,-5.342266400926008,-5.407806705206995
1700000002755000000,12755000000,552,551,551,0,0,,,,0,fist,hold,200.0,dev-0123456789abcdef0123456789abcdef,synthetic-3-fist,29,protocol,synthetic-demo-contract-v1,True,4.810660872336145,4.965329247411849,5.113024104323538,5.268400967156077,5.431899521038662,5.5982926403808175,5.734259851412536,5.90952813037247
1700000002760000000,12760000000,553,552,552,0,0,,,,0,fist,hold,200.0,dev-0123456789abcdef0123456789abcdef,synthetic-3-fist,29,protocol,synthetic-demo-contract-v1,True,-4.759020303215458,-4.840945375264097,-4.933668919630291,-5.017346835685232,-5.092325696165926,-5.166369646296243,-5.269272514220025,-5.333308137410842
1700000002765000000,12765000000,554,553,553,0,0,,,,0,fist,hold,200.0,dev-0123456789abcdef0123456789abcdef,synthetic-3-fist,29,protocol,synthetic-demo-contract-v1,True,4.8709978804730865,5.032424596901868,5.179378642017944,5.336611295759991,5.5030553553953165,5.668495740958677,5.806835345148557,5.983377287970139
1700000002770000000,12770000000,555,554,554,0,0,,,,0,fist,hold,200.0,dev-0123456789abcdef0123456789abcdef,synthetic-3-fist,29,protocol,synthetic-demo-contract-v1,True,-4.6995164882418194,-4.774845594829449,-4.868106719840151,-4.9500055565716545,-5.022249528336771,-5.097399658666333,-5.197714617721928,-5.260719005806501
1700000002775000000,12775000000,556,555,555,0,0,,,,0,fist,hold,200.0,dev-0123456789abcdef0123456789abcdef,synthetic-3-fist,29,protocol,synthetic-demo-contract-v1,True,4.929207981072217,5.096964589189638,5.243605392935084,5.402526273677315,5.571473113562263,5.735661898247902,5.876785120277729,6.0541058681239015
1700000002780000000,12780000000,557,556,556,0,0,,,,0,fist,hold,200.0,dev-0123456789abcdef0123456789abcdef,synthetic-3-fist,29,protocol,synthetic-demo-contract-v1,True,-4.64305243472001,-4.7124165621880625,-4.805748474481296,-4.886062674245065,-4.956055226538456,-5.032593305429741,-5.129949933649637,-5.192436447375439
1700000002785000000,12785000000,558,557,557,0,0,,,,0,fist,hold,200.0,dev-0123456789abcdef0123456789abcdef,synthetic-3-fist,29,protocol,synthetic-demo-contract-v1,True,4.9834850001985656,5.1567493735078145,5.3035765650716815,5.463967245085905,5.634897275306054,5.797571817831713,5.941806058794647,6.119376831839899
1700000002790000000,12790000000,559,558,558,0,0,,,,0,fist,hold,200.0,dev-0123456789abcdef0123456789abcdef,synthetic-3-fist,29,protocol,synthetic-demo-contract-v1,True,-4.591388966100446,-4.655786751511459,-4.748664127508931,-4.827633057148568,-4.8959250105783045,-4.974092663308481,-5.06820847210273,-5.130718074769955
1700000002795000000,12795000000,560,559,559,0,0,,,,0,fist,hold,200.0,dev-0123456789abcdef0123456789abcdef,synthetic-3-fist,29,protocol,synthetic-demo-contract-v1,True,5.0321259528760045,5.209740531457937,5.357297333047829,5.518900663933573,5.691236943702631,5.852178370646502,5.999759652062515,6.177030671387876
1700000002800000000,12800000000,561,560,560,0,0,,,,0,fist,hold,200.0,dev-0123456789abcdef0123456789abcdef,synthetic-3-fist,29,protocol,synthetic-demo-contract-v1,True,-4.546158927414878,-4.606886635081956,-4.698756691396018,-4.776652053962186,-4.843841186254892,-4.923832964148453,-5.01451960860328,-5.0776074164240885
1700000002805000000,12805000000,562,561,561,0,0,,,,0,fist,hold,200.0,dev-0123456789abcdef0123456789abcdef,synthetic-3-fist,29,protocol,synthetic-demo-contract-v1,True,5.073580183292943,5.254132474159625,5.40297247485154,5.565505453693223,5.738634775491716,5.897674250939525,6.048742381981357,6.225156759976086
1700000002810000000,12810000000,563,562,562,0,0,,,,0,fist,hold,200.0,dev-0123456789abcdef0123456789abcdef,synthetic-3-fist,29,protocol,synthetic-demo-contract-v1,True,-4.508819058428754,-4.567381089541015,-4.657698472091123,-4.734811328148763,-4.8015207949145555,-4.883478612117376,-4.970645324776616,-5.034866367158175
1700000002815000000,12815000000,564,563,563,0,0,,,,0,fist,hold,200.0,dev-0123456789abcdef0123456789abcdef,synthetic-3-fist,29,protocol,synthetic-demo-contract-v1,True,5.106496197254039,5.288415612563979,5.439066745638668,5.602233444953105,5.775528211894922,5.9325517542145585,6.087148307954927,6.262156542069072
1700000002820000000,12820000000,565,564,564,0,0,,,,0,fist,hold,200.0,dev-0123456789abcdef0123456789abcdef,synthetic-3-fist,29,protocol,synthetic-demo-contract-v1,True,-4.480604754824205,-4.538611227731079,-4.626874609792407,-4.703502651396589,-4.770359007950124,-4.854368105676091,-4.938022309643937,-5.003916879850184
1700000002825000000,12825000000,566,565,565,0,0,,,,0,fist,hold,200.0,dev-0123456789abcdef0123456789abcdef,synthetic-3-fist,29,protocol,synthetic-demo-contract-v1,True,5.129764990610763,5.3114289917323525,5.464356939682593,5.627860882361851,5.800700991308269,5.955652699021468,6.113721800282479,6.2867964770265
1700000002830000000,12830000000,567,566,566,0,0,,,,0,fist,hold,200.0,dev-0123456789abcdef0123456789abcdef,synthetic-3-fist,29,protocol,synthetic-demo-contract-v1,True,-4.462488982963268,-4.521547777835259,-4.6073358621584255,-4.683771526362886,-4.75138313234872,-4.837469685833294,-4.917714825817858,-4.985793824984362
1700000002835000000,12835000000,568,567,567,0,0,,,,0,fist,hold,200.0,dev-0123456789abcdef0123456789abcdef,synthetic-3-fist,29,protocol,synthetic-demo-contract-v1,True,5.142558544679991,5.322400475584411,5.477973852856901,5.641529284222293,5.813323245656272,5.966206840796985,6.127598686467809,6.298248985700199
1700000002840000000,12840000000,569,568,568,0,0,,,,0,fist,hold,200.0,dev-0123456789abcdef0123456789abcdef,synthetic-3-fist,29,protocol,synthetic-demo-contract-v1,True,-4.455146731717228,-4.516757696511342,-4.599762262924068,-4.676282187361145,-4.7452187435824635,-4.833349179075376,-4.910379889037671,-4.98111057751116
1700000002845000000,12845000000,570,569,569,0,0,,,,0,fist,hold,200.0,dev-0123456789abcdef0123456789abcdef,synthetic-3-fist,29,protocol,synthetic-demo-contract-v1,True,5.1443620626884,5.320973038490454,5.479432681761447,5.642774287141527,5.812978858555753,5.963857504936795,6.128334459835635,6.296120044390802
1700000002850000000,12850000000,571,570,570,0,0,,,,0,fist,hold,200.0,dev-0123456789abcdef0123456789abcdef,synthetic-3-fist,29,protocol,synthetic-demo-contract-v1,True,-4.458926454820916,-4.524385202792538,-4.6044389376475,-4.681295154033618,-4.752069062335011,-4.84215110166284,-4.916245902707737,-4.990038471556891
1700000002855000000,12855000000,572,571,571,0,0,,,,0,fist,hold,200.0,dev-0123456789abcdef0123456789abcdef,synthetic-3-fist,29,protocol,synthetic-demo-contract-v1,True,5.134998484038978,5.307216244935897,5.4686507715491155,5.631541503164018,5.799679183375986,5.948673587391053,6.115918627130122,6.280462510135938
1700000002860000000,12860000000,573,572,572,0,0,,,,0,fist,hold,200.0,dev-0123456789abcdef0123456789abcdef,synthetic-3-fist,29,protocol,synthetic-demo-contract-v1,True,-4.473829956440314,-4.544147875125356,-4.621244960702415,-4.6986580998650895,-4.771708254949049,-4.863593654937103,-4.935105444839737,-5.012300806903036
1700000002865000000,12865000000,574,573,573,0,0,,,,0,fist,hold,200.0,dev-0123456789abcdef0123456789abcdef,synthetic-3-fist,29,protocol,synthetic-demo-contract-v1,True,5.114643856661287,5.2816225568621995,5.445952040542181,5.608188844759717,5.773862668953501,5.921147520450405,6.090774729337721,6.251774731200343
1700000002870000000,12870000000,575,574,574,0,0,,,,0,fist,hold,200.0,dev-0123456789abcdef0123456789abcdef,synthetic-3-fist,29,protocol,synthetic-demo-contract-v1,True,-4.49950208253065,-4.575347887271548,-4.649655706601386,-4.727810358220859,-4.803488878458069,-4.896977783290329,-4.966322437709941,-5.04718161185515
1700000002875000000,12875000000,576,575,575,0,0,,,,0,fist,hold,200.0,dev-0123456789abcdef0123456789abcdef,synthetic-3-fist,29,protocol,synthetic-demo-contract-v1,True,5.083832287562906,5.245088677423549,5.412057852179344,5.573475219810975,5.736380405300554,5.882179264214135,6.0537460427275835,6.210984481383447
1700000002880000000,12880000000,577,576,576,0,0,,,,0,fist,hold,200.0,dev-0123456789abcdef0123456789abcdef,synthetic-3-fist,29,protocol,synthetic-demo-contract-v1,True,-4.535231388819105,-4.616897892952931,-4.6887586985542065,-4.767800937917993,-4.846363224762941,-4.941210002616281,-5.00885345603719,-5.093548880932524
1700000002885000000,12885000000,578,577,577,0,0,,,,0,fist,hold,200.0,dev-0123456789abcdef0123456789abcdef,synthetic-3-fist,29,protocol,synthetic-demo-contract-v1,True,5.043449436431423,5.198882696742715,5.368064558962367,5.528535949585269,5.688468065820216,5.8330468452444775,6.006067439441767,6.15941874037857
1700000002890000000,12890000000,579,578,578,0,0,,,,0,fist,hold,200.0,dev-0123456789abcdef0123456789abcdef,synthetic-3-fist,29,protocol,synthetic-demo-contract-v1,True,-4.579962658528667,-4.667360526870354,-4.7372825029325725,-4.817319473064655,-4.898917860302298,-4.994838252679634,-5.061282463217096,-5.14989152875424
1700000002895000000,12895000000,580,579,579,0,0,,,,0,fist,hold,200.0,dev-0123456789abcdef0123456789abcdef,synthetic-3-fist,29,protocol,synthetic-demo-contract-v1,True,4.994713866690364,5.144598327494478,5.315408393542634,5.4748457026727335,5.631705171005779,5.775364407904356,5.949324343316965,6.098760308970993
1700000002900000000,12900000000,581,580,580,0,0,,,,0,fist,hold,200.0,dev-0123456789abcdef0123456789abcdef,synthetic-3-fist,29,protocol,synthetic-demo-contract-v1,True,-4.632321743881505,-4.724999992645935,-4.793637775459612,-4.87473910284943,-4.959420222551491,-5.056099596905647,-5.121867822488697,-5.214368849299617
1700000002905000000,12905000000,582,581,581,0,0,,,,0,fist,hold,200.0,dev-0123456789abcdef0123456789abcdef,synthetic-3-fist,29,protocol,synthetic-demo-contract-v1,True,4.939146013546858,5.0840979852054495,5.255818813506899,5.414170152411575,5.567963016573339,5.711029156198936,5.88540014193298,6.0309926819698765
1700000002910000000,12910000000,583,582,582,0,0,,,,0,fist,hold,200.0,dev-0123456789abcdef0123456789abcdef,synthetic-3-fist,29,protocol,synthetic-demo-contract-v1,True,-4.690652718821088,-4.787843775704516,-4.855969148697303,-4.938169880380728,-5.025875737208754,-5.12297820179115,-5.188600025453701,-5.284870857288763
1700000002915000000,12915000000,584,583,583,0,0,,,,0,fist,hold,200.0,dev-0123456789abcdef0123456789abcdef,synthetic-3-fist,29,protocol,synthetic-demo-contract-v1,True,4.878525050974099,5.01944686206018,5.1912618038625435,5.3485079406356375,5.4993429826747455,5.64215893098337,5.8164137961426245,5.958334989118505
1700000002920000000,12920000000,585,584,584,0,0,,,,0,fist,hold,200.0,dev-0123456789abcdef0123456789abcdef,synthetic-3-fist,29,protocol,synthetic-demo-contract-v1,True,-4.75306677882643,-4.853752167503424,-4.922216275258198,-5.00552095877117,-5.096093573092984,-5.193271688391708,-5.259268227444602,-5.359087529362593
1700000002925000000,12925000000,586,585,585,0,0,,,,0,fist,hold,200.0,dev-0123456789abcdef0123456789abcdef,synthetic-3-fist,29,protocol,synthetic-demo-contract-v1,True,4.814834512768158,4.952840449133594,5.123874990757331,5.280024854141571,5.428107257943836,5.571022477037462,5.744649711013716,5.883169142043727
1700000002930000000,12930000000,587,586,586,0,0,,,,0,fist,hold,200.0,dev-0123456789abcdef0123456789abcdef,synthetic-3-fist,29,protocol,synthetic-demo-contract-v1,True,-4.817501737156073,-4.920493029538261,-4.9901820203600336,-5.074569509152594,-5.167758867019106,-5.264663671372641,-5.3315333894715335,-5.434584668884459
1700000002935000000,12935000000,588,587,587,0,0,,,,0,fist,hold,200.0,dev-0123456789abcdef0123456789abcdef,synthetic-3-fist,29,protocol,synthetic-demo-contract-v1,True,4.750198113781414,4.886528169664439,5.055896709165652,5.210982381262802,5.356604262188267,5.49996469650984,5.672482186580898,5.80796158277404
1700000002940000000,12940000000,589,588,588,0,0,,,,0,fist,hold,200.0,dev-0123456789abcdef0123456789abcdef,synthetic-3-fist,29,protocol,synthetic-demo-contract-v1,True,-4.881790380846718,-4.98581906973057,-5.057605542382036,-5.143034099035747,-5.238509037622035,-5.334800096080977,-5.403005609408163,-5.508883899234911
1700000002945000000,12945000000,590,589,589,0,0,,,,0,fist,hold,200.0,dev-0123456789abcdef0123456789abcdef,synthetic-3-fist,29,protocol,synthetic-demo-contract-v1,True,4.686807788825914,4.822735888911414,4.9895913856521705,5.143663005578845,5.287191226308316,5.431329351593122,5.602296944688698,5.7351822079774655
1700000002950000000,12950000000,591,590,590,0,0,,,,0,fist,hold,200.0,dev-0123456789abcdef0123456789abcdef,synthetic-3-fist,29,protocol,synthetic-demo-contract-v1,True,-4.943735402810384,-5.047544854225586,-5.122237820322539,-5.208650108027131,-5.306011672300276,-5.401366857789374,-5.471323087843094,-5.5795441536566015
1700000002955000000,12955000000,592,591,591,0,0,,,,0,fist,hold,200.0,dev-0123456789abcdef0123456789abcdef,synthetic-3-fist,29,protocol,synthetic-demo-contract-v1,True,4.626846479589195,4.763590062471991,4.927173736748324,5.080294705656041,5.2221564817414174,5.367381764493772,5.536412323662939,5.667223136943689
1700000002960000000,12960000000,593,592,592,0,0,,,,0,fist,hold,200.0,dev-0123456789abcdef0123456789abcdef,synthetic-3-fist,29,protocol,synthetic-demo-contract-v1,True,-5.001188157124558,-5.103620833862634,-5.1819170893409625,-5.269244686549127,-5.36804141958943,-5.462166143876131,-5.534230121128689,-5.644241979553474
1700000002965000000,12965000000,594,593,593,0,0,,,,0,fist,hold,200.0,dev-0123456789abcdef0123456789abcdef,synthetic-3-fist,29,protocol,synthetic-demo-contract-v1,True,4.572408616525565,4.711046177344608,4.870734338468197,5.022977159949765,5.163644021307237,5.310234063966018,5.47700274245012,5.606319997349398
1700000002970000000,12970000000,595,594,594,0,0,,,,0,fist,hold,200.0,dev-0123456789abcdef0123456789abcdef,synthetic-3-fist,29,protocol,synthetic-demo-contract-v1,True,-5.052128129029971,-5.152201821818711,-5.234641633952926,-5.322808774398373,-5.422553352063712,-5.515188980698787,-5.589651547324266,-5.700848013326547
1700000002975000000,12975000000,596,595,595,0,0,,,,0,fist,hold,200.0,dev-0123456789abcdef0123456789abcdef,synthetic-3-fist,29,protocol,synthetic-demo-contract-v1,True,4.52542152960187,4.666823935356551,4.822169090450822,4.973612103439966,5.1135828184470835,5.261775444817619,5.4260269599122655,5.554478320785398
1700000002980000000,12980000000,597,596,596,0,0,,,,0,fist,hold,200.0,dev-0123456789abcdef0123456789abcdef,synthetic-3-fist,29,protocol,synthetic-demo-contract-v1,True,-5.094739799574133,-5.191707608326747,-5.278637464038431,-5.367563789507227,-5.467750381219287,-5.558681590971741,-5.635761188835892,-5.747497107098034
1700000002985000000,12985000000,598,597,597,0,0,,,,0,fist,hold,200.0,dev-0123456789abcdef0123456789abcdef,synthetic-3-fist,29,protocol,synthetic-demo-contract-v1,True,4.487571152428028,4.63235133753543,4.783114979554982,4.933840148808754,5.073623234982026,5.223609742568036,5.3851634956885235,5.513407472575216
1700000002990000000,12990000000,599,598,598,0,0,,,,0,fist,hold,200.0,dev-0123456789abcdef0123456789abcdef,synthetic-3-fist,29,protocol,synthetic-demo-contract-v1,True,-5.127483539484273,-5.220873727579037,-5.312418559694238,-5.4020207701961604,-5.502142501880844,-5.591203370510782,-5.671042034679574,-5.782649796926226
1700000002995000000,12995000000,600,599,599,0,0,,,,0,fist,hold,200.0,dev-0123456789abcdef0123456789abcdef,synthetic-3-fist,29,protocol,synthetic-demo-contract-v1,True,4.460235341306141,4.608719464442013,4.754894345883114,4.904986174286204,5.04508261382771,5.197002385231926,5.355755341713652,5.484464293077072
1700000003000000000,13000000000,601,600,600,0,0,,,,0,fist,hold,200.0,dev-0123456789abcdef0123456789abcdef,synthetic-3-fist,29,protocol,synthetic-demo-contract-v1,True,-5.149157299857547,-5.238790785738394,-5.334837612194124,-5.425030000931141,-5.524595913027977,-5.611674568592979,-5.694336178845072,-5.805143086501024
1700000003005000000,13005000000,602,601,601,0,0,,,,0,fist,hold,200.0,dev-0123456789abcdef0123456789abcdef,synthetic-3-fist,29,protocol,synthetic-demo-contract-v1,True,4.444427907515414,4.596649327751975,4.738469575541167,4.8880150995376,5.028901850304491,5.182838475905504,5.338765785970249,5.468608308567208
1700000003010000000,13010000000,603,602,602,0,0,,,,0,fist,hold,200.0,dev-0123456789abcdef0123456789abcdef,synthetic-3-fist,29,protocol,synthetic-demo-contract-v1,True,-5.158946179409882,-5.244931200112154,-5.345125502146498,-5.435819464078058,-5.534370395680865,-5.619412094845373,-5.704882870166929,-5.8142288714806
1700000003015000000,13015000000,604,603,603,0,0,,,,0,fist,hold,200.0,dev-0123456789abcdef0123456789abcdef,synthetic-3-fist,29,protocol,synthetic-demo-contract-v1,True,4.440756062816378,4.596471710483763,4.734409798057687,4.883499529330648,5.025614373751435,5.181593393590368,5.334746802512674,5.466369989450293
1700000003020000000,13020000000,605,604,604,0,0,,,,0,fist,hold,200.0,dev-0123456789abcdef0123456789abcdef,synthetic-3-fist,29,protocol,synthetic-demo-contract-v1,True,-5.156457428327204,-5.239162669473166,-5.342918131986619,-5.4340208281241065,-5.531143715612814,-5.614152266376863,-5.7023434222149625,-5.80959873602764
1700000003025000000,13025000000,606,605,605,0,0,,,,0,fist,hold,200.0,dev-0123456789abcdef0123456789abcdef,synthetic-3-fist,29,protocol,synthetic-demo-contract-v1,True,4.449393421499562,4.608120436041597,4.742870763837622,4.891600353435002,5.035328562023664,5.193316887553368,5.3438210463814695,5.477833104449559
1700000003030000000,13030000000,607,606,606,0,0,,,,0,fist,hold,200.0,dev-0123456789abcdef0123456789abcdef,synthetic-3-fist,29,protocol,synthetic-demo-contract-v1,True,-5.141739074842807,-5.221748175331389,-5.328269655580096,-5.419682094198793,-5.515022246408331,-5.596059738938948,-5.686812166011597,-5.791394301353398
1700000003035000000,13035000000,608,607,607,0,0,,,,0,fist,hold,200.0,dev-0123456789abcdef0123456789abcdef,synthetic-3-fist,29,protocol,synthetic-demo-contract-v1,True,4.470070014953105,4.631139028457641,4.763588631918903,4.9120609631695125,5.05772416861228,5.217631196063421,5.365678042449631,5.502631755720022
1700000003040000000,13040000000,609,608,608,0,0,,,,0,fist,hold,200.0,dev-0123456789abcdef0123456789abcdef,synthetic-3-fist,29,protocol,synthetic-demo-contract-v1,True,-5.115281100046852,-5.193332785215711,-5.301651608482645,-5.393266463894079,-5.486537462657611,-5.565722321077035,-5.6588130895238695,-5.760202781421957
1700000003045000000,13045000000,610,609,609,0,0,,,,0,fist,hold,200.0,dev-0123456789abcdef0123456789abcdef,synthetic-3-fist,29,protocol,synthetic-demo-contract-v1,True,4.502079993488604,4.6647002658078645,4.795887925828176,4.944215294372534,5.092062880173581,5.25374325820876,5.399584688352825,5.539962196769683
1700000003050000000,13050000000,611,610,610,0,0,,,,0,fist,hold,200.0,dev-0123456789abcdef0123456789abcdef,synthetic-3-fist,29,protocol,synthetic-demo-contract-v1,True,-5.077998898570571,-5.15491797448991,-5.263937922502446,-5.355637447757354,-5.446628418895854,-5.52413183551753,-5.619282280637827,-5.717037887755127
1700000003055000000,13055000000,612,611,611,0,0,,,,0,fist,hold,200.0,dev-0123456789abcdef0123456789abcdef,synthetic-3-fist,29,protocol,synthetic-demo-contract-v1,True,4.544306858668493,4.707637702098191,4.838703431755134,4.9870094482528495,5.137212656418726,5.300470622910432,5.444409718935012,5.58860904857182
1700000003060000000,13060000000,613,612,612,0,0,,,,0,fist,hold,200.0,dev-0123456789abcdef0123456789abcdef,synthetic-3-fist,29,protocol,synthetic-demo-contract-v1,True,-5.031199601704783,-5.107824587569062,-5.216376291066268,-5.30803069028202,-5.396610791902218,-5.472651652090897,-5.569536759095459,-5.663306707480329
1700000003065000000,13065000000,614,613,613,0,0,,,,0,fist,hold,200.0,dev-0123456789abcdef0123456789abcdef,synthetic-3-fist,29,protocol,synthetic-demo-contract-v1,True,4.595265235173335,4.758487854138608,4.890615335336265,5.039036190792613,5.191685049953578,5.35628020752566,5.498661318692697,5.6469850553278595
1700000003070000000,13070000000,615,614,614,0,0,,,,0,fist,hold,200.0,dev-0123456789abcdef0123456789abcdef,synthetic-3-fist,29,protocol,synthetic-demo-contract-v1,True,-4.976532656883476,-5.053645909736562,-5.160546820719784,-5.25201342858718,-5.33813350693727,-5.412971956148609,-5.511230732187473,-5.600763640498894
1700000003075000000,13075000000,616,615,615,0,0,,,,0,fist,hold,200.0,dev-0123456789abcdef0123456789abcdef,synthetic-3-fist,29,protocol,synthetic-demo-contract-v1,True,4.653157402613438,4.815541430548989,4.949896437713959,5.098581203106181,5.253684275749893,5.4193386344742125,5.560536634737201,5.713183075603494
1700000003080000000,13080000000,617,616,616,0,0,,,,0,fist,hold,200.0,dev-0123456789abcdef0123456789abcdef,synthetic-3-fist,29,protocol,synthetic-demo-contract-v1,True,-4.915926805878004,-4.994192607042166,-5.098309342512945,-5.189432913572126,-5.273124377816744,-5.347054221191123,-5.446300724022555,-5.531452907712722
1700000003085000000,13085000000,618,617,617,0,0,,,,0,fist,hold,200.0,dev-0123456789abcdef0123456789abcdef,synthetic-3-fist,29,protocol,synthetic-demo-contract-v1,True,4.715942110357929,4.876901728596928,5.014569874180031,5.163679563676211,5.321166412580375,5.487572492108847,5.627981550133693,5.785038601692546
1700000003090000000,13090000000,619,618,618,0,0,,,,0,fist,hold,200.0,dev-0123456789abcdef0123456789abcdef,synthetic-3-fist,29,protocol,synthetic-demo-contract-v1,True,-4.8515162402337735,-4.931431507020917,-5.031741149631142,-5.122355490428032,-5.20372655289888,-5.277066710928874,-5.376901395242942,-5.457641518598393
1700000003095000000,13095000000,620,619,619,0,0,,,,0,fist,hold,200.0,dev-0123456789abcdef0123456789abcdef,synthetic-3-fist,29,protocol,synthetic-demo-contract-v1,True,4.781412632501068,4.9405481464439385,5.08247539432417,5.232180601759847,5.391906784730771,5.558736538201648,5.698758739070817,5.860200753334761
1700000003100000000,13100000000,621,620,620,0,0,,,,0,fist,hold,200.0,dev-0123456789abcdef0123456789abcdef,synthetic-3-fist,29,protocol,synthetic-demo-contract-v1,True,-4.78555920024009,-4.867420333399824,-4.9630672605664605,-5.052998347685031,-5.132227862163099,-5.2053131324794055,-5.30533417702097,-5.381744900661492
1700000003105000000,13105000000,622,621,621,0,0,,,,0,fist,hold,200.0,dev-0123456789abcdef0123456789abcdef,synthetic-3-fist,29,protocol,synthetic-demo-contract-v1,True,4.847280617223566,5.00440265582706,5.151341964093044,5.3018189809177665,5.463573302624027,5.630487601759008,5.7705217523255605,5.936209412748822
1700000003110000000,13110000000,623,622,622,0,0,,,,0,fist,hold,200.0,dev-0123456789abcdef0123456789abcdef,synthetic-3-fist,29,protocol,synthetic-demo-contract-v1,True,-4.720352596356359,-4.804240572817479,-4.894585568552952,-4.983656189998236,-5.060985394586599,-5.134156789066155,-5.233971079930582,-5.3062476350857795
1700000003115000000,13115000000,624,623,623,0,0,,,,0,fist,hold,200.0,dev-0123456789abcdef0123456789abcdef,synthetic-3-fist,29,protocol,synthetic-demo-contract-v1,True,4.911262066282234,5.066397052499555,5.218864228165796,5.370289661983232,5.5338033445446735,5.700461750090238,5.840892682913025,6.010575965538855
1700000003120000000,13120000000,625,624,624,0,0,,,,0,fist,hold,200.0,dev-0123456789abcdef0123456789abcdef,synthetic-3-fist,29,protocol,synthetic-demo-contract-v1,True,-4.658146354067753,-4.743930642994025,-4.828589418558611,-4.916625261348056,-4.992347792267638,-5.065942729931439,-5.165176197039564,-5.23362190424427
1700000003125000000,13125000000,626,625,625,0,0,,,,0,fist,hold,200.0,dev-0123456789abcdef0123456789abcdef,synthetic-3-fist,29,protocol,synthetic-demo-contract-v1,True,4.971161755608618,5.124538845465086,5.282780233553652,5.435324262937811,5.600281644912669,5.766352179388586,5.907540844191341,6.080864993063685
1700000003130000000,13130000000,627,626,626,0,0,,,,0,fist,hold,200.0,dev-0123456789abcdef0123456789abcdef,synthetic-3-fist,29,protocol,synthetic-demo-contract-v1,True,-4.601061111323044,-4.688421454401036,-4.767290246292308,-4.854127236431098,-4.928577823016113,-5.00292046225753,-5.101227496086586,-5.166246332342324
1700000003135000000,13135000000,628,627,627,0,0,,,,0,fist,hold,200.0,dev-0123456789abcdef0123456789abcdef,synthetic-3-fist,29,protocol,synthetic-demo-contract-v1,True,5.024952574145285,5.176973755411086,5.340947767371056,5.494766283599087,5.660816621373041,5.825985262148698,5.968259859895726,6.144774230246313
1700000003140000000,13140000000,629,628,628,0,0,,,,0,fist,hold,200.0,dev-0123456789abcdef0123456789abcdef,synthetic-3-fist,29,protocol,synthetic-demo-contract-v1,True,-4.551012640946506,-4.639476318037586,-4.712742915963662,-4.798235505594909,-4.8717777839517575,-4.94716977246399,-5.044241485413735,-5.106327887820692
1700000003145000000,13145000000,630,629,629,0,0,,,,0,fist,hold,200.0,dev-0123456789abcdef0123456789abcdef,synthetic-3-fist,29,protocol,synthetic-demo-contract-v1,True,5.07084660031581,5.222042960163839,5.391416705198734,5.546642697527875,5.713412624435136,5.877392244394079,6.021040618670381,6.20021015959436
1700000003150000000,13150000000,631,630,630,0,0,,,,0,fist,hold,200.0,dev-0123456789abcdef0123456789abcdef,synthetic-3-fist,29,protocol,synthetic-demo-contract-v1,True,-4.50964594903612,-4.598636958781295,-4.666776304640153,-4.750806302344507,-4.8238201953208195,-4.9005321028613,-4.996103242772255,-5.055829415669407
1700000003155000000,13155000000,632,631,631,0,0,,,,0,fist,hold,200.0,dev-0123456789abcdef0123456789abcdef,synthetic-3-fist,29,protocol,synthetic-demo-contract-v1,True,5.107355228459891,5.258333441471323,5.4324949000403535,5.589229531106513,5.756335727816023,5.918874227985568,6.064137682884342,6.245356755535569
1700000003160000000,13160000000,633,632,632,0,0,,,,0,fist,hold,200.0,dev-0123456789abcdef0123456789abcdef,synthetic-3-fist,29,protocol,synthetic-demo-contract-v1,True,-4.478281444442812,-4.567177156418464,-4.6309315039052885,-4.713416964634008,-4.7862860693400435,-4.864549747601182,-4.958404118375613,-5.016405182794566
1700000003165000000,13165000000,634,633,633,0,0,,,,0,fist,hold,200.0,dev-0123456789abcdef0123456789abcdef,synthetic-3-fist,29,protocol,synthetic-demo-contract-v1,True,5.1333362670361655,5.284720043141067,5.462805361059454,5.62110924653981,5.7881708905855165,5.949058293567708,6.096126958313436,6.278735118331858
1700000003170000000,13170000000,635,634,634,0,0,,,,0,fist,hold,200.0,dev-0123456789abcdef0123456789abcdef,synthetic-3-fist,29,protocol,synthetic-demo-contract-v1,True,-4.457874921507273,-4.546065264934209,-4.6064097501796875,-4.687313386982711,-4.760412789151796,-4.840414875143964,-4.932389169522147,-4.989346556126483
1700000003175000000,13175000000,636,635,635,0,0,,,,0,fist,hold,200.0,dev-0123456789abcdef0123456789abcdef,synthetic-3-fist,29,protocol,synthetic-demo-contract-v1,True,5.148026616162987,5.300398135329348,5.481332768538926,5.641218015154476,5.807868606655057,5.966942910751517,6.115952720474034,6.299252036411152
1700000003180000000,13180000000,637,636,636,0,0,,,,0,fist,hold,200.0,dev-0123456789abcdef0123456789abcdef,synthetic-3-fist,29,protocol,synthetic-demo-contract-v1,True,-4.448992390509252,-4.5359365651604495,-4.594031862477447,-4.673368417601272,-4.7470533161586985,-4.828930061496479,-4.918916062149282,-4.975539599930001
1700000003185000000,13185000000,638,637,637,0,0,,,,0,fist,hold,200.0,dev-0123456789abcdef0123456789abcdef,synthetic-3-fist,29,protocol,synthetic-demo-contract-v1,True,5.151059850746129,5.304906083491051,5.487457736535102,5.6488813009559316,5.81477950372222,5.971931134363554,6.122962445445315,6.306235880087743
1700000003190000000,13190000000,639,638,638,0,0,,,,0,fist,hold,200.0,dev-0123456789abcdef0123456789abcdef,synthetic-3-fist,29,protocol,synthetic-demo-contract-v1,True,-4.45180007155038,-4.5370760963515995,-4.594210572081326,-4.67205259315917,-4.7466480705448,-4.830481639880625,-4.918426795453909,-4.975435986745097
1700000003195000000,13195000000,640,639,639,0,0,,,,0,fist,hold,200.0,dev-0123456789abcdef0123456789abcdef,synthetic-3-fist,29,protocol,synthetic-demo-contract-v1,True,5.142468743615273,5.298137033515227,5.480977654805698,5.643836560934129,5.8086757510514815,5.963850487426069,6.116928296281509,6.299458646342826
1700000003200000000,13200000000,641,640,640,0,0,,,,0,fist,hold,200.0,dev-0123456789abcdef0123456789abcdef,synthetic-3-fist,29,protocol,synthetic-demo-contract-v1,True,-4.466069180127089,-4.549412297978333,-4.6069366863644445,-4.683418195517574,-4.759210411994869,-4.845026750729215,-4.9309331817491575,-4.9890381784535744
1700000003205000000,13205000000,642,641,641,0,0,,,,0,fist,hold,200.0,dev-0123456789abcdef0123456789abcdef,synthetic-3-fist,29,protocol,synthetic-demo-contract-v1,True,5.122673420340066,5.280339838006613,5.462113402129694,5.62624229530343,5.789758570343428,5.942958869747046,6.0980545572709675,6.2791434298887685
1700000003210000000,13210000000,643,642,642,0,0,,,,0,fist,hold,200.0,dev-0123456789abcdef0123456789abcdef,synthetic-3-fist,29,protocol,synthetic-demo-contract-v1,True,-4.491194514327089,-4.5725214824211635,-4.631779554191458,-4.707097173215634,-4.784326199267229,-4.872094524855624,-4.956016559032108,-5.015899364553194
1700000003215000000,13215000000,644,643,643,0,0,,,,0,fist,hold,200.0,dev-0123456789abcdef0123456789abcdef,synthetic-3-fist,29,protocol,synthetic-demo-contract-v1,True,5.092456409019233,5.252109254605925,5.431501708035141,5.59667313357035,5.75865160208249,5.909936291164363,6.06697077277221,6.245957075146103
1700000003220000000,13220000000,645,644,644,0,0,,,,0,fist,hold,200.0,dev-0123456789abcdef0123456789abcdef,synthetic-3-fist,29,protocol,synthetic-demo-contract-v1,True,-4.526225335381023,-4.60564285970175,-4.667901809572106,-4.742313010382773,-4.82116744313964,-4.9108013671597055,-4.992841743329181,-5.055138159278227
1700000003225000000,13225000000,646,645,645,0,0,,,,0,fist,hold,200.0,dev-0123456789abcdef0123456789abcdef,synthetic-3-fist,29,protocol,synthetic-demo-contract-v1,True,5.052926307546965,5.214365838822274,5.390173432281802,5.556101106014597,5.716380346054008,5.865862695449562,6.024710819807472,6.200988251237851
1700000003230000000,13230000000,647,646,646,0,0,,,,0,fist,hold,200.0,dev-0123456789abcdef0123456789abcdef,synthetic-3-fist,29,protocol,synthetic-demo-contract-v1,True,-4.569906637428801,-4.647703553209847,-4.7140878806416024,-4.787906162344643,-4.868519602633184,-4.959879843648036,-5.04018475730198,-5.1054675737169966
1700000003235000000,13235000000,648,647,647,0,0,,,,0,fist,hold,200.0,dev-0123456789abcdef0123456789abcdef,synthetic-3-fist,29,protocol,synthetic-demo-contract-v1,True,5.005472120317028,5.168326225327356,5.339518514034558,5.505863709423993,5.66433835381272,5.812182599249393,5.972678608418566,6.145711671602802
1700000003240000000,13240000000,649,648,648,0,0,,,,0,fist,hold,200.0,dev-0123456789abcdef0123456789abcdef,synthetic-3-fist,29,protocol,synthetic-demo-contract-v1,True,-4.620728641105708,-4.697352785785856,-4.768785279675079,-4.842372225916313,-4.924821624642697,-5.01772022616998,-5.096473416376969,-5.165237309525996
1700000003245000000,13245000000,650,649,649,0,0,,,,0,fist,hold,200.0,dev-0123456789abcdef0123456789abcdef,synthetic-3-fist,29,protocol,synthetic-demo-contract-v1,True,4.951710508878446,5.1154647383276375,5.28123879869892,5.447619815449427,5.604241287631612,5.750657705121159,5.912601545638419,6.081939635561825
1700000003250000000,13250000000,651,650,650,0,0,,,,0,fist,hold,200.0,dev-0123456789abcdef0123456789abcdef,synthetic-3-fist,29,protocol,synthetic-demo-contract-v1,True,-4.676982220942578,-4.753004182723239,-4.830157253110728,-4.903911588270876,-4.988217406991951,-5.082423331881941,-5.159839428839964,-5.232487982684838
1700000003255000000,13255000000,652,651,651,0,0,,,,0,fist,hold,200.0,dev-0123456789abcdef0123456789abcdef,synthetic-3-fist,29,protocol,synthetic-demo-contract-v1,True,4.89342825968687,5.057467489720231,5.2172903640227775,5.383294875085925,5.538070360464368,5.683309044370543,5.8464733032139895,6.011762486136128
1700000003260000000,13260000000,653,652,652,0,0,,,,0,fist,hold,200.0,dev-0123456789abcdef0123456789abcdef,synthetic-3-fist,29,protocol,synthetic-demo-contract-v1,True,-4.736817980836464,-4.812884935613283,-4.896144983612481,-4.970488915486705,-5.05661698833706,-5.151862921813061,-5.228180285938059,-5.305015493400281
1700000003265000000,13265000000,654,653,653,0,0,,,,0,fist,hold,200.0,dev-0123456789abcdef0123456789abcdef,synthetic-3-fist,29,protocol,synthetic-demo-contract-v1,True,4.832522209056988,4.9961803102741005,5.1498173239738785,5.315017230010628,5.468007021529581,5.6123505509464255,5.77648778258386,5.937479942888051
1700000003270000000,13270000000,655,654,654,0,0,,,,0,fist,hold,200.0,dev-0123456789abcdef0123456789abcdef,synthetic-3-fist,29,protocol,synthetic-demo-contract-v1,True,-4.798306808636985,-4.875090401109554,-4.9645372124163085,-5.039900513205991,-5.12776544767774,-5.2237556073096965,-5.2992288946177695,-5.380443424665914
1700000003275000000,13275000000,656,655,655,0,0,,,,0,fist,hold,200.0,dev-0123456789abcdef0123456789abcdef,synthetic-3-fist,29,protocol,synthetic-demo-contract-v1,True,4.770938700686979,4.933552011711047,5.0810793767869535,5.245047638867822,5.396361040729459,5.540116250683979,5.704966461399366,5.861525568536381
1700000003280000000,13280000000,657,656,656,0,0,,,,0,fist,hold,200.0,dev-0123456789abcdef0123456789abcdef,synthetic-3-fist,29,protocol,synthetic-demo-contract-v1,True,-4.8594999471383415,-4.93764257373697,-5.033044900685477,-5.109847328286728,-5.199317242074249,-5.295735964999577,-5.370628649775885,-5.456301088095879
1700000003285000000,13285000000,658,657,657,0,0,,,,0,fist,hold,200.0,dev-0123456789abcdef0123456789abcdef,synthetic-3-fist,29,protocol,synthetic-demo-contract-v1,True,4.710614410280033,4.871574594409498,5.013375572605971,5.175704354115517,5.3254943627355225,5.468983461369205,5.6342815244814295,5.78638685371739
1700000003290000000,13290000000,659,658,658,0,0,,,,0,fist,hold,200.0,dev-0123456789abcdef0123456789abcdef,synthetic-3-fist,29,protocol,synthetic-demo-contract-v1,True,-4.918486886993242,-4.998550773510944,-5.099378381816304,-5.178011170749499,-5.268913531887227,-5.365434388438092,-5.440011463252746,-5.530104650160363
1700000003295000000,13295000000,660,659,659,0,0,,,,0,fist,hold,200.0,dev-0123456789abcdef0123456789abcdef,synthetic-3-fist,29,protocol,synthetic-demo-contract-v1,True,4.653420083547355,4.8122220949716015,4.948966899297588,5.109286235083638,5.2577432410348015,5.401294531443778,5.566777321310369,5.714523548096789
1700000003300000000,13300000000,661,660,660,0,0,,,,0,fist,hold,200.0,dev-0123456789abcdef0123456789abcdef,synthetic-3-fist,29,protocol,synthetic-demo-contract-v1,True,-4.973449687975064,-5.055872828782247,-5.1613243781178175,-5.2421316261029824,-5.334259944368249,-5.430555113485295,-5.50507616918573,-5.599438670958166
1700000003305000000,13305000000,662,661,661,0,0,,,,0,fist,hold,200.0,dev-0123456789abcdef0123456789abcdef,synthetic-3-fist,29,protocol,synthetic-demo-contract-v1,True,4.601108427460087,4.757389808775565,4.8900003182936045,5.047996450360547,5.195341218934307,5.339279694292103,5.504692747357544,5.648286923357269
1700000003310000000,13310000000,663,662,662,0,0,,,,0,fist,hold,200.0,dev-0123456789abcdef0123456789abcdef,synthetic-3-fist,29,protocol,synthetic-demo-contract-v1,True,-5.022712640112847,-5.107775013585827,-5.21682026744779,-5.3000811030005694,-5.393202211977972,-5.488951847742027,-5.563664712985378,-5.662035374485774
1700000003315000000,13315000000,664,663,663,0,0,,,,0,fist,hold,200.0,dev-0123456789abcdef0123456789abcdef,synthetic-3-fist,29,protocol,synthetic-demo-contract-v1,True,4.55526709718266,4.708835623779072,4.838436824915768,4.993869305189784,5.140345496600005,5.284983579307579,5.450087115965175,5.589842622512027
1700000003320000000,13320000000,665,664,664,0,0,,,,0,fist,hold,200.0,dev-0123456789abcdef0123456789abcdef,synthetic-3-fist,29,protocol,synthetic-demo-contract-v1,True,-5.0647864602616695,-5.152589017842116,-5.264023087444791,-5.349935521057665,-5.443797191872187,-5.53869851229569,-5.6138336045034904,-5.7158490444284675
1700000003325000000,13325000000,666,665,665,0,0,,,,0,fist,hold,200.0,dev-0123456789abcdef0123456789abcdef,synthetic-3-fist,29,protocol,synthetic-demo-contract-v1,True,4.517277455487185,4.668125162368406,4.795985961909935,4.948702627717706,5.0945691115794745,5.240197801471647,5.404771972076067,5.541099631557952
1700000003330000000,13330000000,667,666,666,0,0,,,,0,fist,hold,200.0,dev-0123456789abcdef0123456789abcdef,synthetic-3-fist,29,protocol,synthetic-demo-contract-v1,True,-5.098406462711677,-5.1888642887765615,-5.3013709530264945,-5.390038286635163,-5.484376925264754,-5.5781527640516915,-5.653918272509703,-5.759123100327056
1700000003335000000,13335000000,668,667,667,0,0,,,,0,fist,hold,200.0,dev-0123456789abcdef0123456789abcdef,synthetic-3-fist,29,protocol,synthetic-demo-contract-v1,True,4.488279564291388,4.636582347389601,4.76404898631464,4.913997964995591,5.059521168605081,5.206401851905761,5.370251102720849,5.503647707591862
1700000003340000000,13340000000,669,668,668,0,0,,,,0,fist,hold,200.0,dev-0123456789abcdef0123456789abcdef,synthetic-3-fist,29,protocol,synthetic-demo-contract-v1,True,-5.122564331370708,-5.21541418325838,-5.327634829914049,-5.4190554257854675,-5.513603624829887,-5.60601020381025,-5.682588192209329,-5.790447650258796
1700000003345000000,13345000000,670,669,669,0,0,,,,0,fist,hold,200.0,dev-0123456789abcdef0123456789abcdef,synthetic-3-fist,29,protocol,synthetic-demo-contract-v1,True,4.469143708617965,4.6152468865209615,4.743672586627596,4.890910581624619,5.036357089114731,5.1847142393110985,5.347670728272969,5.478705318826117
1700000003350000000,13350000000,671,670,670,0,0,,,,0,fist,hold,200.0,dev-0123456789abcdef0123456789abcdef,synthetic-3-fist,29,protocol,synthetic-demo-contract-v1,True,-5.136533250438414,-5.23135451325949,-5.341958943450782,-5.436020036060201,-5.530513777380479,-5.621347481211796,-5.698890962472163,-5.808805629959048
1700000003355000000,13355000000,672,671,671,0,0,,,,0,fist,hold,200.0,dev-0123456789abcdef0123456789abcdef,synthetic-3-fist,29,protocol,synthetic-demo-contract-v1,True,4.460448653255535,4.604840006337854,4.735514680386726,4.880210929367139,5.025840520608424,5.175855495348092,5.337781522028003,5.467079805641464
1700000003360000000,13360000000,673,672,672,0,0,,,,0,fist,hold,200.0,dev-0123456789abcdef0123456789abcdef,synthetic-3-fist,29,protocol,synthetic-demo-contract-v1,True,-5.139886222670828,-5.236133249427568,-5.343888495903955,-5.440364572811552,-5.5345499078946885,-5.623652872661688,-5.702283874628917,-5.813606014260314
1700000003365000000,13365000000,674,673,673,0,0,,,,0,fist,hold,200.0,dev-0123456789abcdef0123456789abcdef,synthetic-3-fist,29,protocol,synthetic-demo-contract-v1,True,4.462466785656729,4.605739565089957,4.739823404779997,4.882258875688442,5.02831816157041,5.1801242669029595,5.3409137147649774,5.469141069316725
1700000003370000000,13370000000,675,674,674,0,0,,,,0,fist,hold,200.0,dev-0123456789abcdef0123456789abcdef,synthetic-3-fist,29,protocol,synthetic-demo-contract-v1,True,-5.132507428833699,-5.229550369053569,-5.333383802836634,-5.431939889241524,-5.5255789577297945,-5.612843320352491,-5.692651928068798,-5.804703012449758
1700000003375000000,13375000000,676,675,675,0,0,,,,0,fist,hold,200.0,dev-0123456789abcdef0123456789abcdef,synthetic-3-fist,29,protocol,synthetic-demo-contract-v1,True,4.475156292472305,4.617965433698762,4.756429959450955,4.8969915556667285,5.043708331900804,5.197387287674009,5.356966108512635,5.4848096496377545
1700000003380000000,13380000000,677,676,676,0,0,,,,0,fist,hold,200.0,dev-0123456789abcdef0123456789abcdef,synthetic-3-fist,29,protocol,synthetic-demo-contract-v1,True,-5.11459647417552,-5.211767091563801,-5.310820424659364,-5.411020389357096,-5.503896671150916,-5.589267365974292,-5.67031169578658,-5.782400620620021
1700000003385000000,13385000000,678,677,677,0,0,,,,0,fist,hold,200.0,dev-0123456789abcdef0123456789abcdef,synthetic-3-fist,29,protocol,synthetic-demo-contract-v1,True,4.498160533885189,4.641175761353,4.784755487133713,4.923925259093334,5.071503665653887,5.227083564753599,5.385409364054222,5.51355957888607
1700000003390000000,13390000000,679,678,678,0,0,,,,0,fist,hold,200.0,dev-0123456789abcdef0123456789abcdef,synthetic-3-fist,29,protocol,synthetic-demo-contract-v1,True,-5.086665347203356,-5.18330403284379,-5.2769753468957035,-5.378295114543838,-5.470217845564405,-5.55369387697828,-5.636000910688232,-5.747442386109628
1700000003395000000,13395000000,680,679,679,0,0,,,,0,fist,hold,200.0,dev-0123456789abcdef0123456789abcdef,synthetic-3-fist,29,protocol,synthetic-demo-contract-v1,True,4.530814798862525,4.6746744402710245,4.823831700572819,4.962171297941135,5.110787837311912,5.268242647918171,5.425303454941827,5.554435913343863
1700000003400000000,13400000000,681,680,680,0,0,,,,0,fist,hold,200.0,dev-0123456789abcdef0123456789abcdef,synthetic-3-fist,29,protocol,synthetic-demo-contract-v1,True,-5.049527904071882,-5.145028123540447,-5.2329997355091535,-5.334845052310828,-5.425652766875325,-5.507286931050889,-5.590854115425187,-5.70098672582243
1700000003405000000,13405000000,682,681,681,0,0,,,,0,fist,hold,200.0,dev-0123456789abcdef0123456789abcdef,synthetic-3-fist,29,protocol,synthetic-demo-contract-v1,True,4.572160624186652,4.71742976011625,4.8723344997989555,5.010465334247611,5.160265770181298,5.31951638557751,5.475328712536717,5.60608636044481
1700000003410000000,13410000000,683,682,682,0,0,,,,0,fist,hold,200.0,dev-0123456789abcdef0123456789abcdef,synthetic-3-fist,29,protocol,synthetic-demo-contract-v1,True,-5.004281709343508,-5.09812846884461,-5.180379245620749,-5.282107414298395,-5.371670606821859,-5.451567680359618,-5.53636517920108,-5.644568615552232
1700000003415000000,13415000000,684,683,683,0,0,,,,0,fist,hold,200.0,dev-0123456789abcdef0123456789abcdef,synthetic-3-fist,29,protocol,synthetic-demo-contract-v1,True,4.620967820957908,4.768103904073343,4.928629388101378,5.067209200343414,5.218306331034569,5.379223127050293,5.5338294373111685,5.666805955955066
1700000003420000000,13420000000,685,684,684,0,0,,,,0,fist,hold,200.0,dev-0123456789abcdef0123456789abcdef,synthetic-3-fist,29,protocol,synthetic-demo-contract-v1,True,-4.952282128733587,-5.044081669537379,-5.120883277733758,-5.221828064588188,-5.310050988962388,-5.388364446129028,-5.474337919165015,-5.580048915767048
1700000003425000000,13425000000,686,685,685,0,0,,,,0,fist,hold,200.0,dev-0123456789abcdef0123456789abcdef,synthetic-3-fist,29,protocol,synthetic-demo-contract-v1,True,4.675764258433081,4.825092594986756,4.990827102695101,5.130523827204466,5.282996103488712,5.445402920663576,5.598868636180596,5.734593316354846
1700000003430000000,13430000000,687,686,686,0,0,,,,0,fist,hold,200.0,dev-0123456789abcdef0123456789abcdef,synthetic-3-fist,29,protocol,synthetic-demo-contract-v1,True,-4.8951086947537625,-4.984607466392658,-5.056504941198724,-5.156003674232561,-5.2428253200337425,-5.319752682060418,-5.406826457330352,-5.509553005867378
1700000003435000000,13435000000,688,687,687,0,0,,,,0,fist,hold,200.0,dev-0123456789abcdef0123456789abcdef,synthetic-3-fist,29,protocol,synthetic-demo-contract-v1,True,4.7348732966724985,4.8865738616985315,5.056847540225227,5.198311526407203,5.352202467379366,5.51588189463708,5.66829207770711,5.807216611037635
1700000003440000000,13440000000,689,688,688,0,0,,,,0,fist,hold,200.0,dev-0123456789abcdef0123456789abcdef,synthetic-3-fist,29,protocol,synthetic-demo-contract-v1,True,-4.8345239583284485,-4.921615901398113,-4.989393787983714,-5.086815520540466,-5.172209820802843,-5.247986779232894,-5.336067283443076,-5.435400750342267
1700000003445000000,13445000000,690,689,689,0,0,,,,0,fist,hold,200.0,dev-0123456789abcdef0123456789abcdef,synthetic-3-fist,29,protocol,synthetic-demo-contract-v1,True,4.796458533845134,4.950564574177272,5.124489788910857,5.268325559093313,5.423643904600405,5.5883437047617255,5.739799548783234,5.8822870795754305
1700000003450000000,13450000000,691,690,690,0,0,,,,0,fist,hold,200.0,dev-0123456789abcdef0123456789abcdef,synthetic-3-fist,29,protocol,synthetic-demo-contract-v1,True,-4.772425297222842,-4.857147497994715,-4.921783611009887,-5.0165571285686115,-5.100532464175811,-5.175425954398523,-5.264405268651533,-5.3600301049424175
1700000003455000000,13455000000,692,691,691,0,0,,,,0,fist,hold,200.0,dev-0123456789abcdef0123456789abcdef,synthetic-3-fist,29,protocol,synthetic-demo-contract-v1,True,4.85857524647178,5.014983103103533,5.191505886901614,5.338244681938679,5.494965213644564,5.660405699509424,5.811020958053837,5.9573376716217314
1700000003460000000,13460000000,693,692,692,0,0,,,,0,fist,hold,200.0,dev-0123456789abcdef0123456789abcdef,synthetic-3-fist,29,protocol,synthetic-demo-contract-v1,True,-4.710790466173526,-4.793308236655584,-4.855917753100946,-4.947558158136467,-5.030156229187382,-5.104456659124069,-5.194216075129022,-5.285916879607576
1700000003465000000,13465000000,694,693,693,0,0,,,,0,fist,hold,200.0,dev-0123456789abcdef0123456789abcdef,synthetic-3-fist,29,protocol,synthetic-demo-contract-v1,True,4.919227564615505,5.0777162072144275,5.255675816191045,5.405750193522234,5.563815153256133,5.729697297122352,5.8795947707451495,6.029904219182571
1700000003470000000,13470000000,695,694,694,0,0,,,,0,fist,hold,200.0,dev-0123456789abcdef0123456789abcdef,synthetic-3-fist,29,protocol,synthetic-demo-contract-v1,True,-4.651618026963774,-4.732201329856129,-4.793974440509529,-4.882107065610565,-4.963401200947369,-5.037414062576459,-5.127827526348361,-5.215493300569444
1700000003475000000,13475000000,696,695,695,0,0,,,,0,fist,hold,200.0,dev-0123456789abcdef0123456789abcdef,synthetic-3-fist,29,protocol,synthetic-demo-contract-v1,True,4.976430059517228,5.1366880513685995,5.314881216216809,5.468602920297197,5.627923955526518,5.793937995586424,5.943246182055212,6.0976064684918825
1700000003480000000,13480000000,697,696,696,0,0,,,,0,fist,hold,200.0,dev-0123456789abcdef0123456789abcdef,synthetic-3-fist,29,protocol,synthetic-demo-contract-v1,True,-4.596864165765191,-4.675857970831383,-4.737994637481445,-4.82237511145028,-4.902468084666145,-4.976505192078384,-5.06744253754479,-5.151068052679058
1700000003485000000,13485000000,698,697,697,0,0,,,,0,fist,hold,200.0,dev-0123456789abcdef0123456789abcdef,synthetic-3-fist,29,protocol,synthetic-demo-contract-v1,True,5.028272054663898,5.189929120367322,5.367175361145516,5.524717582425292,5.685178153067475,5.851012447643021,5.999862444391282,6.158226304280268
1700000003490000000,13490000000,699,698,698,0,0,,,,0,fist,hold,200.0,dev-0123456789abcdef0123456789abcdef,synthetic-3-fist,29,protocol,synthetic-demo-contract-v1,True,-4.54837776146857,-4.626169333825939,-4.689814816797464,-4.770344240643508,-4.849365655263282,-4.923736261819233,-5.015066154868306,-5.094750433324807
1700000003495000000,13495000000,700,699,699,0,0,,,,0,fist,hold,200.0,dev-0123456789abcdef0123456789abcdef,synthetic-3-fist,29,protocol,synthetic-demo-contract-v1,True,5.072982632772564,5.235642726813355,5.410847086948353,5.5722320660466,5.73369025344336,5.899040128788396,6.047562857259884,6.20978059262406
1700000003500000000,13500000000,701,700,700,0,0,,,,0,fist,hold,200.0,dev-0123456789abcdef0123456789abcdef,synthetic-3-fist,29,protocol,synthetic-demo-contract-v1,True,-4.50783588146061,-4.584822132091777,-4.651006859944748,-4.727741235112647,-4.805844534319672,-4.880846583041745,-4.972439116491985,-5.048381112970216
1700000003505000000,13505000000,702,701,701,0,0,,,,0,fist,hold,200.0,dev-0123456789abcdef0123456789abcdef,synthetic-3-fist,29,protocol,synthetic-demo-contract-v1,True,5.1089940320009255,5.272266822271142,5.444476573106089,5.609569297280709,5.771860963913574,5.936437303419744,6.084761104448739,6.250586246708098
1700000003510000000,13510000000,703,702,702,0,0,,,,0,fist,hold,200.0,dev-0123456789abcdef0123456789abcdef,synthetic-3-fist,29,protocol,synthetic-demo-contract-v1,True,-4.476682119378085,-4.553239988397702,-4.622827046437479,-4.695980329174794,-4.7733394775405635,-4.849251233126655,-4.9409801339618085,-5.013471778859644
1700000003515000000,13515000000,704,703,703,0,0,,,,0,fist,hold,200.0,dev-0123456789abcdef0123456789abcdef,synthetic-3-fist,29,protocol,synthetic-demo-contract-v1,True,5.135000934831905,5.298528913596521,5.466981170979685,5.635489658794403,5.79843191512932,5.961969247097746,6.110217875492721,6.279315376842902
1700000003520000000,13520000000,705,704,704,0,0,,,,0,fist,hold,200.0,dev-0123456789abcdef0123456789abcdef,synthetic-3-fist,29,protocol,synthetic-demo-contract-v1,True,-4.456070324493556,-4.532532738887956,-4.606175774145896,-4.676116198101512,-4.7529220753320045,-4.829994373354291,-4.921738804433087,-4.991155645031979
1700000003525000000,13525000000,706,705,705,0,0,,,,0,fist,hold,200.0,dev-0123456789abcdef0123456789abcdef,synthetic-3-fist,29,protocol,synthetic-demo-contract-v1,True,5.150013078485321,5.31349206134807,5.477649816159677,5.6491322039674134,5.812527145648793,5.974791003003429,6.123082028967678,6.295038713459874
1700000003530000000,13530000000,707,706,706,0,0,,,,0,fist,hold,200.0,dev-0123456789abcdef0123456789abcdef,synthetic-3-fist,29,protocol,synthetic-demo-contract-v1,True,-4.446816281550047,-4.523455575594603,-4.6015692826631795,-4.668808885088763,-4.745265425805208,-4.82371475518531,-4.915360713624671,-4.98215045313124
1700000003535000000,13535000000,708,707,707,0,0,,,,0,fist,hold,200.0,dev-0123456789abcdef0123456789abcdef,synthetic-3-fist,29,protocol,synthetic-demo-contract-v1,True,5.153398675869105,5.316590192153418,5.476164953237274,5.650043296086093,5.8136819796556045,5.974475327550407,6.122918933332469,6.297255878763408
1700000003540000000,13540000000,709,708,708,0,0,,,,0,fist,hold,200.0,dev-0123456789abcdef0123456789abcdef,synthetic-3-fist,29,protocol,synthetic-demo-contract-v1,True,-4.449359767609947,-4.526379640013882,-4.609124242722457,-4.674301834992048,-4.750621944829835,-4.830624554178011,-4.922065886908689,-4.986735176440938
1700000003545000000,13545000000,710,709,709,0,0,,,,0,fist,hold,200.0,dev-0123456789abcdef0123456789abcdef,synthetic-3-fist,29,protocol,synthetic-demo-contract-v1,True,5.1449163419862005,5.307651285804572,5.462611324802152,5.6381917181955545,5.801858345872083,5.961026901377994,6.10972504436373,6.285911516483067
1700000003550000000,13550000000,711,710,710,0,0,,,,0,fist,hold,200.0,dev-0123456789abcdef0123456789abcdef,synthetic-3-fist,29,protocol,synthetic-demo-contract-v1,True,-4.463739132647584,-4.541275317600529,-4.6285556406104575,-4.692413767226397,-4.768815044669538,-4.850502232327186,-4.941641305218659,-5.004741187686168
1700000003555000000,13555000000,712,711,711,0,0,,,,0,fist,hold,200.0,dev-0123456789abcdef0123456789abcdef,synthetic-3-fist,29,protocol,synthetic-demo-contract-v1,True,5.124733573441234,5.286907391307228,5.437471417534014,5.613969749311608,5.7774460326506425,5.934882333738276,6.08392823272914,6.261396755437801
1700000003560000000,13560000000,713,712,712,0,0,,,,0,fist,hold,200.0,dev-0123456789abcdef0123456789abcdef,synthetic-3-fist,29,protocol,synthetic-demo-contract-v1,True,-4.489580127372742,-4.567709061839432,-4.659187942207364,-4.722544659802135,-4.7992449555292085,-4.882699668091043,-4.973447737949073,-5.035558174343635
1700000003565000000,13565000000,714,713,713,0,0,,,,0,fist,hold,200.0,dev-0123456789abcdef0123456789abcdef,synthetic-3-fist,29,protocol,synthetic-demo-contract-v1,True,5.093430318740233,5.254990871530176,5.401607802082875,5.57818016963596,5.74124983786674,5.896895955734553,6.04637384592226,6.22453596602518
1700000003570000000,13570000000,715,714,714,0,0,,,,0,fist,hold,200.0,dev-0123456789abcdef0123456789abcdef,synthetic-3-fist,29,protocol,synthetic-demo-contract-v1,True,-4.5261001499177365,-4.60485411076046,-4.699979081658037,-4.763695646911275,-4.840908498095683,-4.926163323856728,-5.016440672067512,-5.078154599193368
1700000003575000000,13575000000,716,715,715,0,0,,,,0,fist,hold,200.0,dev-0123456789abcdef0123456789abcdef,synthetic-3-fist,29,protocol,synthetic-demo-contract-v1,True,5.051986784501563,5.212916758110758,5.35623303520048,5.5320096256666345,5.694463037241413,5.848311865584554,5.998296960096858,6.176559253347606
1700000003580000000,13580000000,717,716,716,0,0,,,,0,fist,hold,200.0,dev-0123456789abcdef0123456789abcdef,synthetic-3-fist,29,protocol,synthetic-demo-contract-v1,True,-4.572128427408724,-4.6515149649548535,-4.7495563993314684,-4.814502169449409,-4.892432155232866,-4.979468758536338,-5.069204650881064,-5.131112024655375
1700000003585000000,13585000000,718,717,717,0,0,,,,0,fist,hold,200.0,dev-0123456789abcdef0123456789abcdef,synthetic-3-fist,29,protocol,synthetic-demo-contract-v1,True,5.0017553180735765,5.162051599239154,5.302868198073101,5.476989240039452,5.638628045760131,5.790723141672022,5.941281733729433,6.119061600513667
1700000003590000000,13590000000,719,718,718,0,0,,,,0,fist,hold,200.0,dev-0123456789abcdef0123456789abcdef,synthetic-3-fist,29,protocol,synthetic-demo-contract-v1,True,-4.626141922628826,-4.706164992836194,-4.806263266390486,-4.873279276791924,-4.9521173525605375,-5.040867353597013,-5.129999892672498,-5.192672162870699
1700000003595000000,13595000000,720,719,719,0,0,,,,0,fist,hold,200.0,dev-0123456789abcdef0123456789abcdef,synthetic-3-fist,29,protocol,synthetic-demo-contract-v1,True,4.944416953215591,5.104069683675032,5.2432915108702,5.414943775440236,5.575585569058313,5.726019561711665,5.877209201432938,6.053950015225492
1700000003600000000,13600000000,721,720,720,0,0,,,,0,fist,hold,200.0,dev-0123456789abcdef0123456789abcdef,synthetic-3-fist,29,protocol,synthetic-demo-contract-v1,True,-4.6863160001500965,-4.766996035745186,-4.868214791417528,-4.938077573747775,-5.0179964551573555,-5.108343718580623,-5.196819653387746,-5.260795094552374
1700000003605000000,13605000000,722,721,721,0,0,,,,0,fist,hold,200.0,dev-0123456789abcdef0123456789abcdef,synthetic-3-fist,29,protocol,synthetic-demo-contract-v1,True,4.881923959909698,5.04089800489023,5.179478778517273,5.347931042837041,5.507413921093864,5.6563255449679835,5.808195228558024,5.983380427601699
1700000003610000000,13610000000,723,722,722,0,0,,,,0,fist,hold,200.0,dev-0123456789abcdef0123456789abcdef,synthetic-3-fist,29,protocol,synthetic-demo-contract-v1,True,-4.750588144630078,-4.831978422536298,-4.933360718881976,-5.006747952371889,-5.087897634351209,-5.179681890310415,-5.267456442128219,-5.333226732145767
1700000003615000000,13615000000,724,723,723,0,0,,,,0,fist,hold,200.0,dev-0123456789abcdef0123456789abcdef,synthetic-3-fist,29,protocol,synthetic-demo-contract-v1,True,4.816430456988595,4.9746517697362,5.1135376768384395,5.278173568897477,5.436360508613964,5.583930356664698,5.736520672817807,5.909686424287058
1700000003620000000,13620000000,725,724,724,0,0,,,,0,fist,hold,200.0,dev-0123456789abcdef0123456789abcdef,synthetic-3-fist,29,protocol,synthetic-demo-contract-v1,True,-4.816732341572239,-4.8989293899571695,-4.9995534085319875,-5.0770129560390895,-5.1595164661411035,-5.252538150108052,-5.339574905126636,-5.407573298901023
1700000003625000000,13625000000,726,725,725,0,0,,,,0,fist,hold,200.0,dev-0123456789abcdef0123456789abcdef,synthetic-3-fist,29,protocol,synthetic-demo-contract-v1,True,4.7502137826574895,4.907562637673866,5.047638073862278,5.207984794956423,5.364767741159618,5.511212868879514,5.66455605729488,5.835302172166512
1700000003630000000,13630000000,727,726,726,0,0,,,,0,fist,hold,200.0,dev-0123456789abcdef0123456789abcdef,synthetic-3-fist,29,protocol,synthetic-demo-contract-v1,True,-4.882441150674252,-4.965587559426103,-5.064618635518211,-5.146542402609678,-5.230491900873778,-5.324518065009793,-5.410788972853199,-5.481380365075016
1700000003635000000,13635000000,728,727,727,0,0,,,,0,fist,hold,200.0,dev-0123456789abcdef0123456789abcdef,synthetic-3-fist,29,protocol,synthetic-demo-contract-v1,True,4.685589832485677,4.841902182447796,4.9839406929798145,5.139692261703632,5.294995809124184,5.440563351925823,5.594683241297403,5.762682075606856
1700000003640000000,13640000000,729,728,728,0,0,,,,0,fist,hold,200.0,dev-0123456789abcdef0123456789abcdef,synthetic-3-fist,29,protocol,synthetic-demo-contract-v1,True,-4.945412061600899,-5.029690858390993,-5.126426877233234,-5.213030751997958,-5.298484099691505,-5.393255219377574,-5.478740723225533,-5.552213833223492
1700000003645000000,13645000000,730,729,729,0,0,,,,0,fist,hold,200.0,dev-0123456789abcdef0123456789abcdef,synthetic-3-fist,29,protocol,synthetic-demo-contract-v1,True,4.624825933072631,4.779903283937661,4.924526460022386,5.075560333814216,5.229344875632701,5.3743048685468855,5.529216675593156,5.694219817829561
1700000003650000000,13650000000,731,730,730,0,0,,,,0,fist,hold,200.0,dev-0123456789abcdef0123456789abcdef,synthetic-3-fist,29,protocol,synthetic-demo-contract-v1,True,-5.00343445127075,-5.089055107868228,-5.182962755970527,-5.274273645700297,-5.361251571726139,-5.456489047061102,-5.541178356278203,-5.617740201316709
1700000003655000000,13655000000,732,731,731,0,0,,,,0,fist,hold,200.0,dev-0123456789abcdef0123456789abcdef,synthetic-3-fist,29,protocol,synthetic-demo-contract-v1,True,4.570054997578412,4.723682273033771,4.871328834971416,5.017715033721844,5.169979247333052,5.3146168569355074,5.470326843241796,5.63216945627612
1700000003660000000,13660000000,733,732,732,0,0,,,,0,fist,hold,200.0,dev-0123456789abcdef0123456789abcdef,synthetic-3-fist,29,protocol,synthetic-demo-contract-v1,True,-5.0544733799681145,-5.141650435800601,-5.232390385523735,-5.328241073761607,-5.416725069066483,-5.51213920324841,-5.5960307040092525,-5.6758034572766505
1700000003665000000,13665000000,734,733,733,0,0,,,,0,fist,hold,200.0,dev-0123456789abcdef0123456789abcdef,synthetic-3-fist,29,protocol,synthetic-demo-contract-v1,True,4.523194692938118,4.675164660051129,4.826071313210957,4.968073483149431,5.118856023951812,5.263463417176548,5.419968416059309,5.578571173050313
1700000003670000000,13670000000,735,734,734,0,0,,,,0,fist,hold,200.0,dev-0123456789abcdef0123456789abcdef,synthetic-3-fist,29,protocol,synthetic-demo-contract-v1,True,-5.096746578503317,-5.185672723069306,-5.273112521261362,-5.373144737313997,-5.463075803412191,-5.558374028408348,-5.641475812549841,-5.724496070650187
1700000003675000000,13675000000,736,735,735,0,0,,,,0,fist,hold,200.0,dev-0123456789abcdef0123456789abcdef,synthetic-3-fist,29,protocol,synthetic-demo-contract-v1,True,4.485875136294645,4.6360171751439365,4.790212095659853,4.9282802972328374,5.077660578816389,5.222528661523095,5.379815502009887,5.535184126997614
1700000003680000000,13680000000,737,736,736,0,0,,,,0,fist,hold,200.0,dev-0123456789abcdef0123456789abcdef,synthetic-3-fist,29,protocol,synthetic-demo-contract-v1,True,-5.128791285589244,-5.219607445312371,-5.303821631225483,-5.4074973684357275,-5.498775735523848,-5.593670850567522,-5.676001328577715,-5.762221742782458
1700000003685000000,13685000000,738,737,737,0,0,,,,0,fist,hold,200.0,dev-0123456789abcdef0123456789abcdef,synthetic-3-fist,29,protocol,synthetic-demo-contract-v1,True,4.4593782407985465,4.607588639775042,4.764897678637443,4.899653044245225,5.047750997349601,5.193161257020116,5.351206125614716,5.503428618827721
1700000003690000000,13690000000,739,738,738,0,0,,,,0,fist,hold,200.0,dev-0123456789abcdef0123456789abcdef,synthetic-3-fist,29,protocol,synthetic-demo-contract-v1,True,-5.149518076774166,-5.242283534449739,-5.323541282553356,-5.430162037179398,-5.522647949913904,-5.616866140211254,-5.6984546916099035,-5.787747849566454
1700000003695000000,13695000000,740,739,739,0,0,,,,0,fist,hold,200.0,dev-0123456789abcdef0123456789abcdef,synthetic-3-fist,29,protocol,synthetic-demo-contract-v1,True,4.444591270959861,4.590861878517341,4.750926811713377,4.883138581799685,5.030113305226356,5.176329986998822,5.335097779468262,5.484339472674282
1700000003700000000,13700000000,741,740,740,0,0,,,,0,fist,hold,200.0,dev-0123456789abcdef0123456789abcdef,synthetic-3-fist,29,protocol,synthetic-demo-contract-v1,True,-5.158249455810252,-5.252915239772176,-5.331656563372466,-5.440389809249557,-5.533905454081921,-5.6271938655452916,-5.7080814695844895,-5.800245851607712
1700000003705000000,13705000000,742,741,741,0,0,,,,0,fist,hold,200.0,dev-0123456789abcdef0123456789abcdef,synthetic-3-fist,29,protocol,synthetic-demo-contract-v1,True,4.441976477918352,4.586418481688557,4.748725925464591,4.879281718066184,5.025328962180521,5.172591795807617,5.332035520173863,5.478532166791156
1700000003710000000,13710000000,743,742,742,0,0,,,,0,fist,hold,200.0,dev-0123456789abcdef0123456789abcdef,synthetic-3-fist,29,protocol,synthetic-demo-contract-v1,True,-5.154741719218051,-5.251130406207672,-5.3279326242065155,-5.437844505831363,-5.532177123204325,-5.624310783739133,-5.704550565912971,-5.799318344203442
1700000003715000000,13715000000,744,743,743,0,0,,,,0,fist,hold,200.0,dev-0123456789abcdef0123456789abcdef,synthetic-3-fist,29,protocol,synthetic-demo-contract-v1,True,4.4515579060156805,4.594417756857928,4.758336752651282,4.888207236081937,5.033555693089856,5.182073370730363,5.342133668472723,5.486182824946428
1700000003720000000,13720000000,745,744,744,0,0,,,,0,fist,hold,200.0,dev-0123456789abcdef0123456789abcdef,synthetic-3-fist,29,protocol,synthetic-demo-contract-v1,True,-5.139189411377821,-5.2369840898831335,-5.312520812736901,-5.422613746533248,-5.517519934963064,-5.608307833336481,-5.687965459073468,-5.785011860768938
1700000003725000000,13725000000,746,745,745,0,0,,,,0,fist,hold,200.0,dev-0123456789abcdef0123456789abcdef,synthetic-3-fist,29,protocol,synthetic-demo-contract-v1,True,4.472925639764766,4.614590679723461,4.779416468317249,4.909615874358141,5.054522288278418,5.204466869868422,5.365071724676133,5.507022722394428
1700000003730000000,13730000000,747,746,746,0,0,,,,0,fist,hold,200.0,dev-0123456789abcdef0123456789abcdef,synthetic-3-fist,29,protocol,synthetic-demo-contract-v1,True,-5.112212513462686,-5.210956978383237,-5.2859522787319975,-5.39520591297985,-5.490417091169036,-5.579707250133173,-5.6588610965481605,-5.7578150136887984
1700000003735000000,13735000000,748,747,747,0,0,,,,0,fist,hold,200.0,dev-0123456789abcdef0123456789abcdef,synthetic-3-fist,29,protocol,synthetic-demo-contract-v1,True,4.505256942599121,4.646249093349498,4.811250269644225,4.942794392529912,5.0875375444542374,5.239039939475184,5.400104641515483,5.540347481185655
1700000003740000000,13740000000,749,748,748,0,0,,,,0,fist,hold,200.0,dev-0123456789abcdef0123456789abcdef,synthetic-3-fist,29,protocol,synthetic-demo-contract-v1,True,-5.074827307260071,-5.17393865315647,-5.249119329097409,-5.356533139050902,-5.451762088104476,-5.539445498448211,-5.6181865382903275,-5.718642040506437
1700000003745000000,13745000000,750,749,749,0,0,,,,0,fist,hold,200.0,dev-0123456789abcdef0123456789abcdef,synthetic-3-fist,29,protocol,synthetic-demo-contract-v1,True,4.547352972288165,4.6883098319551895,4.852775917990615,4.9866393822456905,5.131513051527419,5.28465969414032,5.446087122668089,5.585040644822432
1700000003750000000,13750000000,751,750,750,0,0,,,,0,fist,hold,200.0,dev-0123456789abcdef0123456789abcdef,synthetic-3-fist,29,protocol,synthetic-demo-contract-v1,True,-5.02840257957998,-5.127196301241754,-5.203245203512402,-5.307880898491732,-5.40282926073551,-5.488842576395859,-5.567273915320864,-5.668802304927572
1700000003755000000,13755000000,752,751,751,0,0,,,,0,fist,hold,200.0,dev-0123456789abcdef0123456789abcdef,synthetic-3-fist,29,protocol,synthetic-demo-contract-v1,True,4.597689084888683,4.739332884597226,4.902619385980669,5.0396940264618095,5.184999074098302,5.339829873795639,5.501511152133244,5.639610847875155
1700000003760000000,13760000000,753,752,752,0,0,,,,0,fist,hold,200.0,dev-0123456789abcdef0123456789abcdef,synthetic-3-fist,29,protocol,synthetic-demo-contract-v1,True,-4.97460344551348,-5.072330029751862,-5.149843306782334,-5.250865206138618,-5.345231771860334,-5.429558702146825,-5.507794720978102,-5.609956765417423
1700000003765000000,13765000000,754,753,753,0,0,,,,0,fist,hold,200.0,dev-0123456789abcdef0123456789abcdef,synthetic-3-fist,29,protocol,synthetic-demo-contract-v1,True,4.654476194687333,4.7975721879640005,4.95914040356652,5.100196580019531,5.246232344714888,5.402739957876775,5.564555522605377,5.702241347786482
1700000003770000000,13770000000,755,754,754,0,0,,,,0,fist,hold,200.0,dev-0123456789abcdef0123456789abcdef,synthetic-3-fist,29,protocol,synthetic-demo-contract-v1,True,-4.915325538605461,-5.011216437204815,-5.090667263589868,-5.187378860473676,-5.28086843115985,-5.363539803485969,-5.441704870861669,-5.544062853938163
1700000003775000000,13775000000,756,755,755,0,0,,,,0,fist,hold,200.0,dev-0123456789abcdef0123456789abcdef,synthetic-3-fist,29,protocol,synthetic-demo-contract-v1,True,4.715730267541295,4.861037167371975,5.020486389322132,5.166138955156996,5.313194193304721,5.471324623399132,5.633145734446909,5.770850278494773
1700000003780000000,13780000000,757,756,756,0,0,,,,0,fist,hold,200.0,dev-0123456789abcdef0123456789abcdef,synthetic-3-fist,29,protocol,synthetic-demo-contract-v1,True,-4.852622622557157,-4.945942530668566,-5.027653444791169,-5.119528518959374,-5.211861097360973,-5.292953601559724,-5.371180338801884,-5.473309589431834
1700000003785000000,13785000000,758,757,757,0,0,,,,0,fist,hold,200.0,dev-0123456789abcdef0123456789abcdef,synthetic-3-fist,29,protocol,synthetic-demo-contract-v1,True,4.77934680427585,4.927562749771206,5.084652996069888,5.2353334603912565,5.383677096435139,5.543331593151151,5.705022293898631,5.8431596321420916
1700000003790000000,13790000000,759,758,758,0,0,,,,0,fist,hold,200.0,dev-0123456789abcdef0123456789abcdef,synthetic-3-fist,29,protocol,synthetic-demo-contract-v1,True,-4.788630813163674,-4.878732429472955,-4.9628578433711965,-5.049564701512792,-5.140484727168071,-5.220118389422318,-5.298545487986284,-5.400045072409629
1700000003795000000,13795000000,760,759,759,0,0,,,,0,fist,hold,200.0,dev-0123456789abcdef0123456789abcdef,synthetic-3-fist,29,protocol,synthetic-demo-contract-v1,True,4.8431771227838345,4.994885267702857,5.1495493008164415,5.305485471129626,5.455357452480172,5.616395643886805,5.777815161111714,5.916770687642998
1700000003800000000,13800000000,761,760,760,0,0,,,,0,fist,hold,200.0,dev-0123456789abcdef0123456789abcdef,synthetic-3-fist,29,protocol,synthetic-demo-contract-v1,True,-4.725492563111248,-4.811869551264834,-4.898389346041779,-4.979807051477954,-5.0690923770312954,-5.147426846635781,-5.226196458378836,-5.326698757857593
1700000003805000000,13805000000,762,761,761,0,0,,,,0,fist,hold,200.0,dev-0123456789abcdef0123456789abcdef,synthetic-3-fist,29,protocol,synthetic-demo-contract-v1,True,4.905103364330572,5.060721470347234,5.213065533518284,5.374269614390201,5.525872183523615,5.6881163414146965,5.849121894636835,5.989243392751123
1700000003810000000,13810000000,763,762,762,0,0,,,,0,fist,hold,200.0,dev-0123456789abcdef0123456789abcdef,synthetic-3-fist,29,protocol,synthetic-demo-contract-v1,True,-4.6652833691836175,-4.747617124959492,-4.836341548608253,-4.912567339792348,-5.00003763020975,-5.077267394826267,-5.156522135769081,-5.255701075348253
1700000003815000000,13815000000,764,763,763,0,0,,,,0,fist,hold,200.0,dev-0123456789abcdef0123456789abcdef,synthetic-3-fist,29,protocol,synthetic-demo-contract-v1,True,4.963109413164287,5.122847764277173,5.2731411710070795,5.439406934606547,5.592896638672393,5.756136946522397,5.916586915914827,6.058177076456684
1700000003820000000,13820000000,765,764,764,0,0,,,,0,fist,hold,200.0,dev-0123456789abcdef0123456789abcdef,synthetic-3-fist,29,protocol,synthetic-demo-contract-v1,True,-4.609943834009585,-4.688139912778814,-4.778725297098006,-4.85007277156722,-4.935597006467368,-5.011945680353158,-5.091825308745388,-5.189403052106689
1700000003825000000,13825000000,766,765,765,0,0,,,,0,fist,hold,200.0,dev-0123456789abcdef0123456789abcdef,synthetic-3-fist,29,protocol,synthetic-demo-contract-v1,True,5.015345302213531,5.179176824817262,5.327831222964746,5.498740476447518,5.654221230550755,5.818221896797459,5.977979279165956,6.121289825347762
1700000003830000000,13830000000,767,766,766,0,0,,,,0,fist,hold,200.0,dev-0123456789abcdef0123456789abcdef,synthetic-3-fist,29,protocol,synthetic-demo-contract-v1,True,-4.561219282789156,-4.635429949913181,-4.727404101816815,-4.794392142622184,-4.877894912312068,-4.95360876642463,-5.034246614901473,-5.129998593967695
1700000003835000000,13835000000,768,767,767,0,0,,,,0,fist,hold,200.0,dev-0123456789abcdef0123456789abcdef,synthetic-3-fist,29,protocol,synthetic-demo-contract-v1,True,5.060183148586594,5.227828846794252,5.375368605511242,5.550306774872139,5.707824278508885,5.8723303159007445,6.031266380158605,6.176493902382315
1700000003840000000,13840000000,769,768,768,0,0,,,,0,fist,hold,200.0,dev-0123456789abcdef0123456789abcdef,synthetic-3-fist,29,protocol,synthetic-demo-contract-v1,True,-4.520608634383208,-4.591238929928163,-4.684034469659676,-4.747367297085241,-4.828833605934806,-4.904174528208588,-4.985693786793188,-5.079451990718123
1700000003845000000,13845000000,770,769,769,0,0,,,,0,fist,hold,200.0,dev-0123456789abcdef0123456789abcdef,synthetic-3-fist,29,protocol,synthetic-demo-contract-v1,True,5.096263184476261,5.267194934170522,5.414220632043828,5.5924008803878165,5.751938657132511,5.916683132193101,6.074681170095575,6.221964717853833
1700000003850000000,13850000000,771,770,770,0,0,,,,0,fist,hold,200.0,dev-0123456789abcdef0123456789abcdef,synthetic-3-fist,29,protocol,synthetic-demo-contract-v1,True,-4.4893236926915625,-4.557019585789789,-4.65001303486087,-4.710552159268207,-4.790030485686206,-4.865268573654295,-4.9477785345298155,-5.0394330391786735
1700000003855000000,13855000000,772,771,771,0,0,,,,0,fist,hold,200.0,dev-0123456789abcdef0123456789abcdef,synthetic-3-fist,29,protocol,synthetic-demo-contract-v1,True,5.122528985037294,5.295990450617876,5.443137845774161,5.623632764033695,5.785110052859823,5.949821598532509,6.106780653936964,6.256201075843067
1700000003860000000,13860000000,773,772,772,0,0,,,,0,fist,hold,200.0,dev-0123456789abcdef0123456789abcdef,synthetic-3-fist,29,protocol,synthetic-demo-contract-v1,True,-4.468259494478538,-4.533878053153959,-4.626432145514293,-4.685161359644117,-4.762764769494284,-4.838170765469514,-4.921763151108854,-5.01126192526804
1700000003865000000,13865000000,774,773,773,0,0,,,,0,fist,hold,200.0,dev-0123456789abcdef0123456789abcdef,synthetic-3-fist,29,protocol,synthetic-demo-contract-v1,True,5.138251510193825,5.313296552937399,5.461193667484311,5.642973234694507,5.806244908166581,5.970655287647161,6.126493738882956,6.278074708074117
1700000003870000000,13870000000,775,774,774,0,0,,,,0,fist,hold,200.0,dev-0123456789abcdef0123456789abcdef,synthetic-3-fist,29,protocol,synthetic-demo-contract-v1,True,-4.457975856298833,-4.522538770476275,-4.614045289914306,-4.6720301543877705,-4.747935323036577,-4.82377310411953,-4.908518606929534,-4.995865683540798
1700000003875000000,13875000000,776,775,775,0,0,,,,0,fist,hold,200.0,dev-0123456789abcdef0123456789abcdef,synthetic-3-fist,29,protocol,synthetic-demo-contract-v1,True,5.143042042246962,5.318588588897418,5.4678136273203615,5.649787851310945,5.814646472749176,5.978497983458727,6.1331568490477615,6.2868674612995425
1700000003880000000,13880000000,777,776,776,0,0,,,,0,fist,hold,200.0,dev-0123456789abcdef0123456789abcdef,synthetic-3-fist,29,protocol,synthetic-demo-contract-v1,True,-4.458689832659329,-4.523322988147905,-4.613243431799428,-4.6715869613174,-4.746031026940457,-4.822550358205814,-4.9084955218671125,-4.993747669960075
1700000003885000000,13885000000,778,777,777,0,0,,,,0,fist,hold,200.0,dev-0123456789abcdef0123456789abcdef,synthetic-3-fist,29,protocol,synthetic-demo-contract-v1,True,5.136854492467017,5.311750541033533,5.4627932815959195,5.643857712684805,5.8100377732104,5.973090286701051,6.1265361250367585,6.282294912427313
1700000003890000000,13890000000,779,778,778,0,0,,,,0,fist,hold,200.0,dev-0123456789abcdef0123456789abcdef,synthetic-3-fist,29,protocol,synthetic-demo-contract-v1,True,-4.470278449188222,-4.536141446445282,-4.624042976845932,-4.683839414782,-4.75711465991266,-4.834544409427843,-4.921708979303043,-5.004971053595541
1700000003895000000,13895000000,780,779,779,0,0,,,,0,fist,hold,200.0,dev-0123456789abcdef0123456789abcdef,synthetic-3-fist,29,protocol,synthetic-demo-contract-v1,True,5.11997785262345,5.293075217588973,5.446304274190334,5.625386444516746,5.792570744009058,5.954608190062799,6.106835468933185,6.264515634097943
1700000003900000000,13900000000,781,780,780,0,0,,,,0,fist,hold,200.0,dev-0123456789abcdef0123456789abcdef,synthetic-3-fist,29,protocol,synthetic-demo-contract-v1,True,-4.492290818936661,-4.560501260454735,-4.646085725052583,-4.708374392105492,-4.78082082912099,-4.85936282832002,-4.947737690550718,-5.029156869726376
1700000003905000000,13905000000,782,781,781,0,0,,,,0,fist,hold,200.0,dev-0123456789abcdef0123456789abcdef,synthetic-3-fist,29,protocol,synthetic-demo-contract-v1,True,5.093019775514481,5.263250410232203,5.4188883760833475,5.594993162483272,5.7628212186544205,5.923657339505383,6.074690161554061,6.234125807515334
1700000003910000000,13910000000,783,782,782,0,0,,,,0,fist,hold,200.0,dev-0123456789abcdef0123456789abcdef,synthetic-3-fist,29,protocol,synthetic-demo-contract-v1,True,-4.523968588700775,-4.59552653988384,-4.678650786329373,-4.744371999628021,-4.816368016057106,-4.896191728924272,-4.985737545214934,-5.065496695769968
1700000003915000000,13915000000,784,783,783,0,0,,,,0,fist,hold,200.0,dev-0123456789abcdef0123456789abcdef,synthetic-3-fist,29,protocol,synthetic-demo-contract-v1,True,5.056882384615902,5.223331735359567,5.381439714371657,5.553691656256019,5.721769946270262,5.881253169189864,6.031146254380282,6.192139363379568
1700000003920000000,13920000000,785,784,784,0,0,,,,0,fist,hold,200.0,dev-0123456789abcdef0123456789abcdef,synthetic-3-fist,29,protocol,synthetic-demo-contract-v1,True,-4.564273588731727,-4.639991792225164,-4.72067806121547,-4.79063304264997,-4.862584340765789,-4.943822480906279,-5.034469108761219,-5.112779528429338
1700000003925000000,13925000000,786,785,785,0,0,,,,0,fist,hold,200.0,dev-0123456789abcdef0123456789abcdef,synthetic-3-fist,29,protocol,synthetic-demo-contract-v1,True,5.012731447449829,5.174703333135697,5.335175772218853,5.502856496873939,5.670770259353176,5.828787562098103,5.977626407627553,6.139954309786313
1700000003930000000,13930000000,787,786,786,0,0,,,,0,fist,hold,200.0,dev-0123456789abcdef0123456789abcdef,synthetic-3-fist,29,protocol,synthetic-demo-contract-v1,True,-4.611921559517575,-4.692366726558139,-4.770802526645851,-4.845619056114798,-4.917946195074418,-5.000691401802695,-5.092338168584033,-5.169431971399699
1700000003935000000,13935000000,788,787,787,0,0,,,,0,fist,hold,200.0,dev-0123456789abcdef0123456789abcdef,synthetic-3-fist,29,protocol,synthetic-demo-contract-v1,True,4.961960017018023,5.119027999725921,5.281598092344169,5.444177203585651,5.611503458618392,5.767983131665625,5.915883293037587,6.0793063621682055
1700000003940000000,13940000000,789,788,788,0,0,,,,0,fist,hold,200.0,dev-0123456789abcdef0123456789abcdef,synthetic-3-fist,29,protocol,synthetic-demo-contract-v1,True,-4.665420884182832,-4.750870707181798,-4.82739822904881,-4.907503556531092,-4.980628471205425,-5.064931125096715,-5.157447999318882,-5.233570403377729
1700000003945000000,13945000000,790,789,789,0,0,,,,0,fist,hold,200.0,dev-0123456789abcdef0123456789abcdef,synthetic-3-fist,29,protocol,synthetic-demo-contract-v1,True,4.906147571839437,5.058188660140503,5.222443938216912,5.379602001782782,5.545923385755708,5.700836626971417,5.8479420903859,6.0122114097017
1700000003950000000,13950000000,791,790,790,0,0,,,,0,fist,hold,200.0,dev-0123456789abcdef0123456789abcdef,synthetic-3-fist,29,protocol,synthetic-demo-contract-v1,True,-4.723115341959885,-4.813534812918352,-4.888630584005748,-4.97423280424784,-5.04856472989099,-5.134431955711187,-5.2276616312458355,-5.303063400484928
1700000003955000000,13955000000,792,791,791,0,0,,,,0,fist,hold,200.0,dev-0123456789abcdef0123456789abcdef,synthetic-3-fist,29,protocol,synthetic-demo-contract-v1,True,4.847015590981349,4.994223341815234,5.15963044937073,5.311273047832791,5.476192011358961,5.629553321851977,5.776033966882449,5.94089872124858
1700000003960000000,13960000000,793,792,792,0,0,,,,0,fist,hold,200.0,dev-0123456789abcdef0123456789abcdef,synthetic-3-fist,29,protocol,synthetic-demo-contract-v1,True,-4.783229993849255,-4.878269247445459,-4.95251532239586,-5.043594051060865,-5.119515324434777,-5.206911195922236,-5.300672075147953,-5.375602348604788
1700000003965000000,13965000000,794,793,793,0,0,,,,0,fist,hold,200.0,dev-0123456789abcdef0123456789abcdef,synthetic-3-fist,29,protocol,synthetic-demo-contract-v1,True,4.786380408747421,4.9292559762033905,5.095193061659948,5.241455278103582,5.404608161494231,5.556474544948009,5.702522726695525,5.867737099679213
1700000003970000000,13970000000,795,794,794,0,0,,,,0,fist,hold,200.0,dev-0123456789abcdef0123456789abcdef,synthetic-3-fist,29,protocol,synthetic-demo-contract-v1,True,-4.843919394345348,-4.942933722839971,-5.016982215215838,-5.113289001623241,-5.1911412348826635,-5.279988162446246,-5.374078193830008,-5.448777910717177
1700000003975000000,13975000000,796,795,795,0,0,,,,0,fist,hold,200.0,dev-0123456789abcdef0123456789abcdef,synthetic-3-fist,29,protocol,synthetic-demo-contract-v1,True,4.726104124373898,4.865425434668952,5.031220142762305,5.172461248965478,5.333531732569769,5.484000733389081,5.62982704391309,5.795156426244149
1700000003980000000,13980000000,797,796,796,0,0,,,,0,fist,hold,200.0,dev-0123456789abcdef0123456789abcdef,synthetic-3-fist,29,protocol,synthetic-demo-contract-v1,True,-4.903317375150636,-5.005408403398944,-5.07994155939701,-5.181010046374518,-5.2610811782200795,-5.351262428170622,-5.445463723366428,-5.52015982101559
1700000003985000000,13985000000,798,797,797,0,0,,,,0,fist,hold,200.0,dev-0123456789abcdef0123456789abcdef,synthetic-3-fist,29,protocol,synthetic-demo-contract-v1,True,4.668044310362866,4.804815196883635,4.969785912342776,5.106574465179949,5.265305892906998,5.414512540145215,5.5603408388935724,5.7255671888388076
1700000003990000000,13990000000,799,798,798,0,0,,,,0,fist,hold,200.0,dev-0123456789abcdef0123456789abcdef,synthetic-3-fist,29,protocol,synthetic-demo-contract-v1,True,-4.959587655980513,-5.063663046991435,-5.13935131950266,-5.244516734276817,-5.327029452513061,-5.418392715848348,-5.512476842224765,-5.58737736779163
1700000003995000000,13995000000,800,799,799,0,0,,,,0,fist,hold,200.0,dev-0123456789abcdef0123456789abcdef,synthetic-3-fist,29,protocol,synthetic-demo-contract-v1,True,4.614003277766204,4.749385959130279,4.912883771384303,5.04597374159501,5.20217983578448,5.350292589175842,5.4963544202925005,5.661280654522975
1700000004000000000,14000000000,801,800,800,0,0,,,,0,fist,hold,200.0,dev-0123456789abcdef0123456789abcdef,synthetic-3-fist,29,protocol,synthetic-demo-contract-v1,True,-5.0109744986252105,-5.115822110763785,-5.193282797883218,-5.301709948421321,-5.386811948714275,-5.479173849553401,-5.572907667187117,-5.648197904388667
1700000004005000000,14005000000,802,801,801,0,0,,,,0,fist,hold,200.0,dev-0123456789abcdef0123456789abcdef,synthetic-3-fist,29,protocol,synthetic-demo-contract-v1,True,4.565677719361074,4.700913323743635,4.862362154517435,4.992661105989369,5.146234630546091,5.293450451272971,5.439978990999005,5.60443232531724
1700000004010000000,14010000000,803,802,802,0,0,,,,0,fist,hold,200.0,dev-0123456789abcdef0123456789abcdef,synthetic-3-fist,29,protocol,synthetic-demo-contract-v1,True,-5.055852535613842,-5.160223788339053,-5.239982749465717,-5.350701326611889,-5.438457824261781,-5.5316092335091485,-5.624761122128246,-5.70060079271089
1700000004015000000,14015000000,804,803,803,0,0,,,,0,fist,hold,200.0,dev-0123456789abcdef0123456789abcdef,synthetic-3-fist,29,protocol,synthetic-demo-contract-v1,True,4.524609656270265,4.6609324791617315,4.819864942956837,4.948395630585002,5.099314616231281,5.245853307624674,5.393077006543515,5.5569112078091845
1700000004020000000,14020000000,805,804,804,0,0,,,,0,fist,hold,200.0,dev-0123456789abcdef0123456789abcdef,synthetic-3-fist,29,protocol,synthetic-demo-contract-v1,True,-5.092774783676377,-5.195471205930783,-5.277929965660205,-5.389875629604989,-5.480264475615329,-5.573976474956408,-5.666322777020181,-5.742844334671491
1700000004025000000,14025000000,806,805,805,0,0,,,,0,fist,hold,200.0,dev-0123456789abcdef0123456789abcdef,synthetic-3-fist,29,protocol,synthetic-demo-contract-v1,True,4.492139747237258,4.6306914943509945,4.786778336048483,4.914635380289521,5.062966599465644,5.2090645810981115,5.357200682830644,5.5202972350440715
1700000004030000000,14030000000,807,806,806,0,0,,,,0,fist,hold,200.0,dev-0123456789abcdef0123456789abcdef,synthetic-3-fist,29,protocol,synthetic-demo-contract-v1,True,-5.120517710745245,-5.220474312708009,-5.305884521747351,-5.4179439963417595,-5.510853667788165,-5.60488399318564,-5.696215485060564,-5.773523478594017
1700000004035000000,14035000000,808,807,807,0,0,,,,0,fist,hold,200.0,dev-0123456789abcdef0123456789abcdef,synthetic-3-fist,29,protocol,synthetic-demo-contract-v1,True,4.46936416373951,4.611114524560559,4.764185880521255,4.892489393870846,5.038388861067744,5.184292553210797,5.333540682600375,5.495808909887471
1700000004040000000,14040000000,809,808,808,0,0,,,,0,fist,hold,200.0,dev-0123456789abcdef0123456789abcdef,synthetic-3-fist,29,protocol,synthetic-demo-contract-v1,True,-5.13812208446355,-5.234481343078503,-5.322928108580543,-5.43398633028093,-5.529216970458708,-5.623316753301373,-5.713444947994596,-5.7916163922983745
1700000004045000000,14045000000,810,809,809,0,0,,,,0,fist,hold,200.0,dev-0123456789abcdef0123456789abcdef,synthetic-3-fist,29,protocol,synthetic-demo-contract-v1,True,4.45709636567983,4.602775870892068,4.752833104189237,4.882681279140558,5.026391652465483,5.172350656345534,5.322886675615039,5.484262901419683
1700000004050000000,14050000000,811,810,810,0,0,,,,0,fist,hold,200.0,dev-0123456789abcdef0123456789abcdef,synthetic-3-fist,29,protocol,synthetic-demo-contract-v1,True,-5.144928214001337,-5.2370990918045965,-5.3284941457825585,-5.43748142360937,-5.534749002775021,-5.628669620963095,-5.717432703584196,-5.796518362349189
1700000004055000000,14055000000,812,811,811,0,0,,,,0,fist,hold,200.0,dev-0123456789abcdef0123456789abcdef,synthetic-3-fist,29,protocol,synthetic-demo-contract-v1,True,4.455835206999797,4.605885467449882,4.753102902569334,4.885525616050766,5.027370484232028,5.173630746773164,5.325601077205964,5.48604693109736
1700000004060000000,14060000000,813,812,812,0,0,,,,0,fist,hold,200.0,dev-0123456789abcdef0123456789abcdef,synthetic-3-fist,29,protocol,synthetic-demo-contract-v1,True,-5.140604129949725,-5.228301613845569,-5.322386691596703,-5.4283238345414775,-5.527267390874592,-5.620767241488271,-5.708035442803973,-5.7880618975821125
1700000004065000000,14065000000,814,813,813,0,0,,,,0,fist,hold,200.0,dev-0123456789abcdef0123456789abcdef,synthetic-3-fist,29,protocol,synthetic-demo-contract-v1,True,4.465740834323022,4.620285999696701,4.7650024915941405,4.900917935327534,5.041293087334984,5.188090237111938,5.341606836335691,5.50110684642835
1700000004070000000,14070000000,815,814,814,0,0,,,,0,fist,hold,200.0,dev-0123456789abcdef0123456789abcdef,synthetic-3-fist,29,protocol,synthetic-demo-contract-v1,True,-5.1251652517950586,-5.2084273271668895,-5.304787514610177,-5.406826973486623,-5.507018780182121,-5.5998697899133765,-5.685550014099214,-5.766522370734494
1700000004075000000,14075000000,816,815,815,0,0,,,,0,fist,hold,200.0,dev-0123456789abcdef0123456789abcdef,synthetic-3-fist,29,protocol,synthetic-demo-contract-v1,True,4.486619793889954,4.645461497873789,4.788162377421168,4.928338589086465,5.067700476945817,5.215253511020081,5.370389682007056,5.528948311241532
1700000004080000000,14080000000,817,816,816,0,0,,,,0,fist,hold,200.0,dev-0123456789abcdef0123456789abcdef,synthetic-3-fist,29,protocol,synthetic-demo-contract-v1,True,-5.098984187308356,-5.17816484734108,-5.2762510641124125,-5.373712311888231,-5.474670704278648,-5.566664403305915,-5.6507039431215675,-5.732609009749276
1700000004085000000,14085000000,818,817,817,0,0,,,,0,fist,hold,200.0,dev-0123456789abcdef0123456789abcdef,synthetic-3-fist,29,protocol,synthetic-demo-contract-v1,True,4.517920617215977,4.680556910341163,4.821847416265931,4.966870368821553,5.105722083739025,5.254227573186458,5.411014760900335,5.568653058763523
1700000004090000000,14090000000,819,818,818,0,0,,,,0,fist,hold,200.0,dev-0123456789abcdef0123456789abcdef,synthetic-3-fist,29,protocol,synthetic-demo-contract-v1,True,-5.062789505056637,-5.138528208002705,-5.237687457554404,-5.3300850877841786,-5.431289578400052,-5.522242577514926,-5.6046317732511195,-5.687441534325085
1700000004095000000,14095000000,820,819,819,0,0,,,,0,fist,hold,200.0,dev-0123456789abcdef0123456789abcdef,synthetic-3-fist,29,protocol,synthetic-demo-contract-v1,True,4.5587409059954,4.724407852184408,4.864979654792504,5.01522927054924,5.154104453849301,5.303731419508209,5.462157125218495,5.618909172578239
1700000004100000000,14100000000,821,820,820,0,0,,,,0,fist,hold,200.0,dev-0123456789abcdef0123456789abcdef,synthetic-3-fist,29,protocol,synthetic-demo-contract-v1,True,-5.017652624076433,-5.090822413264033,-5.190333983701568,-5.277397329323555,-5.378305543050636,-5.468064272146303,-5.548837999212254,-5.632513207574374
1700000004105000000,14105000000,822,821,821,0,0,,,,0,fist,hold,200.0,dev-0123456789abcdef0123456789abcdef,synthetic-3-fist,29,protocol,synthetic-demo-contract-v1,True,4.607846582277553,4.775579451362308,4.916172266691257,5.071807371841441,5.211252571338536,5.362138161126945,5.522145073478505,5.678054397025878
1700000004110000000,14110000000,823,822,822,0,0,,,,0,fist,hold,200.0,dev-0123456789abcdef0123456789abcdef,synthetic-3-fist,29,protocol,synthetic-demo-contract-v1,True,-4.9649623684831985,-5.03660052101872,-5.135715986823853,-5.217399436776495,-5.317465316728379,-5.405909904665974,-5.485147807810097,-5.569641521567738
1700000004115000000,14115000000,824,823,823,0,0,,,,0,fist,hold,200.0,dev-0123456789abcdef0123456789abcdef,synthetic-3-fist,29,protocol,synthetic-demo-contract-v1,True,4.663703520550215,4.83241298315801,4.97377354535744,5.134726385401412,5.275282440899749,5.4275285165817655,5.589014923436598,5.744131047997805
1700000004120000000,14120000000,825,824,824,0,0,,,,0,fist,hold,200.0,dev-0123456789abcdef0123456789abcdef,synthetic-3-fist,29,protocol,synthetic-demo-contract-v1,True,-4.90638722514076,-4.977613665420972,-5.075598339134937,-5.152081941120065,-5.250774612060447,-5.337821812787529,-5.415647241698402,-5.500908144264952
1700000004125000000,14125000000,826,825,825,0,0,,,,0,fist,hold,200.0,dev-0123456789abcdef0123456789abcdef,synthetic-3-fist,29,protocol,synthetic-demo-contract-v1,True,4.724521252813997,4.893078797124392,5.035919587286028,5.2019001019451725,5.344083197310097,5.4977539125254715,5.660575419435764,5.814950711619835
1700000004130000000,14130000000,827,826,826,0,0,,,,0,fist,hold,200.0,dev-0123456789abcdef0123456789abcdef,synthetic-3-fist,29,protocol,synthetic-demo-contract-v1,True,-4.843825896531159,-4.915755590167939,-5.011929014810775,-5.083609380613599,-5.180432013709512,-5.266037110590302,-5.342614750891671,-5.428590110366454
1700000004135000000,14135000000,828,827,827,0,0,,,,0,fist,hold,200.0,dev-0123456789abcdef0123456789abcdef,synthetic-3-fist,29,protocol,synthetic-demo-contract-v1,True,4.788307862860402,4.9556339008691594,5.100594016336421,5.271103643046565,5.41538669407782,5.570507117537082,5.734479658640819,5.888166594651384
1700000004140000000,14140000000,829,828,828,0,0,,,,0,fist,hold,200.0,dev-0123456789abcdef0123456789abcdef,synthetic-3-fist,29,protocol,synthetic-demo-contract-v1,True,-4.7793473283323555,-4.853003380465347,-4.946776539399084,-5.014248495252884,-5.108756497890313,-5.19291414674811,-5.268446380952475,-5.355084528237749
1700000004145000000,14145000000,830,829,829,0,0,,,,0,fist,hold,200.0,dev-0123456789abcdef0123456789abcdef,synthetic-3-fist,29,protocol,synthetic-demo-contract-v1,True,4.852934595067732,5.018082472314125,5.165692864672429,5.340047221878014,5.486842277162443,5.643398085940052,5.808302172362347,5.961351137252497
1700000004150000000,14150000000,831,830,830,0,0,,,,0,fist,hold,200.0,dev-0123456789abcdef0123456789abcdef,synthetic-3-fist,29,protocol,synthetic-demo-contract-v1,True,-4.715121976228479,-4.791356150911531,-4.882263294683387,-4.946293124147128,-5.038110982951876,-5.12085498352194,-5.195577057042121,-5.282829289695922
1700000004155000000,14155000000,832,831,831,0,0,,,,0,fist,hold,200.0,dev-0123456789abcdef0123456789abcdef,synthetic-3-fist,29,protocol,synthetic-demo-contract-v1,True,4.916208133583894,5.078437525761415,5.229092549783663,5.40645196370293,5.556094278711683,5.714032517344803,5.8796186281593,6.032076324449522
1700000004160000000,14160000000,833,832,832,0,0,,,,0,fist,hold,200.0,dev-0123456789abcdef0123456789abcdef,synthetic-3-fist,29,protocol,synthetic-demo-contract-v1,True,-4.653346620559804,-4.732773470186441,-4.820496804075717,-4.881988296679135,-4.970824431324649,-5.0522264458684365,-5.126400552377093,-5.214222402009038
1700000004165000000,14165000000,834,833,833,0,0,,,,0,fist,hold,200.0,dev-0123456789abcdef0123456789abcdef,synthetic-3-fist,29,protocol,synthetic-demo-contract-v1,True,4.975947998750742,5.1347819556098715,5.288718774674485,5.46812527326446,5.620859676088047,5.780090548504371,5.9460855312857115,6.097994042927528
1700000004170000000,14170000000,835,834,834,0,0,,,,0,fist,hold,200.0,dev-0123456789abcdef0123456789abcdef,synthetic-3-fist,29,protocol,synthetic-demo-contract-v1,True,-4.596165501932775,-4.67911528331879,-4.763501202187277,-4.823456031412587,-4.909115070888358,-4.989282336843752,-5.063190773804098,-5.151542607558393
1700000004175000000,14175000000,836,835,835,0,0,,,,0,fist,hold,200.0,dev-0123456789abcdef0123456789abcdef,synthetic-3-fist,29,protocol,synthetic-demo-contract-v1,True,5.030066096589314,5.1853272226646405,5.342614134272999,5.523033254875105,5.679003356009202,5.839402989930507,6.005517303199422,6.156913827665689
1700000004180000000,14180000000,837,836,836,0,0,,,,0,fist,hold,200.0,dev-0123456789abcdef0123456789abcdef,synthetic-3-fist,29,protocol,synthetic-demo-contract-v1,True,-4.545590900125812,-4.632085030880148,-4.7131511011869,-4.772625296478886,-4.855017266912863,-4.934089376905003,-5.008026954719363,-5.096873914717777
1700000004185000000,14185000000,838,837,837,0,0,,,,0,fist,hold,200.0,dev-0123456789abcdef0123456789abcdef,synthetic-3-fist,29,protocol,synthetic-demo-contract-v1,True,5.076645177307693,5.228468029036486,5.389002237485276,5.569367792278401,5.728608502577899,5.890022600694466,6.055958200327839,6.206875428492393
1700000004190000000,14190000000,839,838,838,0,0,,,,0,fist,hold,200.0,dev-0123456789abcdef0123456789abcdef,synthetic-3-fist,29,protocol,synthetic-demo-contract-v1,True,-4.503426482550609,-4.593177564493269,-4.67111000486762,-4.731168443751238,-4.81031445537621,-4.888459302004016,-4.962725217790687,-5.052036534982501
1700000004195000000,14195000000,840,839,839,0,0,,,,0,fist,hold,200.0,dev-0123456789abcdef0123456789abcdef,synthetic-3-fist,29,protocol,synthetic-demo-contract-v1,True,5.114012836275404,5.262831445755964,5.426346251030842,5.605606075726139,5.768039788727496,5.93028805826191,6.095746705293622,6.246213797059825
1700000004200000000,14200000000,841,840,840,0,0,,,,0,fist,hold,200.0,dev-0123456789abcdef0123456789abcdef,synthetic-3-fist,29,protocol,synthetic-demo-contract-v1,True,-4.471196785392901,-4.563633322501273,-4.638775290183887,-4.700446211326917,-4.776480348639258,-4.853889352573823,-4.928778761081348,-5.018526510462175
1700000004205000000,14205000000,842,841,841,0,0,,,,0,fist,hold,200.0,dev-0123456789abcdef0123456789abcdef,synthetic-3-fist,29,protocol,synthetic-demo-contract-v1,True,5.140807742618656,5.287319109414067,5.453399935948829,5.63056061707338,5.795997287858179,5.958878520701174,6.123570269795844,6.27361434441154
1700000004210000000,14210000000,843,842,842,0,0,,,,0,fist,hold,200.0,dev-0123456789abcdef0123456789abcdef,synthetic-3-fist,29,protocol,synthetic-demo-contract-v1,True,-4.450086048754361,-4.544400061589075,-4.617231578797143,-4.681463102043988,-4.754630351742599,-4.831513109306917,-4.907308638082262,-4.9974660294834825
1700000004215000000,14215000000,844,843,843,0,0,,,,0,fist,hold,200.0,dev-0123456789abcdef0123456789abcdef,synthetic-3-fist,29,protocol,synthetic-demo-contract-v1,True,5.156035012546501,5.30114128727632,5.469249475970079,5.643418111512342,5.811559328365157,5.974856988239445,6.138508605204236,6.288156640014171
1700000004220000000,14220000000,845,844,844,0,0,,,,0,fist,hold,200.0,dev-0123456789abcdef0123456789abcdef,synthetic-3-fist,29,protocol,synthetic-demo-contract-v1,True,-4.440889306427974,-4.536103242735988,-4.607214063428839,-4.67483459958298,-4.745484790979023,-4.8220632911087025,-4.899026754136808,-4.989566075669858
1700000004225000000,14225000000,846,845,845,0,0,,,,0,fist,hold,200.0,dev-0123456789abcdef0123456789abcdef,synthetic-3-fist,29,protocol,synthetic-demo-contract-v1,True,5.15910805104094,5.303841821184634,5.473344682226297,5.643765876198844,5.8142128782786955,5.977701039728881,6.140064093238976,6.289345104274995
1700000004230000000,14230000000,847,846,846,0,0,,,,0,fist,hold,200.0,dev-0123456789abcdef0123456789abcdef,synthetic-3-fist,29,protocol,synthetic-demo-contract-v1,True,-4.443978142933647,-4.53902594640347,-4.609083043137071,-4.680767289723348,-4.749345166980838,-4.825847736989782,-4.9042123002358915,-4.995102649091727
1700000004235000000,14235000000,848,847,847,0,0,,,,0,fist,hold,200.0,dev-0123456789abcdef0123456789abcdef,synthetic-3-fist,29,protocol,synthetic-demo-contract-v1,True,5.149874749286568,5.2953131957650115,5.4655184925074645,5.631605009062343,5.803870458329073,5.967319934991054,6.128178312498526,6.277125675602542
1700000004240000000,14240000000,849,848,848,0,0,,,,0,fist,hold,200.0,dev-0123456789abcdef0123456789abcdef,synthetic-3-fist,29,protocol,synthetic-demo-contract-v1,True,-4.459282898018694,-4.553098945847432,-4.6228105673880835,-4.699052525676441,-4.766084215183783,-4.842739359892811,-4.922702403376703,-5.013907350327589
1700000004245000000,14245000000,850,849,849,0,0,,,,0,fist,hold,200.0,dev-0123456789abcdef0123456789abcdef,synthetic-3-fist,29,protocol,synthetic-demo-contract-v1,True,5.128626618054579,5.275801232318143,5.44599405529198,5.6073498517775215,5.780873025865435,5.944057522561359,6.1032341331349045,6.251887895839318
1700000004250000000,14250000000,851,850,850,0,0,,,,0,fist,hold,200.0,dev-0123456789abcdef0123456789abcdef,synthetic-3-fist,29,protocol,synthetic-demo-contract-v1,True,-4.486292354909305,-4.577901302764452,-4.647979701913309,-4.729073827359633,-4.795150101343036,-4.872180400809265,-4.953897305152676,-5.045372644310034
1700000004255000000,14255000000,852,851,851,0,0,,,,0,fist,hold,200.0,dev-0123456789abcdef0123456789abcdef,synthetic-3-fist,29,protocol,synthetic-demo-contract-v1,True,5.096090221991937,5.245899182183103,5.415379087478648,5.571813794568214,5.745978734554739,5.908680859293117,6.066043306636381,6.214452339139386
1700000004260000000,14260000000,853,852,852,0,0,,,,0,fist,hold,200.0,dev-0123456789abcdef0123456789abcdef,synthetic-3-fist,29,protocol,synthetic-demo-contract-v1,True,-4.524071134062642,-4.612671570496392,-4.683796521975738,-4.769827749916385,-4.835584613788243,-4.913200841154954,-4.99677990236035,-5.088471636286754
1700000004265000000,14265000000,854,853,853,0,0,,,,0,fist,hold,200.0,dev-0123456789abcdef0123456789abcdef,synthetic-3-fist,29,protocol,synthetic-demo-contract-v1,True,5.053401112514398,5.206531277678414,5.3746476075223715,5.526181912169388,5.7003379404184535,5.8623549182385295,6.017819954840145,6.166043793203164
1700000004270000000,14270000000,855,854,854,0,0,,,,0,fist,hold,200.0,dev-0123456789abcdef0123456789abcdef,synthetic-3-fist,29,protocol,synthetic-demo-contract-v1,True,-4.571294175176349,-4.656329401703808,-4.729114523816129,-4.819957511781034,-4.886054752675603,-4.964450365718366,-5.04994901090011,-5.141791713090576
1700000004275000000,14275000000,856,855,855,0,0,,,,0,fist,hold,200.0,dev-0123456789abcdef0123456789abcdef,synthetic-3-fist,29,protocol,synthetic-demo-contract-v1,True,5.002061290098736,5.1589260896177676,5.325109559241574,5.471971354945084,5.645455278180123,5.8066042187376725,5.960140826255833,6.108251072253443
1700000004280000000,14280000000,857,856,856,0,0,,,,0,fist,hold,200.0,dev-0123456789abcdef0123456789abcdef,synthetic-3-fist,29,protocol,synthetic-demo-contract-v1,True,-4.626296875121304,-4.707507065463352,-4.782470736153656,-4.877798251844105,-4.944896674837852,-5.024242822893745,-5.111665262666525,-5.203580944995004
1700000004285000000,14285000000,858,857,857,0,0,,,,0,fist,hold,200.0,dev-0123456789abcdef0123456789abcdef,synthetic-3-fist,29,protocol,synthetic-demo-contract-v1,True,4.943882011983499,5.104580331802144,5.268369242420007,5.410980822498094,5.58314005814837,5.743262642664656,5.894893623260353,6.042974782714195
1700000004290000000,14290000000,859,858,858,0,0,,,,0,fist,hold,200.0,dev-0123456789abcdef0123456789abcdef,synthetic-3-fist,29,protocol,synthetic-demo-contract-v1,True,-4.6871387055566105,-4.764590089598982,-4.842132424133075,-4.9414324026686165,-5.010170545507422,-5.090611718020375,-5.179908129337868,-5.2718057218452445
1700000004295000000,14295000000,860,859,859,0,0,,,,0,fist,hold,200.0,dev-0123456789abcdef0123456789abcdef,synthetic-3-fist,29,protocol,synthetic-demo-contract-v1,True,4.880914453093338,5.045214037975234,5.2062738411729885,5.345230805827876,5.515446618895496,5.674413089157267,5.824215096387378,5.972364760662547
1700000004300000000,14300000000,861,860,860,0,0,,,,0,fist,hold,200.0,dev-0123456789abcdef0123456789abcdef,synthetic-3-fist,29,protocol,synthetic-demo-contract-v1,True,-4.751677504255258,-4.825765964919606,-4.906152921066233,-5.008753334822543,-5.079724488622376,-5.161374912985733,-5.252442200674149,-5.344217725816377
1700000004305000000,14305000000,862,861,861,0,0,,,,0,fist,hold,200.0,dev-0123456789abcdef0123456789abcdef,synthetic-3-fist,29,protocol,synthetic-demo-contract-v1,True,4.815371286672354,4.9827183079522355,5.140853677243282,5.276896586418178,5.444606602118009,5.602318954118963,5.750420938850208,5.898749241620458
1700000004310000000,14310000000,863,862,862,0,0,,,,0,fist,hold,200.0,dev-0123456789abcdef0123456789abcdef,synthetic-3-fist,29,protocol,synthetic-demo-contract-v1,True,-4.817651154403101,-4.889079586760436,-4.972434810866883,-5.077535157104804,-5.151265527472936,-5.234206402739935,-5.326890540182633,-5.418428034321995
1700000004315000000,14315000000,864,863,863,0,0,,,,0,fist,hold,200.0,dev-0123456789abcdef0123456789abcdef,synthetic-3-fist,29,protocol,synthetic-demo-contract-v1,True,4.749542645400121,4.919097068872302,5.074256101371691,5.208236216678187,5.372955382365726,5.529349689348789,5.675929784507519,5.8245580968573245
1700000004320000000,14320000000,865,864,864,0,0,,,,0,fist,hold,200.0,dev-0123456789abcdef0123456789abcdef,synthetic-3-fist,29,protocol,synthetic-demo-contract-v1,True,-4.882763062517485,-4.952493874145051,-5.038798427091208,-5.14550635756684,-5.22243517699657,-5.306712806956899,-5.400812707847261,-5.491985910480243
1700000004325000000,14325000000,866,865,865,0,0,,,,0,fist,hold,200.0,dev-0123456789abcdef0123456789abcdef,synthetic-3-fist,29,protocol,synthetic-demo-contract-v1,True,4.68571013297466,4.856404516300795,5.008675161576935,5.141515868249199,5.302855077022096,5.457902890498633,5.6031838068108275,5.752242667047443
1700000004330000000,14330000000,867,866,866,0,0,,,,0,fist,hold,200.0,dev-0123456789abcdef0123456789abcdef,synthetic-3-fist,29,protocol,synthetic-demo-contract-v1,True,-4.944767733044152,-5.013953806556726,-5.103053442165683,-5.210424847236388,-5.290887195679251,-5.376512060401568,-5.471784885727188,-5.562459682945282
1700000004335000000,14335000000,868,867,867,0,0,,,,0,fist,hold,200.0,dev-0123456789abcdef0123456789abcdef,synthetic-3-fist,29,protocol,synthetic-demo-contract-v1,True,4.626062571439666,4.796680079670551,4.946279344352267,5.078935017611948,5.236616674656605,5.390325476793457,5.534568528454509,5.684194837360657
1700000004340000000,14340000000,869,868,868,0,0,,,,0,fist,hold,200.0,dev-0123456789abcdef0123456789abcdef,synthetic-3-fist,29,protocol,synthetic-demo-contract-v1,True,-5.0015528188186416,-5.071451961177969,-5.163071199888198,-5.270151926244824,-5.354364933825109,-5.441311713700241,-5.537479472683703,-5.627517046982448
1700000004345000000,14345000000,870,869,869,0,0,,,,0,fist,hold,200.0,dev-0123456789abcdef0123456789abcdef,synthetic-3-fist,29,protocol,synthetic-demo-contract-v1,True,4.572616994376533,4.741882889054792,4.889139767379549,5.022553939609044,5.176423848934813,5.3288365548495005,5.472334477783576,5.622668024107014
1700000004350000000,14350000000,871,870,870,0,0,,,,0,fist,hold,200.0,dev-0123456789abcdef0123456789abcdef,synthetic-3-fist,29,protocol,synthetic-demo-contract-v1,True,-5.05121429191044,-5.123093527470528,-5.2168554005158185,-5.32272273187457,-5.41077572826311,-5.498984269514086,-5.595741531591771,-5.685002136730968
1700000004355000000,14355000000,872,871,871,0,0,,,,0,fist,hold,200.0,dev-0123456789abcdef0123456789abcdef,synthetic-3-fist,29,protocol,synthetic-demo-contract-v1,True,4.5271480458108755,4.693827797974996,4.839161206713771,4.97422589905928,5.124260969703989,5.275454503033077,5.41852326762481,5.569702681026531
1700000004360000000,14360000000,873,872,872,0,0,,,,0,fist,hold,200.0,dev-0123456789abcdef0123456789abcdef,synthetic-3-fist,29,protocol,synthetic-demo-contract-v1,True,-5.092121808064408,-5.167158728133005,-5.262608783093913,-5.366410848394997,-5.458259890929084,-5.547637077133166,-5.64465957557857,-5.733006824084446
1700000004365000000,14365000000,874,873,873,0,0,,,,0,fist,hold,200.0,dev-0123456789abcdef0123456789abcdef,synthetic-3-fist,29,protocol,synthetic-demo-contract-v1,True,4.491128445223593,4.654125033493926,4.798018266413133,4.935536271411676,5.081847684504366,5.231930673471622,5.37490052707276,5.527058785238159
1700000004370000000,14370000000,875,874,874,0,0,,,,0,fist,hold,200.0,dev-0123456789abcdef0123456789abcdef,synthetic-3-fist,29,protocol,synthetic-demo-contract-v1,True,-5.1229718995125815,-5.202160591412165,-5.298793563904814,-5.3997849553026,-5.495252016984724,-5.585674488000934,-5.682628365718735,-5.769933889068707
1700000004375000000,14375000000,876,875,875,0,0,,,,0,fist,hold,200.0,dev-0123456789abcdef0123456789abcdef,synthetic-3-fist,29,protocol,synthetic-demo-contract-v1,True,4.465682564901851,4.624125495463542,4.76709884584552,4.907750590789742,5.050582227149756,5.19969189065798,5.342897891652836,5.4961575336009965
1700000004380000000,14380000000,877,876,876,0,0,,,,0,fist,hold,200.0,dev-0123456789abcdef0123456789abcdef,synthetic-3-fist,29,protocol,synthetic-demo-contract-v1,True,-5.1428272875178,-5.226896103256079,-5.324183580125384,-5.421755657066106,-5.520532591335812,-5.611850229726147,-5.708401655093066,-5.7945499737804385
1700000004385000000,14385000000,878,877,877,0,0,,,,0,fist,hold,200.0,dev-0123456789abcdef0123456789abcdef,synthetic-3-fist,29,protocol,synthetic-demo-contract-v1,True,4.451554477478165,4.604873608752482,4.747456833601231,4.891773225644439,5.031495322316924,5.1797936357708325,5.323565959600829,5.478034177336126
1700000004390000000,14390000000,879,878,878,0,0,,,,0,fist,hold,200.0,dev-0123456789abcdef0123456789abcdef,synthetic-3-fist,29,protocol,synthetic-demo-contract-v1,True,-5.15114131528249,-5.240488920466492,-5.337906348481045,-5.431610964755672,-5.5332681922437565,-5.625308278335977,-5.721133144553217,-5.806026568077446
1700000004395000000,14395000000,880,879,879,0,0,,,,0,fist,hold,200.0,dev-0123456789abcdef0123456789abcdef,synthetic-3-fist,29,protocol,synthetic-demo-contract-v1,True,4.449091112345658,4.597069445220392,4.739775663842322,4.888118028548734,5.025216205765674,5.172885453918145,5.317539761533243,5.473303556180391
1700000004400000000,14400000000,881,880,880,0,0,,,,0,fist,hold,200.0,dev-0123456789abcdef0123456789abcdef,synthetic-3-fist,29,protocol,synthetic-demo-contract-v1,True,-5.147767220021705,-5.242422046877161,-5.339473571900826,-5.429039277073672,-5.533038966642593,-5.625610887255264,-5.720404303058228,-5.803967669213857
1700000004405000000,14405000000,882,881,881,0,0,,,,0,fist,hold,200.0,dev-0123456789abcdef0123456789abcdef,synthetic-3-fist,29,protocol,synthetic-demo-contract-v1,True,4.458240453044242,4.6010415784520315,4.744344020139133,4.8968919092202485,5.031951880397139,5.179189719088559,5.325017879394494,5.482139475166262
1700000004410000000,14410000000,883,882,882,0,0,,,,0,fist,hold,200.0,dev-0123456789abcdef0123456789abcdef,synthetic-3-fist,29,protocol,synthetic-demo-contract-v1,True,-5.132952647928192,-5.232559159939134,-5.328799002714081,-5.414139122749722,-5.519852471385911,-5.61275285428998,-5.706238137311306,-5.788423196514265
1700000004415000000,14415000000,884,883,883,0,0,,,,0,fist,hold,200.0,dev-0123456789abcdef0123456789abcdef,synthetic-3-fist,29,protocol,synthetic-demo-contract-v1,True,4.478564053884771,4.616731818955028,4.761044574588245,4.917791851860917,5.051480292013337,5.198494451919173,5.345755901790339,5.504268611120644
1700000004420000000,14420000000,885,884,884,0,0,,,,0,fist,hold,200.0,dev-0123456789abcdef0123456789abcdef,synthetic-3-fist,29,protocol,synthetic-demo-contract-v1,True,-5.107320429858946,-5.211153618356078,-5.30620298666485,-5.387415364258126,-5.49414342412095,-5.587161560826287,-5.679098457416924,-5.759887711518507
1700000004425000000,14425000000,886,885,885,0,0,,,,0,fist,hold,200.0,dev-0123456789abcdef0123456789abcdef,synthetic-3-fist,29,protocol,synthetic-demo-contract-v1,True,4.509262587379409,4.643692608661514,4.789356219212002,4.950115453542045,5.083157649751967,5.230160422933266,5.379074431418435,5.538979157176023
1700000004430000000,14430000000,887,886,886,0,0,,,,0,fist,hold,200.0,dev-0123456789abcdef0123456789abcdef,synthetic-3-fist,29,protocol,synthetic-demo-contract-v1,True,-5.071837148256294,-5.178844573188082,-5.272403454301834,-5.349762009860241,-5.4567593720027485,-5.549682785619438,-5.639874662197506,-5.719284478336709
1700000004435000000,14435000000,888,887,887,0,0,,,,0,fist,hold,200.0,dev-0123456789abcdef0123456789abcdef,synthetic-3-fist,29,protocol,synthetic-demo-contract-v1,True,4.549212680831827,4.6810974418982685,4.82836979656184,4.9927846143341705,5.125939649864469,5.273142303890981,5.423881381798338,5.5851439277701225
1700000004440000000,14440000000,889,888,888,0,0,,,,0,fist,hold,200.0,dev-0123456789abcdef0123456789abcdef,synthetic-3-fist,29,protocol,synthetic-demo-contract-v1,True,-5.027771415336769,-5.1366400331067545,-5.228493580393322,-5.302432222301325,-5.408932750706199,-5.501552763529786,-5.589852543962503,-5.6679353822687135
1700000004445000000,14445000000,890,889,889,0,0,,,,0,fist,hold,200.0,dev-0123456789abcdef0123456789abcdef,synthetic-3-fist,29,protocol,synthetic-demo-contract-v1,True,4.597012977567462,4.727764238722265,4.876816882183425,5.044381576899369,5.178415903155603,5.326023167798706,5.478707830630251,5.641257169790189
1700000004450000000,14450000000,891,890,890,0,0,,,,0,fist,hold,200.0,dev-0123456789abcdef0123456789abcdef,synthetic-3-fist,29,protocol,synthetic-demo-contract-v1,True,-4.976644037147563,-5.085887184926378,-5.175906782587794,-5.246996533558067,-5.35224025486325,-5.444357411965589,-5.53067207224155,-5.607517691129206
1700000004455000000,14455000000,892,891,891,0,0,,,,0,fist,hold,200.0,dev-0123456789abcdef0123456789abcdef,synthetic-3-fist,29,protocol,synthetic-demo-contract-v1,True,4.651037172399091,4.782191140940932,4.9331107285808455,5.1031961075793255,5.238856431119141,5.387061199144194,5.541756251336517,5.70548387341644
1700000004460000000,14460000000,893,892,892,0,0,,,,0,fist,hold,200.0,dev-0123456789abcdef0123456789abcdef,synthetic-3-fist,29,protocol,synthetic-demo-contract-v1,True,-4.920172356172033,-5.028230727039613,-5.116370162194694,-5.185290661998721,-5.288550859355335,-5.379980069729222,-5.46427354415047,-5.5400090778006765
1700000004465000000,14465000000,894,893,893,0,0,,,,0,fist,hold,200.0,dev-0123456789abcdef0123456789abcdef,synthetic-3-fist,29,protocol,synthetic-demo-contract-v1,True,4.70949171856928,4.8426037480449375,4.995398063771552,5.167282245942719,5.305268697936975,5.454247074506205,5.610959537330714,5.77571996374562
1700000004470000000,14470000000,895,894,894,0,0,,,,0,fist,hold,200.0,dev-0123456789abcdef0123456789abcdef,synthetic-3-fist,29,protocol,synthetic-demo-contract-v1,True,-4.860211054984334,-4.965560418642503,-5.051847887764031,-5.119354668499113,-5.219964205037011,-5.310539470555606,-5.3928338715648225,-5.467622709994131
1700000004475000000,14475000000,896,895,895,0,0,,,,0,fist,hold,200.0,dev-0123456789abcdef0123456789abcdef,synthetic-3-fist,29,protocol,synthetic-demo-contract-v1,True,4.770475971917971,4.907012377321004,5.061620061953843,5.234522737246335,5.37546329817446,5.5253701230322765,5.684048878709501,5.84966139503627
1700000004480000000,14480000000,897,896,896,0,0,,,,0,fist,hold,200.0,dev-0123456789abcdef0123456789abcdef,synthetic-3-fist,29,protocol,synthetic-demo-contract-v1,True,-4.798691581729781,-4.899949463849336,-4.98447637215835,-5.051365470343042,-5.14874138012139,-5.238319994461672,-5.318695099544433,-5.392734541248919
1700000004485000000,14485000000,898,897,897,0,0,,,,0,fist,hold,200.0,dev-0123456789abcdef0123456789abcdef,synthetic-3-fist,29,protocol,synthetic-demo-contract-v1,True,4.832042707091071,4.97327753732702,5.129580482467367,5.302699012501379,5.447126134653385,5.598091087915036,5.758628260047253,5.924879875265723
1700000004490000000,14490000000,899,898,898,0,0,,,,0,fist,hold,200.0,dev-0123456789abcdef0123456789abcdef,synthetic-3-fist,29,protocol,synthetic-demo-contract-v1,True,-4.7375621482840335,-4.833585719479143,-4.916493383589991,-4.983564946948754,-5.077230379149428,-5.165696493547939,-5.244287505815075,-5.317805195021893
1700000004495000000,14495000000,900,899,899,0,0,,,,0,fist,hold,200.0,dev-0123456789abcdef0123456789abcdef,synthetic-3-fist,29,protocol,synthetic-demo-contract-v1,True,4.892257184438639,5.039181463744091,5.1970187176409945,5.369564401913238,5.517894707023034,5.670019093402907,5.832253130367883,5.9989027293360655
1700000004500000000,14500000000,901,900,900,0,0,,,,0,fist,hold,200.0,dev-0123456789abcdef0123456789abcdef,synthetic-3-fist,29,protocol,synthetic-demo-contract-v1,True,-4.678729981444473,-4.768698022055012,-4.850163450140431,-4.918186012658311,-5.0077886969284435,-5.09505616677838,-5.1720498091688345,-5.2452990127873
1700000004505000000,14505000000,902,901,901,0,0,,,,0,fist,hold,200.0,dev-0123456789abcdef0123456789abcdef,synthetic-3-fist,29,protocol,synthetic-demo-contract-v1,True,4.949253236046666,5.102503296899545,5.261685309665048,5.4329181651203635,5.585435996033014,5.738790284167455,5.9025106593300665,6.0692942719593885
1700000004510000000,14510000000,903,902,902,0,0,,,,0,fist,hold,200.0,dev-0123456789abcdef0123456789abcdef,synthetic-3-fist,29,protocol,synthetic-demo-contract-v1,True,-4.62400720575048,-4.707480158919433,-4.787702057428961,-4.857379094514323,-4.942705609276434,-5.028720054676181,-5.104349109537129,-5.177602931473152
1700000004515000000,14515000000,904,903,903,0,0,,,,0,fist,hold,200.0,dev-0123456789abcdef0123456789abcdef,synthetic-3-fist,29,protocol,synthetic-demo-contract-v1,True,5.001285145928134,5.161095294216314,5.321417398161125,5.490677899099719,5.6475233759061005,5.802145549530765,5.967098941696618,6.133736010535621
1700000004520000000,14520000000,905,904,904,0,0,,,,0,fist,hold,200.0,dev-0123456789abcdef0123456789abcdef,synthetic-3-fist,29,protocol,synthetic-demo-contract-v1,True,-4.575061431907388,-4.652015148515651,-4.731201194850765,-4.8031414352345525,-4.884126702733905,-4.96886673665625,-5.043403191101428,-5.116947862165817
1700000004525000000,14525000000,906,905,905,0,0,,,,0,fist,hold,200.0,dev-0123456789abcdef0123456789abcdef,synthetic-3-fist,29,protocol,synthetic-demo-contract-v1,True,5.046774395770669,5.212957378723755,5.374211547738381,5.540947942402469,5.702110019249844,5.858004775900638,6.023902546971983,6.190103035900601
1700000004530000000,14530000000,907,906,906,0,0,,,,0,fist,hold,200.0,dev-0123456789abcdef0123456789abcdef,synthetic-3-fist,29,protocol,synthetic-demo-contract-v1,True,-4.533371842335082,-4.6042025373111155,-4.68255877453669,-4.757251544236851,-4.8339831412632535,-4.917460740502514,-4.991207741857527,-5.065335160584687
1700000004535000000,14535000000,908,907,907,0,0,,,,0,fist,hold,200.0,dev-0123456789abcdef0123456789abcdef,synthetic-3-fist,29,protocol,synthetic-demo-contract-v1,True,5.084350611241576,5.25630733320595,5.418291479649897,5.582081530456859,5.747396374575921,5.904535185733652,6.071061931532586,6.236534083450142
1700000004540000000,14540000000,909,908,908,0,0,,,,0,fist,hold,200.0,dev-0123456789abcdef0123456789abcdef,synthetic-3-fist,29,protocol,synthetic-demo-contract-v1,True,-4.500191324712327,-4.565691360875236,-4.643414329280856,-4.72121094594336,-4.793928001792224,-4.876188017719868,-4.949470881111545,-5.024470613026836
1700000004545000000,14545000000,910,909,909,0,0,,,,0,fist,hold,200.0,dev-0123456789abcdef0123456789abcdef,synthetic-3-fist,29,protocol,synthetic-demo-contract-v1,True,5.112886258347006,5.289644061172917,5.452168391797277,5.6127346663763005,5.781889491903596,5.940211516640936,6.107034432673164,6.271492954749679
1700000004550000000,14550000000,911,910,910,0,0,,,,0,fist,hold,200.0,dev-0123456789abcdef0123456789abcdef,synthetic-3-fist,29,protocol,synthetic-demo-contract-v1,True,-4.4765150182928455,-4.537821253790695,-4.615093194544254,-4.696195130582789,-4.765281777420139,-4.846400605294106,-4.9195571457940455,-4.995708114784499
1700000004555000000,14555000000,912,911,911,0,0,,,,0,fist,hold,200.0,dev-0123456789abcdef0123456789abcdef,synthetic-3-fist,29,protocol,synthetic-demo-contract-v1,True,5.131524795770307,5.311801548925282,5.474691791884335,5.631909947979985,5.8044522406671835,5.9638660634219445,6.1306448410921295,6.293819273497271
1700000004560000000,14560000000,913,912,912,0,0,,,,0,fist,hold,200.0,dev-0123456789abcdef0123456789abcdef,synthetic-3-fist,29,protocol,synthetic-demo-contract-v1,True,-4.463055511286953,-4.521573931258444,-4.598561101615346,-4.683015306494717,-4.7489888448762905,-4.829072291473374,-4.9024427751569934,-4.980004899557428
1700000004565000000,14565000000,914,913,913,0,0,,,,0,fist,hold,200.0,dev-0123456789abcdef0123456789abcdef,synthetic-3-fist,29,protocol,synthetic-demo-contract-v1,True,5.139702086340107,5.321991471480614,5.4850890817466995,5.638988925336442,5.814340797366446,5.9747269399783764,6.141123891314358,6.302766900286289
1700000004570000000,14570000000,915,914,914,0,0,,,,0,fist,hold,200.0,dev-0123456789abcdef0123456789abcdef,synthetic-3-fist,29,protocol,synthetic-demo-contract-v1,True,-4.4602248580170505,-4.517536912658134,-4.594390763176348,-4.6820921947283045,-4.745586331362728,-4.824766740530062,-4.898683761618064,-4.977889798595573
1700000004575000000,14575000000,916,915,915,0,0,,,,0,fist,hold,200.0,dev-0123456789abcdef0123456789abcdef,synthetic-3-fist,29,protocol,synthetic-demo-contract-v1,True,5.137160915205237,5.319832778749606,5.482992506434431,5.633751942980843,5.8112291671089364,5.972443306208502,6.138133407108162,6.298028736477284
1700000004580000000,14580000000,917,916,916,0,0,,,,0,fist,hold,200.0,dev-0123456789abcdef0123456789abcdef,synthetic-3-fist,29,protocol,synthetic-demo-contract-v1,True,-4.468123562024637,-4.525880926236104,-4.602741630415462,-4.693442708413038,-4.755186407144598,-4.833619121024857,-4.908397715479197,-4.989445579714816
1700000004585000000,14585000000,918,917,917,0,0,,,,0,fist,hold,200.0,dev-0123456789abcdef0123456789abcdef,synthetic-3-fist,29,protocol,synthetic-demo-contract-v1,True,5.123958466872452,5.305367062919356,5.468452506887004,5.616384834443296,5.795219930645518,5.957096734320859,6.121777278006135,6.2797470952762025
1700000004590000000,14590000000,919,918,918,0,0,,,,0,fist,hold,200.0,dev-0123456789abcdef0123456789abcdef,synthetic-3-fist,29,protocol,synthetic-demo-contract-v1,True,-4.486536680171479,-4.546351940434069,-4.623353556029393,-4.716679934144975,-4.777472587646134,-4.855331837397625,-4.93126013679908,-5.014305953039477
1700000004595000000,14595000000,920,919,919,0,0,,,,0,fist,hold,200.0,dev-0123456789abcdef0123456789abcdef,synthetic-3-fist,29,protocol,synthetic-demo-contract-v1,True,5.100466595896539,5.279059026005916,5.441936975565416,5.587472270190626,5.766840862602727,5.929198345392252,6.0925979091333415,6.248509293084632
1700000004600000000,14600000000,921,920,920,0,0,,,,0,fist,hold,200.0,dev-0123456789abcdef0123456789abcdef,synthetic-3-fist,29,protocol,synthetic-demo-contract-v1,True,-4.514937223407968,-4.578278230068875,-4.655554625160536,-4.751026394515481,-4.811710166960648,-4.889184500400045,-4.966515213801849,-5.0516673475953535
1700000004605000000,14605000000,922,921,921,0,0,,,,0,fist,hold,200.0,dev-0123456789abcdef0123456789abcdef,synthetic-3-fist,29,protocol,synthetic-demo-contract-v1,True,5.067364707502419,5.2417819178398695,5.404316394408664,5.547977999237581,5.7270275323983855,5.88967181539822,6.0515582643398345,6.205328600696449
1700000004610000000,14610000000,923,922,922,0,0,,,,0,fist,hold,200.0,dev-0123456789abcdef0123456789abcdef,synthetic-3-fist,29,protocol,synthetic-demo-contract-v1,True,-4.5524970408906675,-4.620592325766426,-4.6982829327614075,-4.795340134337823,-4.8567704388142525,-4.934057803251907,-5.013000789454453,-5.100315076604207
1700000004615000000,14615000000,924,923,923,0,0,,,,0,fist,hold,200.0,dev-0123456789abcdef0123456789abcdef,synthetic-3-fist,29,protocol,synthetic-demo-contract-v1,True,5.025625066137583,5.194788377435134,5.356835317385861,5.499212655080523,5.677092461433996,5.839822814942166,6.000010096401984,6.1516111759397525
1700000004620000000,14620000000,925,924,924,0,0,,,,0,fist,hold,200.0,dev-0123456789abcdef0123456789abcdef,synthetic-3-fist,29,protocol,synthetic-demo-contract-v1,True,-4.598105354759773,-4.671867135185163,-4.750121607826817,-4.848152752441831,-4.911167906493625,-4.98847051287433,-5.069186671965577,-5.158663035531939
1700000004625000000,14625000000,926,925,925,0,0,,,,0,fist,hold,200.0,dev-0123456789abcdef0123456789abcdef,synthetic-3-fist,29,protocol,synthetic-demo-contract-v1,True,4.976490391458115,5.139667662033996,5.30107112894129,5.4427902041260365,5.618681853355162,5.781295893196104,5.939649412207969,6.089110061025542
1700000004630000000,14630000000,927,926,926,0,0,,,,0,fist,hold,200.0,dev-0123456789abcdef0123456789abcdef,synthetic-3-fist,29,protocol,synthetic-demo-contract-v1,True,-4.650395045342509,-4.7303649873967,-4.809345929040873,-4.907718109894495,-4.973109255042436,-5.050628354187355,-5.133225026280272,-5.224805631226647
1700000004635000000,14635000000,928,927,927,0,0,,,,0,fist,hold,200.0,dev-0123456789abcdef0123456789abcdef,synthetic-3-fist,29,protocol,synthetic-demo-contract-v1,True,4.921443698048527,5.078290765583705,5.238881448388149,5.380574486091048,5.553721323848511,5.716020229455241,5.872460640433939,6.019867753955182
1700000004640000000,14640000000,929,928,928,0,0,,,,0,fist,hold,200.0,dev-0123456789abcdef0123456789abcdef,synthetic-3-fist,29,protocol,synthetic-demo-contract-v1,True,-4.707776658084083,-4.794097859382566,-4.873980958624423,-4.9720700969437965,-5.040552471265833,-5.118483174449646,-5.203011186599146,-5.296580237534871
1700000004645000000,14645000000,930,929,929,0,0,,,,0,fist,hold,200.0,dev-0123456789abcdef0123456789abcdef,synthetic-3-fist,29,protocol,synthetic-demo-contract-v1,True,4.862170496840255,5.012745390650457,5.172341943384672,5.314617618823473,5.4843524190944875,5.646146041617024,5.800651340444879,5.946149239817533
1700000004650000000,14650000000,931,930,930,0,0,,,,0,fist,hold,200.0,dev-0123456789abcdef0123456789abcdef,synthetic-3-fist,29,protocol,synthetic-demo-contract-v1,True,-4.76847990805805,-4.860896616316106,-4.941867756252263,-5.03908754622915,-5.111274162540681,-5.189800436824945,-5.2762528875995205,-5.37163812588265
1700000004655000000,14655000000,932,931,931,0,0,,,,0,fist,hold,200.0,dev-0123456789abcdef0123456789abcdef,synthetic-3-fist,29,protocol,synthetic-demo-contract-v1,True,4.800513705021147,4.94526312565984,5.103676649142522,5.247092304132352,5.412862015664862,5.573973747790984,5.72657960180934,5.870367682266727
1700000004660000000,14660000000,933,932,932,0,0,,,,0,fist,hold,200.0,dev-0123456789abcdef0123456789abcdef,synthetic-3-fist,29,protocol,synthetic-demo-contract-v1,True,-4.830602197123627,-4.928486752860587,-5.010735935762314,-5.106564148417075,-5.182942855140157,-5.262232818888837,-5.350545635636249,-5.447521539886526
1700000004665000000,14665000000,934,933,933,0,0,,,,0,fist,hold,200.0,dev-0123456789abcdef0123456789abcdef,synthetic-3-fist,29,protocol,synthetic-demo-contract-v1,True,4.7384219015376425,4.878141476761456,5.035183152123462,5.18022026797711,5.341606929330179,5.501878215041218,5.652676523685308,5.795005217546483
1700000004670000000,14670000000,935,934,934,0,0,,,,0,fist,hold,200.0,dev-0123456789abcdef0123456789abcdef,synthetic-3-fist,29,protocol,synthetic-demo-contract-v1,True,-4.892163342379783,-4.9945678754234795,-5.078280104663931,-5.17228106586553,-5.253195855655502,-5.333397491625142,-5.423451739837436,-5.52174438033073
1700000004675000000,14675000000,936,935,935,0,0,,,,0,fist,hold,200.0,dev-0123456789abcdef0123456789abcdef,synthetic-3-fist,29,protocol,synthetic-demo-contract-v1,True,4.67789190346435,4.813663598231301,4.969155178296846,5.116199191433091,5.272936218189812,5.432230590151173,5.581366324534809,5.722531455134866
1700000004680000000,14680000000,937,936,936,0,0,,,,0,fist,hold,200.0,dev-0123456789abcdef0123456789abcdef,synthetic-3-fist,29,protocol,synthetic-demo-contract-v1,True,-4.951165359856145,-5.0568940253646915,-5.142237588180996,-5.234079855313605,-5.319717141633374,-5.400954534171593,-5.49258040329788,-5.591873847496899
1700000004685000000,14685000000,938,937,937,0,0,,,,0,fist,hold,200.0,dev-0123456789abcdef0123456789abcdef,synthetic-3-fist,29,protocol,synthetic-demo-contract-v1,True,4.620907003771451,4.754018649178273,4.907805219988078,5.057130534341075,5.20911374154831,5.367320286005518,5.514986709866142,5.655322365087532
1700000004690000000,14690000000,939,938,938,0,0,,,,0,fist,hold,200.0,dev-0123456789abcdef0123456789abcdef,synthetic-3-fist,29,protocol,synthetic-demo-contract-v1,True,-5.005655778230227,-5.113351916210189,-5.200464790801091,-5.2899333045515915,-5.380313713617221,-5.462683903096584,-5.555666240435458,-5.655610355803674
1700000004695000000,14695000000,940,939,939,0,0,,,,0,fist,hold,200.0,dev-0123456789abcdef0123456789abcdef,synthetic-3-fist,29,protocol,synthetic-demo-contract-v1,True,4.569372576882745,4.701225674150617,4.853189838437056,5.004950620132795,5.152243527530398,5.309279691139843,5.455712116459274,5.595582219944445
1700000004700000000,14700000000,941,940,940,0,0,,,,0,fist,hold,200.0,dev-0123456789abcdef0123456789abcdef,synthetic-3-fist,29,protocol,synthetic-demo-contract-v1,True,-5.05379260235701,-5.162034244811865,-5.251009590968084,-5.338011860583691,-5.43298789150398,-5.516558423498466,-5.61064363911909,-5.710863092070615
1700000004705000000,14705000000,942,941,941,0,0,,,,0,fist,hold,200.0,dev-0123456789abcdef0123456789abcdef,synthetic-3-fist,29,protocol,synthetic-demo-contract-v1,True,4.525051094758314,4.657063762631037,4.8071401910895135,4.961367239263085,5.1042004098318,5.26001407944051,5.40548235612456,5.545271159026536
1700000004710000000,14710000000,943,942,942,0,0,,,,0,fist,hold,200.0,dev-0123456789abcdef0123456789abcdef,synthetic-3-fist,29,protocol,synthetic-demo-contract-v1,True,-5.09390873659116,-5.20130543312817,-5.292177297355641,-5.376743475408364,-5.4760031718304045,-5.560810401092587,-5.655714523653201,-5.755818731618069
1700000004715000000,14715000000,944,943,943,0,0,,,,0,fist,hold,200.0,dev-0123456789abcdef0123456789abcdef,synthetic-3-fist,29,protocol,synthetic-demo-contract-v1,True,4.48949887173265,4.623010993710351,4.771200156261476,4.927803843775076,5.0665682202960385,5.2211390248917136,5.3659390036358285,5.506040758369086
1700000004720000000,14720000000,945,944,944,0,0,,,,0,fist,hold,200.0,dev-0123456789abcdef0123456789abcdef,synthetic-3-fist,29,protocol,synthetic-demo-contract-v1,True,-5.124573444197057,-5.229857455258061,-5.322587913616466,-5.404864915180305,-5.507941474879726,-5.593989665322435,-5.6894072925696175,-5.789001051156311
1700000004725000000,14725000000,946,945,945,0,0,,,,0,fist,hold,200.0,dev-0123456789abcdef0123456789abcdef,synthetic-3-fist,29,protocol,synthetic-demo-contract-v1,True,4.4640070411482355,4.60019432823061,4.746574169166181,4.905353152991788,5.040587574915234,5.1939273783557285,5.338371617957336,5.479179726487108
1700000004730000000,14730000000,947,946,946,0,0,,,,0,fist,hold,200.0,dev-0123456789abcdef0123456789abcdef,synthetic-3-fist,29,protocol,synthetic-demo-contract-v1,True,-5.144648289671458,-5.246753790709164,-5.341222755109044,-5.4214628618365275,-5.527749894349843,-5.615011136431079,-5.710624996243168,-5.809319476610527
1700000004735000000,14735000000,948,947,947,0,0,,,,0,fist,hold,200.0,dev-0123456789abcdef0123456789abcdef,synthetic-3-fist,29,protocol,synthetic-demo-contract-v1,True,4.449549335248619,4.589352186111528,4.734086551303732,4.89474167858204,5.027114974587753,5.179267547822538,5.323675561679315,5.465571513299065
1700000004740000000,14740000000,949,948,948,0,0,,,,0,fist,hold,200.0,dev-0123456789abcdef0123456789abcdef,synthetic-3-fist,29,protocol,synthetic-demo-contract-v1,True,-5.153335008236188,-5.251460003184894,-5.347458825586925,-5.426003473851968,-5.53477540839227,-5.6231903550208076,-5.718681174013924,-5.81610496782858
1700000004745000000,14745000000,950,949,949,0,0,,,,0,fist,hold,200.0,dev-0123456789abcdef0123456789abcdef,synthetic-3-fist,29,protocol,synthetic-demo-contract-v1,True,4.4467391727190195,4.590810959374256,4.73415372141273,4.896306316627135,5.026594568953249,5.177634450787425,5.322322801377198,5.465665227803106
1700000004750000000,14750000000,951,950,950,0,0,,,,0,fist,hold,200.0,dev-0123456789abcdef0123456789abcdef,synthetic-3-fist,29,protocol,synthetic-demo-contract-v1,True,-5.150212886133204,-5.2438599551682135,-5.341089781517812,-5.4183494534653995,-5.528786407707057,-5.6182658095126925,-5.713322177076011,-5.809132058552483
1700000004755000000,14755000000,952,951,951,0,0,,,,0,fist,hold,200.0,dev-0123456789abcdef0123456789abcdef,synthetic-3-fist,29,protocol,synthetic-demo-contract-v1,True,4.455798345151772,4.604476181906416,4.746770234285725,4.909983756731462,5.039043514163425,5.18907408970319,5.334346644011585,5.479460822398237
1700000004760000000,14760000000,953,952,952,0,0,,,,0,fist,hold,200.0,dev-0123456789abcdef0123456789abcdef,synthetic-3-fist,29,protocol,synthetic-demo-contract-v1,True,-5.135263522354453,-5.224257211058785,-5.322332771949855,-5.398764078926181,-5.509980330979503,-5.6004073320082775,-5.694735248482534,-5.7886263253943815
1700000004765000000,14765000000,954,953,953,0,0,,,,0,fist,hold,200.0,dev-0123456789abcdef0123456789abcdef,synthetic-3-fist,29,protocol,synthetic-demo-contract-v1,True,4.476539233994279,4.629838527082349,4.7715091191718235,4.935313036773349,5.064051407297185,5.2132022525767,5.35934090557804,5.506509032480031
1700000004770000000,14770000000,955,954,954,0,0,,,,0,fist,hold,200.0,dev-0123456789abcdef0123456789abcdef,synthetic-3-fist,29,protocol,synthetic-demo-contract-v1,True,-5.108881272369991,-5.1933617334157365,-5.291820926598586,-5.367902088526751,-5.478977155942106,-5.570210292013589,-5.663542100555593,-5.755257038853605
1700000004775000000,14775000000,956,955,955,0,0,,,,0,fist,hold,200.0,dev-0123456789abcdef0123456789abcdef,synthetic-3-fist,29,protocol,synthetic-demo-contract-v1,True,4.508361993230019,4.665994256241932,4.807536498796143,4.971451140432063,5.100793816065742,5.249217375528907,5.396473533114282,5.5459260745647825
1700000004780000000,14780000000,957,956,956,0,0,,,,0,fist,hold,200.0,dev-0123456789abcdef0123456789abcdef,synthetic-3-fist,29,protocol,synthetic-demo-contract-v1,True,-5.0718682319761985,-5.152262515830257,-5.250581757168478,-5.3267877343479615,-5.436798960641142,-5.528675785189172,-5.62077820733422,-5.710115236863626
1700000004785000000,14785000000,958,957,957,0,0,,,,0,fist,hold,200.0,dev-0123456789abcdef0123456789abcdef,synthetic-3-fist,29,protocol,synthetic-demo-contract-v1,True,4.5502675205845655,4.711679216495545,4.853639980341839,5.0172011073008145,5.148059457775492,5.295927137840047,5.444514225523914,5.596422620687541
1700000004790000000,14790000000,959,958,958,0,0,,,,0,fist,hold,200.0,dev-0123456789abcdef0123456789abcdef,synthetic-3-fist,29,protocol,synthetic-demo-contract-v1,True,-5.025413279255481,-5.102387300967099,-5.200002219672727,-5.276780743631643,-5.3848362287092275,-5.477177475334318,-5.5678584997229095,-5.654677940918296
1700000004795000000,14795000000,960,959,959,0,0,,,,0,fist,hold,200.0,dev-0123456789abcdef0123456789abcdef,synthetic-3-fist,29,protocol,synthetic-demo-contract-v1,True,4.600886341284372,4.765315005646854,4.9082698381388115,5.071051716185637,5.204290131542931,5.351787908013366,5.50187513814104,5.656346097162312
1700000004800000000,14800000000,961,960,960,0,0,,,,0,fist,hold,200.0,dev-0123456789abcdef0123456789abcdef,synthetic-3-fist,29,protocol,synthetic-demo-contract-v1,True,-4.971055420887151,-5.04545098414955,-5.1417816418563085,-5.219531320780825,-5.324802009453998,-5.4174161870179,-5.506530598245115,-5.5907596907064105
1700000004805000000,14805000000,962,961,961,0,0,,,,0,fist,hold,200.0,dev-0123456789abcdef0123456789abcdef,synthetic-3-fist,29,protocol,synthetic-demo-contract-v1,True,4.658522780816294,4.825065503169402,4.969591570695981,5.131227424455427,5.267632087320975,5.414955736592449,5.566663325699235,5.723734917450571
1700000004810000000,14810000000,963,962,962,0,0,,,,0,fist,hold,200.0,dev-0123456789abcdef0123456789abcdef,synthetic-3-fist,29,protocol,synthetic-demo-contract-v1,True,-4.910632445233896,-4.983394685001669,-5.077874133899988,-5.156925680289625,-5.258675443961872,-5.351363749174955,-5.438817128039329,-5.520452990373061
1700000004815000000,14815000000,964,963,963,0,0,,,,0,fist,hold,200.0,dev-0123456789abcdef0123456789abcdef,synthetic-3-fist,29,protocol,synthetic-demo-contract-v1,True,4.721213049465455,4.888901624048917,5.035548027268792,5.195746912350385,5.335997138260034,5.483347211772949,5.636743192539885,5.796382866288514
1700000004820000000,14820000000,965,964,964,0,0,,,,0,fist,hold,200.0,dev-0123456789abcdef0123456789abcdef,synthetic-3-fist,29,protocol,synthetic-demo-contract-v1,True,-4.846216624463264,-4.918317768938978,-5.010422458047018,-5.091023908802791,-5.188636518985296,-5.281197943340754,-5.366949019479293,-5.446059624290055
1700000004825000000,14825000000,966,965,965,0,0,,,,0,fist,hold,200.0,dev-0123456789abcdef0123456789abcdef,synthetic-3-fist,29,protocol,synthetic-demo-contract-v1,True,4.786795146734908,4.954671898213652,5.103928974756271,5.262488301818686,5.407131501719675,5.554708169750155,5.709806890191504,5.871911518300121
1700000004830000000,14830000000,967,966,966,0,0,,,,0,fist,hold,200.0,dev-0123456789abcdef0123456789abcdef,synthetic-3-fist,29,protocol,synthetic-demo-contract-v1,True,-4.780039886347014,-4.852405307367643,-4.941685621335223,-5.023992203018083,-5.116994199574374,-5.20923070237077,-5.293291993755064,-5.370015100546437
1700000004835000000,14835000000,968,967,967,0,0,,,,0,fist,hold,200.0,dev-0123456789abcdef0123456789abcdef,synthetic-3-fist,29,protocol,synthetic-demo-contract-v1,True,4.8529878623932845,5.020176319540285,5.172445725506052,5.329258903770539,5.478690099457413,5.626687993895035,5.783450341681431,5.9478483100657895
1700000004840000000,14840000000,969,968,968,0,0,,,,0,fist,hold,200.0,dev-0123456789abcdef0123456789abcdef,synthetic-3-fist,29,protocol,synthetic-demo-contract-v1,True,-4.714411450563838,-4.787853575063168,-4.873962665380927,-4.958031711255444,-5.046110309696025,-5.1378319268941794,-5.220268656190782,-5.294808706376921
1700000004845000000,14845000000,970,969,969,0,0,,,,0,fist,hold,200.0,dev-0123456789abcdef0123456789abcdef,synthetic-3-fist,29,protocol,synthetic-demo-contract-v1,True,4.917475643265928,5.083240848203929,5.238808279061976,5.39386720255084,5.548313867548939,5.696917053722779,5.85525238767147,6.021707698723721
1700000004850000000,14850000000,971,970,970,0,0,,,,0,fist,hold,200.0,dev-0123456789abcdef0123456789abcdef,synthetic-3-fist,29,protocol,synthetic-demo-contract-v1,True,-4.651631356976037,-4.726796194272994,-4.809515251092519,-4.8953063144256825,-4.978321670259467,-5.0693514301018245,-5.150278763660865,-5.222901803991506
1700000004855000000,14855000000,972,971,971,0,0,,,,0,fist,hold,200.0,dev-0123456789abcdef0123456789abcdef,synthetic-3-fist,29,protocol,synthetic-demo-contract-v1,True,4.977995744559692,5.141789987465685,5.300802351575551,5.454194716552621,5.61370752737263,5.76308473221601,5.922854447785818,6.091072738772291
1700000004860000000,14860000000,973,972,972,0,0,,,,0,fist,hold,200.0,dev-0123456789abcdef0123456789abcdef,synthetic-3-fist,29,protocol,synthetic-demo-contract-v1,True,-4.593903575258542,-4.671233450592861,-4.750491670275609,-4.837871713442259,-4.915863061414529,-5.006041582081802,-5.085620291493727,-5.156647053006152
1700000004865000000,14865000000,974,973,973,0,0,,,,0,fist,hold,200.0,dev-0123456789abcdef0123456789abcdef,synthetic-3-fist,29,protocol,synthetic-demo-contract-v1,True,5.032423915766302,5.193914985969573,5.3563636779592505,5.508265381372513,5.672715253791526,5.823015471735011,5.984038074648456,6.153674395152481
1700000004870000000,14870000000,975,974,974,0,0,,,,0,fist,hold,200.0,dev-0123456789abcdef0123456789abcdef,synthetic-3-fist,29,protocol,synthetic-demo-contract-v1,True,-4.543252457540662,-4.622967132318072,-4.6988548594829505,-4.787608143946847,-4.860793548815749,-4.949983200819609,-5.028413897803226,-5.098211215005199
1700000004875000000,14875000000,976,975,975,0,0,,,,0,fist,hold,200.0,dev-0123456789abcdef0123456789abcdef,synthetic-3-fist,29,protocol,synthetic-demo-contract-v1,True,5.078854897161572,5.237935430832578,5.403647073134866,5.554310186364138,5.723391745988505,5.874740335063608,6.036797848663128,6.20746598536336
1700000004880000000,14880000000,977,976,976,0,0,,,,0,fist,hold,200.0,dev-0123456789abcdef0123456789abcdef,synthetic-3-fist,29,protocol,synthetic-demo-contract-v1,True,-4.501446171252264,-4.5835429927591225,-4.6563168464970115,-4.746158917207939,-4.814928602645735,-4.9030171289976705,-4.980533270193191,-5.049504077704084
1700000004885000000,14885000000,978,977,977,0,0,,,,0,fist,hold,200.0,dev-0123456789abcdef0123456789abcdef,synthetic-3-fist,29,protocol,synthetic-demo-contract-v1,True,5.1156742245636675,5.272452283843657,5.441087926027242,5.590824953981408,5.764066357970876,5.9165617268889115,6.079407216103801,6.250690303838971
1700000004890000000,14890000000,979,978,978,0,0,,,,0,fist,hold,200.0,dev-0123456789abcdef0123456789abcdef,synthetic-3-fist,29,protocol,synthetic-demo-contract-v1,True,-4.469930433406197,-4.554202616610726,-4.624281831930879,-4.714876792321221,-4.779780247221916,-4.86668374744716,-4.94354364498796,-5.012115834617548
1700000004895000000,14895000000,980,979,979,0,0,,,,0,fist,hold,200.0,dev-0123456789abcdef0123456789abcdef,synthetic-3-fist,29,protocol,synthetic-demo-contract-v1,True,5.141618245925234,5.296390759177288,5.467454066382993,5.616619378611935,5.793398174561474,5.947109147266284,6.110475106519431,6.281937222802529
1700000004900000000,14900000000,981,980,980,0,0,,,,0,fist,hold,200.0,dev-0123456789abcdef0123456789abcdef,synthetic-3-fist,29,protocol,synthetic-demo-contract-v1,True,-4.449775377474531,-4.535846101542928,-4.603799805886544,-4.694779925844007,-4.756507214267673,-4.842172413754219,-4.918650518994601,-4.9872649777154185
1700000004905000000,14905000000,982,981,981,0,0,,,,0,fist,hold,200.0,dev-0123456789abcdef0123456789abcdef,synthetic-3-fist,29,protocol,synthetic-demo-contract-v1,True,5.155819820451924,5.309031830786574,5.48188628043835,5.630855730138415,5.810420217192508,5.965384144898063,6.128991470080192,6.3001898773747484
1700000004910000000,14910000000,983,982,982,0,0,,,,0,fist,hold,200.0,dev-0123456789abcdef0123456789abcdef,synthetic-3-fist,29,protocol,synthetic-demo-contract-v1,True,-4.441637748183082,-4.529006560661471,-4.5955322332711335,-4.686518829304234,-4.745876743139108,-4.8302824867706695,-4.906660237222992,-4.9757584144369895
1700000004915000000,14915000000,984,983,983,0,0,,,,0,fist,hold,200.0,dev-0123456789abcdef0123456789abcdef,synthetic-3-fist,29,protocol,synthetic-demo-contract-v1,True,5.157837866094918,5.3100315748095195,5.483926144931911,5.633075967704902,5.8145713221749356,5.970792994570609,6.134360241245004,6.304857918518446
1700000004920000000,14920000000,985,984,984,0,0,,,,0,fist,hold,200.0,dev-0123456789abcdef0123456789abcdef,synthetic-3-fist,29,protocol,synthetic-demo-contract-v1,True,-4.445739875368592,-4.533837026776108,-4.599730924254659,-4.69035540304328,-4.7482392873349015,-4.831397215446756,-4.907953748087566,-4.977965118036561
1700000004925000000,14925000000,986,985,985,0,0,,,,0,fist,hold,200.0,dev-0123456789abcdef0123456789abcdef,synthetic-3-fist,29,protocol,synthetic-demo-contract-v1,True,5.147669703447345,5.299427980515327,5.473530286037797,5.623216389907905,5.805714640516188,5.9631660280830925,6.12641864994317,6.295796743072671
1700000004930000000,14930000000,987,986,986,0,0,,,,0,fist,hold,200.0,dev-0123456789abcdef0123456789abcdef,synthetic-3-fist,29,protocol,synthetic-demo-contract-v1,True,-4.46186606941636,-4.5501099116983275,-4.616230753154844,-4.706154718478085,-4.763516961136804,-4.845471346105166,-4.92247438331845,-4.993804174800844
1700000004935000000,14935000000,988,987,987,0,0,,,,0,fist,hold,200.0,dev-0123456789abcdef0123456789abcdef,synthetic-3-fist,29,protocol,synthetic-demo-contract-v1,True,5.1257459672515395,5.277635286731407,5.451070635138953,5.6016093563807905,5.7841421494049,5.942762988103618,6.105442251654188,6.273312071647349
1700000004940000000,14940000000,989,988,988,0,0,,,,0,fist,hold,200.0,dev-0123456789abcdef0123456789abcdef,synthetic-3-fist,29,protocol,synthetic-demo-contract-v1,True,-4.489376255094125,-4.577228758337408,-4.644456415607518,-4.733389803099178,-4.7912061072589935,-4.872032850004806,-4.949730057441996,-5.022747617883022
1700000004945000000,14945000000,990,989,989,0,0,,,,0,fist,hold,200.0,dev-0123456789abcdef0123456789abcdef,synthetic-3-fist,29,protocol,synthetic-demo-contract-v1,True,5.092908672999803,5.2454263047275695,5.417320730751907,5.568972039103928,5.750565026633087,5.910264235092287,6.072135518495351,6.238149727314669
1700000004950000000,14950000000,991,990,990,0,0,,,,0,fist,hold,200.0,dev-0123456789abcdef0123456789abcdef,synthetic-3-fist,29,protocol,synthetic-demo-contract-v1,True,-4.527235865422144,-4.614251633968738,-4.683442936662387,-4.771159257030103,-4.8303939008589385,-4.910198707710116,-4.988809806494638,-5.063837950941478
1700000004955000000,14955000000,992,991,991,0,0,,,,0,fist,hold,200.0,dev-0123456789abcdef0123456789abcdef,synthetic-3-fist,29,protocol,synthetic-demo-contract-v1,True,5.050373788988249,5.203903560320194,5.373428588840369,5.526382585909086,5.706090205281008,5.866748103550328,6.0276083091698265,6.191470954968156
1700000004960000000,14960000000,993,992,992,0,0,,,,0,fist,hold,200.0,dev-0123456789abcdef0123456789abcdef,synthetic-3-fist,29,protocol,synthetic-demo-contract-v1,True,-4.5740602971791535,-4.659925161561822,-4.731869177875804,-4.8182171106608696,-4.879788442527228,-4.958704223722844,-5.038414113271158,-5.115719781474885
1700000004965000000,14965000000,994,993,993,0,0,,,,0,fist,hold,200.0,dev-0123456789abcdef0123456789abcdef,synthetic-3-fist,29,protocol,synthetic-demo-contract-v1,True,4.999680331683699,5.154460416747871,5.320877115989818,5.47524448971014,5.652183881583773,5.813655160030672,5.9733390007114044,6.134814096891715
1700000004970000000,14970000000,995,994,994,0,0,,,,0,fist,hold,200.0,dev-0123456789abcdef0123456789abcdef,synthetic-3-fist,29,protocol,synthetic-demo-contract-v1,True,-4.628171623395265,-4.712727882057427,-4.788103155422396,-4.873013933409642,-4.937761348184354,-5.015944899304277,-5.096898012442944,-5.176684519622677
1700000004975000000,14975000000,996,995,995,0,0,,,,0,fist,hold,200.0,dev-0123456789abcdef0123456789abcdef,synthetic-3-fist,29,protocol,synthetic-demo-contract-v1,True,4.942628539677344,5.098733617296919,5.261433456085811,5.417240341587609,5.59062317901147,5.752740546551208,5.9111255040637225,6.070043888827293
1700000004980000000,14980000000,997,996,996,0,0,,,,0,fist,hold,200.0,dev-0123456789abcdef0123456789abcdef,synthetic-3-fist,29,protocol,synthetic-demo-contract-v1,True,-4.687664795943521,-4.770921391091743,-4.850257588460928,-4.93374783706819,-5.0024014318282575,-5.080029478089832,-5.162325548266575,-5.244726668530183
1700000004985000000,14985000000,998,997,997,0,0,,,,0,fist,hold,200.0,dev-0123456789abcdef0123456789abcdef,synthetic-3-fist,29,protocol,synthetic-demo-contract-v1,True,4.881210063558681,5.038548906862238,5.197089027255055,5.3542764914718,5.523437562047554,5.68601598508927,5.843025784190908,5.99929004787966
1700000004990000000,14990000000,999,998,998,0,0,,,,0,fist,hold,200.0,dev-0123456789abcdef0123456789abcdef,synthetic-3-fist,29,protocol,synthetic-demo-contract-v1,True,-4.750480273066587,-4.832607503482048,-4.916253760583396,-4.998423695361622,-5.071577711379769,-5.148842411582307,-5.232533784188206,-5.317609851304508
1700000004995000000,14995000000,1000,999,999,0,0,,,,0,fist,hold,200.0,dev-0123456789abcdef0123456789abcdef,synthetic-3-fist,29,protocol,synthetic-demo-contract-v1,True,4.81753332136824,4.975861551251726,5.129992309756899,5.288420435587996,5.452841931070505,5.61568335880033,5.771289850508221,5.9248771755516385
