host_wall_timestamp_ns,host_monotonic_ns,host_receive_index,sample_index,session_sample_index,generation,connection_generation,device_packet_sequence,device_sample_counter,device_time_ticks,sample_in_packet,action_label,action_phase,sample_rate_hz,device_id,session_id,quality_flags,sample_rate_source_kind,sample_rate_evidence_ref,sample_rate_confirmed,channel_1,channel_2,channel_3,channel_4,channel_5,channel_6,channel_7,channel_8
1700000000000000000,10000000000,1,0,0,0,0,,,,0,fist,hold,200.0,dev-0123456789abcdef0123456789abcdef,synthetic-1-fist,29,protocol,synthetic-demo-contract-v1,True,-4.775520003431863,-4.859908003517659,-4.944296003603456,-5.028684003689252,-5.11307200377505,-5.197460003860846,-5.281848003946642,-5.366236004032439
1700000000005000000,10005000000,2,1,1,0,0,,,,0,fist,hold,200.0,dev-0123456789abcdef0123456789abcdef,synthetic-1-fist,29,protocol,synthetic-demo-contract-v1,True,4.857499184299737,5.0137241010107125,5.169988066637005,5.326279461193419,5.482590852937085,5.638917269539045,5.795255259435501,5.951602352210534
1700000000010000000,10010000000,3,2,2,0,0,,,,0,fist,hold,200.0,dev-0123456789abcdef0123456789abcdef,synthetic-1-fist,29,protocol,synthetic-demo-contract-v1,True,-4.709973748573629,-4.793137941929676,-4.876227808515032,-4.959264897069014,-5.042263213971958,-5.125232237904774,-5.208178603824363,-5.291107090788528
1700000000015000000,10015000000,4,3,3,0,0,,,,0,fist,hold,200.0,dev-0123456789abcdef0123456789abcdef,synthetic-1-fist,29,protocol,synthetic-demo-contract-v1,True,4.921775667780198,5.079223173251884,5.236772893659743,5.394396647489151,5.55207553322865,5.709796482476595,5.86755020591643,6.0253299356820955
1700000000020000000,10020000000,5,4,4,0,0,,,,0,fist,hold,200.0,dev-0123456789abcdef0123456789abcdef,synthetic-1-fist,29,protocol,synthetic-demo-contract-v1,True,-4.647530978724811,-4.729468548493817,-4.8112867232660355,-4.8930155864996925,-4.974676501365555,-5.056284788997738,-5.137851617654614,-5.219385273487397
1700000000025000000,10025000000,6,5,5,0,0,,,,0,fist,hold,200.0,dev-0123456789abcdef0123456789abcdef,synthetic-1-fist,29,protocol,synthetic-demo-contract-v1,True,4.9818376473174535,5.140520012783713,5.29932536562067,5.458227638857635,5.61720609485977,5.7762448725244875,5.935331925077944,6.094458058387514
1700000000030000000,10030000000,7,6,6,0,0,,,,0,fist,hold,200.0,dev-0123456789abcdef0123456789abcdef,synthetic-1-fist,29,protocol,synthetic-demo-contract-v1,True,-4.5903748431840325,-4.6710665741561535,-4.751647628646578,-4.8321332668642105,-4.912539989207464,-4.992882166053896,-5.073171525127392,-5.153417432731781
1700000000035000000,10035000000,8,7,7,0,0,,,,0,fist,hold,200.0,dev-0123456789abcdef0123456789abcdef,synthetic-1-fist,29,protocol,synthetic-demo-contract-v1,True,5.035589835616575,5.195529938935068,5.355550860818389,5.5156554370735105,5.675835386220828,5.836080107448427,5.996379552952883,6.156725028164025
1700000000040000000,10040000000,9,8,8,0,0,,,,0,fist,hold,200.0,dev-0123456789abcdef0123456789abcdef,synthetic-1-fist,29,protocol,synthetic-demo-contract-v1,True,-4.540493110201939,-4.619916412966554,-4.699307187084911,-4.778637128872205,-4.857902124628422,-4.937106558717072,-5.016257313998686,-5.095361481580748
1700000000045000000,10045000000,10,9,9,0,0,,,,0,fist,hold,200.0,dev-0123456789abcdef0123456789abcdef,synthetic-1-fist,29,protocol,synthetic-demo-contract-v1,True,5.081170513213219,5.242386156509132,5.403567543600809,5.564775456033593,5.726030582319008,5.887337280906729,6.048693399333261,6.210094446704464
1700000000050000000,10050000000,11,10,10,0,0,,,,0,fist,hold,200.0,dev-0123456789abcdef0123456789abcdef,synthetic-1-fist,29,protocol,synthetic-demo-contract-v1,True,-4.499604244099623,-4.5777510105413715,-4.656016516596212,-4.734301310630015,-4.812564147721236,-4.8907894156893015,-4.968972938155366,-5.047115568992644
1700000000055000000,10055000000,12,11,11,0,0,,,,0,fist,hold,200.0,dev-0123456789abcdef0123456789abcdef,synthetic-1-fist,29,protocol,synthetic-demo-contract-v1,True,5.117020174497472,5.279504611478773,5.441769792262362,5.603958763333963,5.766136903993831,5.928333476590645,6.090560567549387,6.252822010163812
1700000000060000000,10060000000,13,12,12,0,0,,,,0,fist,hold,200.0,dev-0123456789abcdef0123456789abcdef,synthetic-1-fist,29,protocol,synthetic-demo-contract-v1,True,-4.469094751476728,-4.5459918316484185,-4.623222202049959,-4.700595989753053,-4.778020710269265,-4.855451269862914,-4.932866160130556,-5.010255825157792
1700000000065000000,10065000000,14,13,13,0,0,,,,0,fist,hold,200.0,dev-0123456789abcdef0123456789abcdef,synthetic-1-fist,29,protocol,synthetic-demo-contract-v1,True,5.141937549307133,5.305638658938988,5.468882245867796,5.6319061637552545,5.794832170828251,5.9577230582561915,6.1206111463004,6.283512705382555
1700000000070000000,10070000000,15,14,14,0,0,,,,0,fist,hold,200.0,dev-0123456789abcdef0123456789abcdef,synthetic-1-fist,29,protocol,synthetic-demo-contract-v1,True,-4.449970348594345,-4.525700046465428,-4.602017650388791,-4.678638574777412,-4.755410601735847,-4.83225178842789,-4.9091177873609135,-4.985984694515478
1700000000075000000,10075000000,16,15,15,0,0,,,,0,fist,hold,200.0,dev-0123456789abcdef0123456789abcdef,synthetic-1-fist,29,protocol,synthetic-demo-contract-v1,True,5.15512077949581,5.3199215889649,5.484002633437268,5.647691326436737,5.811170389315854,5.974541868186145,6.137863127610782,6.30116652242143
1700000000080000000,10080000000,17,16,16,0,0,,,,0,fist,hold,200.0,dev-0123456789abcdef0123456789abcdef,synthetic-1-fist,29,protocol,synthetic-demo-contract-v1,True,-4.442822813067248,-4.517540666144546,-4.593106440451384,-4.6691566185488655,-4.745479206925218,-4.821951689732127,-4.8985029695389235,-4.975091553782827
1700000000085000000,10085000000,18,17,17,0,0,,,,0,fist,hold,200.0,dev-0123456789abcdef0123456789abcdef,synthetic-1-fist,29,protocol,synthetic-demo-contract-v1,True,5.156192265359379,5.321895519652855,5.486631934965929,5.650791522139911,5.814612939318178,5.978238881513181,6.141754575865695,6.305211182045159
1700000000090000000,10090000000,19,18,18,0,0,,,,0,fist,hold,200.0,dev-0123456789abcdef0123456789abcdef,synthetic-1-fist,29,protocol,synthetic-demo-contract-v1,True,-4.44781361209249,-4.521760864795528,-4.596778905344063,-4.67246368615145,-4.748553932968829,-4.824887778290018,-4.901365827653499,-4.977926908022216
1700000000095000000,10095000000,20,19,19,0,0,,,,0,fist,hold,200.0,dev-0123456789abcdef0123456789abcdef,synthetic-1-fist,29,protocol,synthetic-demo-contract-v1,True,5.145206491592079,5.311525684915362,5.476690859506443,5.6411049493554275,5.805046330691832,5.968694276488906,6.132161992247866,6.295520804116077
1700000000100000000,10100000000,21,20,20,0,0,,,,0,fist,hold,200.0,dev-0123456789abcdef0123456789abcdef,synthetic-1-fist,29,protocol,synthetic-demo-contract-v1,True,-4.464674592572626,-4.538183187290924,-4.612902730325928,-4.688448978792095,-4.764533415732724,-4.8409619178112235,-4.917608246790154,-4.994391010953408
1700000000105000000,10105000000,22,21,21,0,0,,,,0,fist,hold,200.0,dev-0123456789abcdef0123456789abcdef,synthetic-1-fist,29,protocol,synthetic-demo-contract-v1,True,5.122640949547974,5.289199696190161,5.454522095758128,5.618954074343917,5.782785944704782,5.946223327619537,6.109404272956893,6.2724199054902074
1700000000110000000,10110000000,23,22,22,0,0,,,,0,fist,hold,200.0,dev-0123456789abcdef0123456789abcdef,synthetic-1-fist,29,protocol,synthetic-demo-contract-v1,True,-4.492725222839626,-4.566213782478556,-4.640927867841611,-4.7165810572583995,-4.792890861477098,-4.869644303656537,-4.946693198911651,-5.023937281090295
1700000000115000000,10115000000,24,23,23,0,0,,,,0,fist,hold,200.0,dev-0123456789abcdef0123456789abcdef,synthetic-1-fist,29,protocol,synthetic-demo-contract-v1,True,5.089371045451958,5.255711919566679,5.42087827883907,5.585074875639352,5.74856563689897,5.91156599490375,6.074232133393701,6.23667259871398
1700000000120000000,10120000000,25,24,24,0,0,,,,0,fist,hold,200.0,dev-0123456789abcdef0123456789abcdef,synthetic-1-fist,29,protocol,synthetic-demo-contract-v1,True,-4.530905136385494,-4.604865242210189,-4.679905580470547,-4.755925539377508,-4.832691413603914,-4.909990925806998,-4.987662483993023,-5.06559039847889
1700000000125000000,10125000000,26,25,25,0,0,,,,0,fist,hold,200.0,dev-0123456789abcdef0123456789abcdef,synthetic-1-fist,29,protocol,synthetic-demo-contract-v1,True,5.046630579876913,5.212233660226603,5.376896106128182,5.540592352565072,5.703513544160476,5.865862552858167,6.027803348445282,6.189457349705203
1700000000130000000,10130000000,27,26,26,0,0,,,,0,fist,hold,200.0,dev-0123456789abcdef0123456789abcdef,synthetic-1-fist,29,protocol,synthetic-demo-contract-v1,True,-4.577820085130747,-4.652793090463833,-4.7285209392722765,-4.8051761809670746,-4.882622971965058,-4.960674646730787,-5.039168303767168,-5.117978483861516
1700000000135000000,10135000000,28,27,27,0,0,,,,0,fist,hold,200.0,dev-0123456789abcdef0123456789abcdef,synthetic-1-fist,29,protocol,synthetic-demo-contract-v1,True,4.995959965745758,5.160270362682736,5.324057508224105,5.486983114282595,5.649114893562694,5.810616062122636,5.97164462537951,6.1323281276364865
1700000000140000000,10140000000,29,28,28,0,0,,,,0,fist,hold,200.0,dev-0123456789abcdef0123456789abcdef,synthetic-1-fist,29,protocol,synthetic-demo-contract-v1,True,-4.63179889572834,-4.708344474821538,-4.785137646088954,-4.862698304581846,-4.941039448714505,-5.0200288708047855,-5.099517627550285,-5.179378298892674
1700000000145000000,10145000000,30,29,29,0,0,,,,0,fist,hold,200.0,dev-0123456789abcdef0123456789abcdef,synthetic-1-fist,29,protocol,synthetic-demo-contract-v1,True,4.939144792527654,5.1016074980237684,5.264139221765094,5.42602629558179,5.587163039059084,5.747642919096234,5.90760136531037,6.067163227783652
1700000000150000000,10150000000,31,30,30,0,0,,,,0,fist,hold,200.0,dev-0123456789abcdef0123456789abcdef,synthetic-1-fist,29,protocol,synthetic-demo-contract-v1,True,-4.69095865998906,-4.769617183497024,-4.847853629702004,-4.926583129756299,-5.006015034693853,-5.086102367923157,-5.166727889124028,-5.2477719778335405
1700000000155000000,10155000000,32,31,31,0,0,,,,0,fist,hold,200.0,dev-0123456789abcdef0123456789abcdef,synthetic-1-fist,29,protocol,synthetic-demo-contract-v1,True,4.878147625723707,5.038247200821441,5.199152503874445,5.359744433712241,5.519700340193079,5.679013111033181,5.837776967262512,5.996103453423351
1700000000160000000,10160000000,33,32,32,0,0,,,,0,fist,hold,200.0,dev-0123456789abcdef0123456789abcdef,synthetic-1-fist,29,protocol,synthetic-demo-contract-v1,True,-4.753275191646278,-4.834526760799282,-4.914565501740973,-4.9947111961022435,-5.075407687357675,-5.156723447223377,-5.238592181287059,-5.320913422049184
1700000000165000000,10165000000,34,33,33,0,0,,,,0,fist,hold,200.0,dev-0123456789abcdef0123456789abcdef,synthetic-1-fist,29,protocol,synthetic-demo-contract-v1,True,4.815036046887287,4.972338024476198,5.1312750598583765,5.29033627412531,5.448950831869824,5.606982142432231,5.764463672455793,5.921481692622667
1700000000170000000,10170000000,35,34,34,0,0,,,,0,fist,hold,200.0,dev-0123456789abcdef0123456789abcdef,synthetic-1-fist,29,protocol,synthetic-demo-contract-v1,True,-4.816655747024015,-4.900879234533721,-4.983039661342408,-5.064822768603481,-5.14692974723964,-5.229571369541312,-5.312751802700111,-5.396402171101702
1700000000175000000,10175000000,36,35,35,0,0,,,,0,fist,hold,200.0,dev-0123456789abcdef0123456789abcdef,synthetic-1-fist,29,protocol,synthetic-demo-contract-v1,True,4.751909895132907,4.906100394403517,5.062777515209589,5.220103740943608,5.377246904857516,5.533916872254577,5.690067224245768,5.845746208449498
1700000000180000000,10180000000,37,36,36,0,0,,,,0,fist,hold,200.0,dev-0123456789abcdef0123456789abcdef,synthetic-1-fist,29,protocol,synthetic-demo-contract-v1,True,-4.879011126608307,-4.966446808460417,-5.050987617780353,-5.1345928828037275,-5.218223354954647,-5.302252649377195,-5.386773770294722,-5.4717623187208
1700000000185000000,10185000000,38,37,37,0,0,,,,0,fist,hold,200.0,dev-0123456789abcdef0123456789abcdef,synthetic-1-fist,29,protocol,synthetic-demo-contract-v1,True,4.690830481455223,4.841750447661549,4.99594694127367,5.151375501391301,5.306952414133682,5.462217701504882,5.617027822061478,5.771380167447173
1700000000190000000,10190000000,39,38,38,0,0,,,,0,fist,hold,200.0,dev-0123456789abcdef0123456789abcdef,synthetic-1-fist,29,protocol,synthetic-demo-contract-v1,True,-4.938324528375433,-5.029043815305728,-5.11614296491173,-5.20170853400423,-5.2869381824734685,-5.372379736631584,-5.458230747728844,-5.544523876514849
1700000000195000000,10195000000,40,39,39,0,0,,,,0,fist,hold,200.0,dev-0123456789abcdef0123456789abcdef,synthetic-1-fist,29,protocol,synthetic-demo-contract-v1,True,4.633754235967435,4.781424953820335,4.933010035315443,5.086429665886981,5.24038474995452,5.394239670434859,5.547739969011429,5.700820054377463
1700000000200000000,10200000000,41,40,40,0,0,,,,0,fist,hold,200.0,dev-0123456789abcdef0123456789abcdef,synthetic-1-fist,29,protocol,synthetic-demo-contract-v1,True,-4.992714884705544,-5.0866002703638555,-5.176337394582054,-5.263945444161387,-5.350808916112073,-5.437649490428147,-5.524780761497582,-5.612303908395333
1700000000205000000,10205000000,42,41,41,0,0,,,,0,fist,hold,200.0,dev-0123456789abcdef0123456789abcdef,synthetic-1-fist,29,protocol,synthetic-demo-contract-v1,True,4.5824728455953085,4.727109917791374,4.876058557448474,5.0274181933057065,5.179738440721317,5.332215060148441,5.484473848602238,5.636375657200077
1700000000210000000,10210000000,43,42,42,0,0,,,,0,fist,hold,200.0,dev-0123456789abcdef0123456789abcdef,synthetic-1-fist,29,protocol,synthetic-demo-contract-v1,True,-5.040492850321248,-5.137230507657004,-5.2295731792772,-5.319241855213837,-5.407729936862959,-5.495918864533562,-5.584244083926268,-5.67288476694303
1700000000215000000,10215000000,44,43,43,0,0,,,,0,fist,hold,200.0,dev-0123456789abcdef0123456789abcdef,synthetic-1-fist,29,protocol,synthetic-demo-contract-v1,True,4.538561479892199,4.680575277708185,4.826979539381902,4.976295513168995,5.127012806219227,5.278180043542713,5.429300815069389,5.580154253853589
1700000000220000000,10220000000,45,44,44,0,0,,,,0,fist,hold,200.0,dev-0123456789abcdef0123456789abcdef,synthetic-1-fist,29,protocol,synthetic-demo-contract-v1,True,-5.080208084003147,-5.179294611361278,-5.2740896853000585,-5.365766897532546,-5.45582473609077,-5.545275315967612,-5.634674756120335,-5.7242868590591085
1700000000225000000,10225000000,46,45,45,0,0,,,,0,fist,hold,200.0,dev-0123456789abcdef0123456789abcdef,synthetic-1-fist,29,protocol,synthetic-demo-contract-v1,True,4.503336220569654,4.643317840078546,4.787392606724067,4.934753735186207,5.083946046275707,5.233907796959753,5.384025445847938,5.533991493373011
1700000000230000000,10230000000,47,46,46,0,0,,,,0,fist,hold,200.0,dev-0123456789abcdef0123456789abcdef,synthetic-1-fist,29,protocol,synthetic-demo-contract-v1,True,-5.1106869472839715,-5.211450662876477,-5.308421691560233,-5.401981263703745,-5.493507778173054,-5.584099622328505,-5.674424400917344,-5.764833549038081
1700000000235000000,10235000000,48,47,47,0,0,,,,0,fist,hold,200.0,dev-0123456789abcdef0123456789abcdef,synthetic-1-fist,29,protocol,synthetic-demo-contract-v1,True,4.477821339426685,4.616514253594828,4.758596504154365,4.904166596399352,5.05195793773005,5.200850271055936,5.35012638820387,5.499391242816815
1700000000240000000,10240000000,49,48,48,0,0,,,,0,fist,hold,200.0,dev-0123456789abcdef0123456789abcdef,synthetic-1-fist,29,protocol,synthetic-demo-contract-v1,True,-5.131060197387619,-5.232696194017148,-5.331447577805351,-5.426688174832549,-5.519536770667739,-5.611119043406303,-5.70219623014074,-5.793206066703078
1700000000245000000,10245000000,50,49,49,0,0,,,,0,fist,hold,200.0,dev-0123456789abcdef0123456789abcdef,synthetic-1-fist,29,protocol,synthetic-demo-contract-v1,True,4.462726638713235,4.600985427734117,4.741526590336474,4.885544004554259,5.032103028816328,5.18009053423162,5.3287079421458285,5.47747637567621
1700000000250000000,10250000000,51,50,50,0,0,,,,0,fist,hold,200.0,dev-0123456789abcdef0123456789abcdef,synthetic-1-fist,29,protocol,synthetic-demo-contract-v1,True,-5.140780653189615,-5.242397652942605,-5.342425799360507,-5.439072950390939,-5.533053618822807,-5.6254490805838735,-5.717087473608513,-5.808486617896198
1700000000255000000,10255000000,52,51,51,0,0,,,,0,fist,hold,200.0,dev-0123456789abcdef0123456789abcdef,synthetic-1-fist,29,protocol,synthetic-demo-contract-v1,True,4.458434700369378,4.5971733696334205,4.736724688563967,4.879498682991024,5.0250358739950824,5.172307253897796,5.320463967998935,5.468952116658318
1700000000260000000,10260000000,53,52,52,0,0,,,,0,fist,hold,200.0,dev-0123456789abcdef0123456789abcdef,synthetic-1-fist,29,protocol,synthetic-demo-contract-v1,True,-5.139631142885216,-5.240307134157459,-5.34101847058518,-5.438729872499848,-5.533612714285643,-5.626622462859665,-5.718618838752191,-5.81018828354686
1700000000265000000,10265000000,54,53,53,0,0,,,,0,fist,hold,200.0,dev-0123456789abcdef0123456789abcdef,synthetic-1-fist,29,protocol,synthetic-demo-contract-v1,True,4.464997601067745,4.6051309603914,4.744322253306311,4.886226019123507,5.030989455332945,5.1777524813487155,5.325655301104072,5.474083143867655
1700000000270000000,10270000000,55,54,54,0,0,,,,0,fist,hold,200.0,dev-0123456789abcdef0123456789abcdef,synthetic-1-fist,29,protocol,synthetic-demo-contract-v1,True,-5.127723289537101,-5.226566079460865,-5.327301322014775,-5.425675458742458,-5.5211956254215,-5.614604408711778,-5.70675003678583,-5.798270728927603
1700000000275000000,10275000000,56,55,55,0,0,,,,0,fist,hold,200.0,dev-0123456789abcdef0123456789abcdef,synthetic-1-fist,29,protocol,synthetic-demo-contract-v1,True,4.482142445084954,4.624524737508771,4.764037357007008,4.905497778924737,5.049767501810098,5.1962434682135905,5.344101411380211,5.492685196099629
1700000000280000000,10280000000,57,56,56,0,0,,,,0,fist,hold,200.0,dev-0123456789abcdef0123456789abcdef,synthetic-1-fist,29,protocol,synthetic-demo-contract-v1,True,-5.10548785348786,-5.201696105865758,-5.301759761056258,-5.400347710029373,-5.496211704947041,-5.589793664619334,-5.681880870062523,-5.77314121219914
1700000000285000000,10285000000,58,57,57,0,0,,,,0,fist,hold,200.0,dev-0123456789abcdef0123456789abcdef,synthetic-1-fist,29,protocol,synthetic-demo-contract-v1,True,4.509284944805109,4.654650310348817,4.7951855315305965,4.936669888420841,5.0807509597640355,5.227168780787148,5.375186576601989,5.524131455144973
1700000000290000000,10290000000,59,58,58,0,0,,,,0,fist,hold,200.0,dev-0123456789abcdef0123456789abcdef,synthetic-1-fist,29,protocol,synthetic-demo-contract-v1,True,-5.0736574346846695,-5.166577543222307,-5.265271237056434,-5.363591366587653,-5.4594845948471935,-5.553009289000611,-5.644837850460747,-5.735640865539353
1700000000295000000,10295000000,60,59,59,0,0,,,,0,fist,hold,200.0,dev-0123456789abcdef0123456789abcdef,synthetic-1-fist,29,protocol,synthetic-demo-contract-v1,True,4.545550229484569,4.694459625464788,4.836704030760048,4.978704015402983,5.122918401159265,5.269508508183098,5.417880360640262,5.56737348642974
1700000000300000000,10300000000,61,60,60,0,0,,,,0,fist,hold,200.0,dev-0123456789abcdef0123456789abcdef,synthetic-1-fist,29,protocol,synthetic-demo-contract-v1,True,-5.03324235625556,-5.122416654350456,-5.219074572400741,-5.316629670276692,-5.412225073466141,-5.505463619217832,-5.596846794707574,-5.687016707090806
1700000000305000000,10305000000,62,61,61,0,0,,,,0,fist,hold,200.0,dev-0123456789abcdef0123456789abcdef,synthetic-1-fist,29,protocol,synthetic-demo-contract-v1,True,4.589800070879447,4.742598931519669,4.887188630984028,5.030202225977919,5.174879696885922,5.321867896694797,5.470771717314745,5.620976042012054
1700000000310000000,10310000000,63,62,62,0,0,,,,0,fist,hold,200.0,dev-0123456789abcdef0123456789abcdef,synthetic-1-fist,29,protocol,synthetic-demo-contract-v1,True,-4.985500521533666,-5.07070285199433,-5.164727356378373,-5.261023579656809,-5.3559911399192295,-5.448722313706635,-5.5394923037978625,-5.628880311673087
1700000000315000000,10315000000,64,63,63,0,0,,,,0,fist,hold,200.0,dev-0123456789abcdef0123456789abcdef,synthetic-1-fist,29,protocol,synthetic-demo-contract-v1,True,4.640665759226044,4.797455979955732,4.944941669079496,5.089453556456492,5.2349218449835835,5.3825233012360645,5.532115592405424,5.683164573712361
1700000000320000000,10320000000,65,64,64,0,0,,,,0,fist,hold,200.0,dev-0123456789abcdef0123456789abcdef,synthetic-1-fist,29,protocol,synthetic-demo-contract-v1,True,-4.931901981697431,-5.013157510562331,-5.10405289325784,-5.198619800639989,-5.292636651718304,-5.3846527862641,-5.4746654649267565,-5.563154507219313
1700000000325000000,10325000000,66,65,65,0,0,,,,0,fist,hold,200.0,dev-0123456789abcdef0123456789abcdef,synthetic-1-fist,29,protocol,synthetic-demo-contract-v1,True,4.696585922598436,4.857214745458564,5.008029648986793,5.154490945860217,5.301065442976605,5.449478939796766,5.5998904855103335,5.751883885994022
1700000000330000000,10330000000,67,66,66,0,0,,,,0,fist,hold,200.0,dev-0123456789abcdef0123456789abcdef,synthetic-1-fist,29,protocol,synthetic-demo-contract-v1,True,-4.874088892665123,-4.9516761899276425,-5.039078537285801,-5.1314893662988075,-5.2242502088678835,-5.31536273109355,-5.40450150142667,-5.492009857753758
1700000000335000000,10335000000,68,67,67,0,0,,,,0,fist,hold,200.0,dev-0123456789abcdef0123456789abcdef,synthetic-1-fist,29,protocol,synthetic-demo-contract-v1,True,4.75584863495433,4.9199157646589535,5.0743484367254945,5.223156631134204,5.371129942604077,5.520532581800989,5.67186507333845,5.8248659919038355
1700000000340000000,10340000000,69,68,68,0,0,,,,0,fist,hold,200.0,dev-0123456789abcdef0123456789abcdef,synthetic-1-fist,29,protocol,synthetic-demo-contract-v1,True,-4.813831498664356,-4.8882662398971375,-4.971967524052696,-5.061858812196053,-5.153086299233037,-5.24313076280895,-5.331309426356918,-5.4177930294640415
1700000000345000000,10345000000,70,69,69,0,0,,,,0,fist,hold,200.0,dev-0123456789abcdef0123456789abcdef,synthetic-1-fist,29,protocol,synthetic-demo-contract-v1,True,4.816637184043635,4.983520074670881,5.141693823183006,5.293173827369241,5.442805535699377,5.593348007774802,5.745671698530683,5.899704932984332
1700000000350000000,10350000000,71,70,70,0,0,,,,0,fist,hold,200.0,dev-0123456789abcdef0123456789abcdef,synthetic-1-fist,29,protocol,synthetic-demo-contract-v1,True,-4.752980773016393,-4.824981836417644,-4.904946611093435,-4.992036238063373,-5.081490975101548,-5.170331454542187,-5.257496017779041,-5.342949402987943
1700000000355000000,10355000000,72,71,71,0,0,,,,0,fist,hold,200.0,dev-0123456789abcdef0123456789abcdef,synthetic-1-fist,29,protocol,synthetic-demo-contract-v1,True,4.877078855381072,5.045974684576171,5.2078350696191515,5.362222308212165,5.513729301365911,5.665531855462137,5.818884302987684,5.9739360955302905
1700000000360000000,10360000000,73,72,72,0,0,,,,0,fist,hold,200.0,dev-0123456789abcdef0123456789abcdef,synthetic-1-fist,29,protocol,synthetic-demo-contract-v1,True,-4.693418385536012,-4.763858515800169,-4.840231964543734,-4.924334714728856,-5.011824511152462,-5.099357241064097,-5.185486619742676,-5.269942483664915
1700000000365000000,10365000000,74,73,73,0,0,,,,0,fist,hold,200.0,dev-0123456789abcdef0123456789abcdef,synthetic-1-fist,29,protocol,synthetic-demo-contract-v1,True,4.935296024599808,5.10527753007047,5.270588968062127,5.4280153740071295,5.581563104114022,5.734712323771877,5.889098239342744,6.045117408393886
1700000000370000000,10370000000,75,74,74,0,0,,,,0,fist,hold,200.0,dev-0123456789abcdef0123456789abcdef,synthetic-1-fist,29,protocol,synthetic-demo-contract-v1,True,-4.637004755053627,-4.706849225021662,-4.779955769764987,-4.860995581350299,-4.946383593556741,-5.0325397563919685,-5.11764537650244,-5.20117276599852
1700000000375000000,10375000000,76,75,75,0,0,,,,0,fist,hold,200.0,dev-0123456789abcdef0123456789abcdef,synthetic-1-fist,29,protocol,synthetic-demo-contract-v1,True,4.98945873693134,5.15953993941191,5.327891949487137,5.4883756512312285,5.644070674900273,5.798617145412585,5.954009333415158,6.110909746576175
1700000000380000000,10380000000,77,76,76,0,0,,,,0,fist,hold,200.0,dev-0123456789abcdef0123456789abcdef,synthetic-1-fist,29,protocol,synthetic-demo-contract-v1,True,-4.585526081900813,-4.655763800127304,-4.726096001550829,-4.804114179466892,-4.8873256053927925,-4.972073193352908,-5.056197525100997,-5.138898725515122
1700000000385000000,10385000000,78,77,77,0,0,,,,0,fist,hold,200.0,dev-0123456789abcdef0123456789abcdef,synthetic-1-fist,29,protocol,synthetic-demo-contract-v1,True,5.037837796080252,5.207044771208154,5.377867855975426,5.5413072078454615,5.699191333947523,5.85514826374877,6.011489596192191,6.169153892065564
1700000000390000000,10390000000,79,78,78,0,0,,,,0,fist,hold,200.0,dev-0123456789abcdef0123456789abcdef,synthetic-1-fist,29,protocol,synthetic-demo-contract-v1,True,-4.540641428333295,-4.612213627884903,-4.680411666137762,-4.7555704871753575,-4.836597504450811,-4.91994220542865,-5.003156302631729,-5.0851625400493266
1700000000395000000,10395000000,80,79,79,0,0,,,,0,fist,hold,200.0,dev-0123456789abcdef0123456789abcdef,synthetic-1-fist,29,protocol,synthetic-demo-contract-v1,True,5.078857199251239,5.246298563944561,5.418889155269811,5.585061593821882,5.745107924934184,5.902450758464807,6.059657095244231,6.2179415178778275
1700000000400000000,10400000000,81,80,80,0,0,,,,0,fist,hold,200.0,dev-0123456789abcdef0123456789abcdef,synthetic-1-fist,29,protocol,synthetic-demo-contract-v1,True,-4.503831107778245,-4.577563046035306,-4.644385627774021,-4.716966951724881,-4.795871638102945,-4.877856721150106,-4.9602568715280535,-5.041722985604383
1700000000405000000,10405000000,82,81,81,0,0,,,,0,fist,hold,200.0,dev-0123456789abcdef0123456789abcdef,synthetic-1-fist,29,protocol,synthetic-demo-contract-v1,True,5.111144560335382,5.276076255301931,5.449629610977744,5.618195620093904,5.780306720974196,5.938973754443513,6.096937688785911,6.255677859222255
1700000000410000000,10410000000,83,82,82,0,0,,,,0,fist,hold,200.0,dev-0123456789abcdef0123456789abcdef,synthetic-1-fist,29,protocol,synthetic-demo-contract-v1,True,-4.476347834356421,-4.552888803124651,-4.619176864569272,-4.689575577586517,-4.766490611223037,-4.847195813294731,-4.928899434177744,-5.009997714517712
1700000000415000000,10415000000,84,83,83,0,0,,,,0,fist,hold,200.0,dev-0123456789abcdef0123456789abcdef,synthetic-1-fist,29,protocol,synthetic-demo-contract-v1,True,5.133577983231021,5.295457277756379,5.469106720465152,5.639618965636134,5.803627327474279,5.963521312591921,6.122116594464635,6.28113401061924
1700000000420000000,10420000000,85,84,84,0,0,,,,0,fist,hold,200.0,dev-0123456789abcdef0123456789abcdef,synthetic-1-fist,29,protocol,synthetic-demo-contract-v1,True,-4.459172247112798,-4.53894863848083,-4.605583671473886,-4.67429601769687,-4.74942302468873,-4.828962466687205,-4.910103404695831,-4.991016813553022
1700000000425000000,10425000000,86,85,85,0,0,,,,0,fist,hold,200.0,dev-0123456789abcdef0123456789abcdef,synthetic-1-fist,29,protocol,synthetic-demo-contract-v1,True,5.145327707871118,5.30385210728839,5.476712584542225,5.64863004203528,5.814300936726809,5.975291631461963,6.134378100509406,6.293487130546096
1700000000430000000,10430000000,87,86,86,0,0,,,,0,fist,hold,200.0,dev-0123456789abcdef0123456789abcdef,synthetic-1-fist,29,protocol,synthetic-demo-contract-v1,True,-4.4529745328265715,-4.536159764665041,-4.604018954084285,-4.671626048469816,-4.745231543629602,-4.823750729351498,-4.904474140825491,-4.985389166980867
1700000000435000000,10435000000,88,87,87,0,0,,,,0,fist,hold,200.0,dev-0123456789abcdef0123456789abcdef,synthetic-1-fist,29,protocol,synthetic-demo-contract-v1,True,5.1458907781405765,5.301018626209477,5.4722322660350295,5.644938936394924,5.811975673103616,5.973903273539756,6.133332118034494,6.292347234475152
1700000000440000000,10440000000,89,88,88,0,0,,,,0,fist,hold,200.0,dev-0123456789abcdef0123456789abcdef,synthetic-1-fist,29,protocol,synthetic-demo-contract-v1,True,-4.458083902988471,-4.544587746467598,-4.614498348526873,-4.681645396590348,-4.75405434811162,-4.831726323940253,-4.912183324709165,-4.993282726995227
1700000000445000000,10445000000,90,89,89,0,0,,,,0,fist,hold,200.0,dev-0123456789abcdef0123456789abcdef,synthetic-1-fist,29,protocol,synthetic-demo-contract-v1,True,5.135116995835325,5.287067951673539,5.4558491147370765,5.628676683644493,5.796728193298673,5.959407557330315,6.11902670716316,6.27776969981544
1700000000450000000,10450000000,91,90,90,0,0,,,,0,fist,hold,200.0,dev-0123456789abcdef0123456789abcdef,synthetic-1-fist,29,protocol,synthetic-demo-contract-v1,True,-4.4744676146121645,-4.563945979353592,-4.636641473886849,-4.704013441325013,-4.775600577771073,-4.852621353208633,-4.932963631341596,-5.0144193348920565
1700000000455000000,10455000000,92,91,91,0,0,,,,0,fist,hold,200.0,dev-0123456789abcdef0123456789abcdef,synthetic-1-fist,29,protocol,synthetic-demo-contract-v1,True,5.113224545084918,5.262459671610187,5.428136969792422,5.600390573943894,5.769061159195832,5.932286711773064,6.091946171911336,6.250253077672944
1700000000460000000,10460000000,93,92,92,0,0,,,,0,fist,hold,200.0,dev-0123456789abcdef0123456789abcdef,synthetic-1-fist,29,protocol,synthetic-demo-contract-v1,True,-4.501721047511595,-4.593605682590655,-4.669686188948046,-4.73798085491466,-4.80915992057416,-4.8857432693976905,-4.966117852714727,-5.048084256444895
1700000000465000000,10465000000,94,93,93,0,0,,,,0,fist,hold,200.0,dev-0123456789abcdef0123456789abcdef,synthetic-1-fist,29,protocol,synthetic-demo-contract-v1,True,5.080803906807391,5.227986713583926,5.390039582792846,5.5610256647457454,5.729886666673275,5.89343785809298,6.052994794213171,6.210722290956714
1700000000470000000,10470000000,95,94,94,0,0,,,,0,fist,hold,200.0,dev-0123456789abcdef0123456789abcdef,synthetic-1-fist,29,protocol,synthetic-demo-contract-v1,True,-4.53907005720759,-4.632616043751591,-4.712515298813249,-4.782414780909192,-4.853626029590768,-4.92999780801999,-5.010542169506925,-5.093150109682498
1700000000475000000,10475000000,96,95,95,0,0,,,,0,fist,hold,200.0,dev-0123456789abcdef0123456789abcdef,synthetic-1-fist,29,protocol,synthetic-demo-contract-v1,True,5.038809033581564,5.184750344159661,5.342838021545352,5.511893124765018,5.6804961766453435,5.844143350497007,6.003466750413011,6.160497780198012
1700000000480000000,10480000000,97,96,96,0,0,,,,0,fist,hold,200.0,dev-0123456789abcdef0123456789abcdef,synthetic-1-fist,29,protocol,synthetic-demo-contract-v1,True,-4.585386416640786,-4.679733886827982,-4.763694753207774,-4.835836701443035,-4.907532995804336,-4.983925127147401,-5.064762796343998,-5.148114388803438
1700000000485000000,10485000000,98,97,97,0,0,,,,0,fist,hold,200.0,dev-0123456789abcdef0123456789abcdef,synthetic-1-fist,29,protocol,synthetic-demo-contract-v1,True,4.988535213098618,5.134126052105544,5.2881072020735145,5.4546264734074,5.622517939621591,5.786028455818868,5.945003208412126,6.101251621631135
1700000000490000000,10490000000,99,98,98,0,0,,,,0,fist,hold,200.0,dev-0123456789abcdef0123456789abcdef,synthetic-1-fist,29,protocol,synthetic-demo-contract-v1,True,-4.639216654853209,-4.733461990170223,-4.821522009915733,-4.896471724333439,-4.969103674563009,-5.045747959005598,-5.126984786509983,-5.211149339894749
1700000000495000000,10495000000,100,99,99,0,0,,,,0,fist,hold,200.0,dev-0123456789abcdef0123456789abcdef,synthetic-1-fist,29,protocol,synthetic-demo-contract-v1,True,4.931583594935921,5.077721304085479,5.227663042603328,5.391127179651768,5.557863317362624,5.721007768533287,5.879538025462969,6.034952071339335
1700000000500000000,10500000000,101,100,100,0,0,,,,0,fist,hold,200.0,dev-0123456789abcdef0123456789abcdef,synthetic-1-fist,29,protocol,synthetic-demo-contract-v1,True,-4.698824019367077,-4.792094956771142,-4.884082915485537,-4.962307643433238,-5.036308272499567,-5.113430185770112,-5.195151382004706,-5.280162537223845
1700000000505000000,10505000000,102,101,101,0,0,,,,0,fist,hold,200.0,dev-0123456789abcdef0123456789abcdef,synthetic-1-fist,29,protocol,synthetic-demo-contract-v1,True,4.869812964026816,5.017326372682495,5.163502027239596,5.323501435711883,5.4886637712404305,5.651222127808247,5.809233841463006,5.963798370451003
1700000000510000000,10510000000,103,102,102,0,0,,,,0,fist,hold,200.0,dev-0123456789abcdef0123456789abcdef,synthetic-1-fist,29,protocol,synthetic-demo-contract-v1,True,-4.7622426616376705,-4.85377134158769,-4.949315190983034,-5.031161803367692,-5.1069312634920285,-5.184743908923279,-5.267011948198138,-5.35286615655352
1700000000515000000,10515000000,104,103,103,0,0,,,,0,fist,hold,200.0,dev-0123456789abcdef0123456789abcdef,synthetic-1-fist,29,protocol,synthetic-demo-contract-v1,True,4.805279981116571,4.954859620216786,5.09773519981962,5.25399021141396,5.417200594600563,5.578968115266183,5.736410678178042,5.890147966921192
1700000000520000000,10520000000,105,104,104,0,0,,,,0,fist,hold,200.0,dev-0123456789abcdef0123456789abcdef,synthetic-1-fist,29,protocol,synthetic-demo-contract-v1,True,-4.827342508155713,-4.916530571989233,-5.015076411074274,-5.100753543260917,-5.17864442765424,-5.257342802631492,-5.340196250422669,-5.426852655794216
1700000000525000000,10525000000,106,105,105,0,0,,,,0,fist,hold,200.0,dev-0123456789abcdef0123456789abcdef,synthetic-1-fist,29,protocol,synthetic-demo-contract-v1,True,4.740169737147685,4.892308774608012,5.032518773221055,5.184894915552356,5.345829705631167,5.506622455626919,5.663469400743017,5.816438558794432
1700000000530000000,10530000000,107,106,106,0,0,,,,0,fist,hold,200.0,dev-0123456789abcdef0123456789abcdef,synthetic-1-fist,29,protocol,synthetic-demo-contract-v1,True,-4.891902673476782,-4.978373061248166,-5.079214235764283,-5.168779811737834,-5.249083605488644,-5.328839335501568,-5.41229262194151,-5.499674362777604
1700000000535000000,10535000000,108,107,107,0,0,,,,0,fist,hold,200.0,dev-0123456789abcdef0123456789abcdef,synthetic-1-fist,29,protocol,synthetic-demo-contract-v1,True,4.676719044267226,4.831669852308395,4.969983631693822,5.11850113330963,5.276903980083543,5.4365638094097255,5.592812565966109,5.745107533809306
1700000000540000000,10540000000,109,108,108,0,0,,,,0,fist,hold,200.0,dev-0123456789abcdef0123456789abcdef,synthetic-1-fist,29,protocol,synthetic-demo-contract-v1,True,-4.9536907362446225,-5.037321814379778,-5.13963659901177,-5.232991443318901,-5.315926636855977,-5.396883318538761,-5.480927445660495,-5.568924341936663
1700000000545000000,10545000000,110,109,109,0,0,,,,0,fist,hold,200.0,dev-0123456789abcdef0123456789abcdef,synthetic-1-fist,29,protocol,synthetic-demo-contract-v1,True,4.617135371222734,4.7748854650153945,4.912166021487542,5.057002969520467,5.212695684292382,5.371094531901671,5.526765266883567,5.678511465185311
1700000000550000000,10550000000,111,110,110,0,0,,,,0,fist,hold,200.0,dev-0123456789abcdef0123456789abcdef,synthetic-1-fist,29,protocol,synthetic-demo-contract-v1,True,-5.0105447733586725,-5.091483763621346,-5.194379578056878,-5.291267567580765,-5.3769699153570665,-5.45923919430112,-5.543843329872344,-5.632315870413529
1700000000555000000,10555000000,112,111,111,0,0,,,,0,fist,hold,200.0,dev-0123456789abcdef0123456789abcdef,synthetic-1-fist,29,protocol,synthetic-demo-contract-v1,True,4.563514689405687,4.723784288512106,4.860941668496819,5.002430504229881,5.1553215656371965,5.312364972877907,5.467498581907511,5.61884832064413
1700000000560000000,10560000000,113,112,112,0,0,,,,0,fist,hold,200.0,dev-0123456789abcdef0123456789abcdef,synthetic-1-fist,29,protocol,synthetic-demo-contract-v1,True,-5.060454763716017,-5.139109050256151,-5.2416707600984145,-5.34168568763208,-5.430201034367314,-5.5138595245124895,-5.598973402594675,-5.687757900929271
1700000000565000000,10565000000,114,113,113,0,0,,,,0,fist,hold,200.0,dev-0123456789abcdef0123456789abcdef,synthetic-1-fist,29,protocol,synthetic-demo-contract-v1,True,4.517761698469944,4.680023470881142,4.817965433565644,4.9565827605474375,5.106673069978974,5.262302807100203,5.416958149842324,5.568084951271697
1700000000570000000,10570000000,115,114,114,0,0,,,,0,fist,hold,200.0,dev-0123456789abcdef0123456789abcdef,synthetic-1-fist,29,protocol,synthetic-demo-contract-v1,True,-5.101639856419429,-5.178646492849808,-5.279986085075454,-5.38258511125735,-5.473865129810592,-5.55895225934489,-5.644509278197785,-5.73342402207642
1700000000575000000,10575000000,116,115,115,0,0,,,,0,fist,hold,200.0,dev-0123456789abcdef0123456789abcdef,synthetic-1-fist,29,protocol,synthetic-demo-contract-v1,True,4.481515927095344,4.6450357112166225,4.784618421444178,4.920968398893531,5.0683539865856435,5.222549719227036,5.376800221916039,5.527892251726116
1700000000580000000,10580000000,117,116,116,0,0,,,,0,fist,hold,200.0,dev-0123456789abcdef0123456789abcdef,synthetic-1-fist,29,protocol,synthetic-demo-contract-v1,True,-5.1326180639617105,-5.208793551260083,-5.308098368728658,-5.412621641512106,-5.506522732558032,-5.593039577040813,-5.678960459730208,-5.7678126421193925
1700000000585000000,10585000000,118,117,117,0,0,,,,0,fist,hold,200.0,dev-0123456789abcdef0123456789abcdef,synthetic-1-fist,29,protocol,synthetic-demo-contract-v1,True,4.456087045684917,4.619982647182145,4.761964205187976,4.896756092666702,5.041627576198807,5.194407523942036,5.348337294416859,5.499590129333738
1700000000590000000,10590000000,119,118,118,0,0,,,,0,fist,hold,200.0,dev-0123456789abcdef0123456789abcdef,synthetic-1-fist,29,protocol,synthetic-demo-contract-v1,True,-5.1522651922427345,-5.228539212231766,-5.325115990898561,-5.430811726073417,-5.527097223238496,-5.6150063607310186,-5.701203223699701,-5.78979641278652
1700000000595000000,10595000000,120,119,119,0,0,,,,0,fist,hold,200.0,dev-0123456789abcdef0123456789abcdef,synthetic-1-fist,29,protocol,synthetic-demo-contract-v1,True,4.442402385982394,4.60571604958395,4.75071552282832,4.884736216846409,5.027374925264585,5.178795490863404,5.332495108727926,5.484104095185132
1700000000600000000,10600000000,121,120,120,0,0,,,,0,fist,hold,200.0,dev-0123456789abcdef0123456789abcdef,synthetic-1-fist,29,protocol,synthetic-demo-contract-v1,True,-5.159860247931889,-5.237198386197643,-5.330510560585132,-5.436564616442595,-5.534910325023478,-5.624136721034861,-5.7105173816896615,-5.798659265314948
1700000000605000000,10605000000,122,121,121,0,0,,,,0,fist,hold,200.0,dev-0123456789abcdef0123456789abcdef,synthetic-1-fist,29,protocol,synthetic-demo-contract-v1,True,4.440969152133368,4.602748134953501,4.751212457695719,4.885295103922543,5.026065899259774,5.176220274401205,5.329782429982159,5.481934906161757
1700000000610000000,10610000000,123,122,122,0,0,,,,0,fist,hold,200.0,dev-0123456789abcdef0123456789abcdef,synthetic-1-fist,29,protocol,synthetic-demo-contract-v1,True,-5.155115149537574,-5.234436614999011,-5.324132730763769,-5.429701487394206,-5.529704464300017,-5.62013736703948,-5.706609713604754,-5.79411984041595
1700000000615000000,10615000000,124,123,123,0,0,,,,0,fist,hold,200.0,dev-0123456789abcdef0123456789abcdef,synthetic-1-fist,29,protocol,synthetic-demo-contract-v1,True,4.451853154176494,4.611232074768292,4.763412739244986,4.89840270340982,5.037743652691612,5.186759433360057,5.340274593614016,5.493142255578971
1700000000620000000,10620000000,125,124,124,0,0,,,,0,fist,hold,200.0,dev-0123456789abcdef0123456789abcdef,synthetic-1-fist,29,protocol,synthetic-demo-contract-v1,True,-5.1381872809184,-5.220284144025337,-5.306215720505875,-5.410460900542843,-5.511651262069863,-5.603147061554237,-5.689623307326734,-5.77634054334547
1700000000625000000,10625000000,126,125,125,0,0,,,,0,fist,hold,200.0,dev-0123456789abcdef0123456789abcdef,synthetic-1-fist,29,protocol,synthetic-demo-contract-v1,True,4.4746751336046815,4.630953505802358,4.786894409758228,4.923614035999398,5.06202320642818,5.2100590774305635,5.363611354692808,5.517343046059007
1700000000630000000,10630000000,127,126,126,0,0,,,,0,fist,hold,200.0,dev-0123456789abcdef0123456789abcdef,synthetic-1-fist,29,protocol,synthetic-demo-contract-v1,True,-5.1096742255796945,-5.195138705466966,-5.277366497210628,-5.379490449123165,-5.481345876139992,-5.573731854850693,-5.660132504603106,-5.745921930054157
1700000000635000000,10635000000,128,127,127,0,0,,,,0,fist,hold,200.0,dev-0123456789abcdef0123456789abcdef,synthetic-1-fist,29,protocol,synthetic-demo-contract-v1,True,4.508624924145582,4.661333535370231,4.820870706398342,4.9600843759313635,5.098104139260442,5.245345712521384,5.399009103074395,5.553724296666459
1700000000640000000,10640000000,129,128,128,0,0,,,,0,fist,hold,200.0,dev-0123456789abcdef0123456789abcdef,synthetic-1-fist,29,protocol,synthetic-demo-contract-v1,True,-5.070590861612295,-5.159756685881896,-5.238544965179141,-5.3378248789869245,-5.43978738062476,-5.532866259329017,-5.6191236277463155,-5.703882614782161
1700000000645000000,10645000000,130,129,129,0,0,,,,0,fist,hold,200.0,dev-0123456789abcdef0123456789abcdef,synthetic-1-fist,29,protocol,synthetic-demo-contract-v1,True,4.552492846511269,4.701443394924115,4.86421662022366,5.006597640629189,5.144796975294631,5.291451889476643,5.445287033667944,5.601070253142384
1700000000650000000,10650000000,131,130,130,0,0,,,,0,fist,hold,200.0,dev-0123456789abcdef0123456789abcdef,synthetic-1-fist,29,protocol,synthetic-demo-contract-v1,True,-5.022329832207033,-5.115232703172306,-5.191031886041596,-5.286851428223864,-5.388345829586414,-5.4819009902801366,-5.567962130533035,-5.651625367471418
1700000000655000000,10655000000,132,131,131,0,0,,,,0,fist,hold,200.0,dev-0123456789abcdef0123456789abcdef,synthetic-1-fist,29,protocol,synthetic-demo-contract-v1,True,4.604716922187133,4.75003053439977,4.9155062260111055,5.06160703008418,5.200562397264974,5.346854806490329,5.500906401103072,5.657802801206065
1700000000660000000,10660000000,133,132,132,0,0,,,,0,fist,hold,200.0,dev-0123456789abcdef0123456789abcdef,synthetic-1-fist,29,protocol,synthetic-demo-contract-v1,True,-4.966607187229092,-5.062967985677396,-5.136386609970457,-5.228263549899498,-5.328717090623007,-5.422518339904941,-5.508347264105141,-5.590890525219335
1700000000665000000,10665000000,134,133,133,0,0,,,,0,fist,hold,200.0,dev-0123456789abcdef0123456789abcdef,synthetic-1-fist,29,protocol,synthetic-demo-contract-v1,True,4.663443755101183,4.805555578358253,4.973059540348984,5.1232865543518615,5.26356199302599,5.409726589422282,5.56402155696413,5.7220338438257325
1700000000670000000,10670000000,135,134,134,0,0,,,,0,fist,hold,200.0,dev-0123456789abcdef0123456789abcdef,synthetic-1-fist,29,protocol,synthetic-demo-contract-v1,True,-4.90539567277904,-5.00462831819875,-5.07639601341554,-5.164004565228253,-5.262866937399597,-5.35667665846127,-5.442255759939892,-5.523698260653276
1700000000675000000,10675000000,136,135,135,0,0,,,,0,fist,hold,200.0,dev-0123456789abcdef0123456789abcdef,synthetic-1-fist,29,protocol,synthetic-demo-contract-v1,True,4.726600312918154,4.866239195219175,5.034997370621798,5.1895917291576525,5.331718862270723,5.477994590260844,5.632541079739848,5.791627908576288
1700000000680000000,10680000000,137,136,136,0,0,,,,0,fist,hold,200.0,dev-0123456789abcdef0123456789abcdef,synthetic-1-fist,29,protocol,synthetic-demo-contract-v1,True,-4.840848689922523,-4.942092683931809,-5.013016309774828,-5.096203125450448,-5.192966244217684,-5.28654577445517,-5.371876393525949,-5.452281617754032
1700000000685000000,10685000000,138,137,137,0,0,,,,0,fist,hold,200.0,dev-0123456789abcdef0123456789abcdef,synthetic-1-fist,29,protocol,synthetic-demo-contract-v1,True,4.791973375582045,4.930117575641363,5.099302372989966,5.258327418796923,5.402786085460322,5.54940971479487,5.7041969754998405,5.864272913725462
1700000000690000000,10690000000,139,138,138,0,0,,,,0,fist,hold,200.0,dev-0123456789abcdef0123456789abcdef,synthetic-1-fist,29,protocol,synthetic-demo-contract-v1,True,-4.775218321784371,-4.87739407422057,-4.948309615990204,-5.027102628886047,-5.121319419055955,-5.2144354834008855,-5.29953759234654,-5.3790125301725835
1700000000695000000,10695000000,140,139,139,0,0,,,,0,fist,hold,200.0,dev-0123456789abcdef0123456789abcdef,synthetic-1-fist,29,protocol,synthetic-demo-contract-v1,True,4.857293131383257,4.995104888858132,5.163884350397827,5.327220572114361,5.474420797757738,5.621620526974424,5.776619661990373,5.937556752650004
1700000000700000000,10700000000,141,140,140,0,0,,,,0,fist,hold,200.0,dev-0123456789abcdef0123456789abcdef,synthetic-1-fist,29,protocol,synthetic-demo-contract-v1,True,-4.710771021804879,-4.81265424622464,-4.884377314293764,-4.958986936328618,-5.0502884344219,-5.142719462063541,-5.227630480257973,-5.306323268425677
1700000000705000000,10705000000,142,141,141,0,0,,,,0,fist,hold,200.0,dev-0123456789abcdef0123456789abcdef,synthetic-1-fist,29,protocol,synthetic-demo-contract-v1,True,4.920317302529137,5.059060800005538,5.226647697324251,5.393995438965403,5.544261425978864,5.692250688113974,5.847416259069144,6.009047164451357
1700000000710000000,10710000000,143,142,142,0,0,,,,0,fist,hold,200.0,dev-0123456789abcdef0123456789abcdef,synthetic-1-fist,29,protocol,synthetic-demo-contract-v1,True,-4.649704558921576,-4.750014468721989,-4.823292339896324,-4.89410484673815,-4.982214960480344,-5.073757114804266,-5.158529899847931,-5.236625912895812
1700000000715000000,10715000000,144,143,143,0,0,,,,0,fist,hold,200.0,dev-0123456789abcdef0123456789abcdef,synthetic-1-fist,29,protocol,synthetic-demo-contract-v1,True,4.978912273073905,5.119860900078628,5.285558839759699,5.4564487763028655,5.610005542299552,5.758977180234725,5.914249600408108,6.0763722505349
1700000000720000000,10720000000,145,144,144,0,0,,,,0,fist,hold,200.0,dev-0123456789abcdef0123456789abcdef,synthetic-1-fist,29,protocol,synthetic-demo-contract-v1,True,-4.594069633682139,-4.691564496022513,-4.767032549978882,-4.834595832304172,-4.9193431674869315,-5.0098159257645385,-5.094516019957362,-5.172232514340207
1700000000725000000,10725000000,146,145,145,0,0,,,,0,fist,hold,200.0,dev-0123456789abcdef0123456789abcdef,synthetic-1-fist,29,protocol,synthetic-demo-contract-v1,True,5.031127960336192,5.175467734755603,5.338711528054488,5.512522557334801,5.669485768124472,5.819606738012587,5.974915358720711,6.137298975997543
1700000000730000000,10730000000,147,146,146,0,0,,,,0,fist,hold,200.0,dev-0123456789abcdef0123456789abcdef,synthetic-1-fist,29,protocol,synthetic-demo-contract-v1,True,-4.545699230182366,-4.639272138555329,-4.717417286643739,-4.782419486307266,-4.86374574248972,-4.952996872971778,-5.037699115115074,-5.115278580502084
1700000000735000000,10735000000,148,147,147,0,0,,,,0,fist,hold,200.0,dev-0123456789abcdef0123456789abcdef,synthetic-1-fist,29,protocol,synthetic-demo-contract-v1,True,5.075263594016774,5.224000028708662,5.384387916090504,5.560371783765199,5.720741225803841,5.872147973785529,6.027414740136638,6.189807061617194
1700000000740000000,10740000000,149,148,148,0,0,,,,0,fist,hold,200.0,dev-0123456789abcdef0123456789abcdef,synthetic-1-fist,29,protocol,synthetic-demo-contract-v1,True,-4.506148279586909,-4.594915847514225,-4.676049138259173,-4.7392910104767285,-4.817255559297621,-4.9051653586304464,-4.989949997865605,-5.0676524171870225
1700000000745000000,10745000000,150,149,149,0,0,,,,0,fist,hold,200.0,dev-0123456789abcdef0123456789abcdef,synthetic-1-fist,29,protocol,synthetic-demo-contract-v1,True,5.109922113597944,5.26379769547255,5.421113499936627,5.598425166934243,5.762082182657608,5.914876822875198,6.070020350636614,6.232155824836695
1700000000750000000,10750000000,151,150,150,0,0,,,,0,fist,hold,200.0,dev-0123456789abcdef0123456789abcdef,synthetic-1-fist,29,protocol,synthetic-demo-contract-v1,True,-4.476645616936471,-4.560022694133016,-4.644262733602047,-4.7066248650753355,-4.781405254343862,-4.867889927263299,-4.95283839738425,-5.030932658462936
1700000000755000000,10755000000,152,151,151,0,0,,,,0,fist,hold,200.0,dev-0123456789abcdef0123456789abcdef,synthetic-1-fist,29,protocol,synthetic-demo-contract-v1,True,5.1340515262509605,5.293480303789096,5.447704188111598,5.625436683079174,5.792145756195145,5.946393157362623,6.101333063787456,6.262941761340717
1700000000760000000,10760000000,153,152,152,0,0,,,,0,fist,hold,200.0,dev-0123456789abcdef0123456789abcdef,synthetic-1-fist,29,protocol,synthetic-demo-contract-v1,True,-4.458059554160785,-4.535813999040077,-4.623082176905593,-4.6854884316206915,-4.757376700439901,-4.842390786026287,-4.9275813145810865,-5.006336049864662
1700000000765000000,10765000000,154,153,153,0,0,,,,0,fist,hold,200.0,dev-0123456789abcdef0123456789abcdef,synthetic-1-fist,29,protocol,synthetic-demo-contract-v1,True,5.14697224278545,5.31199684053474,5.463304027408589,5.640526312876009,5.8099408441029565,5.965666708125651,6.1203280168929695,6.281144964933067
1700000000770000000,10770000000,155,154,154,0,0,,,,0,fist,hold,200.0,dev-0123456789abcdef0123456789abcdef,synthetic-1-fist,29,protocol,synthetic-demo-contract-v1,True,-4.450877710974353,-4.523160654556022,-4.613188456542001,-4.6765672041551,-4.745962044112646,-4.829499817938383,-4.915003053804238,-4.99467720957621
1700000000775000000,10775000000,156,155,155,0,0,,,,0,fist,hold,200.0,dev-0123456789abcdef0123456789abcdef,synthetic-1-fist,29,protocol,synthetic-demo-contract-v1,True,5.148390085981724,5.318664865183747,5.467412405003258,5.643208635680509,5.814880797798752,5.972070787766996,6.126388222250816,6.286162852325134
1700000000780000000,10780000000,157,156,156,0,0,,,,0,fist,hold,200.0,dev-0123456789abcdef0123456789abcdef,synthetic-1-fist,29,protocol,synthetic-demo-contract-v1,True,-4.455201082929674,-4.522549887295531,-4.614897844223394,-4.680142641469378,-4.747537591002532,-4.829633399623752,-4.9155082451718455,-4.996341696716489
1700000000785000000,10785000000,158,157,157,0,0,,,,0,fist,hold,200.0,dev-0123456789abcdef0123456789abcdef,synthetic-1-fist,29,protocol,synthetic-demo-contract-v1,True,5.138395304246606,5.313197484855373,5.459899880043357,5.633408352439975,5.806802762406669,5.965402709395125,6.119324689597245,6.277830078963177
1700000000790000000,10790000000,159,158,158,0,0,,,,0,fist,hold,200.0,dev-0123456789abcdef0123456789abcdef,synthetic-1-fist,29,protocol,synthetic-demo-contract-v1,True,-4.470751719774269,-4.534064838260864,-4.628151955065508,-4.696083392450761,-4.762051400239466,-4.84277891296472,-4.929068742247038,-5.011273276137556
1700000000795000000,10795000000,160,159,159,0,0,,,,0,fist,hold,200.0,dev-0123456789abcdef0123456789abcdef,synthetic-1-fist,29,protocol,synthetic-demo-contract-v1,True,5.117448489392257,5.2957169822967805,5.441012155853252,5.611462244665702,5.785973045574916,5.94589023479753,6.099382401508296,6.256423988302114
1700000000800000000,10800000000,161,160,160,0,0,,,,0,fist,hold,200.0,dev-0123456789abcdef0123456789abcdef,synthetic-1-fist,29,protocol,synthetic-demo-contract-v1,True,-4.496892868475072,-4.557377904539864,-4.652519772274022,-4.723850163728287,-4.789024996771423,-4.868495388730361,-4.95522482139867,-5.03897580007481
1700000000805000000,10805000000,162,161,161,0,0,,,,0,fist,hold,200.0,dev-0123456789abcdef0123456789abcdef,synthetic-1-fist,29,protocol,synthetic-demo-contract-v1,True,5.086354763328602,5.266754388257972,5.411362076313011,5.578107525751291,5.753078338142684,5.914183845909118,6.067231950791187,6.222655414913282
1700000000810000000,10810000000,163,162,162,0,0,,,,0,fist,hold,200.0,dev-0123456789abcdef0123456789abcdef,synthetic-1-fist,29,protocol,synthetic-demo-contract-v1,True,-4.532660026622281,-4.591758305677076,-4.687211564791974,-4.762514047719772,-4.827569145195541,-4.905928254653332,-4.993100636896195,-5.0785296440515975
1700000000815000000,10815000000,164,163,163,0,0,,,,0,fist,hold,200.0,dev-0123456789abcdef0123456789abcdef,synthetic-1-fist,29,protocol,synthetic-demo-contract-v1,True,5.046227946443133,5.227234788298335,5.371909905523001,5.534456990426614,5.709203076083532,5.87133510045651,6.0239471223178995,6.177645145713961
1700000000820000000,10820000000,165,164,164,0,0,,,,0,fist,hold,200.0,dev-0123456789abcdef0123456789abcdef,synthetic-1-fist,29,protocol,synthetic-demo-contract-v1,True,-4.576801066692562,-4.636093826332549,-4.7311042534292485,-4.810787684965906,-4.876413165077664,-4.953837695917696,-5.041433415159032,-5.12862215357878
1700000000825000000,10825000000,166,165,165,0,0,,,,0,fist,hold,200.0,dev-0123456789abcdef0123456789abcdef,synthetic-1-fist,29,protocol,synthetic-demo-contract-v1,True,4.998446642087373,5.178448673500282,5.323932517107475,5.481961803396428,5.65579369003146,5.818761790867744,5.970969165700071,6.122886817453089
1700000000830000000,10830000000,167,166,166,0,0,,,,0,fist,hold,200.0,dev-0123456789abcdef0123456789abcdef,synthetic-1-fist,29,protocol,synthetic-demo-contract-v1,True,-4.627823433205563,-4.688926164483605,-4.7827774221254495,-4.867068211932389,-4.9339468213256366,-5.010639687893389,-5.0986154181497945,-5.187591095277213
1700000000835000000,10835000000,168,167,167,0,0,,,,0,fist,hold,200.0,dev-0123456789abcdef0123456789abcdef,synthetic-1-fist,29,protocol,synthetic-demo-contract-v1,True,4.9446042683974305,5.122010164674085,5.268982467272887,5.422363174875657,5.594610920971322,5.758201059885789,5.910058944371343,6.060197476738085
1700000000840000000,10840000000,169,168,168,0,0,,,,0,fist,hold,200.0,dev-0123456789abcdef0123456789abcdef,synthetic-1-fist,29,protocol,synthetic-demo-contract-v1,True,-4.6840463769723995,-4.74849880180078,-4.840558836993982,-4.929490558189572,-4.998273408621303,-5.074458343964426,-5.162747284626835,-5.253479676368996
1700000000845000000,10845000000,170,169,169,0,0,,,,0,fist,hold,200.0,dev-0123456789abcdef0123456789abcdef,synthetic-1-fist,29,protocol,synthetic-demo-contract-v1,True,4.886455051213926,5.059803439541447,5.208838243432197,5.357634535427396,5.527671774096663,5.691652022513953,5.8432385465431045,5.991657436547548
1700000000850000000,10850000000,171,170,170,0,0,,,,0,fist,hold,200.0,dev-0123456789abcdef0123456789abcdef,synthetic-1-fist,29,protocol,synthetic-demo-contract-v1,True,-4.743656258819855,-4.812815830825219,-4.902578036836141,-4.995989317757827,-5.067272279882955,-5.143187849173409,-5.2317009827500875,-5.3241013142171685
1700000000855000000,10855000000,172,171,171,0,0,,,,0,fist,hold,200.0,dev-0123456789abcdef0123456789abcdef,synthetic-1-fist,29,protocol,synthetic-demo-contract-v1,True,4.825857878303992,4.993919151427353,5.145447258138937,5.289916133278211,5.4571830244353485,5.621309788913798,5.772724290943112,5.91954141688572
1700000000860000000,10860000000,173,172,172,0,0,,,,0,fist,hold,200.0,dev-0123456789abcdef0123456789abcdef,synthetic-1-fist,29,protocol,synthetic-demo-contract-v1,True,-4.804763108139544,-4.879709742382558,-4.966826304042961,-5.064367139533111,-5.1386687573897,-5.214561935387025,-5.303190290738169,-5.397112015363184
1700000000865000000,10865000000,174,173,173,0,0,,,,0,fist,hold,200.0,dev-0123456789abcdef0123456789abcdef,synthetic-1-fist,29,protocol,synthetic-demo-contract-v1,True,4.764719729171705,4.926583026676634,5.080863387720139,5.221444223980665,5.3854684663552606,5.549493065324488,5.700853343778884,5.8462432453186866
1700000000870000000,10870000000,175,174,174,0,0,,,,0,fist,hold,200.0,dev-0123456789abcdef0123456789abcdef,synthetic-1-fist,29,protocol,synthetic-demo-contract-v1,True,-4.86545683370773,-4.94691581485418,-5.031221122061783,-5.132367370196473,-5.210109121815918,-5.286228606133812,-5.374846474346518,-5.470087971956566
1700000000875000000,10875000000,176,175,175,0,0,,,,0,fist,hold,200.0,dev-0123456789abcdef0123456789abcdef,synthetic-1-fist,29,protocol,synthetic-demo-contract-v1,True,4.704940163393144,4.860079148926439,5.0171810292531065,5.154477196906499,5.314892305307089,5.47856772069406,5.630006373645724,5.774196606077082
1700000000880000000,10880000000,177,176,176,0,0,,,,0,fist,hold,200.0,dev-0123456789abcdef0123456789abcdef,synthetic-1-fist,29,protocol,synthetic-demo-contract-v1,True,-4.923861727906076,-5.012150470548133,-5.093673081203846,-5.197748546700519,-5.279238207021044,-5.355827647307767,-5.4442966590434265,-5.540605810898524
1700000000885000000,10885000000,178,177,177,0,0,,,,0,fist,hold,200.0,dev-0123456789abcdef0123456789abcdef,synthetic-1-fist,29,protocol,synthetic-demo-contract-v1,True,4.648358101146775,4.796670667007094,4.956467762927181,5.09122107997485,5.247781217339686,5.410868838594414,5.562528801198207,5.705794457182314
1700000000890000000,10890000000,179,178,178,0,0,,,,0,fist,hold,200.0,dev-0123456789abcdef0123456789abcdef,synthetic-1-fist,29,protocol,synthetic-demo-contract-v1,True,-4.978188153884635,-5.07319078623252,-5.152153113096658,-5.258358278654333,-5.34377704253634,-5.42106836920777,-5.50924230652697,-5.606322843131931
1700000000895000000,10895000000,180,179,179,0,0,,,,0,fist,hold,200.0,dev-0123456789abcdef0123456789abcdef,synthetic-1-fist,29,protocol,synthetic-demo-contract-v1,True,4.596701888027711,4.738520788748923,4.900697755698244,5.033756880215196,5.186347645842815,5.348623822816275,5.500653246047577,5.6433097793317355
1700000000900000000,10900000000,181,180,180,0,0,,,,0,fist,hold,200.0,dev-0123456789abcdef0123456789abcdef,synthetic-1-fist,29,protocol,synthetic-demo-contract-v1,True,-5.026780534577311,-5.12795227373444,-5.204757918263774,-5.312204085399982,-5.4015979841178545,-5.479805018853126,-5.567535202545508,-5.665054660210288
1700000000905000000,10905000000,182,181,181,0,0,,,,0,fist,hold,200.0,dev-0123456789abcdef0123456789abcdef,synthetic-1-fist,29,protocol,synthetic-demo-contract-v1,True,4.551543423759868,4.687616938681476,4.851688024727283,4.9839721528719645,5.132616864184629,5.2938790892289616,5.446425733046934,5.588820276595398
1700000000910000000,10910000000,183,182,182,0,0,,,,0,fist,hold,200.0,dev-0123456789abcdef0123456789abcdef,synthetic-1-fist,29,protocol,synthetic-demo-contract-v1,True,-5.068160954177899,-5.174562086772345,-5.249771501911463,-5.3575188573079595,-5.450794855545437,-5.530107379364617,-5.6172484459281495,-5.7148475125839
1700000000915000000,10915000000,184,183,183,0,0,,,,0,fist,hold,200.0,dev-0123456789abcdef0123456789abcdef,synthetic-1-fist,29,protocol,synthetic-demo-contract-v1,True,4.51425696650656,4.645700861443529,4.811039595623903,4.943499048090392,5.088360208761347,5.248432757253199,5.401638095229597,5.5441395187688
1700000000920000000,10920000000,185,184,184,0,0,,,,0,fist,hold,200.0,dev-0123456789abcdef0123456789abcdef,synthetic-1-fist,29,protocol,synthetic-demo-contract-v1,True,-5.101067824734286,-5.211424961593897,-5.285720848789927,-5.392818792190042,-5.489745789311291,-5.570324232832971,-5.6567400945435224,-5.754043076077449
1700000000925000000,10925000000,186,185,185,0,0,,,,0,fist,hold,200.0,dev-0123456789abcdef0123456789abcdef,synthetic-1-fist,29,protocol,synthetic-demo-contract-v1,True,4.485983109414803,4.6142072473420255,4.780085443211366,4.913660866687803,5.0550366835574065,5.213775555591904,5.3677688053139,5.5107568027833205
1700000000930000000,10930000000,187,186,186,0,0,,,,0,fist,hold,200.0,dev-0123456789abcdef0123456789abcdef,synthetic-1-fist,29,protocol,synthetic-demo-contract-v1,True,-5.1244891584468695,-5.237279456505106,-5.311423945774427,-5.416951909591408,-5.517166694536464,-5.599137599223225,-5.684707367095353,-5.781333464127655
1700000000935000000,10935000000,188,187,187,0,0,,,,0,fist,hold,200.0,dev-0123456789abcdef0123456789abcdef,synthetic-1-fist,29,protocol,synthetic-demo-contract-v1,True,4.467598364436889,4.594213149258652,4.759846895556253,4.895428872441215,5.0337448613317095,5.191041885270107,5.345934188674739,5.489787722904115
1700000000940000000,10940000000,189,188,188,0,0,,,,0,fist,hold,200.0,dev-0123456789abcdef0123456789abcdef,synthetic-1-fist,29,protocol,synthetic-demo-contract-v1,True,-5.137690023227257,-5.251242409393049,-5.3260285954770925,-5.429135559625124,-5.532153589444709,-5.615605968675941,-5.70022961218787,-5.795804665221986
1700000000945000000,10945000000,190,189,189,0,0,,,,0,fist,hold,200.0,dev-0123456789abcdef0123456789abcdef,synthetic-1-fist,29,protocol,synthetic-demo-contract-v1,True,4.459690773553925,4.586400062767741,4.750999921368734,4.889390767218188,5.02518666709793,5.180972647526426,5.336851627234016,5.481937086032625
1700000000950000000,10950000000,191,190,190,0,0,,,,0,fist,hold,200.0,dev-0123456789abcdef0123456789abcdef,synthetic-1-fist,29,protocol,synthetic-demo-contract-v1,True,-5.140233755287214,-5.252839969066449,-5.3290407488834415,-5.4289817084720795,-5.53421240282399,-5.619195107995764,-5.702798627622363,-5.796966967011803
1700000000955000000,10955000000,192,191,191,0,0,,,,0,fist,hold,200.0,dev-0123456789abcdef0123456789abcdef,synthetic-1-fist,29,protocol,synthetic-demo-contract-v1,True,4.462541985993585,4.591030069582355,4.753852414267669,4.895731848506622,5.0296442378446695,5.183891055753647,5.340815967189331,5.487475400935851
1700000000960000000,10960000000,193,192,192,0,0,,,,0,fist,hold,200.0,dev-0123456789abcdef0123456789abcdef,synthetic-1-fist,29,protocol,synthetic-demo-contract-v1,True,-5.131996473965032,-5.242024058265114,-5.320341411253127,-5.416509187534657,-5.52327526201437,-5.6097954321673145,-5.692335331141241,-5.7847713581626925
1700000000965000000,10965000000,194,193,193,0,0,,,,0,fist,hold,200.0,dev-0123456789abcdef0123456789abcdef,synthetic-1-fist,29,protocol,synthetic-demo-contract-v1,True,4.476116273671581,4.607936917213936,4.768333243981576,4.914229449302747,5.046970621358342,5.1996922223212225,5.357689906984557,5.506229722091818
1700000000970000000,10970000000,195,194,194,0,0,,,,0,fist,hold,200.0,dev-0123456789abcdef0123456789abcdef,synthetic-1-fist,29,protocol,synthetic-demo-contract-v1,True,-5.113174410601321,-5.219173673276736,-5.300191533525207,-5.392142524079851,-5.499702730458046,-5.587725374878415,-5.669192235000097,-5.759611361976674
1700000000975000000,10975000000,196,195,195,0,0,,,,0,fist,hold,200.0,dev-0123456789abcdef0123456789abcdef,synthetic-1-fist,29,protocol,synthetic-demo-contract-v1,True,4.5000569847738205,4.636532346350416,4.793993474703647,4.944260821787191,5.0765946207796135,5.227846856858558,5.386908679846682,5.537589154856582
1700000000980000000,10980000000,197,196,196,0,0,,,,0,fist,hold,200.0,dev-0123456789abcdef0123456789abcdef,synthetic-1-fist,29,protocol,synthetic-demo-contract-v1,True,-5.084283546760023,-5.18508099505783,-5.269224680341947,-5.356697413790653,-5.4642719210465165,-5.5537206536459705,-5.634141645919296,-5.7223102368986964
1700000000985000000,10985000000,198,197,197,0,0,,,,0,fist,hold,200.0,dev-0123456789abcdef0123456789abcdef,synthetic-1-fist,29,protocol,synthetic-demo-contract-v1,True,4.53369093543126,4.6758274047244,4.830019765840839,4.984824183239612,5.117539625183479,5.267418947414071,5.427498872832108,5.580524844464041
1700000000990000000,10990000000,199,198,198,0,0,,,,0,fist,hold,200.0,dev-0123456789abcdef0123456789abcdef,synthetic-1-fist,29,protocol,synthetic-demo-contract-v1,True,-5.04615107854394,-5.140922856438391,-5.228427653907615,-5.311353335363799,-5.418150877130747,-5.508909790010881,-5.5883499836499375,-5.67409396232705
1700000000995000000,10995000000,200,199,199,0,0,,,,0,fist,hold,200.0,dev-0123456789abcdef0123456789abcdef,synthetic-1-fist,29,protocol,synthetic-demo-contract-v1,True,4.576041191936232,4.724467925394058,4.875259582191772,5.034572209807995,5.168455805397427,5.31709683516487,5.478110757242185,5.6336237929455235
1700000001000000000,11000000000,201,200,200,0,0,,,,0,fist,hold,200.0,dev-0123456789abcdef0123456789abcdef,synthetic-1-fist,29,protocol,synthetic-demo-contract-v1,True,-4.999898301287439,-5.088218656328606,-5.179109638166678,-5.257614229677797,-5.362860065772609,-5.454776698074099,-5.53333907000889,-5.616550897732768
1700000001005000000,11005000000,202,201,201,0,0,,,,0,fist,hold,200.0,dev-0123456789abcdef0123456789abcdef,synthetic-1-fist,29,protocol,synthetic-demo-contract-v1,True,4.625848585107531,4.780782821037063,4.9282574612938985,5.091856855285165,5.227664613661942,5.37523665221822,5.537063058905076,5.695135391192836
1700000001010000000,11010000000,203,202,202,0,0,,,,0,fist,hold,200.0,dev-0123456789abcdef0123456789abcdef,synthetic-1-fist,29,protocol,synthetic-demo-contract-v1,True,-4.946914655527696,-5.0287763128766985,-5.122860798097625,-5.197258557242062,-5.3002222526850264,-5.393111580467191,-5.470935670651081,-5.551579443455973
1700000001015000000,11015000000,204,203,203,0,0,,,,0,fist,hold,200.0,dev-0123456789abcdef0123456789abcdef,synthetic-1-fist,29,protocol,synthetic-demo-contract-v1,True,4.681602114445209,4.842843375104512,4.987301227308467,5.1547840013422475,5.293214120118212,5.439916685050192,5.602398685916434,5.76302913316787
1700000001020000000,11020000000,205,204,204,0,0,,,,0,fist,hold,200.0,dev-0123456789abcdef0123456789abcdef,synthetic-1-fist,29,protocol,synthetic-demo-contract-v1,True,-4.888822897071542,-4.964628283360701,-5.061501612466998,-5.132280394821493,-5.232302411327858,-5.325951755663711,-5.403210959844649,-5.48132542814946
1700000001025000000,11025000000,206,205,205,0,0,,,,0,fist,hold,200.0,dev-0123456789abcdef0123456789abcdef,synthetic-1-fist,29,protocol,synthetic-demo-contract-v1,True,4.741578140265568,4.9085313140165105,5.050476714874174,5.221276124842324,5.362943361851556,5.509000866670489,5.671949569550019,5.835061609558767
1700000001030000000,11030000000,207,206,206,0,0,,,,0,fist,hold,200.0,dev-0123456789abcdef0123456789abcdef,synthetic-1-fist,29,protocol,synthetic-demo-contract-v1,True,-4.827435649504117,-4.897960032284131,-4.997024524047793,-5.064823523983847,-5.161339647169305,-5.255514371674063,-5.33241191128741,-5.408111287585182
1700000001035000000,11035000000,208,207,207,0,0,,,,0,fist,hold,200.0,dev-0123456789abcdef0123456789abcdef,synthetic-1-fist,29,protocol,synthetic-demo-contract-v1,True,4.803887932899264,4.975613137202896,5.115729283505199,5.289140907352613,5.434553583103144,5.580209300515283,5.743408473136519,5.908850571206291
1700000001040000000,11040000000,209,208,208,0,0,,,,0,fist,hold,200.0,dev-0123456789abcdef0123456789abcdef,synthetic-1-fist,29,protocol,synthetic-demo-contract-v1,True,-4.7647039566489084,-4.831033587396243,-4.931529748992366,-4.997110691360318,-5.089673381357752,-5.184123227731985,-5.260886884567817,-5.334359371205685
1700000001045000000,11045000000,210,209,209,0,0,,,,0,fist,hold,200.0,dev-0123456789abcdef0123456789abcdef,synthetic-1-fist,29,protocol,synthetic-demo-contract-v1,True,4.866532763315056,5.041817974947546,5.180930172775275,5.356143520227479,5.505684018082314,5.651193488221238,5.814405393696259,5.981953618516572
1700000001050000000,11050000000,211,210,210,0,0,,,,0,fist,hold,200.0,dev-0123456789abcdef0123456789abcdef,synthetic-1-fist,29,protocol,synthetic-demo-contract-v1,True,-4.702658857359375,-4.7661089770802825,-4.867157288050064,-4.931370375316969,-5.0196662272983215,-5.114132118812933,-5.191007868432775,-5.262511907412604
1700000001055000000,11055000000,212,211,211,0,0,,,,0,fist,hold,200.0,dev-0123456789abcdef0123456789abcdef,synthetic-1-fist,29,protocol,synthetic-demo-contract-v1,True,4.927465300736075,5.104916144535389,5.243945578627836,5.420080201802678,5.573989718056339,5.719613779407234,5.8825860295887376,6.051948919576286
1700000001060000000,11060000000,213,212,212,0,0,,,,0,fist,hold,200.0,dev-0123456789abcdef0123456789abcdef,synthetic-1-fist,29,protocol,synthetic-demo-contract-v1,True,-4.643347430809778,-4.7053663871907885,-4.806017319592125,-4.869763471569443,-4.953626102652996,-5.047847231380918,-5.125091952258712,-5.194950269701465
1700000001065000000,11065000000,214,213,213,0,0,,,,0,fist,hold,200.0,dev-0123456789abcdef0123456789abcdef,synthetic-1-fist,29,protocol,synthetic-demo-contract-v1,True,4.984655657549203,5.16279558535974,5.302706227791884,5.478850705002728,5.637218857001116,5.783216489434592,5.945689719407334,6.1165152918747605
1700000001070000000,11070000000,215,214,214,0,0,,,,0,fist,hold,200.0,dev-0123456789abcdef0123456789abcdef,synthetic-1-fist,29,protocol,synthetic-demo-contract-v1,True,-4.588765177248768,-4.650831811069356,-4.750121222832656,-4.814312308643885,-4.8937301444889325,-4.987451148927323,-5.065324622396309,-5.133916209693453
1700000001075000000,11075000000,216,215,215,0,0,,,,0,fist,hold,200.0,dev-0123456789abcdef0123456789abcdef,synthetic-1-fist,29,protocol,synthetic-demo-contract-v1,True,5.036160021712557,5.213533471025643,5.355275194542623,5.530527235104264,5.693286967286396,5.839908143179976,6.001624275041728,6.17350900266859
1700000001080000000,11080000000,217,216,216,0,0,,,,0,fist,hold,200.0,dev-0123456789abcdef0123456789abcdef,synthetic-1-fist,29,protocol,synthetic-demo-contract-v1,True,-4.540786974229554,-4.60430879777498,-4.701315476217117,-4.766834323218526,-4.841952935855331,-4.934930971678843,-5.013687419544272,-5.081437659072974
1700000001085000000,11085000000,218,217,217,0,0,,,,0,fist,hold,200.0,dev-0123456789abcdef0123456789abcdef,synthetic-1-fist,29,protocol,synthetic-demo-contract-v1,True,5.0801894751489325,5.255460514262887,5.399911743807495,5.573417616985603,5.740345658076411,5.887824398709129,6.048535234664495,6.221034750451921
1700000001090000000,11090000000,219,218,218,0,0,,,,0,fist,hold,200.0,dev-0123456789abcdef0123456789abcdef,synthetic-1-fist,29,protocol,synthetic-demo-contract-v1,True,-4.501099148657522,-4.567318639420252,-4.661220599947842,-4.728882568100777,-4.800001409934939,-4.892012918129409,-4.971892349006836,-5.039261552509862
1700000001095000000,11095000000,220,219,219,0,0,,,,0,fist,hold,200.0,dev-0123456789abcdef0123456789abcdef,synthetic-1-fist,29,protocol,synthetic-demo-contract-v1,True,5.115176345329357,5.287215787805983,5.435129096465017,5.606120624829148,5.776843551014428,5.925391381193445,6.084867245971067,6.257508481193481
1700000001100000000,11100000000,221,220,220,0,0,,,,0,fist,hold,200.0,dev-0123456789abcdef0123456789abcdef,synthetic-1-fist,29,protocol,synthetic-demo-contract-v1,True,-4.471135400156312,-4.541050991539634,-4.631177164611384,-4.701694997234756,-4.769258577777411,-4.860105561330394,-4.941325212372885,-5.00879589275534
1700000001105000000,11105000000,222,221,221,0,0,,,,0,fist,hold,200.0,dev-0123456789abcdef0123456789abcdef,synthetic-1-fist,29,protocol,synthetic-demo-contract-v1,True,5.139835304561277,5.3077902670441315,5.459744193870676,5.627571668409516,5.801577424331634,5.95137740861825,6.109415550214526,6.281709961678887
1700000001110000000,11110000000,223,222,222,0,0,,,,0,fist,hold,200.0,dev-0123456789abcdef0123456789abcdef,synthetic-1-fist,29,protocol,synthetic-demo-contract-v1,True,-4.452019376007141,-4.52632650634412,-4.6122006737628505,-4.686154180346264,-4.750737934735744,-4.840253567261646,-4.922999734200299,-4.991062974851665
1700000001115000000,11115000000,224,223,223,0,0,,,,0,fist,hold,200.0,dev-0123456789abcdef0123456789abcdef,synthetic-1-fist,29,protocol,synthetic-demo-contract-v1,True,5.153216439126947,5.316557741225994,5.47291778414115,5.637077350075679,5.813731879318495,5.964933408482707,6.1213658648320655,6.292823369607222
1700000001120000000,11120000000,225,224,224,0,0,,,,0,fist,hold,200.0,dev-0123456789abcdef0123456789abcdef,synthetic-1-fist,29,protocol,synthetic-demo-contract-v1,True,-4.444516614584338,-4.523572595548595,-4.604946853239862,-4.682758754332726,-4.745050048683486,-4.833103455545383,-4.9175240004409915,-4.986665318807838
1700000001125000000,11125000000,226,225,225,0,0,,,,0,fist,hold,200.0,dev-0123456789abcdef0123456789abcdef,synthetic-1-fist,29,protocol,synthetic-demo-contract-v1,True,5.1547476715375105,5.313292220483263,5.474183455340091,5.634337774688869,5.812906221478674,5.965620698289298,6.120321345948119,6.290464554921163
1700000001130000000,11130000000,227,226,226,0,0,,,,0,fist,hold,200.0,dev-0123456789abcdef0123456789abcdef,synthetic-1-fist,29,protocol,synthetic-demo-contract-v1,True,-4.44899833451721,-4.53281294663775,-4.6096885521332185,-4.691607530751107,-4.752382431495042,-4.838882505720088,-4.92508031838699,-4.995765441280263
1700000001135000000,11135000000,228,227,227,0,0,,,,0,fist,hold,200.0,dev-0123456789abcdef0123456789abcdef,synthetic-1-fist,29,protocol,synthetic-demo-contract-v1,True,5.14426423686637,5.298171466090709,5.463464591268538,5.619455898922879,5.799127670177632,5.953425219828359,6.10631573909364,6.2746940661885855
1700000001140000000,11140000000,229,228,228,0,0,,,,0,fist,hold,200.0,dev-0123456789abcdef0123456789abcdef,synthetic-1-fist,29,protocol,synthetic-demo-contract-v1,True,-4.465419153049146,-4.553670913939581,-4.626305089791547,-4.71239676156341,-4.772493357363633,-4.857391498371593,-4.945419164297659,-5.018080140561554
1700000001145000000,11145000000,230,229,229,0,0,,,,0,fist,hold,200.0,dev-0123456789abcdef0123456789abcdef,synthetic-1-fist,29,protocol,synthetic-demo-contract-v1,True,5.122023380627537,5.271766771302741,5.441078613193878,5.592933633130216,5.772850461304993,5.92875776430829,6.079812282996712,6.246015505218152
1700000001150000000,11150000000,231,230,230,0,0,,,,0,fist,hold,200.0,dev-0123456789abcdef0123456789abcdef,synthetic-1-fist,29,protocol,synthetic-demo-contract-v1,True,-4.4933102824833755,-4.585386413320099,-4.654284481596709,-4.744430632419092,-4.8047198317477084,-4.88801152394337,-4.9778674192343955,-5.052889490563995
1700000001155000000,11155000000,232,231,231,0,0,,,,0,fist,hold,200.0,dev-0123456789abcdef0123456789abcdef,synthetic-1-fist,29,protocol,synthetic-demo-contract-v1,True,5.088703042371731,5.235019600677528,5.4077282832915,5.555654844375261,5.734940872533085,5.892440187514454,6.0416884021985995,6.205359257006833
1700000001160000000,11160000000,233,232,232,0,0,,,,0,fist,hold,200.0,dev-0123456789abcdef0123456789abcdef,synthetic-1-fist,29,protocol,synthetic-demo-contract-v1,True,-4.531789101935904,-4.6268454851221055,-4.692738556330036,-4.786644618421188,-4.847999448234466,-4.929724628077173,-5.021350621361146,-5.099060254267703
1700000001165000000,11165000000,234,233,233,0,0,,,,0,fist,hold,200.0,dev-0123456789abcdef0123456789abcdef,synthetic-1-fist,29,protocol,synthetic-demo-contract-v1,True,5.045383987534682,5.1892061394791735,5.364480269555965,5.508855838933331,5.686648664842205,5.845678076155969,5.993206693978804,6.154052124625645
1700000001170000000,11170000000,235,234,234,0,0,,,,0,fist,hold,200.0,dev-0123456789abcdef0123456789abcdef,synthetic-1-fist,29,protocol,synthetic-demo-contract-v1,True,-4.579585265808606,-4.676621270630262,-4.7404305533710716,-4.837640915787452,-4.900905412767846,-4.981147606169805,-5.074428499665095,-5.15508295129018
1700000001175000000,11175000000,236,235,235,0,0,,,,0,fist,hold,200.0,dev-0123456789abcdef0123456789abcdef,synthetic-1-fist,29,protocol,synthetic-demo-contract-v1,True,4.993515613248006,5.13589119626033,5.312731593611424,5.454084312471523,5.6295658817965295,5.790020773146735,5.935973168117727,6.093773863836629
1700000001180000000,11180000000,237,236,236,0,0,,,,0,fist,hold,200.0,dev-0123456789abcdef0123456789abcdef,synthetic-1-fist,29,protocol,synthetic-demo-contract-v1,True,-4.635082730594782,-4.7330247867845925,-4.795814372706659,-4.895734767876244,-4.961693580601335,-5.0405778265106225,-5.135342615014307,-5.219121363518396
1700000001185000000,11185000000,238,237,237,0,0,,,,0,fist,hold,200.0,dev-0123456789abcdef0123456789abcdef,synthetic-1-fist,29,protocol,synthetic-demo-contract-v1,True,4.934866439017756,5.0768732286036835,5.25416498822848,5.39314813286311,5.565574364830065,5.727310086044519,5.8718841194224725,6.026502044752893
1700000001190000000,11190000000,239,238,238,0,0,,,,0,fist,hold,200.0,dev-0123456789abcdef0123456789abcdef,synthetic-1-fist,29,protocol,synthetic-demo-contract-v1,True,-4.696376302567673,-4.794163592995089,-4.857084258658247,-4.959010148593476,-5.02835995531389,-5.106049565168321,-5.202074534200117,-5.289072851997722
1700000001195000000,11195000000,240,239,239,0,0,,,,0,fist,hold,200.0,dev-0123456789abcdef0123456789abcdef,synthetic-1-fist,29,protocol,synthetic-demo-contract-v1,True,4.871461054479341,5.014122514964287,5.190694566781634,5.328055651859976,5.496783714800165,5.6596193755170745,5.803063388770203,5.9544470534326575
1700000001200000000,11200000000,241,240,240,0,0,,,,0,fist,hold,200.0,dev-0123456789abcdef0123456789abcdef,synthetic-1-fist,29,protocol,synthetic-demo-contract-v1,True,-4.761340576879465,-4.858006230321227,-4.922233342673237,-5.025382961801843,-5.098706754325613,-5.175398989775978,-5.272412614333581,-5.362637501049096
1700000001205000000,11205000000,242,241,241,0,0,,,,0,fist,hold,200.0,dev-0123456789abcdef0123456789abcdef,synthetic-1-fist,29,protocol,synthetic-demo-contract-v1,True,4.805505987962418,4.949714668733236,5.124403539498531,5.260949516891671,5.425461745022715,5.589185037244046,5.731792086268823,5.87997937221059
1700000001210000000,11210000000,243,242,242,0,0,,,,0,fist,hold,200.0,dev-0123456789abcdef0123456789abcdef,synthetic-1-fist,29,protocol,synthetic-demo-contract-v1,True,-4.82770849828543,-4.922450181116893,-4.989119163764528,-5.092669671889349,-5.170414862939093,-5.246335644913275,-5.344025190183786,-5.437393813679861
1700000001215000000,11215000000,244,243,243,0,0,,,,0,fist,hold,200.0,dev-0123456789abcdef0123456789abcdef,synthetic-1-fist,29,protocol,synthetic-demo-contract-v1,True,4.739307538679581,4.885761781608963,5.057475989543525,5.194036164176783,5.353959718535742,5.518332640679378,5.660433099495166,5.805551533053925
1700000001220000000,11220000000,245,244,244,0,0,,,,0,fist,hold,200.0,dev-0123456789abcdef0123456789abcdef,synthetic-1-fist,29,protocol,synthetic-demo-contract-v1,True,-4.893156265008602,-4.985391047245738,-5.055534038056888,-5.158659105974514,-5.241120288322448,-5.316518078262673,-5.414537745171232,-5.510878465406201
1700000001225000000,11225000000,246,245,245,0,0,,,,0,fist,hold,200.0,dev-0123456789abcdef0123456789abcdef,synthetic-1-fist,29,protocol,synthetic-demo-contract-v1,True,4.675185045559977,4.824343493007633,4.9921249357853705,5.1295133123754075,5.284634834285752,5.4494001633693205,5.591352882404957,5.733617314844872
1700000001230000000,11230000000,247,246,246,0,0,,,,0,fist,hold,200.0,dev-0123456789abcdef0123456789abcdef,synthetic-1-fist,29,protocol,synthetic-demo-contract-v1,True,-4.955390952472059,-5.044790674685324,-5.119277970397488,-5.2211850679154255,-5.308492092984606,-5.383631111139034,-5.481611514765671,-5.58066748878817
1700000001235000000,11235000000,248,247,247,0,0,,,,0,fist,hold,200.0,dev-0123456789abcdef0123456789abcdef,synthetic-1-fist,29,protocol,synthetic-demo-contract-v1,True,4.6153833195008716,4.767440214510573,4.930519050589771,5.069497837802974,5.219772517625705,5.384660854292332,5.526843110708967,5.666550847392204
1700000001240000000,11240000000,249,248,248,0,0,,,,0,fist,hold,200.0,dev-0123456789abcdef0123456789abcdef,synthetic-1-fist,29,protocol,synthetic-demo-contract-v1,True,-5.012237075115369,-5.098742056435515,-5.178231697911879,-5.278197381486368,-5.370309238519011,-5.445462203803026,-5.543020923349716,-5.644456212756905
1700000001245000000,11245000000,250,249,249,0,0,,,,0,fist,hold,200.0,dev-0123456789abcdef0123456789abcdef,synthetic-1-fist,29,protocol,synthetic-demo-contract-v1,True,4.56198802636472,4.716870599830186,4.874710464549097,5.015956395892443,5.161511076964623,5.326248270861887,5.46904479428897,5.606568289112507
1700000001250000000,11250000000,251,250,250,0,0,,,,0,fist,hold,200.0,dev-0123456789abcdef0123456789abcdef,synthetic-1-fist,29,protocol,synthetic-demo-contract-v1,True,-5.061718343086508,-5.14552901638339,-5.230427432082076,-5.327829035383053,-5.424533806317067,-5.499974396893244,-5.596727293780796,-5.700135320799364
1700000001255000000,11255000000,252,251,251,0,0,,,,0,fist,hold,200.0,dev-0123456789abcdef0123456789abcdef,synthetic-1-fist,29,protocol,synthetic-demo-contract-v1,True,4.51684767073661,4.674235150237889,4.826566072672595,4.970641059822348,5.111771210404309,5.276085961472309,5.41987735641907,5.555654661537397
1700000001260000000,11260000000,253,252,252,0,0,,,,0,fist,hold,200.0,dev-0123456789abcdef0123456789abcdef,synthetic-1-fist,29,protocol,synthetic-demo-contract-v1,True,-5.1021311046998035,-5.183678904512589,-5.274114924090561,-5.36845723415252,-5.46937818139262,-5.545373424300683,-5.640946391662711,-5.745860518962029
1700000001265000000,11265000000,254,253,253,0,0,,,,0,fist,hold,200.0,dev-0123456789abcdef0123456789abcdef,synthetic-1-fist,29,protocol,synthetic-demo-contract-v1,True,4.481505503049847,4.640867593215769,4.7877046578766755,4.93503207924238,5.072192686309606,5.235824111200491,5.380975025822052,5.515498254837566
1700000001270000000,11270000000,255,254,254,0,0,,,,0,fist,hold,200.0,dev-0123456789abcdef0123456789abcdef,synthetic-1-fist,29,protocol,synthetic-demo-contract-v1,True,-5.132106381319705,-5.212006807609743,-5.30782061676609,-5.398756362266986,-5.5033639844761755,-5.58016678607309,-5.674207569678863,-5.780113514279665
1700000001275000000,11275000000,256,255,255,0,0,,,,0,fist,hold,200.0,dev-0123456789abcdef0123456789abcdef,synthetic-1-fist,29,protocol,synthetic-demo-contract-v1,True,4.457144174882136,4.6177953796849565,4.759441970066405,4.91028962546737,5.044080285256454,5.206785237619478,5.353632646324461,5.487434769956851
1700000001280000000,11280000000,257,256,256,0,0,,,,0,fist,hold,200.0,dev-0123456789abcdef0123456789abcdef,synthetic-1-fist,29,protocol,synthetic-demo-contract-v1,True,-5.150657973576166,-5.229650087693112,-5.33039786168176,-5.417741136587435,-5.525370809571417,-5.603212836074025,-5.6954025545367895,-5.801752289737908
1700000001285000000,11285000000,258,257,257,0,0,,,,0,fist,hold,200.0,dev-0123456789abcdef0123456789abcdef,synthetic-1-fist,29,protocol,synthetic-demo-contract-v1,True,4.44454532926931,4.605710324415596,4.742745647839114,4.897216092246245,5.0283607854832075,5.189920724267917,5.338762698036122,5.472403042894833
1700000001290000000,11290000000,259,258,258,0,0,,,,0,fist,hold,200.0,dev-0123456789abcdef0123456789abcdef,synthetic-1-fist,29,protocol,synthetic-demo-contract-v1,True,-5.1572148117692995,-5.236092390848463,-5.3410664653224895,-5.424798546499534,-5.534673160248672,-5.613758269327967,-5.70382226098258,-5.810049013846568
1700000001295000000,11295000000,260,259,259,0,0,,,,0,fist,hold,200.0,dev-0123456789abcdef0123456789abcdef,synthetic-1-fist,29,protocol,synthetic-demo-contract-v1,True,4.444065573459475,4.604950076961837,4.73820155261121,4.896230173085045,5.02555240990082,5.185779621052391,5.336864953826107,5.4709138156971315
1700000001300000000,11300000000,261,260,260,0,0,,,,0,fist,hold,200.0,dev-0123456789abcdef0123456789abcdef,synthetic-1-fist,29,protocol,synthetic-demo-contract-v1,True,-5.1516364970667174,-5.231176610389902,-5.3394401748018145,-5.419707550346192,-5.530964367000883,-5.611462777344593,-5.699180412682152,-5.804714329749153
1700000001305000000,11305000000,262,261,261,0,0,,,,0,fist,hold,200.0,dev-0123456789abcdef0123456789abcdef,synthetic-1-fist,29,protocol,synthetic-demo-contract-v1,True,4.455629485045456,4.615490767987552,4.745992711871009,4.907353548594641,5.035747741898736,5.194490735575799,5.348009777613074,5.483032589350736
1700000001310000000,11310000000,263,262,262,0,0,,,,0,fist,hold,200.0,dev-0123456789abcdef0123456789abcdef,synthetic-1-fist,29,protocol,synthetic-demo-contract-v1,True,-5.134211787508154,-5.215106629385586,-5.325541110198959,-5.4026458992631685,-5.514366697181383,-5.596410063567976,-5.681623185485712,-5.785907217126781
1700000001315000000,11315000000,264,263,263,0,0,,,,0,fist,hold,200.0,dev-0123456789abcdef0123456789abcdef,synthetic-1-fist,29,protocol,synthetic-demo-contract-v1,True,4.478739495914851,4.636950838538923,4.765891651439705,4.9302106031903685,5.058610673159112,5.215758600469618,5.371835620406131,5.508377130177243
1700000001320000000,11320000000,265,264,264,0,0,,,,0,fist,hold,200.0,dev-0123456789abcdef0123456789abcdef,synthetic-1-fist,29,protocol,synthetic-demo-contract-v1,True,-5.105640576756448,-5.188437998785786,-5.299800584181098,-5.374183881924218,-5.485427324230355,-5.569104861444335,-5.651724550309791,-5.754230095205534
1700000001325000000,11325000000,266,265,265,0,0,,,,0,fist,hold,200.0,dev-0123456789abcdef0123456789abcdef,synthetic-1-fist,29,protocol,synthetic-demo-contract-v1,True,4.51250172839325,4.668605736864569,4.797266449876547,4.964041163282937,5.093387484100435,5.248873443751664,5.407560800997019,5.546129718740122
1700000001330000000,11330000000,267,266,266,0,0,,,,0,fist,hold,200.0,dev-0123456789abcdef0123456789abcdef,synthetic-1-fist,29,protocol,synthetic-demo-contract-v1,True,-5.0670006490150605,-5.1520580201517605,-5.263046205718172,-5.335265212173537,-5.445100289072015,-5.5304560595793335,-5.610467465344399,-5.7107093212959015
1700000001335000000,11335000000,268,267,267,0,0,,,,0,fist,hold,200.0,dev-0123456789abcdef0123456789abcdef,synthetic-1-fist,29,protocol,synthetic-demo-contract-v1,True,4.555666167037103,4.709412866587224,4.839100386483876,5.007725822856797,5.138931691662832,5.2927348271514045,5.454009186201368,5.595063744632149
1700000001340000000,11340000000,269,268,268,0,0,,,,0,fist,hold,200.0,dev-0123456789abcdef0123456789abcdef,synthetic-1-fist,29,protocol,synthetic-demo-contract-v1,True,-5.019701130814154,-5.107155989230728,-5.2164756279879585,-5.287175702048301,-5.394715048359014,-5.481746496818395,-5.559211534921067,-5.65676172046433
1700000001345000000,11345000000,270,269,269,0,0,,,,0,fist,hold,200.0,dev-0123456789abcdef0123456789abcdef,synthetic-1-fist,29,protocol,synthetic-demo-contract-v1,True,4.606678973915604,4.75804589773606,4.890024593430867,5.059823010964907,5.193741845281048,5.345888166487508,5.509648926162218,5.653583777788764
1700000001350000000,11350000000,271,270,270,0,0,,,,0,fist,hold,200.0,dev-0123456789abcdef0123456789abcdef,synthetic-1-fist,29,protocol,synthetic-demo-contract-v1,True,-4.965425067462608,-5.055184612743167,-5.16161775518759,-5.231500761542298,-5.335932646430424,-5.424590429710315,-5.499648199717785,-5.5941482423033255
1700000001355000000,11355000000,272,271,271,0,0,,,,0,fist,hold,200.0,dev-0123456789abcdef0123456789abcdef,synthetic-1-fist,29,protocol,synthetic-demo-contract-v1,True,4.663744322234545,4.812937313249844,4.94836267814638,5.11861657259531,5.256011025029667,5.406572923418055,5.572642968634552,5.719777802761997
1700000001360000000,11360000000,273,272,272,0,0,,,,0,fist,hold,200.0,dev-0123456789abcdef0123456789abcdef,synthetic-1-fist,29,protocol,synthetic-demo-contract-v1,True,-4.906063906598242,-4.997813831543386,-5.100282653222527,-5.170073130637083,-5.270690955857239,-5.3608800812076725,-5.433744935253792,-5.5249162651541095
1700000001365000000,11365000000,274,273,273,0,0,,,,0,fist,hold,200.0,dev-0123456789abcdef0123456789abcdef,synthetic-1-fist,29,protocol,synthetic-demo-contract-v1,True,4.724892849721068,4.872327861596406,5.01218586975125,5.182172292053548,5.3236864101410095,5.472780873217923,5.640909686622321,5.7914799013306135
1700000001370000000,11370000000,275,274,274,0,0,,,,0,fist,hold,200.0,dev-0123456789abcdef0123456789abcdef,synthetic-1-fist,29,protocol,synthetic-demo-contract-v1,True,-4.843646862067302,-4.936878465868408,-5.034501800124116,-5.104912566790089,-5.201140791823915,-5.292723039219851,-5.36368029922024,-5.451332442553454
1700000001375000000,11375000000,276,275,275,0,0,,,,0,fist,hold,200.0,dev-0123456789abcdef0123456789abcdef,synthetic-1-fist,29,protocol,synthetic-demo-contract-v1,True,4.788053725048904,4.934321423458162,5.079376877376704,5.248401497570143,5.394536954107349,5.54232252134894,5.712191619110637,5.866341324138777
1700000001380000000,11380000000,277,276,276,0,0,,,,0,fist,hold,200.0,dev-0123456789abcdef0123456789abcdef,synthetic-1-fist,29,protocol,synthetic-demo-contract-v1,True,-4.780268158198773,-4.874321240899941,-4.966460649757379,-5.038159471921021,-5.129575006455686,-5.222372574911133,-5.291771971086603,-5.375808298777724
1700000001385000000,11385000000,278,277,277,0,0,,,,0,fist,hold,200.0,dev-0123456789abcdef0123456789abcdef,synthetic-1-fist,29,protocol,synthetic-demo-contract-v1,True,4.851127372377719,4.996943678330314,5.147700341745162,5.315129656684285,5.466226935330255,5.612899473409617,5.78413005598575,5.94190761511542
1700000001390000000,11390000000,279,278,278,0,0,,,,0,fist,hold,200.0,dev-0123456789abcdef0123456789abcdef,synthetic-1-fist,29,protocol,synthetic-demo-contract-v1,True,-4.718015028033394,-4.812132852433902,-4.898425754841865,-4.972004638552356,-5.058352900630641,-5.152153183505509,-5.220400159602965,-5.3008210198466275
1700000001395000000,11395000000,280,279,279,0,0,,,,0,fist,hold,200.0,dev-0123456789abcdef0123456789abcdef,synthetic-1-fist,29,protocol,synthetic-demo-contract-v1,True,4.912056095243402,5.058202875887743,5.214877525423429,5.380167711457502,5.536392958581412,5.682180367411082,5.85434300444911,6.0156992523676545
1700000001400000000,11400000000,281,280,280,0,0,,,,0,fist,hold,200.0,dev-0123456789abcdef0123456789abcdef,synthetic-1-fist,29,protocol,synthetic-demo-contract-v1,True,-4.658899079314368,-4.752290792887101,-4.832668892601024,-4.908617418855019,-4.989822445183568,-5.084383807159753,-5.151928907603839,-5.228832045322738
1700000001405000000,11405000000,282,281,281,0,0,,,,0,fist,hold,200.0,dev-0123456789abcdef0123456789abcdef,synthetic-1-fist,29,protocol,synthetic-demo-contract-v1,True,4.968890157437882,5.116150977015229,5.278662730390187,5.441383815864487,5.602721868776769,5.747877860656451,5.920503961723882,6.085293152669415
1700000001410000000,11410000000,283,282,282,0,0,,,,0,fist,hold,200.0,dev-0123456789abcdef0123456789abcdef,synthetic-1-fist,29,protocol,synthetic-demo-contract-v1,True,-4.6047932766550215,-4.696698677488371,-4.771390751093753,-4.850074668988277,-4.926242875625965,-5.021301275046899,-5.088627893814102,-5.162206139447392
1700000001415000000,11415000000,284,283,283,0,0,,,,0,fist,hold,200.0,dev-0123456789abcdef0123456789abcdef,synthetic-1-fist,29,protocol,synthetic-demo-contract-v1,True,5.019847284687826,5.168943429951337,5.33691885999582,5.496773127506816,5.663027008489709,5.80782412962719,5.980418891356337,6.14840235743752
1700000001420000000,11420000000,285,284,284,0,0,,,,0,fist,hold,200.0,dev-0123456789abcdef0123456789abcdef,synthetic-1-fist,29,protocol,synthetic-demo-contract-v1,True,-4.557376349937923,-4.647127789976117,-4.716646761899798,-4.798292792834181,-4.8697102121931195,-4.964986487685471,-5.032597315822068,-5.103133605161777
1700000001425000000,11425000000,286,285,285,0,0,,,,0,fist,hold,200.0,dev-0123456789abcdef0123456789abcdef,synthetic-1-fist,29,protocol,synthetic-demo-contract-v1,True,5.063364012702633,5.214895887258698,5.387689559110972,5.544523372313455,5.715320305230758,5.860042391294169,6.032098858858648,6.202951277180459
1700000001430000000,11430000000,287,286,286,0,0,,,,0,fist,hold,200.0,dev-0123456789abcdef0123456789abcdef,synthetic-1-fist,29,protocol,synthetic-demo-contract-v1,True,-4.518085962651477,-4.605162507383513,-4.670277603771977,-4.754965105052487,-4.822088160590098,-4.917295781048436,-4.985698337510291,-5.053558201851353
1700000001435000000,11435000000,288,287,287,0,0,,,,0,fist,hold,200.0,dev-0123456789abcdef0123456789abcdef,synthetic-1-fist,29,protocol,synthetic-demo-contract-v1,True,5.098137789436961,5.252536248269069,5.4292654712746895,5.583074041841979,5.7578778120008725,5.902812086496446,6.073825924915227,6.247144016889673
1700000001440000000,11440000000,289,288,288,0,0,,,,0,fist,hold,200.0,dev-0123456789abcdef0123456789abcdef,synthetic-1-fist,29,protocol,synthetic-demo-contract-v1,True,-4.4880814940099105,-4.572151165670901,-4.633846753668845,-4.721506556836259,-4.784946671423678,-4.8797997341357044,-4.949491401330629,-5.015113140589998
1700000001445000000,11445000000,290,289,289,0,0,,,,0,fist,hold,200.0,dev-0123456789abcdef0123456789abcdef,synthetic-1-fist,29,protocol,synthetic-demo-contract-v1,True,5.123159208994546,5.28065052802138,5.460242341885025,5.611167293466163,5.789296540450587,5.934725576079187,6.104210116199968,6.279523531942174
1700000001450000000,11450000000,291,290,290,0,0,,,,0,fist,hold,200.0,dev-0123456789abcdef0123456789abcdef,synthetic-1-fist,29,protocol,synthetic-demo-contract-v1,True,-4.4682168366420605,-4.549163793418299,-4.6085872308422235,-4.699007624698331,-4.7595101838242835,-4.853731437190118,-4.925184446893368,-4.989067265394591
1700000001455000000,11455000000,292,291,291,0,0,,,,0,fist,hold,200.0,dev-0123456789abcdef0123456789abcdef,synthetic-1-fist,29,protocol,synthetic-demo-contract-v1,True,5.137734182647414,5.29832120602421,5.479568965835277,5.627888897153266,5.808540713032866,5.954734481397856,6.122235587723824,6.299019665330231
1700000001460000000,11460000000,293,292,292,0,0,,,,0,fist,hold,200.0,dev-0123456789abcdef0123456789abcdef,synthetic-1-fist,29,protocol,synthetic-demo-contract-v1,True,-4.459023213232225,-4.536957971168018,-4.595359373903646,-4.6881988610901875,-4.746617259504329,-4.839945924736888,-4.9135927509378465,-4.976283194254969
1700000001465000000,11465000000,294,293,293,0,0,,,,0,fist,hold,200.0,dev-0123456789abcdef0123456789abcdef,synthetic-1-fist,29,protocol,synthetic-demo-contract-v1,True,5.141496216518404,5.304956894593887,5.486583317581207,5.632697899689088,5.814975909360401,5.96218414328731,6.12729444687012,6.304984482519122
1700000001470000000,11470000000,295,294,294,0,0,,,,0,fist,hold,200.0,dev-0123456789abcdef0123456789abcdef,synthetic-1-fist,29,protocol,synthetic-demo-contract-v1,True,-4.460701689417933,-4.5359538713689895,-4.594621120243786,-4.689427255566286,-4.746692937992311,-4.838892108479774,-4.915111720620414,-4.977188800492701
1700000001475000000,11475000000,296,295,295,0,0,,,,0,fist,hold,200.0,dev-0123456789abcdef0123456789abcdef,synthetic-1-fist,29,protocol,synthetic-demo-contract-v1,True,5.134409250951062,5.300312384723067,5.4810355999977745,5.625444047354045,5.808389981068326,5.956835066340103,6.119207116136026,6.297213737929874
1700000001480000000,11480000000,297,296,296,0,0,,,,0,fist,hold,200.0,dev-0123456789abcdef0123456789abcdef,synthetic-1-fist,29,protocol,synthetic-demo-contract-v1,True,-4.47312481690267,-4.546219300844589,-4.606411834380947,-4.702645168043751,-4.759734724404363,-4.850598131993369,-4.9297035448255375,-4.9917629762658535
1700000001485000000,11485000000,298,297,297,0,0,,,,0,fist,hold,200.0,dev-0123456789abcdef0123456789abcdef,synthetic-1-fist,29,protocol,synthetic-demo-contract-v1,True,5.116761717356513,5.28449837445486,5.463097391983379,5.606372409058863,5.789000045684556,5.938870645361773,6.098228555668031,6.275953763202337
1700000001490000000,11490000000,299,298,298,0,0,,,,0,fist,hold,200.0,dev-0123456789abcdef0123456789abcdef,synthetic-1-fist,29,protocol,synthetic-demo-contract-v1,True,-4.495846681961935,-4.567465307637723,-4.630350271230169,-4.7274121841460195,-4.785312671692809,-4.87467062575619,-4.956898150966606,-5.019536150218401
1700000001495000000,11495000000,300,299,299,0,0,,,,0,fist,hold,200.0,dev-0123456789abcdef0123456789abcdef,synthetic-1-fist,29,protocol,synthetic-demo-contract-v1,True,5.0891525867129115,5.257980456795174,5.433356548363482,5.576115060695976,5.757445328941635,5.908890923968463,6.06504013330988,6.241893546997703
1700000001500000000,11500000000,301,300,300,0,0,,,,0,fist,hold,200.0,dev-0123456789abcdef0123456789abcdef,synthetic-1-fist,29,protocol,synthetic-demo-contract-v1,True,-4.528120554012137,-4.599052631221808,-4.665646777781727,-4.762909820111515,-4.822583554660202,-4.910307882016708,-4.995808442577304,-5.059605545839758
1700000001505000000,11505000000,302,301,301,0,0,,,,0,fist,hold,200.0,dev-0123456789abcdef0123456789abcdef,synthetic-1-fist,29,protocol,synthetic-demo-contract-v1,True,5.05247022987335,5.221567236555285,5.392797992867923,5.535670114275772,5.714766091496757,5.867892596503033,6.020727403679317,6.1961422633580145
1700000001510000000,11510000000,303,302,302,0,0,,,,0,fist,hold,200.0,dev-0123456789abcdef0123456789abcdef,synthetic-1-fist,29,protocol,synthetic-demo-contract-v1,True,-4.568923313388795,-4.640008974662371,-4.711129348976121,-4.807968585084312,-4.870318668465815,-4.956326509429669,-5.045159321481365,-5.110664682035656
1700000001515000000,11515000000,304,303,303,0,0,,,,0,fist,hold,200.0,dev-0123456789abcdef0123456789abcdef,synthetic-1-fist,29,protocol,synthetic-demo-contract-v1,True,5.007864899574157,5.17638775237661,5.342771028883322,5.48636878850562,5.66236933478031,5.817235918544528,5.96674452311989,6.140192984508773
1700000001520000000,11520000000,305,304,304,0,0,,,,0,fist,hold,200.0,dev-0123456789abcdef0123456789abcdef,synthetic-1-fist,29,protocol,synthetic-demo-contract-v1,True,-4.61698586839898,-4.689056765726369,-4.765282677639966,-4.861106505460717,-4.926944335194456,-5.011200682511594,-5.103329543029312,-5.171046148689188
1700000001525000000,11525000000,306,305,305,0,0,,,,0,fist,hold,200.0,dev-0123456789abcdef0123456789abcdef,synthetic-1-fist,29,protocol,synthetic-demo-contract-v1,True,4.956715597911652,5.123858694637989,5.2849442564323645,5.429831607379922,5.6019824165442484,5.758599623286458,5.904866468877182,6.075873768700071
1700000001530000000,11530000000,307,306,306,0,0,,,,0,fist,hold,200.0,dev-0123456789abcdef0123456789abcdef,synthetic-1-fist,29,protocol,synthetic-demo-contract-v1,True,-4.670828827426844,-4.744650758628212,-4.826298890837406,-4.920577842464984,-4.99059378311228,-5.073112685422571,-5.168405028835771,-5.238776253046214
1700000001535000000,11535000000,308,307,307,0,0,,,,0,fist,hold,200.0,dev-0123456789abcdef0123456789abcdef,synthetic-1-fist,29,protocol,synthetic-demo-contract-v1,True,4.900592033380239,5.065642223986253,5.221249611168625,5.367915167399541,5.535596105261055,5.693925336708096,5.83713063394774,6.005287729256369
1700000001540000000,11540000000,309,308,308,0,0,,,,0,fist,hold,200.0,dev-0123456789abcdef0123456789abcdef,synthetic-1-fist,29,protocol,synthetic-demo-contract-v1,True,-4.728802750017449,-4.805024517572498,-4.8921382615887286,-4.984430402408097,-5.059168688312275,-5.140013077094758,-5.238241882643201,-5.311639741983395
1700000001545000000,11545000000,310,309,309,0,0,,,,0,fist,hold,200.0,dev-0123456789abcdef0123456789abcdef,synthetic-1-fist,29,protocol,synthetic-demo-contract-v1,True,4.84121232015132,5.003595499900955,5.153817417088872,5.3026512207311365,5.465398950692298,5.625353330710358,5.7657697204306615,5.9307440537580325
1700000001550000000,11550000000,311,310,310,0,0,,,,0,fist,hold,200.0,dev-0123456789abcdef0123456789abcdef,synthetic-1-fist,29,protocol,synthetic-demo-contract-v1,True,-4.789132340765369,-4.868244526877266,-4.960597839802711,-5.050569559909182,-5.130408349913126,-5.209688487580061,-5.310537033891152,-5.387252473480484
1700000001555000000,11555000000,312,311,311,0,0,,,,0,fist,hold,200.0,dev-0123456789abcdef0123456789abcdef,synthetic-1-fist,29,protocol,synthetic-demo-contract-v1,True,4.780397048109413,4.939713314282774,5.084904655910723,5.236180071008886,5.393705134224537,5.555151738817271,5.693138142265094,5.854682240260143
1700000001560000000,11560000000,313,312,312,0,0,,,,0,fist,hold,200.0,dev-0123456789abcdef0123456789abcdef,synthetic-1-fist,29,protocol,synthetic-demo-contract-v1,True,-4.849963954700928,-4.932270400231067,-5.029385671638246,-5.11682689676974,-5.201964218320844,-5.27983480413486,-5.382904180896158,-5.463139648849299
1700000001565000000,11565000000,314,313,313,0,0,,,,0,fist,hold,200.0,dev-0123456789abcdef0123456789abcdef,synthetic-1-fist,29,protocol,synthetic-demo-contract-v1,True,4.720020369385489,4.876065481363996,5.016818891644077,5.170680462508059,5.322878177522156,5.485641574249693,5.6216343634378205,5.779592040850078
1700000001570000000,11570000000,315,314,314,0,0,,,,0,fist,hold,200.0,dev-0123456789abcdef0123456789abcdef,synthetic-1-fist,29,protocol,synthetic-demo-contract-v1,True,-4.909415741604518,-4.9950194238202315,-5.096198082074145,-5.181031210211619,-5.271477319588615,-5.348133328278189,-5.452952529604214,-5.536817034093131
1700000001575000000,11575000000,316,315,315,0,0,,,,0,fist,hold,200.0,dev-0123456789abcdef0123456789abcdef,synthetic-1-fist,29,protocol,synthetic-demo-contract-v1,True,4.661958813474229,4.8147308520256065,4.9518404404453715,5.108298256152972,5.255253024585009,5.419120028073624,5.553621732969974,5.7079317442943385
1700000001580000000,11580000000,317,316,316,0,0,,,,0,fist,hold,200.0,dev-0123456789abcdef0123456789abcdef,synthetic-1-fist,29,protocol,synthetic-demo-contract-v1,True,-4.965629665142892,-5.054433474784466,-5.158797388135891,-5.24107956860485,-5.336656023435064,-5.4123273876851705,-5.518365730495222,-5.605872500218676
1700000001585000000,11585000000,318,317,317,0,0,,,,0,fist,hold,200.0,dev-0123456789abcdef0123456789abcdef,synthetic-1-fist,29,protocol,synthetic-demo-contract-v1,True,4.608038658899788,4.757729987991526,4.89214543797864,5.051076223659359,5.193059065922613,5.3577845811788825,5.491350428753818,5.642047484365609
1700000001590000000,11590000000,319,318,318,0,0,,,,0,fist,hold,200.0,dev-0123456789abcdef0123456789abcdef,synthetic-1-fist,29,protocol,synthetic-demo-contract-v1,True,-5.01682449429614,-5.108546217224926,-5.215087393854652,-5.2950060930124145,-5.3953515911517895,-5.470296872503867,-5.576978408503999,-5.6680452016467315
1700000001595000000,11595000000,320,319,319,0,0,,,,0,fist,hold,200.0,dev-0123456789abcdef0123456789abcdef,synthetic-1-fist,29,protocol,synthetic-demo-contract-v1,True,4.559982847659589,4.706958640349907,4.839732426957178,5.0008872528912995,5.1383466424978925,5.303660436224923,5.436883086907479,5.584096226863204
1700000001600000000,11600000000,321,320,320,0,0,,,,0,fist,hold,200.0,dev-0123456789abcdef0123456789abcdef,synthetic-1-fist,29,protocol,synthetic-demo-contract-v1,True,-5.061348690005974,-5.155548401177358,-5.263184093263996,-5.341046218788375,-5.445629012821107,-5.520128234961634,-5.626847759057703,-5.721299789423255
1700000001605000000,11605000000,322,321,321,0,0,,,,0,fist,hold,200.0,dev-0123456789abcdef0123456789abcdef,synthetic-1-fist,29,protocol,synthetic-demo-contract-v1,True,4.519358615136575,4.664124219802618,4.796354967276789,4.959373144550126,5.092919452376402,5.258533665331669,5.392026572887503,5.5359749674461245
1700000001610000000,11610000000,323,322,322,0,0,,,,0,fist,hold,200.0,dev-0123456789abcdef0123456789abcdef,synthetic-1-fist,29,protocol,synthetic-demo-contract-v1,True,-5.097731916631282,-5.193849082313082,-5.301479171990021,-5.377694340544049,-5.485830798561751,-5.560177641649197,-5.66631784496212,-5.763893219168382
1700000001615000000,11615000000,324,323,323,0,0,,,,0,fist,hold,200.0,dev-0123456789abcdef0123456789abcdef,synthetic-1-fist,29,protocol,synthetic-demo-contract-v1,True,4.487527202784105,4.630687417231954,4.763462564347996,4.927890996351027,5.058275088423106,5.223892279857856,5.3582721490908725,5.499258468165654
1700000001620000000,11620000000,325,324,324,0,0,,,,0,fist,hold,200.0,dev-0123456789abcdef0123456789abcdef,synthetic-1-fist,29,protocol,synthetic-demo-contract-v1,True,-5.124733717975963,-5.222130646258388,-5.328694145537569,-5.403752961126325,-5.514631620803977,-5.589125194647888,-5.694074468594658,-5.794431957245548
1700000001625000000,11625000000,326,325,325,0,0,,,,0,fist,hold,200.0,dev-0123456789abcdef0123456789abcdef,synthetic-1-fist,29,protocol,synthetic-demo-contract-v1,True,4.465597199547188,4.607811029207108,4.742151925113839,4.907468921932598,5.035555667333508,5.2008771663702795,5.336746017709916,5.475147579736063
1700000001630000000,11630000000,327,326,326,0,0,,,,0,fist,hold,200.0,dev-0123456789abcdef0123456789abcdef,synthetic-1-fist,29,protocol,synthetic-demo-contract-v1,True,-5.141387736680885,-5.239395663398625,-5.3439232945596125,-5.41837174370037,-5.531082006208588,-5.606018433193085,-5.7091888037986465,-5.81191770446888
1700000001635000000,11635000000,328,327,327,0,0,,,,0,fist,hold,200.0,dev-0123456789abcdef0123456789abcdef,synthetic-1-fist,29,protocol,synthetic-demo-contract-v1,True,4.454383194746481,4.596317863267199,4.73313019581984,4.898772546042249,5.0255101776061055,5.190244506539753,5.328171876253527,5.464429848363137
1700000001640000000,11640000000,329,328,328,0,0,,,,0,fist,hold,200.0,dev-0123456789abcdef0123456789abcdef,synthetic-1-fist,29,protocol,synthetic-demo-contract-v1,True,-5.147039749583409,-5.245003817047294,-5.346663942932675,-5.421075196481179,-5.534639636843482,-5.610303682071514,-5.711148341821875,-5.815780134396737
1700000001645000000,11645000000,330,329,329,0,0,,,,0,fist,hold,200.0,dev-0123456789abcdef0123456789abcdef,synthetic-1-fist,29,protocol,synthetic-demo-contract-v1,True,4.454371494720917,4.596659344549363,4.736691423335247,4.902083365043023,5.028469787726125,5.192340918993255,5.33284672765301,5.467453701825027
1700000001650000000,11650000000,331,330,330,0,0,,,,0,fist,hold,200.0,dev-0123456789abcdef0123456789abcdef,synthetic-1-fist,29,protocol,synthetic-demo-contract-v1,True,-5.141377764267111,-5.238697436011426,-5.336833059841939,-5.4117780913172675,-5.52518722871551,-5.601844214714271,-5.699874123420839,-5.805895570446737
1700000001655000000,11655000000,332,331,331,0,0,,,,0,fist,hold,200.0,dev-0123456789abcdef0123456789abcdef,synthetic-1-fist,29,protocol,synthetic-demo-contract-v1,True,4.465694635769932,4.608896124065393,4.752707027150405,4.917289674005813,5.044336928572808,5.207092140655717,5.350630750256794,5.484117062773764
1700000001660000000,11660000000,333,332,332,0,0,,,,0,fist,hold,200.0,dev-0123456789abcdef0123456789abcdef,synthetic-1-fist,29,protocol,synthetic-demo-contract-v1,True,-5.124452493102901,-5.220614514803463,-5.314769637060913,-5.390788118065576,-5.503036398258162,-5.58092463469508,-5.675723681098109,-5.782590988647996
1700000001665000000,11665000000,334,333,333,0,0,,,,0,fist,hold,200.0,dev-0123456789abcdef0123456789abcdef,synthetic-1-fist,29,protocol,synthetic-demo-contract-v1,True,4.488116300228838,4.632691608299367,4.78063058800449,4.943890351233976,5.072588509969195,5.234005617721531,5.3809515696705,5.513870762606472
1700000001670000000,11670000000,335,334,334,0,0,,,,0,fist,hold,200.0,dev-0123456789abcdef0123456789abcdef,synthetic-1-fist,29,protocol,synthetic-demo-contract-v1,True,-5.096686703734469,-5.191288510884278,-5.281222780758347,-5.358795693443707,-5.4689173893090475,-5.54824133468004,-5.639479586463924,-5.7466332155897115
1700000001675000000,11675000000,336,335,335,0,0,,,,0,fist,hold,200.0,dev-0123456789abcdef0123456789abcdef,synthetic-1-fist,29,protocol,synthetic-demo-contract-v1,True,4.5210280016759725,4.667318901415914,4.8195167682419005,4.9810113713915625,5.1122931653348305,5.272186916883461,5.422822799588947,5.555736642369441
1700000001680000000,11680000000,337,336,336,0,0,,,,0,fist,hold,200.0,dev-0123456789abcdef0123456789abcdef,synthetic-1-fist,29,protocol,synthetic-demo-contract-v1,True,-5.0588722440752525,-5.151634655377722,-5.237325946441961,-5.316851262226402,-5.423954999246673,-5.504879351761689,-5.592323972387837,-5.699203678137936
1700000001685000000,11685000000,338,337,337,0,0,,,,0,fist,hold,200.0,dev-0123456789abcdef0123456789abcdef,synthetic-1-fist,29,protocol,synthetic-demo-contract-v1,True,4.563458548966951,4.711681189506087,4.8680536955648686,5.027434503139462,5.162141955938916,5.320369410990102,5.4748762481480995,5.608339744035418
1700000001690000000,11690000000,339,338,338,0,0,,,,0,fist,hold,200.0,dev-0123456789abcdef0123456789abcdef,synthetic-1-fist,29,protocol,synthetic-demo-contract-v1,True,-5.012153951080691,-5.102922986244271,-5.184558219023613,-5.266330836620029,-5.3696314979268065,-5.452276387360995,-5.535799862280682,-5.641859536740661
1700000001695000000,11695000000,340,339,339,0,0,,,,0,fist,hold,200.0,dev-0123456789abcdef0123456789abcdef,synthetic-1-fist,29,protocol,synthetic-demo-contract-v1,True,4.614096836196836,4.764345117405842,4.924607682644793,5.081637249842587,5.22049152253039,5.376956254973848,5.535406735417544,5.669953532040272
1700000001700000000,11700000000,341,340,340,0,0,,,,0,fist,hold,200.0,dev-0123456789abcdef0123456789abcdef,synthetic-1-fist,29,protocol,synthetic-demo-contract-v1,True,-4.958000161887976,-5.0467387936240105,-5.124693981043368,-5.2088909031263855,-5.307737761865446,-5.392175183663402,-5.471760574261041,-5.57648248197928
1700000001705000000,11705000000,342,341,341,0,0,,,,0,fist,hold,200.0,dev-0123456789abcdef0123456789abcdef,synthetic-1-fist,29,protocol,synthetic-demo-contract-v1,True,4.671327955405493,4.823586230711224,4.987278735969281,5.1418427254214185,5.28541826177021,5.4400732621596735,5.602428051332548,5.738556656436639
1700000001710000000,11710000000,343,342,342,0,0,,,,0,fist,hold,200.0,dev-0123456789abcdef0123456789abcdef,synthetic-1-fist,29,protocol,synthetic-demo-contract-v1,True,-4.898160130348016,-4.984931637436151,-5.059742705593642,-5.146414172724043,-5.240314234622134,-5.3265658328812275,-5.402308861748192,-5.50521687970998
1700000001715000000,11715000000,344,343,343,0,0,,,,0,fist,hold,200.0,dev-0123456789abcdef0123456789abcdef,synthetic-1-fist,29,protocol,synthetic-demo-contract-v1,True,4.733282018003255,4.8874450975225,5.0539649427621125,5.206077833699104,5.354781741437698,5.50763093132192,5.673738215366874,5.811899389525098
1700000001720000000,11720000000,345,344,344,0,0,,,,0,fist,hold,200.0,dev-0123456789abcdef0123456789abcdef,synthetic-1-fist,29,protocol,synthetic-demo-contract-v1,True,-4.8346092806692145,-4.919554538401892,-4.991880942940238,-5.0809479484873465,-5.169583659735711,-5.2576199278208975,-5.329727791187522,-5.430399300317921
1700000001725000000,11725000000,346,345,345,0,0,,,,0,fist,hold,200.0,dev-0123456789abcdef0123456789abcdef,synthetic-1-fist,29,protocol,synthetic-demo-contract-v1,True,4.797894433556512,4.95379230503075,5.12243352727265,5.272237849161232,5.426295263809282,5.577393572972438,5.746991891723052,5.887577549848869
1700000001730000000,11730000000,347,346,346,0,0,,,,0,fist,hold,200.0,dev-0123456789abcdef0123456789abcdef,synthetic-1-fist,29,protocol,synthetic-demo-contract-v1,True,-4.769483866151179,-4.8527953368987795,-4.923378829945651,-5.0146371251392114,-5.097877803797979,-5.187618731320424,-5.256405630954757,-5.354481750755779
1700000001735000000,11735000000,348,347,347,0,0,,,,0,fist,hold,200.0,dev-0123456789abcdef0123456789abcdef,synthetic-1-fist,29,protocol,synthetic-demo-contract-v1,True,4.862975769451807,5.0204001633279525,5.190396147237227,5.338155288682667,5.497601250954966,5.647053249296629,5.819777576923784,5.963111481449192
1700000001740000000,11740000000,349,348,348,0,0,,,,0,fist,hold,200.0,dev-0123456789abcdef0123456789abcdef,synthetic-1-fist,29,protocol,synthetic-demo-contract-v1,True,-4.705007204756037,-4.786902542185206,-4.856523630450561,-4.94965400968907,-5.027560585377118,-5.118877739235827,-5.184757223968375,-5.279951134839761
1700000001745000000,11745000000,350,349,349,0,0,,,,0,fist,hold,200.0,dev-0123456789abcdef0123456789abcdef,synthetic-1-fist,29,protocol,synthetic-demo-contract-v1,True,4.926288742720674,5.085018659096268,5.255585865167781,5.401670824247317,5.566348966734278,5.7143060836216195,5.889697018260427,6.036027490368025
1700000001750000000,11750000000,351,350,350,0,0,,,,0,fist,hold,200.0,dev-0123456789abcdef0123456789abcdef,synthetic-1-fist,29,protocol,synthetic-demo-contract-v1,True,-4.643410194008018,-4.724108242388461,-4.793542906934022,-4.888127255576262,-4.960950143990663,-5.0536701302984515,-5.117144433597266,-5.209247590929377
1700000001755000000,11755000000,352,351,351,0,0,,,,0,fist,hold,200.0,dev-0123456789abcdef0123456789abcdef,synthetic-1-fist,29,protocol,synthetic-demo-contract-v1,True,4.985629415607777,5.145452998930646,5.315833181631742,5.46070392051498,5.630272013239754,5.776928417524764,5.954444246840461,6.10393906000672
1700000001760000000,11760000000,353,352,352,0,0,,,,0,fist,hold,200.0,dev-0123456789abcdef0123456789abcdef,synthetic-1-fist,29,protocol,synthetic-demo-contract-v1,True,-4.58684922741342,-4.66655080094039,-4.7365299262940175,-4.832072231278292,-4.900242418271086,-4.99415163243395,-5.055798284197118,-5.14468439255946
1700000001765000000,11765000000,354,353,353,0,0,,,,0,fist,hold,200.0,dev-0123456789abcdef0123456789abcdef,synthetic-1-fist,29,protocol,synthetic-demo-contract-v1,True,5.038909314945908,5.199639976564664,5.36913856003781,5.513320890411675,5.687263046871721,5.832850299225498,6.0118816204662,6.164625174740787
1700000001770000000,11770000000,355,354,354,0,0,,,,0,fist,hold,200.0,dev-0123456789abcdef0123456789abcdef,synthetic-1-fist,29,protocol,synthetic-demo-contract-v1,True,-4.537324910679115,-4.6162001191213,-4.687373815858582,-4.78332509723918,-4.84743875271367,-4.942289287844427,-5.0027453629693985,-5.088372045634593
1700000001775000000,11775000000,356,355,355,0,0,,,,0,fist,hold,200.0,dev-0123456789abcdef0123456789abcdef,synthetic-1-fist,29,protocol,synthetic-demo-contract-v1,True,5.084235000916311,5.2457203969804,5.413739002676691,5.557798146418791,5.73544325088836,5.880223875552759,6.06011036892204,6.216103176884947
1700000001780000000,11780000000,357,356,356,0,0,,,,0,fist,hold,200.0,dev-0123456789abcdef0123456789abcdef,synthetic-1-fist,29,protocol,synthetic-demo-contract-v1,True,-4.4966050839370855,-4.574788192337389,-4.647696813255993,-4.743482743771207,-4.804279919586547,-4.899796469883055,-4.959740910583295,-5.0421490771586335
1700000001785000000,11785000000,358,357,357,0,0,,,,0,fist,hold,200.0,dev-0123456789abcdef0123456789abcdef,synthetic-1-fist,29,protocol,synthetic-demo-contract-v1,True,5.119981593032198,5.28210489582223,5.4481664508739485,5.592678582150961,5.773224274137535,5.9174844286024895,6.09753331426658,6.256693762536894
1700000001790000000,11790000000,359,358,358,0,0,,,,0,fist,hold,200.0,dev-0123456789abcdef0123456789abcdef,synthetic-1-fist,29,protocol,synthetic-demo-contract-v1,True,-4.466155581508781,-4.543747529400934,-4.618800702008099,-4.713850551237319,-4.7721887310948885,-4.868076297777869,-4.9282108086955905,-5.007521789732115
1700000001795000000,11795000000,360,359,359,0,0,,,,0,fist,hold,200.0,dev-0123456789abcdef0123456789abcdef,synthetic-1-fist,29,protocol,synthetic-demo-contract-v1,True,5.1448569290283235,5.307530702752565,5.471296070232599,5.616819243028433,5.7993605940435,5.943402041607307,6.122907695513739,6.285075981050183
1700000001800000000,11800000000,361,360,360,0,0,,,,0,fist,hold,200.0,dev-0123456789abcdef0123456789abcdef,synthetic-1-fist,29,protocol,synthetic-demo-contract-v1,True,-4.447081900472676,-4.524159743620869,-4.601624202843519,-4.695399678564846,-4.752223133697294,-4.848175317435549,-4.909204380347241,-4.985614960487517
1700000001805000000,11805000000,362,361,361,0,0,,,,0,fist,hold,200.0,dev-0123456789abcdef0123456789abcdef,synthetic-1-fist,29,protocol,synthetic-demo-contract-v1,True,5.157953382779793,5.321107205921784,5.482382834663414,5.629428729065119,5.812990577604016,5.957122188483256,6.135386352205449,6.300330432349078
1700000001810000000,11810000000,363,362,362,0,0,,,,0,fist,hold,200.0,dev-0123456789abcdef0123456789abcdef,synthetic-1-fist,29,protocol,synthetic-demo-contract-v1,True,-4.440084512432493,-4.516716270608775,-4.596712710305327,-4.688735275284754,-4.745041330908606,-4.840748977063215,-4.90335956381318,-4.977135102490855
1700000001815000000,11815000000,364,363,363,0,0,,,,0,fist,hold,200.0,dev-0123456789abcdef0123456789abcdef,synthetic-1-fist,29,protocol,synthetic-demo-contract-v1,True,5.158784885480099,5.322348570782755,5.481085227645491,5.630093107756586,5.813664886744792,5.958193907750404,6.134545904135836,6.301969245141576
1700000001820000000,11820000000,365,364,364,0,0,,,,0,fist,hold,200.0,dev-0123456789abcdef0123456789abcdef,synthetic-1-fist,29,protocol,synthetic-demo-contract-v1,True,-4.445429960086203,-4.521692733182655,-4.604201338738068,-4.69407665595184,-4.750880084381598,-4.846040036407323,-4.91088161352452,-4.982347492802968
1700000001825000000,11825000000,366,365,365,0,0,,,,0,fist,hold,200.0,dev-0123456789abcdef0123456789abcdef,synthetic-1-fist,29,protocol,synthetic-demo-contract-v1,True,5.147307353980372,5.31119213533535,5.467475321651506,5.618789489861391,5.801361291595228,5.946584631941723,6.120400992288649,6.289951854497032
1700000001830000000,11830000000,367,366,366,0,0,,,,0,fist,hold,200.0,dev-0123456789abcdef0123456789abcdef,synthetic-1-fist,29,protocol,synthetic-demo-contract-v1,True,-4.462939162606304,-4.538937975093662,-4.623811786119322,-4.7112500855774595,-4.769546908613245,-4.863870620909715,-4.931536036563765,-5.00106771800253
1700000001835000000,11835000000,368,367,367,0,0,,,,0,fist,hold,200.0,dev-0123456789abcdef0123456789abcdef,synthetic-1-fist,29,protocol,synthetic-demo-contract-v1,True,5.123921495746536,5.288001827465178,5.442034961448657,5.595886823326499,5.77648540333797,5.9226811846569305,6.093404104813906,6.264686064885457
1700000001840000000,11840000000,369,368,368,0,0,,,,0,fist,hold,200.0,dev-0123456789abcdef0123456789abcdef,synthetic-1-fist,29,protocol,synthetic-demo-contract-v1,True,-4.491993551106303,-4.5678782419795025,-4.654863054300067,-4.739694413296669,-4.800426416591803,-4.8936481811456245,-4.964656004608301,-5.032668009962233
1700000001845000000,11845000000,370,369,369,0,0,,,,0,fist,hold,200.0,dev-0123456789abcdef0123456789abcdef,synthetic-1-fist,29,protocol,synthetic-demo-contract-v1,True,5.089457788371567,5.25355640768358,5.405638247953092,5.562133877615274,5.739857302472473,5.8872769145142545,6.054430986489916,6.227014369221074
1700000001850000000,11850000000,371,370,370,0,0,,,,0,fist,hold,200.0,dev-0123456789abcdef0123456789abcdef,synthetic-1-fist,29,protocol,synthetic-demo-contract-v1,True,-4.531558813137822,-4.607536421588213,-4.696295596233973,-4.778479372286165,-4.842500607188463,-4.934385158433767,-5.009164004498413,-5.076098157786872
1700000001855000000,11855000000,372,371,371,0,0,,,,0,fist,hold,200.0,dev-0123456789abcdef0123456789abcdef,synthetic-1-fist,29,protocol,synthetic-demo-contract-v1,True,5.045144275607602,5.209022909927936,5.35952098031392,5.518634808681215,5.692684503317069,5.841545393304064,6.0047521049606765,6.178185979755336
1700000001860000000,11860000000,373,372,372,0,0,,,,0,fist,hold,200.0,dev-0123456789abcdef0123456789abcdef,synthetic-1-fist,29,protocol,synthetic-demo-contract-v1,True,-4.580225191643067,-4.656565688754609,-4.7467080106863335,-4.826335950594321,-4.894382425481535,-4.984731704671364,-5.06360702153675,-5.1299203021034945
1700000001865000000,11865000000,374,373,373,0,0,,,,0,fist,hold,200.0,dev-0123456789abcdef0123456789abcdef,synthetic-1-fist,29,protocol,synthetic-demo-contract-v1,True,4.992558632845317,5.155916211076824,5.305238149274354,5.466813100184586,5.636522146025631,5.787001549525236,5.9459911064616335,6.119815496841294
1700000001870000000,11870000000,375,374,374,0,0,,,,0,fist,hold,200.0,dev-0123456789abcdef0123456789abcdef,synthetic-1-fist,29,protocol,synthetic-demo-contract-v1,True,-4.63626250707043,-4.713296356885357,-4.804404987922537,-4.881697843498802,-4.954361489633852,-5.043020373202916,-5.126204103642195,-5.1923564611378294
1700000001875000000,11875000000,376,375,375,0,0,,,,0,fist,hold,200.0,dev-0123456789abcdef0123456789abcdef,synthetic-1-fist,29,protocol,synthetic-demo-contract-v1,True,4.933566686309026,5.096046183724731,5.244610969982455,5.408365056071255,5.573221728463957,5.725451523528424,5.880071622609212,6.05382958115883
1700000001880000000,11880000000,377,376,376,0,0,,,,0,fist,hold,200.0,dev-0123456789abcdef0123456789abcdef,synthetic-1-fist,29,protocol,synthetic-demo-contract-v1,True,-4.697687395779421,-4.7757942390227885,-4.867454839895237,-4.942752636106243,-5.020460476850823,-5.1073213021223625,-5.194904746281881,-5.261347219257283
1700000001885000000,11885000000,378,377,377,0,0,,,,0,fist,hold,200.0,dev-0123456789abcdef0123456789abcdef,synthetic-1-fist,29,protocol,synthetic-demo-contract-v1,True,4.870250180595552,5.031454355133989,5.179665284216605,5.345204360958529,5.50487006809613,5.658932902994714,5.809154173994187,5.982403389477083
1700000001890000000,11890000000,379,378,378,0,0,,,,0,fist,hold,200.0,dev-0123456789abcdef0123456789abcdef,synthetic-1-fist,29,protocol,synthetic-demo-contract-v1,True,-4.762339721108107,-4.841928388288673,-4.933754637629727,-5.007501046946135,-5.090500309549776,-5.175506064890123,-5.267456181148463,-5.334619641693974
1700000001895000000,11895000000,380,379,379,0,0,,,,0,fist,hold,200.0,dev-0123456789abcdef0123456789abcdef,synthetic-1-fist,29,protocol,synthetic-demo-contract-v1,True,4.8048270451621224,4.964342389026364,5.112563439333885,5.279399516773849,5.4337205061171785,5.589647315143824,5.735565243118034,5.907888870451688
1700000001900000000,11900000000,381,380,380,0,0,,,,0,fist,hold,200.0,dev-0123456789abcdef0123456789abcdef,synthetic-1-fist,29,protocol,synthetic-demo-contract-v1,True,-4.827964744113347,-4.909445737287819,-5.001100736842309,-5.073822299657992,-5.162171992755834,-5.245318076960481,-5.341477357609078,-5.409762176058625
1700000001905000000,11905000000,382,381,381,0,0,,,,0,fist,hold,200.0,dev-0123456789abcdef0123456789abcdef,synthetic-1-fist,29,protocol,synthetic-demo-contract-v1,True,4.739567688699568,4.896995010040986,5.0455319553530575,5.213106197241079,5.362118621817391,5.519887604405933,5.661720847863776,5.832737284240692
1700000001910000000,11910000000,383,382,382,0,0,,,,0,fist,hold,200.0,dev-0123456789abcdef0123456789abcdef,synthetic-1-fist,29,protocol,synthetic-demo-contract-v1,True,-4.892297456627586,-4.976049902973238,-5.06726230783466,-5.139543489134983,-5.233112734469267,-5.314447230707647,-5.414537184727595,-5.484304071988319
1700000001915000000,11915000000,384,383,383,0,0,,,,0,fist,hold,200.0,dev-0123456789abcdef0123456789abcdef,synthetic-1-fist,29,protocol,synthetic-demo-contract-v1,True,4.67671093931895,4.83170019118626,4.980787416257366,5.148496728486945,5.2924249061441175,5.4519620029762486,5.5900471286596085,5.759418499084347
1700000001920000000,11920000000,385,384,384,0,0,,,,0,fist,hold,200.0,dev-0123456789abcdef0123456789abcdef,synthetic-1-fist,29,protocol,synthetic-demo-contract-v1,True,-4.953145485537011,-5.039481277477042,-5.130055402206088,-5.20251067723503,-5.300983839553061,-5.380606291452735,-5.48423446045969,-5.555796702374712
1700000001925000000,11925000000,386,385,385,0,0,,,,0,fist,hold,200.0,dev-0123456789abcdef0123456789abcdef,synthetic-1-fist,29,protocol,synthetic-demo-contract-v1,True,4.61838314860067,4.770669514766064,4.920463063433472,5.087688998787042,5.226936943672721,5.388117800805934,5.522900561760297,5.690339723209302
1700000001930000000,11930000000,387,386,386,0,0,,,,0,fist,hold,200.0,dev-0123456789abcdef0123456789abcdef,synthetic-1-fist,29,protocol,synthetic-demo-contract-v1,True,-5.0084671675807675,-5.097595491846938,-5.187415088903665,-5.260659395711654,-5.363547809222048,-5.441606529429861,-5.548276858113651,-5.621894107948738
1700000001935000000,11935000000,388,387,387,0,0,,,,0,fist,hold,200.0,dev-0123456789abcdef0123456789abcdef,synthetic-1-fist,29,protocol,synthetic-demo-contract-v1,True,4.566523701142305,4.715961594097523,4.866538527593961,5.032677120162604,5.167813668404528,5.3304670378986465,5.462490424346023,5.627766348039581
1700000001940000000,11940000000,389,388,388,0,0,,,,0,fist,hold,200.0,dev-0123456789abcdef0123456789abcdef,synthetic-1-fist,29,protocol,synthetic-demo-contract-v1,True,-5.056441750604874,-5.148437419054312,-5.2374632747187935,-5.312082252263148,-5.418742104403706,-5.495430087995607,-5.604556370242322,-5.680430113565049
1700000001945000000,11945000000,390,389,389,0,0,,,,0,fist,hold,200.0,dev-0123456789abcdef0123456789abcdef,synthetic-1-fist,29,protocol,synthetic-demo-contract-v1,True,4.522819741362164,4.669411308707403,4.820775012838584,4.985266108492385,5.117004190442061,5.280916674746272,5.4108060639610756,5.573747508164523
1700000001950000000,11950000000,391,390,390,0,0,,,,0,fist,hold,200.0,dev-0123456789abcdef0123456789abcdef,synthetic-1-fist,29,protocol,synthetic-demo-contract-v1,True,-5.095529172313808,-5.190308070835129,-5.278569985883875,-5.355091429000455,-5.464747141222619,-5.540296696435434,-5.651218725815618,-5.729489478439547
1700000001955000000,11955000000,392,391,391,0,0,,,,0,fist,hold,200.0,dev-0123456789abcdef0123456789abcdef,synthetic-1-fist,29,protocol,synthetic-demo-contract-v1,True,4.488652377874065,4.632567366131682,4.784658047684012,4.947012718797845,5.076183539904191,5.2411055485702684,5.369551367572918,5.530048807171548
1700000001960000000,11960000000,393,392,392,0,0,,,,0,fist,hold,200.0,dev-0123456789abcdef0123456789abcdef,synthetic-1-fist,29,protocol,synthetic-demo-contract-v1,True,-5.124517465727501,-5.221822031126892,-5.309406121650523,-5.388274028195551,-5.500046277009317,-5.574722522778032,-5.6867244940308375,-5.767470740072214
1700000001965000000,11965000000,394,393,393,0,0,,,,0,fist,hold,200.0,dev-0123456789abcdef0123456789abcdef,synthetic-1-fist,29,protocol,synthetic-demo-contract-v1,True,4.4650559909979295,4.606640369824706,4.759349650426541,4.919174372581988,5.046697446404067,5.21235019863609,5.340088589382463,5.498094421470718
1700000001970000000,11970000000,395,394,394,0,0,,,,0,fist,hold,200.0,dev-0123456789abcdef0123456789abcdef,synthetic-1-fist,29,protocol,synthetic-demo-contract-v1,True,-5.1425565014122805,-5.241953444219466,-5.328985989002086,-5.410538452547957,-5.523475809281822,-5.597569221911033,-5.709899860966372,-5.793138686109398
1700000001975000000,11975000000,396,395,395,0,0,,,,0,fist,hold,200.0,dev-0123456789abcdef0123456789abcdef,synthetic-1-fist,29,protocol,synthetic-demo-contract-v1,True,4.452691592622406,4.592463159684465,4.745651429800172,4.902667851013435,5.029517974538317,5.1956013506942815,5.323393389215806,5.478920484446275
1700000001980000000,11980000000,397,396,396,0,0,,,,0,fist,hold,200.0,dev-0123456789abcdef0123456789abcdef,synthetic-1-fist,29,protocol,synthetic-demo-contract-v1,True,-5.149177457815298,-5.250069021929835,-5.336698279292237,-5.4211502988728135,-5.534263339389308,-5.608081558409596,-5.719975404506692,-5.805664730899803
1700000001985000000,11985000000,398,397,397,0,0,,,,0,fist,hold,200.0,dev-0123456789abcdef0123456789abcdef,synthetic-1-fist,29,protocol,synthetic-demo-contract-v1,True,4.451834511800877,4.590464717077827,4.743979768102767,4.898039109874137,5.025211477947156,5.191412498262263,5.320022564977697,5.4731412808931195
1700000001990000000,11990000000,399,398,398,0,0,,,,0,fist,hold,200.0,dev-0123456789abcdef0123456789abcdef,synthetic-1-fist,29,protocol,synthetic-demo-contract-v1,True,-5.144298071519191,-5.245947032148994,-5.332324540290335,-5.4197565856100365,-5.5320532360881,-5.605912361133875,-5.7166115874091705,-5.804653872674631
1700000001995000000,11995000000,400,399,399,0,0,,,,0,fist,hold,200.0,dev-0123456789abcdef0123456789abcdef,synthetic-1-fist,29,protocol,synthetic-demo-contract-v1,True,4.462376043656328,4.600658410005319,4.754353825762124,4.905445209848309,5.033919928400151,5.199921618637278,5.330095545362212,5.4809293590201555
1700000002000000000,12000000000,401,400,400,0,0,,,,0,fist,hold,200.0,dev-0123456789abcdef0123456789abcdef,synthetic-1-fist,29,protocol,synthetic-demo-contract-v1,True,-5.128214321768767,-5.22978176021605,-5.316044617333909,-5.406397514790267,-5.5169183595953015,-5.591133985344823,-5.699910125071162,-5.790157349965693
1700000002005000000,12005000000,402,401,401,0,0,,,,0,fist,hold,200.0,dev-0123456789abcdef0123456789abcdef,synthetic-1-fist,29,protocol,synthetic-demo-contract-v1,True,4.483838137612927,4.6226448174923025,4.776396677644433,4.924648960695167,5.055356235429487,5.220846627432809,5.353290256524586,5.502010208268999
1700000002010000000,12010000000,403,402,402,0,0,,,,0,fist,hold,200.0,dev-0123456789abcdef0123456789abcdef,synthetic-1-fist,29,protocol,synthetic-demo-contract-v1,True,-5.101579717497135,-5.202173473144284,-5.288428970793349,-5.381505375708407,-5.489357659614541,-5.564235903997975,-5.670410849120628,-5.7626705874666095
1700000002015000000,12015000000,404,403,403,0,0,,,,0,fist,hold,200.0,dev-0123456789abcdef0123456789abcdef,synthetic-1-fist,29,protocol,synthetic-demo-contract-v1,True,4.5153997403834385,4.655628837087533,4.809349456696195,4.955026462967764,5.088813710807863,5.253494721399077,5.388853503610307,5.535671670943104
1700000002020000000,12020000000,405,404,404,0,0,,,,0,fist,hold,200.0,dev-0123456789abcdef0123456789abcdef,synthetic-1-fist,29,protocol,synthetic-demo-contract-v1,True,-5.0653737579494695,-5.164104443292405,-5.250418209359533,-5.345890617317292,-5.45027972651943,-5.526108508270594,-5.629074165105941,-5.723116506491193
1700000002025000000,12025000000,406,405,405,0,0,,,,0,fist,hold,200.0,dev-0123456789abcdef0123456789abcdef,synthetic-1-fist,29,protocol,synthetic-demo-contract-v1,True,4.555933067196777,4.698450266528386,4.8520979541767915,4.9955873097221115,5.133189365856643,5.296785300321793,5.435625530475292,5.580787770002649
1700000002030000000,12030000000,407,406,406,0,0,,,,0,fist,hold,200.0,dev-0123456789abcdef0123456789abcdef,synthetic-1-fist,29,protocol,synthetic-demo-contract-v1,True,-5.020861417060475,-5.1169020822578695,-5.2032905955368856,-5.30071553558943,-5.400972837960957,-5.478013653116389,-5.5772496765941675,-5.672814757503182
1700000002035000000,12035000000,408,407,407,0,0,,,,0,fist,hold,200.0,dev-0123456789abcdef0123456789abcdef,synthetic-1-fist,29,protocol,synthetic-demo-contract-v1,True,4.6040478592943295,4.749626579709053,4.9032107217154985,5.045006796832892,5.187020273544648,5.349285710053797,5.492077954335758,5.635856160362747
1700000002040000000,12040000000,409,408,408,0,0,,,,0,fist,hold,200.0,dev-0123456789abcdef0123456789abcdef,synthetic-1-fist,29,protocol,synthetic-demo-contract-v1,True,-4.969545654099156,-5.0621906791244236,-5.148618667644598,-5.247456427132914,-5.343062488368806,-5.421542921668766,-5.516632003295272,-5.613437895985137
1700000002045000000,12045000000,410,409,409,0,0,,,,0,fist,hold,200.0,dev-0123456789abcdef0123456789abcdef,synthetic-1-fist,29,protocol,synthetic-demo-contract-v1,True,4.658141594791607,4.8074062052498965,4.960987351707217,5.101669097595987,5.248531796632538,5.409258625045076,5.556363831821171,5.6990479622918
1700000002050000000,12050000000,411,410,410,0,0,,,,0,fist,hold,200.0,dev-0123456789abcdef0123456789abcdef,synthetic-1-fist,29,protocol,synthetic-demo-contract-v1,True,-4.913114985368872,-5.001833613961887,-5.08821646923169,-5.187855437965899,-5.278457801466565,-5.358564988158959,-5.4492052424199375,-5.546955952898164
1700000002055000000,12055000000,412,411,411,0,0,,,,0,fist,hold,200.0,dev-0123456789abcdef0123456789abcdef,synthetic-1-fist,29,protocol,synthetic-demo-contract-v1,True,4.716453642616928,4.869830277401298,5.02351529078648,5.163719998090122,5.3156960919311835,5.474719504093558,5.626378213466674,5.7682683278286735
1700000002060000000,12060000000,413,412,412,0,0,,,,0,fist,hold,200.0,dev-0123456789abcdef0123456789abcdef,synthetic-1-fist,29,protocol,synthetic-demo-contract-v1,True,-4.853388078901187,-4.937868215163981,-5.0240791712707,-5.1238636742074855,-5.209288592413157,-5.291163819272846,-5.377177896466307,-5.475571232992107
1700000002065000000,12065000000,414,413,413,0,0,,,,0,fist,hold,200.0,dev-0123456789abcdef0123456789abcdef,synthetic-1-fist,29,protocol,synthetic-demo-contract-v1,True,4.777121466909493,4.934800574407878,5.088733276220169,5.229127476042455,5.386298961970943,5.543502220148533,5.699827198229485,5.84122573795134
1700000002070000000,12070000000,415,414,414,0,0,,,,0,fist,hold,200.0,dev-0123456789abcdef0123456789abcdef,synthetic-1-fist,29,protocol,synthetic-demo-contract-v1,True,-4.792257177618428,-4.87243563902054,-4.958317105849162,-5.057577428468049,-5.137835154435533,-5.2215697566392905,-5.302910404696289,-5.401645495676536
1700000002075000000,12075000000,416,415,415,0,0,,,,0,fist,hold,200.0,dev-0123456789abcdef0123456789abcdef,synthetic-1-fist,29,protocol,synthetic-demo-contract-v1,True,4.838237178025691,5.000151195667056,5.154499284961465,5.295748147980176,5.458012850190766,5.613330694856879,5.774303219527447,5.915507741165788
1700000002080000000,12080000000,417,416,416,0,0,,,,0,fist,hold,200.0,dev-0123456789abcdef0123456789abcdef,synthetic-1-fist,29,protocol,synthetic-demo-contract-v1,True,-4.731631942163229,-4.8077082669695494,-4.893086395492215,-4.991169602498036,-5.066453084668495,-5.152085758421266,-5.2288376593568,-5.327621923472964
1700000002085000000,12085000000,418,417,417,0,0,,,,0,fist,hold,200.0,dev-0123456789abcdef0123456789abcdef,synthetic-1-fist,29,protocol,synthetic-demo-contract-v1,True,4.897902959156327,5.063721458940317,5.218660755510621,5.361397415731965,5.528473573223168,5.681894170074126,5.8473640888079075,5.9886606326903875
1700000002090000000,12090000000,419,418,418,0,0,,,,0,fist,hold,200.0,dev-0123456789abcdef0123456789abcdef,synthetic-1-fist,29,protocol,synthetic-demo-contract-v1,True,-4.673385060072621,-4.745817139329293,-4.830518455196025,-4.9268185657121615,-4.9974956274594025,-5.085011237996362,-5.157389053189241,-5.255944454003414
1700000002095000000,12095000000,420,419,419,0,0,,,,0,fist,hold,200.0,dev-0123456789abcdef0123456789abcdef,synthetic-1-fist,29,protocol,synthetic-demo-contract-v1,True,4.954284147016058,5.123427521520023,5.279124786961679,5.423921020266201,5.595358260650868,5.746923628324436,5.9166131985369965,6.058270444442475
1700000002100000000,12100000000,421,420,420,0,0,,,,0,fist,hold,200.0,dev-0123456789abcdef0123456789abcdef,synthetic-1-fist,29,protocol,synthetic-demo-contract-v1,True,-4.619300719974007,-4.688781876837218,-4.772650662614486,-4.8666367752743644,-4.933236095236914,-5.022566017178319,-5.090908686492255,-5.188977137412436
1700000002105000000,12105000000,422,421,421,0,0,,,,0,fist,hold,200.0,dev-0123456789abcdef0123456789abcdef,synthetic-1-fist,29,protocol,synthetic-demo-contract-v1,True,5.005658985685567,5.177330339963888,5.333926038574456,5.4812656625190606,5.656461932804214,5.806266836159424,5.9797782478506685,6.122042573822996
1700000002110000000,12110000000,423,422,422,0,0,,,,0,fist,hold,200.0,dev-0123456789abcdef0123456789abcdef,synthetic-1-fist,29,protocol,synthetic-demo-contract-v1,True,-4.571026821562996,-4.638445389364925,-4.7213604359401975,-4.81260149360928,-4.87579292448598,-4.9668169077194655,-5.031578357256721,-5.128926179255973
1700000002115000000,12115000000,424,423,423,0,0,,,,0,fist,hold,200.0,dev-0123456789abcdef0123456789abcdef,synthetic-1-fist,29,protocol,synthetic-demo-contract-v1,True,5.050464283295559,5.223697773865782,5.381290145377291,5.531546378946,5.709770192068142,5.857959529793309,6.034785902213943,6.177877425212944
1700000002120000000,12120000000,425,424,424,0,0,,,,0,fist,hold,200.0,dev-0123456789abcdef0123456789abcdef,synthetic-1-fist,29,protocol,synthetic-demo-contract-v1,True,-4.530031602623276,-4.596415444096044,-4.67830483155313,-4.766489873070102,-4.8270598374999585,-4.919609348065906,-4.981345866821823,-5.077767239303106
1700000002125000000,12125000000,426,425,425,0,0,,,,0,fist,hold,200.0,dev-0123456789abcdef0123456789abcdef,synthetic-1-fist,29,protocol,synthetic-demo-contract-v1,True,5.087336366713031,5.2610588994817045,5.419690626835406,5.573108463205427,5.753525631292797,5.90029038978285,6.079829931721572,6.223939570606802
1700000002130000000,12130000000,427,426,426,0,0,,,,0,fist,hold,200.0,dev-0123456789abcdef0123456789abcdef,synthetic-1-fist,29,protocol,synthetic-demo-contract-v1,True,-4.497565224892875,-4.5640148750383975,-4.644867579422713,-4.729820537100857,-4.788643412259189,-4.882506355376815,-4.941860999093563,-5.037180382360671
1700000002135000000,12135000000,428,427,427,0,0,,,,0,fist,hold,200.0,dev-0123456789abcdef0123456789abcdef,synthetic-1-fist,29,protocol,synthetic-demo-contract-v1,True,5.115146841804568,5.288248916106557,5.447897490512843,5.604581901367981,5.786285770029558,5.931857656669472,6.113430586766057,6.258718150523394
1700000002140000000,12140000000,429,428,428,0,0,,,,0,fist,hold,200.0,dev-0123456789abcdef0123456789abcdef,synthetic-1-fist,29,protocol,synthetic-demo-contract-v1,True,-4.47462677526735,-4.542241875564756,-4.622115220536077,-4.703803577069124,-4.761810118562575,-4.856736811179045,-4.914421279352229,-5.008494823915299
1700000002145000000,12145000000,430,429,429,0,0,,,,0,fist,hold,200.0,dev-0123456789abcdef0123456789abcdef,synthetic-1-fist,29,protocol,synthetic-demo-contract-v1,True,5.133032725956155,5.304443387700881,5.465016012988555,5.624926530688946,5.806970608615306,5.951615515633566,6.1344832576604675,6.281076526153085
1700000002150000000,12150000000,431,430,430,0,0,,,,0,fist,hold,200.0,dev-0123456789abcdef0123456789abcdef,synthetic-1-fist,29,protocol,synthetic-demo-contract-v1,True,-4.4619371041334155,-4.531741440389963,-4.610763706069212,-4.6893006107812925,-4.7474445664658145,-4.8431547906875005,-4.899929297338451,-4.992645289464611
1700000002155000000,12155000000,432,431,431,0,0,,,,0,fist,hold,200.0,dev-0123456789abcdef0123456789abcdef,synthetic-1-fist,29,protocol,synthetic-demo-contract-v1,True,5.140420532467933,5.309180949465979,5.4705145064955705,5.633466433451636,5.814898232395054,5.958908716208688,6.1422948169680485,6.290289549046763
1700000002160000000,12160000000,433,432,432,0,0,,,,0,fist,hold,200.0,dev-0123456789abcdef0123456789abcdef,synthetic-1-fist,29,protocol,synthetic-demo-contract-v1,True,-4.459917928028941,-4.532788628035025,-4.611156472880393,-4.686796221361945,-4.746020343445128,-4.842211280963527,-4.898862999217102,-4.990141422578942
1700000002165000000,12165000000,434,433,433,0,0,,,,0,fist,hold,200.0,dev-0123456789abcdef0123456789abcdef,synthetic-1-fist,29,protocol,synthetic-demo-contract-v1,True,5.137043866782262,5.302374008881475,5.464240240965307,5.629912427920852,5.809807292322622,5.953494281803476,6.136606448174618,6.286067223791439
1700000002170000000,12170000000,435,434,434,0,0,,,,0,fist,hold,200.0,dev-0123456789abcdef0123456789abcdef,synthetic-1-fist,29,protocol,synthetic-demo-contract-v1,True,-4.468677653108559,-4.54528391416209,-4.623254635576248,-4.696381724298325,-4.757584401694303,-4.853939223757471,-4.911259926677517,-5.001051245670159
1700000002175000000,12175000000,436,435,435,0,0,,,,0,fist,hold,200.0,dev-0123456789abcdef0123456789abcdef,synthetic-1-fist,29,protocol,synthetic-demo-contract-v1,True,5.122954060652678,5.284307368755973,5.446423075561826,5.614371906655373,5.791865620824102,5.93554959034423,6.11760220862333,6.268563988542822
1700000002180000000,12180000000,437,436,436,0,0,,,,0,fist,hold,200.0,dev-0123456789abcdef0123456789abcdef,synthetic-1-fist,29,protocol,synthetic-demo-contract-v1,True,-4.488004408974879,-4.56876051408033,-4.646639544023934,-4.717751808075983,-4.781755510257217,-4.877952378607218,-4.936715922864211,-5.02499921337404
1700000002185000000,12185000000,438,437,437,0,0,,,,0,fist,hold,200.0,dev-0123456789abcdef0123456789abcdef,synthetic-1-fist,29,protocol,synthetic-demo-contract-v1,True,5.098523343522699,5.255625082836806,5.4176667490095465,5.587345685685875,5.761664698885877,5.905666557691757,6.085903043696598,6.238373313163362
1700000002190000000,12190000000,439,438,438,0,0,,,,0,fist,hold,200.0,dev-0123456789abcdef0123456789abcdef,synthetic-1-fist,29,protocol,synthetic-demo-contract-v1,True,-4.517366797576417,-4.6024031817416615,-4.680527559263261,-4.750214173065958,-4.817736823024191,-4.913458045083821,-4.974398349132645,-5.061178916692207
1700000002195000000,12195000000,440,439,439,0,0,,,,0,fist,hold,200.0,dev-0123456789abcdef0123456789abcdef,synthetic-1-fist,29,protocol,synthetic-demo-contract-v1,True,5.064440052226813,5.217306210796643,5.3789281715134125,5.549711952899918,5.72020015677011,5.864832114727618,6.042546447642469,6.196507799374601
1700000002200000000,12200000000,441,440,440,0,0,,,,0,fist,hold,200.0,dev-0123456789abcdef0123456789abcdef,synthetic-1-fist,29,protocol,synthetic-demo-contract-v1,True,-4.5559228380755386,-4.645077653429975,-4.723796512786001,-4.792711867893939,-4.864342148264503,-4.959283225073436,-5.0230733794432,-5.1083800124851635
1700000002205000000,12205000000,442,441,441,0,0,,,,0,fist,hold,200.0,dev-0123456789abcdef0123456789abcdef,synthetic-1-fist,29,protocol,synthetic-demo-contract-v1,True,5.0216954303885,5.170630459186416,5.3314854405271515,5.502697826517654,5.668838951188307,5.814395621976912,5.988952438459226,6.144365445784848
1700000002210000000,12210000000,443,442,442,0,0,,,,0,fist,hold,200.0,dev-0123456789abcdef0123456789abcdef,synthetic-1-fist,29,protocol,synthetic-demo-contract-v1,True,-4.602537507945161,-4.695369605838254,-4.77502294615793,-4.843857606329854,-4.920035053670487,-5.013913361791434,-5.081146476246238,-5.1650284835122555
1700000002215000000,12215000000,444,443,443,0,0,,,,0,fist,hold,200.0,dev-0123456789abcdef0123456789abcdef,synthetic-1-fist,29,protocol,synthetic-demo-contract-v1,True,4.971561683120546,5.117134970545124,5.276895656325183,5.447839440970809,5.609274300999257,5.756024297373381,5.926876964339415,6.083683197113772
1700000002220000000,12220000000,445,444,444,0,0,,,,0,fist,hold,200.0,dev-0123456789abcdef0123456789abcdef,synthetic-1-fist,29,protocol,synthetic-demo-contract-v1,True,-4.655809130351731,-4.751631746906963,-4.832528891249183,-4.901978954406819,-4.982979517741764,-5.075542376513961,-5.146714718207348,-5.229238894460482
1700000002225000000,12225000000,446,445,445,0,0,,,,0,fist,hold,200.0,dev-0123456789abcdef0123456789abcdef,synthetic-1-fist,29,protocol,synthetic-demo-contract-v1,True,4.915561140283628,5.058563748797139,5.216943930503535,5.386931854495297,5.5434698670608835,5.691648129013921,5.85835427252044,6.016479316349132
1700000002230000000,12230000000,447,446,446,0,0,,,,0,fist,hold,200.0,dev-0123456789abcdef0123456789abcdef,synthetic-1-fist,29,protocol,synthetic-demo-contract-v1,True,-4.714104632276836,-4.812037458073617,-4.894436656092086,-4.965172919913478,-5.0511004576913425,-5.1421323505200185,-5.217629260341339,-5.298876913795516
1700000002235000000,12235000000,448,447,447,0,0,,,,0,fist,hold,200.0,dev-0123456789abcdef0123456789abcdef,synthetic-1-fist,29,protocol,synthetic-demo-contract-v1,True,4.855426644603503,4.996811381994417,5.1535852516583365,5.321970407934923,5.473595016452364,5.6233960924012045,5.785630134390559,5.944986487106651
1700000002240000000,12240000000,449,448,448,0,0,,,,0,fist,hold,200.0,dev-0123456789abcdef0123456789abcdef,synthetic-1-fist,29,protocol,synthetic-demo-contract-v1,True,-4.775603398904866,-4.874639260789873,-4.958729836387644,-5.031368166359417,-5.122152138457246,-5.211480880804532,-5.291565873893841,-5.371630032849613
1700000002245000000,12245000000,450,449,449,0,0,,,,0,fist,hold,200.0,dev-0123456789abcdef0123456789abcdef,synthetic-1-fist,29,protocol,synthetic-demo-contract-v1,True,4.793053613151809,4.933862842014994,5.088881089573633,5.255085446593843,5.401953305203287,5.553525779245905,5.71108812140966,5.871577858970794
1700000002250000000,12250000000,451,450,450,0,0,,,,0,fist,hold,200.0,dev-0123456789abcdef0123456789abcdef,synthetic-1-fist,29,protocol,synthetic-demo-contract-v1,True,-4.838349087939298,-4.937430288741022,-5.023318585078603,-5.098392821213879,-5.19379220758769,-5.281293884290897,-5.3661012475968395,-5.4450841434885895
1700000002255000000,12255000000,452,451,451,0,0,,,,0,fist,hold,200.0,dev-0123456789abcdef0123456789abcdef,synthetic-1-fist,29,protocol,synthetic-demo-contract-v1,True,4.7304446076294235,4.8717312054201205,5.024932776041992,5.1884725371408935,5.330906537231388,5.4843487628888,5.637171354927794,5.798688481002591
1700000002260000000,12260000000,453,452,452,0,0,,,,0,fist,hold,200.0,dev-0123456789abcdef0123456789abcdef,synthetic-1-fist,29,protocol,synthetic-demo-contract-v1,True,-4.900308360998114,-4.9984069089635,-5.086107047516042,-5.164045662018719,-5.263658915300482,-5.3492614449319715,-5.438792542473895,-5.516803442874096
1700000002265000000,12265000000,454,453,453,0,0,,,,0,fist,hold,200.0,dev-0123456789abcdef0123456789abcdef,synthetic-1-fist,29,protocol,synthetic-demo-contract-v1,True,4.66964766868268,4.812395152195909,4.963813792591768,5.124320462246574,5.262796903028942,5.418154166599116,5.566302301800529,5.7287347202534695
1700000002270000000,12270000000,455,454,454,0,0,,,,0,fist,hold,200.0,dev-0123456789abcdef0123456789abcdef,synthetic-1-fist,29,protocol,synthetic-demo-contract-v1,True,-4.959435063163732,-5.055630647475806,-5.145060810923139,-5.22616835008646,-5.329448974011916,-5.413134197206193,-5.507257585415865,-5.584411024608187
1700000002275000000,12275000000,456,455,455,0,0,,,,0,fist,hold,200.0,dev-0123456789abcdef0123456789abcdef,synthetic-1-fist,29,protocol,synthetic-demo-contract-v1,True,4.612690094279486,4.7577380626312,4.90750312056047,5.064739351770047,5.199869764942683,5.357132960736672,5.500803251912312,5.664034328029846
1700000002280000000,12280000000,457,456,456,0,0,,,,0,fist,hold,200.0,dev-0123456789abcdef0123456789abcdef,synthetic-1-fist,29,protocol,synthetic-demo-contract-v1,True,-5.013737966228273,-5.107287634580816,-5.198272225425503,-5.282716343768931,-5.388993490549242,-5.470797721432376,-5.569253065807756,-5.6456674935066165
1700000002285000000,12285000000,458,457,457,0,0,,,,0,fist,hold,200.0,dev-0123456789abcdef0123456789abcdef,synthetic-1-fist,29,protocol,synthetic-demo-contract-v1,True,4.56150974019639,4.709490451036737,4.857821766839191,5.011691308284163,5.144199634575877,5.303305491048508,5.442820091215127,5.60672979464965
1700000002290000000,12290000000,459,458,458,0,0,,,,0,fist,hold,200.0,dev-0123456789abcdef0123456789abcdef,synthetic-1-fist,29,protocol,synthetic-demo-contract-v1,True,-5.061349819008271,-5.151743887423206,-5.244021529145107,-5.331826163092252,-5.4403294677982785,-5.520342491649607,-5.622748165249236,-5.6985450071097485
1700000002295000000,12295000000,460,459,459,0,0,,,,0,fist,hold,200.0,dev-0123456789abcdef0123456789abcdef,synthetic-1-fist,29,protocol,synthetic-demo-contract-v1,True,4.517886258703728,4.669177352874652,4.816374470955801,4.966925806426773,5.097621782606854,5.25845463397951,5.394251875412398,5.5587175242579185
1700000002300000000,12300000000,461,460,460,0,0,,,,0,fist,hold,200.0,dev-0123456789abcdef0123456789abcdef,synthetic-1-fist,29,protocol,synthetic-demo-contract-v1,True,-5.100595152222793,-5.187594888033759,-5.280831849015964,-5.371876793735714,-5.481764518599735,-5.560127063390532,-5.6659912007092075,-5.741294298620118
1700000002305000000,12305000000,462,461,461,0,0,,,,0,fist,hold,200.0,dev-0123456789abcdef0123456789abcdef,synthetic-1-fist,29,protocol,synthetic-demo-contract-v1,True,4.483374937655804,4.63807212392239,4.784498429659606,4.931921992421295,5.061671735635156,5.224066789314546,5.356688518539537,5.521585168538651
1700000002310000000,12310000000,463,462,462,0,0,,,,0,fist,hold,200.0,dev-0123456789abcdef0123456789abcdef,synthetic-1-fist,29,protocol,synthetic-demo-contract-v1,True,-5.130054096085383,-5.213708089113458,-5.3075163474450155,-5.401543207218802,-5.511932658478815,-5.58883241168557,-5.697567091339812,-5.772502468239471
1700000002315000000,12315000000,464,463,463,0,0,,,,0,fist,hold,200.0,dev-0123456789abcdef0123456789abcdef,synthetic-1-fist,29,protocol,synthetic-demo-contract-v1,True,4.45924592849271,4.617157921215431,4.763220649340914,4.907839786998148,5.037534654655686,5.201282661855848,5.331358643697069,5.496559188245347
1700000002320000000,12320000000,465,464,464,0,0,,,,0,fist,hold,200.0,dev-0123456789abcdef0123456789abcdef,synthetic-1-fist,29,protocol,synthetic-demo-contract-v1,True,-5.148619410876137,-5.229257182340497,-5.323216036337766,-5.419840229697399,-5.529839337895664,-5.605505621716293,-5.716443761079215,-5.791139635189662
1700000002325000000,12325000000,466,465,465,0,0,,,,0,fist,hold,200.0,dev-0123456789abcdef0123456789abcdef,synthetic-1-fist,29,protocol,synthetic-demo-contract-v1,True,4.4464316367854435,4.607097920526267,4.753225261639359,4.895481409053004,5.026006263994761,5.190859460706296,5.319089308869546,5.484464373290779
1700000002330000000,12330000000,467,466,466,0,0,,,,0,fist,hold,200.0,dev-0123456789abcdef0123456789abcdef,synthetic-1-fist,29,protocol,synthetic-demo-contract-v1,True,-5.155544021594687,-5.233747190249722,-5.327427076417285,-5.426155305707083,-5.534894229443766,-5.609591486050142,-5.722005953156963,-5.796592910956006
1700000002335000000,12335000000,468,467,467,0,0,,,,0,fist,hold,200.0,dev-0123456789abcdef0123456789abcdef,synthetic-1-fist,29,protocol,synthetic-demo-contract-v1,True,4.445484880198715,4.6082150887516855,4.7548318220649985,4.895264597950114,5.027466618759293,5.19314576774104,5.320278930118657,5.485696656856574
1700000002340000000,12340000000,469,468,468,0,0,,,,0,fist,hold,200.0,dev-0123456789abcdef0123456789abcdef,synthetic-1-fist,29,protocol,synthetic-demo-contract-v1,True,-5.150476595129719,-5.227029688093508,-5.320016711969567,-5.420269065347755,-5.526930689104517,-5.600950961733557,-5.714075346699637,-5.78868657332751
1700000002345000000,12345000000,470,469,469,0,0,,,,0,fist,hold,200.0,dev-0123456789abcdef0123456789abcdef,synthetic-1-fist,29,protocol,synthetic-demo-contract-v1,True,4.456550093534446,4.6204820763793215,4.767985265142623,4.907208430445445,5.041867575604515,5.208069908451053,5.334884290330598,5.500210119657626
1700000002350000000,12350000000,471,470,470,0,0,,,,0,fist,hold,200.0,dev-0123456789abcdef0123456789abcdef,synthetic-1-fist,29,protocol,synthetic-demo-contract-v1,True,-5.133483099390214,-5.209307722010956,-5.301227348905774,-5.40236300199771,-5.50621124998111,-5.579865874512934,-5.692916316187831,-5.767687776790026
1700000002355000000,12355000000,472,471,471,0,0,,,,0,fist,hold,200.0,dev-0123456789abcdef0123456789abcdef,synthetic-1-fist,29,protocol,synthetic-demo-contract-v1,True,4.479349387162038,4.64352152969275,4.792257823133962,4.930932216207149,5.068734379870009,5.235142212346183,5.3624220584141815,5.527518611630011
1700000002360000000,12360000000,473,472,472,0,0,,,,0,fist,hold,200.0,dev-0123456789abcdef0123456789abcdef,synthetic-1-fist,29,protocol,synthetic-demo-contract-v1,True,-5.105052824755857,-5.181130259810097,-5.271668656379565,-5.373013989675315,-5.473418967400416,-5.54702971176296,-5.659227146709516,-5.734297612701695
1700000002365000000,12365000000,474,473,473,0,0,,,,0,fist,hold,200.0,dev-0123456789abcdef0123456789abcdef,synthetic-1-fist,29,protocol,synthetic-demo-contract-v1,True,4.513184662749585,4.676616849070142,4.826862839999034,4.965667527304408,5.1071813167610705,5.273471091239426,5.4019847666349845,5.5667119353826715
1700000002370000000,12370000000,475,474,474,0,0,,,,0,fist,hold,200.0,dev-0123456789abcdef0123456789abcdef,synthetic-1-fist,29,protocol,synthetic-demo-contract-v1,True,-5.066088004799227,-5.14337628613905,-5.232297947771578,-5.333175800835139,-5.429634900707894,-5.503524805327165,-5.614116996248824,-5.689627816669862
1700000002375000000,12375000000,476,475,475,0,0,,,,0,fist,hold,200.0,dev-0123456789abcdef0123456789abcdef,synthetic-1-fist,29,protocol,synthetic-demo-contract-v1,True,4.556956287781772,4.7187331432799375,4.870680039367425,5.010282985847987,5.155940910604786,5.321792407152507,5.452270718337148,5.61648605470446
1700000002380000000,12380000000,477,476,476,0,0,,,,0,fist,hold,200.0,dev-0123456789abcdef0123456789abcdef,synthetic-1-fist,29,protocol,synthetic-demo-contract-v1,True,-5.017876912159651,-5.097228930033068,-5.18438946421865,-5.284148212549132,-5.376302474110553,-5.450786655235357,-5.5590693649034435,-5.635163894678291
1700000002385000000,12385000000,478,477,477,0,0,,,,0,fist,hold,200.0,dev-0123456789abcdef0123456789abcdef,synthetic-1-fist,29,protocol,synthetic-demo-contract-v1,True,4.609198065074166,4.768547854968422,4.922291446248589,5.063321014339971,5.213405709572339,5.37851116236667,5.511626840292988,5.675186328127972
1700000002390000000,12390000000,479,478,478,0,0,,,,0,fist,hold,200.0,dev-0123456789abcdef0123456789abcdef,synthetic-1-fist,29,protocol,synthetic-demo-contract-v1,True,-4.96205108627409,-5.0441402847220305,-5.129493531847221,-5.227534697655424,-5.315179891479903,-5.390556570300086,-5.495893274517048,-5.572715888133101
1700000002395000000,12395000000,480,479,479,0,0,,,,0,fist,hold,200.0,dev-0123456789abcdef0123456789abcdef,synthetic-1-fist,29,protocol,synthetic-demo-contract-v1,True,4.66812744838641,4.82449026480631,4.980026827941241,5.123045359021417,5.277681278355486,5.441754136801928,5.57810306840193,5.740862337312301
1700000002400000000,12400000000,481,480,480,0,0,,,,0,fist,hold,200.0,dev-0123456789abcdef0123456789abcdef,synthetic-1-fist,29,protocol,synthetic-demo-contract-v1,True,-4.900528127514074,-4.985787841729093,-5.069386881875545,-5.165190074107798,-5.248282173850504,-5.324824187866261,-5.426663766150428,-5.50435840629745
1700000002405000000,12405000000,482,481,481,0,0,,,,0,fist,hold,200.0,dev-0123456789abcdef0123456789abcdef,synthetic-1-fist,29,protocol,synthetic-demo-contract-v1,True,4.731709196281275,4.884788826662981,5.042017220291443,5.187497840588485,5.346648651793852,5.509431735902555,5.649516476433206,5.811332497019029
1700000002410000000,12410000000,483,482,482,0,0,,,,0,fist,hold,200.0,dev-0123456789abcdef0123456789abcdef,synthetic-1-fist,29,protocol,synthetic-demo-contract-v1,True,-4.835442220843766,-4.924023707823033,-5.006015701072408,-5.099159817997603,-5.177814730457138,-5.255761769729546,-5.353653673808609,-5.432361909092116
1700000002415000000,12415000000,484,483,483,0,0,,,,0,fist,hold,200.0,dev-0123456789abcdef0123456789abcdef,synthetic-1-fist,29,protocol,synthetic-demo-contract-v1,True,4.797729969376671,4.9475250497799,5.106254850250996,5.254562480844126,5.418034190551606,5.579307007501197,5.72352303743851,5.88425631036059
1700000002420000000,12420000000,485,484,484,0,0,,,,0,fist,hold,200.0,dev-0123456789abcdef0123456789abcdef,synthetic-1-fist,29,protocol,synthetic-demo-contract-v1,True,-4.769065186892874,-4.860817998037251,-4.941433210165544,-5.031613022546394,-5.106100653266443,-5.1856524433845905,-5.2792589193473525,-5.3591175122507675
1700000002425000000,12425000000,486,485,485,0,0,,,,0,fist,hold,200.0,dev-0123456789abcdef0123456789abcdef,synthetic-1-fist,29,protocol,synthetic-demo-contract-v1,True,4.86388080352381,5.010692432658887,5.170657562457196,5.322034908309183,5.489484535919585,5.649069548803368,5.7976946568765255,5.957211880461882
1700000002430000000,12430000000,487,486,486,0,0,,,,0,fist,hold,200.0,dev-0123456789abcdef0123456789abcdef,synthetic-1-fist,29,protocol,synthetic-demo-contract-v1,True,-4.703721359733348,-4.798197994156665,-4.877733742564572,-4.964771197575985,-5.035504131875688,-5.116814758313004,-5.205919786081626,-5.287057800795509
1700000002435000000,12435000000,488,487,487,0,0,,,,0,fist,hold,200.0,dev-0123456789abcdef0123456789abcdef,synthetic-1-fist,29,protocol,synthetic-demo-contract-v1,True,4.927843969269956,5.072258773945893,5.23313571261607,5.387694768723115,5.558644192716683,5.716411862529652,5.8695989436270635,6.0277761160299566
1700000002440000000,12440000000,489,488,488,0,0,,,,0,fist,hold,200.0,dev-0123456789abcdef0123456789abcdef,synthetic-1-fist,29,protocol,synthetic-demo-contract-v1,True,-4.6416999267982,-4.738184819071805,-4.816985409716252,-4.900835244447947,-4.968352513550749,-5.051526049335941,-5.136040760325583,-5.218576268677487
1700000002445000000,12445000000,490,489,489,0,0,,,,0,fist,hold,200.0,dev-0123456789abcdef0123456789abcdef,synthetic-1-fist,29,protocol,synthetic-demo-contract-v1,True,4.9873804833242525,5.130230044694226,5.291659408427935,5.449378763681465,5.623233182624063,5.779105639743715,5.936879095605628,6.093604979304971
1700000002450000000,12450000000,491,490,490,0,0,,,,0,fist,hold,200.0,dev-0123456789abcdef0123456789abcdef,synthetic-1-fist,29,protocol,synthetic-demo-contract-v1,True,-4.585168515448572,-4.682729496568932,-4.76116348885709,-4.8419130054615565,-4.906859577840958,-4.991947139081336,-5.0719115765864595,-5.155948047855339
1700000002455000000,12455000000,492,491,491,0,0,,,,0,fist,hold,200.0,dev-0123456789abcdef0123456789abcdef,synthetic-1-fist,29,protocol,synthetic-demo-contract-v1,True,5.040414486815847,5.182713910515842,5.344323962386424,5.505051915913376,5.6811222079638,5.835075448688318,5.997331273549926,6.152511123407143
1700000002460000000,12460000000,493,492,492,0,0,,,,0,fist,hold,200.0,dev-0123456789abcdef0123456789abcdef,synthetic-1-fist,29,protocol,synthetic-demo-contract-v1,True,-4.536091762464228,-4.6336503372198425,-4.71208665209953,-4.789949771944561,-4.853052555167529,-4.940050868012699,-5.015632061898047,-5.101254547560631
1700000002465000000,12465000000,494,493,493,0,0,,,,0,fist,hold,200.0,dev-0123456789abcdef0123456789abcdef,synthetic-1-fist,29,protocol,synthetic-demo-contract-v1,True,5.0851108519805885,5.2279809471968886,5.389411470794678,5.552874713875375,5.730402848006444,5.882467394007343,6.048976919827013,6.2025363522486865
1700000002470000000,12470000000,495,494,494,0,0,,,,0,fist,hold,200.0,dev-0123456789abcdef0123456789abcdef,synthetic-1-fist,29,protocol,synthetic-demo-contract-v1,True,-4.496158359371627,-4.592573608550947,-4.671358072894516,-4.746664042084868,-4.808705295355314,-4.897556814657309,-4.969043249152702,-5.056314495426604
1700000002475000000,12475000000,496,495,495,0,0,,,,0,fist,hold,200.0,dev-0123456789abcdef0123456789abcdef,synthetic-1-fist,29,protocol,synthetic-demo-contract-v1,True,5.119942715163318,5.264521604356765,5.425446548565644,5.591263919811636,5.769450473654057,5.919710476257893,6.090127646046495,6.242016507104568
1700000002480000000,12480000000,497,496,496,0,0,,,,0,fist,hold,200.0,dev-0123456789abcdef0123456789abcdef,synthetic-1-fist,29,protocol,synthetic-demo-contract-v1,True,-4.466719642467479,-4.560879407223093,-4.64031329915742,-4.713490650831288,-4.775279789333048,-4.865874364793648,-4.933667022424324,-5.02262366079266
1700000002485000000,12485000000,498,497,497,0,0,,,,0,fist,hold,200.0,dev-0123456789abcdef0123456789abcdef,synthetic-1-fist,29,protocol,synthetic-demo-contract-v1,True,5.143746139429246,5.291097042349315,5.451244426622897,5.61894503004662,5.7969778063977335,5.945568622163961,6.119440558351568,6.2696366339915075
1700000002490000000,12490000000,499,498,498,0,0,,,,0,fist,hold,200.0,dev-0123456789abcdef0123456789abcdef,synthetic-1-fist,29,protocol,synthetic-demo-contract-v1,True,-4.448742217351286,-4.539654549658514,-4.619976575874469,-4.691533155327249,-4.753877971849347,-4.846056013126974,-4.910656275993317,-5.001305253816713
1700000002495000000,12495000000,500,499,499,0,0,,,,0,fist,hold,200.0,dev-0123456789abcdef0123456789abcdef,synthetic-1-fist,29,protocol,synthetic-demo-contract-v1,True,5.155759753926623,5.306782099836943,5.465949852908841,5.634994647457959,5.812077355877661,5.959181663704521,6.135962204413268,6.284474606939584
1700000002500000000,12500000000,501,500,500,0,0,,,,0,fist,hold,200.0,dev-0123456789abcdef0123456789abcdef,synthetic-1-fist,29,protocol,synthetic-demo-contract-v1,True,-4.4427764089270125,-4.529654134383422,-4.611027039812512,-4.681527058040913,-4.745205394118693,-4.838762443471369,-4.900757222360963,-4.993072641491137
1700000002505000000,12505000000,502,501,501,0,0,,,,0,fist,hold,200.0,dev-0123456789abcdef0123456789abcdef,synthetic-1-fist,29,protocol,synthetic-demo-contract-v1,True,5.155647960407344,5.310998843290847,5.469065522283206,5.638871355046302,5.814251337011718,5.9600939087200935,6.139159700986806,6.286031763464374
1700000002510000000,12510000000,503,502,502,0,0,,,,0,fist,hold,200.0,dev-0123456789abcdef0123456789abcdef,synthetic-1-fist,29,protocol,synthetic-demo-contract-v1,True,-4.448941551360105,-4.531273205452849,-4.61377590271139,-4.683815095798972,-4.749547963997054,-4.844240544797875,-4.904285084391438,-4.998205614899284
1700000002515000000,12515000000,504,503,503,0,0,,,,0,fist,hold,200.0,dev-0123456789abcdef0123456789abcdef,synthetic-1-fist,29,protocol,synthetic-demo-contract-v1,True,5.143507095381883,5.303539402772169,5.460469086514184,5.63043405557248,5.803428080418058,5.9482693552357935,6.128938023051302,6.274249537478402
1700000002520000000,12520000000,505,504,504,0,0,,,,0,fist,hold,200.0,dev-0123456789abcdef0123456789abcdef,synthetic-1-fist,29,protocol,synthetic-demo-contract-v1,True,-4.4669283246347185,-4.544529665215869,-4.628155396196325,-4.698335427855557,-4.766762520491026,-4.8623150935242885,-4.921113966027701,-5.01654099449268
1700000002525000000,12525000000,506,505,505,0,0,,,,0,fist,hold,200.0,dev-0123456789abcdef0123456789abcdef,synthetic-1-fist,29,protocol,synthetic-demo-contract-v1,True,5.119854742167265,5.284577105953869,5.440418153330969,5.609947153094427,5.779964395131251,5.924093042622838,6.105642891139316,6.249511537363124
1700000002530000000,12530000000,507,506,506,0,0,,,,0,fist,hold,200.0,dev-0123456789abcdef0123456789abcdef,synthetic-1-fist,29,protocol,synthetic-demo-contract-v1,True,-4.496017552266571,-4.569059252405419,-4.653719881980075,-4.724623132849208,-4.796281553329555,-4.892394381203855,-4.950681229308282,-5.047477886585114
1700000002535000000,12535000000,508,507,507,0,0,,,,0,fist,hold,200.0,dev-0123456789abcdef0123456789abcdef,synthetic-1-fist,29,protocol,synthetic-demo-contract-v1,True,5.0856031542438,5.254665277145132,5.409543062245871,5.57807238445525,5.74463380572055,5.888358490501942,6.070049167465534,6.212630997692218
1700000002540000000,12540000000,509,508,508,0,0,,,,0,fist,hold,200.0,dev-0123456789abcdef0123456789abcdef,synthetic-1-fist,29,protocol,synthetic-demo-contract-v1,True,-4.535114143159281,-4.604123026652717,-4.689659146028651,-4.761824986895315,-4.837131912008697,-4.933489606211707,-4.99200622803529,-5.089997420279902
1700000002545000000,12545000000,510,509,509,0,0,,,,0,fist,hold,200.0,dev-0123456789abcdef0123456789abcdef,synthetic-1-fist,29,protocol,synthetic-demo-contract-v1,True,5.042018437416036,5.214723460308226,5.368827612927614,5.535847548163222,5.698601051595879,5.842241635818133,6.023335148277066,6.16482401628524
1700000002550000000,12550000000,511,510,510,0,0,,,,0,fist,hold,200.0,dev-0123456789abcdef0123456789abcdef,synthetic-1-fist,29,protocol,synthetic-demo-contract-v1,True,-4.582794228979462,-4.648627393968267,-4.73482350713447,-4.808727057509924,-4.887966887530484,-4.984247393335292,-5.0437227761270425,-5.142696315645743
1700000002555000000,12555000000,512,511,511,0,0,,,,0,fist,hold,200.0,dev-0123456789abcdef0123456789abcdef,synthetic-1-fist,29,protocol,synthetic-demo-contract-v1,True,4.990667707500325,5.16601124267753,5.31957830725351,5.484652810207406,5.643383689179883,5.787262124613683,5.967043603773416,6.107669457927761
1700000002560000000,12560000000,513,512,512,0,0,,,,0,fist,hold,200.0,dev-0123456789abcdef0123456789abcdef,synthetic-1-fist,29,protocol,synthetic-demo-contract-v1,True,-4.637363048321779,-4.7011562825460596,-4.787759990914822,-4.863794224976468,-4.947110609200986,-5.0429943713641725,-5.104124276979537,-5.203833176927292
1700000002565000000,12565000000,514,513,513,0,0,,,,0,fist,hold,200.0,dev-0123456789abcdef0123456789abcdef,synthetic-1-fist,29,protocol,synthetic-demo-contract-v1,True,4.933356865783457,5.110090284646357,5.263383036664856,5.426165676918345,5.580802062802803,5.725233232960685,5.903030852712784,6.043056846715884
1700000002570000000,12570000000,515,514,514,0,0,,,,0,fist,hold,200.0,dev-0123456789abcdef0123456789abcdef,synthetic-1-fist,29,protocol,synthetic-demo-contract-v1,True,-4.6969207821039065,-4.760014649182013,-4.846758461645295,-4.925220348120923,-5.012613292863529,-5.10779234017509,-5.171220023925511,-5.271385984006916
1700000002575000000,12575000000,516,515,515,0,0,,,,0,fist,hold,200.0,dev-0123456789abcdef0123456789abcdef,synthetic-1-fist,29,protocol,synthetic-demo-contract-v1,True,4.872061899925226,5.048775586673017,5.202060490284551,5.362306100435932,5.51291929362378,5.658202067479492,5.833405552093234,5.973123966021647
1700000002580000000,12580000000,517,516,516,0,0,,,,0,fist,hold,200.0,dev-0123456789abcdef0123456789abcdef,synthetic-1-fist,29,protocol,synthetic-demo-contract-v1,True,-4.759433361902125,-4.8232820795695375,-4.909906278065309,-4.9909874383207455,-5.082315519204996,-5.176502208590719,-5.242800814812279,-5.343118885110901
1700000002585000000,12585000000,518,517,517,0,0,,,,0,fist,hold,200.0,dev-0123456789abcdef0123456789abcdef,synthetic-1-fist,29,protocol,synthetic-demo-contract-v1,True,4.80885671811954,4.98407742880381,5.137601865296335,5.2951735102354345,5.4419732649568555,5.58838201743922,5.760459220135763,5.900186225420721
1700000002590000000,12590000000,519,518,518,0,0,,,,0,fist,hold,200.0,dev-0123456789abcdef0123456789abcdef,synthetic-1-fist,29,protocol,synthetic-demo-contract-v1,True,-4.822805253897785,-4.88887485719664,-4.975149756013795,-5.058931905669271,-5.153919423079826,-5.246854594031733,-5.316511717893018,-5.416656086102965
1700000002595000000,12595000000,520,519,519,0,0,,,,0,fist,hold,200.0,dev-0123456789abcdef0123456789abcdef,synthetic-1-fist,29,protocol,synthetic-demo-contract-v1,True,4.745840465069023,4.9181357865603434,5.072106719235326,5.226977833574887,5.370302846233418,5.518079686979346,5.686590782092632,5.826660126333588
1700000002600000000,12600000000,521,520,520,0,0,,,,0,fist,hold,200.0,dev-0123456789abcdef0123456789abcdef,synthetic-1-fist,29,protocol,synthetic-demo-contract-v1,True,-4.884951354632178,-4.954614531796852,-5.040360489917703,-5.126815704553873,-5.2250644469615715,-5.316524754281177,-5.389929591693271,-5.489560396793498
1700000002605000000,12605000000,522,521,521,0,0,,,,0,fist,hold,200.0,dev-0123456789abcdef0123456789abcdef,synthetic-1-fist,29,protocol,synthetic-demo-contract-v1,True,4.6850670656916575,4.853149342484025,5.007715005374025,5.1599667696518905,5.300270787767146,5.44961871901947,5.6142276242440605,5.754983353605599
1700000002610000000,12610000000,523,522,522,0,0,,,,0,fist,hold,200.0,dev-0123456789abcdef0123456789abcdef,synthetic-1-fist,29,protocol,synthetic-demo-contract-v1,True,-4.9438654003537,-5.018300734649444,-5.103404414690925,-5.19240004042531,-5.293405161166862,-5.38320937784388,-5.460642805978297,-5.5594138402783235
1700000002615000000,12615000000,524,523,523,0,0,,,,0,fist,hold,200.0,dev-0123456789abcdef0123456789abcdef,synthetic-1-fist,29,protocol,synthetic-demo-contract-v1,True,4.628479420959565,4.79130146097112,4.946537470248813,5.096351709888485,5.234185828240698,5.385263025874088,5.54574575540142,5.687534132326517
1700000002620000000,12620000000,525,524,524,0,0,,,,0,fist,hold,200.0,dev-0123456789abcdef0123456789abcdef,synthetic-1-fist,29,protocol,synthetic-demo-contract-v1,True,-4.997682661471538,-5.077785778148264,-5.162211385631702,-5.253519210850594,-5.356688585361531,-5.44470269718129,-5.526330539506943,-5.62389766251469
1700000002625000000,12625000000,526,525,525,0,0,,,,0,fist,hold,200.0,dev-0123456789abcdef0123456789abcdef,synthetic-1-fist,29,protocol,synthetic-demo-contract-v1,True,4.57785027058297,4.734685662617505,4.8905866614228755,5.038234745727186,5.174226582787511,5.327141962023489,5.4833917035764905,5.626552514154686
1700000002630000000,12630000000,527,526,526,0,0,,,,0,fist,hold,200.0,dev-0123456789abcdef0123456789abcdef,synthetic-1-fist,29,protocol,synthetic-demo-contract-v1,True,-5.044735134657342,-5.131048452226259,-5.214843020530541,-5.308152145145694,-5.412828462299841,-5.498969410610776,-5.584839045242583,-5.680869098429154
1700000002635000000,12635000000,528,527,527,0,0,,,,0,fist,hold,200.0,dev-0123456789abcdef0123456789abcdef,synthetic-1-fist,29,protocol,synthetic-demo-contract-v1,True,4.534731273685029,4.685233213307916,4.841710790805716,4.987539173832585,5.1223697208414425,5.277179911212738,5.429208717295154,5.57406619442675
1700000002640000000,12640000000,529,528,528,0,0,,,,0,fist,hold,200.0,dev-0123456789abcdef0123456789abcdef,synthetic-1-fist,29,protocol,synthetic-demo-contract-v1,True,-5.083597922438492,-5.176264398654034,-5.25955658731993,-5.354489278441508,-5.459974035223164,-5.544212003190917,-5.634252374583002,-5.72843235721679
1700000002645000000,12645000000,530,529,529,0,0,,,,0,fist,hold,200.0,dev-0123456789abcdef0123456789abcdef,synthetic-1-fist,29,protocol,synthetic-demo-contract-v1,True,4.5004113762133064,4.644645426237994,4.801532623485285,4.945945797515221,5.080324801506682,5.237032615123233,5.384969698271147,5.531823312464152
1700000002650000000,12650000000,531,530,530,0,0,,,,0,fist,hold,200.0,dev-0123456789abcdef0123456789abcdef,synthetic-1-fist,29,protocol,synthetic-demo-contract-v1,True,-5.113125969322518,-5.21187051057505,-5.294862831815517,-5.390992545759673,-5.496571061541639,-5.578930241043703,-5.672955235620989,-5.765001479638518
1700000002655000000,12655000000,532,531,531,0,0,,,,0,fist,hold,200.0,dev-0123456789abcdef0123456789abcdef,synthetic-1-fist,29,protocol,synthetic-demo-contract-v1,True,4.475885065651105,4.614333159236392,4.771395415637795,4.914837136021341,5.049477914722653,5.208032349047168,5.352119069538039,5.501234457630671
1700000002660000000,12660000000,533,532,532,0,0,,,,0,fist,hold,200.0,dev-0123456789abcdef0123456789abcdef,synthetic-1-fist,29,protocol,synthetic-demo-contract-v1,True,-5.132480773486945,-5.2366209695999295,-5.319575820691328,-5.416446504791095,-5.521413051367889,-5.601970871234837,-5.699685920389794,-5.78935298779362
1700000002665000000,12665000000,534,533,533,0,0,,,,0,fist,hold,200.0,dev-0123456789abcdef0123456789abcdef,synthetic-1-fist,29,protocol,synthetic-demo-contract-v1,True,4.461830688198001,4.595365776517555,4.752317711539946,4.895251396078347,5.030845986199058,5.191143758594467,5.331725488020856,5.483325800420918
1700000002670000000,12670000000,535,534,534,0,0,,,,0,fist,hold,200.0,dev-0123456789abcdef0123456789abcdef,synthetic-1-fist,29,protocol,synthetic-demo-contract-v1,True,-5.141147088318435,-5.249632792909563,-5.332853119788784,-5.429998885371343,-5.533681041728073,-5.6125658820596005,-5.71357756389817,-5.800666584219227
1700000002675000000,12675000000,536,535,535,0,0,,,,0,fist,hold,200.0,dev-0123456789abcdef0123456789abcdef,synthetic-1-fist,29,protocol,synthetic-demo-contract-v1,True,4.458598643070299,4.588431538882996,4.744958535131511,4.887847741094725,5.025043252544916,5.186931820074134,5.324446952654759,5.478704901162003
1700000002680000000,12680000000,537,536,536,0,0,,,,0,fist,hold,200.0,dev-0123456789abcdef0123456789abcdef,synthetic-1-fist,29,protocol,synthetic-demo-contract-v1,True,-5.138939950307567,-5.2504191105029845,-5.334224930003932,-5.431189209721773,-5.5329705952184725,-5.610358055729322,-5.714186382699441,-5.798552551161107
1700000002685000000,12685000000,538,537,537,0,0,,,,0,fist,hold,200.0,dev-0123456789abcdef0123456789abcdef,synthetic-1-fist,29,protocol,synthetic-demo-contract-v1,True,4.46620898714812,4.593810999029717,4.74959418415537,4.892884023087921,5.0322610118020945,5.195542987399382,5.3305094503334916,5.487540330877122
1700000002690000000,12690000000,539,538,538,0,0,,,,0,fist,hold,200.0,dev-0123456789abcdef0123456789abcdef,synthetic-1-fist,29,protocol,synthetic-demo-contract-v1,True,-5.1260026090091335,-5.238908816393295,-5.323611153178836,-5.419964519063952,-5.519305133046098,-5.595412964588405,-5.701505970071151,-5.783064939481618
1700000002695000000,12695000000,540,539,539,0,0,,,,0,fist,hold,200.0,dev-0123456789abcdef0123456789abcdef,synthetic-1-fist,29,protocol,synthetic-demo-contract-v1,True,4.4843577865610085,4.6113645224477,4.766107464680816,4.910207732877885,5.052261316945127,5.216700153351555,5.349699835677014,5.509555783273578
1700000002700000000,12700000000,541,540,540,0,0,,,,0,fist,hold,200.0,dev-0123456789abcdef0123456789abcdef,synthetic-1-fist,29,protocol,synthetic-demo-contract-v1,True,-5.10279608953915,-5.215451722044515,-5.301325747778218,-5.396681666378741,-5.49313516290449,-5.568217009290941,-5.675967184450627,-5.75470010545765
1700000002705000000,12705000000,542,541,541,0,0,,,,0,fist,hold,200.0,dev-0123456789abcdef0123456789abcdef,synthetic-1-fist,29,protocol,synthetic-demo-contract-v1,True,4.512431437230535,4.640534546138935,4.793989802395588,4.939260488786253,5.084384820252987,5.249711597150939,5.381373171558447,5.544038878703234
1700000002710000000,12710000000,543,542,542,0,0,,,,0,fist,hold,200.0,dev-0123456789abcdef0123456789abcdef,synthetic-1-fist,29,protocol,synthetic-demo-contract-v1,True,-5.0700811950670355,-5.180808867488303,-5.26806814641044,-5.362096077922814,-5.455323427139275,-5.529661558072383,-5.638423642428958,-5.7143806372130435
1700000002715000000,12715000000,544,543,543,0,0,,,,0,fist,hold,200.0,dev-0123456789abcdef0123456789abcdef,synthetic-1-fist,29,protocol,synthetic-demo-contract-v1,True,4.549528133563157,4.680362646470659,4.832356247238063,4.979095937353047,5.127572509948306,5.293493628565287,5.424474280983721,5.5898643760700715
1700000002720000000,12720000000,545,544,544,0,0,,,,0,fist,hold,200.0,dev-0123456789abcdef0123456789abcdef,synthetic-1-fist,29,protocol,synthetic-demo-contract-v1,True,-5.028893769560015,-5.136128194924716,-5.224901931192586,-5.3173373330365035,-5.40711646082212,-5.481013705162208,-5.590123301710319,-5.663425194777613
1700000002725000000,12725000000,546,545,545,0,0,,,,0,fist,hold,200.0,dev-0123456789abcdef0123456789abcdef,synthetic-1-fist,29,protocol,synthetic-demo-contract-v1,True,4.594485676993295,4.729520935141083,4.879972963342879,5.028410496168003,5.180400622514804,5.34660618647812,5.477572792967859,5.6455310330231665
1700000002730000000,12730000000,547,546,546,0,0,,,,0,fist,hold,200.0,dev-0123456789abcdef0123456789abcdef,synthetic-1-fist,29,protocol,synthetic-demo-contract-v1,True,-4.980514008394544,-5.082906339350418,-5.173221384714282,-5.263872348010774,-5.3501034973747945,-5.423874608349605,-5.532667077376739,-5.603505252858603
1700000002735000000,12735000000,548,547,547,0,0,,,,0,fist,hold,200.0,dev-0123456789abcdef0123456789abcdef,synthetic-1-fist,29,protocol,synthetic-demo-contract-v1,True,4.645914863382403,4.786356760682564,4.935296380865858,5.085585943480261,5.241127579742657,5.407300221871545,5.538910520913403,5.709210904067372
1700000002740000000,12740000000,549,548,548,0,0,,,,0,fist,hold,200.0,dev-0123456789abcdef0123456789abcdef,synthetic-1-fist,29,protocol,synthetic-demo-contract-v1,True,-4.926430548103653,-5.022937818570568,-5.114706939936836,-5.203457360879635,-5.286164076496775,-5.3601267761422005,-5.46795586147839,-5.536590168002601
1700000002745000000,12745000000,550,549,549,0,0,,,,0,fist,hold,200.0,dev-0123456789abcdef0123456789abcdef,synthetic-1-fist,29,protocol,synthetic-demo-contract-v1,True,4.702237748043816,4.848949184310705,4.996522793919648,5.148742465905931,5.307751403133701,5.473575305685719,5.606459606293793,5.778809455322156
1700000002750000000,12750000000,551,550,550,0,0,,,,0,fist,hold,200.0,dev-0123456789abcdef0123456789abcdef,synthetic-1-fist,29,protocol,synthetic-demo-contract-v1,True,-4.868300008815474,-4.958253389075893,-5.0512709281137695,-5.1380802863176065,-5.2174060815997585,-5.291872040291137,-5.398127697349113,-5.464882377639297
1700000002755000000,12755000000,552,551,551,0,0,,,,0,fist,hold,200.0,dev-0123456789abcdef0123456789abcdef,synthetic-1-fist,29,protocol,synthetic-demo-contract-v1,True,4.7617301376578025,4.915175244366548,5.061646832911278,5.215800427376859,5.3780757128924845,5.543245563867682,5.677989506532442,5.852034517125418
1700000002760000000,12760000000,553,552,552,0,0,,,,0,fist,hold,200.0,dev-0123456789abcdef0123456789abcdef,synthetic-1-fist,29,protocol,synthetic-demo-contract-v1,True,-4.807902624393422,-4.89104975447151,-4.984995356867153,-5.069895330951543,-5.146096249461686,-5.221362257621452,-5.325487183574683,-5.39074486479495
1700000002765000000,12765000000,554,553,553,0,0,,,,0,fist,hold,200.0,dev-0123456789abcdef0123456789abcdef,synthetic-1-fist,29,protocol,synthetic-demo-contract-v1,True,4.822567680770216,4.982783642206425,5.1285269323299305,5.284548831079404,5.449782135722158,5.614011766292947,5.751140615490256,5.9264718033192665
1700000002770000000,12770000000,555,554,554,0,0,,,,0,fist,hold,200.0,dev-0123456789abcdef0123456789abcdef,synthetic-1-fist,29,protocol,synthetic-demo-contract-v1,True,-4.747094592463334,-4.8236131516565015,-4.918063729272741,-5.001152018609783,-5.074585442980437,-5.150925025915537,-5.25242943757667,-5.316623278266781
1700000002775000000,12775000000,556,555,555,0,0,,,,0,fist,hold,200.0,dev-0123456789abcdef0123456789abcdef,synthetic-1-fist,29,protocol,synthetic-demo-contract-v1,True,4.882874909075511,5.049473190393014,5.194955667338542,5.352718221280857,5.5205067343658865,5.683537192251608,5.823502087481517,5.999664508527771
1700000002780000000,12780000000,557,556,556,0,0,,,,0,fist,hold,200.0,dev-0123456789abcdef0123456789abcdef,synthetic-1-fist,29,protocol,synthetic-demo-contract-v1,True,-4.68775782018648,-4.7582395822911945,-4.8526891292210905,-4.9341209636215195,-5.005231150551572,-5.08288686407952,-5.181361126936077,-5.244965275298541
1700000002785000000,12785000000,558,557,557,0,0,,,,0,fist,hold,200.0,dev-0123456789abcdef0123456789abcdef,synthetic-1-fist,29,protocol,synthetic-demo-contract-v1,True,4.9407765128748435,5.112973174001,5.258732653381774,5.418055621212903,5.58791793924996,5.749524769592526,5.892691298372367,6.069194359234526
1700000002790000000,12790000000,559,558,558,0,0,,,,0,fist,hold,200.0,dev-0123456789abcdef0123456789abcdef,synthetic-1-fist,29,protocol,synthetic-demo-contract-v1,True,-4.631747835596571,-4.697154592744988,-4.791040940479863,-4.871018841856903,-4.940319767024043,-5.0194963914916215,-5.1146211720232735,-5.178139746427902
1700000002795000000,12795000000,560,559,559,0,0,,,,0,fist,hold,200.0,dev-0123456789abcdef0123456789abcdef,synthetic-1-fist,29,protocol,synthetic-demo-contract-v1,True,4.994450015932992,5.17112269609135,5.317737599257667,5.478399031719835,5.649793413065318,5.809792941585614,5.956432324578051,6.1327614454798365
1700000002800000000,12800000000,561,560,560,0,0,,,,0,fist,hold,200.0,dev-0123456789abcdef0123456789abcdef,synthetic-1-fist,29,protocol,synthetic-demo-contract-v1,True,-4.580840774809116,-4.642435528661049,-4.735172631159967,-4.813935039910991,-4.881991218388553,-4.962850042466969,-5.054403733106653,-5.118358587112318
1700000002805000000,12805000000,562,561,561,0,0,,,,0,fist,hold,200.0,dev-0123456789abcdef0123456789abcdef,synthetic-1-fist,29,protocol,synthetic-demo-contract-v1,True,5.0421788549384186,5.221946112596236,5.370001080079289,5.531749025712109,5.70409331430174,5.862347756540684,6.012630854373653,6.188260199159519
1700000002810000000,12810000000,563,562,562,0,0,,,,0,fist,hold,200.0,dev-0123456789abcdef0123456789abcdef,synthetic-1-fist,29,protocol,synthetic-demo-contract-v1,True,-4.536680531313383,-4.59593909924776,-4.686953018619984,-4.764762411499739,-4.832168415087647,-4.914822769112583,-5.0026860185939395,-5.067603597797614
1700000002815000000,12815000000,564,563,563,0,0,,,,0,fist,hold,200.0,dev-0123456789abcdef0123456789abcdef,synthetic-1-fist,29,protocol,synthetic-demo-contract-v1,True,5.082404681408129,5.263721808821922,5.413770654000463,5.576335065418752,5.749027544464421,5.90544879888791,6.059443064732132,6.233849010950128
1700000002820000000,12820000000,565,564,564,0,0,,,,0,fist,hold,200.0,dev-0123456789abcdef0123456789abcdef,synthetic-1-fist,29,protocol,synthetic-demo-contract-v1,True,-4.500727347280462,-4.559236884998741,-4.648003331871476,-4.725134438287065,-4.792493859652006,-4.877006022189379,-4.961163290968632,-5.027560925986285
1700000002825000000,12825000000,566,565,565,0,0,,,,0,fist,hold,200.0,dev-0123456789abcdef0123456789abcdef,synthetic-1-fist,29,protocol,synthetic-demo-contract-v1,True,5.113777509459355,5.29504182355216,5.447570084473615,5.610674340124088,5.783114762041721,5.937666782726135,6.095336196958361,6.268011186673596
1700000002830000000,12830000000,567,566,566,0,0,,,,0,fist,hold,200.0,dev-0123456789abcdef0123456789abcdef,synthetic-1-fist,29,protocol,synthetic-demo-contract-v1,True,-4.474209315838569,-4.533561119032443,-4.619642211677491,-4.6963708842038345,-4.764275498511552,-4.850655060318007,-4.931193208624454,-4.999565216112841
1700000002835000000,12835000000,568,567,567,0,0,,,,0,fist,hold,200.0,dev-0123456789abcdef0123456789abcdef,synthetic-1-fist,29,protocol,synthetic-demo-contract-v1,True,5.135202155644798,5.314860176823338,5.470249644369948,5.63362116600946,5.805231217717559,5.957930903132393,6.119138839077337,6.289605228583847
1700000002840000000,12840000000,569,568,568,0,0,,,,0,fist,hold,200.0,dev-0123456789abcdef0123456789abcdef,synthetic-1-fist,29,protocol,synthetic-demo-contract-v1,True,-4.458078422168123,-4.5197626792235095,-4.6028405378975075,-4.679433754595856,-4.7484436030784485,-4.836647330832633,-4.9137513330562,-4.9845553137909615
1700000002845000000,12845000000,570,569,569,0,0,,,,0,fist,hold,200.0,dev-0123456789abcdef0123456789abcdef,synthetic-1-fist,29,protocol,synthetic-demo-contract-v1,True,5.145879282986567,5.322528189296074,5.4810257630745225,5.644405298962057,5.814647800883737,5.965564377772232,6.130079263178527,6.2979027782411485
1700000002850000000,12850000000,571,570,570,0,0,,,,0,fist,hold,200.0,dev-0123456789abcdef0123456789abcdef,synthetic-1-fist,29,protocol,synthetic-demo-contract-v1,True,-4.452972854151111,-4.518282762105987,-4.598187656944205,-4.674895033313578,-4.745520101598224,-4.835453300909309,-4.909399261937461,-4.983042990769869
1700000002855000000,12855000000,572,571,571,0,0,,,,0,fist,hold,200.0,dev-0123456789abcdef0123456789abcdef,synthetic-1-fist,29,protocol,synthetic-demo-contract-v1,True,5.145339295646343,5.317815576833446,5.479508623736849,5.642657875641935,5.811054076144087,5.960307000449338,6.127810560478592,6.292612963774591
1700000002860000000,12860000000,573,572,572,0,0,,,,0,fist,hold,200.0,dev-0123456789abcdef0123456789abcdef,synthetic-1-fist,29,protocol,synthetic-demo-contract-v1,True,-4.4591873363069405,-4.529139189488649,-4.605870209562374,-4.6829172832217125,-4.755601372802338,-4.847120707287058,-4.918266431686358,-4.995095728246322
1700000002865000000,12865000000,574,573,573,0,0,,,,0,fist,hold,200.0,dev-0123456789abcdef0123456789abcdef,synthetic-1-fist,29,protocol,synthetic-demo-contract-v1,True,5.133467355250734,5.300916642916383,5.465716714061101,5.628424105743373,5.794568517401893,5.942323956363532,6.112421752715585,6.273892342042943
1700000002870000000,12870000000,575,574,574,0,0,,,,0,fist,hold,200.0,dev-0123456789abcdef0123456789abcdef,synthetic-1-fist,29,protocol,synthetic-demo-contract-v1,True,-4.476653164479494,-4.551927746269112,-4.625664342647672,-4.703247771315866,-4.778355068601797,-4.8712727504827775,-4.940046181951111,-5.020334133145041
1700000002875000000,12875000000,576,575,575,0,0,,,,0,fist,hold,200.0,dev-0123456789abcdef0123456789abcdef,synthetic-1-fist,29,protocol,synthetic-demo-contract-v1,True,5.110517921057457,5.272441451755464,5.4400777673486225,5.6021622758176175,5.765734602144559,5.9122006018955044,6.084434521246316,6.242340100739544
1700000002880000000,12880000000,577,576,576,0,0,,,,0,fist,hold,200.0,dev-0123456789abcdef0123456789abcdef,synthetic-1-fist,29,protocol,synthetic-demo-contract-v1,True,-4.504929430459849,-4.585838385634693,-4.656941642276987,-4.735226332681792,-4.813031070567759,-4.907120299462118,-4.974006203924044,-5.057944079860397
1700000002885000000,12885000000,578,577,577,0,0,,,,0,fist,hold,200.0,dev-0123456789abcdef0123456789abcdef,synthetic-1-fist,29,protocol,synthetic-demo-contract-v1,True,5.077117462671996,5.233392423639303,5.403415986514967,5.564729077793884,5.725502894684847,5.870923374765122,6.044785669618427,6.1989786712112425
1700000002890000000,12890000000,579,578,578,0,0,,,,0,fist,hold,200.0,dev-0123456789abcdef0123456789abcdef,synthetic-1-fist,29,protocol,synthetic-demo-contract-v1,True,-4.543206620979352,-4.629685588382306,-4.698688663505791,-4.777806732699141,-4.858486218998051,-4.953487710436654,-5.019013020035383,-5.106703184633795
1700000002895000000,12895000000,580,579,579,0,0,,,,0,fist,hold,200.0,dev-0123456789abcdef0123456789abcdef,synthetic-1-fist,29,protocol,synthetic-demo-contract-v1,True,5.034254355792665,5.185127328824337,5.35692590710005,5.517351728457707,5.675199709018311,5.819847458144445,5.994795905784612,6.145220383666198
1700000002900000000,12900000000,581,580,580,0,0,,,,0,fist,hold,200.0,dev-0123456789abcdef0123456789abcdef,synthetic-1-fist,29,protocol,synthetic-demo-contract-v1,True,-4.59032335913416,-4.681951648279906,-4.7495394714748995,-4.829590839246035,-4.913221999329411,-5.0088514140648845,-5.073569680029251,-5.165020747221487
1700000002905000000,12905000000,582,581,581,0,0,,,,0,fist,hold,200.0,dev-0123456789abcdef0123456789abcdef,synthetic-1-fist,29,protocol,synthetic-demo-contract-v1,True,4.983255438830097,5.12931014612077,5.3021337100543,5.461587784591058,5.616483384384902,5.760652259642581,5.936125981008705,6.082821256677683
1700000002910000000,12910000000,583,582,582,0,0,,,,0,fist,hold,200.0,dev-0123456789abcdef0123456789abcdef,synthetic-1-fist,29,protocol,synthetic-demo-contract-v1,True,-4.644796542714836,-4.740841195195608,-4.807820163785739,-4.888874491066507,-4.975433943491876,-5.071390003671616,-5.13586542293151,-5.230989850363917
1700000002915000000,12915000000,584,583,583,0,0,,,,0,fist,hold,200.0,dev-0123456789abcdef0123456789abcdef,synthetic-1-fist,29,protocol,synthetic-demo-contract-v1,True,4.925749262172649,5.067851678538693,5.240847225621021,5.399273967674078,5.551289614993149,5.695286168581737,5.870721639020957,6.013823437276801
1700000002920000000,12920000000,585,584,584,0,0,,,,0,fist,hold,200.0,dev-0123456789abcdef0123456789abcdef,synthetic-1-fist,29,protocol,synthetic-demo-contract-v1,True,-4.704864546557032,-4.804344879427291,-4.871603931375331,-4.953703559081568,-5.043071117596647,-5.139044177088636,-5.203835660334795,-5.302449906446051
1700000002925000000,12925000000,586,585,585,0,0,,,,0,fist,hold,200.0,dev-0123456789abcdef0123456789abcdef,synthetic-1-fist,29,protocol,synthetic-demo-contract-v1,True,4.863616674833332,5.002842165250397,5.175096260925764,5.332465678361633,5.481767636215527,5.625902409360783,5.800749197388666,5.940488182470307
1700000002930000000,12930000000,587,586,586,0,0,,,,0,fist,hold,200.0,dev-0123456789abcdef0123456789abcdef,synthetic-1-fist,29,protocol,synthetic-demo-contract-v1,True,-4.768542526078501,-4.87030983818375,-4.938774848728583,-5.0219383572442045,-5.113903734833777,-5.209584558910372,-5.2752302967323255,-5.377057595868312
1700000002935000000,12935000000,588,587,587,0,0,,,,0,fist,hold,200.0,dev-0123456789abcdef0123456789abcdef,synthetic-1-fist,29,protocol,synthetic-demo-contract-v1,True,4.7989300308804745,4.936478384690977,5.107065222119666,5.263369192144292,5.410209370997234,5.554788103246284,5.7285238912448175,5.865221585365437
1700000002940000000,12940000000,589,588,588,0,0,,,,0,fist,hold,200.0,dev-0123456789abcdef0123456789abcdef,synthetic-1-fist,29,protocol,synthetic-demo-contract-v1,True,-4.833688223547798,-4.936514358499176,-5.007098277218169,-5.091324279939408,-5.185596664593222,-5.280685169119692,-5.347688128514404,-5.45236386440868
1700000002945000000,12945000000,590,589,589,0,0,,,,0,fist,hold,200.0,dev-0123456789abcdef0123456789abcdef,synthetic-1-fist,29,protocol,synthetic-demo-contract-v1,True,4.733882921546049,4.870987899949552,5.039020275008312,5.19426877325299,5.338973872300465,5.484288875903274,5.656433347316853,5.790495488923624
1700000002950000000,12950000000,591,590,590,0,0,,,,0,fist,hold,200.0,dev-0123456789abcdef0123456789abcdef,synthetic-1-fist,29,protocol,synthetic-demo-contract-v1,True,-4.898076077485234,-5.0007440457673065,-5.074295528731131,-5.159566333302594,-5.2557864144426105,-5.35000011679858,-5.41881486371917,-5.52589444639955
1700000002955000000,12955000000,592,591,591,0,0,,,,0,fist,hold,200.0,dev-0123456789abcdef0123456789abcdef,synthetic-1-fist,29,protocol,synthetic-demo-contract-v1,True,4.670712907534483,4.808553151115912,4.973233486090877,5.127451115697226,5.270409552481235,5.416731495932222,5.5868587158000205,5.718766189779403
1700000002960000000,12960000000,593,592,592,0,0,,,,0,fist,hold,200.0,dev-0123456789abcdef0123456789abcdef,synthetic-1-fist,29,protocol,synthetic-demo-contract-v1,True,-4.959476909412258,-5.060866804957527,-5.138120279243047,-5.224405095258406,-5.322159047105901,-5.415240990199794,-5.486262186259545,-5.595231263491521
1700000002965000000,12965000000,594,593,593,0,0,,,,0,fist,hold,200.0,dev-0123456789abcdef0123456789abcdef,synthetic-1-fist,29,protocol,synthetic-demo-contract-v1,True,4.611620200295207,4.7512380507084915,4.911906501426321,5.06512961250213,5.206776763453844,5.354347095706865,5.522096063785209,5.652393608278728
1700000002970000000,12970000000,595,594,594,0,0,,,,0,fist,hold,200.0,dev-0123456789abcdef0123456789abcdef,synthetic-1-fist,29,protocol,synthetic-demo-contract-v1,True,-5.015740048756584,-5.114904039538488,-5.196434149665869,-5.283691588104482,-5.382526463762986,-5.474252390391226,-5.5478052550098695,-5.658092019005316
1700000002975000000,12975000000,596,595,595,0,0,,,,0,fist,hold,200.0,dev-0123456789abcdef0123456789abcdef,synthetic-1-fist,29,protocol,synthetic-demo-contract-v1,True,4.558685585498716,4.700919592650818,4.857096349142511,5.009370963529076,5.150173279933615,5.299197507701571,5.464280624193639,5.593563586464192
1700000002980000000,12980000000,597,596,596,0,0,,,,0,fist,hold,200.0,dev-0123456789abcdef0123456789abcdef,synthetic-1-fist,29,protocol,synthetic-demo-contract-v1,True,-5.064874488327196,-5.161095664298637,-5.247278887229147,-5.33545857991677,-5.434898538847656,-5.525083115818937,-5.601416080901915,-5.7124053663828835
1700000002985000000,12985000000,598,597,597,0,0,,,,0,fist,hold,200.0,dev-0123456789abcdef0123456789abcdef,synthetic-1-fist,29,protocol,synthetic-demo-contract-v1,True,4.513791068210872,4.659226751212844,4.810645891126969,4.96202655827531,5.102465142343154,5.253107147823735,5.415316398838794,5.5442158736200575
1700000002990000000,12990000000,599,598,598,0,0,,,,0,fist,hold,200.0,dev-0123456789abcdef0123456789abcdef,synthetic-1-fist,29,protocol,synthetic-demo-contract-v1,True,-5.105125563487534,-5.19795680218238,-5.288942684897662,-5.377985945999666,-5.477548728284431,-5.566050647514451,-5.645330362283325,-5.756379175130057
1700000002995000000,12995000000,600,599,599,0,0,,,,0,fist,hold,200.0,dev-0123456789abcdef0123456789abcdef,synthetic-1-fist,29,protocol,synthetic-demo-contract-v1,True,4.478546728077246,4.627488635882396,4.774121301992776,4.924670915065143,5.065225139275927,5.217602695349419,5.376813436500424,5.505980172533121
1700000003000000000,13000000000,601,600,600,0,0,,,,0,fist,hold,200.0,dev-0123456789abcdef0123456789abcdef,synthetic-1-fist,29,protocol,synthetic-demo-contract-v1,True,-5.135043731891388,-5.224324378573081,-5.3200183658296565,-5.409857915367519,-5.509070988265202,-5.595796804631049,-5.678105575683989,-5.788559644140786
1700000003005000000,13005000000,602,601,601,0,0,,,,0,fist,hold,200.0,dev-0123456789abcdef0123456789abcdef,synthetic-1-fist,29,protocol,synthetic-demo-contract-v1,True,4.454227095928237,4.606693495875119,4.748758723374631,4.898549227081385,5.039680957558597,5.1938625628699295,5.350034852644996,5.480122354952275
1700000003010000000,13010000000,603,602,602,0,0,,,,0,fist,hold,200.0,dev-0123456789abcdef0123456789abcdef,synthetic-1-fist,29,protocol,synthetic-demo-contract-v1,True,-5.153542299819151,-5.239392223531654,-5.33945142857623,-5.430010293518022,-5.528426128131061,-5.6133327303058,-5.698668408637588,-5.80787931296149
1700000003015000000,13015000000,604,603,603,0,0,,,,0,fist,hold,200.0,dev-0123456789abcdef0123456789abcdef,synthetic-1-fist,29,protocol,synthetic-demo-contract-v1,True,4.441720004172326,4.597459750373608,4.7354219364814325,4.884535766288292,5.026674709242977,5.182677827615809,5.335855335072014,5.467502620543531
1700000003020000000,13020000000,605,604,604,0,0,,,,0,fist,hold,200.0,dev-0123456789abcdef0123456789abcdef,synthetic-1-fist,29,protocol,synthetic-demo-contract-v1,True,-5.159941386178498,-5.242733726270742,-5.346576287730477,-5.437766082814247,-5.534976069249236,-5.618071718959568,-5.70634997374395,-5.813692386502909
1700000003025000000,13025000000,606,605,605,0,0,,,,0,fist,hold,200.0,dev-0123456789abcdef0123456789abcdef,synthetic-1-fist,29,protocol,synthetic-demo-contract-v1,True,4.441490337656665,4.600019775102628,4.73457252580258,4.883104538303888,5.026635169796477,5.184425918230109,5.334732499962138,5.468546980934155
1700000003030000000,13030000000,607,606,606,0,0,,,,0,fist,hold,200.0,dev-0123456789abcdef0123456789abcdef,synthetic-1-fist,29,protocol,synthetic-demo-contract-v1,True,-5.153996014905019,-5.234311538895157,-5.341139442645418,-5.432858304765671,-5.528504880476764,-5.609848796508936,-5.700907647083141,-5.805796205926497
1700000003035000000,13035000000,608,607,607,0,0,,,,0,fist,hold,200.0,dev-0123456789abcdef0123456789abcdef,synthetic-1-fist,29,protocol,synthetic-demo-contract-v1,True,4.453560445952311,4.614216720231827,4.746253584468069,4.894313176493659,5.039563642711407,5.199057930937528,5.346692038098718,5.483233012144089
1700000003040000000,13040000000,609,608,608,0,0,,,,0,fist,hold,200.0,dev-0123456789abcdef0123456789abcdef,synthetic-1-fist,29,protocol,synthetic-demo-contract-v1,True,-5.135906949210146,-5.214474280608087,-5.323308750104105,-5.415439251744621,-5.5092258967372345,-5.588926401385741,-5.6825328160616575,-5.784438154188828
1700000003045000000,13045000000,610,609,609,0,0,,,,0,fist,hold,200.0,dev-0123456789abcdef0123456789abcdef,synthetic-1-fist,29,protocol,synthetic-demo-contract-v1,True,4.4775082083607085,4.6395141860517715,4.770087551443886,4.917800625360046,5.0650339165328955,5.226099999939877,5.371327135455745,5.511090349244406
1700000003050000000,13050000000,611,610,610,0,0,,,,0,fist,hold,200.0,dev-0123456789abcdef0123456789abcdef,synthetic-1-fist,29,protocol,synthetic-demo-contract-v1,True,-5.106313686877349,-5.183940632504358,-5.293668450224563,-5.38607584518714,-5.477774686033309,-5.555985972362655,-5.651844287190621,-5.750307764015591
1700000003055000000,13055000000,612,611,611,0,0,,,,0,fist,hold,200.0,dev-0123456789abcdef0123456789abcdef,synthetic-1-fist,29,protocol,synthetic-demo-contract-v1,True,4.512482912580645,4.675018157358147,4.805288288362893,4.952798706208413,5.102206315722094,5.264668683561603,5.407812180933987,5.551215911918598
1700000003060000000,13060000000,613,612,612,0,0,,,,0,fist,hold,200.0,dev-0123456789abcdef0123456789abcdef,synthetic-1-fist,29,protocol,synthetic-demo-contract-v1,True,-5.066269878839764,-5.143771621632418,-5.253200082057998,-5.3457312382021245,-5.435188096750697,-5.51210571386775,-5.609867577800687,-5.704514283113931
1700000003065000000,13065000000,614,613,613,0,0,,,,0,fist,hold,200.0,dev-0123456789abcdef0123456789abcdef,synthetic-1-fist,29,protocol,synthetic-demo-contract-v1,True,4.557238264435059,4.719510209131875,4.850687016061075,4.998157197248966,5.149855382141474,5.313499865445099,5.454930302343679,5.602303364710384
1700000003070000000,13070000000,615,614,614,0,0,,,,0,fist,hold,200.0,dev-0123456789abcdef0123456789abcdef,synthetic-1-fist,29,protocol,synthetic-demo-contract-v1,True,-5.017202265121097,-5.095332258180123,-5.203249909369286,-5.295733257442622,-5.382870075998652,-5.458725265415931,-5.558000781660737,-5.648550430178098
1700000003075000000,13075000000,616,615,615,0,0,,,,0,fist,hold,200.0,dev-0123456789abcdef0123456789abcdef,synthetic-1-fist,29,protocol,synthetic-demo-contract-v1,True,4.610181037922594,4.771490656740874,4.904771254788573,5.052381611063524,5.206410274589964,5.370990224197013,5.51111381534273,5.662685847091752
1700000003080000000,13080000000,617,616,616,0,0,,,,0,fist,hold,200.0,dev-0123456789abcdef0123456789abcdef,synthetic-1-fist,29,protocol,synthetic-demo-contract-v1,True,-4.960854994998964,-5.040244000891151,-5.145483941089953,-5.2377307168771585,-5.322545385849801,-5.397598433952203,-5.4979681415116595,-5.58424352992985
1700000003085000000,13085000000,618,617,617,0,0,,,,0,fist,hold,200.0,dev-0123456789abcdef0123456789abcdef,synthetic-1-fist,29,protocol,synthetic-demo-contract-v1,True,4.6694331485040825,4.829230042696736,4.965735464233492,5.113682429683326,5.270006554541144,5.435249910023269,5.57449624400177,5.730390571514276
1700000003090000000,13090000000,619,618,618,0,0,,,,0,fist,hold,200.0,dev-0123456789abcdef0123456789abcdef,synthetic-1-fist,29,protocol,synthetic-demo-contract-v1,True,-4.899221867880747,-4.980329775359064,-5.081832058660464,-5.173639040148529,-5.256202743310551,-5.330735542031718,-5.43176286703696,-5.5136956310835865
1700000003095000000,13095000000,620,619,619,0,0,,,,0,fist,hold,200.0,dev-0123456789abcdef0123456789abcdef,synthetic-1-fist,29,protocol,synthetic-demo-contract-v1,True,4.732904328991392,4.8908271353465205,5.03154167563901,5.180034175486946,5.338547650870127,5.504164696753263,5.642974190034689,5.803203496710891
1700000003100000000,13100000000,621,620,620,0,0,,,,0,fist,hold,200.0,dev-0123456789abcdef0123456789abcdef,synthetic-1-fist,29,protocol,synthetic-demo-contract-v1,True,-4.834469560564627,-4.917553452732474,-5.014423138907224,-5.105576985033908,-5.1860292585200884,-5.26033728784451,-5.361581091394187,-5.439214574042823
1700000003105000000,13105000000,622,621,621,0,0,,,,0,fist,hold,200.0,dev-0123456789abcdef0123456789abcdef,synthetic-1-fist,29,protocol,synthetic-demo-contract-v1,True,4.79837213962782,4.95427146629142,5.099988062617511,5.249242367502339,5.409773977268706,5.575465564463793,5.714277003090453,5.8787419515738195
1700000003110000000,13110000000,623,622,622,0,0,,,,0,fist,hold,200.0,dev-0123456789abcdef0123456789abcdef,synthetic-1-fist,29,protocol,synthetic-demo-contract-v1,True,-4.7688552672286955,-4.853955810461624,-4.945513372968905,-5.035796561185997,-5.114338332546168,-5.188722293797532,-5.289749151433768,-5.363238273360775
1700000003115000000,13115000000,624,623,623,0,0,,,,0,fist,hold,200.0,dev-0123456789abcdef0123456789abcdef,synthetic-1-fist,29,protocol,synthetic-demo-contract-v1,True,4.86356577466248,5.0175083535893075,5.168783121965055,5.319016148491998,5.481337423762945,5.646803422018015,5.786041947550308,5.954532822885645
1700000003120000000,13120000000,625,624,624,0,0,,,,0,fist,hold,200.0,dev-0123456789abcdef0123456789abcdef,synthetic-1-fist,29,protocol,synthetic-demo-contract-v1,True,-4.704642353608626,-4.7915890425234196,-4.877410218076527,-4.966608460854494,-5.043493391762597,-5.11825072941492,-5.218646596511568,-5.288254703704795
1700000003125000000,13125000000,626,625,625,0,0,,,,0,fist,hold,200.0,dev-0123456789abcdef0123456789abcdef,synthetic-1-fist,29,protocol,synthetic-demo-contract-v1,True,4.92625004803359,5.078504345200682,5.235622940599873,5.387044177294656,5.550878766580138,5.71582650836668,5.855892380480059,6.028093736663028
1700000003130000000,13130000000,627,626,626,0,0,,,,0,fist,hold,200.0,dev-0123456789abcdef0123456789abcdef,synthetic-1-fist,29,protocol,synthetic-demo-contract-v1,True,-4.644017611352337,-4.732451866931061,-4.812394571323066,-4.900305473962588,-4.975829973048335,-5.051246524790484,-5.150627471120273,-5.216720219876743
1700000003135000000,13135000000,628,627,627,0,0,,,,0,fist,hold,200.0,dev-0123456789abcdef0123456789abcdef,synthetic-1-fist,29,protocol,synthetic-demo-contract-v1,True,4.984306049627112,5.135311067779959,5.298268916626975,5.451071269742052,5.6161054444030505,5.780257922065753,5.9215163566998275,6.09701456393746
1700000003140000000,13140000000,629,628,628,0,0,,,,0,fist,hold,200.0,dev-0123456789abcdef0123456789abcdef,synthetic-1-fist,29,protocol,synthetic-demo-contract-v1,True,-4.589013499550628,-4.678427198106811,-4.75264381749799,-4.8390864285943405,-4.913578728416292,-4.989920738393628,-5.087942472808476,-5.150978896680536
1700000003145000000,13145000000,630,629,629,0,0,,,,0,fist,hold,200.0,dev-0123456789abcdef0123456789abcdef,synthetic-1-fist,29,protocol,synthetic-demo-contract-v1,True,5.035805248075511,5.186125574117534,5.35462328534642,5.508973243869553,5.674867136970807,5.8379707231237425,5.980743063594038,6.15903657071201
1700000003150000000,13150000000,631,630,630,0,0,,,,0,fist,hold,200.0,dev-0123456789abcdef0123456789abcdef,synthetic-1-fist,29,protocol,synthetic-demo-contract-v1,True,-4.541438396352885,-4.631224217280979,-4.700158374322756,-4.784983183210029,-4.858791887369262,-4.936298606092661,-5.032664557186536,-5.093185541266606
1700000003155000000,13155000000,632,631,631,0,0,,,,0,fist,hold,200.0,dev-0123456789abcdef0123456789abcdef,synthetic-1-fist,29,protocol,synthetic-demo-contract-v1,True,5.079074252659411,5.229345441275831,5.402799875449849,5.558827482120996,5.725226654435496,5.887058130210028,6.031614560713789,6.212126608970006
1700000003160000000,13160000000,633,632,632,0,0,,,,0,fist,hold,200.0,dev-0123456789abcdef0123456789abcdef,synthetic-1-fist,29,protocol,synthetic-demo-contract-v1,True,-4.502817382578998,-4.592326493008055,-4.656694238948283,-4.7397930981304075,-4.813275601289848,-4.892152678004392,-4.986620447232227,-5.045234910104584
1700000003165000000,13165000000,634,633,633,0,0,,,,0,fist,hold,200.0,dev-0123456789abcdef0123456789abcdef,synthetic-1-fist,29,protocol,synthetic-demo-contract-v1,True,5.112748003297841,5.263617072809284,5.441187684134213,5.598976863021111,5.7655238004733596,5.925896496862093,6.072450455014362,6.254543908439326
1700000003170000000,13170000000,635,634,634,0,0,,,,0,fist,hold,200.0,dev-0123456789abcdef0123456789abcdef,synthetic-1-fist,29,protocol,synthetic-demo-contract-v1,True,-4.474345477059315,-4.5629475843750535,-4.623703833509333,-4.705019234201156,-4.778530400259043,-4.858944250140012,-4.951330308406996,-5.008699458900133
1700000003175000000,13175000000,636,635,635,0,0,,,,0,fist,hold,200.0,dev-0123456789abcdef0123456789abcdef,synthetic-1-fist,29,protocol,synthetic-demo-contract-v1,True,5.135809795370108,5.287875894016646,5.468505106706402,5.628084932802131,5.794430103782889,5.953198987359528,6.101903376562222,6.284897271979519
1700000003180000000,13180000000,637,636,636,0,0,,,,0,fist,hold,200.0,dev-0123456789abcdef0123456789abcdef,synthetic-1-fist,29,protocol,synthetic-demo-contract-v1,True,-4.456854580598157,-4.543995310001577,-4.602287162070796,-4.681820271946845,-4.755701725256494,-4.837775025346497,-4.927957580751522,-4.984777673284464
1700000003185000000,13185000000,638,637,637,0,0,,,,0,fist,hold,200.0,dev-0123456789abcdef0123456789abcdef,synthetic-1-fist,29,protocol,synthetic-demo-contract-v1,True,5.147617223401269,5.30137739046257,5.4838429778230005,5.645180476560208,5.810992613642875,5.968058178600587,6.119003423998726,6.302190792957534
1700000003190000000,13190000000,639,638,638,0,0,,,,0,fist,hold,200.0,dev-0123456789abcdef0123456789abcdef,synthetic-1-fist,29,protocol,synthetic-demo-contract-v1,True,-4.450794704274809,-4.536045594894139,-4.593154936441977,-4.670971823337931,-4.745542166541672,-4.829350601695608,-4.917270623087002,-4.974254680196301
1700000003195000000,13195000000,640,639,639,0,0,,,,0,fist,hold,200.0,dev-0123456789abcdef0123456789abcdef,synthetic-1-fist,29,protocol,synthetic-demo-contract-v1,True,5.147913802411567,5.3037182187814285,5.4866949665418066,5.649689999140144,5.814665315727405,5.969976178571899,6.123190113897247,6.305856590428471
1700000003200000000,13200000000,641,640,640,0,0,,,,0,fist,hold,200.0,dev-0123456789abcdef0123456789abcdef,synthetic-1-fist,29,protocol,synthetic-demo-contract-v1,True,-4.456229399312458,-4.539326522643336,-4.596604916509082,-4.672840431141846,-4.748386653098775,-4.833956997312755,-4.919617433812332,-4.977476435996382
1700000003205000000,13205000000,642,641,641,0,0,,,,0,fist,hold,200.0,dev-0123456789abcdef0123456789abcdef,synthetic-1-fist,29,protocol,synthetic-demo-contract-v1,True,5.136826658660864,5.294846907285431,5.476974302366532,5.641457026498288,5.805327132496306,5.958881262857943,6.114330781339885,6.295773484915706
1700000003210000000,13210000000,643,642,642,0,0,,,,0,fist,hold,200.0,dev-0123456789abcdef0123456789abcdef,synthetic-1-fist,29,protocol,synthetic-demo-contract-v1,True,-4.472844706876954,-4.5537129297847745,-4.612512256368817,-4.6873711302067385,-4.76414141107208,-4.8514509914742225,-4.934914280464453,-4.994338340799286
1700000003215000000,13215000000,644,643,643,0,0,,,,0,fist,hold,200.0,dev-0123456789abcdef0123456789abcdef,synthetic-1-fist,29,protocol,synthetic-demo-contract-v1,True,5.11485123871174,5.2750639550407445,5.4550162792122725,5.620747575489795,5.783285914744248,5.9351304745684335,6.092724826918594,6.272271000034799
1700000003220000000,13220000000,645,644,644,0,0,,,,0,fist,hold,200.0,dev-0123456789abcdef0123456789abcdef,synthetic-1-fist,29,protocol,synthetic-demo-contract-v1,True,-4.499970437251963,-4.578731589119464,-4.640334166536594,-4.714088994894033,-4.792287055197674,-4.881264606764513,-4.962648610480763,-5.0242886539765825
1700000003225000000,13225000000,646,645,645,0,0,,,,0,fist,hold,200.0,dev-0123456789abcdef0123456789abcdef,synthetic-1-fist,29,protocol,synthetic-demo-contract-v1,True,5.082824440879322,5.24501142548794,5.421566472280777,5.5882415993468815,5.7492682927196,5.899498095448464,6.0590936731396825,6.23611855790337
1700000003230000000,13230000000,647,646,646,0,0,,,,0,fist,hold,200.0,dev-0123456789abcdef0123456789abcdef,synthetic-1-fist,29,protocol,synthetic-demo-contract-v1,True,-4.536612190777468,-4.613576745392231,-4.679128711657704,-4.752114632194461,-4.831895711316719,-4.922423591165286,-5.001896143652948,-5.0663465989016805
1700000003235000000,13235000000,648,647,647,0,0,,,,0,fist,hold,200.0,dev-0123456789abcdef0123456789abcdef,synthetic-1-fist,29,protocol,synthetic-demo-contract-v1,True,5.041887909023637,5.2056524087516305,5.377755092176498,5.545010682283598,5.70439572138999,5.853150361544329,6.014556765431166,6.188500223333069
1700000003240000000,13240000000,649,648,648,0,0,,,,0,fist,hold,200.0,dev-0123456789abcdef0123456789abcdef,synthetic-1-fist,29,protocol,synthetic-demo-contract-v1,True,-4.58149226006176,-4.657135495215809,-4.727587079578933,-4.800193116294069,-4.881661605494354,-4.973579297495538,-5.051351578176429,-5.119134561799357
1700000003245000000,13245000000,650,649,649,0,0,,,,0,fist,hold,200.0,dev-0123456789abcdef0123456789abcdef,synthetic-1-fist,29,protocol,synthetic-demo-contract-v1,True,4.993443437911091,5.158240990586098,5.325058374183197,5.492482714159519,5.650147509567521,5.797607250282884,5.960594414025961,6.130975827175181
1700000003250000000,13250000000,651,650,650,0,0,,,,0,fist,hold,200.0,dev-0123456789abcdef0123456789abcdef,synthetic-1-fist,29,protocol,synthetic-demo-contract-v1,True,-4.633097406692005,-4.708022248116401,-4.784078198147626,-4.85673541295151,-4.939944111316321,-5.033052915850046,-5.109371892451805,-5.180923325940415
1700000003255000000,13255000000,652,651,651,0,0,,,,0,fist,hold,200.0,dev-0123456789abcdef0123456789abcdef,synthetic-1-fist,29,protocol,synthetic-demo-contract-v1,True,4.939102524453933,5.104283611106471,5.265248342028193,5.432394709710517,5.588312051708137,5.734692592233489,5.898998707696111,6.065429747237427
1700000003260000000,13260000000,653,652,652,0,0,,,,0,fist,hold,200.0,dev-0123456789abcdef0123456789abcdef,synthetic-1-fist,29,protocol,synthetic-demo-contract-v1,True,-4.689731478919243,-4.764621271148132,-4.846704156599398,-4.919870925925692,-5.004821836228118,-5.0988906071561875,-5.174030808733256,-5.249688853647546
1700000003265000000,13265000000,654,653,653,0,0,,,,0,fist,hold,200.0,dev-0123456789abcdef0123456789abcdef,synthetic-1-fist,29,protocol,synthetic-demo-contract-v1,True,4.880632071412556,5.0454929191885585,5.200332679447225,5.366735332042865,5.520927870120706,5.666474146096441,5.831814124292764,5.994009031155844
1700000003270000000,13270000000,655,654,654,0,0,,,,0,fist,hold,200.0,dev-0123456789abcdef0123456789abcdef,synthetic-1-fist,29,protocol,synthetic-demo-contract-v1,True,-4.749570914256028,-4.825136109369072,-4.913364523316304,-4.9875094267464615,-5.074155963858686,-5.16892772613112,-5.243182616079668,-5.323178748768288
1700000003275000000,13275000000,656,655,655,0,0,,,,0,fist,hold,200.0,dev-0123456789abcdef0123456789abcdef,synthetic-1-fist,29,protocol,synthetic-demo-contract-v1,True,4.8198981284242315,4.983735425141731,5.132486775911069,5.297679023685369,5.4502164112404365,5.595195606888388,5.761269803297207,5.919052896127653
1700000003280000000,13280000000,657,656,656,0,0,,,,0,fist,hold,200.0,dev-0123456789abcdef0123456789abcdef,synthetic-1-fist,29,protocol,synthetic-demo-contract-v1,True,-4.810721330825047,-4.887644492015844,-4.981827353556518,-5.057410315749937,-5.145660764129626,-5.24086002164712,-5.314533241015596,-5.398986213927758
1700000003285000000,13285000000,658,657,657,0,0,,,,0,fist,hold,200.0,dev-0123456789abcdef0123456789abcdef,synthetic-1-fist,29,protocol,synthetic-demo-contract-v1,True,4.758809363669549,4.920974421633753,5.0639802736649635,5.227513929009247,5.378508811463991,5.523202783932411,5.689705720879373,5.843015923950071
1700000003290000000,13290000000,659,658,658,0,0,,,,0,fist,hold,200.0,dev-0123456789abcdef0123456789abcdef,synthetic-1-fist,29,protocol,synthetic-demo-contract-v1,True,-4.871273627687961,-4.95015718272303,-5.049804459545758,-5.127256916996322,-5.216978946651418,-5.3123194717196505,-5.385716215051672,-5.474629070476657
1700000003295000000,13295000000,660,659,659,0,0,,,,0,fist,hold,200.0,dev-0123456789abcdef0123456789abcdef,synthetic-1-fist,29,protocol,synthetic-demo-contract-v1,True,4.6992617251961475,4.859209777661614,4.997100623028819,5.15856599985609,5.308169046848472,5.452866378298669,5.61949520920648,5.7683874770341195
1700000003300000000,13300000000,661,660,660,0,0,,,,0,fist,hold,200.0,dev-0123456789abcdef0123456789abcdef,synthetic-1-fist,29,protocol,synthetic-demo-contract-v1,True,-4.929358259676698,-5.010679114776422,-5.115028378404533,-5.194733340682238,-5.285759373240046,-5.380952256649633,-5.454371026642609,-5.547631242707586
1700000003305000000,13305000000,662,661,661,0,0,,,,0,fist,hold,200.0,dev-0123456789abcdef0123456789abcdef,synthetic-1-fist,29,protocol,synthetic-demo-contract-v1,True,4.643085501328152,4.800416309490331,4.934076245855072,5.093121804768717,5.241516000189178,5.3865039023936765,5.552966382305819,5.697609985152244
1700000003310000000,13310000000,663,662,662,0,0,,,,0,fist,hold,200.0,dev-0123456789abcdef0123456789abcdef,synthetic-1-fist,29,protocol,synthetic-demo-contract-v1,True,-4.983196599782525,-5.067271072247247,-5.175328425100954,-5.2576013596454745,-5.349734567614618,-5.444496302370416,-5.518221266605508,-5.615604027097647
1700000003315000000,13315000000,664,663,663,0,0,,,,0,fist,hold,200.0,dev-0123456789abcdef0123456789abcdef,synthetic-1-fist,29,protocol,synthetic-demo-contract-v1,True,4.591995749984141,4.74648249290059,4.877001910357324,5.033352606951376,5.180747014681635,5.3263033137092455,5.492325066686878,5.632998789553768
1700000003320000000,13320000000,665,664,664,0,0,,,,0,fist,hold,200.0,dev-0123456789abcdef0123456789abcdef,synthetic-1-fist,29,protocol,synthetic-demo-contract-v1,True,-5.0311485285803785,-5.1181101378687925,-5.228703259179436,-5.313774744500278,-5.406795467022766,-5.500855839154238,-5.5751499830700055,-5.676324474702951
1700000003325000000,13325000000,666,665,665,0,0,,,,0,fist,hold,200.0,dev-0123456789abcdef0123456789abcdef,synthetic-1-fist,29,protocol,synthetic-demo-contract-v1,True,4.547546858019833,4.699151299964369,4.827768834569215,4.981242235440303,5.127865454365387,5.274250879320876,5.4395817849886114,5.576666179533812
1700000003330000000,13330000000,667,666,666,0,0,,,,0,fist,hold,200.0,dev-0123456789abcdef0123456789abcdef,synthetic-1-fist,29,protocol,synthetic-demo-contract-v1,True,-5.071755577439893,-5.161547131372983,-5.273387523491121,-5.361388584967996,-5.455060951465792,-5.548170518120934,-5.6232697544471515,-5.727808310132709
1700000003335000000,13335000000,668,667,667,0,0,,,,0,fist,hold,200.0,dev-0123456789abcdef0123456789abcdef,synthetic-1-fist,29,protocol,synthetic-demo-contract-v1,True,4.511091828701291,4.659964918409751,4.788001863945038,4.938521149236237,5.0846146594559745,5.232065649366901,5.396485206792238,5.530452118273498
1700000003340000000,13340000000,669,668,668,0,0,,,,0,fist,hold,200.0,dev-0123456789abcdef0123456789abcdef,synthetic-1-fist,29,protocol,synthetic-demo-contract-v1,True,-5.103779089126914,-5.1961593099584915,-5.3079103255580655,-5.398861290373389,-5.492939858361713,-5.5848768062859815,-5.6609851636289665,-5.768374990622338
1700000003345000000,13345000000,670,669,669,0,0,,,,0,fist,hold,200.0,dev-0123456789abcdef0123456789abcdef,synthetic-1-fist,29,protocol,synthetic-demo-contract-v1,True,4.483746785651744,4.630215040480584,4.759005817513064,4.9066088894359305,5.052420473851888,5.2011427009741,5.364464266861814,5.495863934340807
1700000003350000000,13350000000,671,670,670,0,0,,,,0,fist,hold,200.0,dev-0123456789abcdef0123456789abcdef,synthetic-1-fist,29,protocol,synthetic-demo-contract-v1,True,-5.126232942107116,-5.2207966972199085,-5.331143619702919,-5.424947204604056,-5.519183438216051,-5.609759634339086,-5.68704560789117,-5.796702767669773
1700000003355000000,13355000000,672,671,671,0,0,,,,0,fist,hold,200.0,dev-0123456789abcdef0123456789abcdef,synthetic-1-fist,29,protocol,synthetic-demo-contract-v1,True,4.466361124980146,4.61090028985558,4.741722775697567,4.886566836471095,5.032344239505496,5.182507026038279,5.344580864511305,5.4740269599178815
1700000003360000000,13360000000,673,672,672,0,0,,,,0,fist,hold,200.0,dev-0123456789abcdef0123456789abcdef,synthetic-1-fist,29,protocol,synthetic-demo-contract-v1,True,-5.138410417312376,-5.234620548935155,-5.34233890027758,-5.438778082051216,-5.532926522000391,-5.621992591633429,-5.700586698466698,-5.811871942964133
1700000003365000000,13365000000,674,673,673,0,0,,,,0,fist,hold,200.0,dev-0123456789abcdef0123456789abcdef,synthetic-1-fist,29,protocol,synthetic-demo-contract-v1,True,4.4594937363081675,4.602692189507682,4.736701702964008,4.879062847638739,5.025047807286992,5.176779586385828,5.337494708014131,5.465647736332166
1700000003370000000,13370000000,675,674,674,0,0,,,,0,fist,hold,200.0,dev-0123456789abcdef0123456789abcdef,synthetic-1-fist,29,protocol,synthetic-demo-contract-v1,True,-5.139904779150779,-5.237132653128576,-5.341151020669568,-5.439892040832385,-5.533716043078583,-5.621165339459206,-5.701158880933441,-5.8133948990723265
1700000003375000000,13375000000,676,675,675,0,0,,,,0,fist,hold,200.0,dev-0123456789abcdef0123456789abcdef,synthetic-1-fist,29,protocol,synthetic-demo-contract-v1,True,4.46339573422081,4.60591086149098,4.744081373286885,4.88434895554637,5.030771717824159,5.184156659641077,5.343441466523416,5.470990993692247
1700000003380000000,13380000000,677,676,676,0,0,,,,0,fist,hold,200.0,dev-0123456789abcdef0123456789abcdef,synthetic-1-fist,29,protocol,synthetic-demo-contract-v1,True,-5.130623112585196,-5.228194395933719,-5.327648394989524,-5.428249025647498,-5.521525973401561,-5.607297334185178,-5.688742329957709,-5.801231920751391
1700000003385000000,13385000000,678,677,677,0,0,,,,0,fist,hold,200.0,dev-0123456789abcdef0123456789abcdef,synthetic-1-fist,29,protocol,synthetic-demo-contract-v1,True,4.478000175679481,4.62051139419215,4.76358711101772,4.9022528740221984,5.049327271627609,5.204403161772178,5.362224952117659,5.489871157994363
1700000003390000000,13390000000,679,678,678,0,0,,,,0,fist,hold,200.0,dev-0123456789abcdef0123456789abcdef,synthetic-1-fist,29,protocol,synthetic-demo-contract-v1,True,-5.110792925391161,-5.20803480048629,-5.3023093039928995,-5.4042322610957285,-5.496758181570991,-5.5808374024395615,-5.663747625604207,-5.775792290480299
1700000003395000000,13395000000,680,679,679,0,0,,,,0,fist,hold,200.0,dev-0123456789abcdef0123456789abcdef,synthetic-1-fist,29,protocol,synthetic-demo-contract-v1,True,4.502919264874235,4.646081517933028,4.794541389885114,4.932183598903724,5.080102749924793,5.236860172181345,5.3932235908552935,5.521658660907622
1700000003400000000,13400000000,681,680,680,0,0,,,,0,fist,hold,200.0,dev-0123456789abcdef0123456789abcdef,synthetic-1-fist,29,protocol,synthetic-demo-contract-v1,True,-5.080961010988921,-5.177247058130413,-5.266004497772045,-5.3686356422466455,-5.460229184484069,-5.542649176332559,-5.627002188379783,-5.737920626449951
1700000003405000000,13405000000,682,681,681,0,0,,,,0,fist,hold,200.0,dev-0123456789abcdef0123456789abcdef,synthetic-1-fist,29,protocol,synthetic-demo-contract-v1,True,4.537449543222966,4.681850902128472,4.835887864787085,4.973150922211648,5.1220835811212435,5.280466419493362,5.435410969428478,5.56530084031248
1700000003410000000,13410000000,683,682,682,0,0,,,,0,fist,hold,200.0,dev-0123456789abcdef0123456789abcdef,synthetic-1-fist,29,protocol,synthetic-demo-contract-v1,True,-5.0419840934295,-5.136773412532752,-5.21996674891104,-5.322637477190836,-5.41314322931645,-5.49398286245636,-5.579722920899971,-5.688868916853272
1700000003415000000,13415000000,684,683,683,0,0,,,,0,fist,hold,200.0,dev-0123456789abcdef0123456789abcdef,synthetic-1-fist,29,protocol,synthetic-demo-contract-v1,True,4.5805855091662115,4.726712034486854,4.886227960720096,5.02379821516734,5.173885788063702,5.333793026284634,5.4873897787507175,5.619356739599823
1700000003420000000,13420000000,685,684,684,0,0,,,,0,fist,hold,200.0,dev-0123456789abcdef0123456789abcdef,synthetic-1-fist,29,protocol,synthetic-demo-contract-v1,True,-4.995010859900883,-5.087878618983857,-5.1657484454594185,-5.267761450593031,-5.357052593246413,-5.436434268692237,-5.5234759600074055,-5.63025517488862
1700000003425000000,13425000000,686,685,685,0,0,,,,0,fist,hold,200.0,dev-0123456789abcdef0123456789abcdef,synthetic-1-fist,29,protocol,synthetic-demo-contract-v1,True,4.631041994764334,4.779252274726289,4.943868725842916,5.082447393760562,5.23380161345309,5.3950903740362355,5.547438032961536,5.682044656544067
1700000003430000000,13430000000,687,686,686,0,0,,,,0,fist,hold,200.0,dev-0123456789abcdef0123456789abcdef,synthetic-1-fist,29,protocol,synthetic-demo-contract-v1,True,-4.941455139918213,-5.032112572686221,-5.105168708621397,-5.205826102784345,-5.293806409714638,-5.371892432870426,-5.46012486926947,-5.564010078935608
1700000003435000000,13435000000,688,687,687,0,0,,,,0,fist,hold,200.0,dev-0123456789abcdef0123456789abcdef,synthetic-1-fist,29,protocol,synthetic-demo-contract-v1,True,4.687285434763724,4.837796303242038,5.006880285221013,5.14715457485527,5.299855819279713,5.462345549989708,5.61356603651202,5.751300873294825
1700000003440000000,13440000000,689,688,688,0,0,,,,0,fist,hold,200.0,dev-0123456789abcdef0123456789abcdef,synthetic-1-fist,29,protocol,synthetic-demo-contract-v1,True,-4.882960219651577,-4.971263069254319,-5.0402518623729975,-5.1388845014628295,-5.2254897082582845,-5.302477573221413,-5.391768983964673,-5.492313357396943
1700000003445000000,13445000000,690,689,689,0,0,,,,0,fist,hold,200.0,dev-0123456789abcdef0123456789abcdef,synthetic-1-fist,29,protocol,synthetic-demo-contract-v1,True,4.74757389717546,4.900457821590856,5.0731609204077,5.215774574673414,5.369870804263764,5.533348488508342,5.683582216613109,5.824847631488564
1700000003450000000,13450000000,691,690,690,0,0,,,,0,fist,hold,200.0,dev-0123456789abcdef0123456789abcdef,synthetic-1-fist,29,protocol,synthetic-demo-contract-v1,True,-4.821354582141228,-4.907300015036061,-4.973159360174192,-5.069156109855876,-5.154354677586036,-5.230471399931707,-5.320673946307677,-5.417522014721521
1700000003455000000,13455000000,692,691,691,0,0,,,,0,fist,hold,200.0,dev-0123456789abcdef0123456789abcdef,synthetic-1-fist,29,protocol,synthetic-demo-contract-v1,True,4.810005409142248,4.965199019840763,5.140507557705606,5.286032106809433,5.441538392582079,5.6057646325137,5.755165645124876,5.900268112759531
1700000003460000000,13460000000,693,692,692,0,0,,,,0,fist,hold,200.0,dev-0123456789abcdef0123456789abcdef,synthetic-1-fist,29,protocol,synthetic-demo-contract-v1,True,-4.758599728672534,-4.842312730717067,-4.906117478724904,-4.998953115322901,-5.082746417936291,-5.158242079435453,-5.249196727002882,-5.342092763043911
1700000003465000000,13465000000,694,693,693,0,0,,,,0,fist,hold,200.0,dev-0123456789abcdef0123456789abcdef,synthetic-1-fist,29,protocol,synthetic-demo-contract-v1,True,4.872573722774119,5.029896019327007,5.20668928225759,5.355597313542744,5.512495927230608,5.6772117250507925,5.825942852627556,5.975085955018942
1700000003470000000,13470000000,695,694,694,0,0,,,,0,fist,hold,200.0,dev-0123456789abcdef0123456789abcdef,synthetic-1-fist,29,protocol,synthetic-demo-contract-v1,True,-4.696731144676906,-4.778442275512089,-4.841343214108317,-4.930603667152182,-5.013025630431813,-5.088166320003732,-5.179707611718462,-5.268501213882374
1700000003475000000,13475000000,696,695,695,0,0,,,,0,fist,hold,200.0,dev-0123456789abcdef0123456789abcdef,synthetic-1-fist,29,protocol,synthetic-demo-contract-v1,True,4.933230244912769,5.0924082413990295,5.269521410882127,5.422163119597404,5.580404159461613,5.745338204156408,5.893566395260085,6.046846686331643
1700000003480000000,13480000000,697,696,696,0,0,,,,0,fist,hold,200.0,dev-0123456789abcdef0123456789abcdef,synthetic-1-fist,29,protocol,synthetic-demo-contract-v1,True,-4.637793899815844,-4.717810948233303,-4.780970858234631,-4.866374575554732,-4.947490792121864,-5.022551142885369,-5.114511731703041,-5.199160490188576
1700000003485000000,13485000000,698,697,697,0,0,,,,0,fist,hold,200.0,dev-0123456789abcdef0123456789abcdef,synthetic-1-fist,29,protocol,synthetic-demo-contract-v1,True,4.9899504305331055,5.15064945563326,5.326937655808184,5.48352183648469,5.643024366523604,5.8079006204958805,5.955792576640872,6.113198395926586
1700000003490000000,13490000000,699,698,698,0,0,,,,0,fist,hold,200.0,dev-0123456789abcdef0123456789abcdef,synthetic-1-fist,29,protocol,synthetic-demo-contract-v1,True,-4.583774786100185,-4.662451284073344,-4.726981692660659,-4.808396042122495,-4.888302382358058,-4.963557914529799,-5.0557727331946625,-5.136341937266954
1700000003495000000,13495000000,700,699,699,0,0,,,,0,fist,hold,200.0,dev-0123456789abcdef0123456789abcdef,synthetic-1-fist,29,protocol,synthetic-demo-contract-v1,True,5.040802543617237,5.202658135429145,5.37705799333526,5.537638470204623,5.6982921553725,5.862837528488653,6.010555754731258,6.171968987866551
1700000003500000000,13500000000,701,700,700,0,0,,,,0,fist,hold,200.0,dev-0123456789abcdef0123456789abcdef,synthetic-1-fist,29,protocol,synthetic-demo-contract-v1,True,-4.536533267101106,-4.614236952373284,-4.6811391148672685,-4.758590924676179,-4.837411658524217,-4.913131141887303,-5.0054411099785545,-5.082100541097799
1700000003505000000,13505000000,702,701,701,0,0,,,,0,fist,hold,200.0,dev-0123456789abcdef0123456789abcdef,synthetic-1-fist,29,protocol,synthetic-demo-contract-v1,True,5.084016355057448,5.246664703404078,5.418250012315437,5.582718294566471,5.74438551927575,5.908337416858333,6.05603677596374,6.221237476299512
1700000003510000000,13510000000,703,702,702,0,0,,,,0,fist,hold,200.0,dev-0123456789abcdef0123456789abcdef,synthetic-1-fist,29,protocol,synthetic-demo-contract-v1,True,-4.497733802670617,-4.574817963772548,-4.644931313894638,-4.718610888714267,-4.79649632916235,-4.872934376830754,-4.965189569748222,-5.03820750672837
1700000003515000000,13515000000,704,703,703,0,0,,,,0,fist,hold,200.0,dev-0123456789abcdef0123456789abcdef,synthetic-1-fist,29,protocol,synthetic-demo-contract-v1,True,5.1180491062554525,5.281153289305657,5.44918175097441,5.617266443074716,5.779784903695222,5.942898439949237,6.090723272629801,6.2593969782655705
1700000003520000000,13520000000,705,704,704,0,0,,,,0,fist,hold,200.0,dev-0123456789abcdef0123456789abcdef,synthetic-1-fist,29,protocol,synthetic-demo-contract-v1,True,-4.468782297056581,-4.545562510765056,-4.619523345337073,-4.689781568606763,-4.7669052451513325,-4.844295342487694,-4.936357572880565,-5.006092212793534
1700000003525000000,13525000000,706,705,705,0,0,,,,0,fist,hold,200.0,dev-0123456789abcdef0123456789abcdef,synthetic-1-fist,29,protocol,synthetic-demo-contract-v1,True,5.141645947226405,5.304915751807682,5.468864328337816,5.640137537864079,5.803323301263986,5.965377980337149,6.113459828019925,6.285207334230648
1700000003530000000,13530000000,707,706,706,0,0,,,,0,fist,hold,200.0,dev-0123456789abcdef0123456789abcdef,synthetic-1-fist,29,protocol,synthetic-demo-contract-v1,True,-4.450769469270481,-4.527507593008048,-4.605720129769636,-4.6730585618882285,-4.749613932297685,-4.828162091370798,-4.91990687950317,-4.9867954487027495
1700000003535000000,13535000000,708,707,707,0,0,,,,0,fist,hold,200.0,dev-0123456789abcdef0123456789abcdef,synthetic-1-fist,29,protocol,synthetic-demo-contract-v1,True,5.153892080165575,5.317095931557301,5.476683027748568,5.650573705704799,5.814224724381722,5.975030407383937,6.12348634827341,6.297835628811761
1700000003540000000,13540000000,709,708,708,0,0,,,,0,fist,hold,200.0,dev-0123456789abcdef0123456789abcdef,synthetic-1-fist,29,protocol,synthetic-demo-contract-v1,True,-4.444423846210454,-4.521320320579402,-4.603941525252989,-4.668995719487594,-4.745192431290393,-4.825071642603582,-4.916389577299272,-4.980935468796534
1700000003545000000,13545000000,710,709,709,0,0,,,,0,fist,hold,200.0,dev-0123456789abcdef0123456789abcdef,synthetic-1-fist,29,protocol,synthetic-demo-contract-v1,True,5.15425401583631,5.317222401500934,5.472415882344768,5.648229717584423,5.812129787107203,5.9715317844593665,6.120463369291356,6.296883283256945
1700000003550000000,13550000000,711,710,710,0,0,,,,0,fist,hold,200.0,dev-0123456789abcdef0123456789abcdef,synthetic-1-fist,29,protocol,synthetic-demo-contract-v1,True,-4.450076824071788,-4.527271451310338,-4.614210216605871,-4.677726785507416,-4.753786505236163,-4.835132135179415,-4.925929650356493,-4.988687975109608
1700000003555000000,13555000000,712,711,711,0,0,,,,0,fist,hold,200.0,dev-0123456789abcdef0123456789abcdef,synthetic-1-fist,29,protocol,synthetic-demo-contract-v1,True,5.142607682843013,5.305228353444051,5.456239232405882,5.633184416918521,5.7971075529926,5.954990706815278,6.1044834585411865,6.2823988339848915
1700000003560000000,13560000000,713,712,712,0,0,,,,0,fist,hold,200.0,dev-0123456789abcdef0123456789abcdef,synthetic-1-fist,29,protocol,synthetic-demo-contract-v1,True,-4.467641835349935,-4.545222312516056,-4.636152735583417,-4.698960995877618,-4.775112834304122,-4.858019089565385,-4.948218702122845,-5.009780681216838
1700000003565000000,13565000000,714,713,713,0,0,,,,0,fist,hold,200.0,dev-0123456789abcdef0123456789abcdef,synthetic-1-fist,29,protocol,synthetic-demo-contract-v1,True,5.119251610019042,5.281457695090955,5.428720157925624,5.60593805776068,5.769653258273429,5.9259449084232125,6.07606833089289,6.25487598327778
1700000003570000000,13570000000,715,714,714,0,0,,,,0,fist,hold,200.0,dev-0123456789abcdef0123456789abcdef,synthetic-1-fist,29,protocol,synthetic-demo-contract-v1,True,-4.496609111555806,-4.574625796439482,-4.66901349137801,-4.7319927806722,-4.808468355897559,-4.892985905699556,-4.982525977951291,-5.043502629118099
1700000003575000000,13575000000,716,715,715,0,0,,,,0,fist,hold,200.0,dev-0123456789abcdef0123456789abcdef,synthetic-1-fist,29,protocol,synthetic-demo-contract-v1,True,5.084904010167079,5.246656914417912,5.390796122149273,5.567395643257064,5.730671985473481,5.885343744458259,6.036151769612201,6.215236993504588
1700000003580000000,13580000000,717,716,716,0,0,,,,0,fist,hold,200.0,dev-0123456789abcdef0123456789abcdef,synthetic-1-fist,29,protocol,synthetic-demo-contract-v1,True,-4.536056870320979,-4.614541618939915,-4.711681264389337,-4.775725245580084,-4.852753442436347,-4.938888256812626,-5.0277223602301575,-5.0887279450772755
1700000003585000000,13585000000,718,717,717,0,0,,,,0,fist,hold,200.0,dev-0123456789abcdef0123456789abcdef,synthetic-1-fist,29,protocol,synthetic-demo-contract-v1,True,5.0406832997962745,5.20195278050492,5.343742578881934,5.5188368203913525,5.6814488256550995,5.834517121110058,5.986048912710536,6.164801979037837
1700000003590000000,13590000000,719,718,718,0,0,,,,0,fist,hold,200.0,dev-0123456789abcdef0123456789abcdef,synthetic-1-fist,29,protocol,synthetic-demo-contract-v1,True,-4.584679013619955,-4.663665511102102,-4.762727211931171,-4.828706649607388,-4.90650815265078,-4.994221580962034,-5.082317547312297,-5.143953244785276
1700000003595000000,13595000000,720,719,719,0,0,,,,0,fist,hold,200.0,dev-0123456789abcdef0123456789abcdef,synthetic-1-fist,29,protocol,synthetic-demo-contract-v1,True,4.988072356773842,5.148816472322239,5.289129684606363,5.461873334265355,5.62360651297239,5.775131890714698,5.927412915524926,6.105245114406437
1700000003600000000,13600000000,721,720,720,0,0,,,,0,fist,hold,200.0,dev-0123456789abcdef0123456789abcdef,synthetic-1-fist,29,protocol,synthetic-demo-contract-v1,True,-4.640828642093164,-4.72037149373683,-4.820453065457749,-4.889178663836573,-4.967960361294731,-5.0571704407665745,-5.144509191622274,-5.2073474488354785
1700000003605000000,13605000000,722,721,721,0,0,,,,0,fist,hold,200.0,dev-0123456789abcdef0123456789abcdef,synthetic-1-fist,29,protocol,synthetic-demo-contract-v1,True,4.928867602718995,5.089015238769759,5.228769603467035,5.398395458857035,5.559051928184091,5.709137143128443,5.862180417788716,6.038539207902623
1700000003610000000,13610000000,723,722,722,0,0,,,,0,fist,hold,200.0,dev-0123456789abcdef0123456789abcdef,synthetic-1-fist,29,protocol,synthetic-demo-contract-v1,True,-4.702575913939341,-4.782765886078291,-4.882947876656702,-4.9551348043793455,-5.035084180591397,-5.1256681307833345,-5.212242376833871,-5.276812361084151
1700000003615000000,13615000000,724,723,723,0,0,,,,0,fist,hold,200.0,dev-0123456789abcdef0123456789abcdef,synthetic-1-fist,29,protocol,synthetic-demo-contract-v1,True,4.865114753465533,5.024553173625061,5.164656188139224,5.330509187610186,5.489913234738595,5.638700190201253,5.792507613766285,5.96689047264746
1700000003620000000,13620000000,725,724,724,0,0,,,,0,fist,hold,200.0,dev-0123456789abcdef0123456789abcdef,synthetic-1-fist,29,protocol,synthetic-demo-contract-v1,True,-4.76777805184284,-4.848751242984536,-4.9481514043161186,-5.0243870945799864,-5.1056667474387645,-5.197464574162478,-5.283277471937827,-5.350052008468979
1700000003625000000,13625000000,726,725,725,0,0,,,,0,fist,hold,200.0,dev-0123456789abcdef0123456789abcdef,synthetic-1-fist,29,protocol,synthetic-demo-contract-v1,True,4.799033763292736,4.957603117824994,5.098899053529287,5.260466274139313,5.418469719858389,5.566135347094166,5.720699035025413,5.892665649412926
1700000003630000000,13630000000,727,726,726,0,0,,,,0,fist,hold,200.0,dev-0123456789abcdef0123456789abcdef,synthetic-1-fist,29,protocol,synthetic-demo-contract-v1,True,-4.8341586722515055,-4.916098019042788,-5.013922033174327,-5.0946387383052265,-5.177381174608757,-5.2702002767842036,-5.35526412266704,-5.42464845292829
1700000003635000000,13635000000,728,727,727,0,0,,,,0,fist,hold,200.0,dev-0123456789abcdef0123456789abcdef,synthetic-1-fist,29,protocol,synthetic-demo-contract-v1,True,4.732936054686118,4.890432060203248,5.0336542262902775,5.190589450569107,5.347076653544669,5.49382785190132,5.649131396827911,5.8183138866923745
1700000003640000000,13640000000,729,728,728,0,0,,,,0,fist,hold,200.0,dev-0123456789abcdef0123456789abcdef,synthetic-1-fist,29,protocol,synthetic-demo-contract-v1,True,-4.899393117305332,-4.9825214404880365,-5.078106985722888,-5.163560386880223,-5.247863260966382,-5.341483907045061,-5.425818937285631,-5.4981415736762
1700000003645000000,13645000000,730,729,729,0,0,,,,0,fist,hold,200.0,dev-0123456789abcdef0123456789abcdef,synthetic-1-fist,29,protocol,synthetic-demo-contract-v1,True,4.6691375394671475,4.82532268049204,4.971053646736628,5.12319531068832,5.2780876426666685,5.424155425740716,5.58017502294685,5.746285955343118
1700000003650000000,13650000000,731,730,730,0,0,,,,0,fist,hold,200.0,dev-0123456789abcdef0123456789abcdef,synthetic-1-fist,29,protocol,synthetic-demo-contract-v1,True,-4.961196142257988,-5.0457608411301464,-5.138612531507127,-5.228867463511578,-5.3147894318121,-5.408970949421744,-5.492604300913526,-5.568110188226713
1700000003655000000,13655000000,732,731,731,0,0,,,,0,fist,hold,200.0,dev-0123456789abcdef0123456789abcdef,synthetic-1-fist,29,protocol,synthetic-demo-contract-v1,True,4.6098711726203225,4.7644938524517295,4.913135818765422,5.060517421891897,5.213777039879154,5.3594100538576575,5.516115444539994,5.678953461950366
1700000003660000000,13660000000,733,732,732,0,0,,,,0,fist,hold,200.0,dev-0123456789abcdef0123456789abcdef,synthetic-1-fist,29,protocol,synthetic-demo-contract-v1,True,-5.017408171632483,-5.1036585972565796,-5.193471916771323,-5.288395974800802,-5.375953339897288,-5.470440843870824,-5.553405714423277,-5.632251837482284
1700000003665000000,13665000000,734,733,733,0,0,,,,0,fist,hold,200.0,dev-0123456789abcdef0123456789abcdef,synthetic-1-fist,29,protocol,synthetic-demo-contract-v1,True,4.5572028214404945,4.710022991766065,4.861779848138453,5.004632221289486,5.156264965304427,5.301722561741722,5.459077763837042,5.618530724040605
1700000003670000000,13670000000,735,734,734,0,0,,,,0,fist,hold,200.0,dev-0123456789abcdef0123456789abcdef,synthetic-1-fist,29,protocol,synthetic-demo-contract-v1,True,-5.066076395234008,-5.1542357852182645,-5.240908828828587,-5.34017429029949,-5.429338601815951,-5.523870072230375,-5.606205101790136,-5.68845860530875
1700000003675000000,13675000000,736,735,735,0,0,,,,0,fist,hold,200.0,dev-0123456789abcdef0123456789abcdef,synthetic-1-fist,29,protocol,synthetic-demo-contract-v1,True,4.512954076261699,4.663773088610166,4.818644982625259,4.957390157697421,5.107447412780148,5.25299246898603,5.410956282971998,5.567001881458903
1700000003680000000,13680000000,737,736,736,0,0,,,,0,fist,hold,200.0,dev-0123456789abcdef0123456789abcdef,synthetic-1-fist,29,protocol,synthetic-demo-contract-v1,True,-5.1055272277318515,-5.195761786008544,-5.27939437047522,-5.38248850623903,-5.473185271880716,-5.567498785477955,-5.649247662041713,-5.734886474800022
1700000003685000000,13685000000,738,737,737,0,0,,,,0,fist,hold,200.0,dev-0123456789abcdef0123456789abcdef,synthetic-1-fist,29,protocol,synthetic-demo-contract-v1,True,4.478635283982706,4.627327109038805,4.785117573980811,4.920354365668197,5.068933744852177,5.214825430602296,5.3733517252765,5.52605564456911
1700000003690000000,13690000000,739,738,738,0,0,,,,0,fist,hold,200.0,dev-0123456789abcdef0123456789abcdef,synthetic-1-fist,29,protocol,synthetic-demo-contract-v1,True,-5.134427087803823,-5.226815270755138,-5.307695744134497,-5.41393922403628,-5.506047862046527,-5.5998887776196185,-5.681100054294009,-5.770015937526301
1700000003695000000,13695000000,740,739,739,0,0,,,,0,fist,hold,200.0,dev-0123456789abcdef0123456789abcdef,synthetic-1-fist,29,protocol,synthetic-demo-contract-v1,True,4.455391572670188,4.6019321877704265,4.762267128509221,4.894748906138287,5.0419936371077165,5.18848032642294,5.347518126435138,5.497029827183917
1700000003700000000,13700000000,741,740,740,0,0,,,,0,fist,hold,200.0,dev-0123456789abcdef0123456789abcdef,synthetic-1-fist,29,protocol,synthetic-demo-contract-v1,True,-5.151829038595765,-5.246334312127327,-5.324915125297254,-5.433487860743982,-5.526842995145985,-5.619970896178993,-5.700697989787829,-5.792701861380689
1700000003705000000,13705000000,742,741,741,0,0,,,,0,fist,hold,200.0,dev-0123456789abcdef0123456789abcdef,synthetic-1-fist,29,protocol,synthetic-demo-contract-v1,True,4.4439639858712345,4.588455677340261,4.750812808815117,4.881418289115532,5.0275152209286915,5.174827742254609,5.334321154319677,5.480867488635793
1700000003710000000,13710000000,743,742,742,0,0,,,,0,fist,hold,200.0,dev-0123456789abcdef0123456789abcdef,synthetic-1-fist,29,protocol,synthetic-demo-contract-v1,True,-5.157203534902995,-5.253653767284739,-5.330517530675706,-5.440490957692678,-5.534885120457764,-5.627080326384695,-5.707381653950656,-5.802210977633251
1700000003715000000,13715000000,744,743,743,0,0,,,,0,fist,hold,200.0,dev-0123456789abcdef0123456789abcdef,synthetic-1-fist,29,protocol,synthetic-demo-contract-v1,True,4.444667098268832,4.587354678917409,4.751101404517091,4.880799617754075,5.025975804568323,5.174321212015158,5.334209239563847,5.478086125843881
1700000003720000000,13720000000,745,744,744,0,0,,,,0,fist,hold,200.0,dev-0123456789abcdef0123456789abcdef,synthetic-1-fist,29,protocol,synthetic-demo-contract-v1,True,-5.150452301572368,-5.2485285523325445,-5.324346847441176,-5.434721353492387,-5.529909114177067,-5.620978584805347,-5.700917782797198,-5.798245756747531
1700000003725000000,13725000000,746,745,745,0,0,,,,0,fist,hold,200.0,dev-0123456789abcdef0123456789abcdef,synthetic-1-fist,29,protocol,synthetic-demo-contract-v1,True,4.4573836847714405,4.598660175855303,4.763097415574258,4.892908272740316,5.0374261377857605,5.186982170500931,5.347198476433809,5.488760925277271
1700000003730000000,13730000000,747,746,746,0,0,,,,0,fist,hold,200.0,dev-0123456789abcdef0123456789abcdef,synthetic-1-fist,29,protocol,synthetic-demo-contract-v1,True,-5.131905175782756,-5.2311419572613085,-5.306629574168071,-5.416375524973925,-5.512079019721113,-5.601861495243252,-5.681507658216241,-5.78095389191488
1700000003735000000,13735000000,748,747,747,0,0,,,,0,fist,hold,200.0,dev-0123456789abcdef0123456789abcdef,synthetic-1-fist,29,protocol,synthetic-demo-contract-v1,True,4.481576210172273,4.621976342611979,4.786385500596036,4.917337605171051,5.061488738784705,5.212399115494979,5.372871799224608,5.512522620584108
1700000003740000000,13740000000,749,748,748,0,0,,,,0,fist,hold,200.0,dev-0123456789abcdef0123456789abcdef,synthetic-1-fist,29,protocol,synthetic-demo-contract-v1,True,-5.102300536009608,-5.202098712624745,-5.277966219284424,-5.386066859956655,-5.481982639728967,-5.570352880791441,-5.649780751352296,-5.750923084287144
1700000003745000000,13745000000,750,749,749,0,0,,,,0,fist,hold,200.0,dev-0123456789abcdef0123456789abcdef,synthetic-1-fist,29,protocol,synthetic-demo-contract-v1,True,4.516314142364737,4.656495031283677,4.820185146571017,4.953272640078007,5.097370338611649,5.2497410104764635,5.4103924682561475,5.548570019662405
1700000003750000000,13750000000,751,750,750,0,0,,,,0,fist,hold,200.0,dev-0123456789abcdef0123456789abcdef,synthetic-1-fist,29,protocol,synthetic-demo-contract-v1,True,-5.062750668039225,-5.16240309191248,-5.239310696394609,-5.344805093585419,-5.44061215804068,-5.52748417591251,-5.6067742170489945,-5.709161308867185
1700000003755000000,13755000000,752,751,751,0,0,,,,0,fist,hold,200.0,dev-0123456789abcdef0123456789abcdef,synthetic-1-fist,29,protocol,synthetic-demo-contract-v1,True,4.560315410945412,4.701024868805373,4.863377028340235,4.999517326972794,5.143888032760705,5.29778449060946,5.458531427098482,5.595696780991813
1700000003760000000,13760000000,753,752,752,0,0,,,,0,fist,hold,200.0,dev-0123456789abcdef0123456789abcdef,synthetic-1-fist,29,protocol,synthetic-demo-contract-v1,True,-5.014694044266496,-5.113422893473703,-5.191938435473001,-5.2939625997981095,-5.389331430488651,-5.474660625743968,-5.553898909544069,-5.657063218952216
1700000003765000000,13765000000,754,753,753,0,0,,,,0,fist,hold,200.0,dev-0123456789abcdef0123456789abcdef,synthetic-1-fist,29,protocol,synthetic-demo-contract-v1,True,4.611999770263027,4.754033852929087,4.914540157920999,5.054534423763402,5.199508277848151,5.35495398039943,5.515707634517425,5.652331549087923
1700000003770000000,13770000000,755,754,754,0,0,,,,0,fist,hold,200.0,dev-0123456789abcdef0123456789abcdef,synthetic-1-fist,29,protocol,synthetic-demo-contract-v1,True,-4.959836985570924,-5.056840670344414,-5.137404282903604,-5.235228665961549,-5.3298310228218595,-5.413615181322115,-5.49289303487195,-5.596363804122582
1700000003775000000,13775000000,756,755,755,0,0,,,,0,fist,hold,200.0,dev-0123456789abcdef0123456789abcdef,synthetic-1-fist,29,protocol,synthetic-demo-contract-v1,True,4.669551407953209,4.813703836294188,4.971998586754642,5.116496681099805,5.262397447757827,5.419373406362537,5.580040045920611,5.716590118478773
1700000003780000000,13780000000,757,756,756,0,0,,,,0,fist,hold,200.0,dev-0123456789abcdef0123456789abcdef,synthetic-1-fist,29,protocol,synthetic-demo-contract-v1,True,-4.900087514067652,-4.994594044466822,-5.077491580877188,-5.1705532773331555,-5.264072478022517,-5.346351604509031,-5.425764964038953,-5.529080836956666
1700000003785000000,13785000000,758,757,757,0,0,,,,0,fist,hold,200.0,dev-0123456789abcdef0123456789abcdef,synthetic-1-fist,29,protocol,synthetic-demo-contract-v1,True,4.730987882588362,4.877994855041531,5.033876128298026,5.183347619577208,5.330482282578902,5.488927806252727,5.64940953395802,5.786337899159293
1700000003790000000,13790000000,759,758,758,0,0,,,,0,fist,hold,200.0,dev-0123456789abcdef0123456789abcdef,synthetic-1-fist,29,protocol,synthetic-demo-contract-v1,True,-4.837484379690812,-4.928807335163272,-5.014154088224691,-5.102082285529466,-5.194223650347924,-5.275078651765348,-5.354727089492494,-5.457448013079016
1700000003795000000,13795000000,760,759,759,0,0,,,,0,fist,hold,200.0,dev-0123456789abcdef0123456789abcdef,synthetic-1-fist,29,protocol,synthetic-demo-contract-v1,True,4.7942323819136385,4.944716908310906,5.098157322902735,5.2528698746941656,5.401518237522956,5.561332810407834,5.721528709110988,5.859260617120518
1700000003800000000,13800000000,761,760,760,0,0,,,,0,fist,hold,200.0,dev-0123456789abcdef0123456789abcdef,synthetic-1-fist,29,protocol,synthetic-demo-contract-v1,True,-4.7741242548397445,-4.861717035286543,-4.9494526223567,-5.032086120086088,-5.122587237932641,-5.202137499830339,-5.282122903866607,-5.383840995638576
1700000003805000000,13805000000,762,761,761,0,0,,,,0,fist,hold,200.0,dev-0123456789abcdef0123456789abcdef,synthetic-1-fist,29,protocol,synthetic-demo-contract-v1,True,4.857186359826859,5.011606540730928,5.162752678789386,5.32275883454871,5.47316347856953,5.63420971134802,5.794017339457565,5.9329409124592605
1700000003810000000,13810000000,763,762,762,0,0,,,,0,fist,hold,200.0,dev-0123456789abcdef0123456789abcdef,synthetic-1-fist,29,protocol,synthetic-demo-contract-v1,True,-4.712089950818731,-4.795593871135483,-4.8854884593251215,-4.9628844150500955,-5.051524870008375,-5.129924799165769,-5.210349704649461,-5.310698808769511
1700000003815000000,13815000000,764,763,763,0,0,,,,0,fist,hold,200.0,dev-0123456789abcdef0123456789abcdef,synthetic-1-fist,29,protocol,synthetic-demo-contract-v1,True,4.917799819311628,5.076405430578198,5.225566097461788,5.390699121214938,5.543056085434468,5.705163653438156,5.864480882984269,6.00493830367981
1700000003820000000,13820000000,765,764,764,0,0,,,,0,fist,hold,200.0,dev-0123456789abcdef0123456789abcdef,synthetic-1-fist,29,protocol,synthetic-demo-contract-v1,True,-4.653382238447614,-4.732664277327793,-4.824335621757937,-4.896769056338101,-4.9833792513492,-5.06081388534594,-5.141779473849121,-5.240443177321373
1700000003825000000,13825000000,766,765,765,0,0,,,,0,fist,hold,200.0,dev-0123456789abcdef0123456789abcdef,synthetic-1-fist,29,protocol,synthetic-demo-contract-v1,True,4.974136835094445,5.136938146020199,5.284562332489706,5.4544413742945,5.608891916719761,5.771862371288488,5.930589541979007,6.072869876482836
1700000003830000000,13830000000,767,766,766,0,0,,,,0,fist,hold,200.0,dev-0123456789abcdef0123456789abcdef,synthetic-1-fist,29,protocol,synthetic-demo-contract-v1,True,-4.599857481230216,-4.675034103315268,-4.767974210179927,-4.835928205946322,-4.920396930597234,-4.997076739670823,-5.078680543108692,-5.17539847713594
1700000003835000000,13835000000,768,767,767,0,0,,,,0,fist,hold,200.0,dev-0123456789abcdef0123456789abcdef,synthetic-1-fist,29,protocol,synthetic-demo-contract-v1,True,5.0244343229181165,5.191186300484063,5.337832338559341,5.511876787278526,5.66850057027356,5.832112887023707,5.990155230639855,6.134489032221854
1700000003840000000,13840000000,769,768,768,0,0,,,,0,fist,hold,200.0,dev-0123456789abcdef0123456789abcdef,synthetic-1-fist,29,protocol,synthetic-demo-contract-v1,True,-4.553172845857231,-4.624617246689037,-4.7182268917074,-4.782373824419817,-4.8646542385562315,-4.940809266116864,-5.023142629988315,-5.1177149392001
1700000003845000000,13845000000,770,769,769,0,0,,,,0,fist,hold,200.0,dev-0123456789abcdef0123456789abcdef,synthetic-1-fist,29,protocol,synthetic-demo-contract-v1,True,5.06715252761412,5.237356510886827,5.383654442338579,5.561106924261014,5.7199169345841545,5.883933643223191,6.041203914704112,6.187759696040817
1700000003850000000,13850000000,771,770,770,0,0,,,,0,fist,hold,200.0,dev-0123456789abcdef0123456789abcdef,synthetic-1-fist,29,protocol,synthetic-demo-contract-v1,True,-4.514740376646596,-4.583071686843699,-4.676700553013656,-4.737875094519869,-4.817988838036743,-4.8938623431037085,-4.977007721078104,-5.069297642825838
1700000003855000000,13855000000,772,771,771,0,0,,,,0,fist,hold,200.0,dev-0123456789abcdef0123456789abcdef,synthetic-1-fist,29,protocol,synthetic-demo-contract-v1,True,5.101016184602371,5.27393983017208,5.420549405317492,5.6005065035661525,5.7614459723814075,5.92561969804322,6.082040933436802,6.230923535332032
1700000003860000000,13860000000,773,772,772,0,0,,,,0,fist,hold,200.0,dev-0123456789abcdef0123456789abcdef,synthetic-1-fist,29,protocol,synthetic-demo-contract-v1,True,-4.485690742066592,-4.551745081931714,-4.64473495548175,-4.703899950801275,-4.781939141841144,-4.857780919006075,-4.941809085835116,-5.031743641184004
1700000003865000000,13865000000,774,773,773,0,0,,,,0,fist,hold,200.0,dev-0123456789abcdef0123456789abcdef,synthetic-1-fist,29,protocol,synthetic-demo-contract-v1,True,5.125045776162581,5.299760675555374,5.447327646751504,5.628777070610919,5.791718600732212,5.955798836862011,6.111307144747025,6.262557970587405
1700000003870000000,13870000000,775,774,774,0,0,,,,0,fist,hold,200.0,dev-0123456789abcdef0123456789abcdef,synthetic-1-fist,29,protocol,synthetic-demo-contract-v1,True,-4.4668470136188985,-4.531631706729343,-4.623360005100374,-4.681566648506841,-4.757693596088649,-4.833753156104603,-4.918720437847609,-5.006289293391875
1700000003875000000,13875000000,776,775,775,0,0,,,,0,fist,hold,200.0,dev-0123456789abcdef0123456789abcdef,synthetic-1-fist,29,protocol,synthetic-demo-contract-v1,True,5.138578726509068,5.314013690266076,5.463127145795573,5.644989786892709,5.809736825437492,5.973476753253596,6.128024035949184,6.2816230653075165
1700000003880000000,13880000000,777,776,776,0,0,,,,0,fist,hold,200.0,dev-0123456789abcdef0123456789abcdef,synthetic-1-fist,29,protocol,synthetic-demo-contract-v1,True,-4.458708445305334,-4.52334206611006,-4.613262975077733,-4.671606969911856,-4.746051500851062,-4.822571297432569,-4.908516926410018,-4.993769539819131
1700000003885000000,13885000000,778,777,777,0,0,,,,0,fist,hold,200.0,dev-0123456789abcdef0123456789abcdef,synthetic-1-fist,29,protocol,synthetic-demo-contract-v1,True,5.141280736630513,5.316287441301116,5.467440837967591,5.648615925160564,5.814906641790245,5.978069811384985,6.131626305824779,6.287495749319421
1700000003890000000,13890000000,779,778,778,0,0,,,,0,fist,hold,200.0,dev-0123456789abcdef0123456789abcdef,synthetic-1-fist,29,protocol,synthetic-demo-contract-v1,True,-4.46144390355924,-4.527086037175575,-4.614766703935501,-4.674342278230844,-4.7473966597207795,-4.8246055455952375,-4.9115492518297135,-4.9945904624814865
1700000003895000000,13895000000,780,779,779,0,0,,,,0,fist,hold,200.0,dev-0123456789abcdef0123456789abcdef,synthetic-1-fist,29,protocol,synthetic-demo-contract-v1,True,5.1331477372145535,5.306574349294854,5.4601326530109935,5.639544070452183,5.8070576170592725,5.969424310227791,6.121980836212955,6.27999024849249
1700000003900000000,13900000000,781,780,780,0,0,,,,0,fist,hold,200.0,dev-0123456789abcdef0123456789abcdef,synthetic-1-fist,29,protocol,synthetic-demo-contract-v1,True,-4.474894362465427,-4.54266989257172,-4.627819445757787,-4.689673201398915,-4.761684727002632,-4.839791814789882,-4.927731765608799,-5.008716033372676
1700000003905000000,13905000000,782,781,781,0,0,,,,0,fist,hold,200.0,dev-0123456789abcdef0123456789abcdef,synthetic-1-fist,29,protocol,synthetic-demo-contract-v1,True,5.1144991304878245,5.28526674907988,5.441441698805359,5.618083469079616,5.786448509125099,5.947821613850394,6.099391419773406,6.259364049609013
1700000003910000000,13910000000,783,782,782,0,0,,,,0,fist,hold,200.0,dev-0123456789abcdef0123456789abcdef,synthetic-1-fist,29,protocol,synthetic-demo-contract-v1,True,-4.498583728333619,-4.569507058007505,-4.651996682943859,-4.717083274733328,-4.7884446696532335,-4.867633761011221,-4.956544955792705,-5.03566948483856
1700000003915000000,13915000000,784,783,783,0,0,,,,0,fist,hold,200.0,dev-0123456789abcdef0123456789abcdef,synthetic-1-fist,29,protocol,synthetic-demo-contract-v1,True,5.085963102587645,5.253139471280604,5.411974468241987,5.584953428075642,5.753758736039179,5.913968976908075,6.064589080047787,6.226309206996366
1700000003920000000,13920000000,785,784,784,0,0,,,,0,fist,hold,200.0,dev-0123456789abcdef0123456789abcdef,synthetic-1-fist,29,protocol,synthetic-demo-contract-v1,True,-4.531737184192139,-4.606641977572085,-4.686514836448902,-4.755656407769912,-4.826794295772241,-4.907219025799241,-4.9970522435406926,-5.074549253095321
1700000003925000000,13925000000,786,785,785,0,0,,,,0,fist,hold,200.0,dev-0123456789abcdef0123456789abcdef,synthetic-1-fist,29,protocol,synthetic-demo-contract-v1,True,5.048454827790987,5.211319797985384,5.37268532157707,5.541259130740684,5.710065977728451,5.868976364981907,6.018708295019885,6.181929281687175
1700000003930000000,13930000000,787,786,786,0,0,,,,0,fist,hold,200.0,dev-0123456789abcdef0123456789abcdef,synthetic-1-fist,29,protocol,synthetic-demo-contract-v1,True,-4.573306234649549,-4.6527860185684125,-4.730256435534423,-4.80410758188167,-4.87546933771959,-4.957249161326166,-5.047930544985803,-5.124058964679769
1700000003935000000,13935000000,788,787,787,0,0,,,,0,fist,hold,200.0,dev-0123456789abcdef0123456789abcdef,synthetic-1-fist,29,protocol,synthetic-demo-contract-v1,True,5.0031483712260005,5.161246062789098,5.324845864262546,5.488454684359227,5.656810648247168,5.8143200301496005,5.963249900376762,6.127702678362579
1700000003940000000,13940000000,789,788,788,0,0,,,,0,fist,hold,200.0,dev-0123456789abcdef0123456789abcdef,synthetic-1-fist,29,protocol,synthetic-demo-contract-v1,True,-4.621999665886029,-4.706363958427575,-4.781805949837166,-4.860825746862028,-4.932865131078942,-5.016082254512811,-5.107513598277559,-5.182550471878986
1700000003945000000,13945000000,790,789,789,0,0,,,,0,fist,hold,200.0,dev-0123456789abcdef0123456789abcdef,synthetic-1-fist,29,protocol,synthetic-demo-contract-v1,True,4.951443048257187,5.104616523468696,5.27000418845555,5.428294638931863,5.595748409815234,5.751794037941385,5.900031888266313,6.065433594492556
1700000003950000000,13950000000,791,790,790,0,0,,,,0,fist,hold,200.0,dev-0123456789abcdef0123456789abcdef,synthetic-1-fist,29,protocol,synthetic-demo-contract-v1,True,-4.676319692460681,-4.765569272181668,-4.839495152031583,-4.923927481036195,-4.997089515441865,-5.0817868500245815,-5.173846634321751,-5.248078512323363
1700000003955000000,13955000000,792,791,791,0,0,,,,0,fist,hold,200.0,dev-0123456789abcdef0123456789abcdef,synthetic-1-fist,29,protocol,synthetic-demo-contract-v1,True,4.894924938934176,5.043330423466881,5.2099352647211985,5.362775596882081,5.528892294107071,5.683451338298907,5.831129717028199,5.997192205093152
1700000003960000000,13960000000,793,792,792,0,0,,,,0,fist,hold,200.0,dev-0123456789abcdef0123456789abcdef,synthetic-1-fist,29,protocol,synthetic-demo-contract-v1,True,-4.734602619852906,-4.8284261890992015,-4.901456579699693,-4.99131962401479,-5.066025213038793,-5.152205400176343,-5.244750595052151,-5.318465184159078
1700000003965000000,13965000000,794,793,793,0,0,,,,0,fist,hold,200.0,dev-0123456789abcdef0123456789abcdef,synthetic-1-fist,29,protocol,synthetic-demo-contract-v1,True,4.835324206363375,4.979423368759743,5.146584049156701,5.294069860540733,5.45844633887178,5.611536317265958,5.758808093953872,5.925246061877959
1700000003970000000,13970000000,795,794,794,0,0,,,,0,fist,hold,200.0,dev-0123456789abcdef0123456789abcdef,synthetic-1-fist,29,protocol,synthetic-demo-contract-v1,True,-4.795063388804424,-4.892856317160525,-4.965683409397868,-5.060768795666748,-5.137399628787647,-5.225025156212707,-5.317893787457946,-5.3913721042065905
1700000003975000000,13975000000,796,795,795,0,0,,,,0,fist,hold,200.0,dev-0123456789abcdef0123456789abcdef,synthetic-1-fist,29,protocol,synthetic-demo-contract-v1,True,4.774468847199939,4.914999275565644,5.082003101729648,5.224453326003472,5.386732927678414,5.538411046568378,5.685446475163038,5.851984975564747
1700000003980000000,13980000000,797,796,796,0,0,,,,0,fist,hold,200.0,dev-0123456789abcdef0123456789abcdef,synthetic-1-fist,29,protocol,synthetic-demo-contract-v1,True,-4.855843368287106,-4.956747546363824,-5.030093852190303,-5.129975488996222,-5.208859770670196,-5.29785417044915,-5.3908686154733685,-5.4643778629509425
1700000003985000000,13985000000,798,797,797,0,0,,,,0,fist,hold,200.0,dev-0123456789abcdef0123456789abcdef,synthetic-1-fist,29,protocol,synthetic-demo-contract-v1,True,4.714235524236843,4.852161191104461,5.018286686910452,5.1562300200944735,5.316116228168371,5.4664776557534385,5.613460734848645,5.779841865140731
1700000003990000000,13990000000,799,798,798,0,0,,,,0,fist,hold,200.0,dev-0123456789abcdef0123456789abcdef,synthetic-1-fist,29,protocol,synthetic-demo-contract-v1,True,-4.915060717827541,-5.018022935384638,-5.092598034442039,-5.196650275762371,-5.278049820544791,-5.368299910426254,-5.4612708633488465,-5.535058215461888
1700000003995000000,13995000000,800,799,799,0,0,,,,0,fist,hold,200.0,dev-0123456789abcdef0123456789abcdef,synthetic-1-fist,29,protocol,synthetic-demo-contract-v1,True,4.656498202341442,4.792943256819898,4.957503442188304,5.0916557855133915,5.2489242528172415,5.398099379322985,5.545223583554024,5.71121219089888
1700000004000000000,14000000000,801,800,800,0,0,,,,0,fist,hold,200.0,dev-0123456789abcdef0123456789abcdef,synthetic-1-fist,29,protocol,synthetic-demo-contract-v1,True,-4.97086254354638,-5.074707356807984,-5.151165245050446,-5.258589596711578,-5.342688798127561,-5.434047900089717,-5.526778918846462,-5.601066357171041
1700000004005000000,14005000000,802,801,801,0,0,,,,0,fist,hold,200.0,dev-0123456789abcdef0123456789abcdef,synthetic-1-fist,29,protocol,synthetic-demo-contract-v1,True,4.603075429428005,4.7392459765622394,4.901629750087713,5.03286364431132,5.187372111619715,5.335522875098269,5.482986357575975,5.648374634645884
1700000004010000000,14010000000,803,802,802,0,0,,,,0,fist,hold,200.0,dev-0123456789abcdef0123456789abcdef,synthetic-1-fist,29,protocol,synthetic-demo-contract-v1,True,-5.021477929741972,-5.124989817320387,-5.203889413300255,-5.313748625299629,-5.4006457578027245,-5.492937801903295,-5.585230325375595,-5.660210630811443
1700000004015000000,14015000000,804,803,803,0,0,,,,0,fist,hold,200.0,dev-0123456789abcdef0123456789abcdef,synthetic-1-fist,29,protocol,synthetic-demo-contract-v1,True,4.555677265894001,4.692776779026062,4.852485933061761,4.981793310930518,5.133488986817391,5.280804368451377,5.428804757610812,5.593415649117075
1700000004020000000,14020000000,805,804,804,0,0,,,,0,fist,hold,200.0,dev-0123456789abcdef0123456789abcdef,synthetic-1-fist,29,protocol,synthetic-demo-contract-v1,True,-5.065270750623846,-5.167279572051939,-5.249050730955047,-5.360308794073518,-5.4500100392575455,-5.5430344377723095,-5.63469313900977,-5.710527095834768
1700000004025000000,14025000000,806,805,805,0,0,,,,0,fist,hold,200.0,dev-0123456789abcdef0123456789abcdef,synthetic-1-fist,29,protocol,synthetic-demo-contract-v1,True,4.515853054164049,4.6549976339509564,4.811677308321614,4.940127185235823,5.089051237085114,5.235742051390752,5.384470985796455,5.548160370683052
1700000004030000000,14030000000,807,806,806,0,0,,,,0,fist,hold,200.0,dev-0123456789abcdef0123456789abcdef,synthetic-1-fist,29,protocol,synthetic-demo-contract-v1,True,-5.100790972753668,-5.200254406266642,-5.285171446856195,-5.396737753000814,-5.48915425599743,-5.582691412945115,-5.6735297363702495,-5.750344561453913
1700000004035000000,14035000000,808,807,807,0,0,,,,0,fist,hold,200.0,dev-0123456789abcdef0123456789abcdef,synthetic-1-fist,29,protocol,synthetic-demo-contract-v1,True,4.484941414152682,4.6270812062340605,4.780541993455087,4.909234938065006,5.055523836522234,5.201816959925616,5.3514545205755235,5.514112179122948
1700000004040000000,14040000000,809,808,808,0,0,,,,0,fist,hold,200.0,dev-0123456789abcdef0123456789abcdef,synthetic-1-fist,29,protocol,synthetic-demo-contract-v1,True,-5.12682297059766,-5.222899751365966,-5.311064039021358,-5.4218397828750975,-5.516787945206229,-5.610605250202247,-5.700450967048822,-5.778339933505953
1700000004045000000,14045000000,810,809,809,0,0,,,,0,fist,hold,200.0,dev-0123456789abcdef0123456789abcdef,synthetic-1-fist,29,protocol,synthetic-demo-contract-v1,True,4.4640240261864506,4.609876722911354,4.760107147721188,4.890128514185174,5.034012079022765,5.180144274415482,5.330853485197652,5.492402902514962
1700000004050000000,14050000000,811,810,810,0,0,,,,0,fist,hold,200.0,dev-0123456789abcdef0123456789abcdef,synthetic-1-fist,29,protocol,synthetic-demo-contract-v1,True,-5.142429220826752,-5.234537623800648,-5.325870202949245,-5.434795005946691,-5.532000110282978,-5.625858253641687,-5.7145588614334235,-5.793582045369051
1700000004055000000,14055000000,812,811,811,0,0,,,,0,fist,hold,200.0,dev-0123456789abcdef0123456789abcdef,synthetic-1-fist,29,protocol,synthetic-demo-contract-v1,True,4.45388489422599,4.603886396856729,4.751055074156835,4.883429029818923,5.02522514018084,5.171436644902631,5.323358217516086,5.483755313588136
1700000004060000000,14060000000,813,812,812,0,0,,,,0,fist,hold,200.0,dev-0123456789abcdef0123456789abcdef,synthetic-1-fist,29,protocol,synthetic-demo-contract-v1,True,-5.1469876414822275,-5.234844713166384,-5.32908937870583,-5.435186109438917,-5.5342892535603445,-5.627948691962336,-5.71537648106635,-5.795562523632802
1700000004065000000,14065000000,814,813,813,0,0,,,,0,fist,hold,200.0,dev-0123456789abcdef0123456789abcdef,synthetic-1-fist,29,protocol,synthetic-demo-contract-v1,True,4.454976844001953,4.609252909617607,4.753700301757019,4.8893466457323855,5.029452697981808,5.175980748000736,5.329228247466462,5.488459157801095
1700000004070000000,14070000000,815,814,814,0,0,,,,0,fist,hold,200.0,dev-0123456789abcdef0123456789abcdef,synthetic-1-fist,29,protocol,synthetic-demo-contract-v1,True,-5.140220823556375,-5.223859288222239,-5.32059586495956,-5.4230117131300375,-5.52357990911957,-5.616807308144858,-5.702863921624728,-5.7842126675540415
1700000004075000000,14075000000,816,815,815,0,0,,,,0,fist,hold,200.0,dev-0123456789abcdef0123456789abcdef,synthetic-1-fist,29,protocol,synthetic-demo-contract-v1,True,4.467396981231911,4.625758114899295,4.767978424130223,4.9076740654790685,5.04655538302197,5.1936278467797825,5.3482834474503065,5.506361506368331
1700000004080000000,14080000000,817,816,816,0,0,,,,0,fist,hold,200.0,dev-0123456789abcdef0123456789abcdef,synthetic-1-fist,29,protocol,synthetic-demo-contract-v1,True,-5.122215484024671,-5.201976926475302,-5.300643925664542,-5.398685955858269,-5.500225130666594,-5.59279961211177,-5.677419934345329,-5.759905783390946
1700000004085000000,14085000000,818,817,817,0,0,,,,0,fist,hold,200.0,dev-0123456789abcdef0123456789abcdef,synthetic-1-fist,29,protocol,synthetic-demo-contract-v1,True,4.490872698438148,4.652832793593888,4.79344710154921,4.937793856135387,5.075969373083413,5.223798664561399,5.379909654305831,5.536871754199574
1700000004090000000,14090000000,819,818,818,0,0,,,,0,fist,hold,200.0,dev-0123456789abcdef0123456789abcdef,synthetic-1-fist,29,protocol,synthetic-demo-contract-v1,True,-5.093430663285521,-5.169935395187312,-5.269860673694732,-5.363024332880229,-5.464994852451825,-5.556713880522421,-5.639869105214337,-5.723444895244024
1700000004095000000,14095000000,820,819,819,0,0,,,,0,fist,hold,200.0,dev-0123456789abcdef0123456789abcdef,synthetic-1-fist,29,protocol,synthetic-demo-contract-v1,True,4.5247595666734375,4.689576979379396,4.829299248504443,4.97869933077813,5.1167249805951425,5.265502412771001,5.423078584998238,5.578981098874934
1700000004100000000,14100000000,821,820,820,0,0,,,,0,fist,hold,200.0,dev-0123456789abcdef0123456789abcdef,synthetic-1-fist,29,protocol,synthetic-demo-contract-v1,True,-5.054693500337408,-5.128789311431532,-5.229226903775592,-5.317216271304103,-5.419050506937708,-5.5097352579399,-5.591435006912375,-5.67603623718102
1700000004105000000,14105000000,822,821,821,0,0,,,,0,fist,hold,200.0,dev-0123456789abcdef0123456789abcdef,synthetic-1-fist,29,protocol,synthetic-demo-contract-v1,True,4.568052081251468,4.7347900878105715,4.874388040613868,5.0290282832384,5.167478620209843,5.317369347472601,5.476381397298509,5.63129585832023
1700000004110000000,14110000000,823,822,822,0,0,,,,0,fist,hold,200.0,dev-0123456789abcdef0123456789abcdef,synthetic-1-fist,29,protocol,synthetic-demo-contract-v1,True,-5.007181840539733,-5.079875479876668,-5.1800464324832145,-5.26278536923727,-5.363906735990567,-5.453406810729575,-5.533700200675112,-5.619249401234167
1700000004115000000,14115000000,824,823,823,0,0,,,,0,fist,hold,200.0,dev-0123456789abcdef0123456789abcdef,synthetic-1-fist,29,protocol,synthetic-demo-contract-v1,True,4.6194077584821915,4.787009827038285,4.927262995186015,5.0871084411782865,5.226557102624923,5.377695784255239,5.53807479705837,5.692083527567878
1700000004120000000,14120000000,825,824,824,0,0,,,,0,fist,hold,200.0,dev-0123456789abcdef0123456789abcdef,synthetic-1-fist,29,protocol,synthetic-demo-contract-v1,True,-4.95239344859426,-5.02477004446081,-5.123904873761113,-5.201538631332578,-5.301381457859296,-5.389578814172717,-5.468554398669927,-5.554965456822814
1700000004125000000,14125000000,826,825,825,0,0,,,,0,fist,hold,200.0,dev-0123456789abcdef0123456789abcdef,synthetic-1-fist,29,protocol,synthetic-demo-contract-v1,True,4.677184522912654,4.844558648975516,4.986216020889618,5.151013117301229,5.2920127944186195,5.444500091386461,5.6061381800492205,5.759330053985757
1700000004130000000,14130000000,827,826,826,0,0,,,,0,fist,hold,200.0,dev-0123456789abcdef0123456789abcdef,synthetic-1-fist,29,protocol,synthetic-demo-contract-v1,True,-4.892102189592514,-4.965238790555827,-5.062619122525197,-5.135506395654555,-5.233535936077002,-5.320347940284326,-5.398132487912228,-5.485314754713545
1700000004135000000,14135000000,828,827,827,0,0,,,,0,fist,hold,200.0,dev-0123456789abcdef0123456789abcdef,synthetic-1-fist,29,protocol,synthetic-demo-contract-v1,True,4.739490709565348,4.905596318741728,5.049336005376614,5.218625203254382,5.36168782545326,5.515587820080146,5.678339932351506,5.830806439529695
1700000004140000000,14140000000,829,828,828,0,0,,,,0,fist,hold,200.0,dev-0123456789abcdef0123456789abcdef,synthetic-1-fist,29,protocol,synthetic-demo-contract-v1,True,-4.828302172093124,-4.903182095320134,-4.998179125347891,-5.066874952295709,-5.162606826027158,-5.247988345978974,-5.3247444512773585,-5.412606469656652
1700000004145000000,14145000000,830,829,829,0,0,,,,0,fist,hold,200.0,dev-0123456789abcdef0123456789abcdef,synthetic-1-fist,29,protocol,synthetic-demo-contract-v1,True,4.8042463677634855,4.968177039327272,5.11457022600297,5.287707377525948,5.433285227127772,5.588623830222773,5.752310710962463,5.904142470170007
1700000004150000000,14150000000,831,830,830,0,0,,,,0,fist,hold,200.0,dev-0123456789abcdef0123456789abcdef,synthetic-1-fist,29,protocol,synthetic-demo-contract-v1,True,-4.763141482078658,-4.840576144407964,-4.932683775826074,-4.99791409293607,-5.090932439387072,-5.174876927603391,-5.250799488769827,-5.3392522090698815
1700000004155000000,14155000000,832,831,831,0,0,,,,0,fist,hold,200.0,dev-0123456789abcdef0123456789abcdef,synthetic-1-fist,29,protocol,synthetic-demo-contract-v1,True,4.869253931366911,5.0303094684890075,5.17979063745583,5.355976196319673,5.504444656273002,5.661209039850697,5.8256212956097695,5.976905136844567
1700000004160000000,14160000000,833,832,832,0,0,,,,0,fist,hold,200.0,dev-0123456789abcdef0123456789abcdef,synthetic-1-fist,29,protocol,synthetic-demo-contract-v1,True,-4.69884773506492,-4.7794121125541835,-4.8682729743060875,-4.9309019947721335,-5.020875657280276,-5.103415199686691,-5.178726834057976,-5.267686211552549
1700000004165000000,14165000000,834,833,833,0,0,,,,0,fist,hold,200.0,dev-0123456789abcdef0123456789abcdef,synthetic-1-fist,29,protocol,synthetic-demo-contract-v1,True,4.932275755315188,5.090017906088429,5.242862919067153,5.421177611571239,5.572820208308937,5.730959274639372,5.895862451334824,6.046679156890752
1700000004170000000,14170000000,835,834,834,0,0,,,,0,fist,hold,200.0,dev-0123456789abcdef0123456789abcdef,synthetic-1-fist,29,protocol,synthetic-demo-contract-v1,True,-4.637648195171353,-4.721635043888332,-4.807058030087784,-4.8680499266440584,-4.954746033450793,-5.035950366737152,-5.110895871028463,-5.200284772113721
1700000004175000000,14175000000,836,835,835,0,0,,,,0,fist,hold,200.0,dev-0123456789abcdef0123456789abcdef,synthetic-1-fist,29,protocol,synthetic-demo-contract-v1,True,4.99111554967796,5.1454029120805025,5.301716060016077,5.481161416945398,5.636157754406713,5.795583624655233,5.960724174251365,6.1111469350448475
1700000004180000000,14180000000,837,836,836,0,0,,,,0,fist,hold,200.0,dev-0123456789abcdef0123456789abcdef,synthetic-1-fist,29,protocol,synthetic-demo-contract-v1,True,-4.5816876170004,-4.6690841656766,-4.751052653905217,-4.811429267119067,-4.89472365547491,-4.974698183388915,-5.049538179125139,-5.139287557045417
1700000004185000000,14185000000,838,837,837,0,0,,,,0,fist,hold,200.0,dev-0123456789abcdef0123456789abcdef,synthetic-1-fist,29,protocol,synthetic-demo-contract-v1,True,5.043700405046105,5.19469963746836,5.354410226610609,5.5339521620971945,5.692369253090153,5.85295973190018,6.018071712227013,6.168165321085028
1700000004190000000,14190000000,839,838,838,0,0,,,,0,fist,hold,200.0,dev-0123456789abcdef0123456789abcdef,synthetic-1-fist,29,protocol,synthetic-demo-contract-v1,True,-4.532947226816768,-4.623436327366081,-4.702106786347087,-4.762903243837358,-4.842787274068984,-4.921670139303444,-4.996674073696769,-5.086723409495237
1700000004195000000,14195000000,840,839,839,0,0,,,,0,fist,hold,200.0,dev-0123456789abcdef0123456789abcdef,synthetic-1-fist,29,protocol,synthetic-demo-contract-v1,True,5.088159925118519,5.236332211820157,5.399200694316113,5.577814196232487,5.7396015864549215,5.901203533210414,6.066015857463204,6.215836626450485
1700000004200000000,14200000000,841,840,840,0,0,,,,0,fist,hold,200.0,dev-0123456789abcdef0123456789abcdef,synthetic-1-fist,29,protocol,synthetic-demo-contract-v1,True,-4.49316835012625,-4.586154176352956,-4.6618454331539025,-4.724065643415267,-4.800649069845941,-4.8786073628988404,-4.954046060524699,-5.04434309902386
1700000004205000000,14205000000,842,841,841,0,0,,,,0,fist,hold,200.0,dev-0123456789abcdef0123456789abcdef,synthetic-1-fist,29,protocol,synthetic-demo-contract-v1,True,5.122898982465618,5.268962630257203,5.434595737788139,5.611308699908865,5.776297651689838,5.938731165529007,6.102975195619851,6.252571551231721
1700000004210000000,14210000000,843,842,842,0,0,,,,0,fist,hold,200.0,dev-0123456789abcdef0123456789abcdef,synthetic-1-fist,29,protocol,synthetic-demo-contract-v1,True,-4.463784099949455,-4.558440564064046,-4.631614532551992,-4.696188507078714,-4.769698208057203,-4.846923416901397,-4.92306139695662,-5.013561239637718
1700000004215000000,14215000000,844,843,843,0,0,,,,0,fist,hold,200.0,dev-0123456789abcdef0123456789abcdef,synthetic-1-fist,29,protocol,synthetic-demo-contract-v1,True,5.146660799399217,5.2915327188003545,5.459406552165431,5.6333408323790115,5.801247693903145,5.964310998448751,6.127728260084859,6.277141939566112
1700000004220000000,14220000000,845,844,844,0,0,,,,0,fist,hold,200.0,dev-0123456789abcdef0123456789abcdef,synthetic-1-fist,29,protocol,synthetic-demo-contract-v1,True,-4.44586226203277,-4.541200522230905,-4.612435666813874,-4.680180526858136,-4.750955042144298,-4.827657866164097,-4.9047456530823235,-4.995409298505493
1700000004225000000,14225000000,846,845,845,0,0,,,,0,fist,hold,200.0,dev-0123456789abcdef0123456789abcdef,synthetic-1-fist,29,protocol,synthetic-demo-contract-v1,True,5.158577423488116,5.30329792794299,5.472787523295831,5.643195451579558,5.813629187970589,5.977104083731954,6.139453871553228,6.288721616900426
1700000004230000000,14230000000,847,846,846,0,0,,,,0,fist,hold,200.0,dev-0123456789abcdef0123456789abcdef,synthetic-1-fist,29,protocol,synthetic-demo-contract-v1,True,-4.440062060102205,-4.535011961501242,-4.604971156164057,-4.676557500679548,-4.745037475866252,-4.8214421438044095,-4.899708804979733,-4.990501251764784
1700000004235000000,14235000000,848,847,847,0,0,,,,0,fist,hold,200.0,dev-0123456789abcdef0123456789abcdef,synthetic-1-fist,29,protocol,synthetic-demo-contract-v1,True,5.158205200464692,5.303851908222589,5.474265466244494,5.640560244078826,5.813033954625009,5.976691692566442,6.137758331353368,6.2869139557368365
1700000004240000000,14240000000,849,848,848,0,0,,,,0,fist,hold,200.0,dev-0123456789abcdef0123456789abcdef,synthetic-1-fist,29,protocol,synthetic-demo-contract-v1,True,-4.446606877795815,-4.540106025118981,-4.60950074615406,-4.685425803936846,-4.752140592938615,-4.828478837142072,-4.908124980120392,-4.999013026565706
1700000004245000000,14245000000,850,849,849,0,0,,,,0,fist,hold,200.0,dev-0123456789abcdef0123456789abcdef,synthetic-1-fist,29,protocol,synthetic-demo-contract-v1,True,5.145543518953735,5.2931410557397784,5.4637568012360935,5.625535520244115,5.799481616854507,5.963089036072911,6.122688569168934,6.271765254395826
1700000004250000000,14250000000,851,850,850,0,0,,,,0,fist,hold,200.0,dev-0123456789abcdef0123456789abcdef,synthetic-1-fist,29,protocol,synthetic-demo-contract-v1,True,-4.465274286171476,-4.556357782308178,-4.625910729738588,-4.706479403466466,-4.772030225731424,-4.848535073479207,-4.929726526104172,-5.020676413543085
1700000004255000000,14255000000,852,851,851,0,0,,,,0,fist,hold,200.0,dev-0123456789abcdef0123456789abcdef,synthetic-1-fist,29,protocol,synthetic-demo-contract-v1,True,5.121035875118266,5.271468476637589,5.441572023261294,5.598630371679017,5.7734189529937,5.936744719060237,6.094730807731659,6.243763481562823
1700000004260000000,14260000000,853,852,852,0,0,,,,0,fist,hold,200.0,dev-0123456789abcdef0123456789abcdef,synthetic-1-fist,29,protocol,synthetic-demo-contract-v1,True,-4.495403917024316,-4.583287673032107,-4.653695944085496,-4.739010491600184,-4.804050675046084,-4.880950221986837,-4.963812602766274,-5.05478765626672
1700000004265000000,14265000000,854,853,853,0,0,,,,0,fist,hold,200.0,dev-0123456789abcdef0123456789abcdef,synthetic-1-fist,29,protocol,synthetic-demo-contract-v1,True,5.085553137438162,5.239487103225272,5.408407233692324,5.560745338962435,5.7357051678345945,5.898525946277764,6.054794783502474,6.203822422488587
1700000004270000000,14270000000,855,854,854,0,0,,,,0,fist,hold,200.0,dev-0123456789abcdef0123456789abcdef,synthetic-1-fist,29,protocol,synthetic-demo-contract-v1,True,-4.535922878629587,-4.620073822743377,-4.691974662442029,-4.781933367993265,-4.8471463264741645,-4.924657657103259,-5.009272019871334,-5.100230439648131
1700000004275000000,14275000000,856,855,855,0,0,,,,0,fist,hold,200.0,dev-0123456789abcdef0123456789abcdef,synthetic-1-fist,29,protocol,synthetic-demo-contract-v1,True,5.040359734773789,5.198181995409697,5.36532292615038,5.513142182970767,5.687583567322681,5.849689968997108,6.004184037632144,6.153251744746631
1700000004280000000,14280000000,857,856,856,0,0,,,,0,fist,hold,200.0,dev-0123456789abcdef0123456789abcdef,synthetic-1-fist,29,protocol,synthetic-demo-contract-v1,True,-4.585387580463422,-4.665575038439023,-4.739515976762879,-4.833820760086882,-4.899896450714182,-4.978219866403628,-5.064619573809961,-5.155512523771992
1700000004285000000,14285000000,858,857,857,0,0,,,,0,fist,hold,200.0,dev-0123456789abcdef0123456789abcdef,synthetic-1-fist,29,protocol,synthetic-demo-contract-v1,True,4.98706429606245,5.148842172983069,5.313710640702905,5.457401777882967,5.630640570635216,5.791842712253477,5.944553249951148,6.093713966506963
1700000004290000000,14290000000,859,858,858,0,0,,,,0,fist,hold,200.0,dev-0123456789abcdef0123456789abcdef,synthetic-1-fist,29,protocol,synthetic-demo-contract-v1,True,-4.642040064721098,-4.718363982742582,-4.794778851255787,-4.8929513637704405,-4.960562040588359,-5.0398757470804245,-5.128044692377029,-5.218814818863518
1700000004295000000,14295000000,860,859,859,0,0,,,,0,fist,hold,200.0,dev-0123456789abcdef0123456789abcdef,synthetic-1-fist,29,protocol,synthetic-demo-contract-v1,True,4.927556991266233,5.093022639602451,5.255248506254528,5.395371534363739,5.56675341088568,5.726885944601774,5.877854015286207,6.0271697430156985
1700000004300000000,14300000000,861,860,860,0,0,,,,0,fist,hold,200.0,dev-0123456789abcdef0123456789abcdef,synthetic-1-fist,29,protocol,synthetic-demo-contract-v1,True,-4.703876278861186,-4.776769708890682,-4.855961634402457,-4.957367017523914,-5.027143140688897,-5.107598534417402,-5.197470791470966,-5.288051285978343
1700000004305000000,14305000000,862,861,861,0,0,,,,0,fist,hold,200.0,dev-0123456789abcdef0123456789abcdef,synthetic-1-fist,29,protocol,synthetic-demo-contract-v1,True,4.8639364198371275,5.032497569446128,5.191847067066294,5.329104104570309,5.49802824859926,5.656954728929333,5.806270841989698,5.955813273089067
1700000004310000000,14310000000,863,862,862,0,0,,,,0,fist,hold,200.0,dev-0123456789abcdef0123456789abcdef,synthetic-1-fist,29,protocol,synthetic-demo-contract-v1,True,-4.768723201858668,-4.838928435402393,-4.921060460695228,-5.024937608119539,-5.09744477967406,-5.1791624561274485,-5.270623394756536,-5.360937690082286
1700000004315000000,14315000000,864,863,863,0,0,,,,0,fist,hold,200.0,dev-0123456789abcdef0123456789abcdef,synthetic-1-fist,29,protocol,synthetic-demo-contract-v1,True,4.79842933249042,4.969205923139858,5.125587122816504,5.260789405300257,5.4267307381650545,5.584347212325375,5.732149474661363,5.881999954188426
1700000004320000000,14320000000,865,864,864,0,0,,,,0,fist,hold,200.0,dev-0123456789abcdef0123456789abcdef,synthetic-1-fist,29,protocol,synthetic-demo-contract-v1,True,-4.834321384913112,-4.902841154600568,-4.987934665606616,-5.093431554142139,-5.169149331631759,-5.252215919651979,-5.3451047786022325,-5.435066939295105
1700000004325000000,14325000000,866,865,865,0,0,,,,0,fist,hold,200.0,dev-0123456789abcdef0123456789abcdef,synthetic-1-fist,29,protocol,synthetic-demo-contract-v1,True,4.733306732293466,4.9051910306025714,5.058651590861682,5.192682212516915,5.355211336272783,5.51144906473229,5.657919896027454,5.8081686712470395
1700000004330000000,14330000000,867,866,866,0,0,,,,0,fist,hold,200.0,dev-0123456789abcdef0123456789abcdef,synthetic-1-fist,29,protocol,synthetic-demo-contract-v1,True,-4.898409301501167,-4.966436414225166,-5.054377089045548,-5.160589533327679,-5.239892920981967,-5.32435882491571,-5.418472689452756,-5.507988525882275
1700000004335000000,14335000000,868,867,867,0,0,,,,0,fist,hold,200.0,dev-0123456789abcdef0123456789abcdef,synthetic-1-fist,29,protocol,synthetic-demo-contract-v1,True,4.670799971462676,4.842535914694136,4.993253614376428,5.127027722636683,5.285827814681916,5.440655051819343,5.58601653848097,5.736761282387693
1700000004340000000,14340000000,869,868,868,0,0,,,,0,fist,hold,200.0,dev-0123456789abcdef0123456789abcdef,synthetic-1-fist,29,protocol,synthetic-demo-contract-v1,True,-4.958805926329062,-5.02763639637615,-5.11818696277414,-5.224199016818527,-5.307343352086572,-5.393221459649464,-5.488320546320687,-5.577289448307193
1700000004345000000,14345000000,870,869,869,0,0,,,,0,fist,hold,200.0,dev-0123456789abcdef0123456789abcdef,synthetic-1-fist,29,protocol,synthetic-demo-contract-v1,True,4.613020342468302,4.783296320848856,4.931563282875907,5.065987538807696,5.220867531835759,5.374290321452741,5.518798328089111,5.670141958114843
1700000004350000000,14350000000,871,870,870,0,0,,,,0,fist,hold,200.0,dev-0123456789abcdef0123456789abcdef,synthetic-1-fist,29,protocol,synthetic-demo-contract-v1,True,-5.013488170280604,-5.084424252799945,-5.177242972804491,-5.282167151122495,-5.36927699447029,-5.45654238268052,-5.552356491717459,-5.64067394381591
1700000004355000000,14355000000,872,871,871,0,0,,,,0,fist,hold,200.0,dev-0123456789abcdef0123456789abcdef,synthetic-1-fist,29,protocol,synthetic-demo-contract-v1,True,4.561885369519199,4.729433554776028,4.875635396607512,5.011568522045729,5.162472025783145,5.314533992204941,5.458471189889383,5.6105190363838116
1700000004360000000,14360000000,873,872,872,0,0,,,,0,fist,hold,200.0,dev-0123456789abcdef0123456789abcdef,synthetic-1-fist,29,protocol,synthetic-demo-contract-v1,True,-5.060660169934796,-5.134910549050153,-5.229574063057821,-5.332589587405664,-5.423652088986512,-5.512242734237352,-5.608478691729516,-5.696039399282152
1700000004365000000,14365000000,874,873,873,0,0,,,,0,fist,hold,200.0,dev-0123456789abcdef0123456789abcdef,synthetic-1-fist,29,protocol,synthetic-demo-contract-v1,True,4.519054563259592,4.682749304480826,4.827340690350932,4.965556848300375,5.112566414343965,5.26334755626212,5.40701556281416,5.559871973930459
1700000004370000000,14370000000,875,874,874,0,0,,,,0,fist,hold,200.0,dev-0123456789abcdef0123456789abcdef,synthetic-1-fist,29,protocol,synthetic-demo-contract-v1,True,-5.098811937028624,-5.1773966298661085,-5.273425603296659,-5.373812995632346,-5.46867605825237,-5.558494530206482,-5.654844408862183,-5.741545933150057
1700000004375000000,14375000000,876,875,875,0,0,,,,0,fist,hold,200.0,dev-0123456789abcdef0123456789abcdef,synthetic-1-fist,29,protocol,synthetic-demo-contract-v1,True,4.485876840197615,4.644824627641699,4.788302834906072,4.929459436732688,5.072795929975096,5.2224104503657145,5.366121308242964,5.519885807073519
1700000004380000000,14380000000,877,876,876,0,0,,,,0,fist,hold,200.0,dev-0123456789abcdef0123456789abcdef,synthetic-1-fist,29,protocol,synthetic-demo-contract-v1,True,-5.126765479337696,-5.210432749871473,-5.307318681536275,-5.404489213272494,-5.502864602337697,-5.59378069552353,-5.689930575685947,-5.7756773491688165
1700000004385000000,14385000000,878,877,877,0,0,,,,0,fist,hold,200.0,dev-0123456789abcdef0123456789abcdef,synthetic-1-fist,29,protocol,synthetic-demo-contract-v1,True,4.4633511677213225,4.616965216251717,4.759843358356546,4.904454667655832,5.0444716815843975,5.193064912294385,5.337132153380461,5.491895288371836
1700000004390000000,14390000000,879,878,878,0,0,,,,0,fist,hold,200.0,dev-0123456789abcdef0123456789abcdef,synthetic-1-fist,29,protocol,synthetic-demo-contract-v1,True,-5.143707169158416,-5.232868920689317,-5.330100495050768,-5.423619257672293,-5.525090631507275,-5.616944863946394,-5.712583876510533,-5.797291446381659
1700000004395000000,14395000000,880,879,879,0,0,,,,0,fist,hold,200.0,dev-0123456789abcdef0123456789abcdef,synthetic-1-fist,29,protocol,synthetic-demo-contract-v1,True,4.452101317428342,4.600154905430144,4.74293637917914,4.891353999012619,5.028527431356626,5.176271934636164,5.3210014973783295,5.476840547152545
1700000004400000000,14400000000,881,880,880,0,0,,,,0,fist,hold,200.0,dev-0123456789abcdef0123456789abcdef,synthetic-1-fist,29,protocol,synthetic-demo-contract-v1,True,-5.1492058165796655,-5.24389660834907,-5.340984098286684,-5.43058576837348,-5.5346214228563495,-5.62722930838297,-5.722058689099882,-5.805658020169461
1700000004405000000,14405000000,882,881,881,0,0,,,,0,fist,hold,200.0,dev-0123456789abcdef0123456789abcdef,synthetic-1-fist,29,protocol,synthetic-demo-contract-v1,True,4.452364935887472,4.595019173366342,4.738174727124524,4.89057572827672,5.025488811524691,5.172579762287192,5.318261034664208,5.475235742507057
1700000004410000000,14410000000,883,882,882,0,0,,,,0,fist,hold,200.0,dev-0123456789abcdef0123456789abcdef,synthetic-1-fist,29,protocol,synthetic-demo-contract-v1,True,-5.143216561123674,-5.2430796709645024,-5.339576111569337,-5.425172829434865,-5.531142775900941,-5.624299756634898,-5.7180416374861105,-5.800483294518957
1700000004415000000,14415000000,884,883,883,0,0,,,,0,fist,hold,200.0,dev-0123456789abcdef0123456789abcdef,synthetic-1-fist,29,protocol,synthetic-demo-contract-v1,True,4.463996511975634,4.6018000884981625,4.745748655583651,4.902131744308595,5.035455995913287,5.1821059672713945,5.329003228594831,5.487151749377408
1700000004420000000,14420000000,885,884,884,0,0,,,,0,fist,hold,200.0,dev-0123456789abcdef0123456789abcdef,synthetic-1-fist,29,protocol,synthetic-demo-contract-v1,True,-5.126071290465786,-5.230373250478088,-5.325891390302032,-5.407572539410478,-5.514769370788474,-5.608256279008982,-5.7006619471147895,-5.7819199727315445
1700000004425000000,14425000000,886,885,885,0,0,,,,0,fist,hold,200.0,dev-0123456789abcdef0123456789abcdef,synthetic-1-fist,29,protocol,synthetic-demo-contract-v1,True,4.48648326716865,4.6203438054454855,4.765437932990705,4.9256276843154785,5.058100397520132,5.204533687696162,5.352878213176063,5.51221345592838
1700000004430000000,14430000000,887,886,886,0,0,,,,0,fist,hold,200.0,dev-0123456789abcdef0123456789abcdef,synthetic-1-fist,29,protocol,synthetic-demo-contract-v1,True,-5.098456798845393,-5.206129715041908,-5.300354087420388,-5.378378134243522,-5.486040987650758,-5.579629892532174,-5.670487260374971,-5.7505625677789
1700000004435000000,14435000000,888,887,887,0,0,,,,0,fist,hold,200.0,dev-0123456789abcdef0123456789abcdef,synthetic-1-fist,29,protocol,synthetic-demo-contract-v1,True,4.518972545505265,4.650101303188542,4.796617654468949,4.960276468858116,5.0926755010052505,5.239122151648598,5.3891052261727905,5.549611768761412
1700000004440000000,14440000000,889,888,888,0,0,,,,0,fist,hold,200.0,dev-0123456789abcdef0123456789abcdef,synthetic-1-fist,29,protocol,synthetic-demo-contract-v1,True,-5.061382288999774,-5.171091178611335,-5.263784997739478,-5.338563911489056,-5.445904711735504,-5.539364996400667,-5.628505048674959,-5.707428158822745
1700000004445000000,14445000000,890,889,889,0,0,,,,0,fist,hold,200.0,dev-0123456789abcdef0123456789abcdef,synthetic-1-fist,29,protocol,synthetic-demo-contract-v1,True,4.560308950130447,4.690142610599325,4.8382776533745595,5.004924747404577,5.138041472974886,5.284731136932064,5.436498199077684,5.598129937551697
1700000004450000000,14450000000,891,890,890,0,0,,,,0,fist,hold,200.0,dev-0123456789abcdef0123456789abcdef,synthetic-1-fist,29,protocol,synthetic-demo-contract-v1,True,-5.016138088142522,-5.126368587196212,-5.2173755361325025,-5.289452638377648,-5.395683710957705,-5.488788219334919,-5.576090230885754,-5.653923201048284
1700000004455000000,14455000000,892,891,891,0,0,,,,0,fist,hold,200.0,dev-0123456789abcdef0123456789abcdef,synthetic-1-fist,29,protocol,synthetic-demo-contract-v1,True,4.609079270232362,4.7391842912200355,4.88905493130578,5.058091362750092,5.192702738735738,5.339858559206624,5.49350466384478,5.656183338370533
1700000004460000000,14460000000,893,892,892,0,0,,,,0,fist,hold,200.0,dev-0123456789abcdef0123456789abcdef,synthetic-1-fist,29,protocol,synthetic-demo-contract-v1,True,-4.964247588737811,-5.073407840419534,-5.162649156388761,-5.232671537006932,-5.33703361517769,-5.429564706365722,-5.514960061601114,-5.591797476065466
1700000004465000000,14465000000,894,893,893,0,0,,,,0,fist,hold,200.0,dev-0123456789abcdef0123456789abcdef,synthetic-1-fist,29,protocol,synthetic-demo-contract-v1,True,4.663663162927458,4.795629478512069,4.947278080347639,5.118016548627759,5.25485728673097,5.4026899494091545,5.5582566983426185,5.721871410866478
1700000004470000000,14470000000,895,894,894,0,0,,,,0,fist,hold,200.0,dev-0123456789abcdef0123456789abcdef,synthetic-1-fist,29,protocol,synthetic-demo-contract-v1,True,-4.907414446082621,-5.013943894518247,-5.101411448417232,-5.170098313929771,-5.271887935245126,-5.363643285541179,-5.447117771327853,-5.5230866945346175
1700000004475000000,14475000000,896,895,895,0,0,,,,0,fist,hold,200.0,dev-0123456789abcdef0123456789abcdef,synthetic-1-fist,29,protocol,synthetic-demo-contract-v1,True,4.722287587436196,4.8576192832271845,5.011022258247979,5.182720223928428,5.322456075244507,5.4711581904902795,5.62863223655546,5.793040043270184
1700000004480000000,14480000000,897,896,896,0,0,,,,0,fist,hold,200.0,dev-0123456789abcdef0123456789abcdef,synthetic-1-fist,29,protocol,synthetic-demo-contract-v1,True,-4.847466982685701,-4.949944249829154,-5.035690543162066,-5.103799026370656,-5.202394321172902,-5.2931923205370826,-5.374786810643741,-5.450045637372125
1700000004485000000,14485000000,898,897,897,0,0,,,,0,fist,hold,200.0,dev-0123456789abcdef0123456789abcdef,synthetic-1-fist,29,protocol,synthetic-demo-contract-v1,True,4.783083114605919,4.923093955029739,5.078172910357957,5.250067450579841,5.393270582919718,5.5430115463692395,5.7023247286893275,5.867352354095669
1700000004490000000,14490000000,899,898,898,0,0,,,,0,fist,hold,200.0,dev-0123456789abcdef0123456789abcdef,synthetic-1-fist,29,protocol,synthetic-demo-contract-v1,True,-4.78630158615755,-4.883543643299498,-4.9676697933571825,-5.035959842662785,-5.130843760810296,-5.220528361155645,-5.30033785936962,-5.375074034523275
1700000004495000000,14495000000,900,899,899,0,0,,,,0,fist,hold,200.0,dev-0123456789abcdef0123456789abcdef,synthetic-1-fist,29,protocol,synthetic-demo-contract-v1,True,4.844140429110754,4.989861789533009,5.146496124546715,5.3178388899357625,5.464966276162361,5.615887743659036,5.776918861740815,5.942365541825801
1700000004500000000,14500000000,901,900,900,0,0,,,,0,fist,hold,200.0,dev-0123456789abcdef0123456789abcdef,synthetic-1-fist,29,protocol,synthetic-demo-contract-v1,True,-4.725826668886279,-4.816972126682863,-4.899614971954327,-4.968814951658253,-5.059595053114431,-5.148039940150412,-5.226210999726912,-5.300637620531423
1700000004505000000,14505000000,902,901,901,0,0,,,,0,fist,hold,200.0,dev-0123456789abcdef0123456789abcdef,synthetic-1-fist,29,protocol,synthetic-demo-contract-v1,True,4.903565577322682,5.055673446707461,5.213713268004865,5.38380393199208,5.535179571436631,5.687391668102973,5.849969851797484,6.015611272958706
1700000004510000000,14510000000,903,902,902,0,0,,,,0,fist,hold,200.0,dev-0123456789abcdef0123456789abcdef,synthetic-1-fist,29,protocol,synthetic-demo-contract-v1,True,-4.667908511772667,-4.752478997592174,-4.833798428752257,-4.904572998488173,-4.990997045900839,-5.07810902395114,-5.154835611462643,-5.2291869660492205
1700000004515000000,14515000000,904,903,903,0,0,,,,0,fist,hold,200.0,dev-0123456789abcdef0123456789abcdef,synthetic-1-fist,29,protocol,synthetic-demo-contract-v1,True,4.9595327635109765,5.118299102238727,5.277577396623109,5.445794088001274,5.601595755247227,5.755174119311463,5.919083701916887,6.084676961195462
1700000004520000000,14520000000,905,904,904,0,0,,,,0,fist,hold,200.0,dev-0123456789abcdef0123456789abcdef,synthetic-1-fist,29,protocol,synthetic-demo-contract-v1,True,-4.614320067287672,-4.692255249780442,-4.772422762000063,-4.845344468268357,-4.927311201652217,-5.0130327014590685,-5.088550621788754,-5.16307675873765
1700000004525000000,14525000000,906,905,905,0,0,,,,0,fist,hold,200.0,dev-0123456789abcdef0123456789abcdef,synthetic-1-fist,29,protocol,synthetic-demo-contract-v1,True,5.0103337355694055,5.17560570201746,5.335948854527055,5.501774232686111,5.662025293028454,5.817009033174218,5.98199578774053,6.147285260164117
1700000004530000000,14530000000,907,906,906,0,0,,,,0,fist,hold,200.0,dev-0123456789abcdef0123456789abcdef,synthetic-1-fist,29,protocol,synthetic-demo-contract-v1,True,-4.56669357223137,-4.6383573104548095,-4.717546590927792,-4.79307240387536,-4.870637044149169,-4.954947686635838,-5.029527731238257,-5.104488193212825
1700000004535000000,14535000000,908,907,907,0,0,,,,0,fist,hold,200.0,dev-0123456789abcdef0123456789abcdef,synthetic-1-fist,29,protocol,synthetic-demo-contract-v1,True,5.0544230082400805,5.225631540129417,5.3868674964983265,5.549909357230251,5.714476011274275,5.870866632356969,6.0366451880808665,6.2013691499233845
1700000004540000000,14540000000,909,908,908,0,0,,,,0,fist,hold,200.0,dev-0123456789abcdef0123456789abcdef,synthetic-1-fist,29,protocol,synthetic-demo-contract-v1,True,-4.526477635551413,-4.592634829485299,-4.671014955661896,-4.749468730095378,-4.8228429437152185,-4.90576011741384,-4.979700138576494,-5.055357028262762
1700000004545000000,14545000000,910,909,909,0,0,,,,0,fist,hold,200.0,dev-0123456789abcdef0123456789abcdef,synthetic-1-fist,29,protocol,synthetic-demo-contract-v1,True,5.090458332334013,5.2666554370096,5.428619069483633,5.588624645912333,5.757218773289304,5.914980099876319,6.081242317758222,6.245140141684412
1700000004550000000,14550000000,911,910,910,0,0,,,,0,fist,hold,200.0,dev-0123456789abcdef0123456789abcdef,synthetic-1-fist,29,protocol,synthetic-demo-contract-v1,True,-4.49489933233894,-4.556665175687942,-4.634396724292653,-4.715958268182341,-4.785504522870842,-4.8670829585959625,-4.940699106947054,-5.0173096837886595
1700000004555000000,14555000000,912,911,911,0,0,,,,0,fist,hold,200.0,dev-0123456789abcdef0123456789abcdef,synthetic-1-fist,29,protocol,synthetic-demo-contract-v1,True,5.117335925560204,5.297257956959927,5.459793478163727,5.616656912504124,5.78884448343607,5.947903584435578,6.114327640350512,6.2771473510004006
1700000004560000000,14560000000,913,912,912,0,0,,,,0,fist,hold,200.0,dev-0123456789abcdef0123456789abcdef,synthetic-1-fist,29,protocol,synthetic-demo-contract-v1,True,-4.472931755008564,-4.531697081073095,-4.608931157523037,-4.693632268495449,-4.759852712970062,-4.840183065660186,-4.913800455436846,-4.99160948593032
1700000004565000000,14565000000,914,913,913,0,0,,,,0,fist,hold,200.0,dev-0123456789abcdef0123456789abcdef,synthetic-1-fist,29,protocol,synthetic-demo-contract-v1,True,5.134220034758015,5.3163723686089694,5.479332927585503,5.633095719885692,5.808310540626144,5.968559631948523,6.134819531994952,6.296325489677331
1700000004570000000,14570000000,915,914,914,0,0,,,,0,fist,hold,200.0,dev-0123456789abcdef0123456789abcdef,synthetic-1-fist,29,protocol,synthetic-demo-contract-v1,True,-4.461267442442231,-4.518605561693944,-4.595485476822787,-4.683212972985373,-4.7467331742304255,-4.825939648008389,-4.899882733707021,-4.979114835295159
1700000004575000000,14575000000,916,915,915,0,0,,,,0,fist,hold,200.0,dev-0123456789abcdef0123456789abcdef,synthetic-1-fist,29,protocol,synthetic-demo-contract-v1,True,5.140566408404651,5.323323409279006,5.486568274293815,5.6374128481702135,5.814975209628292,5.976274486057843,6.142049724287489,6.302030190986597
1700000004580000000,14580000000,917,916,916,0,0,,,,0,fist,hold,200.0,dev-0123456789abcdef0123456789abcdef,synthetic-1-fist,29,protocol,synthetic-demo-contract-v1,True,-4.46029811639455,-4.5178598444652645,-4.5945249125038705,-4.685030354360694,-4.746578416951502,-4.824815494691009,-4.899398453004597,-4.980250681099463
1700000004585000000,14585000000,918,917,917,0,0,,,,0,fist,hold,200.0,dev-0123456789abcdef0123456789abcdef,synthetic-1-fist,29,protocol,synthetic-demo-contract-v1,True,5.136139236357268,5.317852351641293,5.48124231484606,5.629479161639473,5.808618777078816,5.970800099991277,6.135785162913674,6.294059499420861
1700000004590000000,14590000000,919,918,918,0,0,,,,0,fist,hold,200.0,dev-0123456789abcdef0123456789abcdef,synthetic-1-fist,29,protocol,synthetic-demo-contract-v1,True,-4.470101185037187,-4.52950555792142,-4.606096286138386,-4.699011776875611,-4.759393542998413,-4.836841905371546,-4.912359317394643,-4.994994246256684
1700000004595000000,14595000000,920,919,919,0,0,,,,0,fist,hold,200.0,dev-0123456789abcdef0123456789abcdef,synthetic-1-fist,29,protocol,synthetic-demo-contract-v1,True,5.121021079663442,5.300127371866991,5.463519183520664,5.609568340240046,5.789450794746321,5.952322139630017,6.11623556546528,6.272660811510743
1700000004600000000,14600000000,921,920,920,0,0,,,,0,fist,hold,200.0,dev-0123456789abcdef0123456789abcdef,synthetic-1-fist,29,protocol,synthetic-demo-contract-v1,True,-4.490433505815772,-4.5531619195368735,-4.6298257216887295,-4.72468489810387,-4.784756077609232,-4.861617818108824,-4.938335938570824,-5.022875479424523
1700000004605000000,14605000000,922,921,921,0,0,,,,0,fist,hold,200.0,dev-0123456789abcdef0123456789abcdef,synthetic-1-fist,29,protocol,synthetic-demo-contract-v1,True,5.095615288288487,5.270738763145589,5.433979504234035,5.578347373582604,5.75810317126306,5.921453718782546,6.084046432243813,6.238523033120078
1700000004610000000,14610000000,923,922,922,0,0,,,,0,fist,hold,200.0,dev-0123456789abcdef0123456789abcdef,synthetic-1-fist,29,protocol,synthetic-demo-contract-v1,True,-4.5207329120332265,-4.588034093687548,-4.664930597461095,-4.761193695816074,-4.821829897071067,-4.898323158287286,-4.976472041268395,-5.062992225196714
1700000004615000000,14615000000,924,923,923,0,0,,,,0,fist,hold,200.0,dev-0123456789abcdef0123456789abcdef,synthetic-1-fist,29,protocol,synthetic-demo-contract-v1,True,5.060640410349363,5.230679105252208,5.393601428808229,5.536854150108186,5.715609340066954,5.879215077180418,6.0402777422455305,6.192754205388594
1700000004620000000,14620000000,925,924,924,0,0,,,,0,fist,hold,200.0,dev-0123456789abcdef0123456789abcdef,synthetic-1-fist,29,protocol,synthetic-demo-contract-v1,True,-4.56012797895897,-4.632940324989341,-4.710245363235975,-4.807327073455968,-4.869392793112742,-4.9457459650984275,-5.025512689794654,-5.114039618965996
1700000004625000000,14625000000,926,925,925,0,0,,,,0,fist,hold,200.0,dev-0123456789abcdef0123456789abcdef,synthetic-1-fist,29,protocol,synthetic-demo-contract-v1,True,5.017116152337299,5.181309066935159,5.343728177864434,5.48646289707116,5.663370190322264,5.826999874185185,5.98636903721903,6.136845330058583
1700000004630000000,14630000000,927,926,926,0,0,,,,0,fist,hold,200.0,dev-0123456789abcdef0123456789abcdef,synthetic-1-fist,29,protocol,synthetic-demo-contract-v1,True,-4.607456418305701,-4.686352894683972,-4.764260370652225,-4.861559085829928,-4.925876765301948,-5.002322398770946,-5.083845605187943,-5.174352744458398
1700000004635000000,14635000000,928,927,927,0,0,,,,0,fist,hold,200.0,dev-0123456789abcdef0123456789abcdef,synthetic-1-fist,29,protocol,synthetic-demo-contract-v1,True,4.966340570886554,5.124310060242682,5.286023164868077,5.4288386243919255,5.60310788397034,5.76652921139802,5.924092044197669,6.072621579539864
1700000004640000000,14640000000,929,928,928,0,0,,,,0,fist,hold,200.0,dev-0123456789abcdef0123456789abcdef,synthetic-1-fist,29,protocol,synthetic-demo-contract-v1,True,-4.661292332508007,-4.746451425667089,-4.825172416769543,-4.922099446949515,-4.9894197131321505,-5.06618830817656,-5.149554212186659,-5.241961154982983
1700000004645000000,14645000000,930,929,929,0,0,,,,0,fist,hold,200.0,dev-0123456789abcdef0123456789abcdef,synthetic-1-fist,29,protocol,synthetic-demo-contract-v1,True,4.909858371680036,5.061625462361232,5.222414211966442,5.365882084276237,5.536809081418246,5.699794900811778,5.855492396510627,6.002182492754276
1700000004650000000,14650000000,931,930,930,0,0,,,,0,fist,hold,200.0,dev-0123456789abcdef0123456789abcdef,synthetic-1-fist,29,protocol,synthetic-demo-contract-v1,True,-4.719982327268591,-4.811186596006911,-4.890945296423331,-4.986952646880481,-5.057926823672276,-5.135240658436803,-5.220480669691643,-5.3146534684550355
1700000004655000000,14655000000,932,931,931,0,0,,,,0,fist,hold,200.0,dev-0123456789abcdef0123456789abcdef,synthetic-1-fist,29,protocol,synthetic-demo-contract-v1,True,4.8494204612689495,4.995392550813837,5.155028743202715,5.299667067098739,5.466659447537445,5.628993848569762,5.782822371494314,5.927833120857894
1700000004660000000,14660000000,933,932,932,0,0,,,,0,fist,hold,200.0,dev-0123456789abcdef0123456789abcdef,synthetic-1-fist,29,protocol,synthetic-demo-contract-v1,True,-4.781690175195879,-4.878351930384646,-4.959378312738179,-5.053983724844747,-5.129139631019635,-5.207206794220121,-5.29429681041934,-5.390049914121423
1700000004665000000,14665000000,934,933,933,0,0,,,,0,fist,hold,200.0,dev-0123456789abcdef0123456789abcdef,synthetic-1-fist,29,protocol,synthetic-demo-contract-v1,True,4.7869352358788815,4.927867644461227,5.086122153181763,5.232372102393942,5.394971597105542,5.556455716175112,5.708466858177733,5.852008385397439
1700000004670000000,14670000000,935,934,934,0,0,,,,0,fist,hold,200.0,dev-0123456789abcdef0123456789abcdef,synthetic-1-fist,29,protocol,synthetic-demo-contract-v1,True,-4.844449356221389,-4.945661039611126,-5.028180419197617,-5.120988530745256,-5.200710470881269,-5.279719257196949,-5.368580655755283,-5.465680446594616
1700000004675000000,14675000000,936,935,935,0,0,,,,0,fist,hold,200.0,dev-0123456789abcdef0123456789abcdef,synthetic-1-fist,29,protocol,synthetic-demo-contract-v1,True,4.72441248247843,4.861347191720733,5.01800178626163,5.166208813873226,5.324108855105299,5.484566241542012,5.634864990401001,5.777193135476409
1700000004680000000,14680000000,937,936,936,0,0,,,,0,fist,hold,200.0,dev-0123456789abcdef0123456789abcdef,synthetic-1-fist,29,protocol,synthetic-demo-contract-v1,True,-4.906222390869624,-5.010827482153507,-5.095047470745149,-5.185766163653095,-5.270279875748201,-5.350393694061757,-5.440895988963381,-5.539065858937737
1700000004685000000,14685000000,938,937,937,0,0,,,,0,fist,hold,200.0,dev-0123456789abcdef0123456789abcdef,synthetic-1-fist,29,protocol,synthetic-demo-contract-v1,True,4.663901188969635,4.798087689006412,4.952949114446172,5.103349283429123,5.256407345266313,5.415688744353476,5.5644300228440535,5.705840532695397
1700000004690000000,14690000000,939,938,938,0,0,,,,0,fist,hold,200.0,dev-0123456789abcdef0123456789abcdef,synthetic-1-fist,29,protocol,synthetic-demo-contract-v1,True,-4.964965456019005,-5.071644335943687,-5.157739952479307,-5.246191208174528,-5.3355543591848775,-5.41690729060896,-5.508872369892553,-5.607799227205488
1700000004695000000,14695000000,940,939,939,0,0,,,,0,fist,hold,200.0,dev-0123456789abcdef0123456789abcdef,synthetic-1-fist,29,protocol,synthetic-demo-contract-v1,True,4.6074229839888865,4.740227341434412,4.893142765898506,5.045854807771898,5.1940989753471545,5.3520863991342535,5.499470084631337,5.640291448294161
1700000004700000000,14700000000,941,940,940,0,0,,,,0,fist,hold,200.0,dev-0123456789abcdef0123456789abcdef,synthetic-1-fist,29,protocol,synthetic-demo-contract-v1,True,-5.018696360015532,-5.12606059641185,-5.214158536509532,-5.300283400066603,-5.394382024928354,-5.477075150864303,-5.570282960426391,-5.669625007319378
1700000004705000000,14705000000,942,941,941,0,0,,,,0,fist,hold,200.0,dev-0123456789abcdef0123456789abcdef,synthetic-1-fist,29,protocol,synthetic-demo-contract-v1,True,4.556903320450553,4.6897122939655835,4.840585028066366,4.995608381882242,5.139237858093264,5.29584783334428,5.442112415670636,5.582697524214917
1700000004710000000,14710000000,943,942,942,0,0,,,,0,fist,hold,200.0,dev-0123456789abcdef0123456789abcdef,synthetic-1-fist,29,protocol,synthetic-demo-contract-v1,True,-5.065563587836918,-5.172251655655072,-5.2624148911636865,-5.346272440497553,-5.444823508200738,-5.528922108744064,-5.623117602585823,-5.722513181831833
1700000004715000000,14715000000,944,943,943,0,0,,,,0,fist,hold,200.0,dev-0123456789abcdef0123456789abcdef,synthetic-1-fist,29,protocol,synthetic-demo-contract-v1,True,4.514102847411052,4.648230068780713,4.797034330723798,4.954253117629359,5.093632593542281,5.248818497529916,5.394233575665991,5.534950429791208
1700000004720000000,14720000000,945,944,944,0,0,,,,0,fist,hold,200.0,dev-0123456789abcdef0123456789abcdef,synthetic-1-fist,29,protocol,synthetic-demo-contract-v1,True,-5.103913840234651,-5.208681361196595,-5.30089532945594,-5.382655840920719,-5.48521591052108,-5.570747610864729,-5.665648748012851,-5.764726016500485
1700000004725000000,14725000000,946,945,945,0,0,,,,0,fist,hold,200.0,dev-0123456789abcdef0123456789abcdef,synthetic-1-fist,29,protocol,synthetic-demo-contract-v1,True,4.480551650423537,4.617152552737794,4.763946008905248,4.923138607962738,5.058786645118066,5.212540063790443,5.357397918623933,5.498619642385588
1700000004730000000,14730000000,947,946,946,0,0,,,,0,fist,hold,200.0,dev-0123456789abcdef0123456789abcdef,synthetic-1-fist,29,protocol,synthetic-demo-contract-v1,True,-5.132355313249003,-5.234153489876149,-5.328315129865467,-5.4082479121823885,-5.514227620285143,-5.601181537955817,-5.6964880733573455,-5.794875229314144
1700000004735000000,14735000000,948,947,947,0,0,,,,0,fist,hold,200.0,dev-0123456789abcdef0123456789abcdef,synthetic-1-fist,29,protocol,synthetic-demo-contract-v1,True,4.45748915392139,4.5974905002511175,4.742423360910141,4.903276983655269,5.035848775127801,5.188199843829405,5.332806353153002,5.474900800239571
1700000004740000000,14740000000,949,948,948,0,0,,,,0,fist,hold,200.0,dev-0123456789abcdef0123456789abcdef,synthetic-1-fist,29,protocol,synthetic-demo-contract-v1,True,-5.149813920469994,-5.247850888224545,-5.3437616834324215,-5.42221830450331,-5.530902211849457,-5.61922913128384,-5.714631923082802,-5.811967689703303
1700000004745000000,14745000000,950,949,949,0,0,,,,0,fist,hold,200.0,dev-0123456789abcdef0123456789abcdef,synthetic-1-fist,29,protocol,synthetic-demo-contract-v1,True,4.445812449715474,4.589861068295622,4.733180662259007,4.895310089398324,5.025575173649349,5.176591887408436,5.321257069923121,5.46457632827394
1700000004750000000,14750000000,951,950,950,0,0,,,,0,fist,hold,200.0,dev-0123456789abcdef0123456789abcdef,synthetic-1-fist,29,protocol,synthetic-demo-contract-v1,True,-5.1555797663119405,-5.2493610073514185,-5.346725005705486,-5.424118849657542,-5.534689975903667,-5.624303549713771,-5.719494089281558,-5.815438142762498
1700000004755000000,14755000000,952,951,951,0,0,,,,0,fist,hold,200.0,dev-0123456789abcdef0123456789abcdef,synthetic-1-fist,29,protocol,synthetic-demo-contract-v1,True,4.4460356316408065,4.594469400557677,4.7365193850992116,4.899488839707174,5.028304529301363,5.178091037003354,5.323119523473975,5.467989634022853
1700000004760000000,14760000000,953,952,952,0,0,,,,0,fist,hold,200.0,dev-0123456789abcdef0123456789abcdef,synthetic-1-fist,29,protocol,synthetic-demo-contract-v1,True,-5.149341441166814,-5.238687077841455,-5.3371145867028345,-5.413897841649469,-5.5254660416731,-5.616244990672183,-5.710924855116748,-5.805167879998906
1700000004765000000,14765000000,954,953,953,0,0,,,,0,fist,hold,200.0,dev-0123456789abcdef0123456789abcdef,synthetic-1-fist,29,protocol,synthetic-demo-contract-v1,True,4.45826237621066,4.6111047478541405,4.752318418499024,4.915665414655959,5.043946863735205,5.192640787570129,5.338322519126878,5.485033724584279
1700000004770000000,14770000000,955,954,954,0,0,,,,0,fist,hold,200.0,dev-0123456789abcdef0123456789abcdef,synthetic-1-fist,29,protocol,synthetic-demo-contract-v1,True,-5.13120612471261,-5.216244707066921,-5.315262021558336,-5.391901304795066,-5.503534493518987,-5.595325750899035,-5.689215680749605,-5.781488740356182
1700000004775000000,14775000000,956,955,955,0,0,,,,0,fist,hold,200.0,dev-0123456789abcdef0123456789abcdef,synthetic-1-fist,29,protocol,synthetic-demo-contract-v1,True,4.4821735222072006,4.639151073443544,4.780038604222184,4.943298534082533,5.0719864979406415,5.219755345628237,5.36635679143804,5.515154621112971
1700000004780000000,14780000000,957,956,956,0,0,,,,0,fist,hold,200.0,dev-0123456789abcdef0123456789abcdef,synthetic-1-fist,29,protocol,synthetic-demo-contract-v1,True,-5.101704037052327,-5.182844216033289,-5.281909352498412,-5.3588612248048,-5.469618346224884,-5.5622410658998165,-5.655089383171768,-5.745172307828076
1700000004785000000,14785000000,958,957,957,0,0,,,,0,fist,hold,200.0,dev-0123456789abcdef0123456789abcdef,synthetic-1-fist,29,protocol,synthetic-demo-contract-v1,True,4.517030788584555,4.677611566195535,4.8187414117418275,4.981471620400803,5.111499052575481,5.258535814340036,5.406291983723902,5.557369460587529
1700000004790000000,14790000000,959,958,958,0,0,,,,0,fist,hold,200.0,dev-0123456789abcdef0123456789abcdef,synthetic-1-fist,29,protocol,synthetic-demo-contract-v1,True,-5.061776443567856,-5.139659544387283,-5.23818354220072,-5.315871145267446,-5.424835709452839,-5.518086035185739,-5.609676138682141,-5.697404658985336
1700000004795000000,14795000000,960,959,959,0,0,,,,0,fist,hold,200.0,dev-0123456789abcdef0123456789abcdef,synthetic-1-fist,29,protocol,synthetic-demo-contract-v1,True,4.561697059764665,4.725145992089153,4.867121092543118,5.028923238551951,5.161181921871252,5.307699966303695,5.456807464393377,5.610298691376656
1700000004800000000,14800000000,961,960,960,0,0,,,,0,fist,hold,200.0,dev-0123456789abcdef0123456789abcdef,synthetic-1-fist,29,protocol,synthetic-demo-contract-v1,True,-5.012747164249806,-5.088185021096272,-5.185557972387096,-5.264349944895679,-5.370662927152918,-5.464319398300887,-5.554476103112169,-5.63974748915753
1700000004805000000,14805000000,962,961,961,0,0,,,,0,fist,hold,200.0,dev-0123456789abcdef0123456789abcdef,synthetic-1-fist,29,protocol,synthetic-demo-contract-v1,True,4.614672898238373,4.780119373527032,4.923549193989164,5.084088800684163,5.2193972164852624,5.365624618692288,5.516235960734626,5.672211305421514
1700000004810000000,14810000000,963,962,962,0,0,,,,0,fist,hold,200.0,dev-0123456789abcdef0123456789abcdef,synthetic-1-fist,29,protocol,synthetic-demo-contract-v1,True,-4.956278320818383,-5.030181707475768,-5.1258023032637,-5.205994996542949,-5.308885907104808,-5.402715359207503,-5.491309884961488,-5.574086894184832
1700000004815000000,14815000000,964,963,963,0,0,,,,0,fist,hold,200.0,dev-0123456789abcdef0123456789abcdef,synthetic-1-fist,29,protocol,synthetic-demo-contract-v1,True,4.67414815978093,4.840660112122278,4.98612989310004,5.14515215593952,5.284225759607056,5.430399210877857,5.582618569402681,5.741081620909196
1700000004820000000,14820000000,965,964,964,0,0,,,,0,fist,hold,200.0,dev-0123456789abcdef0123456789abcdef,synthetic-1-fist,29,protocol,synthetic-demo-contract-v1,True,-4.894311830026532,-4.967615354641328,-5.060922423888449,-5.1427262547833035,-5.241541245104891,-5.33530504959943,-5.422258505877051,-5.502571490826894
1700000004825000000,14825000000,966,965,965,0,0,,,,0,fist,hold,200.0,dev-0123456789abcdef0123456789abcdef,synthetic-1-fist,29,protocol,synthetic-demo-contract-v1,True,4.738066832658741,4.9047253762855805,5.052764244976295,5.2101053641868065,5.353530356235892,5.499888816414467,5.653769329003911,5.814655749260624
1700000004830000000,14830000000,967,966,966,0,0,,,,0,fist,hold,200.0,dev-0123456789abcdef0123456789abcdef,synthetic-1-fist,29,protocol,synthetic-demo-contract-v1,True,-4.828998872870999,-4.902588268554728,-4.993092557185407,-5.076623113531367,-5.170849084750758,-5.264309562210253,-5.349594828257647,-5.42754190971212
1700000004835000000,14835000000,968,967,967,0,0,,,,0,fist,hold,200.0,dev-0123456789abcdef0123456789abcdef,synthetic-1-fist,29,protocol,synthetic-demo-contract-v1,True,4.804202544557854,4.970171368758969,5.12122114177885,5.276814687097451,5.42502624983844,5.571804511330176,5.727347226170686,5.8905255616091585
1700000004840000000,14840000000,969,968,968,0,0,,,,0,fist,hold,200.0,dev-0123456789abcdef0123456789abcdef,synthetic-1-fist,29,protocol,synthetic-demo-contract-v1,True,-4.762620192864546,-4.837267535921393,-4.92458184479667,-5.009856109228705,-5.099139926226804,-5.192066761982476,-5.275708709836596,-5.3514539785802535
1700000004845000000,14845000000,970,969,969,0,0,,,,0,fist,hold,200.0,dev-0123456789abcdef0123456789abcdef,synthetic-1-fist,29,protocol,synthetic-demo-contract-v1,True,4.870241621539881,5.034825975934731,5.189212556249626,5.3430906291953395,5.496356443650287,5.643778779280976,5.800933262686516,5.966207723195615
1700000004850000000,14850000000,971,970,970,0,0,,,,0,fist,hold,200.0,dev-0123456789abcdef0123456789abcdef,synthetic-1-fist,29,protocol,synthetic-demo-contract-v1,True,-4.697500563083058,-4.773812130532691,-4.857677917504891,-4.94461571099073,-5.02877779697719,-5.120954286972223,-5.203028350683939,-5.276798121167255
1700000004855000000,14855000000,972,971,971,0,0,,,,0,fist,hold,200.0,dev-0123456789abcdef0123456789abcdef,synthetic-1-fist,29,protocol,synthetic-demo-contract-v1,True,4.933870177414227,5.096561281141583,5.254470506072813,5.406759731871246,5.565169403512618,5.713443469177362,5.872110045568534,6.0392251973763695
1700000004860000000,14860000000,973,972,972,0,0,,,,0,fist,hold,200.0,dev-0123456789abcdef0123456789abcdef,synthetic-1-fist,29,protocol,synthetic-demo-contract-v1,True,-4.635921080417601,-4.714301393380897,-4.794610050692621,-4.883040531488247,-4.962082317089494,-5.053311275385743,-5.133940422426646,-5.206017621568046
1700000004865000000,14865000000,974,973,973,0,0,,,,0,fist,hold,200.0,dev-0123456789abcdef0123456789abcdef,synthetic-1-fist,29,protocol,synthetic-demo-contract-v1,True,4.992861485613931,5.153363495063393,5.3148231262992605,5.465735768958713,5.629196580623917,5.778507737813593,5.938541279973229,6.107188539723444
1700000004870000000,14870000000,975,974,974,0,0,,,,0,fist,hold,200.0,dev-0123456789abcdef0123456789abcdef,synthetic-1-fist,29,protocol,synthetic-demo-contract-v1,True,-4.58003307557226,-4.66066726580046,-4.737474508416128,-4.827147308330815,-4.901252228650507,-4.991361396105157,-5.070711608539563,-5.141428441192326
1700000004875000000,14875000000,976,975,975,0,0,,,,0,fist,hold,200.0,dev-0123456789abcdef0123456789abcdef,synthetic-1-fist,29,protocol,synthetic-demo-contract-v1,True,5.045159854011119,5.203398011603363,5.368267277826889,5.5180880149774,5.686327198523006,5.836833411519348,5.9980485490401065,6.167874309661577
1700000004880000000,14880000000,977,976,976,0,0,,,,0,fist,hold,200.0,dev-0123456789abcdef0123456789abcdef,synthetic-1-fist,29,protocol,synthetic-demo-contract-v1,True,-4.531777359822486,-4.6146324610436,-4.688164594495744,-4.778764944920928,-4.8482929100729795,-4.93713971613917,-5.015414137048946,-5.085143224274095
1700000004885000000,14885000000,978,977,977,0,0,,,,0,fist,hold,200.0,dev-0123456789abcdef0123456789abcdef,synthetic-1-fist,29,protocol,synthetic-demo-contract-v1,True,5.088957388962732,5.245067527352698,5.41303524864626,5.562104355710402,5.734677838809846,5.886505286837859,6.048682855162726,6.219298022007872
1700000004890000000,14890000000,979,978,978,0,0,,,,0,fist,hold,200.0,dev-0123456789abcdef0123456789abcdef,synthetic-1-fist,29,protocol,synthetic-demo-contract-v1,True,-4.4928122677680555,-4.577656496831631,-4.648307758010831,-4.739474764260219,-4.8049502650199605,-4.892425811104252,-4.969857754504098,-5.039001989992731
1700000004895000000,14895000000,980,979,979,0,0,,,,0,fist,hold,200.0,dev-0123456789abcdef0123456789abcdef,synthetic-1-fist,29,protocol,synthetic-demo-contract-v1,True,5.122760388669093,5.2770614554897435,5.447653316264045,5.596347182061583,5.772654531579719,5.9258940578531245,6.088788570674868,6.259779240526563
1700000004900000000,14900000000,981,980,980,0,0,,,,0,fist,hold,200.0,dev-0123456789abcdef0123456789abcdef,synthetic-1-fist,29,protocol,synthetic-demo-contract-v1,True,-4.464453514870174,-4.550891192373462,-4.619211850151969,-4.710558923544324,-4.772653165402881,-4.8586853183243175,-4.935530376999591,-5.004511789155299
1700000004905000000,14905000000,982,981,981,0,0,,,,0,fist,hold,200.0,dev-0123456789abcdef0123456789abcdef,synthetic-1-fist,29,protocol,synthetic-demo-contract-v1,True,5.145442626315703,5.298395206796948,5.470990226595318,5.619700246441977,5.799005303642666,5.9537098014948135,6.1170576968235375,6.287996674264689
1700000004910000000,14910000000,983,982,982,0,0,,,,0,fist,hold,200.0,dev-0123456789abcdef0123456789abcdef,synthetic-1-fist,29,protocol,synthetic-demo-contract-v1,True,-4.447628296173296,-4.53514687235144,-4.601822308660858,-4.692958668393714,-4.752466345928342,-4.83702185325966,-4.913549367411738,-4.98279730832549
1700000004915000000,14915000000,984,983,983,0,0,,,,0,fist,hold,200.0,dev-0123456789abcdef0123456789abcdef,synthetic-1-fist,29,protocol,synthetic-demo-contract-v1,True,5.156283438824307,5.308438286857142,5.482293996297769,5.631404958388995,5.8128614521772635,5.969044263891171,6.1325726498838,6.3030314664754785
1700000004920000000,14920000000,985,984,984,0,0,,,,0,fist,hold,200.0,dev-0123456789abcdef0123456789abcdef,synthetic-1-fist,29,protocol,synthetic-demo-contract-v1,True,-4.442845344258252,-4.530870132388009,-4.596691666588802,-4.687243782099665,-4.745055303113528,-4.828140867947623,-4.904625037310675,-4.974564043981911
1700000004925000000,14925000000,986,985,985,0,0,,,,0,fist,hold,200.0,dev-0123456789abcdef0123456789abcdef,synthetic-1-fist,29,protocol,synthetic-demo-contract-v1,True,5.154989287664416,5.306930554337825,5.4812158494657215,5.631084942941256,5.813766183154965,5.9714005603272975,6.134836171792801,6.304397254527729
1700000004930000000,14930000000,987,986,986,0,0,,,,0,fist,hold,200.0,dev-0123456789abcdef0123456789abcdef,synthetic-1-fist,29,protocol,synthetic-demo-contract-v1,True,-4.4501818828741255,-4.538133620492537,-4.603962357285498,-4.693594217945182,-4.750664355940346,-4.832326636245152,-4.90903756879488,-4.980075255613718
1700000004935000000,14935000000,988,987,987,0,0,,,,0,fist,hold,200.0,dev-0123456789abcdef0123456789abcdef,synthetic-1-fist,29,protocol,synthetic-demo-contract-v1,True,5.141698259079282,5.293986385854843,5.4678205415580825,5.618758070095614,5.801689670415417,5.960709316409829,6.123787387256092,6.292056014544947
1700000004940000000,14940000000,989,988,988,0,0,,,,0,fist,hold,200.0,dev-0123456789abcdef0123456789abcdef,synthetic-1-fist,29,protocol,synthetic-demo-contract-v1,True,-4.469287604331511,-4.556637891305728,-4.623363332306773,-4.711794503529367,-4.7691085914201174,-4.849433117896864,-4.926628109064989,-4.999143453236949
1700000004945000000,14945000000,990,989,989,0,0,,,,0,fist,hold,200.0,dev-0123456789abcdef0123456789abcdef,synthetic-1-fist,29,protocol,synthetic-demo-contract-v1,True,5.116967775098824,5.270086884379066,5.44258278795588,5.594835573860376,5.7770300389420095,5.937330724953685,6.099803485909225,6.266419172281019
1700000004950000000,14950000000,991,990,990,0,0,,,,0,fist,hold,200.0,dev-0123456789abcdef0123456789abcdef,synthetic-1-fist,29,protocol,synthetic-demo-contract-v1,True,-4.499405010639886,-4.585725007816924,-4.654220539141016,-4.7412410881391756,-4.799779960598454,-4.878888996080075,-4.9568043234950405,-5.031136696572324
1700000004955000000,14955000000,992,991,991,0,0,,,,0,fist,hold,200.0,dev-0123456789abcdef0123456789abcdef,synthetic-1-fist,29,protocol,synthetic-demo-contract-v1,True,5.081746547752865,5.236060638053925,5.406369985543216,5.560108301581048,5.740600239922085,5.902042457160521,6.063686981749135,6.22833394651658
1700000004960000000,14960000000,993,992,992,0,0,,,,0,fist,hold,200.0,dev-0123456789abcdef0123456789abcdef,synthetic-1-fist,29,protocol,synthetic-demo-contract-v1,True,-4.539404734912616,-4.624403210238621,-4.695480837495941,-4.780962381224342,-4.841667324034037,-4.91971671617299,-4.99856021666464,-5.074999495811704
1700000004965000000,14965000000,994,993,993,0,0,,,,0,fist,hold,200.0,dev-0123456789abcdef0123456789abcdef,synthetic-1-fist,29,protocol,synthetic-demo-contract-v1,True,5.037332485044113,5.1930538739422945,5.360411877018252,5.515720554572585,5.693601250280229,5.856013832561137,6.01663897707588,6.179055377090201
1700000004970000000,14970000000,995,994,994,0,0,,,,0,fist,hold,200.0,dev-0123456789abcdef0123456789abcdef,synthetic-1-fist,29,protocol,synthetic-demo-contract-v1,True,-4.587833839513437,-4.671381653578553,-4.745748482346477,-4.829650815736677,-4.893389785914343,-4.9705648924372205,-5.050509560978842,-5.129287623561529
1700000004975000000,14975000000,996,995,995,0,0,,,,0,fist,hold,200.0,dev-0123456789abcdef0123456789abcdef,synthetic-1-fist,29,protocol,synthetic-demo-contract-v1,True,4.985318813496363,5.1424911479614135,5.3062582435957815,5.463132385943055,5.637582480212392,5.800767104597605,5.960219318955595,6.1202049605646405
1700000004980000000,14980000000,997,996,996,0,0,,,,0,fist,hold,200.0,dev-0123456789abcdef0123456789abcdef,synthetic-1-fist,29,protocol,synthetic-demo-contract-v1,True,-4.642974601450964,-4.725113941736874,-4.803332884243743,-4.885705877988692,-4.953242217886446,-5.029753009285706,-5.110931824600136,-5.19221569000143
1700000004985000000,14985000000,998,997,997,0,0,,,,0,fist,hold,200.0,dev-0123456789abcdef0123456789abcdef,synthetic-1-fist,29,protocol,synthetic-demo-contract-v1,True,4.927531092571061,5.086027961599927,5.245726107718054,5.404071597660108,5.574390693961171,5.738127142728197,5.896294967555145,6.053717256969206
1700000004990000000,14990000000,999,998,998,0,0,,,,0,fist,hold,200.0,dev-0123456789abcdef0123456789abcdef,synthetic-1-fist,29,protocol,synthetic-demo-contract-v1,True,-4.702910964379543,-4.783848962077829,-4.866305986461999,-4.94728668852305,-5.01925147182402,-5.095326939309382,-5.177829079198105,-5.261715913597231
1700000004995000000,14995000000,1000,999,999,0,0,,,,0,fist,hold,200.0,dev-0123456789abcdef0123456789abcdef,synthetic-1-fist,29,protocol,synthetic-demo-contract-v1,True,4.865958045626816,5.025496893616767,5.180838270228404,5.340477014165966,5.506109127754939,5.670161173591228,5.826978283405583,5.981776226555466
