host_wall_timestamp_ns,host_monotonic_ns,host_receive_index,sample_index,session_sample_index,generation,connection_generation,device_packet_sequence,device_sample_counter,device_time_ticks,sample_in_packet,action_label,action_phase,sample_rate_hz,device_id,session_id,quality_flags,sample_rate_source_kind,sample_rate_evidence_ref,sample_rate_confirmed,channel_1,channel_2,channel_3,channel_4,channel_5,channel_6,channel_7,channel_8
1700000000000000000,10000000000,1,0,0,0,0,,,,0,fist,hold,200.0,dev-0123456789abcdef0123456789abcdef,synthetic-2-fist,29,protocol,synthetic-demo-contract-v1,True,-4.751159909874517,-4.83493890762138,-4.9187179053682435,-5.002496903115105,-5.08627590086197,-5.170054898608832,-5.253833896355695,-5.337612894102558
1700000000005000000,10005000000,2,1,1,0,0,,,,0,fist,hold,200.0,dev-0123456789abcdef0123456789abcdef,synthetic-2-fist,29,protocol,synthetic-demo-contract-v1,True,4.881525620464477,5.038351198079571,5.195215824609982,5.352107880070514,5.5090199327182985,5.665947010224377,5.8228856610249515,5.979833414704103
1700000000010000000,10010000000,3,2,2,0,0,,,,0,fist,hold,200.0,dev-0123456789abcdef0123456789abcdef,synthetic-2-fist,29,protocol,synthetic-demo-contract-v1,True,-4.686479398674139,-4.7690562332827,-4.851558741120568,-4.934008470927063,-5.01641942908252,-5.098801094267848,-5.18116010143995,-5.263501229656628
1700000000015000000,10015000000,4,3,3,0,0,,,,0,fist,hold,200.0,dev-0123456789abcdef0123456789abcdef,synthetic-2-fist,29,protocol,synthetic-demo-contract-v1,True,4.944543896921256,5.102560608121468,5.260679534257854,5.418872493815788,5.577120585283814,5.735410740260286,5.893733669428647,6.052082604922839
1700000000020000000,10020000000,5,4,4,0,0,,,,0,fist,hold,200.0,dev-0123456789abcdef0123456789abcdef,synthetic-2-fist,29,protocol,synthetic-demo-contract-v1,True,-4.625676907969137,-4.707068125969251,-4.7883399489725775,-4.869522460437342,-4.950637023534313,-5.0316989593976045,-5.112719436285588,-5.193706740349479
1700000000025000000,10025000000,6,5,5,0,0,,,,0,fist,hold,200.0,dev-0123456789abcdef0123456789abcdef,synthetic-2-fist,29,protocol,synthetic-demo-contract-v1,True,5.002597071887012,5.161798422967511,5.321122761418707,5.48054402026991,5.640041461886284,5.79959922516524,5.959205263332936,6.118850382256745
1700000000030000000,10030000000,7,6,6,0,0,,,,0,fist,hold,200.0,dev-0123456789abcdef0123456789abcdef,synthetic-2-fist,29,protocol,synthetic-demo-contract-v1,True,-4.570881512167395,-4.6510859098641,-4.731179631079107,-4.811177936021325,-4.891097325089163,-4.970952168660178,-5.050754194458258,-5.1305127687872325
1700000000035000000,10035000000,8,7,7,0,0,,,,0,fist,hold,200.0,dev-0123456789abcdef0123456789abcdef,synthetic-2-fist,29,protocol,synthetic-demo-contract-v1,True,5.053656082092234,5.214047841572619,5.374520419617831,5.535076652034843,5.6957082573440525,5.8564046347335434,6.01715573639989,6.177952867772923
1700000000040000000,10040000000,9,8,8,0,0,,,,0,fist,hold,200.0,dev-0123456789abcdef0123456789abcdef,synthetic-2-fist,29,protocol,synthetic-demo-contract-v1,True,-4.524003153288619,-4.603014207130401,-4.681992732325925,-4.760910425190386,-4.83976317202377,-4.918555357189587,-4.997293863548368,-5.075985782207597
1700000000045000000,10045000000,10,9,9,0,0,,,,0,fist,hold,200.0,dev-0123456789abcdef0123456789abcdef,synthetic-2-fist,29,protocol,synthetic-demo-contract-v1,True,5.095947993759889,5.257533074069468,5.419083898174813,5.580661247621264,5.742285810920345,5.903961946521734,6.065687501961932,6.227457986346802
1700000000050000000,10050000000,11,10,10,0,0,,,,0,fist,hold,200.0,dev-0123456789abcdef0123456789abcdef,synthetic-2-fist,29,protocol,synthetic-demo-contract-v1,True,-4.4866612837710225,-4.564484476204556,-4.642426408251182,-4.72038762827677,-4.798326891359776,-4.876228585319627,-4.954088533777475,-5.031907590606538
1700000000055000000,10055000000,12,11,11,0,0,,,,0,fist,hold,200.0,dev-0123456789abcdef0123456789abcdef,synthetic-2-fist,29,protocol,synthetic-demo-contract-v1,True,5.128021721641892,5.290781197301803,5.4533214167640045,5.615785426514215,5.778238605852694,5.940710217128118,6.103212346765471,6.2657488280585065
1700000000060000000,10060000000,13,12,12,0,0,,,,0,fist,hold,200.0,dev-0123456789abcdef0123456789abcdef,synthetic-2-fist,29,protocol,synthetic-demo-contract-v1,True,-4.460125476792589,-4.536798325097176,-4.613804463631613,-4.690954019467604,-4.768154508116712,-4.845360835843257,-4.922551494243796,-4.999716927403928
1700000000065000000,10065000000,14,13,13,0,0,,,,0,fist,hold,200.0,dev-0123456789abcdef0123456789abcdef,synthetic-2-fist,29,protocol,synthetic-demo-contract-v1,True,5.148800476330997,5.312673159138449,5.476088319242854,5.639283810305909,5.802381390554501,5.965443851158039,6.1285035123778435,6.2915766446355965
1700000000070000000,10070000000,15,14,14,0,0,,,,0,fist,hold,200.0,dev-0123456789abcdef0123456789abcdef,synthetic-2-fist,29,protocol,synthetic-demo-contract-v1,True,-4.445270448584408,-4.520882648955242,-4.5970827553783575,-4.673586182266729,-4.750240711724916,-4.826964400916711,-4.903712902349486,-4.980462312003802
1700000000075000000,10075000000,16,15,15,0,0,,,,0,fist,hold,200.0,dev-0123456789abcdef0123456789abcdef,synthetic-2-fist,29,protocol,synthetic-demo-contract-v1,True,5.157618837086401,5.322482097995256,5.486625593907389,5.650376738346623,5.813918252665504,5.97735218297556,6.140735893839961,6.304101740090375
1700000000080000000,10080000000,17,16,16,0,0,,,,0,fist,hold,200.0,dev-0123456789abcdef0123456789abcdef,synthetic-2-fist,29,protocol,synthetic-demo-contract-v1,True,-4.442547228785584,-4.51725819225584,-4.592817076955637,-4.6688603654460765,-4.7451760642153875,-4.821641657415254,-4.8981860476150105,-4.9747677422518715
1700000000085000000,10085000000,18,17,17,0,0,,,,0,fist,hold,200.0,dev-0123456789abcdef0123456789abcdef,synthetic-2-fist,29,protocol,synthetic-demo-contract-v1,True,5.154243100344203,5.3198976255123,5.484585311699995,5.648696169748597,5.812468857801485,5.976046070871108,6.1395130360982435,6.302920913152328
1700000000090000000,10090000000,19,18,18,0,0,,,,0,fist,hold,200.0,dev-0123456789abcdef0123456789abcdef,synthetic-2-fist,29,protocol,synthetic-demo-contract-v1,True,-4.451971428693889,-4.5260226268119625,-4.601144612775533,-4.676933338997954,-4.753127531230367,-4.829565321966592,-4.906147316745107,-4.9828123425288595
1700000000095000000,10095000000,20,19,19,0,0,,,,0,fist,hold,200.0,dev-0123456789abcdef0123456789abcdef,synthetic-2-fist,29,protocol,synthetic-demo-contract-v1,True,5.138874361866277,5.305035251946415,5.470042123294351,5.63429790990019,5.798080987993449,5.961570630547378,6.124880043063193,6.2880805516882585
1700000000100000000,10100000000,21,20,20,0,0,,,,0,fist,hold,200.0,dev-0123456789abcdef0123456789abcdef,synthetic-2-fist,29,protocol,synthetic-demo-contract-v1,True,-4.47312873980336,-4.5468486882024255,-4.621779584918198,-4.697537187065134,-4.773832977686531,-4.850472833445799,-4.927330516105497,-5.00432463394952
1700000000105000000,10105000000,22,21,21,0,0,,,,0,fist,hold,200.0,dev-0123456789abcdef0123456789abcdef,synthetic-2-fist,29,protocol,synthetic-demo-contract-v1,True,5.1121346056918044,5.278430693737587,5.44349043470915,5.607659754698535,5.771228966462995,5.9344036907813456,6.097321977522299,6.260074951459208
1700000000110000000,10110000000,23,22,22,0,0,,,,0,fist,hold,200.0,dev-0123456789abcdef0123456789abcdef,synthetic-2-fist,29,protocol,synthetic-demo-contract-v1,True,-4.505196993816478,-4.578997347729829,-4.654023227367305,-4.729988211058515,-4.806609809551635,-4.883675046005496,-4.96103573553503,-5.038591611988096
1700000000115000000,10115000000,24,23,23,0,0,,,,0,fist,hold,200.0,dev-0123456789abcdef0123456789abcdef,synthetic-2-fist,29,protocol,synthetic-demo-contract-v1,True,5.075036848874827,5.24101936807512,5.405827372433083,5.569665614318936,5.732798020664127,5.895440023754478,6.057747807330001,6.219829917735852
1700000000120000000,10120000000,25,24,24,0,0,,,,0,fist,hold,200.0,dev-0123456789abcdef0123456789abcdef,synthetic-2-fist,29,protocol,synthetic-demo-contract-v1,True,-4.546983375692984,-4.621345437500366,-4.696787731743412,-4.773209646633061,-4.850377476842154,-4.9280789450279245,-5.006152459196636,-5.0844823296651915
1700000000125000000,10125000000,26,25,25,0,0,,,,0,fist,hold,200.0,dev-0123456789abcdef0123456789abcdef,synthetic-2-fist,29,protocol,synthetic-demo-contract-v1,True,5.028941084361292,5.194101927323091,5.35832213583678,5.521576144885779,5.684055099093292,5.845961870403094,6.007460428602318,6.1686721924743475
1700000000130000000,10130000000,27,26,26,0,0,,,,0,fist,hold,200.0,dev-0123456789abcdef0123456789abcdef,synthetic-2-fist,29,protocol,synthetic-demo-contract-v1,True,-4.596974743333646,-4.672426615121804,-4.74863333038532,-4.82576743853519,-4.903693095988247,-4.9822236372090485,-5.061196160700502,-5.140485207249922
1700000000135000000,10135000000,28,27,27,0,0,,,,0,fist,hold,200.0,dev-0123456789abcdef0123456789abcdef,synthetic-2-fist,29,protocol,synthetic-demo-contract-v1,True,4.975498338821889,5.13929719508577,5.302572799954042,5.464986865339435,5.626607103946438,5.7875967318332835,5.948113754417061,6.10828571600094
1700000000140000000,10140000000,29,28,28,0,0,,,,0,fist,hold,200.0,dev-0123456789abcdef0123456789abcdef,synthetic-2-fist,29,protocol,synthetic-demo-contract-v1,True,-4.653398503449413,-4.730484072735638,-4.807817234196079,-4.885917882881999,-4.964799017207684,-5.044328429490992,-5.124357176429519,-5.204757837964935
1700000000145000000,10145000000,30,29,29,0,0,,,,0,fist,hold,200.0,dev-0123456789abcdef0123456789abcdef,synthetic-2-fist,29,protocol,synthetic-demo-contract-v1,True,4.916585590257771,5.078484315697138,5.240452059381718,5.401775153141666,5.562347916562214,5.722263816542616,5.8816582827000055,6.040656165116539
1700000000150000000,10150000000,31,30,30,0,0,,,,0,fist,hold,200.0,dev-0123456789abcdef0123456789abcdef,synthetic-2-fist,29,protocol,synthetic-demo-contract-v1,True,-4.714291145486194,-4.7935329811315865,-4.872352739473995,-4.951665551665719,-5.0316807687407,-5.112351414107433,-5.193560247445731,-5.275187648292674
1700000000155000000,10155000000,32,31,31,0,0,,,,0,fist,hold,200.0,dev-0123456789abcdef0123456789abcdef,synthetic-2-fist,29,protocol,synthetic-demo-contract-v1,True,4.8542345546912085,5.013736303013131,5.174043779290321,5.334037882352305,5.493395962057331,5.65211090612162,5.810276935575139,5.968005594960165
1700000000160000000,10160000000,33,32,32,0,0,,,,0,fist,hold,200.0,dev-0123456789abcdef0123456789abcdef,synthetic-2-fist,29,protocol,synthetic-demo-contract-v1,True,-4.777571355598342,-4.859430328850147,-4.94007647389064,-5.020829572350713,-5.102133467704945,-5.184056631669449,-5.266532769831932,-5.349461414692859
1700000000165000000,10165000000,34,33,33,0,0,,,,0,fist,hold,200.0,dev-0123456789abcdef0123456789abcdef,synthetic-2-fist,29,protocol,synthetic-demo-contract-v1,True,4.790557446508762,4.94724745908821,5.105572529460925,5.264021778718396,5.422024371453446,5.57944371700639,5.73631328202049,5.8927193371779
1700000000170000000,10170000000,35,34,34,0,0,,,,0,fist,hold,200.0,dev-0123456789abcdef0123456789abcdef,synthetic-2-fist,29,protocol,synthetic-demo-contract-v1,True,-4.841114620634936,-4.9259495799849145,-5.008721478633875,-5.091116057735221,-5.173834508211653,-5.2570876023535975,-5.34087950735267,-5.425141347594534
1700000000175000000,10175000000,36,35,35,0,0,,,,0,fist,hold,200.0,dev-0123456789abcdef0123456789abcdef,synthetic-2-fist,29,protocol,synthetic-demo-contract-v1,True,4.7276727485647685,4.8812573191711754,5.037328511313044,5.194048808382859,5.350586043632564,5.506650082365421,5.662194505692408,5.817267561231935
1700000000180000000,10180000000,37,36,36,0,0,,,,0,fist,hold,200.0,dev-0123456789abcdef0123456789abcdef,synthetic-2-fist,29,protocol,synthetic-demo-contract-v1,True,-4.902826377051713,-4.990857440164908,-5.075993630745929,-5.160194277030389,-5.244420130442393,-5.329044806126026,-5.414161308304639,-5.499745237991801
1700000000185000000,10185000000,38,37,37,0,0,,,,0,fist,hold,200.0,dev-0123456789abcdef0123456789abcdef,synthetic-2-fist,29,protocol,synthetic-demo-contract-v1,True,4.667633811874348,4.817973861341152,4.97159043821375,5.126439081591859,5.2814360775947184,5.436121448226397,5.590351652043471,5.7441240806896445
1700000000190000000,10190000000,39,38,38,0,0,,,,0,fist,hold,200.0,dev-0123456789abcdef0123456789abcdef,synthetic-2-fist,29,protocol,synthetic-demo-contract-v1,True,-4.960711041074658,-5.051989990822435,-5.139648803245917,-5.225774035155897,-5.311563346442616,-5.397564563418212,-5.483975237332953,-5.570828028936439
1700000000195000000,10195000000,40,39,39,0,0,,,,0,fist,hold,200.0,dev-0123456789abcdef0123456789abcdef,synthetic-2-fist,29,protocol,synthetic-demo-contract-v1,True,4.612362765267525,4.759498696352927,4.910548991080538,5.063433834884578,5.21685413218462,5.370174265897461,5.5231397777065325,5.675685076305069
1700000000200000000,10200000000,41,40,40,0,0,,,,0,fist,hold,200.0,dev-0123456789abcdef0123456789abcdef,synthetic-2-fist,29,protocol,synthetic-demo-contract-v1,True,-5.012934646114073,-5.107325525807598,-5.19756814406101,-5.285681687675556,-5.373050653661456,-5.460396722012743,-5.548033487117391,-5.636062128050355
1700000000205000000,10205000000,42,41,41,0,0,,,,0,fist,hold,200.0,dev-0123456789abcdef0123456789abcdef,synthetic-2-fist,29,protocol,synthetic-demo-contract-v1,True,4.563591783889637,4.707756829543062,4.856233442657519,5.00712105197211,5.158969272845078,5.310973865729561,5.462760627640717,5.6141904096959125
1700000000210000000,10210000000,43,42,42,0,0,,,,0,fist,hold,200.0,dev-0123456789abcdef0123456789abcdef,synthetic-2-fist,29,protocol,synthetic-demo-contract-v1,True,-5.0578792779290085,-5.155051595954959,-5.247828928265348,-5.33793226489218,-5.426855007231497,-5.515478595592293,-5.604238475675193,-5.693313819382149
1700000000215000000,10215000000,44,43,43,0,0,,,,0,fist,hold,200.0,dev-0123456789abcdef0123456789abcdef,synthetic-2-fist,29,protocol,synthetic-demo-contract-v1,True,4.522813276934268,4.664433369676305,4.810443926276074,4.959366194989219,5.109689782965503,5.2604633152150395,5.411190381667768,5.561650115378019
1700000000220000000,10220000000,45,44,44,0,0,,,,0,fist,hold,200.0,dev-0123456789abcdef0123456789abcdef,synthetic-2-fist,29,protocol,synthetic-demo-contract-v1,True,-5.094188001484179,-5.193624026779335,-5.288768598655142,-5.380795308824656,-5.471202645319905,-5.561002723133773,-5.650751661223521,-5.74071326209932
1700000000225000000,10225000000,46,45,45,0,0,,,,0,fist,hold,200.0,dev-0123456789abcdef0123456789abcdef,synthetic-2-fist,29,protocol,synthetic-demo-contract-v1,True,4.4912400455249495,4.630919260657724,4.774691622927127,4.921750347013149,5.070640253726532,5.22029960003446,5.370114844546528,5.519778487695484
1700000000230000000,10230000000,47,46,46,0,0,,,,0,fist,hold,200.0,dev-0123456789abcdef0123456789abcdef,synthetic-2-fist,29,protocol,synthetic-demo-contract-v1,True,-5.120799480333339,-5.221816009252079,-5.31903985126207,-5.4128522367318155,-5.504631564527358,-5.595476222009044,-5.686053813924117,-5.7767157753710885
1700000000235000000,10235000000,48,47,47,0,0,,,,0,fist,hold,200.0,dev-0123456789abcdef0123456789abcdef,synthetic-2-fist,29,protocol,synthetic-demo-contract-v1,True,4.469775965483507,4.608267745303071,4.750148861514028,4.895517819410436,5.043108026392554,5.19179922536986,5.3408742081692155,5.489937928433581
1700000000240000000,10240000000,49,48,48,0,0,,,,0,fist,hold,200.0,dev-0123456789abcdef0123456789abcdef,synthetic-2-fist,29,protocol,synthetic-demo-contract-v1,True,-5.136971967310736,-5.2387557581883435,-5.337654936224625,-5.433043327499901,-5.526039717583168,-5.617769784569811,-5.708994765552325,-5.8001523963627415
1700000000245000000,10245000000,50,49,49,0,0,,,,0,fist,hold,200.0,dev-0123456789abcdef0123456789abcdef,synthetic-2-fist,29,protocol,synthetic-demo-contract-v1,True,4.45899729677363,4.597162852246022,4.737610781299889,4.881534961969183,5.028000752682762,5.175895024549564,5.324419198915282,5.473094398897174
1700000000250000000,10250000000,51,50,50,0,0,,,,0,fist,hold,200.0,dev-0123456789abcdef0123456789abcdef,synthetic-2-fist,29,protocol,synthetic-demo-contract-v1,True,-5.142296767358686,-5.243951669965903,-5.344017719238032,-5.44070277312269,-5.534721344408785,-5.6271547090240785,-5.7188310049029445,-5.810268052044856
1700000000255000000,10255000000,52,51,51,0,0,,,,0,fist,hold,200.0,dev-0123456789abcdef0123456789abcdef,synthetic-2-fist,29,protocol,synthetic-demo-contract-v1,True,4.459144335212998,4.597900745348131,4.737469805149768,4.880261540447915,5.025816472323064,5.173105593096868,5.321280048069099,5.469785937599571
1700000000260000000,10260000000,53,52,52,0,0,,,,0,fist,hold,200.0,dev-0123456789abcdef0123456789abcdef,synthetic-2-fist,29,protocol,synthetic-demo-contract-v1,True,-5.136701619741707,-5.2373043729353626,-5.337942471284496,-5.435580635120576,-5.530390238827783,-5.623326749323216,-5.715249887137155,-5.806746093853237
1700000000265000000,10265000000,54,53,53,0,0,,,,0,fist,hold,200.0,dev-0123456789abcdef0123456789abcdef,synthetic-2-fist,29,protocol,synthetic-demo-contract-v1,True,4.470122818245678,4.610384307998781,4.749703731343142,4.891735627589785,5.036627194228671,5.18351835067389,5.331549300858694,5.480105274051726
1700000000270000000,10270000000,55,54,54,0,0,,,,0,fist,hold,200.0,dev-0123456789abcdef0123456789abcdef,synthetic-2-fist,29,protocol,synthetic-demo-contract-v1,True,-5.1204447063279375,-5.219105531671471,-5.319658809645153,-5.417850981792608,-5.513189183891419,-5.606416002601469,-5.698379666095291,-5.789718393656836
1700000000275000000,10275000000,56,55,55,0,0,,,,0,fist,hold,200.0,dev-0123456789abcdef0123456789abcdef,synthetic-2-fist,29,protocol,synthetic-demo-contract-v1,True,4.491514282161783,4.634130870512521,4.773877785937679,4.915572503782328,5.06007652259461,5.206786784925023,5.354879024018564,5.503697104664902
1700000000280000000,10280000000,57,56,56,0,0,,,,0,fist,hold,200.0,dev-0123456789abcdef0123456789abcdef,synthetic-2-fist,29,protocol,synthetic-demo-contract-v1,True,-5.094100162414618,-5.190023722515685,-5.289802685429354,-5.388105942125637,-5.483685244766474,-5.576982512161937,-5.668785025328294,-5.75976067518808
1700000000285000000,10285000000,58,57,57,0,0,,,,0,fist,hold,200.0,dev-0123456789abcdef0123456789abcdef,synthetic-2-fist,29,protocol,synthetic-demo-contract-v1,True,4.522594441523765,4.66829254448544,4.809160503085185,4.950977597393396,5.095391406154557,5.2421419645956355,5.390492497828443,5.539770113789394
1700000000290000000,10290000000,59,58,58,0,0,,,,0,fist,hold,200.0,dev-0123456789abcdef0123456789abcdef,synthetic-2-fist,29,protocol,synthetic-demo-contract-v1,True,-5.058536052427404,-5.15107812640861,-5.249393785686306,-5.347335880661093,-5.442851074364201,-5.535997733961188,-5.627448260864892,-5.717873241387066
1700000000295000000,10295000000,60,59,59,0,0,,,,0,fist,hold,200.0,dev-0123456789abcdef0123456789abcdef,synthetic-2-fist,29,protocol,synthetic-demo-contract-v1,True,4.562358613222999,4.711688218796678,4.8543528336854,4.996773027921797,5.141407623271538,5.2884179398888325,5.437210001939457,5.587123337322396
1700000000300000000,10300000000,61,60,60,0,0,,,,0,fist,hold,200.0,dev-0123456789abcdef0123456789abcdef,synthetic-2-fist,29,protocol,synthetic-demo-contract-v1,True,-5.014885787655015,-5.103601171534898,-5.199800175370169,-5.296896359031106,-5.392032848005542,-5.484812479542219,-5.575736740816947,-5.665447738985166
1700000000305000000,10305000000,62,61,61,0,0,,,,0,fist,hold,200.0,dev-0123456789abcdef0123456789abcdef,synthetic-2-fist,29,protocol,synthetic-demo-contract-v1,True,4.6095532216163395,4.762845911024984,4.9079294392577655,5.051436863020079,5.196608162696504,5.344090191273801,5.493487840662172,5.644185994127903
1700000000310000000,10310000000,63,62,62,0,0,,,,0,fist,hold,200.0,dev-0123456789abcdef0123456789abcdef,synthetic-2-fist,29,protocol,synthetic-demo-contract-v1,True,-4.964513925440474,-5.049191590998808,-5.142691430480521,-5.238462988856627,-5.332905884216718,-5.425112393101793,-5.515357718290691,-5.604221061263586
1700000000315000000,10315000000,64,63,63,0,0,,,,0,fist,hold,200.0,dev-0123456789abcdef0123456789abcdef,synthetic-2-fist,29,protocol,synthetic-demo-contract-v1,True,4.662712477150778,4.8200538658285845,4.968090722900467,5.113153778225582,5.259173234700792,5.40732585890139,5.557469318018868,5.709069467273923
1700000000320000000,10320000000,65,64,64,0,0,,,,0,fist,hold,200.0,dev-0123456789abcdef0123456789abcdef,synthetic-2-fist,29,protocol,synthetic-demo-contract-v1,True,-4.908977220771045,-4.989659630612786,-5.079981894285135,-5.173975682644124,-5.26741941469928,-5.358862430221917,-5.448301989861413,-5.53621791313081
1700000000325000000,10325000000,66,65,65,0,0,,,,0,fist,hold,200.0,dev-0123456789abcdef0123456789abcdef,synthetic-2-fist,29,protocol,synthetic-demo-contract-v1,True,4.720199396139097,4.881418555837742,5.032823796204488,5.179875429916427,5.327040263871332,5.47604409753001,5.627045980082094,5.779629717404298
1700000000330000000,10330000000,67,66,66,0,0,,,,0,fist,hold,200.0,dev-0123456789abcdef0123456789abcdef,synthetic-2-fist,29,protocol,synthetic-demo-contract-v1,True,-4.849981724818428,-4.926966342884781,-5.013766011046771,-5.10557416086361,-5.19773232423652,-5.288242167266018,-5.376778258402971,-5.463683935533892
1700000000335000000,10335000000,68,67,67,0,0,,,,0,fist,hold,200.0,dev-0123456789abcdef0123456789abcdef,synthetic-2-fist,29,protocol,synthetic-demo-contract-v1,True,4.780250401489809,4.944927575357819,5.099970291587748,5.249388530159844,5.397971885793104,5.547984569153402,5.69992710485425,5.853538067583023
1700000000340000000,10340000000,69,68,68,0,0,,,,0,fist,hold,200.0,dev-0123456789abcdef0123456789abcdef,synthetic-2-fist,29,protocol,synthetic-demo-contract-v1,True,-4.789336662080919,-4.863159032399114,-4.946247945640087,-5.035526862868858,-5.126141978991256,-5.215574071652584,-5.303140364285965,-5.389011596478503
1700000000345000000,10345000000,70,69,69,0,0,,,,0,fist,hold,200.0,dev-0123456789abcdef0123456789abcdef,synthetic-2-fist,29,protocol,synthetic-demo-contract-v1,True,4.84102279338984,5.008515324250741,5.167298712996521,5.319388357416412,5.469629705980203,5.620781818289283,5.773715149278819,5.9283580239661235
1700000000350000000,10350000000,71,70,70,0,0,,,,0,fist,hold,200.0,dev-0123456789abcdef0123456789abcdef,synthetic-2-fist,29,protocol,synthetic-demo-contract-v1,True,-4.728905786109695,-4.800304974838278,-4.8796678748414015,-4.966155627138672,-5.055008489504179,-5.1432470942721515,-5.229809782836338,-5.3146612933725725
1700000000355000000,10355000000,72,71,71,0,0,,,,0,fist,hold,200.0,dev-0123456789abcdef0123456789abcdef,synthetic-2-fist,29,protocol,synthetic-demo-contract-v1,True,4.9006443900060805,5.070129357566805,5.232578880975411,5.387555257934049,5.539651389453421,5.692043081915272,5.845984667806445,6.001625598714675
1700000000360000000,10360000000,73,72,72,0,0,,,,0,fist,hold,200.0,dev-0123456789abcdef0123456789abcdef,synthetic-2-fist,29,protocol,synthetic-demo-contract-v1,True,-4.670556925584333,-4.740425519349698,-4.81622743159447,-4.899758645280801,-4.9866769052056155,-5.073638098618458,-5.159195940798244,-5.243080268221692
1700000000365000000,10365000000,74,73,73,0,0,,,,0,fist,hold,200.0,dev-0123456789abcdef0123456789abcdef,synthetic-2-fist,29,protocol,synthetic-demo-contract-v1,True,4.957264602279139,5.127795322191785,5.293655974625425,5.451631595012411,5.605728539561287,5.7594269736611245,5.914362103673974,6.0709304871671
1700000000370000000,10370000000,75,74,74,0,0,,,,0,fist,hold,200.0,dev-0123456789abcdef0123456789abcdef,synthetic-2-fist,29,protocol,synthetic-demo-contract-v1,True,-4.616110493134018,-4.685432606554063,-4.758016794749397,-4.83853424978672,-4.92339990544517,-5.009033711732409,-5.09361697529489,-5.17662200824298
1700000000375000000,10375000000,76,75,75,0,0,,,,0,fist,hold,200.0,dev-0123456789abcdef0123456789abcdef,synthetic-2-fist,29,protocol,synthetic-demo-contract-v1,True,5.00910612213341,5.179678509244032,5.348521703949311,5.509496590323454,5.665682798622551,5.820720453764914,5.976603826397539,6.133995424188607
1700000000380000000,10380000000,77,76,76,0,0,,,,0,fist,hold,200.0,dev-0123456789abcdef0123456789abcdef,synthetic-2-fist,29,protocol,synthetic-demo-contract-v1,True,-4.567287836702827,-4.637069598799369,-4.706945844092944,-4.7845080658790575,-4.867263535675008,-4.951555167505174,-5.035223543123314,-5.117468787407488
1700000000385000000,10385000000,78,77,77,0,0,,,,0,fist,hold,200.0,dev-0123456789abcdef0123456789abcdef,synthetic-2-fist,29,protocol,synthetic-demo-contract-v1,True,5.0545162757544615,5.224140212874219,5.395380259633346,5.559236573495237,5.717537661589153,5.873911553382256,6.030669847817531,6.18875110568276
1700000000390000000,10390000000,79,78,78,0,0,,,,0,fist,hold,200.0,dev-0123456789abcdef0123456789abcdef,synthetic-2-fist,29,protocol,synthetic-demo-contract-v1,True,-4.525660457953786,-4.596858133245907,-4.664681647239278,-4.739465944017386,-4.820118437033352,-4.903088613751702,-4.985928186695294,-5.067559899853404
1700000000395000000,10395000000,80,79,79,0,0,,,,0,fist,hold,200.0,dev-0123456789abcdef0123456789abcdef,synthetic-2-fist,29,protocol,synthetic-demo-contract-v1,True,5.092016935908371,5.259787294018121,5.4327068787598005,5.599208310728299,5.75958363525703,5.917255462204081,6.074790792399933,6.233404208449958
1700000000400000000,10400000000,81,80,80,0,0,,,,0,fist,hold,200.0,dev-0123456789abcdef0123456789abcdef,synthetic-2-fist,29,protocol,synthetic-demo-contract-v1,True,-4.492601288116001,-4.566052480881505,-4.632594317128665,-4.704894895587969,-4.783518836474476,-4.865223174030082,-4.947342578916473,-5.028527947501247
1700000000405000000,10405000000,82,81,81,0,0,,,,0,fist,hold,200.0,dev-0123456789abcdef0123456789abcdef,synthetic-2-fist,29,protocol,synthetic-demo-contract-v1,True,5.1203517184758205,5.285513592395882,5.459297127025204,5.628093315094875,5.790434594928679,5.949331807351506,6.107525920647415,6.26649627003727
1700000000410000000,10410000000,83,82,82,0,0,,,,0,fist,hold,200.0,dev-0123456789abcdef0123456789abcdef,synthetic-2-fist,29,protocol,synthetic-demo-contract-v1,True,-4.469239377563151,-4.54560263491155,-4.6117129849363385,-4.681933986533752,-4.75867130875044,-4.839198799402303,-4.920724708865484,-5.00164527778562
1700000000415000000,10415000000,84,83,83,0,0,,,,0,fist,hold,200.0,dev-0123456789abcdef0123456789abcdef,synthetic-2-fist,29,protocol,synthetic-demo-contract-v1,True,5.138529031548937,5.300532102282243,5.474305321198964,5.644941342577894,5.8090734806239865,5.9690912419495765,6.127810300030238,6.286951492392792
1700000000420000000,10420000000,85,84,84,0,0,,,,0,fist,hold,200.0,dev-0123456789abcdef0123456789abcdef,synthetic-2-fist,29,protocol,synthetic-demo-contract-v1,True,-4.456419496852419,-4.536127069463942,-4.6026932837004875,-4.671336811166962,-4.746394999402313,-4.825865622644279,-4.906937741896395,-4.987782331997077
1700000000425000000,10425000000,86,85,85,0,0,,,,0,fist,hold,200.0,dev-0123456789abcdef0123456789abcdef,synthetic-2-fist,29,protocol,synthetic-demo-contract-v1,True,5.145859425735538,5.30439711809942,5.4772708882998655,5.649201638739531,5.8148858263776715,5.975889814059435,6.134989576053489,6.29411189903679
1700000000430000000,10430000000,87,86,86,0,0,,,,0,fist,hold,200.0,dev-0123456789abcdef0123456789abcdef,synthetic-2-fist,29,protocol,synthetic-demo-contract-v1,True,-4.4546682386950405,-4.537895813180222,-4.605797345246178,-4.673446782278421,-4.747094620084917,-4.825656148453525,-4.90642190257423,-4.987379271376318
1700000000435000000,10435000000,88,87,87,0,0,,,,0,fist,hold,200.0,dev-0123456789abcdef0123456789abcdef,synthetic-2-fist,29,protocol,synthetic-demo-contract-v1,True,5.141985636470837,5.297015855997994,5.468131867281803,5.6407409090999545,5.807680017266902,5.9695099891613,6.128841205114294,6.287758693013208
1700000000440000000,10440000000,89,88,88,0,0,,,,0,fist,hold,200.0,dev-0123456789abcdef0123456789abcdef,synthetic-2-fist,29,protocol,synthetic-demo-contract-v1,True,-4.464168228782465,-4.550824180406441,-4.620886890610567,-4.688186046818891,-4.760747106485014,-4.838571190458496,-4.9191802993722575,-5.00043180980317
1700000000445000000,10445000000,90,89,89,0,0,,,,0,fist,hold,200.0,dev-0123456789abcdef0123456789abcdef,synthetic-2-fist,29,protocol,synthetic-demo-contract-v1,True,5.126903734980227,5.278649359297063,5.447225190839224,5.619847428225262,5.787693606358065,5.950167638868329,6.109581457179797,6.2681191183107
1700000000450000000,10450000000,91,90,90,0,0,,,,0,fist,hold,200.0,dev-0123456789abcdef0123456789abcdef,synthetic-2-fist,29,protocol,synthetic-demo-contract-v1,True,-4.484741979074669,-4.5744772029276595,-4.6474295565724795,-4.715058383122205,-4.7869023786798275,-4.8641800132289505,-4.944779150473476,-5.026491713135499
1700000000455000000,10455000000,92,91,91,0,0,,,,0,fist,hold,200.0,dev-0123456789abcdef0123456789abcdef,synthetic-2-fist,29,protocol,synthetic-demo-contract-v1,True,5.100973930654701,5.249902791819214,5.4152738246406935,5.58722116343141,5.755585483322593,5.918504770539069,6.077857965316586,6.235858605717438
1700000000460000000,10460000000,93,92,92,0,0,,,,0,fist,hold,200.0,dev-0123456789abcdef0123456789abcdef,synthetic-2-fist,29,protocol,synthetic-demo-contract-v1,True,-4.515846736870751,-4.60808451418379,-4.684518162775159,-4.753165970975752,-4.824698178869231,-4.90163466992674,-4.982362395477756,-5.064681941441903
1700000000465000000,10465000000,94,93,93,0,0,,,,0,fist,hold,200.0,dev-0123456789abcdef0123456789abcdef,synthetic-2-fist,29,protocol,synthetic-demo-contract-v1,True,5.064919803375518,5.211705507566256,5.373361274189379,5.543950253556482,5.712414152898215,5.875568241732123,6.034728075266516,6.192058469424262
1700000000470000000,10470000000,95,94,94,0,0,,,,0,fist,hold,200.0,dev-0123456789abcdef0123456789abcdef,synthetic-2-fist,29,protocol,synthetic-demo-contract-v1,True,-4.556581391514,-4.650565161415662,-4.730902199834979,-4.801239465288583,-4.872888497327819,-4.9496980591147,-5.030680203959296,-5.1137259274925295
1700000000475000000,10475000000,96,95,95,0,0,,,,0,fist,hold,200.0,dev-0123456789abcdef0123456789abcdef,synthetic-2-fist,29,protocol,synthetic-demo-contract-v1,True,5.019815090528557,5.165281552530329,5.322894381339694,5.491474635983034,5.659602839287036,5.8227751645623735,5.981623715902053,6.138179897110729
1700000000480000000,10480000000,97,96,96,0,0,,,,0,fist,hold,200.0,dev-0123456789abcdef0123456789abcdef,synthetic-2-fist,29,protocol,synthetic-demo-contract-v1,True,-4.60570610178396,-4.700561564099735,-4.785030422608106,-4.857680362971947,-4.929884649461827,-5.006784772933472,-5.088130434258647,-5.171990018846667
1700000000485000000,10485000000,98,97,97,0,0,,,,0,fist,hold,200.0,dev-0123456789abcdef0123456789abcdef,synthetic-2-fist,29,protocol,synthetic-demo-contract-v1,True,4.967057601524155,5.11211150024172,5.265555709920329,5.4315380409648535,5.598892566889683,5.761866142797598,5.920303955101494,6.076015428031143
1700000000490000000,10490000000,99,98,98,0,0,,,,0,fist,hold,200.0,dev-0123456789abcdef0123456789abcdef,synthetic-2-fist,29,protocol,synthetic-demo-contract-v1,True,-4.661674814148999,-4.756481603448408,-4.845103077176313,-4.920614245576413,-4.993807649788377,-5.071013388213363,-5.152811669700141,-5.2375376770673014
1700000000495000000,10495000000,100,99,99,0,0,,,,0,fist,hold,200.0,dev-0123456789abcdef0123456789abcdef,synthetic-2-fist,29,protocol,synthetic-demo-contract-v1,True,4.908330364749415,5.05388674314431,5.2032471509074965,5.366129957201274,5.532284764157469,5.694847884573468,5.852796810748487,6.007629525870191
1700000000500000000,10500000000,101,100,100,0,0,,,,0,fist,hold,200.0,dev-0123456789abcdef0123456789abcdef,synthetic-2-fist,29,protocol,synthetic-demo-contract-v1,True,-4.722680277303998,-4.816547621156486,-4.909131986319304,-4.987953120715428,-5.062550156230181,-5.140268475949148,-5.222586078632165,-5.308193640299727
1700000000505000000,10505000000,102,101,101,0,0,,,,0,fist,hold,200.0,dev-0123456789abcdef0123456789abcdef,synthetic-2-fist,29,protocol,synthetic-demo-contract-v1,True,4.845550701748842,4.992457553847572,5.138026651847723,5.297419503763061,5.4619752827346595,5.623927082745526,5.781332239843335,5.935290212274383
1700000000510000000,10510000000,103,102,102,0,0,,,,0,fist,hold,200.0,dev-0123456789abcdef0123456789abcdef,synthetic-2-fist,29,protocol,synthetic-demo-contract-v1,True,-4.7867105517498105,-4.878850928952633,-4.9750064756007815,-5.057464785238243,-5.133845942615383,-5.212270285299437,-5.295150021827099,-5.381615927435285
1700000000515000000,10515000000,104,103,103,0,0,,,,0,fist,hold,200.0,dev-0123456789abcdef0123456789abcdef,synthetic-2-fist,29,protocol,synthetic-demo-contract-v1,True,4.780808537910675,4.929776390930742,5.072040184453429,5.2276834099676215,5.390282007074077,5.55143774165955,5.708268518491262,5.861394021154264
1700000000520000000,10520000000,105,104,104,0,0,,,,0,fist,hold,200.0,dev-0123456789abcdef0123456789abcdef,synthetic-2-fist,29,protocol,synthetic-demo-contract-v1,True,-4.851615400370761,-4.941410286509657,-5.040562947900074,-5.126846902392094,-5.205344609090794,-5.284649806373421,-5.368110076469975,-5.455373304146898
1700000000525000000,10525000000,106,105,105,0,0,,,,0,fist,hold,200.0,dev-0123456789abcdef0123456789abcdef,synthetic-2-fist,29,protocol,synthetic-demo-contract-v1,True,4.7162958602206055,4.867838050757756,5.007451202447621,5.159230497855745,5.31956844101138,5.479764344083955,5.636014442276876,5.788386753405113
1700000000530000000,10530000000,107,106,106,0,0,,,,0,fist,hold,200.0,dev-0123456789abcdef0123456789abcdef,synthetic-2-fist,29,protocol,synthetic-demo-contract-v1,True,-4.915180366195297,-5.0022326962846435,-5.103655813118724,-5.193803331410237,-5.27468906747901,-5.355026739809897,-5.439061968567802,-5.527025651721859
1700000000535000000,10535000000,108,107,107,0,0,,,,0,fist,hold,200.0,dev-0123456789abcdef0123456789abcdef,synthetic-2-fist,29,protocol,synthetic-demo-contract-v1,True,4.654229780928063,4.808618357385753,4.946369905187701,5.09432517522003,5.252165790410464,5.411263388153166,5.566949913126071,5.718682649385789
1700000000540000000,10540000000,109,108,108,0,0,,,,0,fist,hold,200.0,dev-0123456789abcdef0123456789abcdef,synthetic-2-fist,29,protocol,synthetic-demo-contract-v1,True,-4.975205836492599,-5.059374792133954,-5.162227454272145,-5.256120176085475,-5.339593247128751,-5.4210878063177335,-5.505669810945667,-5.594204584728035
1700000000545000000,10545000000,110,109,109,0,0,,,,0,fist,hold,200.0,dev-0123456789abcdef0123456789abcdef,synthetic-2-fist,29,protocol,synthetic-demo-contract-v1,True,4.596772122386334,4.754013134958084,4.890784610209321,5.035112477021337,5.190296110572342,5.348185876960722,5.503347530721707,5.65458464780254
1700000000550000000,10550000000,111,110,110,0,0,,,,0,fist,hold,200.0,dev-0123456789abcdef0123456789abcdef,synthetic-2-fist,29,protocol,synthetic-demo-contract-v1,True,-5.0295879953419815,-5.111003066154238,-5.214374961139353,-5.311739031212823,-5.397917459538706,-5.480662819032342,-5.56574303515315,-5.654691656243917
1700000000555000000,10555000000,112,111,111,0,0,,,,0,fist,hold,200.0,dev-0123456789abcdef0123456789abcdef,synthetic-2-fist,29,protocol,synthetic-demo-contract-v1,True,4.5459487679153785,4.7057792189845395,4.842497450931996,4.9835471386278,5.135999051997857,5.292603311201311,5.447297772193656,5.5982083628930175
1700000000560000000,10560000000,113,112,112,0,0,,,,0,fist,hold,200.0,dev-0123456789abcdef0123456789abcdef,synthetic-2-fist,29,protocol,synthetic-demo-contract-v1,True,-5.076398311762246,-5.1554511870035356,-5.258411485546955,-5.358825001781778,-5.447738937218166,-5.531796016064498,-5.617308482847839,-5.706491569883592
1700000000565000000,10565000000,114,113,113,0,0,,,,0,fist,hold,200.0,dev-0123456789abcdef0123456789abcdef,synthetic-2-fist,29,protocol,synthetic-demo-contract-v1,True,4.503572198005527,4.665479232905114,4.803066458078005,4.941329047548188,5.091064619468115,5.246339619077734,5.400640224308243,5.551412288226007
1700000000570000000,10570000000,115,114,114,0,0,,,,0,fist,hold,200.0,dev-0123456789abcdef0123456789abcdef,synthetic-2-fist,29,protocol,synthetic-demo-contract-v1,True,-5.113958121444408,-5.1912727145004105,-5.292920263351681,-5.395827246159201,-5.487415221338067,-5.57281030749799,-5.65867528297651,-5.74789798348077
1700000000575000000,10575000000,116,115,115,0,0,,,,0,fist,hold,200.0,dev-0123456789abcdef0123456789abcdef,synthetic-2-fist,29,protocol,synthetic-demo-contract-v1,True,4.471170631259459,4.63443178298484,4.7737558608164985,4.909847205869953,5.056974161166169,5.210911261411665,5.364903131704771,5.515736529118951
1700000000580000000,10580000000,117,116,116,0,0,,,,0,fist,hold,200.0,dev-0123456789abcdef0123456789abcdef,synthetic-2-fist,29,protocol,synthetic-demo-contract-v1,True,-5.140904951162726,-5.217287610641124,-5.316799600289724,-5.421530045253198,-5.51563830847915,-5.602362325141955,-5.688490380011375,-5.777549734580586
1700000000585000000,10585000000,118,117,117,0,0,,,,0,fist,hold,200.0,dev-0123456789abcdef0123456789abcdef,synthetic-2-fist,29,protocol,synthetic-demo-contract-v1,True,4.4499270066357175,4.613668607156715,4.755496164186315,4.890134050688812,5.034851533244687,5.187477480011687,5.341253249510279,5.492352083450928
1700000000590000000,10590000000,119,118,118,0,0,,,,0,fist,hold,200.0,dev-0123456789abcdef0123456789abcdef,synthetic-2-fist,29,protocol,synthetic-demo-contract-v1,True,-5.156247508778412,-5.232621086680835,-5.329297423261022,-5.43509271634927,-5.531477771427741,-5.6194864668336555,-5.7057828877157295,-5.7944756347159405
1700000000595000000,10595000000,120,119,119,0,0,,,,0,fist,hold,200.0,dev-0123456789abcdef0123456789abcdef,synthetic-2-fist,29,protocol,synthetic-demo-contract-v1,True,4.440630681006925,4.603900051984095,4.748855232604077,4.88283163399778,5.0254260497915695,5.176802322766002,5.330457648006137,5.482022341838957
1700000000600000000,10600000000,121,120,120,0,0,,,,0,fist,hold,200.0,dev-0123456789abcdef0123456789abcdef,synthetic-2-fist,29,protocol,synthetic-demo-contract-v1,True,-5.159406709238646,-5.236733509037069,-5.330034344957227,-5.436077062347358,-5.53441143246091,-5.623626490004963,-5.709995812192432,-5.798126357350387
1700000000605000000,10605000000,122,121,121,0,0,,,,0,fist,hold,200.0,dev-0123456789abcdef0123456789abcdef,synthetic-2-fist,29,protocol,synthetic-demo-contract-v1,True,4.443644188822392,4.605490047559751,4.754021246219195,4.888170768363244,5.029008439617701,5.179229690676356,5.332858722174537,5.48507807427136
1700000000610000000,10610000000,123,122,122,0,0,,,,0,fist,hold,200.0,dev-0123456789abcdef0123456789abcdef,synthetic-2-fist,29,protocol,synthetic-demo-contract-v1,True,-5.150240707372478,-5.229440311779788,-5.319014566490418,-5.424461462066729,-5.524342577918412,-5.6146536196037475,-5.701004105114894,-5.7883923708719625
1700000000615000000,10615000000,124,123,123,0,0,,,,0,fist,hold,200.0,dev-0123456789abcdef0123456789abcdef,synthetic-2-fist,29,protocol,synthetic-demo-contract-v1,True,4.458886744908273,4.6184415052683665,4.770798009513355,4.905963813446483,5.0454806024965695,5.194672222933309,5.348363222955562,5.501406724688812
1700000000620000000,10620000000,125,124,124,0,0,,,,0,fist,hold,200.0,dev-0123456789abcdef0123456789abcdef,synthetic-2-fist,29,protocol,synthetic-demo-contract-v1,True,-5.129052630446344,-5.2109211272914795,-5.296624337510217,-5.400641151285383,-5.501603146550601,-5.592870579773175,-5.6791184592838695,-5.765607329040804
1700000000625000000,10625000000,126,125,125,0,0,,,,0,fist,hold,200.0,dev-0123456789abcdef0123456789abcdef,synthetic-2-fist,29,protocol,synthetic-demo-contract-v1,True,4.485835402815996,4.642392781743956,4.798612692430109,4.9356113254015614,5.074299502560627,5.222614380293292,5.3764456642858205,5.530456362382302
1700000000630000000,10630000000,127,126,126,0,0,,,,0,fist,hold,200.0,dev-0123456789abcdef0123456789abcdef,synthetic-2-fist,29,protocol,synthetic-demo-contract-v1,True,-5.09658050775468,-5.1817176446963265,-5.2636180934943635,-5.365414702461274,-5.466942786532476,-5.559001422297552,-5.64507472910434,-5.730536811609765
1700000000635000000,10635000000,128,127,127,0,0,,,,0,fist,hold,200.0,dev-0123456789abcdef0123456789abcdef,synthetic-2-fist,29,protocol,synthetic-demo-contract-v1,True,4.523543952546304,4.676625539480971,4.836535686219101,4.97612233146214,5.114515070501237,5.262129619472196,5.416165985735226,5.571254155037308
1700000000640000000,10640000000,129,128,128,0,0,,,,0,fist,hold,200.0,dev-0123456789abcdef0123456789abcdef,synthetic-2-fist,29,protocol,synthetic-demo-contract-v1,True,-5.053969735498821,-5.1427200316155846,-5.221092782759993,-5.319957168414939,-5.421504141899939,-5.514167492451358,-5.60000933271582,-5.68435279159883
1700000000645000000,10645000000,130,129,129,0,0,,,,0,fist,hold,200.0,dev-0123456789abcdef0123456789abcdef,synthetic-2-fist,29,protocol,synthetic-demo-contract-v1,True,4.5706788002365855,4.720083997492565,4.883311871635242,5.026147540883904,5.164801524392479,5.311911087417624,5.4662008804520585,5.622438748769632
1700000000650000000,10650000000,131,130,130,0,0,,,,0,fist,hold,200.0,dev-0123456789abcdef0123456789abcdef,synthetic-2-fist,29,protocol,synthetic-demo-contract-v1,True,-5.002729244526185,-5.095142100799436,-5.170451268976706,-5.265780796466952,-5.36678518313748,-5.459850329139182,-5.545421454700059,-5.628594676946421
1700000000655000000,10655000000,132,131,131,0,0,,,,0,fist,hold,200.0,dev-0123456789abcdef0123456789abcdef,synthetic-2-fist,29,protocol,synthetic-demo-contract-v1,True,4.625570267027053,4.771405212860689,4.937402238093021,5.084024375787094,5.223501076588886,5.370314819435239,5.52488774766898,5.682305481392971
1700000000660000000,10660000000,133,132,132,0,0,,,,0,fist,hold,200.0,dev-0123456789abcdef0123456789abcdef,synthetic-2-fist,29,protocol,synthetic-demo-contract-v1,True,-4.944673308263059,-5.040485759737213,-5.113356037056124,-5.204684630011013,-5.304589823760372,-5.397842726068155,-5.483123303294204,-5.5651182174342475
1700000000665000000,10665000000,134,133,133,0,0,,,,0,fist,hold,200.0,dev-0123456789abcdef0123456789abcdef,synthetic-2-fist,29,protocol,synthetic-demo-contract-v1,True,4.686277021274736,4.828959676186145,4.997034469831215,5.14783231548843,5.288678585816898,5.435414013867529,5.590279813063717,5.748862931579657
1700000000670000000,10670000000,135,134,134,0,0,,,,0,fist,hold,200.0,dev-0123456789abcdef0123456789abcdef,synthetic-2-fist,29,protocol,synthetic-demo-contract-v1,True,-4.881851594150983,-4.980495637604992,-5.05167473085608,-5.138694680703091,-5.2369684509087335,-5.3301895700047055,-5.415180069517627,-5.4960339682653085
1700000000675000000,10675000000,136,135,135,0,0,,,,0,fist,hold,200.0,dev-0123456789abcdef0123456789abcdef,synthetic-2-fist,29,protocol,synthetic-demo-contract-v1,True,4.750660758809275,4.890901152257574,5.060260838807475,5.215456708490607,5.358185352750956,5.505062591888355,5.6602105925146375,5.819898932498355
1700000000680000000,10680000000,137,136,136,0,0,,,,0,fist,hold,200.0,dev-0123456789abcdef0123456789abcdef,synthetic-2-fist,29,protocol,synthetic-demo-contract-v1,True,-4.81647058651958,-4.917105127943792,-4.987419301201739,-5.069996664292285,-5.166150330474447,-5.25912040812686,-5.343841574612565,-5.423637346255575
1700000000685000000,10685000000,138,137,137,0,0,,,,0,fist,hold,200.0,dev-0123456789abcdef0123456789abcdef,synthetic-2-fist,29,protocol,synthetic-demo-contract-v1,True,4.8164678032844135,4.955224364036291,5.125021522077453,5.284658928576969,5.4297299559329275,5.576965945960035,5.732365567357564,5.8930538662757455
1700000000690000000,10690000000,139,138,138,0,0,,,,0,fist,hold,200.0,dev-0123456789abcdef0123456789abcdef,synthetic-2-fist,29,protocol,synthetic-demo-contract-v1,True,-4.75080986369091,-4.852375404674772,-4.92268073499207,-5.000863536435577,-5.094470115153148,-5.186975968045742,-5.271467865539059,-5.350332591912767
1700000000695000000,10695000000,140,139,139,0,0,,,,0,fist,hold,200.0,dev-0123456789abcdef0123456789abcdef,synthetic-2-fist,29,protocol,synthetic-demo-contract-v1,True,4.881414035962927,5.0198288160522955,5.18921130020648,5.353150544537507,5.500953792795376,5.648756544626553,5.8043587022569945,5.9658988155311174
1700000000700000000,10700000000,141,140,140,0,0,,,,0,fist,hold,200.0,dev-0123456789abcdef0123456789abcdef,synthetic-2-fist,29,protocol,synthetic-demo-contract-v1,True,-4.687136879804802,-4.788429250674562,-4.859561465193683,-4.933580233678535,-5.024290878221816,-5.116131052313454,-5.200451216957886,-5.278553151575586
1700000000705000000,10705000000,142,141,141,0,0,,,,0,fist,hold,200.0,dev-0123456789abcdef0123456789abcdef,synthetic-2-fist,29,protocol,synthetic-demo-contract-v1,True,4.943269492945272,5.082586795182077,5.250747497261193,5.4186690436627485,5.569508835436613,5.7180719023321265,5.873811278047699,6.036015988190316
1700000000710000000,10710000000,143,142,142,0,0,,,,0,fist,hold,200.0,dev-0123456789abcdef0123456789abcdef,synthetic-2-fist,29,protocol,synthetic-demo-contract-v1,True,-4.6276238770106755,-4.7273817697633165,-4.800107623889878,-4.8703681136839325,-4.957926210378353,-5.048916347654503,-5.133137115650395,-5.210681111650504
1700000000715000000,10715000000,144,143,143,0,0,,,,0,fist,hold,200.0,dev-0123456789abcdef0123456789abcdef,synthetic-2-fist,29,protocol,synthetic-demo-contract-v1,True,4.9999390871488405,5.141413384505436,5.307636994538381,5.4790526014334215,5.63313503778198,5.782632346069027,5.938430436594284,6.1010787570729486
1700000000720000000,10720000000,145,144,144,0,0,,,,0,fist,hold,200.0,dev-0123456789abcdef0123456789abcdef,synthetic-2-fist,29,protocol,synthetic-demo-contract-v1,True,-4.574270343119092,-4.67127022319539,-4.746243294887682,-4.813311594948896,-4.89756394786758,-4.98754172388111,-5.071746835809858,-5.148968347928626
1700000000725000000,10725000000,146,145,145,0,0,,,,0,fist,hold,200.0,dev-0123456789abcdef0123456789abcdef,synthetic-2-fist,29,protocol,synthetic-demo-contract-v1,True,5.049536209548971,5.194336190198702,5.358040189727906,5.532311425238539,5.689734842258529,5.840316018376964,5.996084845315408,6.158928668822559
1700000000730000000,10730000000,147,146,146,0,0,,,,0,fist,hold,200.0,dev-0123456789abcdef0123456789abcdef,synthetic-2-fist,29,protocol,synthetic-demo-contract-v1,True,-4.528834051864046,-4.621985330779051,-4.699708849409503,-4.764289419615072,-4.845194046339568,-4.934023547363668,-5.018304160049006,-5.095461995978058
1700000000735000000,10735000000,148,147,147,0,0,,,,0,fist,hold,200.0,dev-0123456789abcdef0123456789abcdef,synthetic-2-fist,29,protocol,synthetic-demo-contract-v1,True,5.090446415768064,5.239562421003734,5.400329878929358,5.576693317147836,5.73744232973026,5.889228648255729,6.044874985150621,6.207646877174959
1700000000740000000,10740000000,149,148,148,0,0,,,,0,fist,hold,200.0,dev-0123456789abcdef0123456789abcdef,synthetic-2-fist,29,protocol,synthetic-demo-contract-v1,True,-4.492773205874902,-4.581206396959418,-4.6620053108615656,-4.724912806236321,-4.8025429782144125,-4.890118400704439,-4.974568663096796,-5.0519367055754145
1700000000745000000,10745000000,150,149,149,0,0,,,,0,fist,hold,200.0,dev-0123456789abcdef0123456789abcdef,synthetic-2-fist,29,protocol,synthetic-demo-contract-v1,True,5.121378977578386,5.275540981052504,5.4331432071160926,5.610741295713219,5.774684733036095,5.9277657948531965,6.083195744214123,6.245617640013715
1700000000750000000,10750000000,151,150,150,0,0,,,,0,fist,hold,200.0,dev-0123456789abcdef0123456789abcdef,synthetic-2-fist,29,protocol,synthetic-demo-contract-v1,True,-4.467201582321902,-4.550342558653083,-4.634346497256749,-4.696472527864674,-4.771016816267836,-4.857265388321908,-4.941977757577495,-5.019835917790817
1700000000755000000,10755000000,152,151,151,0,0,,,,0,fist,hold,200.0,dev-0123456789abcdef0123456789abcdef,synthetic-2-fist,29,protocol,synthetic-demo-contract-v1,True,5.141404735365357,5.301017343131352,5.4554250576817145,5.63334138287715,5.800234286220981,5.954665517616319,6.109789254269011,6.2715817820501325
1700000000760000000,10760000000,153,152,152,0,0,,,,0,fist,hold,200.0,dev-0123456789abcdef0123456789abcdef,synthetic-2-fist,29,protocol,synthetic-demo-contract-v1,True,-4.452857899028509,-4.530482302529494,-4.6176204390167035,-4.679896652353494,-4.751654879794397,-4.836538924002476,-4.92159941117897,-5.0002241050842375
1700000000765000000,10765000000,154,153,153,0,0,,,,0,fist,hold,200.0,dev-0123456789abcdef0123456789abcdef,synthetic-2-fist,29,protocol,synthetic-demo-contract-v1,True,5.149979384648732,5.315079160944604,5.466461526365035,5.643758990379036,5.813248700152566,5.969049742721842,6.123786230035743,6.284678356622423
1700000000770000000,10770000000,155,154,154,0,0,,,,0,fist,hold,200.0,dev-0123456789abcdef0123456789abcdef,synthetic-2-fist,29,protocol,synthetic-demo-contract-v1,True,-4.450089917680889,-4.522353166430221,-4.612361273583863,-4.675720326364626,-4.745095471489835,-4.828613550483236,-4.914097091516753,-4.99375155245639
1700000000775000000,10775000000,156,155,155,0,0,,,,0,fist,hold,200.0,dev-0123456789abcdef0123456789abcdef,synthetic-2-fist,29,protocol,synthetic-demo-contract-v1,True,5.146952024499706,5.3171908521646785,5.465902440447139,5.641662719587339,5.813298930168533,5.970452968599726,6.124734451546495,6.2844731300837635
1700000000780000000,10780000000,157,156,156,0,0,,,,0,fist,hold,200.0,dev-0123456789abcdef0123456789abcdef,synthetic-2-fist,29,protocol,synthetic-demo-contract-v1,True,-4.458853122564411,-4.526293227921136,-4.618732485839867,-4.684068584076719,-4.751554834600742,-4.8337419442128295,-4.919708090751792,-5.000632843287304
1700000000785000000,10785000000,158,157,157,0,0,,,,0,fist,hold,200.0,dev-0123456789abcdef0123456789abcdef,synthetic-2-fist,29,protocol,synthetic-demo-contract-v1,True,5.132559447824016,5.307215732022218,5.453772230799638,5.627134806785691,5.80038332034182,5.958837370919712,6.1126134547112665,6.2709729476666345
1700000000790000000,10790000000,159,158,158,0,0,,,,0,fist,hold,200.0,dev-0123456789abcdef0123456789abcdef,synthetic-2-fist,29,protocol,synthetic-demo-contract-v1,True,-4.478723195973599,-4.542235601365177,-4.636522005074804,-4.704652729365039,-4.770820024058728,-4.851746823688965,-4.938235939876267,-5.020639760671767
1700000000795000000,10795000000,160,159,159,0,0,,,,0,fist,hold,200.0,dev-0123456789abcdef0123456789abcdef,synthetic-2-fist,29,protocol,synthetic-demo-contract-v1,True,5.107407228025395,5.2854246893957475,5.430468831418047,5.600667888696326,5.774927658071368,5.934593815759811,6.087834950936405,6.244625506196051
1700000000800000000,10800000000,161,160,160,0,0,,,,0,fist,hold,200.0,dev-0123456789abcdef0123456789abcdef,synthetic-2-fist,29,protocol,synthetic-demo-contract-v1,True,-4.508920986515232,-4.569706725531028,-4.66514929621619,-4.736780390621458,-4.802255926615599,-4.88202702152554,-4.969057157144854,-5.053108838771998
1700000000805000000,10805000000,162,161,161,0,0,,,,0,fist,hold,200.0,dev-0123456789abcdef0123456789abcdef,synthetic-2-fist,29,protocol,synthetic-demo-contract-v1,True,5.072439126106831,5.252490860105657,5.396750657230151,5.563148215737887,5.737771137198735,5.898528754034626,6.05122896798615,6.206304541177701
1700000000810000000,10810000000,163,162,162,0,0,,,,0,fist,hold,200.0,dev-0123456789abcdef0123456789abcdef,synthetic-2-fist,29,protocol,synthetic-demo-contract-v1,True,-4.548348256942281,-4.607838741755075,-4.703684206627973,-4.779378895313771,-4.8448261985475405,-4.923577513763331,-5.011142101764195,-5.0969633146775974
1700000000815000000,10815000000,164,163,163,0,0,,,,0,fist,hold,200.0,dev-0123456789abcdef0123456789abcdef,synthetic-2-fist,29,protocol,synthetic-demo-contract-v1,True,5.028896688551597,5.20947024895951,5.353712084736888,5.515825888193213,5.690138692402842,5.851837435328532,6.004016175742633,6.157280917691406
1700000000820000000,10820000000,165,164,164,0,0,,,,0,fist,hold,200.0,dev-0123456789abcdef0123456789abcdef,synthetic-2-fist,29,protocol,synthetic-demo-contract-v1,True,-4.595632217237855,-4.655395755641474,-4.750876961501806,-4.831031171802096,-4.897127430677487,-4.975022740281151,-5.063089238286119,-5.1507487554694995
1700000000825000000,10825000000,166,165,165,0,0,,,,0,fist,hold,200.0,dev-0123456789abcdef0123456789abcdef,synthetic-2-fist,29,protocol,synthetic-demo-contract-v1,True,4.978271121078451,5.1577687644661365,5.302748220048106,5.460273118311836,5.633600616921645,5.796064329732706,5.94776731653981,6.099180580267604
1700000000830000000,10830000000,167,166,166,0,0,,,,0,fist,hold,200.0,dev-0123456789abcdef0123456789abcdef,synthetic-2-fist,29,protocol,synthetic-demo-contract-v1,True,-4.649176699638039,-4.710813262576893,-4.805198351879549,-4.8900229733473,-4.95743541440136,-5.034662112629924,-5.123171674547142,-5.212681183335372
1700000000835000000,10835000000,168,167,167,0,0,,,,0,fist,hold,200.0,dev-0123456789abcdef0123456789abcdef,synthetic-2-fist,29,protocol,synthetic-demo-contract-v1,True,4.922249608313111,5.099096638087658,5.2455100741843514,5.398331915285013,5.5700207948785705,5.733052067290929,5.884351085274376,6.0339307511390095
1700000000840000000,10840000000,169,168,168,0,0,,,,0,fist,hold,200.0,dev-0123456789abcdef0123456789abcdef,synthetic-2-fist,29,protocol,synthetic-demo-contract-v1,True,-4.707217808654401,-4.7722495192748315,-4.864888840260084,-4.954399847247724,-5.0237619834715055,-5.100526204606678,-5.189394431061137,-5.280706108595348
1700000000845000000,10845000000,170,169,169,0,0,,,,0,fist,hold,200.0,dev-0123456789abcdef0123456789abcdef,synthetic-2-fist,29,protocol,synthetic-demo-contract-v1,True,4.862658215519295,5.03541168295445,5.183851565952835,5.332052937055667,5.501495254832568,5.664880582357492,5.815872185494278,5.963696154606356
1700000000850000000,10850000000,171,170,170,0,0,,,,0,fist,hold,200.0,dev-0123456789abcdef0123456789abcdef,synthetic-2-fist,29,protocol,synthetic-demo-contract-v1,True,-4.767881965872542,-4.837647180554223,-4.928015029241462,-5.022031952839465,-5.093920557640911,-5.170441769607682,-5.259560545860678,-5.352566520004076
1700000000855000000,10855000000,172,171,171,0,0,,,,0,fist,hold,200.0,dev-0123456789abcdef0123456789abcdef,synthetic-2-fist,29,protocol,synthetic-demo-contract-v1,True,4.801403374498845,4.968853285027078,5.119770029143532,5.263627541687678,5.430283070249686,5.593798472133008,5.744601611567192,5.890807374914672
1700000000860000000,10860000000,173,172,172,0,0,,,,0,fist,hold,200.0,dev-0123456789abcdef0123456789abcdef,synthetic-2-fist,29,protocol,synthetic-demo-contract-v1,True,-4.829244444511207,-4.9048031121635125,-4.992531707233207,-5.090684576132649,-5.1655982273985295,-5.242103438805145,-5.331343827565581,-5.425877585599888
1700000000865000000,10865000000,174,173,173,0,0,,,,0,fist,hold,200.0,dev-0123456789abcdef0123456789abcdef,synthetic-2-fist,29,protocol,synthetic-demo-contract-v1,True,4.7404137460235365,4.901669393949762,5.055342105414562,5.195315292096384,5.358731884892276,5.522148834282799,5.67290146315849,5.817683715119589
1700000000870000000,10870000000,175,174,174,0,0,,,,0,fist,hold,200.0,dev-0123456789abcdef0123456789abcdef,synthetic-2-fist,29,protocol,synthetic-demo-contract-v1,True,-4.889386726044791,-4.971443954499668,-5.056347509015698,-5.158092004458814,-5.236432003386685,-5.313149735013006,-5.402365850534138,-5.498205595452613
1700000000875000000,10875000000,176,175,175,0,0,,,,0,fist,hold,200.0,dev-0123456789abcdef0123456789abcdef,synthetic-2-fist,29,protocol,synthetic-demo-contract-v1,True,4.681583993406319,4.836139074689943,4.99265705076694,5.129369314170662,5.289200518321581,5.4522920294588815,5.603146778160875,5.746753106342561
1700000000880000000,10880000000,177,176,176,0,0,,,,0,fist,hold,200.0,dev-0123456789abcdef0123456789abcdef,synthetic-2-fist,29,protocol,synthetic-demo-contract-v1,True,-4.946451282245965,-5.0353047637465185,-5.117392113260729,-5.222032317615899,-5.304086716794922,-5.381240895940142,-5.470274646534298,-5.567148537247893
1700000000885000000,10885000000,178,177,177,0,0,,,,0,fist,hold,200.0,dev-0123456789abcdef0123456789abcdef,synthetic-2-fist,29,protocol,synthetic-demo-contract-v1,True,4.626721724446226,4.774493380889031,4.9337495673916045,5.06796197502176,5.223981202969082,5.386527914806297,5.5376469679925755,5.680371714559169
1700000000890000000,10890000000,179,178,178,0,0,,,,0,fist,hold,200.0,dev-0123456789abcdef0123456789abcdef,synthetic-2-fist,29,protocol,synthetic-demo-contract-v1,True,-4.998692663030811,-5.094207908107351,-5.173682847700142,-5.280400625986472,-5.366332002597133,-5.444135941997218,-5.532822492045072,-5.630415641378688
1700000000895000000,10895000000,180,179,179,0,0,,,,0,fist,hold,200.0,dev-0123456789abcdef0123456789abcdef,synthetic-2-fist,29,protocol,synthetic-demo-contract-v1,True,4.5774985885141986,4.718837406747572,4.880534291209055,5.01311333323817,5.165224016377952,5.327020110863573,5.4785694516070365,5.620745902403359
1700000000900000000,10900000000,181,180,180,0,0,,,,0,fist,hold,200.0,dev-0123456789abcdef0123456789abcdef,synthetic-2-fist,29,protocol,synthetic-demo-contract-v1,True,-5.0445240287743305,-5.146139355286385,-5.2233885871706445,-5.331278341661778,-5.421115827734576,-5.499766449824773,-5.58794022087208,-5.685903265891786
1700000000905000000,10905000000,182,181,181,0,0,,,,0,fist,hold,200.0,dev-0123456789abcdef0123456789abcdef,synthetic-2-fist,29,protocol,synthetic-demo-contract-v1,True,4.535406274363024,4.67107636054971,4.834744017860596,4.966624717270357,5.114865999848101,5.275724796157513,5.427868011240563,5.569859126054107
1700000000910000000,10910000000,183,182,182,0,0,,,,0,fist,hold,200.0,dev-0123456789abcdef0123456789abcdef,synthetic-2-fist,29,protocol,synthetic-demo-contract-v1,True,-5.082558485727305,-5.189319556610486,-5.264888910038339,-5.372996203723571,-5.466632140249784,-5.546304602357699,-5.6338056072099665,-5.731764612154452
1700000000915000000,10915000000,184,183,183,0,0,,,,0,fist,hold,200.0,dev-0123456789abcdef0123456789abcdef,synthetic-2-fist,29,protocol,synthetic-demo-contract-v1,True,4.501717958743644,4.63284837848654,4.797873637472842,4.930019614745258,5.07456730022214,5.234326373519919,5.387218236302243,5.529406184647374
1700000000920000000,10920000000,185,184,184,0,0,,,,0,fist,hold,200.0,dev-0123456789abcdef0123456789abcdef,synthetic-2-fist,29,protocol,synthetic-demo-contract-v1,True,-5.111644751896982,-5.222266311935661,-5.296826622310758,-5.40418898888994,-5.501380409190257,-5.582223275891004,-5.668903560780623,-5.766470965493617
1700000000925000000,10925000000,186,185,185,0,0,,,,0,fist,hold,200.0,dev-0123456789abcdef0123456789abcdef,synthetic-2-fist,29,protocol,synthetic-demo-contract-v1,True,4.477455615288558,4.605466565862624,4.771131574378809,4.90449381050209,5.045656440018537,5.204182124699878,5.357962187068718,5.500736997184982
1700000000930000000,10930000000,187,186,186,0,0,,,,0,fist,hold,200.0,dev-0123456789abcdef0123456789abcdef,synthetic-2-fist,29,protocol,synthetic-demo-contract-v1,True,-5.1308967929018365,-5.243847281821447,-5.318151961952143,-5.4238401166304975,-5.524215092436928,-5.6063461879850625,-5.6920761467185645,-5.788862434612241
1700000000935000000,10935000000,188,187,187,0,0,,,,0,fist,hold,200.0,dev-0123456789abcdef0123456789abcdef,synthetic-2-fist,29,protocol,synthetic-demo-contract-v1,True,4.463363508849061,4.589872422281129,4.755400297189032,4.8908764026843,5.029086520185098,5.186277672733801,5.341064104748735,5.4848117675884165
1700000000940000000,10940000000,189,188,188,0,0,,,,0,fist,hold,200.0,dev-0123456789abcdef0123456789abcdef,synthetic-2-fist,29,protocol,synthetic-demo-contract-v1,True,-5.139717125238658,-5.253320188954735,-5.328157052589064,-5.43131469428738,-5.534383401657251,-5.617886458438766,-5.702560779500981,-5.798186510085382
1700000000945000000,10945000000,190,189,189,0,0,,,,0,fist,hold,200.0,dev-0123456789abcdef0123456789abcdef,synthetic-2-fist,29,protocol,synthetic-demo-contract-v1,True,4.4598881664934975,4.586602390530802,4.751207183955286,4.889602964628229,5.0254037993314595,5.1811947145834445,5.337078629114524,5.482169022736622
1700000000950000000,10950000000,191,190,190,0,0,,,,0,fist,hold,200.0,dev-0123456789abcdef0123456789abcdef,synthetic-2-fist,29,protocol,synthetic-demo-contract-v1,True,-5.137813497620068,-5.250359204957625,-5.326499478332938,-5.4263799314798975,-5.53155011939013,-5.616472318120225,-5.700015331305144,-5.794123164252906
1700000000955000000,10955000000,192,191,191,0,0,,,,0,fist,hold,200.0,dev-0123456789abcdef0123456789abcdef,synthetic-2-fist,29,protocol,synthetic-demo-contract-v1,True,4.467165120030601,4.595768781970296,4.758706705006536,4.900701717596413,5.034729685285387,5.189092081545289,5.3461325713319,5.492907583429344
1700000000960000000,10960000000,193,192,192,0,0,,,,0,fist,hold,200.0,dev-0123456789abcdef0123456789abcdef,synthetic-2-fist,29,protocol,synthetic-demo-contract-v1,True,-5.125208644970852,-5.23506653354608,-5.313214190809238,-5.409212271365913,-5.515808650120772,-5.602159124548861,-5.684529327797933,-5.776795659094531
1700000000965000000,10965000000,194,193,193,0,0,,,,0,fist,hold,200.0,dev-0123456789abcdef0123456789abcdef,synthetic-2-fist,29,protocol,synthetic-demo-contract-v1,True,4.485012738486822,4.617055793649558,4.77767453203758,4.923793148979131,5.056756732655107,5.209700745238369,5.367920841522086,5.516683068249726
1700000000970000000,10970000000,195,194,194,0,0,,,,0,fist,hold,200.0,dev-0123456789abcdef0123456789abcdef,synthetic-2-fist,29,protocol,synthetic-demo-contract-v1,True,-5.102242783844861,-5.207968755851366,-5.288713325430924,-5.380391025316658,-5.48767794102594,-5.575427294777398,-5.656620864230169,-5.746766700537834
1700000000975000000,10975000000,196,195,195,0,0,,,,0,fist,hold,200.0,dev-0123456789abcdef0123456789abcdef,synthetic-2-fist,29,protocol,synthetic-demo-contract-v1,True,4.512933491651981,4.64973076590053,4.807513806925715,4.958103066681214,5.09075877834559,5.242332927096488,5.4017166627565665,5.55271905043842
1700000000980000000,10980000000,197,196,196,0,0,,,,0,fist,hold,200.0,dev-0123456789abcdef0123456789abcdef,synthetic-2-fist,29,protocol,synthetic-demo-contract-v1,True,-5.069568503902336,-5.169998076128701,-5.253773885341375,-5.3408787427186395,-5.448085373903061,-5.5371662304310725,-5.6172193466329565,-5.705020061540914
1700000000985000000,10985000000,198,197,197,0,0,,,,0,fist,hold,200.0,dev-0123456789abcdef0123456789abcdef,synthetic-2-fist,29,protocol,synthetic-demo-contract-v1,True,4.550122986075728,4.69267025663498,4.84727341901753,5.002488637682415,5.135614880892394,5.285905004389098,5.446395731073246,5.5998325039712915
1700000000990000000,10990000000,199,198,198,0,0,,,,0,fist,hold,200.0,dev-0123456789abcdef0123456789abcdef,synthetic-2-fist,29,protocol,synthetic-demo-contract-v1,True,-5.028137728682296,-5.122459172830205,-5.209513636552888,-5.291988984262532,-5.3983361922829385,-5.488644771416531,-5.567634631309046,-5.652928276239618
1700000000995000000,10995000000,200,199,199,0,0,,,,0,fist,hold,200.0,dev-0123456789abcdef0123456789abcdef,synthetic-2-fist,29,protocol,synthetic-demo-contract-v1,True,4.595487072854802,4.744399953335591,4.89567775715627,5.055476531795457,5.189846274407853,5.33897345119826,5.500473520298541,5.656472703024843
1700000001000000000,11000000000,201,200,200,0,0,,,,0,fist,hold,200.0,dev-0123456789abcdef0123456789abcdef,synthetic-2-fist,29,protocol,synthetic-demo-contract-v1,True,-4.979180488420437,-5.066982898139928,-5.157355934656326,-5.23534258084577,-5.3400704716189065,-5.431469158598722,-5.509513585211836,-5.59220746761404
1700000001005000000,11005000000,202,201,201,0,0,,,,0,fist,hold,200.0,dev-0123456789abcdef0123456789abcdef,synthetic-2-fist,29,protocol,synthetic-demo-contract-v1,True,4.647667226217752,4.80314692817504,4.951167034459631,5.115311894478653,5.251665118883185,5.399782623467219,5.56215449618183,5.720772294497346
1700000001010000000,11010000000,203,202,202,0,0,,,,0,fist,hold,200.0,dev-0123456789abcdef0123456789abcdef,synthetic-2-fist,29,protocol,synthetic-demo-contract-v1,True,-4.924175381369602,-5.005468556864653,-5.098984560231626,-5.172813837522111,-5.275209051111123,-5.3675298970393355,-5.444785505369273,-5.524860796320212
1700000001015000000,11015000000,204,203,203,0,0,,,,0,fist,hold,200.0,dev-0123456789abcdef0123456789abcdef,synthetic-2-fist,29,protocol,synthetic-demo-contract-v1,True,4.70507422315684,4.866902286533935,5.0119469414556805,5.1800165182072515,5.319033439701006,5.466322807350777,5.62939161093481,5.790608860904038
1700000001020000000,11020000000,205,204,204,0,0,,,,0,fist,hold,200.0,dev-0123456789abcdef0123456789abcdef,synthetic-2-fist,29,protocol,synthetic-demo-contract-v1,True,-4.864811804614637,-4.940016913592374,-5.0362899653872475,-5.10646847043032,-5.205890209625263,-5.298939276649693,-5.375598203519208,-5.453112394512596
1700000001025000000,11025000000,206,205,205,0,0,,,,0,fist,hold,200.0,dev-0123456789abcdef0123456789abcdef,synthetic-2-fist,29,protocol,synthetic-demo-contract-v1,True,4.765929914315293,4.933491882417478,5.076046077626385,5.247454281945778,5.389730313306254,5.5363966124764294,5.699954109707202,5.863674944067194
1700000001030000000,11030000000,207,206,206,0,0,,,,0,fist,hold,200.0,dev-0123456789abcdef0123456789abcdef,synthetic-2-fist,29,protocol,synthetic-demo-contract-v1,True,-4.802944309625827,-4.872856408908884,-4.971308617175589,-5.038495333614686,-5.134399173303186,-5.2279616143109875,-5.304246870427377,-5.379333963228192
1700000001035000000,11035000000,208,207,207,0,0,,,,0,fist,hold,200.0,dev-0123456789abcdef0123456789abcdef,synthetic-2-fist,29,protocol,synthetic-demo-contract-v1,True,4.828316570199422,5.000652490435558,5.141379352670365,5.315401692450283,5.461425084133317,5.60769151747796,5.7715014060317005,5.937554220033977
1700000001040000000,11040000000,209,208,208,0,0,,,,0,fist,hold,200.0,dev-0123456789abcdef0123456789abcdef,synthetic-2-fist,29,protocol,synthetic-demo-contract-v1,True,-4.740539772487245,-4.806265298630539,-4.90615735562262,-4.97113419338653,-5.063092778779922,-5.1569385205501135,-5.233098072781904,-5.305966454815731
1700000001045000000,11045000000,210,209,209,0,0,,,,0,fist,hold,200.0,dev-0123456789abcdef0123456789abcdef,synthetic-2-fist,29,protocol,synthetic-demo-contract-v1,True,4.8902329278361965,5.066110643581715,5.205815345522472,5.381621197087705,5.531754199055569,5.677856173307521,5.841660582895571,6.009801311828912
1700000001050000000,11050000000,211,210,210,0,0,,,,0,fist,hold,200.0,dev-0123456789abcdef0123456789abcdef,synthetic-2-fist,29,protocol,synthetic-demo-contract-v1,True,-4.679618446748093,-4.742492556203718,-4.842964856908219,-4.906601933909841,-4.994321775625911,-5.088211656875242,-5.164511396229801,-5.235439424944348
1700000001055000000,11055000000,212,211,211,0,0,,,,0,fist,hold,200.0,dev-0123456789abcdef0123456789abcdef,synthetic-2-fist,29,protocol,synthetic-demo-contract-v1,True,4.949655671925674,5.127661275004728,5.267245468376916,5.443934850831497,5.598399126364898,5.744577946995533,5.908104956456777,6.0780226057240645
1700000001060000000,11060000000,213,212,212,0,0,,,,0,fist,hold,200.0,dev-0123456789abcdef0123456789abcdef,synthetic-2-fist,29,protocol,synthetic-demo-contract-v1,True,-4.6221903642714,-4.6836803939889515,-4.783802399726827,-4.847019625040686,-4.930353329460781,-5.024045531525243,-5.100761325739578,-5.170090716518871
1700000001065000000,11065000000,214,213,213,0,0,,,,0,fist,hold,200.0,dev-0123456789abcdef0123456789abcdef,synthetic-2-fist,29,protocol,synthetic-demo-contract-v1,True,5.004604688034959,5.18324334160764,5.323652709801928,5.500295912774916,5.659162790535448,5.805659148731068,5.968631104465954,6.1399554026955245
1700000001070000000,11070000000,215,214,214,0,0,,,,0,fist,hold,200.0,dev-0123456789abcdef0123456789abcdef,synthetic-2-fist,29,protocol,synthetic-demo-contract-v1,True,-4.5701889373219835,-4.631791165144402,-4.730616170909532,-4.794342850722591,-4.87329628056947,-4.966552879009691,-5.043961946480507,-5.112089127779481
1700000001075000000,11075000000,216,215,215,0,0,,,,0,fist,hold,200.0,dev-0123456789abcdef0123456789abcdef,synthetic-2-fist,29,protocol,synthetic-demo-contract-v1,True,5.053210054139073,5.231009754262821,5.3731777285904645,5.548856019962769,5.712042002955564,5.859089429659806,6.02123181233222,6.193542790769746
1700000001080000000,11080000000,217,216,216,0,0,,,,0,fist,hold,200.0,dev-0123456789abcdef0123456789abcdef,synthetic-2-fist,29,protocol,synthetic-demo-contract-v1,True,-4.52540396164392,-4.588541209874705,-4.685163313002202,-4.75029758468897,-4.825031622011133,-4.917625082520004,-4.995996955070793,-5.063362619284854
1700000001085000000,11085000000,218,217,217,0,0,,,,0,fist,hold,200.0,dev-0123456789abcdef0123456789abcdef,synthetic-2-fist,29,protocol,synthetic-demo-contract-v1,True,5.0937784230908525,5.269389185903354,5.414180139146511,5.588025736023167,5.755293500812523,5.90311196514379,6.064162524797704,6.237001764283677
1700000001090000000,11090000000,219,218,218,0,0,,,,0,fist,hold,200.0,dev-0123456789abcdef0123456789abcdef,synthetic-2-fist,29,protocol,synthetic-demo-contract-v1,True,-4.489416493390225,-4.555343917771273,-4.64895381191718,-4.716323713688433,-4.787150489140913,-4.8788699309537,-4.958457295449445,-5.0255344325707885
1700000001095000000,11095000000,220,219,219,0,0,,,,0,fist,hold,200.0,dev-0123456789abcdef0123456789abcdef,synthetic-2-fist,29,protocol,synthetic-demo-contract-v1,True,5.124856223528827,5.297137662960439,5.445292968574461,5.616526493893578,5.787491417033845,5.936281244167848,6.095999105900457,6.268882338077858
1700000001100000000,11100000000,221,220,220,0,0,,,,0,fist,hold,200.0,dev-0123456789abcdef0123456789abcdef,synthetic-2-fist,29,protocol,synthetic-demo-contract-v1,True,-4.463538242937503,-4.533263905390354,-4.623200149531635,-4.693528053224536,-4.76090170483672,-4.851558759459233,-4.932588481571254,-4.999869233023239
1700000001105000000,11105000000,222,221,221,0,0,,,,0,fist,hold,200.0,dev-0123456789abcdef0123456789abcdef,synthetic-2-fist,29,protocol,synthetic-demo-contract-v1,True,5.145286997605556,5.313378252414517,5.465468471567168,5.633432238432116,5.80757428668034,5.957510563293064,6.115684997215446,6.288115701005914
1700000001110000000,11110000000,223,222,222,0,0,,,,0,fist,hold,200.0,dev-0123456789abcdef0123456789abcdef,synthetic-2-fist,29,protocol,synthetic-demo-contract-v1,True,-4.448758171430522,-4.522983771653085,-4.6087764089574,-4.682648385426399,-4.747150609701463,-4.83658471211295,-4.919249348937187,-4.987231059474137
1700000001115000000,11115000000,224,223,223,0,0,,,,0,fist,hold,200.0,dev-0123456789abcdef0123456789abcdef,synthetic-2-fist,29,protocol,synthetic-demo-contract-v1,True,5.154260221688907,5.317627618352003,5.474013755831208,5.638199416329787,5.814880040136652,5.9661076638649115,6.1225662147783195,6.294049814117526
1700000001120000000,11120000000,225,224,224,0,0,,,,0,fist,hold,200.0,dev-0123456789abcdef0123456789abcdef,synthetic-2-fist,29,protocol,synthetic-demo-contract-v1,True,-4.445698874399857,-4.5247844118595015,-4.6061882260461555,-4.684029683634408,-4.746350534480556,-4.834433497837841,-4.918883599228837,-4.988054474091073
1700000001125000000,11125000000,226,225,225,0,0,,,,0,fist,hold,200.0,dev-0123456789abcdef0123456789abcdef,synthetic-2-fist,29,protocol,synthetic-demo-contract-v1,True,5.151349133359481,5.309808718850784,5.470614990253161,5.630684346147488,5.809167829482842,5.961797342839015,6.116413027043386,6.286471272561979
1700000001130000000,11130000000,227,226,226,0,0,,,,0,fist,hold,200.0,dev-0123456789abcdef0123456789abcdef,synthetic-2-fist,29,protocol,synthetic-demo-contract-v1,True,-4.454585083303768,-4.538539364143973,-4.615554638359105,-4.697613285696658,-4.758527855160256,-4.845167598104966,-4.931505079491532,-5.002329871104468
1700000001135000000,11135000000,228,227,227,0,0,,,,0,fist,hold,200.0,dev-0123456789abcdef0123456789abcdef,synthetic-2-fist,29,protocol,synthetic-demo-contract-v1,True,5.136535417159077,5.290249425890734,5.455349330575881,5.611147417737539,5.790625968499611,5.944730297657655,6.097427596430253,6.265612703032517
1700000001140000000,11140000000,229,228,228,0,0,,,,0,fist,hold,200.0,dev-0123456789abcdef0123456789abcdef,synthetic-2-fist,29,protocol,synthetic-demo-contract-v1,True,-4.4752262131127525,-4.563723150504778,-4.636602502858334,-4.722939351131787,-4.783281123433601,-4.8684244409431505,-4.956697283370808,-5.029603436136291
1700000001145000000,11145000000,230,229,229,0,0,,,,0,fist,hold,200.0,dev-0123456789abcdef0123456789abcdef,synthetic-2-fist,29,protocol,synthetic-demo-contract-v1,True,5.110219074486546,5.259667357508224,5.428684091745837,5.580244004028651,5.759865724549902,5.915477919899675,6.066237330934571,6.232145445502487
1700000001150000000,11150000000,231,230,230,0,0,,,,0,fist,hold,200.0,dev-0123456789abcdef0123456789abcdef,synthetic-2-fist,29,protocol,synthetic-demo-contract-v1,True,-4.507014345621646,-4.599433078036826,-4.6686737478918925,-4.7591625002927325,-4.8197943011998055,-4.903428594973924,-4.993627091843407,-5.068991764751463
1700000001155000000,11155000000,232,231,231,0,0,,,,0,fist,hold,200.0,dev-0123456789abcdef0123456789abcdef,synthetic-2-fist,29,protocol,synthetic-demo-contract-v1,True,5.0732124009773205,5.219141693248257,5.391463109827369,5.539002404876269,5.7179011669992335,5.875013215945742,6.0238741645950284,6.187157753368401
1700000001160000000,11160000000,233,232,232,0,0,,,,0,fist,hold,200.0,dev-0123456789abcdef0123456789abcdef,synthetic-2-fist,29,protocol,synthetic-demo-contract-v1,True,-4.548938387901766,-4.644423503237114,-4.710745306594191,-4.805080100834489,-4.866863662796915,-4.949017574788767,-5.041072300221887,-5.119210665277591
1700000001165000000,11165000000,234,233,233,0,0,,,,0,fist,hold,200.0,dev-0123456789abcdef0123456789abcdef,synthetic-2-fist,29,protocol,synthetic-demo-contract-v1,True,5.026717689050392,5.170073183532777,5.344880656147461,5.48878956806272,5.666115736509488,5.824678490361143,5.971740450721871,6.132119223906605
1700000001170000000,11170000000,235,234,234,0,0,,,,0,fist,hold,200.0,dev-0123456789abcdef0123456789abcdef,synthetic-2-fist,29,protocol,synthetic-demo-contract-v1,True,-4.599614416096879,-4.697151149675741,-4.761461161173758,-4.859172252347344,-4.922937478084947,-5.003680400244112,-5.097462022496608,-5.1786172028789
1700000001175000000,11175000000,236,235,235,0,0,,,,0,fist,hold,200.0,dev-0123456789abcdef0123456789abcdef,synthetic-2-fist,29,protocol,synthetic-demo-contract-v1,True,4.972289027353329,5.114133945718287,5.290443678422014,5.4312657326347455,5.606216637312385,5.766140864015225,5.911562594338849,6.068832625410384
1700000001180000000,11180000000,237,236,236,0,0,,,,0,fist,hold,200.0,dev-0123456789abcdef0123456789abcdef,synthetic-2-fist,29,protocol,synthetic-demo-contract-v1,True,-4.6573314465499065,-4.755829720638595,-4.81917552445954,-4.919652137528003,-4.986167168151973,-5.0656076319601375,-5.160928638362701,-5.245263604765668
1700000001185000000,11185000000,238,237,237,0,0,,,,0,fist,hold,200.0,dev-0123456789abcdef0123456789abcdef,synthetic-2-fist,29,protocol,synthetic-demo-contract-v1,True,4.9117793400878735,5.053208952200554,5.229923534352103,5.368329501513486,5.540178556007194,5.701337099748401,5.845333955653107,5.999374703510282
1700000001190000000,11190000000,239,238,238,0,0,,,,0,fist,hold,200.0,dev-0123456789abcdef0123456789abcdef,synthetic-2-fist,29,protocol,synthetic-demo-contract-v1,True,-4.720111113372285,-4.818491774069816,-4.88200581000309,-4.984525070208434,-5.0544682471989635,-5.132751227323509,-5.2293695666254205,-5.316961254693141
1700000001195000000,11195000000,240,239,239,0,0,,,,0,fist,hold,200.0,dev-0123456789abcdef0123456789abcdef,synthetic-2-fist,29,protocol,synthetic-demo-contract-v1,True,4.847274552205113,4.989331350133203,5.165298739393695,5.302055161915181,5.470178562298514,5.632409560458568,5.77524891115484,5.92602791326044
1700000001200000000,11200000000,241,240,240,0,0,,,,0,fist,hold,200.0,dev-0123456789abcdef0123456789abcdef,synthetic-2-fist,29,protocol,synthetic-demo-contract-v1,True,-4.785779019801064,-4.883055634315865,-4.947893707740915,-5.051654287942561,-5.125589041539372,-5.202892238062777,-5.30051682369342,-5.391352671481974
1700000001205000000,11205000000,242,241,241,0,0,,,,0,fist,hold,200.0,dev-0123456789abcdef0123456789abcdef,synthetic-2-fist,29,protocol,synthetic-demo-contract-v1,True,4.781017435936207,4.92461390290637,5.09869055987101,5.234624323463495,5.398524337793884,5.561635416214559,5.703630251438681,5.8512053235797925
1700000001210000000,11210000000,243,242,242,0,0,,,,0,fist,hold,200.0,dev-0123456789abcdef0123456789abcdef,synthetic-2-fist,29,protocol,synthetic-demo-contract-v1,True,-4.852044914033791,-4.9473950072589625,-5.014672400300307,-5.118831318818837,-5.1971849202622895,-5.273714112630182,-5.372012068294401,-5.465989102184185
1700000001215000000,11215000000,244,243,243,0,0,,,,0,fist,hold,200.0,dev-0123456789abcdef0123456789abcdef,synthetic-2-fist,29,protocol,synthetic-demo-contract-v1,True,4.715324248132607,4.861178908798314,5.0322935344692015,5.168254126838786,5.32757809893407,5.491351438814032,5.632852315366145,5.777371166661229
1700000001220000000,11220000000,245,244,244,0,0,,,,0,fist,hold,200.0,dev-0123456789abcdef0123456789abcdef,synthetic-2-fist,29,protocol,synthetic-demo-contract-v1,True,-4.91658835781139,-5.009408942368596,-5.080137735499816,-5.183848605737511,-5.266895590405515,-5.3428791826658095,-5.441484651894439,-5.538411174449477
1700000001225000000,11225000000,246,245,245,0,0,,,,0,fist,hold,200.0,dev-0123456789abcdef0123456789abcdef,synthetic-2-fist,29,protocol,synthetic-demo-contract-v1,True,4.6524976708273496,4.80108893390669,4.968303192316112,5.105124384537834,5.259678722079863,5.423876866795115,5.565262401462435,5.706959649534034
1700000001230000000,11230000000,247,246,246,0,0,,,,0,fist,hold,200.0,dev-0123456789abcdef0123456789abcdef,synthetic-2-fist,29,protocol,synthetic-demo-contract-v1,True,-4.9771462392657435,-5.067089843648851,-5.142121021530857,-5.2445720012186365,-5.3324229084576595,-5.408105808781929,-5.506630094578408,-5.606229950770749
1700000001235000000,11235000000,248,247,247,0,0,,,,0,fist,hold,200.0,dev-0123456789abcdef0123456789abcdef,synthetic-2-fist,29,protocol,synthetic-demo-contract-v1,True,4.5947397926125815,4.746280599450076,4.908843347357067,5.047306046398062,5.1970646380485865,5.361436886543006,5.503103054787433,5.642294703298464
1700000001240000000,11240000000,249,248,248,0,0,,,,0,fist,hold,200.0,dev-0123456789abcdef0123456789abcdef,synthetic-2-fist,29,protocol,synthetic-demo-contract-v1,True,-5.031598351904054,-5.118587365143917,-5.1985610385399985,-5.299010754034206,-5.391606642986565,-5.467243640190297,-5.565286391656704,-5.667205712983611
1700000001245000000,11245000000,250,249,249,0,0,,,,0,fist,hold,200.0,dev-0123456789abcdef0123456789abcdef,synthetic-2-fist,29,protocol,synthetic-demo-contract-v1,True,4.5440689000578605,4.698503495365655,4.855895381926895,4.996693335112569,5.141800038027078,5.30608925376667,5.448437799036082,5.585513315701947
1700000001250000000,11250000000,251,250,250,0,0,,,,0,fist,hold,200.0,dev-0123456789abcdef0123456789abcdef,synthetic-2-fist,29,protocol,synthetic-demo-contract-v1,True,-5.078047328922202,-5.162266226864977,-5.247572867209555,-5.345382695156425,-5.44249569073633,-5.5183445059584,-5.615505627491845,-5.719321879156306
1700000001255000000,11255000000,252,251,251,0,0,,,,0,fist,hold,200.0,dev-0123456789abcdef0123456789abcdef,synthetic-2-fist,29,protocol,synthetic-demo-contract-v1,True,4.502243682752868,4.659266062554553,4.811231885289666,4.954941772739826,5.0957068236221925,5.259656474990599,5.403082770237766,5.5384949756565005
1700000001260000000,11260000000,253,252,252,0,0,,,,0,fist,hold,200.0,dev-0123456789abcdef0123456789abcdef,synthetic-2-fist,29,protocol,synthetic-demo-contract-v1,True,-5.1148894838158,-5.196756243106485,-5.287511222162358,-5.382172491702216,-5.483412398420215,-5.559726600806179,-5.655618527646106,-5.760851614423324
1700000001265000000,11265000000,254,253,253,0,0,,,,0,fist,hold,200.0,dev-0123456789abcdef0123456789abcdef,synthetic-2-fist,29,protocol,synthetic-demo-contract-v1,True,4.470698101353447,4.629790006476958,4.7763568860954555,4.92341412241875,5.060304544443565,5.22366578429204,5.368546513871192,5.502799557844296
1700000001270000000,11270000000,255,254,254,0,0,,,,0,fist,hold,200.0,dev-0123456789abcdef0123456789abcdef,synthetic-2-fist,29,protocol,synthetic-demo-contract-v1,True,-5.140873549723514,-5.220993155223647,-5.317026143590089,-5.40818106830108,-5.513007869720365,-5.590029850527375,-5.684289813343244,-5.790414937154141
1700000001275000000,11275000000,256,255,255,0,0,,,,0,fist,hold,200.0,dev-0123456789abcdef0123456789abcdef,synthetic-2-fist,29,protocol,synthetic-demo-contract-v1,True,4.4504896458211,4.610974487397395,4.752454714552317,4.903136006726756,5.036760303289315,5.199298892425813,5.345979937904269,5.479615698310133
1700000001280000000,11280000000,257,256,256,0,0,,,,0,fist,hold,200.0,dev-0123456789abcdef0123456789abcdef,synthetic-2-fist,29,protocol,synthetic-demo-contract-v1,True,-5.155144905052159,-5.234249192456005,-5.3351091397315535,-5.422564587924128,-5.530306434195009,-5.608260633984517,-5.700562525734181,-5.8070244342222
1700000001285000000,11285000000,258,257,257,0,0,,,,0,fist,hold,200.0,dev-0123456789abcdef0123456789abcdef,synthetic-2-fist,29,protocol,synthetic-demo-contract-v1,True,4.442263051925085,4.6033709901377655,4.7403492566276775,4.894762644101203,5.02585028040456,5.187353162255664,5.336138079090264,5.469721367015369
1700000001290000000,11290000000,259,258,258,0,0,,,,0,fist,hold,200.0,dev-0123456789abcdef0123456789abcdef,synthetic-2-fist,29,protocol,synthetic-demo-contract-v1,True,-5.157273586172162,-5.236152634611398,-5.341128178445495,-5.424861728982611,-5.534737812091821,-5.613824390531187,-5.703889851545872,-5.810118073769932
1700000001295000000,11295000000,260,259,259,0,0,,,,0,fist,hold,200.0,dev-0123456789abcdef0123456789abcdef,synthetic-2-fist,29,protocol,synthetic-demo-contract-v1,True,4.446230787402403,4.607169421253338,4.740475027251285,4.898557778073693,5.027934145238041,5.188215486738185,5.339354949860475,5.473457942080072
1700000001300000000,11300000000,261,260,260,0,0,,,,0,fist,hold,200.0,dev-0123456789abcdef0123456789abcdef,synthetic-2-fist,29,protocol,synthetic-demo-contract-v1,True,-5.147265176787583,-5.226696007103789,-5.334850288508723,-5.415008381046122,-5.5261559146938355,-5.606545042030566,-5.694153394361147,-5.79957802842117
1700000001305000000,11305000000,262,261,261,0,0,,,,0,fist,hold,200.0,dev-0123456789abcdef0123456789abcdef,synthetic-2-fist,29,protocol,synthetic-demo-contract-v1,True,4.462170809920656,4.622195625984633,4.752861102989968,4.914385472835481,5.042943199261456,5.2018497260603995,5.3555323012195535,5.490718646079096
1700000001310000000,11310000000,263,262,262,0,0,,,,0,fist,hold,200.0,dev-0123456789abcdef0123456789abcdef,synthetic-2-fist,29,protocol,synthetic-demo-contract-v1,True,-5.125554481351529,-5.206232890575045,-5.316450938734501,-5.393339295144796,-5.504843660409095,-5.586670594141772,-5.671667283405593,-5.7757348823927455
1700000001315000000,11315000000,264,263,263,0,0,,,,0,fist,hold,200.0,dev-0123456789abcdef0123456789abcdef,synthetic-2-fist,29,protocol,synthetic-demo-contract-v1,True,4.489441284630037,4.647920171971989,4.77712852959065,4.941715026059192,5.070382640745817,5.227798112774202,5.384142677428595,5.520951731917586
1700000001320000000,11320000000,265,264,264,0,0,,,,0,fist,hold,200.0,dev-0123456789abcdef0123456789abcdef,synthetic-2-fist,29,protocol,synthetic-demo-contract-v1,True,-5.0929826891221035,-5.175463663960583,-5.286509802165036,-5.360576652717297,-5.471503647832576,-5.554864737855698,-5.637167979530295,-5.739357077235179
1700000001325000000,11325000000,266,265,265,0,0,,,,0,fist,hold,200.0,dev-0123456789abcdef0123456789abcdef,synthetic-2-fist,29,protocol,synthetic-demo-contract-v1,True,4.527011176331199,4.683477921000967,4.812501370211394,4.979638819816233,5.10934787683218,5.265196572681857,5.4242466661256605,5.5631783200672125
1700000001330000000,11330000000,267,266,266,0,0,,,,0,fist,hold,200.0,dev-0123456789abcdef0123456789abcdef,synthetic-2-fist,29,protocol,synthetic-demo-contract-v1,True,-5.05075947100456,-5.135410812690997,-5.245992968807147,-5.317805945812249,-5.427234993260464,-5.512184734317521,-5.591790110632324,-5.691625937133564
1700000001335000000,11335000000,268,267,267,0,0,,,,0,fist,hold,200.0,dev-0123456789abcdef0123456789abcdef,synthetic-2-fist,29,protocol,synthetic-demo-contract-v1,True,4.5735049429242265,4.727697611871526,4.857831101165356,5.026902506935454,5.158554345138668,5.312803450024418,5.474523778471561,5.61602430629952
1700000001340000000,11340000000,269,268,268,0,0,,,,0,fist,hold,200.0,dev-0123456789abcdef0123456789abcdef,synthetic-2-fist,29,protocol,synthetic-demo-contract-v1,True,-5.0004120834439,-5.087384715676218,-5.196222128249192,-5.266439976125278,-5.373497096251735,-5.460046318526859,-5.5370291304452754,-5.634097089804281
1700000001345000000,11345000000,270,269,269,0,0,,,,0,fist,hold,200.0,dev-0123456789abcdef0123456789abcdef,synthetic-2-fist,29,protocol,synthetic-demo-contract-v1,True,4.627258988913107,4.779140413108501,4.911633609178245,5.081946527087223,5.216379861778302,5.369040683359699,5.533315943409348,5.677765295410831
1700000001350000000,11350000000,271,270,270,0,0,,,,0,fist,hold,200.0,dev-0123456789abcdef0123456789abcdef,synthetic-2-fist,29,protocol,synthetic-demo-contract-v1,True,-4.943724050501799,-5.032941070358338,-5.13883168737874,-5.208172168309429,-5.312061527773535,-5.400176785629404,-5.4746920302128546,-5.568649547374375
1700000001355000000,11355000000,272,271,271,0,0,,,,0,fist,hold,200.0,dev-0123456789abcdef0123456789abcdef,synthetic-2-fist,29,protocol,synthetic-demo-contract-v1,True,4.686387117394414,4.8361461782887085,4.972137613064243,5.142957577392169,5.280918099705524,5.432046067972907,5.598682183068401,5.746383087074843
1700000001360000000,11360000000,273,272,272,0,0,,,,0,fist,hold,200.0,dev-0123456789abcdef0123456789abcdef,synthetic-2-fist,29,protocol,synthetic-demo-contract-v1,True,-4.882666334935542,-4.9738313205891185,-5.075715202976691,-5.14492074109968,-5.244953627028268,-5.334557813087134,-5.406837727841686,-5.497424118450437
1700000001365000000,11365000000,274,273,273,0,0,,,,0,fist,hold,200.0,dev-0123456789abcdef0123456789abcdef,synthetic-2-fist,29,protocol,synthetic-demo-contract-v1,True,4.748851962662873,4.896885952361756,5.037342938340146,5.2079283384659885,5.350041434376995,5.499734875277453,5.668462666505397,5.8196318590372345
1700000001370000000,11370000000,275,274,274,0,0,,,,0,fist,hold,200.0,dev-0123456789abcdef0123456789abcdef,synthetic-2-fist,29,protocol,synthetic-demo-contract-v1,True,-4.819324080711849,-4.911947614979068,-5.00896287970089,-5.078765576832978,-5.174385732332917,-5.265359910194966,-5.33570910066147,-5.422753174460797
1700000001375000000,11375000000,276,275,275,0,0,,,,0,fist,hold,200.0,dev-0123456789abcdef0123456789abcdef,synthetic-2-fist,29,protocol,synthetic-demo-contract-v1,True,4.812539298497817,4.959419136243297,5.105086729498062,5.274723489027724,5.421471084901153,5.569868791478967,5.740350028576887,5.895111872941249
1700000001380000000,11380000000,277,276,276,0,0,,,,0,fist,hold,200.0,dev-0123456789abcdef0123456789abcdef,synthetic-2-fist,29,protocol,synthetic-demo-contract-v1,True,-4.755822013439467,-4.849263942521652,-4.940792197760108,-5.011879866304767,-5.102684247220449,-5.194870662056913,-5.2636589046134015,-5.347084078685539
1700000001385000000,11385000000,278,277,277,0,0,,,,0,fist,hold,200.0,dev-0123456789abcdef0123456789abcdef,synthetic-2-fist,29,protocol,synthetic-demo-contract-v1,True,4.875332193296931,5.021753619772506,5.173115403710335,5.341149839172438,5.492852238341388,5.640129896943731,5.811965600042844,5.970348279695495
1700000001390000000,11390000000,279,278,278,0,0,,,,0,fist,hold,200.0,dev-0123456789abcdef0123456789abcdef,synthetic-2-fist,29,protocol,synthetic-demo-contract-v1,True,-4.694251433066044,-4.787775167592368,-4.873473980126148,-4.946458773962455,-5.032212946166557,-5.12541913916724,-5.193072025390513,-5.272898795759991
1700000001395000000,11395000000,280,279,279,0,0,,,,0,fist,hold,200.0,dev-0123456789abcdef0123456789abcdef,synthetic-2-fist,29,protocol,synthetic-demo-contract-v1,True,4.935182206131923,5.081907139548477,5.239159941856376,5.405028280662662,5.561831680558784,5.708197242160669,5.880938031970909,6.0428724326616665
1700000001400000000,11400000000,281,280,280,0,0,,,,0,fist,hold,200.0,dev-0123456789abcdef0123456789abcdef,synthetic-2-fist,29,protocol,synthetic-demo-contract-v1,True,-4.636601445795601,-4.729435718530365,-4.809256377406319,-4.884647462822344,-4.965295048312925,-5.05929896945114,-5.126286629057256,-5.202632325938187
1700000001405000000,11405000000,282,281,281,0,0,,,,0,fist,hold,200.0,dev-0123456789abcdef0123456789abcdef,synthetic-2-fist,29,protocol,synthetic-demo-contract-v1,True,4.9901751625021715,5.137968107206125,5.301011985707691,5.464265196308598,5.626135374347487,5.771823491353776,5.944981717547814,6.110303033619955
1700000001410000000,11410000000,283,282,282,0,0,,,,0,fist,hold,200.0,dev-0123456789abcdef0123456789abcdef,synthetic-2-fist,29,protocol,synthetic-demo-contract-v1,True,-4.584696688061802,-4.676099674180321,-4.750289333070873,-4.828470836250567,-4.904136628173424,-4.998692612879528,-5.0655168169319,-5.138592647850359
1700000001415000000,11415000000,284,283,283,0,0,,,,0,fist,hold,200.0,dev-0123456789abcdef0123456789abcdef,synthetic-2-fist,29,protocol,synthetic-demo-contract-v1,True,5.03858948365477,5.188154183892456,5.356598168911113,5.516920991396281,5.683643427353348,5.828909103465002,6.0019724201683236,6.17042444122368
1700000001420000000,11420000000,285,284,284,0,0,,,,0,fist,hold,200.0,dev-0123456789abcdef0123456789abcdef,synthetic-2-fist,29,protocol,synthetic-demo-contract-v1,True,-4.540143328156524,-4.629463942650182,-4.698552089029329,-4.779767294419178,-4.85075388823358,-4.945599338181398,-5.012779340773459,-5.082884804568634
1700000001425000000,11425000000,286,285,285,0,0,,,,0,fist,hold,200.0,dev-0123456789abcdef0123456789abcdef,synthetic-2-fist,29,protocol,synthetic-demo-contract-v1,True,5.078945533690402,5.230866946271162,5.40405015614813,5.561273507375307,5.732459978317305,5.87757160240541,6.050017607994582,6.2212595643410875
1700000001430000000,11430000000,287,286,286,0,0,,,,0,fist,hold,200.0,dev-0123456789abcdef0123456789abcdef,synthetic-2-fist,29,protocol,synthetic-demo-contract-v1,True,-4.5042846266959184,-4.591016138029065,-4.655786201018641,-4.740128668900262,-4.806906691038983,-4.901769278098433,-4.969826801161399,-5.037341632103572
1700000001435000000,11435000000,288,287,287,0,0,,,,0,fist,hold,200.0,dev-0123456789abcdef0123456789abcdef,synthetic-2-fist,29,protocol,synthetic-demo-contract-v1,True,5.110044958265089,5.264741096317901,5.441767998544225,5.595874248332216,5.770975697711814,5.916207651428091,6.087519169067575,6.261134940262724
1700000001440000000,11440000000,289,288,288,0,0,,,,0,fist,hold,200.0,dev-0123456789abcdef0123456789abcdef,synthetic-2-fist,29,protocol,synthetic-demo-contract-v1,True,-4.47816683090886,-4.561988635992324,-4.623436357412741,-4.71084829400263,-4.774040542012522,-4.8686457381470225,-4.938089538764421,-5.003463411446263
1700000001445000000,11445000000,290,289,289,0,0,,,,0,fist,hold,200.0,dev-0123456789abcdef0123456789abcdef,synthetic-2-fist,29,protocol,synthetic-demo-contract-v1,True,5.130999483420573,5.288686809308057,5.468474630032354,5.619595588474142,5.797920842319216,5.943545884808468,6.113226431789898,6.288735854392756
1700000001450000000,11450000000,291,290,290,0,0,,,,0,fist,hold,200.0,dev-0123456789abcdef0123456789abcdef,synthetic-2-fist,29,protocol,synthetic-demo-contract-v1,True,-4.462515701934654,-4.543320130343208,-4.602601039399447,-4.69287890488787,-4.753238935646136,-4.847317660644285,-4.918628141979851,-4.982368432113389
1700000001455000000,11455000000,292,291,291,0,0,,,,0,fist,hold,200.0,dev-0123456789abcdef0123456789abcdef,synthetic-2-fist,29,protocol,synthetic-demo-contract-v1,True,5.141249093261096,5.301923989403234,5.483259621979643,5.631667426062974,5.812407114707916,5.958688755838248,6.126277734929559,6.303149685301308
1700000001460000000,11460000000,293,292,292,0,0,,,,0,fist,hold,200.0,dev-0123456789abcdef0123456789abcdef,synthetic-2-fist,29,protocol,synthetic-demo-contract-v1,True,-4.457723555559732,-4.535625822053713,-4.593994733347529,-4.686801729092258,-4.745187636064587,-4.838483809855334,-4.91209814461448,-4.97475609648979
1700000001465000000,11465000000,294,293,293,0,0,,,,0,fist,hold,200.0,dev-0123456789abcdef0123456789abcdef,synthetic-2-fist,29,protocol,synthetic-demo-contract-v1,True,5.140569887672535,5.30400740752687,5.485610672293044,5.631702096179779,5.813956947629944,5.961142023335706,6.12622916869737,6.303896046125225
1700000001470000000,11470000000,295,294,294,0,0,,,,0,fist,hold,200.0,dev-0123456789abcdef0123456789abcdef,synthetic-2-fist,29,protocol,synthetic-demo-contract-v1,True,-4.463846354442874,-4.539177153019555,-4.597923018519974,-4.6928077704680975,-4.750152069519746,-4.842429856632834,-4.9187280853990965,-4.980883781897008
1700000001475000000,11475000000,296,295,295,0,0,,,,0,fist,hold,200.0,dev-0123456789abcdef0123456789abcdef,synthetic-2-fist,29,protocol,synthetic-demo-contract-v1,True,5.129072220820389,5.294841928839127,5.475431718360568,5.619706739963572,5.802519247924586,5.9508309074430965,6.113069531485753,6.290942727526334
1700000001480000000,11480000000,297,296,296,0,0,,,,0,fist,hold,200.0,dev-0123456789abcdef0123456789abcdef,synthetic-2-fist,29,protocol,synthetic-demo-contract-v1,True,-4.480610134820873,-4.553891751710747,-4.61427141819506,-4.710691884805819,-4.767968574114386,-4.859019114651347,-4.938311660431471,-5.000558224819742
1700000001485000000,11485000000,298,297,297,0,0,,,,0,fist,hold,200.0,dev-0123456789abcdef0123456789abcdef,synthetic-2-fist,29,protocol,synthetic-demo-contract-v1,True,5.107189931189298,5.274687293633464,5.453047016507803,5.596082738929106,5.77847108090062,5.928102385923656,6.087221001575734,6.264706914455859
1700000001490000000,11490000000,299,298,298,0,0,,,,0,fist,hold,200.0,dev-0123456789abcdef0123456789abcdef,synthetic-2-fist,29,protocol,synthetic-demo-contract-v1,True,-4.507425885172843,-4.579333990928903,-4.6425084346016225,-4.739859827597745,-4.798049795224808,-4.887697229368461,-4.97021423465915,-5.033141713991218
1700000001495000000,11495000000,300,299,299,0,0,,,,0,fist,hold,200.0,dev-0123456789abcdef0123456789abcdef,synthetic-2-fist,29,protocol,synthetic-demo-contract-v1,True,5.075661596464506,5.244152191790559,5.419191008602657,5.56161224617894,5.74260523966839,5.893713559939007,6.0495254945242145,6.226041633455828
1700000001500000000,11500000000,301,300,300,0,0,,,,0,fist,hold,200.0,dev-0123456789abcdef0123456789abcdef,synthetic-2-fist,29,protocol,synthetic-demo-contract-v1,True,-4.543411912277444,-4.614726273443747,-4.681702703960299,-4.7793480302467195,-4.83940404875204,-4.927510660065178,-5.013393504582407,-5.077572891801493
1700000001505000000,11505000000,302,301,301,0,0,,,,0,fist,hold,200.0,dev-0123456789abcdef0123456789abcdef,synthetic-2-fist,29,protocol,synthetic-demo-contract-v1,True,5.035504791441783,5.2041776621629285,5.374984282514777,5.517432267961836,5.696104109222032,5.8488064782675195,6.001217149483014,6.176207873200923
1700000001510000000,11510000000,303,302,302,0,0,,,,0,fist,hold,200.0,dev-0123456789abcdef0123456789abcdef,synthetic-2-fist,29,protocol,synthetic-demo-contract-v1,True,-4.587422718288577,-4.658970864684648,-4.730553724120893,-4.827855445351578,-4.890668013855576,-4.977138339941924,-5.066433637116115,-5.1324014827929005
1700000001515000000,11515000000,304,303,303,0,0,,,,0,fist,hold,200.0,dev-0123456789abcdef0123456789abcdef,synthetic-2-fist,29,protocol,synthetic-demo-contract-v1,True,4.987984310584442,5.156010148662151,5.321896410444121,5.464997155341676,5.640500686891623,5.794870255931098,5.943881845781718,6.1168332924458575
1700000001520000000,11520000000,305,304,304,0,0,,,,0,fist,hold,200.0,dev-0123456789abcdef0123456789abcdef,synthetic-2-fist,29,protocol,synthetic-demo-contract-v1,True,-4.63808345221503,-4.71068178913782,-4.787435140646818,-4.883786408062971,-4.950151677392111,-5.03493546430465,-5.127591764417769,-5.195835809673046
1700000001525000000,11525000000,306,305,305,0,0,,,,0,fist,hold,200.0,dev-0123456789abcdef0123456789abcdef,synthetic-2-fist,29,protocol,synthetic-demo-contract-v1,True,4.934575259416389,5.101164847680345,5.261696901012339,5.4060307434975154,5.57762804419946,5.733691742479288,5.87940507960763,6.049858870968138
1700000001530000000,11530000000,307,306,306,0,0,,,,0,fist,hold,200.0,dev-0123456789abcdef0123456789abcdef,synthetic-2-fist,29,protocol,synthetic-demo-contract-v1,True,-4.693829068580425,-4.768226005810632,-4.850449144048667,-4.9453031017050835,-5.01589404838122,-5.09898795672035,-5.194855306162389,-5.265801536401671
1700000001535000000,11535000000,308,307,307,0,0,,,,0,fist,hold,200.0,dev-0123456789abcdef0123456789abcdef,synthetic-2-fist,29,protocol,synthetic-demo-contract-v1,True,4.876921843329747,5.041380279184499,5.196395911615609,5.342469713095263,5.509558896205514,5.667296372901292,5.809909915389674,5.977475255947041
1700000001540000000,11540000000,309,308,308,0,0,,,,0,fist,hold,200.0,dev-0123456789abcdef0123456789abcdef,synthetic-2-fist,29,protocol,synthetic-demo-contract-v1,True,-4.752947402247853,-4.829772786108662,-4.917490146430652,-5.010385903555781,-5.0857278057657185,-5.167175810853962,-5.266008232708165,-5.34000970835412
1700000001545000000,11545000000,310,309,309,0,0,,,,0,fist,hold,200.0,dev-0123456789abcdef0123456789abcdef,synthetic-2-fist,29,protocol,synthetic-demo-contract-v1,True,4.816792610933254,4.9785652979524375,5.128176722409902,5.276400033321715,5.438537270552425,5.597881157840034,5.737687054829885,5.902050895426805
1700000001550000000,11550000000,311,310,310,0,0,,,,0,fist,hold,200.0,dev-0123456789abcdef0123456789abcdef,synthetic-2-fist,29,protocol,synthetic-demo-contract-v1,True,-4.813625430145735,-4.893349943492141,-4.986315583652095,-5.076899630993076,-5.157350748231528,-5.237243213132972,-5.338704086678573,-5.416031853502414
1700000001555000000,11555000000,312,311,311,0,0,,,,0,fist,hold,200.0,dev-0123456789abcdef0123456789abcdef,synthetic-2-fist,29,protocol,synthetic-demo-contract-v1,True,4.756032861422184,4.914740022928364,5.059322259889131,5.209988570320115,5.366904528868584,5.527742028794138,5.66511932757478,5.826054320902648
1700000001560000000,11560000000,313,312,312,0,0,,,,0,fist,hold,200.0,dev-0123456789abcdef0123456789abcdef,synthetic-2-fist,29,protocol,synthetic-demo-contract-v1,True,-4.873998020417614,-4.95690531759067,-5.054621440640766,-5.142663517415177,-5.228401690609198,-5.306873128066131,-5.410543356470347,-5.491379676066405
1700000001565000000,11565000000,314,313,313,0,0,,,,0,fist,hold,200.0,dev-0123456789abcdef0123456789abcdef,synthetic-2-fist,29,protocol,synthetic-demo-contract-v1,True,4.696514916522726,4.851972392179664,4.992138166138175,5.145412100680589,5.2970221793731165,5.459197939779084,5.5946030926456425,5.751973133736332
1700000001570000000,11570000000,315,314,314,0,0,,,,0,fist,hold,200.0,dev-0123456789abcdef0123456789abcdef,synthetic-2-fist,29,protocol,synthetic-demo-contract-v1,True,-4.932198455423331,-5.018371705484514,-5.120119931583899,-5.205522627566842,-5.296538304789308,-5.3737638813243525,-5.479152650495848,-5.563586722830236
1700000001575000000,11575000000,316,315,315,0,0,,,,0,fist,hold,200.0,dev-0123456789abcdef0123456789abcdef,synthetic-2-fist,29,protocol,synthetic-demo-contract-v1,True,4.6400869959519815,4.792312239065303,4.928875032047012,5.084786052316557,5.231194025310537,5.394514233361096,5.5284691428193895,5.682232358705698
1700000001580000000,11580000000,317,316,316,0,0,,,,0,fist,hold,200.0,dev-0123456789abcdef0123456789abcdef,synthetic-2-fist,29,protocol,synthetic-demo-contract-v1,True,-4.986409952001333,-5.075733268814369,-5.1806166893372545,-5.263418376977675,-5.359514338979349,-5.435705210400918,-5.542263060382429,-5.630289337277344
1700000001585000000,11585000000,318,317,317,0,0,,,,0,fist,hold,200.0,dev-0123456789abcdef0123456789abcdef,synthetic-2-fist,29,protocol,synthetic-demo-contract-v1,True,4.588521522368856,4.737724923047321,4.871652444621162,5.030095301888607,5.171590215738588,5.335827802581584,5.468905721743246,5.619114848941765
1700000001590000000,11590000000,319,318,318,0,0,,,,0,fist,hold,200.0,dev-0123456789abcdef0123456789abcdef,synthetic-2-fist,29,protocol,synthetic-demo-contract-v1,True,-5.034917292907172,-5.127091335801234,-5.234084832396236,-5.314455851519275,-5.415253669623926,-5.490651270941278,-5.597785126906686,-5.689304240014695
1700000001595000000,11595000000,320,319,319,0,0,,,,0,fist,hold,200.0,dev-0123456789abcdef0123456789abcdef,synthetic-2-fist,29,protocol,synthetic-demo-contract-v1,True,4.543463811277861,4.690026628058636,4.822387438756363,4.983129288780941,5.120175702477991,5.285076520295478,5.417886195068492,5.564686359114673
1700000001600000000,11600000000,321,320,320,0,0,,,,0,fist,hold,200.0,dev-0123456789abcdef0123456789abcdef,synthetic-2-fist,29,protocol,synthetic-demo-contract-v1,True,-5.076157537193368,-5.170727469544437,-5.27873338281076,-5.356965729514824,-5.461918744727241,-5.536788188047452,-5.643877933323206,-5.738700184868443
1700000001605000000,11605000000,322,321,321,0,0,,,,0,fist,hold,200.0,dev-0123456789abcdef0123456789abcdef,synthetic-2-fist,29,protocol,synthetic-demo-contract-v1,True,4.506382260044887,4.650823455833638,4.782729794430518,4.945423562826562,5.078645461775546,5.24393526585352,5.3771037645320625,5.520727750213392
1700000001610000000,11610000000,323,322,322,0,0,,,,0,fist,hold,200.0,dev-0123456789abcdef0123456789abcdef,synthetic-2-fist,29,protocol,synthetic-demo-contract-v1,True,-5.108768610861398,-5.205161693898951,-5.313067700931644,-5.389558786841425,-5.4979711622148795,-5.572593922658078,-5.679010043326754,-5.776861334888769
1700000001615000000,11615000000,324,323,323,0,0,,,,0,fist,hold,200.0,dev-0123456789abcdef0123456789abcdef,synthetic-2-fist,29,protocol,synthetic-demo-contract-v1,True,4.478521318963448,4.6214563863157805,4.754006386336307,4.9182096712438215,5.048368616220383,5.2137606605596165,5.347915382697117,5.488676554676382
1700000001620000000,11620000000,325,324,324,0,0,,,,0,fist,hold,200.0,dev-0123456789abcdef0123456789abcdef,synthetic-2-fist,29,protocol,synthetic-demo-contract-v1,True,-5.131634413840632,-5.229203859519673,-5.3359398761954715,-5.411171209180845,-5.5222223862551125,-5.596888477495641,-5.702010268839027,-5.802540274886534
1700000001625000000,11625000000,326,325,325,0,0,,,,0,fist,hold,200.0,dev-0123456789abcdef0123456789abcdef,synthetic-2-fist,29,protocol,synthetic-demo-contract-v1,True,4.460858682916427,4.602954049660578,4.737176482651539,4.90237501655453,5.030343299039671,5.195546335160674,5.331296723584541,5.469579822694919
1700000001630000000,11630000000,327,326,326,0,0,,,,0,fist,hold,200.0,dev-0123456789abcdef0123456789abcdef,synthetic-2-fist,29,protocol,synthetic-demo-contract-v1,True,-5.143924939746429,-5.241996296540807,-5.346587357778433,-5.42109923699583,-5.533872929580687,-5.608872786641822,-5.712106587324023,-5.814898918070894
1700000001635000000,11635000000,328,327,327,0,0,,,,0,fist,hold,200.0,dev-0123456789abcdef0123456789abcdef,synthetic-2-fist,29,protocol,synthetic-demo-contract-v1,True,4.454068259429309,4.595995054567098,4.7327995137368095,4.898433990576288,5.025163748757215,5.189890204307934,5.327809700638778,5.46405979936546
1700000001640000000,11640000000,329,328,328,0,0,,,,0,fist,hold,200.0,dev-0123456789abcdef0123456789abcdef,synthetic-2-fist,29,protocol,synthetic-demo-contract-v1,True,-5.14512981617304,-5.243046135301666,-5.3446585128517885,-5.419022018065032,-5.532538710092076,-5.608155006984849,-5.7089519183999515,-5.813535962639553
1700000001645000000,11645000000,330,329,329,0,0,,,,0,fist,hold,200.0,dev-0123456789abcdef0123456789abcdef,synthetic-2-fist,29,protocol,synthetic-demo-contract-v1,True,4.4584905231531105,4.600881348692361,4.74101640318905,4.906511320607631,5.033000719001538,5.196974825979472,5.337583610350032,5.472293560232854
1700000001650000000,11650000000,331,330,330,0,0,,,,0,fist,hold,200.0,dev-0123456789abcdef0123456789abcdef,synthetic-2-fist,29,protocol,synthetic-demo-contract-v1,True,-5.135083658932242,-5.232245978043185,-5.3302242492403265,-5.405011928082283,-5.518263712847154,-5.594763346212543,-5.69263590228574,-5.798499996678266
1700000001655000000,11655000000,332,331,331,0,0,,,,0,fist,hold,200.0,dev-0123456789abcdef0123456789abcdef,synthetic-2-fist,29,protocol,synthetic-demo-contract-v1,True,4.474111836422802,4.617523754734584,4.761545087835918,4.926338164707649,5.053595849290965,5.216561491390196,5.3603105310075945,5.494007273540887
1700000001660000000,11660000000,333,332,332,0,0,,,,0,fist,hold,200.0,dev-0123456789abcdef0123456789abcdef,synthetic-2-fist,29,protocol,synthetic-demo-contract-v1,True,-5.113981712878141,-5.209881965073084,-5.303775317824915,-5.379532029323959,-5.491518540010927,-5.569145006942225,-5.663682283839635,-5.770287821883903
1700000001665000000,11665000000,334,333,333,0,0,,,,0,fist,hold,200.0,dev-0123456789abcdef0123456789abcdef,synthetic-2-fist,29,protocol,synthetic-demo-contract-v1,True,4.50055418423268,4.645440439403305,4.793690366208525,4.957261076538106,5.086270182373421,5.247998237225852,5.395255136274918,5.528485276310986
1700000001670000000,11670000000,335,334,334,0,0,,,,0,fist,hold,200.0,dev-0123456789abcdef0123456789abcdef,synthetic-2-fist,29,protocol,synthetic-demo-contract-v1,True,-5.0823844376071445,-5.17662868810377,-5.266205401324656,-5.343420757356832,-5.453184896568991,-5.5321512852868,-5.623031980417501,-5.729828052890105
1700000001675000000,11675000000,336,335,335,0,0,,,,0,fist,hold,200.0,dev-0123456789abcdef0123456789abcdef,synthetic-2-fist,29,protocol,synthetic-demo-contract-v1,True,4.537076530763185,4.683768643730307,4.836367723783474,4.998263540160316,5.129946547330764,5.290241512106575,5.441278608039242,5.574593664046916
1700000001680000000,11680000000,337,336,336,0,0,,,,0,fist,hold,200.0,dev-0123456789abcdef0123456789abcdef,synthetic-2-fist,29,protocol,synthetic-demo-contract-v1,True,-5.04120999318043,-5.133530848210529,-5.218780583002396,-5.297864342514467,-5.404526523262368,-5.485009319505013,-5.572012383858792,-5.678450533336519
1700000001685000000,11685000000,338,337,337,0,0,,,,0,fist,hold,200.0,dev-0123456789abcdef0123456789abcdef,synthetic-2-fist,29,protocol,synthetic-demo-contract-v1,True,4.582588653155659,4.731289546299513,4.888140304963012,5.047999365142323,5.183185070546494,5.341890778202399,5.496875867965113,5.63081761645715
1700000001690000000,11690000000,339,338,338,0,0,,,,0,fist,hold,200.0,dev-0123456789abcdef0123456789abcdef,synthetic-2-fist,29,protocol,synthetic-demo-contract-v1,True,-4.991713984778384,-5.081972020784406,-5.16309625440619,-5.2443578728450495,-5.347147534994269,-5.4292814252709,-5.512293901033029,-5.61784257633545
1700000001695000000,11695000000,340,339,339,0,0,,,,0,fist,hold,200.0,dev-0123456789abcdef0123456789abcdef,synthetic-2-fist,29,protocol,synthetic-demo-contract-v1,True,4.6356778555791225,4.786465662272685,4.9472677529961935,5.104836845678546,5.244230643850904,5.4012349017789205,5.560224907707173,5.695311229814458
1700000001700000000,11700000000,341,340,340,0,0,,,,0,fist,hold,200.0,dev-0123456789abcdef0123456789abcdef,synthetic-2-fist,29,protocol,synthetic-demo-contract-v1,True,-4.935456322157241,-5.0236313579000065,-5.101022949326096,-5.184656275415845,-5.282939538161637,-5.366813363966324,-5.445835158570696,-5.549993470295666
1700000001705000000,11705000000,342,341,341,0,0,,,,0,fist,hold,200.0,dev-0123456789abcdef0123456789abcdef,synthetic-2-fist,29,protocol,synthetic-demo-contract-v1,True,4.694648431038835,4.8474897182353995,5.011765235384289,5.166912236727261,5.311070784966886,5.4663087972471835,5.62924659831089,5.765958215305815
1700000001710000000,11710000000,343,342,342,0,0,,,,0,fist,hold,200.0,dev-0123456789abcdef0123456789abcdef,synthetic-2-fist,29,protocol,synthetic-demo-contract-v1,True,-4.87425561731722,-4.960429511579586,-5.034642966911306,-5.120716821215938,-5.214019270288259,-5.299673255721583,-5.374818671762777,-5.4771290768987955
1700000001715000000,11715000000,344,343,343,0,0,,,,0,fist,hold,200.0,dev-0123456789abcdef0123456789abcdef,synthetic-2-fist,29,protocol,synthetic-demo-contract-v1,True,4.7575731464942965,4.9123435042258174,5.079470627677707,5.232190796826974,5.381501982777844,5.534958450874342,5.701673013131571,5.840441465502072
1700000001720000000,11720000000,345,344,344,0,0,,,,0,fist,hold,200.0,dev-0123456789abcdef0123456789abcdef,synthetic-2-fist,29,protocol,synthetic-demo-contract-v1,True,-4.810132151624305,-4.89446548113086,-4.966179957443083,-5.054635034764069,-5.142658817786311,-5.230083157645375,-5.301579092785876,-5.401638673690154
1700000001725000000,11725000000,346,345,345,0,0,,,,0,fist,hold,200.0,dev-0123456789abcdef0123456789abcdef,synthetic-2-fist,29,protocol,synthetic-demo-contract-v1,True,4.822355412112634,4.978864808050775,5.148117554756578,5.298533401109063,5.453202340221016,5.604912173848075,5.775122017062592,5.916319199652312
1700000001730000000,11730000000,347,346,346,0,0,,,,0,fist,hold,200.0,dev-0123456789abcdef0123456789abcdef,synthetic-2-fist,29,protocol,synthetic-demo-contract-v1,True,-4.745241055743286,-4.827946456230689,-4.897923879017363,-4.9885761039507255,-5.071210712349296,-5.160345569611543,-5.228526398985679,-5.325996448526504
1700000001735000000,11735000000,348,347,347,0,0,,,,0,fist,hold,200.0,dev-0123456789abcdef0123456789abcdef,synthetic-2-fist,29,protocol,synthetic-demo-contract-v1,True,4.886800195853156,5.044820200389336,5.215411794958643,5.363766547064117,5.52380811999645,5.673855728998148,5.8471756672853346,5.991105182470777
1700000001740000000,11740000000,349,348,348,0,0,,,,0,fist,hold,200.0,dev-0123456789abcdef0123456789abcdef,synthetic-2-fist,29,protocol,synthetic-demo-contract-v1,True,-4.681797922881179,-4.763113028263477,-4.8321538844819605,-4.924704031673597,-5.002030375314774,-5.092767297126611,-5.158066549812288,-5.252680228636803
1700000001745000000,11745000000,350,349,349,0,0,,,,0,fist,hold,200.0,dev-0123456789abcdef0123456789abcdef,synthetic-2-fist,29,protocol,synthetic-demo-contract-v1,True,4.948691199887853,5.1079811776926265,5.279108445193319,5.4257534657020345,5.590991669618175,5.739508847934696,5.915459844002683,6.062350377539461
1700000001750000000,11750000000,351,350,350,0,0,,,,0,fist,hold,200.0,dev-0123456789abcdef0123456789abcdef,synthetic-2-fist,29,protocol,synthetic-demo-contract-v1,True,-4.621999578347919,-4.702162361336859,-4.771061760490917,-4.865110843741656,-4.937398466764554,-5.0295831876808395,-5.0925222255881515,-5.18409011752876
1700000001755000000,11755000000,352,351,351,0,0,,,,0,fist,hold,200.0,dev-0123456789abcdef0123456789abcdef,synthetic-2-fist,29,protocol,synthetic-demo-contract-v1,True,5.005871364354857,5.1662009963964035,5.337087227816177,5.482464015418092,5.652538156861542,5.79970060986523,5.9777224878996025,6.12772334978454
1700000001760000000,11760000000,353,352,352,0,0,,,,0,fist,hold,200.0,dev-0123456789abcdef0123456789abcdef,synthetic-2-fist,29,protocol,synthetic-demo-contract-v1,True,-4.567943119231016,-4.647172040053427,-4.716678512702494,-4.811748164982208,-4.879445699270441,-4.972882260728746,-5.034056259787353,-5.122469715445136
1700000001765000000,11765000000,354,353,353,0,0,,,,0,fist,hold,200.0,dev-0123456789abcdef0123456789abcdef,synthetic-2-fist,29,protocol,synthetic-demo-contract-v1,True,5.056323441315425,5.2174894560934195,5.387423392725803,5.532041076258906,5.70641858587819,5.852441191391205,6.031907865791145,6.1850867732249695
1700000001770000000,11770000000,355,354,354,0,0,,,,0,fist,hold,200.0,dev-0123456789abcdef0123456789abcdef,synthetic-2-fist,29,protocol,synthetic-demo-contract-v1,True,-4.521546585432178,-4.60002733574319,-4.670806574349298,-4.766363397598723,-4.83008259494204,-4.924538671941623,-4.984600288935421,-5.069832513469442
1700000001775000000,11775000000,356,355,355,0,0,,,,0,fist,hold,200.0,dev-0123456789abcdef0123456789abcdef,synthetic-2-fist,29,protocol,synthetic-demo-contract-v1,True,5.0982472154404626,5.260082916867655,5.42845182792705,5.572861277032254,5.7508566868649265,5.8959876168924295,6.076224415624814,6.232567528950825
1700000001780000000,11780000000,357,356,356,0,0,,,,0,fist,hold,200.0,dev-0123456789abcdef0123456789abcdef,synthetic-2-fist,29,protocol,synthetic-demo-contract-v1,True,-4.484474703829082,-4.562354552726686,-4.6349599141425895,-4.730442585155103,-4.790936501467743,-4.886149792261551,-4.945790973459091,-5.027895880531729
1700000001785000000,11785000000,358,357,357,0,0,,,,0,fist,hold,200.0,dev-0123456789abcdef0123456789abcdef,synthetic-2-fist,29,protocol,synthetic-demo-contract-v1,True,5.130129956673204,5.292506968554261,5.458822232697004,5.603588073065042,5.784387474142642,5.928901337698622,6.109203932453737,6.268618089815076
1700000001790000000,11790000000,359,358,358,0,0,,,,0,fist,hold,200.0,dev-0123456789abcdef0123456789abcdef,synthetic-2-fist,29,protocol,synthetic-demo-contract-v1,True,-4.458073047362333,-4.535462931900826,-4.610314041154329,-4.705161827029888,-4.763297943533796,-4.858983446863116,-4.918915894427175,-4.998024812110039
1700000001795000000,11795000000,360,359,359,0,0,,,,0,fist,hold,200.0,dev-0123456789abcdef0123456789abcdef,synthetic-2-fist,29,protocol,synthetic-demo-contract-v1,True,5.150806881868674,5.313629404413925,5.477543520714967,5.62321544233181,5.805905542167886,5.950095738552702,6.129750141280143,6.292067175637595
1700000001800000000,11800000000,361,360,360,0,0,,,,0,fist,hold,200.0,dev-0123456789abcdef0123456789abcdef,synthetic-2-fist,29,protocol,synthetic-demo-contract-v1,True,-4.443313668245905,-4.520297305588429,-4.5976675590054095,-4.691348828921067,-4.748078078247845,-4.843936056180432,-4.904870913286453,-4.981187287621061
1700000001805000000,11805000000,362,361,361,0,0,,,,0,fist,hold,200.0,dev-0123456789abcdef0123456789abcdef,synthetic-2-fist,29,protocol,synthetic-demo-contract-v1,True,5.159508773419923,5.322701481327918,5.484015994835551,5.63110077400326,5.81470150730816,5.958872002953403,6.1371750514415995,6.302158016351232
1700000001810000000,11810000000,363,362,362,0,0,,,,0,fist,hold,200.0,dev-0123456789abcdef0123456789abcdef,synthetic-2-fist,29,protocol,synthetic-demo-contract-v1,True,-4.440754808996601,-4.5174033245869865,-4.597416521697641,-4.689455844091172,-4.745778657129126,-4.841503060697837,-4.904130404861905,-4.977922700953682
1700000001815000000,11815000000,364,363,363,0,0,,,,0,fist,hold,200.0,dev-0123456789abcdef0123456789abcdef,synthetic-2-fist,29,protocol,synthetic-demo-contract-v1,True,5.155894437538647,5.319385861642767,5.478050257306967,5.626985876219526,5.810485394009195,5.954942153816271,6.131221889003166,6.298572968810371
1700000001820000000,11820000000,365,364,364,0,0,,,,0,fist,hold,200.0,dev-0123456789abcdef0123456789abcdef,synthetic-2-fist,29,protocol,synthetic-demo-contract-v1,True,-4.45051668785274,-4.526906629143355,-4.609542402892931,-4.699544888300867,-4.7564754849247874,-4.851762605144676,-4.916731350456036,-4.988324397928649
1700000001825000000,11825000000,366,365,365,0,0,,,,0,fist,hold,200.0,dev-0123456789abcdef0123456789abcdef,synthetic-2-fist,29,protocol,synthetic-demo-contract-v1,True,5.1400663565166465,5.303770112935032,5.459872274314594,5.611005417587886,5.793396194385131,5.938438509795032,6.112073845205365,6.281443682477154
1700000001830000000,11830000000,367,366,366,0,0,,,,0,fist,hold,200.0,dev-0123456789abcdef0123456789abcdef,synthetic-2-fist,29,protocol,synthetic-demo-contract-v1,True,-4.472274628015778,-4.548506827138373,-4.63361402479927,-4.721285710892644,-4.779815920563665,-4.874373019495373,-4.94227182178466,-5.012036889858662
1700000001835000000,11835000000,368,367,367,0,0,,,,0,fist,hold,200.0,dev-0123456789abcdef0123456789abcdef,synthetic-2-fist,29,protocol,synthetic-demo-contract-v1,True,5.112568661877237,5.276365172749146,5.430114485885893,5.583682526917002,5.76399728608174,5.909909246553968,6.080348345864211,6.25134648508903
1700000001840000000,11840000000,369,368,368,0,0,,,,0,fist,hold,200.0,dev-0123456789abcdef0123456789abcdef,synthetic-2-fist,29,protocol,synthetic-demo-contract-v1,True,-4.505269992962148,-4.581486594881745,-4.668803318248705,-4.753966588291703,-4.815030502633233,-4.9085841782334505,-4.979923912742524,-5.048267829142851
1700000001845000000,11845000000,370,369,369,0,0,,,,0,fist,hold,200.0,dev-0123456789abcdef0123456789abcdef,synthetic-2-fist,29,protocol,synthetic-demo-contract-v1,True,5.074367385643384,5.238088744887193,5.3897933250885,5.545911694682478,5.723257859471472,5.870300211445049,6.0370770233525075,6.209283146015459
1700000001850000000,11850000000,371,370,370,0,0,,,,0,fist,hold,200.0,dev-0123456789abcdef0123456789abcdef,synthetic-2-fist,29,protocol,synthetic-demo-contract-v1,True,-4.548338548533784,-4.6247356503690735,-4.713914318399733,-4.796517587836824,-4.86095831612402,-4.953262360754223,-5.028460700203769,-5.095814346877126
1700000001855000000,11855000000,372,371,371,0,0,,,,0,fist,hold,200.0,dev-0123456789abcdef0123456789abcdef,synthetic-2-fist,29,protocol,synthetic-demo-contract-v1,True,5.026813787562766,5.190234159681978,5.340273967866842,5.4989295340330155,5.672520966467749,5.820923594253623,5.983672043709115,6.156647656302653
1700000001860000000,11860000000,373,372,372,0,0,,,,0,fist,hold,200.0,dev-0123456789abcdef0123456789abcdef,synthetic-2-fist,29,protocol,synthetic-demo-contract-v1,True,-4.59995504500439,-4.676788788449965,-4.767424356715723,-4.847545542957743,-4.91608526417899,-5.006927789702852,-5.086296352902272,-5.153102879803049
1700000001865000000,11865000000,374,373,373,0,0,,,,0,fist,hold,200.0,dev-0123456789abcdef0123456789abcdef,synthetic-2-fist,29,protocol,synthetic-demo-contract-v1,True,4.971592358539829,5.134425779913698,5.283223561253592,5.444274355306186,5.613459244289594,5.763414490931562,5.921879891010322,6.095180124532346
1700000001870000000,11870000000,375,374,374,0,0,,,,0,fist,hold,200.0,dev-0123456789abcdef0123456789abcdef,synthetic-2-fist,29,protocol,synthetic-demo-contract-v1,True,-4.65829204662835,-4.735876634932225,-4.827536004458353,-4.905379598523567,-4.978593983147563,-5.067803605205576,-5.151538074133803,-5.218241170118385
1700000001875000000,11875000000,376,375,375,0,0,,,,0,fist,hold,200.0,dev-0123456789abcdef0123456789abcdef,synthetic-2-fist,29,protocol,synthetic-demo-contract-v1,True,4.910655818456342,5.072562544175729,5.2205545587371365,5.383735873129619,5.548019773826004,5.6996767971941535,5.853724124578625,6.026909311431925
1700000001880000000,11880000000,377,376,376,0,0,,,,0,fist,hold,200.0,dev-0123456789abcdef0123456789abcdef,synthetic-2-fist,29,protocol,synthetic-demo-contract-v1,True,-4.721290376279231,-4.799987294035093,-4.892237969420037,-4.968125840143538,-5.046423755400614,-5.133874655184648,-5.2220481738566615,-5.28908072134456
1700000001885000000,11885000000,378,377,377,0,0,,,,0,fist,hold,200.0,dev-0123456789abcdef0123456789abcdef,synthetic-2-fist,29,protocol,synthetic-demo-contract-v1,True,4.846150019097219,5.006751689598198,5.154360114643354,5.31929668734782,5.478359890447963,5.631820221309089,5.781438988271105,5.954085699716541
1700000001890000000,11890000000,379,378,378,0,0,,,,0,fist,hold,200.0,dev-0123456789abcdef0123456789abcdef,synthetic-2-fist,29,protocol,synthetic-demo-contract-v1,True,-4.786738025851553,-4.866936650650705,-4.959372857610345,-5.033729224545339,-5.117338444767566,-5.202954157726499,-5.295514231603425,-5.363287649767523
1700000001895000000,11895000000,380,379,379,0,0,,,,0,fist,hold,200.0,dev-0123456789abcdef0123456789abcdef,synthetic-2-fist,29,protocol,synthetic-demo-contract-v1,True,4.780332097224241,4.939235067390036,5.0868437439991085,5.2530674477406265,5.406776063385508,5.562090498713707,5.707396052989471,5.879107306624677
1700000001900000000,11900000000,381,380,380,0,0,,,,0,fist,hold,200.0,dev-0123456789abcdef0123456789abcdef,synthetic-2-fist,29,protocol,synthetic-demo-contract-v1,True,-4.8523540370408265,-4.934444762538487,-5.0267094944161625,-5.100040789555033,-5.189000214976062,-5.272756031503896,-5.3695250444756795,-5.438419595248415
1700000001905000000,11905000000,382,381,381,0,0,,,,0,fist,hold,200.0,dev-0123456789abcdef0123456789abcdef,synthetic-2-fist,29,protocol,synthetic-demo-contract-v1,True,4.715485476406626,4.872310742440722,5.0202456324454685,5.187217819026167,5.335628188295156,5.4927951155763735,5.634026303726894,5.804440684796487
1700000001910000000,11910000000,383,382,382,0,0,,,,0,fist,hold,200.0,dev-0123456789abcdef0123456789abcdef,synthetic-2-fist,29,protocol,synthetic-demo-contract-v1,True,-4.915873698770984,-5.000215551170221,-5.092017362085228,-5.1648879494391355,-5.259046600827005,-5.340970503118969,-5.441649863192503,-5.5120061565068115
1700000001915000000,11915000000,384,383,383,0,0,,,,0,fist,hold,200.0,dev-0123456789abcdef0123456789abcdef,synthetic-2-fist,29,protocol,synthetic-demo-contract-v1,True,4.653835378147693,4.808252740985721,4.9567680770275455,5.123905500227844,5.267261788855735,5.426226996658584,5.563740233312663,5.732539714708121
1700000001920000000,11920000000,385,384,384,0,0,,,,0,fist,hold,200.0,dev-0123456789abcdef0123456789abcdef,synthetic-2-fist,29,protocol,synthetic-demo-contract-v1,True,-4.975131441678341,-5.062016882521905,-5.153140656154485,-5.2261455800869605,-5.325168391308525,-5.405340492111732,-5.509518310022219,-5.581630200840776
1700000001925000000,11925000000,386,385,385,0,0,,,,0,fist,hold,200.0,dev-0123456789abcdef0123456789abcdef,synthetic-2-fist,29,protocol,synthetic-demo-contract-v1,True,4.597468374501407,4.749231871314319,4.898502550629245,5.065205616630334,5.2039306921635315,5.364588679944263,5.498848571546144,5.665764863642668
1700000001930000000,11930000000,387,386,386,0,0,,,,0,fist,hold,200.0,dev-0123456789abcdef0123456789abcdef,synthetic-2-fist,29,protocol,synthetic-demo-contract-v1,True,-5.0281380292747215,-5.117758125083241,-5.208069493682317,-5.281805572032655,-5.385185757085397,-5.463736248835559,-5.5708983490616975,-5.645007370439134
1700000001935000000,11935000000,388,387,387,0,0,,,,0,fist,hold,200.0,dev-0123456789abcdef0123456789abcdef,synthetic-2-fist,29,protocol,synthetic-demo-contract-v1,True,4.548259209027215,4.697240489679555,4.847360810873116,5.013042791138882,5.147722727077928,5.3099194842691695,5.441486258413669,5.60630556980435
1700000001940000000,11940000000,389,388,388,0,0,,,,0,fist,hold,200.0,dev-0123456789abcdef0123456789abcdef,synthetic-2-fist,29,protocol,synthetic-demo-contract-v1,True,-5.073149030854088,-5.165562381309756,-5.255005918980469,-5.330042578531054,-5.4371201126778415,-5.514225778275974,-5.623769742528919,-5.700061167857876
1700000001945000000,11945000000,390,389,389,0,0,,,,0,fist,hold,200.0,dev-0123456789abcdef0123456789abcdef,synthetic-2-fist,29,protocol,synthetic-demo-contract-v1,True,4.5078076546071495,4.654023919783514,4.805012321745819,4.9691281152307445,5.100490895011545,5.264028077146881,5.39354216419281,5.556108306227381
1700000001950000000,11950000000,391,390,390,0,0,,,,0,fist,hold,200.0,dev-0123456789abcdef0123456789abcdef,synthetic-2-fist,29,protocol,synthetic-demo-contract-v1,True,-5.108722084163877,-5.2038308054814495,-5.292422543326447,-5.369273809239281,-5.479259344257696,-5.555138722266762,-5.666390574443198,-5.7449911498633774
1700000001955000000,11955000000,392,391,391,0,0,,,,0,fist,hold,200.0,dev-0123456789abcdef0123456789abcdef,synthetic-2-fist,29,protocol,synthetic-demo-contract-v1,True,4.477387598187826,4.621020966953288,4.772830029013461,4.934903080635138,5.063792282249328,5.22843267142325,5.3565968709337435,5.516812691040218
1700000001960000000,11960000000,393,392,392,0,0,,,,0,fist,hold,200.0,dev-0123456789abcdef0123456789abcdef,synthetic-2-fist,29,protocol,synthetic-demo-contract-v1,True,-5.133761079996104,-5.23129673575221,-5.319111916632556,-5.398210913534299,-5.510214252704779,-5.58512158883021,-5.697354650439731,-5.778331986837822
1700000001965000000,11965000000,394,393,393,0,0,,,,0,fist,hold,200.0,dev-0123456789abcdef0123456789abcdef,synthetic-2-fist,29,protocol,synthetic-demo-contract-v1,True,4.457909883055199,4.599315609183407,4.751846237086673,4.911492306543552,5.0388367276670625,5.204310827200517,5.331870565248321,5.4896977446380095
1700000001970000000,11970000000,395,394,394,0,0,,,,0,fist,hold,200.0,dev-0123456789abcdef0123456789abcdef,synthetic-2-fist,29,protocol,synthetic-demo-contract-v1,True,-5.147546084948673,-5.2470677673442685,-5.334225051715298,-5.415902254849579,-5.5289643511718545,-5.603182503389474,-5.715637882033223,-5.799001446764659
1700000001975000000,11975000000,396,395,395,0,0,,,,0,fist,hold,200.0,dev-0123456789abcdef0123456789abcdef,synthetic-2-fist,29,protocol,synthetic-demo-contract-v1,True,4.449899741328142,4.589601512107845,4.7427199859411955,4.899666610872101,5.026446938114627,5.192460517988235,5.320182760227402,5.4756400591755146
1700000001980000000,11980000000,397,396,396,0,0,,,,0,fist,hold,200.0,dev-0123456789abcdef0123456789abcdef,synthetic-2-fist,29,protocol,synthetic-demo-contract-v1,True,-5.149748519602465,-5.250654360261681,-5.3372978941687625,-5.421764190294018,-5.534891507355192,-5.60872400292016,-5.720632125561934,-5.806335728499724
1700000001985000000,11985000000,398,397,397,0,0,,,,0,fist,hold,200.0,dev-0123456789abcdef0123456789abcdef,synthetic-2-fist,29,protocol,synthetic-demo-contract-v1,True,4.453488955790249,4.5921605221669335,4.745716934291607,4.899817637162712,5.027031366335465,5.193273747750307,5.321925175565474,5.475085252580631
1700000001990000000,11990000000,399,398,398,0,0,,,,0,fist,hold,200.0,dev-0123456789abcdef0123456789abcdef,synthetic-2-fist,29,protocol,synthetic-demo-contract-v1,True,-5.140431785429968,-5.24198408890754,-5.328264939896651,-5.415600328064122,-5.527800321389955,-5.6015627892834985,-5.712165358406564,-5.800110986519795
1700000001995000000,11995000000,400,399,399,0,0,,,,0,fist,hold,200.0,dev-0123456789abcdef0123456789abcdef,synthetic-2-fist,29,protocol,synthetic-demo-contract-v1,True,4.46842224106779,4.606855762352067,4.760702333044159,4.9119448720656305,5.040570745552758,5.206723590725173,5.337048672385393,5.488033640978624
1700000002000000000,12000000000,401,400,400,0,0,,,,0,fist,hold,200.0,dev-0123456789abcdef0123456789abcdef,synthetic-2-fist,29,protocol,synthetic-demo-contract-v1,True,-5.120038147204576,-5.221401181287755,-5.307459634041509,-5.397608127133761,-5.50792456757469,-5.581935788960108,-5.690507524322343,-5.780550344852768
1700000002005000000,12005000000,402,401,401,0,0,,,,0,fist,hold,200.0,dev-0123456789abcdef0123456789abcdef,synthetic-2-fist,29,protocol,synthetic-demo-contract-v1,True,4.494076764163393,4.63313940970653,4.787147235522422,4.935655484236918,5.066618724635,5.232365082302083,5.365064677057622,5.514040594465796
1700000002010000000,12010000000,403,402,402,0,0,,,,0,fist,hold,200.0,dev-0123456789abcdef0123456789abcdef,synthetic-2-fist,29,protocol,synthetic-demo-contract-v1,True,-5.089363197448798,-5.189651540094739,-5.275601624742596,-5.368372616656445,-5.475919487561371,-5.550492318943597,-5.656361851065042,-5.748316176409815
1700000002015000000,12015000000,404,403,403,0,0,,,,0,fist,hold,200.0,dev-0123456789abcdef0123456789abcdef,synthetic-2-fist,29,protocol,synthetic-demo-contract-v1,True,4.529493260468616,4.67007469517484,4.824147652785631,4.97017699705933,5.104316582901558,5.269349931494903,5.405061051708262,5.5522315570431875
1700000002020000000,12020000000,405,404,404,0,0,,,,0,fist,hold,200.0,dev-0123456789abcdef0123456789abcdef,synthetic-2-fist,29,protocol,synthetic-demo-contract-v1,True,-5.049519633004952,-5.147853965224273,-5.233771378167789,-5.328847433001935,-5.43284018908046,-5.508272617708012,-5.610841921419746,-5.704487909681385
1700000002025000000,12025000000,406,405,405,0,0,,,,0,fist,hold,200.0,dev-0123456789abcdef0123456789abcdef,synthetic-2-fist,29,protocol,synthetic-demo-contract-v1,True,4.573416861387964,4.716371155574354,4.870455938077539,5.014382388477639,5.15242153946695,5.31645456878688,5.455731893795158,5.601331228177294
1700000002030000000,12030000000,407,406,406,0,0,,,,0,fist,hold,200.0,dev-0123456789abcdef0123456789abcdef,synthetic-2-fist,29,protocol,synthetic-demo-contract-v1,True,-5.001892348303008,-5.097458786781466,-5.183373073341546,-5.280323786675154,-5.380106862327744,-5.456673450764239,-5.555435247523081,-5.650526101713158
1700000002035000000,12035000000,408,407,407,0,0,,,,0,fist,hold,200.0,dev-0123456789abcdef0123456789abcdef,synthetic-2-fist,29,protocol,synthetic-demo-contract-v1,True,4.6243455413927945,4.7704317038599795,4.924523287918888,5.066826805088742,5.209347723852959,5.3721206024145705,5.515420288748993,5.659705936828443
1700000002040000000,12040000000,409,408,408,0,0,,,,0,fist,hold,200.0,dev-0123456789abcdef0123456789abcdef,synthetic-2-fist,29,protocol,synthetic-demo-contract-v1,True,-4.9480869926004285,-5.040195551088228,-5.126087073070933,-5.224388366021781,-5.3194579607202055,-5.397401927482697,-5.491954542571735,-5.588223968724132
1700000002045000000,12045000000,410,409,409,0,0,,,,0,fist,hold,200.0,dev-0123456789abcdef0123456789abcdef,synthetic-2-fist,29,protocol,synthetic-demo-contract-v1,True,4.680584013485003,4.830409684410627,4.9845518913352835,5.125794697691387,5.2732184571952745,5.434506346075146,5.582172613318576,5.725417804256541
1700000002050000000,12050000000,411,410,410,0,0,,,,0,fist,hold,200.0,dev-0123456789abcdef0123456789abcdef,synthetic-2-fist,29,protocol,synthetic-demo-contract-v1,True,-4.889874156313365,-4.978011764179993,-5.063813598723407,-5.162871546731228,-5.252892889505507,-5.332419055471513,-5.422478289006104,-5.519647978757942
1700000002055000000,12055000000,412,411,411,0,0,,,,0,fist,hold,200.0,dev-0123456789abcdef0123456789abcdef,synthetic-2-fist,29,protocol,synthetic-demo-contract-v1,True,4.740300941312368,4.894273758564124,5.048554954416692,5.18935584418772,5.341928120496167,5.501547715125929,5.653802606966431,5.796288903795816
1700000002060000000,12060000000,413,412,412,0,0,,,,0,fist,hold,200.0,dev-0123456789abcdef0123456789abcdef,synthetic-2-fist,29,protocol,synthetic-demo-contract-v1,True,-4.829131259982837,-4.913004975772672,-4.998609511406433,-5.09778759387026,-5.182606091602972,-5.2638748979897025,-5.349282554710205,-5.447069470763046
1700000002065000000,12065000000,414,413,413,0,0,,,,0,fist,hold,200.0,dev-0123456789abcdef0123456789abcdef,synthetic-2-fist,29,protocol,synthetic-demo-contract-v1,True,4.801587474499333,4.959878232187464,5.114422584189501,5.255428434201534,5.413211570319767,5.571026478687103,5.727963106957802,5.869973296869402
1700000002070000000,12070000000,415,414,414,0,0,,,,0,fist,hold,200.0,dev-0123456789abcdef0123456789abcdef,synthetic-2-fist,29,protocol,synthetic-demo-contract-v1,True,-4.7677840405501835,-4.84735067352559,-4.932620311927506,-5.031268806119686,-5.110914703660464,-5.194037477437516,-5.274766297067807,-5.372889559621349
1700000002075000000,12075000000,416,415,415,0,0,,,,0,fist,hold,200.0,dev-0123456789abcdef0123456789abcdef,synthetic-2-fist,29,protocol,synthetic-demo-contract-v1,True,4.862515326498512,5.025036297851696,5.179991340857926,5.321847157588458,5.484718813510868,5.640643611888803,5.80222309027119,5.944034565621352
1700000002080000000,12080000000,417,416,416,0,0,,,,0,fist,hold,200.0,dev-0123456789abcdef0123456789abcdef,synthetic-2-fist,29,protocol,synthetic-demo-contract-v1,True,-4.707749289993192,-4.783228548495261,-4.868009610713676,-4.965495751415245,-5.040182167281454,-5.125217774729974,-5.201372609361257,-5.2995598071731695
1700000002085000000,12085000000,418,417,417,0,0,,,,0,fist,hold,200.0,dev-0123456789abcdef0123456789abcdef,synthetic-2-fist,29,protocol,synthetic-demo-contract-v1,True,4.921192873630251,5.087593621276089,5.243115165708241,5.386434073791433,5.554092479144485,5.7080953238572905,5.874147490452921,6.016026282197249
1700000002090000000,12090000000,419,418,418,0,0,,,,0,fist,hold,200.0,dev-0123456789abcdef0123456789abcdef,synthetic-2-fist,29,protocol,synthetic-demo-contract-v1,True,-4.650880229402297,-4.722749687892211,-4.8068883829921845,-4.902625872741563,-4.9727403137220465,-5.059693303492247,-5.131508497918368,-5.229501277965784
1700000002095000000,12095000000,420,419,419,0,0,,,,0,fist,hold,200.0,dev-0123456789abcdef0123456789abcdef,synthetic-2-fist,29,protocol,synthetic-demo-contract-v1,True,4.9758180316039,5.145499753222561,5.301735365778914,5.447069946198131,5.619045533697494,5.771149248485758,5.941377165813014,6.083572758833189
1700000002100000000,12100000000,421,420,420,0,0,,,,0,fist,hold,200.0,dev-0123456789abcdef0123456789abcdef,synthetic-2-fist,29,protocol,synthetic-demo-contract-v1,True,-4.598915624924628,-4.667887154411605,-4.751246312812639,-4.844722798096283,-4.9108124906825985,-4.999632785247768,-5.06746582718547,-5.165024650729416
1700000002105000000,12105000000,422,421,421,0,0,,,,0,fist,hold,200.0,dev-0123456789abcdef0123456789abcdef,synthetic-2-fist,29,protocol,synthetic-demo-contract-v1,True,5.024726935332061,5.196874988351543,5.3539473857032736,5.501763708389041,5.677436677415357,5.827718279511729,6.001706389944136,6.144447414657626
1700000002110000000,12110000000,423,422,422,0,0,,,,0,fist,hold,200.0,dev-0123456789abcdef0123456789abcdef,synthetic-2-fist,29,protocol,synthetic-demo-contract-v1,True,-4.553433495179442,-4.620412229821783,-4.702887443237466,-4.7936886677469595,-4.85644026546407,-4.9470244155379675,-5.011346031915634,-5.1082540207552976
1700000002115000000,12115000000,424,423,423,0,0,,,,0,fist,hold,200.0,dev-0123456789abcdef0123456789abcdef,synthetic-2-fist,29,protocol,synthetic-demo-contract-v1,True,5.066437687134313,5.240070512800504,5.398062219407982,5.54871778807266,5.72734093629077,5.875929609111907,6.0531553166285095,6.196646174723479
1700000002120000000,12120000000,425,424,424,0,0,,,,0,fist,hold,200.0,dev-0123456789abcdef0123456789abcdef,synthetic-2-fist,29,protocol,synthetic-demo-contract-v1,True,-4.515810042039257,-4.581838344497424,-4.66337219293991,-4.7512016954422815,-4.811416120857538,-4.903610092408885,-4.964991072150201,-5.0610569056168835
1700000002125000000,12125000000,426,425,425,0,0,,,,0,fist,hold,200.0,dev-0123456789abcdef0123456789abcdef,synthetic-2-fist,29,protocol,synthetic-demo-contract-v1,True,5.099688631407452,5.273719970793486,5.432660504764548,5.586387147751929,5.767113122456661,5.914186687564073,6.0940350361201565,6.238453481622747
1700000002130000000,12130000000,427,426,426,0,0,,,,0,fist,hold,200.0,dev-0123456789abcdef0123456789abcdef,synthetic-2-fist,29,protocol,synthetic-demo-contract-v1,True,-4.487184270633246,-4.553374396922278,-4.633967577450103,-4.718661011271755,-4.777224362573596,-4.870827781834732,-4.929922901694989,-5.0249827611056075
1700000002135000000,12135000000,428,427,427,0,0,,,,0,fist,hold,200.0,dev-0123456789abcdef0123456789abcdef,synthetic-2-fist,29,protocol,synthetic-demo-contract-v1,True,5.123470751688816,5.296780923737912,5.456637595891304,5.613530104493548,5.795442070902231,5.941222055289251,6.123003083132944,6.268498744637386
1700000002140000000,12140000000,429,428,428,0,0,,,,0,fist,hold,200.0,dev-0123456789abcdef0123456789abcdef,synthetic-2-fist,29,protocol,synthetic-demo-contract-v1,True,-4.468428655037349,-4.535888802329005,-4.615607194294577,-4.697140597821873,-4.754992186309575,-4.8497639259202945,-4.907293441087729,-5.001212032645048
1700000002145000000,12145000000,430,429,429,0,0,,,,0,fist,hold,200.0,dev-0123456789abcdef0123456789abcdef,synthetic-2-fist,29,protocol,synthetic-demo-contract-v1,True,5.137053867666387,5.308565057953869,5.469238211784298,5.629249258027445,5.811393864496561,5.956139300057577,6.1391075706272344,6.285801367662607
1700000002150000000,12150000000,431,430,430,0,0,,,,0,fist,hold,200.0,dev-0123456789abcdef0123456789abcdef,synthetic-2-fist,29,protocol,synthetic-demo-contract-v1,True,-4.460126150637925,-4.529885213057085,-4.608862204898948,-4.68735383577364,-4.745452517620775,-4.8411174680050735,-4.897846700818636,-4.99051741910741
1700000002155000000,12155000000,432,431,431,0,0,,,,0,fist,hold,200.0,dev-0123456789abcdef0123456789abcdef,synthetic-2-fist,29,protocol,synthetic-demo-contract-v1,True,5.140006341495576,5.308756403719314,5.470079605974596,5.633021178156352,5.814442622325462,5.958442751364788,6.141818497349838,6.289802874654245
1700000002160000000,12160000000,433,432,432,0,0,,,,0,fist,hold,200.0,dev-0123456789abcdef0123456789abcdef,synthetic-2-fist,29,protocol,synthetic-demo-contract-v1,True,-4.462553842760091,-4.535490440634454,-4.6139241833481,-4.689629829697931,-4.748919849649393,-4.845176685036071,-4.901894301157925,-4.993238622388043
1700000002165000000,12165000000,434,433,433,0,0,,,,0,fist,hold,200.0,dev-0123456789abcdef0123456789abcdef,synthetic-2-fist,29,protocol,synthetic-demo-contract-v1,True,5.132207997712673,5.297417243085146,5.459162578442237,5.624713868671043,5.804487836346074,5.948053929100188,6.13104519874459,6.280385077634671
1700000002170000000,12170000000,435,434,434,0,0,,,,0,fist,hold,200.0,dev-0123456789abcdef0123456789abcdef,synthetic-2-fist,29,protocol,synthetic-demo-contract-v1,True,-4.475673538173624,-4.552454696353783,-4.630600314894567,-4.7039023007432705,-4.765279875265875,-4.86180959445567,-4.919305194502343,-5.009271410621611
1700000002175000000,12175000000,436,435,435,0,0,,,,0,fist,hold,200.0,dev-0123456789abcdef0123456789abcdef,synthetic-2-fist,29,protocol,synthetic-demo-contract-v1,True,5.113855937016017,5.274981792028395,5.436870045743332,5.604591423745962,5.781857684823774,5.925314201252986,6.107139366441169,6.257873693269745
1700000002180000000,12180000000,437,436,436,0,0,,,,0,fist,hold,200.0,dev-0123456789abcdef0123456789abcdef,synthetic-2-fist,29,protocol,synthetic-demo-contract-v1,True,-4.4991296318489455,-4.580163867526248,-4.658321028041704,-4.729711422665605,-4.79399325541869,-4.890468254340543,-4.9495099291693885,-5.038071350251069
1700000002185000000,12185000000,438,437,437,0,0,,,,0,fist,hold,200.0,dev-0123456789abcdef0123456789abcdef,synthetic-2-fist,29,protocol,synthetic-demo-contract-v1,True,5.085462902097058,5.242238130375524,5.403953285512623,5.573305711153311,5.747298213317672,5.890973561087911,6.070883536057111,6.223027294488234
1700000002190000000,12190000000,439,438,438,0,0,,,,0,fist,hold,200.0,dev-0123456789abcdef0123456789abcdef,synthetic-2-fist,29,protocol,synthetic-demo-contract-v1,True,-4.532254594337858,-4.617663173422138,-4.696159745862774,-4.766218554584507,-4.834113399461775,-4.930206816440442,-4.991519315408302,-5.0786720778869
1700000002195000000,12195000000,440,439,439,0,0,,,,0,fist,hold,200.0,dev-0123456789abcdef0123456789abcdef,synthetic-2-fist,29,protocol,synthetic-demo-contract-v1,True,5.0478478550575225,5.20029920869812,5.361506364485657,5.53187534094293,5.70194873988389,5.8461658929121665,6.023465420897785,6.177011967700683
1700000002200000000,12200000000,441,440,440,0,0,,,,0,fist,hold,200.0,dev-0123456789abcdef0123456789abcdef,synthetic-2-fist,29,protocol,synthetic-demo-contract-v1,True,-4.574082404469341,-4.663691208983622,-4.742864057499494,-4.812233401767277,-4.884317671297686,-4.979712737266465,-5.043956880796073,-5.129717502997881
1700000002205000000,12205000000,442,441,441,0,0,,,,0,fist,hold,200.0,dev-0123456789abcdef0123456789abcdef,synthetic-2-fist,29,protocol,synthetic-demo-contract-v1,True,5.002118470499527,5.150564075300219,5.310929632643729,5.481652594637007,5.647304295310437,5.792371542101817,5.966438934586907,6.121362517915304
1700000002210000000,12210000000,443,442,442,0,0,,,,0,fist,hold,200.0,dev-0123456789abcdef0123456789abcdef,synthetic-2-fist,29,protocol,synthetic-demo-contract-v1,True,-4.623370179669407,-4.716723094355605,-4.796897251468387,-4.866252728433418,-4.942950992567157,-5.03735011748121,-5.10510404872912,-5.189506872788244
1700000002215000000,12215000000,444,443,443,0,0,,,,0,fist,hold,200.0,dev-0123456789abcdef0123456789abcdef,synthetic-2-fist,29,protocol,synthetic-demo-contract-v1,True,4.949645351859427,5.094670731002478,5.2538835085010085,5.424279384865106,5.585166336612025,5.731368424704622,5.901673183389128,6.057931507881957
1700000002220000000,12220000000,445,444,444,0,0,,,,0,fist,hold,200.0,dev-0123456789abcdef0123456789abcdef,synthetic-2-fist,29,protocol,synthetic-demo-contract-v1,True,-4.678628119153636,-4.775021210428916,-4.856488829491183,-4.926509367368867,-5.00808040542386,-5.101213738916104,-5.17295655532954,-5.25605120630272
1700000002225000000,12225000000,446,445,445,0,0,,,,0,fist,hold,200.0,dev-0123456789abcdef0123456789abcdef,synthetic-2-fist,29,protocol,synthetic-demo-contract-v1,True,4.8920279507803865,5.034442229556317,5.192234081525132,5.361633675779314,5.517583358607318,5.665173290822775,5.831291104591713,5.988827818682823
1700000002230000000,12230000000,447,446,446,0,0,,,,0,fist,hold,200.0,dev-0123456789abcdef0123456789abcdef,synthetic-2-fist,29,protocol,synthetic-demo-contract-v1,True,-4.738157667220779,-4.836691818891159,-4.919692342783226,-4.991029932478217,-5.077558796129679,-5.169192014831954,-5.245290250526874,-5.327139229854649
1700000002235000000,12235000000,448,447,447,0,0,,,,0,fist,hold,200.0,dev-0123456789abcdef0123456789abcdef,synthetic-2-fist,29,protocol,synthetic-demo-contract-v1,True,4.831052412764773,4.971827794359719,5.127992308227671,5.295768108708288,5.446783361429762,5.595975081582633,5.7575997677760204,5.916346764696144
1700000002240000000,12240000000,449,448,448,0,0,,,,0,fist,hold,200.0,dev-0123456789abcdef0123456789abcdef,synthetic-2-fist,29,protocol,synthetic-demo-contract-v1,True,-4.8000975264003545,-4.899745741472749,-4.984448670257907,-5.057699353417068,-5.149095678702284,-5.239036774236957,-5.319734120513654,-5.400410632656812
1700000002245000000,12245000000,450,449,449,0,0,,,,0,fist,hold,200.0,dev-0123456789abcdef0123456789abcdef,synthetic-2-fist,29,protocol,synthetic-demo-contract-v1,True,4.768641881428555,4.908840816998659,5.063248771264216,5.228842834991345,5.375100400307708,5.526062581057244,5.683014629927918,5.8428940741959705
1700000002250000000,12250000000,451,450,450,0,0,,,,0,fist,hold,200.0,dev-0123456789abcdef0123456789abcdef,synthetic-2-fist,29,protocol,synthetic-demo-contract-v1,True,-4.862476812949271,-4.962161206876244,-5.048652696339074,-5.1243301255996,-5.22033270509866,-5.308437574927117,-5.393848131358308,-5.4734342203753075
1700000002255000000,12255000000,452,451,451,0,0,,,,0,fist,hold,200.0,dev-0123456789abcdef0123456789abcdef,synthetic-2-fist,29,protocol,synthetic-demo-contract-v1,True,4.706800154726917,4.847495641195052,5.00010610049436,5.1630547502707,5.30489763903863,5.45774875337348,5.609980234089911,5.770906248842145
1700000002260000000,12260000000,453,452,452,0,0,,,,0,fist,hold,200.0,dev-0123456789abcdef0123456789abcdef,synthetic-2-fist,29,protocol,synthetic-demo-contract-v1,True,-4.923274267633406,-5.021946963264675,-5.110221249483098,-5.188734011651658,-5.288921412599303,-5.375098089896675,-5.465203335104482,-5.543788383170564
1700000002265000000,12265000000,454,453,453,0,0,,,,0,fist,hold,200.0,dev-0123456789abcdef0123456789abcdef,synthetic-2-fist,29,protocol,synthetic-demo-contract-v1,True,4.647549978515029,4.789745019774066,4.940611217915734,5.100565445316349,5.238489443844525,5.393294265160509,5.54088995810773,5.702769934306479
1700000002270000000,12270000000,455,454,454,0,0,,,,0,fist,hold,200.0,dev-0123456789abcdef0123456789abcdef,synthetic-2-fist,29,protocol,synthetic-demo-contract-v1,True,-4.980482037065687,-5.0772037957253096,-5.167160133520192,-5.248793847031061,-5.352600645304066,-5.436812042845892,-5.531461605403113,-5.609141218942983
1700000002275000000,12275000000,456,455,455,0,0,,,,0,fist,hold,200.0,dev-0123456789abcdef0123456789abcdef,synthetic-2-fist,29,protocol,synthetic-demo-contract-v1,True,4.592867658814579,4.737420066279669,4.886689563322318,5.043430233645272,5.1780650859312845,5.3348327208386515,5.478007451127668,5.64074296635858
1700000002280000000,12280000000,457,456,456,0,0,,,,0,fist,hold,200.0,dev-0123456789abcdef0123456789abcdef,synthetic-2-fist,29,protocol,synthetic-demo-contract-v1,True,-5.032172154269273,-5.1261826773228405,-5.217628122868553,-5.302533095913006,-5.409271097394342,-5.491536182978501,-5.590452382054906,-5.667327664454791
1700000002285000000,12285000000,458,457,457,0,0,,,,0,fist,hold,200.0,dev-0123456789abcdef0123456789abcdef,synthetic-2-fist,29,protocol,synthetic-demo-contract-v1,True,4.544616043346374,4.692174411765469,4.840083385146674,4.993530584170395,5.125616568040859,5.284300082092239,5.423392339837608,5.586879700850881
1700000002290000000,12290000000,459,458,458,0,0,,,,0,fist,hold,200.0,dev-0123456789abcdef0123456789abcdef,synthetic-2-fist,29,protocol,synthetic-demo-contract-v1,True,-5.076563503466666,-5.167337913993061,-5.259995897826422,-5.348180873885027,-5.457064520702513,-5.537457886665302,-5.64024390237639,-5.716421086348363
1700000002295000000,12295000000,460,459,459,0,0,,,,0,fist,hold,200.0,dev-0123456789abcdef0123456789abcdef,synthetic-2-fist,29,protocol,synthetic-demo-contract-v1,True,4.504478232997287,4.65543412652555,4.802296043964038,4.95251217879235,5.08287295432977,5.243370605059765,5.378832645849991,5.54296309405285
1700000002300000000,12300000000,461,460,460,0,0,,,,0,fist,hold,200.0,dev-0123456789abcdef0123456789abcdef,synthetic-2-fist,29,protocol,synthetic-demo-contract-v1,True,-5.11208678534197,-5.199373811980916,-5.2928980637911,-5.384230299338829,-5.494405315030829,-5.573055150649606,-5.6792065787962605,-5.754796967535151
1700000002305000000,12305000000,462,461,461,0,0,,,,0,fist,hold,200.0,dev-0123456789abcdef0123456789abcdef,synthetic-2-fist,29,protocol,synthetic-demo-contract-v1,True,4.4738946039086125,4.6283547818315185,4.774544079225055,4.921730633643064,5.051243368513245,5.213401413848955,5.345786134730266,5.5104457763857
1700000002310000000,12310000000,463,462,462,0,0,,,,0,fist,hold,200.0,dev-0123456789abcdef0123456789abcdef,synthetic-2-fist,29,protocol,synthetic-demo-contract-v1,True,-5.13744483454001,-5.221283596029451,-5.315276622822374,-5.409488251057526,-5.520062470778905,-5.597146992447025,-5.706066440562634,-5.781186585923658
1700000002315000000,12315000000,464,463,463,0,0,,,,0,fist,hold,200.0,dev-0123456789abcdef0123456789abcdef,synthetic-2-fist,29,protocol,synthetic-demo-contract-v1,True,4.454005823758883,4.611786813863258,4.757718539370395,4.902206674409284,5.031770539448476,5.195387544030293,5.325332523253167,5.490402065183099
1700000002320000000,12320000000,465,464,464,0,0,,,,0,fist,hold,200.0,dev-0123456789abcdef0123456789abcdef,synthetic-2-fist,29,protocol,synthetic-demo-contract-v1,True,-5.151665605055775,-5.232379531374626,-5.326414540226386,-5.42311488844051,-5.533190151493265,-5.6089325901683855,-5.719946884385799,-5.794718913350737
1700000002325000000,12325000000,466,465,465,0,0,,,,0,fist,hold,200.0,dev-0123456789abcdef0123456789abcdef,synthetic-2-fist,29,protocol,synthetic-demo-contract-v1,True,4.445604510985017,4.6062501165808305,4.7523567795489114,4.8945922488175455,5.025096425614292,5.189928944180816,5.318138114199056,5.483492500475277
1700000002330000000,12330000000,467,466,466,0,0,,,,0,fist,hold,200.0,dev-0123456789abcdef0123456789abcdef,synthetic-2-fist,29,protocol,synthetic-demo-contract-v1,True,-5.1541452479720045,-5.232313447286473,-5.325958364113469,-5.424651624062699,-5.533355578458815,-5.608017865724625,-5.7203973634908785,-5.794949351949354
1700000002335000000,12335000000,468,467,467,0,0,,,,0,fist,hold,200.0,dev-0123456789abcdef0123456789abcdef,synthetic-2-fist,29,protocol,synthetic-demo-contract-v1,True,4.4490980010912375,4.611918537666521,4.758625599002147,4.899148702909576,5.0314410517410675,5.197210528745128,5.324434019145057,5.489942073905288
1700000002340000000,12340000000,469,468,468,0,0,,,,0,fist,hold,200.0,dev-0123456789abcdef0123456789abcdef,synthetic-2-fist,29,protocol,synthetic-demo-contract-v1,True,-5.1446789669111785,-5.221087119169504,-5.313929202340099,-5.414036615012824,-5.520553298064121,-5.594428629987699,-5.707408074248316,-5.7818743601707245
1700000002345000000,12345000000,470,469,469,0,0,,,,0,fist,hold,200.0,dev-0123456789abcdef0123456789abcdef,synthetic-2-fist,29,protocol,synthetic-demo-contract-v1,True,4.464484347785934,4.628614686987097,4.776316232106685,4.915737753765795,5.050595255281151,5.216995944483977,5.344008682719809,5.509532868403125
1700000002350000000,12350000000,471,470,470,0,0,,,,0,fist,hold,200.0,dev-0123456789abcdef0123456789abcdef,synthetic-2-fist,29,protocol,synthetic-demo-contract-v1,True,-5.123477746307383,-5.199052235101054,-5.290721728168801,-5.391607247433667,-5.4952053615899965,-5.568609852294749,-5.681410160142575,-5.7559314869176985
1700000002355000000,12355000000,472,471,471,0,0,,,,0,fist,hold,200.0,dev-0123456789abcdef0123456789abcdef,synthetic-2-fist,29,protocol,synthetic-demo-contract-v1,True,4.4913432071403285,4.655815195170498,4.804851334111167,4.943825572683812,5.08192758184613,5.248635259821761,5.3762149513892155,5.541611350104503
1700000002360000000,12360000000,473,472,472,0,0,,,,0,fist,hold,200.0,dev-0123456789abcdef0123456789abcdef,synthetic-2-fist,29,protocol,synthetic-demo-contract-v1,True,-5.091169592113898,-5.166899946352089,-5.257091262105508,-5.358089514585209,-5.458147411494262,-5.531411075040756,-5.643261429171264,-5.7179848143473935
1700000002365000000,12365000000,474,473,473,0,0,,,,0,fist,hold,200.0,dev-0123456789abcdef0123456789abcdef,synthetic-2-fist,29,protocol,synthetic-demo-contract-v1,True,4.528842649593885,4.692666285585551,4.84330372618555,4.982499863162031,5.124405102289801,5.291086326439263,5.41999145150593,5.585110069924725
1700000002370000000,12370000000,475,474,474,0,0,,,,0,fist,hold,200.0,dev-0123456789abcdef0123456789abcdef,synthetic-2-fist,29,protocol,synthetic-demo-contract-v1,True,-5.0487845795052895,-5.125640275212763,-5.214129351212943,-5.314574618644156,-5.410601132884563,-5.484058451871484,-5.594218057160795,-5.669296291949485
1700000002375000000,12375000000,476,475,475,0,0,,,,0,fist,hold,200.0,dev-0123456789abcdef0123456789abcdef,synthetic-2-fist,29,protocol,synthetic-demo-contract-v1,True,4.575762246470663,4.7380092509360505,4.89042629599076,5.0304993914385445,5.176627465162566,5.342949110677508,5.473897570829372,5.638583056163906
1700000002380000000,12380000000,477,476,476,0,0,,,,0,fist,hold,200.0,dev-0123456789abcdef0123456789abcdef,synthetic-2-fist,29,protocol,synthetic-demo-contract-v1,True,-4.997723734212123,-5.076571922636852,-5.163228627373744,-5.262483546255539,-5.354133978368272,-5.428114330044388,-5.535893210263786,-5.611483910589945
1700000002385000000,12385000000,478,477,477,0,0,,,,0,fist,hold,200.0,dev-0123456789abcdef0123456789abcdef,synthetic-2-fist,29,protocol,synthetic-demo-contract-v1,True,4.630532021766519,4.790415160578084,4.944692100775559,5.086255017784251,5.236873061933928,5.402511863645567,5.536160890489194,5.700253727241487
1700000002390000000,12390000000,479,478,478,0,0,,,,0,fist,hold,200.0,dev-0123456789abcdef0123456789abcdef,synthetic-2-fist,29,protocol,synthetic-demo-contract-v1,True,-4.939712543133869,-5.021243278003303,-5.106038061549988,-5.203520763779686,-5.290607494025659,-5.365425709267337,-5.470203949905793,-5.546468099943341
1700000002395000000,12395000000,480,479,479,0,0,,,,0,fist,hold,200.0,dev-0123456789abcdef0123456789abcdef,synthetic-2-fist,29,protocol,synthetic-demo-contract-v1,True,4.691286089026514,4.8482278714624165,5.00434340061335,5.147940897709529,5.303155783059601,5.467807607522046,5.604735505138049,5.768073740064423
1700000002400000000,12400000000,481,480,480,0,0,,,,0,fist,hold,200.0,dev-0123456789abcdef0123456789abcdef,synthetic-2-fist,29,protocol,synthetic-demo-contract-v1,True,-4.876740651320834,-4.961405678631021,-5.0444100318726415,-5.1396185372000645,-5.2221159500379395,-5.298063277148865,-5.399308168528202,-5.476408121770392
1700000002405000000,12405000000,482,481,481,0,0,,,,0,fist,hold,200.0,dev-0123456789abcdef0123456789abcdef,synthetic-2-fist,29,protocol,synthetic-demo-contract-v1,True,4.755929052671072,4.9096141794625225,5.06744806950073,5.213534186207516,5.373290493822629,5.536679074341077,5.677369311281472,5.8397908282770405
1700000002410000000,12410000000,483,482,482,0,0,,,,0,fist,hold,200.0,dev-0123456789abcdef0123456789abcdef,synthetic-2-fist,29,protocol,synthetic-demo-contract-v1,True,-4.810990010543713,-4.898960192265479,-4.980340880257352,-5.072873691925047,-5.150917299127079,-5.228253033141986,-5.325533631963548,-5.403630561989553
1700000002415000000,12415000000,484,483,483,0,0,,,,0,fist,hold,200.0,dev-0123456789abcdef0123456789abcdef,synthetic-2-fist,29,protocol,synthetic-demo-contract-v1,True,4.822212588342571,4.972619734219948,5.13196160016519,5.280881296232469,5.444965071414096,5.606849953837834,5.751678049249295,5.913023387645523
1700000002420000000,12420000000,485,484,484,0,0,,,,0,fist,hold,200.0,dev-0123456789abcdef0123456789abcdef,synthetic-2-fist,29,protocol,synthetic-demo-contract-v1,True,-4.744754355643791,-4.8358993960069405,-4.915906837354007,-5.00547887895363,-5.079358738892453,-5.158302758229373,-5.251301463410907,-5.330552285533096
1700000002425000000,12425000000,486,485,485,0,0,,,,0,fist,hold,200.0,dev-0123456789abcdef0123456789abcdef,synthetic-2-fist,29,protocol,synthetic-demo-contract-v1,True,4.887819069429101,5.03522915521181,5.195792741657751,5.347768544157371,5.515816628415405,5.676000097946821,5.82522366266761,5.985339342900599
1700000002430000000,12430000000,487,486,486,0,0,,,,0,fist,hold,200.0,dev-0123456789abcdef0123456789abcdef,synthetic-2-fist,29,protocol,synthetic-demo-contract-v1,True,-4.6803533598663725,-4.774245794293015,-4.853197342704248,-4.939650597718987,-5.009799332022015,-5.090525758462657,-5.1790465862346045,-5.259600400951813
1700000002435000000,12435000000,488,487,487,0,0,,,,0,fist,hold,200.0,dev-0123456789abcdef0123456789abcdef,synthetic-2-fist,29,protocol,synthetic-demo-contract-v1,True,4.950448712101623,5.095428635348351,5.256870692589319,5.411994867267158,5.583509409831517,5.741842198215277,5.89559439788348,6.054336688857164
1700000002440000000,12440000000,489,488,488,0,0,,,,0,fist,hold,200.0,dev-0123456789abcdef0123456789abcdef,synthetic-2-fist,29,protocol,synthetic-demo-contract-v1,True,-4.620045128432544,-4.715988650747008,-4.794247871432313,-4.877556336204867,-4.944532235348527,-5.027164401174578,-5.111137742205079,-5.193131880597841
1700000002445000000,12445000000,490,489,489,0,0,,,,0,fist,hold,200.0,dev-0123456789abcdef0123456789abcdef,synthetic-2-fist,29,protocol,synthetic-demo-contract-v1,True,5.007906495168522,5.151269206834603,5.313211720864419,5.471444226414055,5.645811795652761,5.802197403068519,5.960484009226538,6.1177230432219885
1700000002450000000,12450000000,491,490,490,0,0,,,,0,fist,hold,200.0,dev-0123456789abcdef0123456789abcdef,synthetic-2-fist,29,protocol,synthetic-demo-contract-v1,True,-4.565940809789873,-4.663021098268764,-4.740974397915456,-4.821243221878455,-4.8857091016163885,-4.9703159702153,-5.049799715078955,-5.133355493706367
1700000002455000000,12455000000,492,491,491,0,0,,,,0,fist,hold,200.0,dev-0123456789abcdef0123456789abcdef,synthetic-2-fist,29,protocol,synthetic-demo-contract-v1,True,5.058185089040343,5.2009287777959505,5.362983094722144,5.524155313304709,5.700669870410746,5.855067376190876,6.017767466108096,6.173391581020925
1700000002460000000,12460000000,493,492,492,0,0,,,,0,fist,hold,200.0,dev-0123456789abcdef0123456789abcdef,synthetic-2-fist,29,protocol,synthetic-demo-contract-v1,True,-4.5199250270366536,-4.6170794334065794,-4.695111579900577,-4.772570531359919,-4.835269146197197,-4.921863290656678,-4.997040316156337,-5.082258633433231
1700000002465000000,12465000000,494,493,493,0,0,,,,0,fist,hold,200.0,dev-0123456789abcdef0123456789abcdef,synthetic-2-fist,29,protocol,synthetic-demo-contract-v1,True,5.0995402032196795,5.242771032216957,5.404562289595724,5.568386266457398,5.746275134369444,5.898700414151321,6.065570673751968,6.219490839954618
1700000002470000000,12470000000,495,494,494,0,0,,,,0,fist,hold,200.0,dev-0123456789abcdef0123456789abcdef,synthetic-2-fist,29,protocol,synthetic-demo-contract-v1,True,-4.483585561051653,-4.579686490272973,-4.658156634658543,-4.7331482838908965,-4.794875217203343,-4.883412416547339,-4.954584531084731,-5.041541457400635
1700000002475000000,12475000000,496,495,495,0,0,,,,0,fist,hold,200.0,dev-0123456789abcdef0123456789abcdef,synthetic-2-fist,29,protocol,synthetic-demo-contract-v1,True,5.13055512468192,5.275399324113333,5.436589578560176,5.602672260044133,5.78112412412452,5.93164943696632,6.102331916992888,6.2544860882889255
1700000002480000000,12480000000,497,496,496,0,0,,,,0,fist,hold,200.0,dev-0123456789abcdef0123456789abcdef,synthetic-2-fist,29,protocol,synthetic-demo-contract-v1,True,-4.45815526722719,-4.552100922601798,-4.631320705155117,-4.704283947447977,-4.7658589765687305,-4.856239442648324,-4.923817990897993,-5.012560519885321
1700000002485000000,12485000000,498,497,497,0,0,,,,0,fist,hold,200.0,dev-0123456789abcdef0123456789abcdef,synthetic-2-fist,29,protocol,synthetic-demo-contract-v1,True,5.150191749163661,5.29770379232709,5.458012316844033,5.625874060511117,5.80406797710559,5.952819933115178,6.126853009546145,6.277210225429445
1700000002490000000,12490000000,499,498,498,0,0,,,,0,fist,hold,200.0,dev-0123456789abcdef0123456789abcdef,synthetic-2-fist,29,protocol,synthetic-demo-contract-v1,True,-4.444468605947802,-4.535274097969943,-4.6154892839008115,-4.686939023068503,-4.749176999305515,-4.841248200298055,-4.905741622879312,-4.996283760417619
1700000002495000000,12495000000,500,499,499,0,0,,,,0,fist,hold,200.0,dev-0123456789abcdef0123456789abcdef,synthetic-2-fist,29,protocol,synthetic-demo-contract-v1,True,5.1578260722144185,5.308900076081934,5.468119487111026,5.637215939617339,5.814350305994236,5.9615062717782905,6.138338470444232,6.286902530927744
1700000002500000000,12500000000,501,500,500,0,0,,,,0,fist,hold,200.0,dev-0123456789abcdef0123456789abcdef,synthetic-2-fist,29,protocol,synthetic-demo-contract-v1,True,-4.442934449007762,-4.52981612546619,-4.6111929818972985,-4.681696951127719,-4.7453792382075175,-4.838940238562212,-4.900938968453825,-4.993258338586017
1700000002505000000,12505000000,502,501,501,0,0,,,,0,fist,hold,200.0,dev-0123456789abcdef0123456789abcdef,synthetic-2-fist,29,protocol,synthetic-demo-contract-v1,True,5.153266867175138,5.308558222727836,5.46656537438939,5.636311679821681,5.811632134456292,5.957415178833862,6.136421443769769,6.283233978916533
1700000002510000000,12510000000,503,502,502,0,0,,,,0,fist,hold,200.0,dev-0123456789abcdef0123456789abcdef,synthetic-2-fist,29,protocol,synthetic-demo-contract-v1,True,-4.453526032836225,-4.535972298965873,-4.618589608261316,-4.688743413385802,-4.754590893620787,-4.8493980864585104,-4.9095572380889765,-5.003592380633726
1700000002515000000,12515000000,504,503,503,0,0,,,,0,fist,hold,200.0,dev-0123456789abcdef0123456789abcdef,synthetic-2-fist,29,protocol,synthetic-demo-contract-v1,True,5.136757087851843,5.296620645053878,5.453381578607642,5.6231777974776875,5.796003072135014,5.940675596764499,6.121175514391756,6.266318278630606
1700000002520000000,12520000000,505,504,504,0,0,,,,0,fist,hold,200.0,dev-0123456789abcdef0123456789abcdef,synthetic-2-fist,29,protocol,synthetic-demo-contract-v1,True,-4.475788111441447,-4.553610946692766,-4.63745817234339,-4.707859698672791,-4.776508285978427,-4.872282353681857,-4.931302720855438,-5.0269512439905855
1700000002525000000,12525000000,506,505,505,0,0,,,,0,fist,hold,200.0,dev-0123456789abcdef0123456789abcdef,synthetic-2-fist,29,protocol,synthetic-demo-contract-v1,True,5.108958347048359,5.273408300956992,5.428976938456118,5.598233528341604,5.7679783605004555,5.911834598114069,6.093112036752574,6.23670827309841
1700000002530000000,12530000000,507,506,506,0,0,,,,0,fist,hold,200.0,dev-0123456789abcdef0123456789abcdef,synthetic-2-fist,29,protocol,synthetic-demo-contract-v1,True,-4.508860564848219,-4.582223340301609,-4.667205045190806,-4.73842937137448,-4.810408867169367,-4.9068427703582085,-4.965450693777177,-5.062568426368551
1700000002535000000,12535000000,508,507,507,0,0,,,,0,fist,hold,200.0,dev-0123456789abcdef0123456789abcdef,synthetic-2-fist,29,protocol,synthetic-demo-contract-v1,True,5.0709195917198056,5.239614625558038,5.394125321595677,5.562287554741956,5.728481886944157,5.871839482662449,6.053163070562941,6.195377811726525
1700000002540000000,12540000000,509,508,508,0,0,,,,0,fist,hold,200.0,dev-0123456789abcdef0123456789abcdef,synthetic-2-fist,29,protocol,synthetic-demo-contract-v1,True,-4.551516987421794,-4.620935942021792,-4.7068821325042896,-4.779458044477516,-4.855175040697461,-4.951942806007034,-5.01086949893718,-5.109270762288354
1700000002545000000,12545000000,510,509,509,0,0,,,,0,fist,hold,200.0,dev-0123456789abcdef0123456789abcdef,synthetic-2-fist,29,protocol,synthetic-demo-contract-v1,True,5.024031778775743,5.196287135201926,5.349941621355307,5.516511890124907,5.678815727091556,5.822006644847804,6.002650490840728,6.143689692382895
1700000002550000000,12550000000,511,510,510,0,0,,,,0,fist,hold,200.0,dev-0123456789abcdef0123456789abcdef,synthetic-2-fist,29,protocol,synthetic-demo-contract-v1,True,-4.6022161542740125,-4.668534867395182,-4.755216528693748,-4.829605627201566,-4.90933100535449,-5.006097059291662,-5.066057990215775,-5.1655170778668404
1700000002555000000,12555000000,512,511,511,0,0,,,,0,fist,hold,200.0,dev-0123456789abcdef0123456789abcdef,synthetic-2-fist,29,protocol,synthetic-demo-contract-v1,True,4.969970916815958,5.144797032226054,5.297846677034925,5.462403760221711,5.620617219427079,5.76397823509377,5.943242294486394,6.08335072887363
1700000002560000000,12560000000,513,512,512,0,0,,,,0,fist,hold,200.0,dev-0123456789abcdef0123456789abcdef,synthetic-2-fist,29,protocol,synthetic-demo-contract-v1,True,-4.6591637743081735,-4.723502026682114,-4.810650753200536,-4.887230005411842,-4.9710914077860195,-5.067520188098866,-5.129195111863891,-5.229449029961305
1700000002565000000,12565000000,514,513,513,0,0,,,,0,fist,hold,200.0,dev-0123456789abcdef0123456789abcdef,synthetic-2-fist,29,protocol,synthetic-demo-contract-v1,True,4.910632251733446,5.086797555245096,5.239522191912345,5.4017367168145825,5.555804987347791,5.699668042154422,5.876897546555272,6.016355425207121
1700000002570000000,12570000000,515,514,514,0,0,,,,0,fist,hold,200.0,dev-0123456789abcdef0123456789abcdef,synthetic-2-fist,29,protocol,synthetic-demo-contract-v1,True,-4.720381606797697,-4.784061994493149,-4.8713923275737745,-4.950440734666747,-5.038420200026699,-5.134185767955604,-5.198199972323371,-5.29895245302212
1700000002575000000,12575000000,516,515,515,0,0,,,,0,fist,hold,200.0,dev-0123456789abcdef0123456789abcdef,synthetic-2-fist,29,protocol,synthetic-demo-contract-v1,True,4.8480586222037845,5.024172227008539,5.1768570486770376,5.3365025768853815,5.4865156881301935,5.63119838004287,5.805801782713576,5.944920114698952
1700000002580000000,12580000000,517,516,516,0,0,,,,0,fist,hold,200.0,dev-0123456789abcdef0123456789abcdef,synthetic-2-fist,29,protocol,synthetic-demo-contract-v1,True,-4.78378085503889,-4.848238260034721,-4.935471145858912,-5.017160993442768,-5.109097761655438,-5.20389313836958,-5.270800431919559,-5.371727189546599
1700000002585000000,12585000000,518,517,517,0,0,,,,0,fist,hold,200.0,dev-0123456789abcdef0123456789abcdef,synthetic-2-fist,29,protocol,synthetic-demo-contract-v1,True,4.784366089976623,4.95897453495732,5.111886705746272,5.268846084981798,5.415033573999646,5.560830060778438,5.732294997771408,5.871409737352793
1700000002590000000,12590000000,519,518,518,0,0,,,,0,fist,hold,200.0,dev-0123456789abcdef0123456789abcdef,synthetic-2-fist,29,protocol,synthetic-demo-contract-v1,True,-4.84723675451822,-4.9139171453325865,-5.0008028316652515,-5.085195768836239,-5.180794073762305,-5.274340032229722,-5.344607943606518,-5.445363099331976
1700000002595000000,12595000000,520,519,519,0,0,,,,0,fist,hold,200.0,dev-0123456789abcdef0123456789abcdef,synthetic-2-fist,29,protocol,synthetic-demo-contract-v1,True,4.721669866178944,4.8933609226980135,5.046727590400743,5.200994439768053,5.343715187454332,5.490887763228008,5.658794593369041,5.798259672637746
1700000002600000000,12600000000,521,520,520,0,0,,,,0,fist,hold,200.0,dev-0123456789abcdef0123456789abcdef,synthetic-2-fist,29,protocol,synthetic-demo-contract-v1,True,-4.908661432312089,-4.978917361418761,-5.06525607148161,-5.152304038059777,-5.251145532409473,-5.343198591671078,-5.417196181025169,-5.517419738067392
1700000002605000000,12605000000,522,521,521,0,0,,,,0,fist,hold,200.0,dev-0123456789abcdef0123456789abcdef,synthetic-2-fist,29,protocol,synthetic-demo-contract-v1,True,4.662013325361774,4.829519258645895,4.983508578027647,5.135183998797266,5.274911673404274,5.4236832611483505,5.587715822864695,5.727895208717986
1700000002610000000,12610000000,523,522,522,0,0,,,,0,fist,hold,200.0,dev-0123456789abcdef0123456789abcdef,synthetic-2-fist,29,protocol,synthetic-demo-contract-v1,True,-4.966072407734618,-5.0410629172148855,-5.12672177244089,-5.216272573359797,-5.317832869285872,-5.408192261147412,-5.486180864466354,-5.585507073950902
1700000002615000000,12615000000,524,523,523,0,0,,,,0,fist,hold,200.0,dev-0123456789abcdef0123456789abcdef,synthetic-2-fist,29,protocol,synthetic-demo-contract-v1,True,4.607302549151674,4.769595167368031,4.924301754850527,5.073586572695002,5.210891269252018,5.3614390450902105,5.521392352822344,5.6626513079522445
1700000002620000000,12620000000,525,524,524,0,0,,,,0,fist,hold,200.0,dev-0123456789abcdef0123456789abcdef,synthetic-2-fist,29,protocol,synthetic-demo-contract-v1,True,-5.017654502737786,-5.098256915446168,-5.183181818961262,-5.27498894021181,-5.378657610754404,-5.467171018605819,-5.549298156963128,-5.6473645760025315
1700000002625000000,12625000000,526,525,525,0,0,,,,0,fist,hold,200.0,dev-0123456789abcdef0123456789abcdef,synthetic-2-fist,29,protocol,synthetic-demo-contract-v1,True,4.559248402753764,4.715618748092568,4.871054700202209,5.018237737810789,5.153764528175384,5.306214860715633,5.461999555572903,5.604695319455369
1700000002630000000,12630000000,527,526,526,0,0,,,,0,fist,hold,200.0,dev-0123456789abcdef0123456789abcdef,synthetic-2-fist,29,protocol,synthetic-demo-contract-v1,True,-5.0618134004531905,-5.148553674667003,-5.2327751996161815,-5.326511280876232,-5.431614554675274,-5.518182459631106,-5.604479050907808,-5.700936060739275
1700000002635000000,12635000000,528,527,527,0,0,,,,0,fist,hold,200.0,dev-0123456789abcdef0123456789abcdef,synthetic-2-fist,29,protocol,synthetic-demo-contract-v1,True,4.519317655436129,4.669434254602794,4.825526491644371,4.970969534215017,5.105414740767653,5.259839590682726,5.411483056308919,5.555955192984293
1700000002640000000,12640000000,529,528,528,0,0,,,,0,fist,hold,200.0,dev-0123456789abcdef0123456789abcdef,synthetic-2-fist,29,protocol,synthetic-demo-contract-v1,True,-5.097219595572399,-5.190226613616289,-5.273859344110533,-5.3691325770604585,-5.474957875670462,-5.559536385466562,-5.649917298686995,-5.744437823149131
1700000002645000000,12645000000,530,529,529,0,0,,,,0,fist,hold,200.0,dev-0123456789abcdef0123456789abcdef,synthetic-2-fist,29,protocol,synthetic-demo-contract-v1,True,4.48869414649522,4.632635265776955,4.789229532281294,4.933349775568278,5.067435848816787,5.223850731690386,5.371494884095347,5.5180555675453995
1700000002650000000,12650000000,531,530,530,0,0,,,,0,fist,hold,200.0,dev-0123456789abcdef0123456789abcdef,synthetic-2-fist,29,protocol,synthetic-demo-contract-v1,True,-5.122841985689052,-5.221829427350748,-5.305064649000378,-5.401437263353697,-5.507258679544826,-5.589860759456053,-5.684128654442504,-5.776417798869196
1700000002655000000,12655000000,532,531,531,0,0,,,,0,fist,hold,200.0,dev-0123456789abcdef0123456789abcdef,synthetic-2-fist,29,protocol,synthetic-demo-contract-v1,True,4.4682505050058605,4.6065077345750165,4.763379126960289,4.906629983327703,5.0410798980128835,5.1994434683212685,5.343339324796008,5.492263848872509
1700000002660000000,12660000000,533,532,532,0,0,,,,0,fist,hold,200.0,dev-0123456789abcdef0123456789abcdef,synthetic-2-fist,29,protocol,synthetic-demo-contract-v1,True,-5.137970826310638,-5.242248273744215,-5.3253403761562055,-5.422348311576565,-5.527452109473952,-5.608147180661492,-5.705999481137041,-5.79580379986146
1700000002665000000,12665000000,534,533,533,0,0,,,,0,fist,hold,200.0,dev-0123456789abcdef0123456789abcdef,synthetic-2-fist,29,protocol,synthetic-demo-contract-v1,True,4.458530484293687,4.591983067515634,4.748852497440416,4.891703676881209,5.027215761904312,5.187431029202113,5.327930253530895,5.479448060833348
1700000002670000000,12670000000,535,534,534,0,0,,,,0,fist,hold,200.0,dev-0123456789abcdef0123456789abcdef,synthetic-2-fist,29,protocol,synthetic-demo-contract-v1,True,-5.142230187669796,-5.2507429697447074,-5.333990374107713,-5.431163217174055,-5.53487245101457,-5.61378436882988,-5.714823128152235,-5.801939225957075
1700000002675000000,12675000000,536,535,535,0,0,,,,0,fist,hold,200.0,dev-0123456789abcdef0123456789abcdef,synthetic-2-fist,29,protocol,synthetic-demo-contract-v1,True,4.459741593343137,4.589603062912655,4.746158632917991,4.889076412638026,5.026300497845037,5.188217639131077,5.325761345468522,5.480047867732588
1700000002680000000,12680000000,537,536,536,0,0,,,,0,fist,hold,200.0,dev-0123456789abcdef0123456789abcdef,synthetic-2-fist,29,protocol,synthetic-demo-contract-v1,True,-5.135580389776925,-5.246975560959077,-5.330697391446759,-5.427577682151334,-5.529275078634767,-5.606578550132351,-5.710322888089203,-5.794605067537604
1700000002685000000,12685000000,538,537,537,0,0,,,,0,fist,hold,200.0,dev-0123456789abcdef0123456789abcdef,synthetic-2-fist,29,protocol,synthetic-demo-contract-v1,True,4.471757412090109,4.599498134595256,4.7554200303444585,4.89884857990056,5.038364279238283,5.201784965459121,5.33689013901678,5.4940597301839595
1700000002690000000,12690000000,539,538,538,0,0,,,,0,fist,hold,200.0,dev-0123456789abcdef0123456789abcdef,synthetic-2-fist,29,protocol,synthetic-demo-contract-v1,True,-5.1183111428356725,-5.231025063565497,-5.315535113696702,-5.411696192927482,-5.51084452025529,-5.586760065143261,-5.69266078397167,-5.7740274667278015
1700000002695000000,12695000000,540,539,539,0,0,,,,0,fist,hold,200.0,dev-0123456789abcdef0123456789abcdef,synthetic-2-fist,29,protocol,synthetic-demo-contract-v1,True,4.494128771895862,4.621379782415925,4.776366999282413,4.920711542112853,5.063009400813465,5.227692511853265,5.3609364688120955,5.52103669104203
1700000002700000000,12700000000,541,540,540,0,0,,,,0,fist,hold,200.0,dev-0123456789abcdef0123456789abcdef,synthetic-2-fist,29,protocol,synthetic-demo-contract-v1,True,-5.091026281388852,-5.203387668690459,-5.288967449220406,-5.384029122617171,-5.480188373939162,-5.554975975121857,-5.662431905077785,-5.74087058088105
1700000002705000000,12705000000,542,541,541,0,0,,,,0,fist,hold,200.0,dev-0123456789abcdef0123456789abcdef,synthetic-2-fist,29,protocol,synthetic-demo-contract-v1,True,4.526102864027232,4.65454775860555,4.80834480053212,4.953957272592703,5.0994233897293535,5.265091952297223,5.397095312374649,5.560102805189353
1700000002710000000,12710000000,543,542,542,0,0,,,,0,fist,hold,200.0,dev-0123456789abcdef0123456789abcdef,synthetic-2-fist,29,protocol,synthetic-demo-contract-v1,True,-5.054621058828955,-5.1649622278442715,-5.251835003360456,-5.345476431466877,-5.4383172772773865,-5.512268904804542,-5.620644485755166,-5.696214977133299
1700000002715000000,12715000000,544,543,543,0,0,,,,0,fist,hold,200.0,dev-0123456789abcdef0123456789abcdef,synthetic-2-fist,29,protocol,synthetic-demo-contract-v1,True,4.566649297493083,4.697911839498833,4.850333469364484,4.997501188577716,5.146405790271223,5.312754937986452,5.444163619503135,5.609981743687733
1700000002720000000,12720000000,545,544,544,0,0,,,,0,fist,hold,200.0,dev-0123456789abcdef0123456789abcdef,synthetic-2-fist,29,protocol,synthetic-demo-contract-v1,True,-5.010252977737769,-5.117021383306914,-5.205329099779228,-5.29729848182759,-5.38661158981765,-5.460042814362181,-5.5686863911147375,-5.641522264386475
1700000002725000000,12725000000,546,545,545,0,0,,,,0,fist,hold,200.0,dev-0123456789abcdef0123456789abcdef,synthetic-2-fist,29,protocol,synthetic-demo-contract-v1,True,4.614492146647137,4.7500275665362715,4.900979756479413,5.049917451045884,5.20240773913403,5.3691134648386925,5.500580233069778,5.669038634866431
1700000002730000000,12730000000,547,546,546,0,0,,,,0,fist,hold,200.0,dev-0123456789abcdef0123456789abcdef,synthetic-2-fist,29,protocol,synthetic-demo-contract-v1,True,-4.959307089792482,-5.061169247783305,-5.150954120182116,-5.241074910513557,-5.326775886912526,-5.400016824922284,-5.508279120984367,-5.578587123501179
1700000002735000000,12735000000,548,547,547,0,0,,,,0,fist,hold,200.0,dev-0123456789abcdef0123456789abcdef,synthetic-2-fist,29,protocol,synthetic-demo-contract-v1,True,4.668147087814427,4.809144790725388,4.958640216519483,5.109485584744687,5.265583026617883,5.432311474357572,5.56447757901023,5.735333767775
1700000002740000000,12740000000,549,548,548,0,0,,,,0,fist,hold,200.0,dev-0123456789abcdef0123456789abcdef,synthetic-2-fist,29,protocol,synthetic-demo-contract-v1,True,-4.903356628727617,-4.999287051210132,-5.090479324591999,-5.178652897550396,-5.260782765183136,-5.33416861684416,-5.441420854195949,-5.509478312735759
1700000002745000000,12745000000,550,549,549,0,0,,,,0,fist,hold,200.0,dev-0123456789abcdef0123456789abcdef,synthetic-2-fist,29,protocol,synthetic-demo-contract-v1,True,4.7259628001107705,4.873267362679333,5.021434098589951,5.174246896877908,5.333848960407352,5.500265989261043,5.633743416170791,5.806686391500828
1700000002750000000,12750000000,551,550,550,0,0,,,,0,fist,hold,200.0,dev-0123456789abcdef0123456789abcdef,synthetic-2-fist,29,protocol,synthetic-demo-contract-v1,True,-4.844119763867517,-4.9334686380042365,-5.025881670918414,-5.112086522998552,-5.190807812157006,-5.264669264724685,-5.370320415658962,-5.436470589825447
1700000002755000000,12755000000,552,551,551,0,0,,,,0,fist,hold,200.0,dev-0123456789abcdef0123456789abcdef,synthetic-2-fist,29,protocol,synthetic-demo-contract-v1,True,4.786165876342352,4.940221876518211,5.087304358530055,5.242068846462749,5.4049550254454894,5.570735769887801,5.706090606019674,5.880746510079764
1700000002760000000,12760000000,553,552,552,0,0,,,,0,fist,hold,200.0,dev-0123456789abcdef0123456789abcdef,synthetic-2-fist,29,protocol,synthetic-demo-contract-v1,True,-4.783413201181362,-4.8659480956791485,-4.9592814624944905,-5.043569200998579,-5.11915788392842,-5.193811656507885,-5.297324346880814,-5.36196979252078
1700000002765000000,12765000000,554,553,553,0,0,,,,0,fist,hold,200.0,dev-0123456789abcdef0123456789abcdef,synthetic-2-fist,29,protocol,synthetic-demo-contract-v1,True,4.846908535932401,5.007733018747665,5.154084830250224,5.310715250378753,5.476557076400562,5.641395228350405,5.779132598926768,5.955072308134834
1700000002770000000,12770000000,555,554,554,0,0,,,,0,fist,hold,200.0,dev-0123456789abcdef0123456789abcdef,synthetic-2-fist,29,protocol,synthetic-demo-contract-v1,True,-4.723103330938671,-4.799022108593722,-4.8928729046718455,-4.975361412470771,-5.0481950553033075,-5.123934856700291,-5.224839486823308,-5.288433545975302
1700000002775000000,12775000000,556,555,555,0,0,,,,0,fist,hold,200.0,dev-0123456789abcdef0123456789abcdef,synthetic-2-fist,29,protocol,synthetic-demo-contract-v1,True,4.906318438589359,5.073502808144709,5.219571373328083,5.377920015508243,5.546294616831119,5.709911162954687,5.8504621464224424,6.0272106557065435
1700000002780000000,12780000000,557,556,556,0,0,,,,0,fist,hold,200.0,dev-0123456789abcdef0123456789abcdef,synthetic-2-fist,29,protocol,synthetic-demo-contract-v1,True,-4.665055637462616,-4.734969844999234,-4.828851837361032,-4.909716117193366,-4.980258749555322,-5.057346908515172,-5.155253616803633,-5.218290210598001
1700000002785000000,12785000000,558,557,557,0,0,,,,0,fist,hold,200.0,dev-0123456789abcdef0123456789abcdef,synthetic-2-fist,29,protocol,synthetic-demo-contract-v1,True,4.9625498566441095,5.135290851364497,5.281594664339503,5.441461965764865,5.611868617396152,5.77401978133295,5.9177306437070225,6.094778038163414
1700000002790000000,12790000000,559,558,558,0,0,,,,0,fist,hold,200.0,dev-0123456789abcdef0123456789abcdef,synthetic-2-fist,29,protocol,synthetic-demo-contract-v1,True,-4.611083151876811,-4.675973291932234,-4.769343022574114,-4.8488043068581606,-4.917588614932307,-4.996248622306892,-5.09085678574555,-5.153858743057184
1700000002795000000,12795000000,560,559,559,0,0,,,,0,fist,hold,200.0,dev-0123456789abcdef0123456789abcdef,synthetic-2-fist,29,protocol,synthetic-demo-contract-v1,True,5.013835374679577,5.1909926888066,5.338092225941581,5.499238292372414,5.671117307686561,5.8316014701755226,5.978725487136624,6.155539242007074
1700000002800000000,12800000000,561,560,560,0,0,,,,0,fist,hold,200.0,dev-0123456789abcdef0123456789abcdef,synthetic-2-fist,29,protocol,synthetic-demo-contract-v1,True,-4.562894840305342,-4.624040945794681,-4.716329399931005,-4.794643160319434,-4.862250690434402,-4.942660866150224,-5.033765908427313,-5.097272114070384
1700000002805000000,12805000000,562,561,561,0,0,,,,0,fist,hold,200.0,dev-0123456789abcdef0123456789abcdef,synthetic-2-fist,29,protocol,synthetic-demo-contract-v1,True,5.058537153807241,5.2387133689367795,5.387177293891553,5.549334196996094,5.722087443057444,5.880750842768109,6.0314428980727985,6.207481200330386
1700000002810000000,12810000000,563,562,562,0,0,,,,0,fist,hold,200.0,dev-0123456789abcdef0123456789abcdef,synthetic-2-fist,29,protocol,synthetic-demo-contract-v1,True,-4.5220449675499745,-4.580937646390265,-4.671585676668405,-4.749029180454075,-4.816069294947898,-4.898357759878749,-4.985855120266019,-5.050406810375609
1700000002815000000,12815000000,564,563,563,0,0,,,,0,fist,hold,200.0,dev-0123456789abcdef0123456789abcdef,synthetic-2-fist,29,protocol,synthetic-demo-contract-v1,True,5.095196638273146,5.276833564608563,5.42720220870873,5.590086419048645,5.7630986970159395,5.919839750361054,6.0741538151269,6.248879560266523
1700000002820000000,12820000000,565,564,564,0,0,,,,0,fist,hold,200.0,dev-0123456789abcdef0123456789abcdef,synthetic-2-fist,29,protocol,synthetic-demo-contract-v1,True,-4.489884643176681,-4.548123113292366,-4.636618492562507,-4.7134785313755,-4.780566885137847,-4.864807980072626,-4.948694181249285,-5.014820748664342
1700000002825000000,12825000000,566,565,565,0,0,,,,0,fist,hold,200.0,dev-0123456789abcdef0123456789abcdef,synthetic-2-fist,29,protocol,synthetic-demo-contract-v1,True,5.122581413374352,5.304065825065031,5.4568141835843615,5.62013853683271,5.792799056348216,5.947571174630506,6.105460686460607,6.278355773773717
1700000002830000000,12830000000,567,566,566,0,0,,,,0,fist,hold,200.0,dev-0123456789abcdef0123456789abcdef,synthetic-2-fist,29,protocol,synthetic-demo-contract-v1,True,-4.4675169215527735,-4.526701414889503,-4.612615197677406,-4.6891765603466045,-4.756913864797177,-4.843126116746487,-4.923496955195789,-4.9917016528270315
1700000002835000000,12835000000,568,567,567,0,0,,,,0,fist,hold,200.0,dev-0123456789abcdef0123456789abcdef,synthetic-2-fist,29,protocol,synthetic-demo-contract-v1,True,5.139727769338844,5.319498930859735,5.475001538748696,5.63848620073056,5.81020939278101,5.963022218538194,6.12434329482549,6.294922824674351
1700000002840000000,12840000000,569,568,568,0,0,,,,0,fist,hold,200.0,dev-0123456789abcdef0123456789abcdef,synthetic-2-fist,29,protocol,synthetic-demo-contract-v1,True,-4.455756965080196,-4.517383185708384,-4.600403007955184,-4.676938188226336,-4.745890000281729,-4.834035691608715,-4.9110816574050835,-4.981827601712648
1700000002845000000,12845000000,570,569,569,0,0,,,,0,fist,hold,200.0,dev-0123456789abcdef0123456789abcdef,synthetic-2-fist,29,protocol,synthetic-demo-contract-v1,True,5.145977411082187,5.3226287705940845,5.481128797574923,5.644510786664847,5.814755741788918,5.965674771879804,6.13019211048849,6.298018078753502
1700000002850000000,12850000000,571,570,570,0,0,,,,0,fist,hold,200.0,dev-0123456789abcdef0123456789abcdef,synthetic-2-fist,29,protocol,synthetic-demo-contract-v1,True,-4.455098865465424,-4.520461923703159,-4.600419968824234,-4.677180495476465,-4.74785871404397,-4.837845063637912,-4.9118441749489214,-4.985541054064188
1700000002855000000,12855000000,572,571,571,0,0,,,,0,fist,hold,200.0,dev-0123456789abcdef0123456789abcdef,synthetic-2-fist,29,protocol,synthetic-demo-contract-v1,True,5.1410067031660835,5.31337466954118,5.474959401632576,5.638000338725656,5.806288224415802,5.955432833909046,6.122828079126293,6.287522167610287
1700000002860000000,12860000000,573,572,572,0,0,,,,0,fist,hold,200.0,dev-0123456789abcdef0123456789abcdef,synthetic-2-fist,29,protocol,synthetic-demo-contract-v1,True,-4.465690728057088,-4.535805166032549,-4.612698770900028,-4.689908429353121,-4.7627551037275,-4.854437023005974,-4.925745332199027,-5.002737213552745
1700000002865000000,12865000000,574,573,573,0,0,,,,0,fist,hold,200.0,dev-0123456789abcdef0123456789abcdef,synthetic-2-fist,29,protocol,synthetic-demo-contract-v1,True,5.124846874264285,5.292080649905272,5.45666520902533,5.61915708868294,5.785085988316798,5.9326259152537775,6.102508199581169,6.263763276883865
1700000002870000000,12870000000,575,574,574,0,0,,,,0,fist,hold,200.0,dev-0123456789abcdef0123456789abcdef,synthetic-2-fist,29,protocol,synthetic-demo-contract-v1,True,-4.487319540110086,-4.562860781290469,-4.6368640370597936,-4.7147141251187525,-4.790088081795448,-4.883272423067194,-4.952312513926292,-5.032867124510987
1700000002875000000,12875000000,576,575,575,0,0,,,,0,fist,hold,200.0,dev-0123456789abcdef0123456789abcdef,synthetic-2-fist,29,protocol,synthetic-demo-contract-v1,True,5.097893741953509,5.259501668173918,5.426822379289478,5.5885912832808735,5.751848005130217,5.897998400403564,6.0699167152767775,6.2275066902924054
1700000002880000000,12880000000,577,576,576,0,0,,,,0,fist,hold,200.0,dev-0123456789abcdef0123456789abcdef,synthetic-2-fist,29,protocol,synthetic-demo-contract-v1,True,-4.519407152812684,-4.600678051046348,-4.672143250747464,-4.750789884211089,-4.8289565651558775,-4.9234077371090565,-4.990655584629804,-5.074955403624978
1700000002885000000,12885000000,578,577,577,0,0,,,,0,fist,hold,200.0,dev-0123456789abcdef0123456789abcdef,synthetic-2-fist,29,protocol,synthetic-demo-contract-v1,True,5.060905765286935,5.216775433819615,5.386393704260653,5.5473015031049435,5.70767002756128,5.852685215206929,6.026142217625606,6.179929926783796
1700000002890000000,12890000000,579,578,578,0,0,,,,0,fist,hold,200.0,dev-0123456789abcdef0123456789abcdef,synthetic-2-fist,29,protocol,synthetic-demo-contract-v1,True,-4.561018404674495,-4.6479426666698265,-4.717391036385691,-4.79695440017142,-4.8780791810627075,-4.97352596709369,-5.039496571284797,-5.127632030475588
1700000002895000000,12895000000,580,579,579,0,0,,,,0,fist,hold,200.0,dev-0123456789abcdef0123456789abcdef,synthetic-2-fist,29,protocol,synthetic-demo-contract-v1,True,5.014989589258561,5.16538094312688,5.336697902239241,5.496642104433545,5.654008465830796,5.798174595793578,5.972641424270392,6.122584282988625
1700000002900000000,12900000000,581,580,580,0,0,,,,0,fist,hold,200.0,dev-0123456789abcdef0123456789abcdef,synthetic-2-fist,29,protocol,synthetic-demo-contract-v1,True,-4.610882005181252,-4.703024260478175,-4.771126049824346,-4.851691383746658,-4.935836509981212,-5.031979890867863,-5.097212122983406,-5.189177156326819
1700000002905000000,12905000000,582,581,581,0,0,,,,0,fist,hold,200.0,dev-0123456789abcdef0123456789abcdef,synthetic-2-fist,29,protocol,synthetic-demo-contract-v1,True,4.961572702452662,5.107085341333899,5.279366836857993,5.438278842985315,5.592632374369723,5.7362591812179655,5.911190834174654,6.057344041434196
1700000002910000000,12910000000,583,582,582,0,0,,,,0,fist,hold,200.0,dev-0123456789abcdef0123456789abcdef,synthetic-2-fist,29,protocol,synthetic-demo-contract-v1,True,-4.667424296633553,-4.764034642962293,-4.831579305400392,-4.913199326529127,-5.000324472802465,-5.096846226830173,-5.161887339938035,-5.257577461218409
1700000002915000000,12915000000,584,583,583,0,0,,,,0,fist,hold,200.0,dev-0123456789abcdef0123456789abcdef,synthetic-2-fist,29,protocol,synthetic-demo-contract-v1,True,4.902363368186689,5.043881137203085,5.216292036935763,5.374134131639171,5.5255651316085945,5.668977037847534,5.843827860937103,5.986345011843299
1700000002920000000,12920000000,585,584,584,0,0,,,,0,fist,hold,200.0,dev-0123456789abcdef0123456789abcdef,synthetic-2-fist,29,protocol,synthetic-demo-contract-v1,True,-4.728815441829783,-4.828894547081862,-4.89675237141172,-4.979450771499775,-5.069417102396674,-5.165988934270482,-5.231379189898459,-5.330592208391533
1700000002925000000,12925000000,586,585,585,0,0,,,,0,fist,hold,200.0,dev-0123456789abcdef0123456789abcdef,synthetic-2-fist,29,protocol,synthetic-demo-contract-v1,True,4.839298583271386,4.977916121399403,5.149562264785721,5.306323729932541,5.455017735497386,5.598544556353594,5.772783392092429,5.91191442488502
1700000002930000000,12930000000,587,586,586,0,0,,,,0,fist,hold,200.0,dev-0123456789abcdef0123456789abcdef,synthetic-2-fist,29,protocol,synthetic-demo-contract-v1,True,-4.793026976341392,-4.895406399703213,-4.964483521504619,-5.048259141276812,-5.1408366301229576,-5.237129565456125,-5.30338741453465,-5.405826824927209
1700000002935000000,12935000000,588,587,587,0,0,,,,0,fist,hold,200.0,dev-0123456789abcdef0123456789abcdef,synthetic-2-fist,29,protocol,synthetic-demo-contract-v1,True,4.774481433423567,4.911418572297647,5.0813941947899135,5.237086949878116,5.383315913794635,5.5272834311072625,5.7004080041693745,5.836494483353571
1700000002940000000,12940000000,589,588,588,0,0,,,,0,fist,hold,200.0,dev-0123456789abcdef0123456789abcdef,synthetic-2-fist,29,protocol,synthetic-demo-contract-v1,True,-4.8578990527919625,-4.961330458474445,-5.032519647924543,-5.117350921376885,-5.212228576761803,-5.307922352019377,-5.375530582145194,-5.480811588770574
1700000002945000000,12945000000,590,589,589,0,0,,,,0,fist,hold,200.0,dev-0123456789abcdef0123456789abcdef,synthetic-2-fist,29,protocol,synthetic-demo-contract-v1,True,4.710109812247784,4.84662046291883,5.014058510245134,5.168712680757356,5.312823452072373,5.457544127942725,5.629094271623848,5.762562085498163
1700000002950000000,12950000000,591,590,590,0,0,,,,0,fist,hold,200.0,dev-0123456789abcdef0123456789abcdef,synthetic-2-fist,29,protocol,synthetic-demo-contract-v1,True,-4.921215130133937,-5.024461574732227,-5.098591534012269,-5.18444081489995,-5.2812393723561835,-5.376031551028371,-5.445424774265179,-5.553082833261776
1700000002955000000,12955000000,592,591,591,0,0,,,,0,fist,hold,200.0,dev-0123456789abcdef0123456789abcdef,synthetic-2-fist,29,protocol,synthetic-demo-contract-v1,True,4.648399011709321,4.785681407895121,4.9498038954744565,5.103463677685176,5.245864267073557,5.391628363128914,5.561197735601084,5.692547362184838
1700000002960000000,12960000000,593,592,592,0,0,,,,0,fist,hold,200.0,dev-0123456789abcdef0123456789abcdef,synthetic-2-fist,29,protocol,synthetic-demo-contract-v1,True,-4.980781363022463,-5.082703869907987,-5.160489955533762,-5.247307382889376,-5.345593946077126,-5.439208500511275,-5.51076230791128,-5.620263996483512
1700000002965000000,12965000000,594,593,593,0,0,,,,0,fist,hold,200.0,dev-0123456789abcdef0123456789abcdef,synthetic-2-fist,29,protocol,synthetic-demo-contract-v1,True,4.5915011375376675,4.730616011382013,4.890781485530904,5.043501620037775,5.18464579442055,5.331713150104633,5.498959141614037,5.628753709538619
1700000002970000000,12970000000,595,594,594,0,0,,,,0,fist,hold,200.0,dev-0123456789abcdef0123456789abcdef,synthetic-2-fist,29,protocol,synthetic-demo-contract-v1,True,-5.0345075618972395,-5.13414074050766,-5.216140038463557,-5.303866664730687,-5.403170728217707,-5.495365842674464,-5.569387895121624,-5.680143846945587
1700000002975000000,12975000000,596,595,595,0,0,,,,0,fist,hold,200.0,dev-0123456789abcdef0123456789abcdef,synthetic-2-fist,29,protocol,synthetic-demo-contract-v1,True,4.541424618598218,4.683227101577808,4.838972333896988,4.990815424111041,5.131186216343067,5.279778919938511,5.444430512258067,5.573281950356107
1700000002980000000,12980000000,597,596,596,0,0,,,,0,fist,hold,200.0,dev-0123456789abcdef0123456789abcdef,synthetic-2-fist,29,protocol,synthetic-demo-contract-v1,True,-5.080486354587068,-5.177097827215006,-5.263671346802012,-5.352241336146132,-5.452071591733515,-5.542646465361293,-5.619369727100768,-5.730749309238233
1700000002985000000,12985000000,598,597,597,0,0,,,,0,fist,hold,200.0,dev-0123456789abcdef0123456789abcdef,synthetic-2-fist,29,protocol,synthetic-demo-contract-v1,True,4.499957237444911,4.645047074677734,4.796120368822709,4.947155190201903,5.087247928500597,5.2375440882120285,5.399407493457939,5.527961122470053
1700000002990000000,12990000000,599,598,598,0,0,,,,0,fist,hold,200.0,dev-0123456789abcdef0123456789abcdef,synthetic-2-fist,29,protocol,synthetic-demo-contract-v1,True,-5.117067108297117,-5.210196885612202,-5.301481306947723,-5.390823106669967,-5.490684427574972,-5.579484885425231,-5.659063138814345,-5.770410490281316
1700000002995000000,12995000000,600,599,599,0,0,,,,0,fist,hold,200.0,dev-0123456789abcdef0123456789abcdef,synthetic-2-fist,29,protocol,synthetic-demo-contract-v1,True,4.468596091727103,4.6172892336235,4.763673133825125,4.913973980988739,5.054279439290768,5.2064082294555085,5.36537020469776,5.494288174821703
1700000003000000000,13000000000,601,600,600,0,0,,,,0,fist,hold,200.0,dev-0123456789abcdef0123456789abcdef,synthetic-2-fist,29,protocol,synthetic-demo-contract-v1,True,-5.142921279739262,-5.232398865117152,-5.328289791069925,-5.418326279303984,-5.517736290897863,-5.604659045959908,-5.687164755709045,-5.797815762862038
1700000003005000000,13005000000,602,601,601,0,0,,,,0,fist,hold,200.0,dev-0123456789abcdef0123456789abcdef,synthetic-2-fist,29,protocol,synthetic-demo-contract-v1,True,4.448487695458946,4.6008106103940944,4.742732352881875,4.892379371576896,5.0333676170423765,5.187405737341977,5.34343454210531,5.4733785594008575
1700000003010000000,13010000000,603,602,602,0,0,,,,0,fist,hold,200.0,dev-0123456789abcdef0123456789abcdef,synthetic-2-fist,29,protocol,synthetic-demo-contract-v1,True,-5.157096152506532,-5.2430349225362205,-5.343182973897981,-5.433830685156956,-5.532335366087181,-5.617330814579104,-5.7027553392280765,-5.812055089869164
1700000003015000000,13015000000,604,603,603,0,0,,,,0,fist,hold,200.0,dev-0123456789abcdef0123456789abcdef,synthetic-2-fist,29,protocol,synthetic-demo-contract-v1,True,4.440381049728051,4.596087322068227,4.734016034314944,4.883096390260697,5.025201859354276,5.181171503866,5.334315537461099,5.465929349071509
1700000003020000000,13020000000,605,604,604,0,0,,,,0,fist,hold,200.0,dev-0123456789abcdef0123456789abcdef,synthetic-2-fist,29,protocol,synthetic-demo-contract-v1,True,-5.15905438425939,-5.241824549303656,-5.3456449357154145,-5.436812555751206,-5.534000367138217,-5.617073841800572,-5.7053299215369755,-5.812650159247958
1700000003025000000,13025000000,606,605,605,0,0,,,,0,fist,hold,200.0,dev-0123456789abcdef0123456789abcdef,synthetic-2-fist,29,protocol,synthetic-demo-contract-v1,True,4.444595970392011,4.603203048656357,4.737833440174693,4.8864430934943845,5.030051365805358,5.187919755057373,5.338303977607786,5.472196099398186
1700000003030000000,13030000000,607,606,606,0,0,,,,0,fist,hold,200.0,dev-0123456789abcdef0123456789abcdef,synthetic-2-fist,29,protocol,synthetic-demo-contract-v1,True,-5.148697400067973,-5.228880458687184,-5.33557589706652,-5.427162293815846,-5.522676404156013,-5.603887854817259,-5.694814240020538,-5.799570333492968
1700000003035000000,13035000000,608,607,607,0,0,,,,0,fist,hold,200.0,dev-0123456789abcdef0123456789abcdef,synthetic-2-fist,29,protocol,synthetic-demo-contract-v1,True,4.461008282836029,4.621850753037638,4.754073813195973,4.902319601143656,5.047756263283496,5.207436747431711,5.355257050514993,5.491984220482457
1700000003040000000,13040000000,609,608,608,0,0,,,,0,fist,hold,200.0,dev-0123456789abcdef0123456789abcdef,synthetic-2-fist,29,protocol,synthetic-demo-contract-v1,True,-5.126371400270932,-5.204700342945392,-5.313296423717929,-5.405188536634965,-5.498736792904099,-5.578198908829125,-5.671566934781561,-5.773233884185251
1700000003045000000,13045000000,610,609,609,0,0,,,,0,fist,hold,200.0,dev-0123456789abcdef0123456789abcdef,synthetic-2-fist,29,protocol,synthetic-demo-contract-v1,True,4.489052717425125,4.651347307842798,4.782209285961523,4.930210972604294,5.077732876503753,5.239087572637345,5.384603320879823,5.5246551473950944
1700000003050000000,13050000000,611,610,610,0,0,,,,0,fist,hold,200.0,dev-0123456789abcdef0123456789abcdef,synthetic-2-fist,29,protocol,synthetic-demo-contract-v1,True,-5.092855561162859,-5.170146053647006,-5.279537418224349,-5.371608360044064,-5.462970747747371,-5.540845580933855,-5.636367442618958,-5.734494466301066
1700000003055000000,13055000000,612,611,611,0,0,,,,0,fist,hold,200.0,dev-0123456789abcdef0123456789abcdef,synthetic-2-fist,29,protocol,synthetic-demo-contract-v1,True,4.527743507345324,4.690660266991943,4.821311912865806,4.969203845580442,5.11899296996324,5.281836852671867,5.425361864913367,5.569147110767097
1700000003060000000,13060000000,613,612,612,0,0,,,,0,fist,hold,200.0,dev-0123456789abcdef0123456789abcdef,synthetic-2-fist,29,protocol,synthetic-demo-contract-v1,True,-5.049332848806779,-5.126411165848609,-5.235416200523364,-5.327523930916666,-5.416557363714414,-5.493051555080642,-5.590389993262755,-5.684613272825175
1700000003065000000,13065000000,614,613,613,0,0,,,,0,fist,hold,200.0,dev-0123456789abcdef0123456789abcdef,synthetic-2-fist,29,protocol,synthetic-demo-contract-v1,True,4.5757118506568055,4.738445635009166,4.8700842815939085,5.018016302437344,5.170176326985395,5.334282649944564,5.476174926498689,5.624009828520936
1700000003070000000,13070000000,615,614,614,0,0,,,,0,fist,hold,200.0,dev-0123456789abcdef0123456789abcdef,synthetic-2-fist,29,protocol,synthetic-demo-contract-v1,True,-4.997344691858279,-5.074978245585735,-5.182399457443327,-5.274386366185093,-5.361026745409553,-5.436385495495261,-5.535164572408497,-5.625217781594287
1700000003075000000,13075000000,616,615,615,0,0,,,,0,fist,hold,200.0,dev-0123456789abcdef0123456789abcdef,synthetic-2-fist,29,protocol,synthetic-demo-contract-v1,True,4.63125859904454,4.793095156890868,4.926902693966617,5.075039989269616,5.229595591824105,5.394702480459202,5.535353010632969,5.687451981410039
1700000003080000000,13080000000,617,616,616,0,0,,,,0,fist,hold,200.0,dev-0123456789abcdef0123456789abcdef,synthetic-2-fist,29,protocol,synthetic-demo-contract-v1,True,-4.9387315208021345,-5.017567439839399,-5.122254293183282,-5.213947982115566,-5.298209564233288,-5.37270952548077,-5.472526146185305,-5.558248447748575
1700000003085000000,13085000000,618,617,617,0,0,,,,0,fist,hold,200.0,dev-0123456789abcdef0123456789abcdef,synthetic-2-fist,29,protocol,synthetic-demo-contract-v1,True,4.692419823033306,4.852791384089189,4.989871472489177,5.138393104802241,5.295291896523289,5.461109918868646,5.600930919710376,5.757399914086113
1700000003090000000,13090000000,619,618,618,0,0,,,,0,fist,hold,200.0,dev-0123456789abcdef0123456789abcdef,synthetic-2-fist,29,protocol,synthetic-demo-contract-v1,True,-4.875561834736869,-4.95607824138659,-5.056989023859393,-5.14820450451886,-5.230176706852285,-5.304118004744856,-5.404553828921501,-5.485895092139531
1700000003095000000,13095000000,620,619,619,0,0,,,,0,fist,hold,200.0,dev-0123456789abcdef0123456789abcdef,synthetic-2-fist,29,protocol,synthetic-demo-contract-v1,True,4.757042317916505,4.915568573994761,5.056886564010379,5.205982513581442,5.365099438687752,5.531319934294015,5.670732877298569,5.831565633697899
1700000003100000000,13100000000,621,620,620,0,0,,,,0,fist,hold,200.0,dev-0123456789abcdef0123456789abcdef,synthetic-2-fist,29,protocol,synthetic-demo-contract-v1,True,-4.810052966019804,-4.892526443324031,-4.988785714635161,-5.079329145898223,-5.1591710045207835,-5.232868618981584,-5.333502007667641,-5.410525075452656
1700000003105000000,13105000000,622,621,621,0,0,,,,0,fist,hold,200.0,dev-0123456789abcdef0123456789abcdef,synthetic-2-fist,29,protocol,synthetic-demo-contract-v1,True,4.822865688690367,4.979377354080531,5.125706289133185,5.275572932744577,5.436716881237508,5.603020807159159,5.742444584512382,5.907521871722312
1700000003110000000,13110000000,623,622,622,0,0,,,,0,fist,hold,200.0,dev-0123456789abcdef0123456789abcdef,synthetic-2-fist,29,protocol,synthetic-demo-contract-v1,True,-4.74448705030027,-4.828978388109988,-4.919926745194058,-5.00960072798794,-5.087533293924901,-5.161308049753054,-5.261725701966079,-5.334605618469874
1700000003115000000,13115000000,624,623,623,0,0,,,,0,fist,hold,200.0,dev-0123456789abcdef0123456789abcdef,synthetic-2-fist,29,protocol,synthetic-demo-contract-v1,True,4.8876074078945315,5.04215102765216,5.1940268368587095,5.3448609042164525,5.507783220318201,5.673850259404072,5.813689825767168,5.982781741933305
1700000003120000000,13120000000,625,624,624,0,0,,,,0,fist,hold,200.0,dev-0123456789abcdef0123456789abcdef,synthetic-2-fist,29,protocol,synthetic-demo-contract-v1,True,-4.681125858454718,-4.767484634990664,-4.852717898164923,-4.941328228564043,-5.0176252470932985,-5.091794672366774,-5.191602627084573,-5.260622821898953
1700000003125000000,13125000000,626,625,625,0,0,,,,0,fist,hold,200.0,dev-0123456789abcdef0123456789abcdef,synthetic-2-fist,29,protocol,synthetic-demo-contract-v1,True,4.949047187723557,5.101871413382899,5.2595599372743385,5.411551102461369,5.575955620239101,5.7414732905178925,5.882109091123521,6.054880375798739
1700000003130000000,13130000000,627,626,626,0,0,,,,0,fist,hold,200.0,dev-0123456789abcdef0123456789abcdef,synthetic-2-fist,29,protocol,synthetic-demo-contract-v1,True,-4.622128103518916,-4.710015121401805,-4.789410588097974,-4.876774253041661,-4.951751514431573,-5.026620828477886,-5.125454537111839,-5.191000048172475
1700000003135000000,13135000000,628,627,627,0,0,,,,0,fist,hold,200.0,dev-0123456789abcdef0123456789abcdef,synthetic-2-fist,29,protocol,synthetic-demo-contract-v1,True,5.005107145136489,5.156632190677071,5.320110066911821,5.473432447414631,5.638986649463365,5.803659154513802,5.945437616535611,6.121455851160977
1700000003140000000,13140000000,629,628,628,0,0,,,,0,fist,hold,200.0,dev-0123456789abcdef0123456789abcdef,synthetic-2-fist,29,protocol,synthetic-demo-contract-v1,True,-4.569472607882914,-4.658397784147404,-4.7321258812468905,-4.8180799700515475,-4.892083747581807,-4.967937235267449,-5.065470447390605,-5.128018348970972
1700000003145000000,13145000000,630,629,629,0,0,,,,0,fist,hold,200.0,dev-0123456789abcdef0123456789abcdef,synthetic-2-fist,29,protocol,synthetic-demo-contract-v1,True,5.0539245521208995,5.204697860764057,5.3736485545940775,5.528451495718346,5.694798371420735,5.858354940174805,6.001580263246234,6.180326752965341
1700000003150000000,13150000000,631,630,630,0,0,,,,0,fist,hold,200.0,dev-0123456789abcdef0123456789abcdef,synthetic-2-fist,29,protocol,synthetic-demo-contract-v1,True,-4.524890323141583,-4.6142624422393945,-4.682782897450889,-4.767194004507879,-4.840589006836829,-4.917682023729946,-5.013634272993539,-5.073741555243326
1700000003155000000,13155000000,632,631,631,0,0,,,,0,fist,hold,200.0,dev-0123456789abcdef0123456789abcdef,synthetic-2-fist,29,protocol,synthetic-demo-contract-v1,True,5.093914428263025,5.244556621269536,5.418382059833644,5.5747806708948815,5.741550847599471,5.903753327764093,6.048680762657946,6.229563815304251
1700000003160000000,13160000000,633,632,632,0,0,,,,0,fist,hold,200.0,dev-0123456789abcdef0123456789abcdef,synthetic-2-fist,29,protocol,synthetic-demo-contract-v1,True,-4.48980766621871,-4.578991533738759,-4.643034036769982,-4.725807653043098,-4.798964913293531,-4.877516747099067,-4.971659273417896,-5.029948493381246
1700000003165000000,13165000000,634,633,633,0,0,,,,0,fist,hold,200.0,dev-0123456789abcdef0123456789abcdef,synthetic-2-fist,29,protocol,synthetic-demo-contract-v1,True,5.123819816125808,5.27496568095795,5.4528130876035785,5.6108790618111755,5.7777027945841235,5.938352286293556,6.085183039766524,6.267553288512188
1700000003170000000,13170000000,635,634,634,0,0,,,,0,fist,hold,200.0,dev-0123456789abcdef0123456789abcdef,synthetic-2-fist,29,protocol,synthetic-demo-contract-v1,True,-4.465303007348073,-4.55367905292103,-4.614209240312528,-4.695298579261571,-4.768583683576677,-4.848771471714865,-4.940931468239068,-4.9980745569894225
1700000003175000000,13175000000,636,635,635,0,0,,,,0,fist,hold,200.0,dev-0123456789abcdef0123456789abcdef,synthetic-2-fist,29,protocol,synthetic-demo-contract-v1,True,5.142748242263548,5.294987802082423,5.475790475944515,5.635543763212579,5.802062395365674,5.961004740114648,6.109882590489679,6.293049947079311
1700000003180000000,13180000000,637,636,636,0,0,,,,0,fist,hold,200.0,dev-0123456789abcdef0123456789abcdef,synthetic-2-fist,29,protocol,synthetic-demo-contract-v1,True,-4.452077459577602,-4.5390987609555085,-4.597271184999213,-4.676684866849747,-4.750446892133883,-4.832400764198373,-4.922463891577883,-4.979164556085312
1700000003185000000,13185000000,638,637,637,0,0,,,,0,fist,hold,200.0,dev-0123456789abcdef0123456789abcdef,synthetic-2-fist,29,protocol,synthetic-demo-contract-v1,True,5.150193565392755,5.3040181410038425,5.48654813691406,5.647950044201054,5.813826589833509,5.970956563341008,6.121966217288934,6.305217994797529
1700000003190000000,13190000000,639,638,638,0,0,,,,0,fist,hold,200.0,dev-0123456789abcdef0123456789abcdef,synthetic-2-fist,29,protocol,synthetic-demo-contract-v1,True,-4.450440418735039,-4.535682452215874,-4.592782936625218,-4.670590966382678,-4.7451524524479245,-4.828952030463366,-4.916863194716266,-4.973838394687071
1700000003195000000,13195000000,640,639,639,0,0,,,,0,fist,hold,200.0,dev-0123456789abcdef0123456789abcdef,synthetic-2-fist,29,protocol,synthetic-demo-contract-v1,True,5.146043105535915,5.301800754483884,5.484730734822371,5.647678999998818,5.812607549164187,5.967871644586791,6.121038812490247,6.303658521599579
1700000003200000000,13200000000,641,640,640,0,0,,,,0,fist,hold,200.0,dev-0123456789abcdef0123456789abcdef,synthetic-2-fist,29,protocol,synthetic-demo-contract-v1,True,-4.4603096289434365,-4.543508758015089,-4.6008891576216095,-4.677226677995147,-4.752874905692851,-4.8385472556476055,-4.924309697887957,-4.982270705812782
1700000003205000000,13205000000,642,641,641,0,0,,,,0,fist,hold,200.0,dev-0123456789abcdef0123456789abcdef,synthetic-2-fist,29,protocol,synthetic-demo-contract-v1,True,5.130570593963233,5.288434440970359,5.47040543443402,5.634731756948335,5.798445461328911,5.951843190073109,6.107136306937609,6.288422608895989
1700000003210000000,13210000000,643,642,642,0,0,,,,0,fist,hold,200.0,dev-0123456789abcdef0123456789abcdef,synthetic-2-fist,29,protocol,synthetic-demo-contract-v1,True,-4.481224939225535,-4.56230266794207,-4.621311500334826,-4.696379879981463,-4.773359666655519,-4.860878752866377,-4.944551547665321,-5.004185113808869
1700000003215000000,13215000000,644,643,643,0,0,,,,0,fist,hold,200.0,dev-0123456789abcdef0123456789abcdef,synthetic-2-fist,29,protocol,synthetic-demo-contract-v1,True,5.1044160491455015,5.26436788573535,5.444059330167723,5.609529746706089,5.771807206221386,5.923390886306415,6.080724358917419,6.260009652294469
1700000003220000000,13220000000,645,644,644,0,0,,,,0,fist,hold,200.0,dev-0123456789abcdef0123456789abcdef,synthetic-2-fist,29,protocol,synthetic-demo-contract-v1,True,-4.512374402178206,-4.591445653168863,-4.653358329709149,-4.727423257189744,-4.8059314166165406,-4.895219067306536,-4.9769131701459415,-5.038863312764918
1700000003225000000,13225000000,646,645,645,0,0,,,,0,fist,hold,200.0,dev-0123456789abcdef0123456789abcdef,synthetic-2-fist,29,protocol,synthetic-demo-contract-v1,True,5.0685541421187255,5.230384369258329,5.406582658582151,5.57290102817924,5.733570964082944,5.883444009342793,6.042682829564996,6.219350956859669
1700000003230000000,13230000000,647,646,646,0,0,,,,0,fist,hold,200.0,dev-0123456789abcdef0123456789abcdef,synthetic-2-fist,29,protocol,synthetic-demo-contract-v1,True,-4.552630968220037,-4.629995992270864,-4.695948427972401,-4.769334817945222,-4.849516366503544,-4.940444715788177,-5.020317737711902,-5.085168662396699
1700000003235000000,13235000000,648,647,647,0,0,,,,0,fist,hold,200.0,dev-0123456789abcdef0123456789abcdef,synthetic-2-fist,29,protocol,synthetic-demo-contract-v1,True,5.024252948339305,5.18757657405019,5.359238383457949,5.526053099547941,5.684997264637225,5.833311030774455,5.994276560644185,6.1677791445289785
1700000003240000000,13240000000,649,648,648,0,0,,,,0,fist,hold,200.0,dev-0123456789abcdef0123456789abcdef,synthetic-2-fist,29,protocol,synthetic-demo-contract-v1,True,-4.600597760857771,-4.676718633531721,-4.747647855414746,-4.820731529649781,-4.902677656369967,-4.995072985891052,-5.0733229040918415,-5.141583525234671
1700000003245000000,13245000000,650,649,649,0,0,,,,0,fist,hold,200.0,dev-0123456789abcdef0123456789abcdef,synthetic-2-fist,29,protocol,synthetic-demo-contract-v1,True,4.973025184989861,5.1373122813418375,5.303619208615905,5.470533092269197,5.627687431354168,5.7746367157465,5.937113423166546,6.106984379992736
1700000003250000000,13250000000,651,650,650,0,0,,,,0,fist,hold,200.0,dev-0123456789abcdef0123456789abcdef,synthetic-2-fist,29,protocol,synthetic-demo-contract-v1,True,-4.65465978203071,-4.730123682838574,-4.806718692253267,-4.8799149664406185,-4.963662724188897,-5.05731058810609,-5.134168624091316,-5.206259116963394
1700000003255000000,13255000000,652,651,651,0,0,,,,0,fist,hold,200.0,dev-0123456789abcdef0123456789abcdef,synthetic-2-fist,29,protocol,synthetic-demo-contract-v1,True,4.916574105452367,5.081191981629866,5.241593502076548,5.408176659283834,5.563530790806414,5.709348120856727,5.87309102584431,6.038958854910586
1700000003260000000,13260000000,653,652,652,0,0,,,,0,fist,hold,200.0,dev-0123456789abcdef0123456789abcdef,synthetic-2-fist,29,protocol,synthetic-demo-contract-v1,True,-4.713039884494124,-4.788512386862386,-4.871177982453024,-4.94492746191869,-5.030461082360487,-5.125112563427929,-5.200835475144369,-5.277076230198031
1700000003265000000,13265000000,654,653,653,0,0,,,,0,fist,hold,200.0,dev-0123456789abcdef0123456789abcdef,synthetic-2-fist,29,protocol,synthetic-demo-contract-v1,True,4.856736178085644,5.0209996285284735,5.175241991453968,5.341047246716434,5.494642387461102,5.639591266103664,5.804333846966815,5.965931356496722
1700000003270000000,13270000000,655,654,654,0,0,,,,0,fist,hold,200.0,dev-0123456789abcdef0123456789abcdef,synthetic-2-fist,29,protocol,synthetic-demo-contract-v1,True,-4.773856944585936,-4.850029290457228,-4.9388648551627075,-5.013616909351113,-5.100870597221586,-5.196249510252266,-5.271111550959063,-5.35171483440593
1700000003275000000,13275000000,656,655,655,0,0,,,,0,fist,hold,200.0,dev-0123456789abcdef0123456789abcdef,synthetic-2-fist,29,protocol,synthetic-demo-contract-v1,True,4.795422533893151,4.958647940747373,5.106787401653435,5.271367759564458,5.4232932572562484,5.567660563040923,5.733122869586464,5.890294072553633
1700000003280000000,13280000000,657,656,656,0,0,,,,0,fist,hold,200.0,dev-0123456789abcdef0123456789abcdef,synthetic-2-fist,29,protocol,synthetic-demo-contract-v1,True,-4.835184351187846,-4.912719087887712,-5.0075135249374565,-5.083708062639945,-5.1725700865287045,-5.268380919555269,-5.3426657144328145,-5.4277302628540465
1700000003285000000,13285000000,658,657,657,0,0,,,,0,fist,hold,200.0,dev-0123456789abcdef0123456789abcdef,synthetic-2-fist,29,protocol,synthetic-demo-contract-v1,True,4.734560951997291,4.896119799669688,5.038519441409092,5.20144688646157,5.351835558624507,5.495923320801121,5.661820047456276,5.814524040235169
1700000003290000000,13290000000,659,658,658,0,0,,,,0,fist,hold,200.0,dev-0123456789abcdef0123456789abcdef,synthetic-2-fist,29,protocol,synthetic-demo-contract-v1,True,-4.895107168551793,-4.974586562108459,-5.074829677452782,-5.152877973424942,-5.243195841601634,-5.339132205191462,-5.41312478704508,-5.50263348099166
1700000003295000000,13295000000,660,659,659,0,0,,,,0,fist,hold,200.0,dev-0123456789abcdef0123456789abcdef,synthetic-2-fist,29,protocol,synthetic-demo-contract-v1,True,4.676039890934961,4.835407397543897,4.9727176970545734,5.133602528025314,5.282625029161167,5.426741814754834,5.592790099806115,5.741101821777225
1700000003300000000,13300000000,661,660,660,0,0,,,,0,fist,hold,200.0,dev-0123456789abcdef0123456789abcdef,synthetic-2-fist,29,protocol,synthetic-demo-contract-v1,True,-4.9517766034867465,-5.0336579171817215,-5.1385676394050845,-5.218833060278041,-5.3104195514310994,-5.406172893435938,-5.480152122024165,-5.573972796684393
1700000003305000000,13305000000,662,661,661,0,0,,,,0,fist,hold,200.0,dev-0123456789abcdef0123456789abcdef,synthetic-2-fist,29,protocol,synthetic-demo-contract-v1,True,4.621655795972811,4.778450861501106,4.911575055231965,5.070084871511725,5.217943324298304,5.3623954838689185,5.528322221147177,5.672430081359719
1700000003310000000,13310000000,663,662,662,0,0,,,,0,fist,hold,200.0,dev-0123456789abcdef0123456789abcdef,synthetic-2-fist,29,protocol,synthetic-demo-contract-v1,True,-5.0034606836197675,-5.08804175818042,-5.196605713130058,-5.27938524977051,-5.372025059835584,-5.467293396687313,-5.541524963018337,-5.639414325606406
1700000003315000000,13315000000,664,663,663,0,0,,,,0,fist,hold,200.0,dev-0123456789abcdef0123456789abcdef,synthetic-2-fist,29,protocol,synthetic-demo-contract-v1,True,4.573064644125335,4.727078109395313,4.857124249205577,5.0130016681531595,5.1599227982369475,5.3050058196180885,5.470554294949251,5.6107547401696705
1700000003320000000,13320000000,665,664,664,0,0,,,,0,fist,hold,200.0,dev-0123456789abcdef0123456789abcdef,synthetic-2-fist,29,protocol,synthetic-demo-contract-v1,True,-5.048590308762416,-5.135987962555381,-5.247017128370575,-5.332524658195968,-5.425981425223008,-5.520477841859031,-5.595208030279349,-5.696818566416845
1700000003325000000,13325000000,666,665,665,0,0,,,,0,fist,hold,200.0,dev-0123456789abcdef0123456789abcdef,synthetic-2-fist,29,protocol,synthetic-demo-contract-v1,True,4.531738451210805,4.682947682985116,4.8111700074197365,4.964248198120599,5.110476206875457,5.25646642166072,5.42140211715823,5.558091301533206
1700000003330000000,13330000000,667,666,666,0,0,,,,0,fist,hold,200.0,dev-0123456789abcdef0123456789abcdef,synthetic-2-fist,29,protocol,synthetic-demo-contract-v1,True,-5.085800052838922,-5.175942718656987,-5.288134222660101,-5.376486396021951,-5.470509874404724,-5.563970552944842,-5.639420901156035,-5.7443105687265685
1700000003335000000,13335000000,668,667,667,0,0,,,,0,fist,hold,200.0,dev-0123456789abcdef0123456789abcdef,synthetic-2-fist,29,protocol,synthetic-demo-contract-v1,True,4.49892727484085,4.647496250702799,4.775229082391575,4.925444253836263,5.071233650209489,5.218380526273904,5.38249596985273,5.51615876748748
1700000003340000000,13340000000,669,668,668,0,0,,,,0,fist,hold,200.0,dev-0123456789abcdef0123456789abcdef,synthetic-2-fist,29,protocol,synthetic-demo-contract-v1,True,-5.1139632571646665,-5.206598082197187,-5.318603701997705,-5.409809271013972,-5.504142443203241,-5.596333995328453,-5.6726969568723815,-5.780341388066696
1700000003345000000,13345000000,670,669,669,0,0,,,,0,fist,hold,200.0,dev-0123456789abcdef0123456789abcdef,synthetic-2-fist,29,protocol,synthetic-demo-contract-v1,True,4.475627112164613,4.621892375156276,4.750480160351576,4.8978802404372646,5.043488833016045,5.192008068301078,5.355126642351614,5.4863233179934285
1700000003350000000,13350000000,671,670,670,0,0,,,,0,fist,hold,200.0,dev-0123456789abcdef0123456789abcdef,synthetic-2-fist,29,protocol,synthetic-demo-contract-v1,True,-5.132221062506718,-5.226934520629501,-5.337431146122502,-5.431384434033628,-5.525770370655614,-5.616496269788638,-5.6939319463507125,-5.803738809139306
1700000003355000000,13355000000,672,671,671,0,0,,,,0,fist,hold,200.0,dev-0123456789abcdef0123456789abcdef,synthetic-2-fist,29,protocol,synthetic-demo-contract-v1,True,4.462554012192748,4.606997999248497,4.737725307270799,4.8824741902246425,5.028156415439358,5.178224024152456,5.3402026848057975,5.469553602392688
1700000003360000000,13360000000,673,672,672,0,0,,,,0,fist,hold,200.0,dev-0123456789abcdef0123456789abcdef,synthetic-2-fist,29,protocol,synthetic-demo-contract-v1,True,-5.140005080408801,-5.23625507860899,-5.344013296528826,-5.440492344879872,-5.534680651406458,-5.623786587616907,-5.702420561027586,-5.813745672102431
1700000003365000000,13365000000,674,673,673,0,0,,,,0,fist,hold,200.0,dev-0123456789abcdef0123456789abcdef,synthetic-2-fist,29,protocol,synthetic-demo-contract-v1,True,4.460124692862601,4.603338919975975,4.737364207346163,4.879741125934754,5.025741859496868,5.177489412509566,5.33822030805173,5.466389110283624
1700000003370000000,13370000000,675,674,674,0,0,,,,0,fist,hold,200.0,dev-0123456789abcdef0123456789abcdef,synthetic-2-fist,29,protocol,synthetic-demo-contract-v1,True,-5.137053413872191,-5.234210003718022,-5.33815708712705,-5.436826823157903,-5.530579541272135,-5.617957553520794,-5.697879810863064,-5.810044544869985
1700000003375000000,13375000000,676,675,675,0,0,,,,0,fist,hold,200.0,dev-0123456789abcdef0123456789abcdef,synthetic-2-fist,29,protocol,synthetic-demo-contract-v1,True,4.4684439594461205,4.611085292346923,4.749382009773462,4.88977579766358,5.036324765572001,5.189835913019551,5.3492469255325235,5.476922658331987
1700000003380000000,13380000000,677,676,676,0,0,,,,0,fist,hold,200.0,dev-0123456789abcdef0123456789abcdef,synthetic-2-fist,29,protocol,synthetic-demo-contract-v1,True,-5.123419719557326,-5.220810918080152,-5.32008483231026,-5.420505378142537,-5.513602241070903,-5.599193517028824,-5.680458427975657,-5.792767933943644
1700000003385000000,13385000000,678,677,677,0,0,,,,0,fist,hold,200.0,dev-0123456789abcdef0123456789abcdef,synthetic-2-fist,29,protocol,synthetic-demo-contract-v1,True,4.487299245324953,4.630042940578758,4.773351134145465,4.912249373891081,5.059556248237628,5.214864615123334,5.372918882209952,5.500797564827793
1700000003390000000,13390000000,679,678,678,0,0,,,,0,fist,hold,200.0,dev-0123456789abcdef0123456789abcdef,synthetic-2-fist,29,protocol,synthetic-demo-contract-v1,True,-5.09947497802967,-5.196433904440762,-5.290425459263334,-5.392065467682126,-5.4843084394733514,-5.568104711657885,-5.650731986138493,-5.7624937023305485
1700000003395000000,13395000000,680,679,679,0,0,,,,0,fist,hold,200.0,dev-0123456789abcdef0123456789abcdef,synthetic-2-fist,29,protocol,synthetic-demo-contract-v1,True,4.516162617598201,4.659655954475092,4.808446910245278,4.9464202030819875,5.094670437921155,5.251758943995807,5.4084534464878535,5.5372196003582825
1700000003400000000,13400000000,681,680,680,0,0,,,,0,fist,hold,200.0,dev-0123456789abcdef0123456789abcdef,synthetic-2-fist,29,protocol,synthetic-demo-contract-v1,True,-5.065901626741075,-5.161811189276371,-5.250192144311806,-5.352446804180211,-5.443663861811438,-5.525707369053732,-5.60968389649476,-5.720225849958732
1700000003405000000,13405000000,682,681,681,0,0,,,,0,fist,hold,200.0,dev-0123456789abcdef0123456789abcdef,synthetic-2-fist,29,protocol,synthetic-demo-contract-v1,True,4.55420058696471,4.69902072196376,4.853476460715917,4.991158294234023,5.140509729237163,5.299311343702825,5.454674669731484,5.584983316709029
1700000003410000000,13410000000,683,682,682,0,0,,,,0,fist,hold,200.0,dev-0123456789abcdef0123456789abcdef,synthetic-2-fist,29,protocol,synthetic-demo-contract-v1,True,-5.023679733254914,-5.118011443353802,-5.200747170727725,-5.302960290003155,-5.393008433124406,-5.47339045725995,-5.558672906699197,-5.667361293648134
1700000003415000000,13415000000,684,683,683,0,0,,,,0,fist,hold,200.0,dev-0123456789abcdef0123456789abcdef,synthetic-2-fist,29,protocol,synthetic-demo-contract-v1,True,4.600292014225389,4.7469112021725115,4.906919791032233,5.044982708105956,5.195562943628798,5.35596284447621,5.510052259568772,5.642511883044357
1700000003420000000,13420000000,685,684,684,0,0,,,,0,fist,hold,200.0,dev-0123456789abcdef0123456789abcdef,synthetic-2-fist,29,protocol,synthetic-demo-contract-v1,True,-4.974064961501116,-5.066409073124096,-5.1437552521396634,-5.245244609813282,-5.3340121050066704,-5.4128701329924995,-5.499388176847674,-5.605643744268895
1700000003425000000,13425000000,686,685,685,0,0,,,,0,fist,hold,200.0,dev-0123456789abcdef0123456789abcdef,synthetic-2-fist,29,protocol,synthetic-demo-contract-v1,True,4.653054299092927,4.801814886663098,4.966981645387939,5.1061106209138005,5.258015148214542,5.419854216405903,5.5727521829394195,5.707909114130165
1700000003430000000,13430000000,687,686,686,0,0,,,,0,fist,hold,200.0,dev-0123456789abcdef0123456789abcdef,synthetic-2-fist,29,protocol,synthetic-demo-contract-v1,True,-4.91855822427662,-5.008643234153587,-5.081126947197724,-5.181211918469632,-5.268619802508886,-5.346133402773634,-5.433793416281638,-5.537106203056736
1700000003435000000,13435000000,688,687,687,0,0,,,,0,fist,hold,200.0,dev-0123456789abcdef0123456789abcdef,synthetic-2-fist,29,protocol,synthetic-demo-contract-v1,True,4.710877861298817,4.861978540440508,5.031652333082861,5.172516433380495,5.325807488468317,5.488887029841688,5.640697327027376,5.77902197447356
1700000003440000000,13440000000,689,688,688,0,0,,,,0,fist,hold,200.0,dev-0123456789abcdef0123456789abcdef,synthetic-2-fist,29,protocol,synthetic-demo-contract-v1,True,-4.858867126708793,-4.9465676489879655,-5.014954114783075,-5.112984426549336,-5.198987306021222,-5.275372843660781,-5.364061927080472,-5.464003973189172
1700000003445000000,13445000000,690,689,689,0,0,,,,0,fist,hold,200.0,dev-0123456789abcdef0123456789abcdef,synthetic-2-fist,29,protocol,synthetic-demo-contract-v1,True,4.7719686771501175,4.92546247106488,5.09877543938109,5.2419989631461705,5.3967050622358865,5.560792615979833,5.711636213583965,5.853511497958786
1700000003450000000,13450000000,691,690,690,0,0,,,,0,fist,hold,200.0,dev-0123456789abcdef0123456789abcdef,synthetic-2-fist,29,protocol,synthetic-demo-contract-v1,True,-4.796859586075108,-4.8821926440682875,-4.947439614304765,-5.0428239890847975,-5.127410181913303,-5.202914529357322,-5.292504700831638,-5.38874039434383
1700000003455000000,13455000000,692,691,691,0,0,,,,0,fist,hold,200.0,dev-0123456789abcdef0123456789abcdef,synthetic-2-fist,29,protocol,synthetic-demo-contract-v1,True,4.83439832269751,4.990201756234906,5.16612011693863,5.312254488881338,5.468370597492867,5.63320666026337,5.783217495713427,5.928929786186964
1700000003460000000,13460000000,693,692,692,0,0,,,,0,fist,hold,200.0,dev-0123456789abcdef0123456789abcdef,synthetic-2-fist,29,protocol,synthetic-demo-contract-v1,True,-4.7345103531542065,-4.817621120810782,-4.88082363443066,-4.973057036640699,-5.05624810486613,-5.131141531977335,-5.221493945156805,-5.313787746809876
1700000003465000000,13465000000,694,693,693,0,0,,,,0,fist,hold,200.0,dev-0123456789abcdef0123456789abcdef,synthetic-2-fist,29,protocol,synthetic-demo-contract-v1,True,4.896160611581056,5.054072580354117,5.231455515504873,5.380953219010202,5.538441504918239,5.703746974958597,5.853067774755533,6.002800549367094
1700000003470000000,13470000000,695,694,694,0,0,,,,0,fist,hold,200.0,dev-0123456789abcdef0123456789abcdef,synthetic-2-fist,29,protocol,synthetic-demo-contract-v1,True,-4.673841541332329,-4.754980432083896,-4.817309130596511,-4.905997343556761,-4.987847066752779,-5.062415516241082,-5.153384567872199,-5.241605929952495
1700000003475000000,13475000000,696,695,695,0,0,,,,0,fist,hold,200.0,dev-0123456789abcdef0123456789abcdef,synthetic-2-fist,29,protocol,synthetic-demo-contract-v1,True,4.955233522766084,5.114961601198678,5.292624852628108,5.445816643289718,5.60460776510026,5.770091891741387,5.9188701647913975,6.072700537809288
1700000003480000000,13480000000,697,696,696,0,0,,,,0,fist,hold,200.0,dev-0123456789abcdef0123456789abcdef,synthetic-2-fist,29,protocol,synthetic-demo-contract-v1,True,-4.616858667522012,-4.696352335132124,-4.758988864326106,-4.843869200838863,-4.924462036598648,-4.998999006554808,-5.090436214565133,-5.174561592243323
1700000003485000000,13485000000,698,697,697,0,0,,,,0,fist,hold,200.0,dev-0123456789abcdef0123456789abcdef,synthetic-2-fist,29,protocol,synthetic-demo-contract-v1,True,5.009644717944637,5.170836100230079,5.347616657590292,5.504693195452087,5.664688082676288,5.830056693833853,5.9784410071641325,6.136339183635136
1700000003490000000,13490000000,699,698,698,0,0,,,,0,fist,hold,200.0,dev-0123456789abcdef0123456789abcdef,synthetic-2-fist,29,protocol,synthetic-demo-contract-v1,True,-4.565484094212184,-4.643703324888143,-4.707776466178258,-4.788733548342893,-4.868182621281258,-4.942980886155799,-5.034738437523462,-5.114850374298553
1700000003495000000,13495000000,700,699,699,0,0,,,,0,fist,hold,200.0,dev-0123456789abcdef0123456789abcdef,synthetic-2-fist,29,protocol,synthetic-demo-contract-v1,True,5.057538581316727,5.219812574071122,5.394630832919725,5.5556297107315755,5.71670179684194,5.88166557090058,6.0298021980856715,6.191633832163452
1700000003500000000,13500000000,701,700,700,0,0,,,,0,fist,hold,200.0,dev-0123456789abcdef0123456789abcdef,synthetic-2-fist,29,protocol,synthetic-demo-contract-v1,True,-4.521490102719691,-4.5988177088823345,-4.665343792266784,-4.742419522966158,-4.82086417770466,-4.896207581958211,-4.988141470939928,-5.064424822949637
1700000003505000000,13505000000,702,701,701,0,0,,,,0,fist,hold,200.0,dev-0123456789abcdef0123456789abcdef,synthetic-2-fist,29,protocol,synthetic-demo-contract-v1,True,5.097242408046994,5.260221407718363,5.432137367954461,5.596936301530232,5.7589341775642495,5.923216726471572,6.071246736901717,6.236778088562228
1700000003510000000,13510000000,703,702,702,0,0,,,,0,fist,hold,200.0,dev-0123456789abcdef0123456789abcdef,synthetic-2-fist,29,protocol,synthetic-demo-contract-v1,True,-4.486434092036963,-4.563235760373052,-4.633066617729301,-4.706463699783088,-4.78406664746533,-4.860222202367893,-4.952194902519519,-5.024930346733827
1700000003515000000,13515000000,704,703,703,0,0,,,,0,fist,hold,200.0,dev-0123456789abcdef0123456789abcdef,synthetic-2-fist,29,protocol,synthetic-demo-contract-v1,True,5.12732915279266,5.290665337006295,5.458925799838478,5.627242493102214,5.7899929548861495,5.953338492303595,6.101395326147589,6.270301032946789
1700000003520000000,13520000000,705,704,704,0,0,,,,0,fist,hold,200.0,dev-0123456789abcdef0123456789abcdef,synthetic-2-fist,29,protocol,synthetic-demo-contract-v1,True,-4.461598556409879,-4.538199176602186,-4.611980417658035,-4.682059047411558,-4.75900313043996,-4.836213634260154,-4.928096271136857,-4.997651317533658
1700000003525000000,13525000000,706,705,705,0,0,,,,0,fist,hold,200.0,dev-0123456789abcdef0123456789abcdef,synthetic-2-fist,29,protocol,synthetic-demo-contract-v1,True,5.146674053102193,5.310069560330364,5.474143839507393,5.6455427516805505,5.808854217727352,5.97103459944741,6.119242149777081,6.291115358634698
1700000003530000000,13530000000,707,706,706,0,0,,,,0,fist,hold,200.0,dev-0123456789abcdef0123456789abcdef,synthetic-2-fist,29,protocol,synthetic-demo-contract-v1,True,-4.447938524148641,-4.524605874258161,-4.602747637391703,-4.67001529588225,-4.74649989266366,-4.824977278108727,-4.916651292613054,-4.983469088184587
1700000003535000000,13535000000,708,707,707,0,0,,,,0,fist,hold,200.0,dev-0123456789abcdef0123456789abcdef,synthetic-2-fist,29,protocol,synthetic-demo-contract-v1,True,5.154502484401468,5.317721595899091,5.477323952196255,5.651229890258383,5.814896169041204,5.975717112149316,6.124188313144687,6.298552853788935
1700000003540000000,13540000000,709,708,708,0,0,,,,0,fist,hold,200.0,dev-0123456789abcdef0123456789abcdef,synthetic-2-fist,29,protocol,synthetic-demo-contract-v1,True,-4.446039024050288,-4.522975877865232,-4.605637461984815,-4.670732035665415,-4.746969126914211,-4.826888717673396,-4.918247031815081,-4.982833302758339
1700000003545000000,13545000000,710,709,709,0,0,,,,0,fist,hold,200.0,dev-0123456789abcdef0123456789abcdef,synthetic-2-fist,29,protocol,synthetic-demo-contract-v1,True,5.150426595307237,5.313299295458634,5.4683970907892405,5.644115240515669,5.807919624525223,5.9672259363641595,6.116061835682921,6.292386064135284
1700000003550000000,13550000000,711,710,710,0,0,,,,0,fist,hold,200.0,dev-0123456789abcdef0123456789abcdef,synthetic-2-fist,29,protocol,synthetic-demo-contract-v1,True,-4.456084877494311,-4.533429706068424,-4.620518672699521,-4.684185442936628,-4.760395364000938,-4.841891195279754,-4.932838911792395,-4.995747437881072
1700000003555000000,13555000000,712,711,711,0,0,,,,0,fist,hold,200.0,dev-0123456789abcdef0123456789abcdef,synthetic-2-fist,29,protocol,synthetic-demo-contract-v1,True,5.134468615674019,5.296885809595833,5.4476932118784385,5.624434919711852,5.788154579106707,5.94583425625016,6.095123531296843,6.272835430061324
1700000003560000000,13560000000,713,712,712,0,0,,,,0,fist,hold,200.0,dev-0123456789abcdef0123456789abcdef,synthetic-2-fist,29,protocol,synthetic-demo-contract-v1,True,-4.477844697560485,-4.555680246281869,-4.646865740904494,-4.709929072753959,-4.786335982735727,-4.869497309552253,-4.959951993664977,-5.021769044314233
1700000003565000000,13565000000,714,713,713,0,0,,,,0,fist,hold,200.0,dev-0123456789abcdef0123456789abcdef,synthetic-2-fist,29,protocol,synthetic-demo-contract-v1,True,5.107069215885791,5.268970741104373,5.415928644085711,5.5928419840674355,5.756252624726854,5.912239715023306,6.062058577639652,6.240561670171211
1700000003570000000,13570000000,715,714,714,0,0,,,,0,fist,hold,200.0,dev-0123456789abcdef0123456789abcdef,synthetic-2-fist,29,protocol,synthetic-demo-contract-v1,True,-4.510670425988901,-4.589038643733404,-4.68377787153276,-4.747108693687777,-4.823935801773964,-4.908804884436788,-4.998696489549351,-5.0600246735769865
1700000003575000000,13575000000,716,715,715,0,0,,,,0,fist,hold,200.0,dev-0123456789abcdef0123456789abcdef,synthetic-2-fist,29,protocol,synthetic-demo-contract-v1,True,5.069079904632483,5.230437206244951,5.374180811337947,5.550384729807374,5.7132654693854255,5.86754162573184,6.017954048247416,6.196643669501438
1700000003580000000,13580000000,717,716,716,0,0,,,,0,fist,hold,200.0,dev-0123456789abcdef0123456789abcdef,synthetic-2-fist,29,protocol,synthetic-demo-contract-v1,True,-4.553513079267884,-4.6324342331104935,-4.730010283783587,-4.794490670198007,-4.871955272277942,-4.958526491877894,-5.047797000519099,-5.109238990589889
1700000003585000000,13585000000,718,717,717,0,0,,,,0,fist,hold,200.0,dev-0123456789abcdef0123456789abcdef,synthetic-2-fist,29,protocol,synthetic-demo-contract-v1,True,5.02173915429719,5.182535031368358,5.323851226107895,5.4984718639798364,5.660610265606107,5.813204957423588,5.964263145386589,6.142542608076413
1700000003590000000,13590000000,719,718,718,0,0,,,,0,fist,hold,200.0,dev-0123456789abcdef0123456789abcdef,synthetic-2-fist,29,protocol,synthetic-demo-contract-v1,True,-4.604954640281462,-4.684448028430146,-4.784016619925754,-4.850502948268507,-4.928811341978436,-5.017031660956229,-5.105634517973029,-5.167777106112546
1700000003595000000,13595000000,720,719,719,0,0,,,,0,fist,hold,200.0,dev-0123456789abcdef0123456789abcdef,synthetic-2-fist,29,protocol,synthetic-demo-contract-v1,True,4.966632700739812,5.126840824887358,5.266618045770631,5.438825704028772,5.600022891334955,5.751012277676413,5.902757311085791,6.0800535185664515
1700000003600000000,13600000000,721,720,720,0,0,,,,0,fist,hold,200.0,dev-0123456789abcdef0123456789abcdef,synthetic-2-fist,29,protocol,synthetic-demo-contract-v1,True,-4.663255262255937,-4.743358779403673,-4.844001016628661,-4.913287280511554,-4.992629643473781,-5.082400388449694,-5.170299804809463,-5.233698727526737
1700000003605000000,13605000000,722,721,721,0,0,,,,0,fist,hold,200.0,dev-0123456789abcdef0123456789abcdef,synthetic-2-fist,29,protocol,synthetic-demo-contract-v1,True,4.905639234783567,5.065206161635945,5.204379817134836,5.373424963326449,5.533500723455119,5.683005229201085,5.835467794662973,6.011245875578495
1700000003610000000,13610000000,723,722,722,0,0,,,,0,fist,hold,200.0,dev-0123456789abcdef0123456789abcdef,synthetic-2-fist,29,protocol,synthetic-demo-contract-v1,True,-4.726414191838804,-4.807200120925241,-4.907978068451138,-4.980760953121269,-5.061306286280806,-5.152486193420231,-5.239656396418253,-5.304822337616019
1700000003615000000,13615000000,724,723,723,0,0,,,,0,fist,hold,200.0,dev-0123456789abcdef0123456789abcdef,synthetic-2-fist,29,protocol,synthetic-demo-contract-v1,True,4.840863440518357,4.999695577854205,5.139192309544689,5.304439026191972,5.463236790496702,5.61141746313568,5.764618603877032,5.9383951799345285
1700000003620000000,13620000000,725,724,724,0,0,,,,0,fist,hold,200.0,dev-0123456789abcdef0123456789abcdef,synthetic-2-fist,29,protocol,synthetic-demo-contract-v1,True,-4.792242113758875,-4.873826906448472,-4.9738386693279555,-5.050685961139724,-5.1325772155464024,-5.224986643818017,-5.311411143141267,-5.37879728122032
1700000003625000000,13625000000,726,725,725,0,0,,,,0,fist,hold,200.0,dev-0123456789abcdef0123456789abcdef,synthetic-2-fist,29,protocol,synthetic-demo-contract-v1,True,4.774558995532051,4.932516480870292,5.073200547380568,5.234155898796577,5.3915474753216355,5.538601233363395,5.692553052100626,5.863907797294122
1700000003630000000,13630000000,727,726,726,0,0,,,,0,fist,hold,200.0,dev-0123456789abcdef0123456789abcdef,synthetic-2-fist,29,protocol,synthetic-demo-contract-v1,True,-4.858442014315495,-4.940988444658377,-5.039419542341515,-5.1207433310240145,-5.204092850879145,-5.297519036606191,-5.383189966040628,-5.453181379853477
1700000003635000000,13635000000,728,727,727,0,0,,,,0,fist,hold,200.0,dev-0123456789abcdef0123456789abcdef,synthetic-2-fist,29,protocol,synthetic-demo-contract-v1,True,4.709044688918873,4.8659434102918215,5.00856829223467,5.164906232369318,5.320796151200699,5.466950065413168,5.621656326195578,5.790241531915861
1700000003640000000,13640000000,729,728,728,0,0,,,,0,fist,hold,200.0,dev-0123456789abcdef0123456789abcdef,synthetic-2-fist,29,protocol,synthetic-demo-contract-v1,True,-4.922695193418885,-5.00640606850443,-5.102574165642119,-5.188610118702294,-5.273495544691291,-5.367698742672808,-5.452616324816217,-5.525521513109626
1700000003645000000,13645000000,730,729,729,0,0,,,,0,fist,hold,200.0,dev-0123456789abcdef0123456789abcdef,synthetic-2-fist,29,protocol,synthetic-demo-contract-v1,True,4.6466171995549885,4.8022393320820775,4.947407289828861,5.09898594528275,5.253315268763294,5.398820043339538,5.554276632047867,5.719824555946331
1700000003650000000,13650000000,731,730,730,0,0,,,,0,fist,hold,200.0,dev-0123456789abcdef0123456789abcdef,synthetic-2-fist,29,protocol,synthetic-demo-contract-v1,True,-4.982748755602568,-5.067852269808341,-5.161242775518936,-5.252036522857002,-5.3384973064911385,-5.433217639434397,-5.517389806259794,-5.593434508906594
1700000003655000000,13655000000,732,731,731,0,0,,,,0,fist,hold,200.0,dev-0123456789abcdef0123456789abcdef,synthetic-2-fist,29,protocol,synthetic-demo-contract-v1,True,4.589464283975846,4.743576791591141,4.891708585688721,5.038580016599085,5.19132946237023,5.336452304132622,5.492647522598846,5.654975367793106
1700000003660000000,13660000000,733,732,732,0,0,,,,0,fist,hold,200.0,dev-0123456789abcdef0123456789abcdef,synthetic-2-fist,29,protocol,synthetic-demo-contract-v1,True,-5.036500799724092,-5.123228541050478,-5.2135191762675115,-5.308920549999282,-5.396955230798058,-5.491920050473883,-5.575362236728626,-5.654685675489923
1700000003665000000,13665000000,734,733,733,0,0,,,,0,fist,hold,200.0,dev-0123456789abcdef0123456789abcdef,synthetic-2-fist,29,protocol,synthetic-demo-contract-v1,True,4.539582135575478,4.691961788754424,4.843278127980185,4.985689983984594,5.136882210852909,5.281899290143579,5.438813975092273,5.597826418149212
1700000003670000000,13670000000,735,734,734,0,0,,,,0,fist,hold,200.0,dev-0123456789abcdef0123456789abcdef,synthetic-2-fist,29,protocol,synthetic-demo-contract-v1,True,-5.0820796136348365,-5.170639084079113,-5.257712208149457,-5.357377750080381,-5.446942142056862,-5.541873692931308,-5.624608802951089,-5.707262386929723
1700000003675000000,13675000000,736,735,735,0,0,,,,0,fist,hold,200.0,dev-0123456789abcdef0123456789abcdef,synthetic-2-fist,29,protocol,synthetic-demo-contract-v1,True,4.49870049226668,4.649163165015272,4.803678719430489,4.942067554902776,5.091768470385628,5.236957186991634,5.394564661377727,5.5502539202647565
1700000003680000000,13680000000,737,736,736,0,0,,,,0,fist,hold,200.0,dev-0123456789abcdef0123456789abcdef,synthetic-2-fist,29,protocol,synthetic-demo-contract-v1,True,-5.117913460212127,-5.208457674300826,-5.292399914579509,-5.395803706155326,-5.4868101276090195,-5.581433297018265,-5.6634918293940295,-5.749440297964345
1700000003685000000,13685000000,738,737,737,0,0,,,,0,fist,hold,200.0,dev-0123456789abcdef0123456789abcdef,synthetic-2-fist,29,protocol,synthetic-demo-contract-v1,True,4.468218698094587,4.616650108503483,4.774180158798285,4.909156535838468,5.0574755003752445,5.203106771478161,5.361372651505162,5.513816156150569
1700000003690000000,13690000000,739,738,738,0,0,,,,0,fist,hold,200.0,dev-0123456789abcdef0123456789abcdef,synthetic-2-fist,29,protocol,synthetic-demo-contract-v1,True,-5.142787998885682,-5.235385204614042,-5.316474700770448,-5.4229272034492775,-5.515244864236571,-5.609294802586709,-5.690715102038147,-5.7798400080474845
1700000003695000000,13695000000,740,739,739,0,0,,,,0,fist,hold,200.0,dev-0123456789abcdef0123456789abcdef,synthetic-2-fist,29,protocol,synthetic-demo-contract-v1,True,4.449155387257936,4.595540097722868,4.755719133826356,4.888045006820116,5.035133833154239,5.181464617834157,5.340346513211048,5.489702309324521
1700000003700000000,13700000000,741,740,740,0,0,,,,0,fist,hold,200.0,dev-0123456789abcdef0123456789abcdef,synthetic-2-fist,29,protocol,synthetic-demo-contract-v1,True,-5.155888995101207,-5.250495767545405,-5.329178079627968,-5.4378523139873325,-5.531308947301971,-5.624538347247615,-5.705366939769087,-5.797472310274583
1700000003705000000,13705000000,742,741,741,0,0,,,,0,fist,hold,200.0,dev-0123456789abcdef0123456789abcdef,synthetic-2-fist,29,protocol,synthetic-demo-contract-v1,True,4.4421137885301425,4.586559225065641,4.74887010160697,4.879429326973859,5.02548000385349,5.172746270245881,5.332193427377422,5.47869350676001
1700000003710000000,13710000000,743,742,742,0,0,,,,0,fist,hold,200.0,dev-0123456789abcdef0123456789abcdef,synthetic-2-fist,29,protocol,synthetic-demo-contract-v1,True,-5.156828692720633,-5.253269554047818,-5.3301239463842265,-5.440088002346639,-5.534472794057165,-5.626658628929538,-5.70695058544094,-5.8017705380689755
1700000003715000000,13715000000,744,743,743,0,0,,,,0,fist,hold,200.0,dev-0123456789abcdef0123456789abcdef,synthetic-2-fist,29,protocol,synthetic-demo-contract-v1,True,4.4472638842383025,4.590016384536116,4.753828029785035,4.883591162671256,5.028832269134741,5.177242596230813,5.337195543428738,5.481137349358009
1700000003720000000,13720000000,745,744,744,0,0,,,,0,fist,hold,200.0,dev-0123456789abcdef0123456789abcdef,synthetic-2-fist,29,protocol,synthetic-demo-contract-v1,True,-5.145655018080599,-5.243611336753481,-5.319309699774818,-5.429564273738735,-5.5246321023361205,-5.615581640877106,-5.695400906781663,-5.792608948644702
1700000003725000000,13725000000,746,745,745,0,0,,,,0,fist,hold,200.0,dev-0123456789abcdef0123456789abcdef,synthetic-2-fist,29,protocol,synthetic-demo-contract-v1,True,4.464341846112059,4.605792291229437,4.770403484981907,4.900388296181481,5.045080115260441,5.194810102009127,5.355200361975521,5.496936764852497
1700000003730000000,13730000000,747,746,746,0,0,,,,0,fist,hold,200.0,dev-0123456789abcdef0123456789abcdef,synthetic-2-fist,29,protocol,synthetic-demo-contract-v1,True,-5.122843602465509,-5.221853844611131,-5.297114922184962,-5.406634333657885,-5.5021112890721415,-5.591667225261349,-5.671086848901407,-5.7703065432671155
1700000003735000000,13735000000,748,747,747,0,0,,,,0,fist,hold,200.0,dev-0123456789abcdef0123456789abcdef,synthetic-2-fist,29,protocol,synthetic-demo-contract-v1,True,4.492666357992735,4.633343744127952,4.7980301558075205,4.929259514078047,5.073687901387213,5.224875531793,5.38562546921814,5.525553544273151
1700000003740000000,13740000000,749,748,748,0,0,,,,0,fist,hold,200.0,dev-0123456789abcdef0123456789abcdef,synthetic-2-fist,29,protocol,synthetic-demo-contract-v1,True,-5.089273404694869,-5.188745903027138,-5.264287731403948,-5.3720626937933105,-5.467652795282754,-5.55569735806236,-5.634799550340346,-5.735616204992326
1700000003745000000,13745000000,750,749,749,0,0,,,,0,fist,hold,200.0,dev-0123456789abcdef0123456789abcdef,synthetic-2-fist,29,protocol,synthetic-demo-contract-v1,True,4.53117066905861,4.671722971144896,4.835784499599583,4.969243406273919,5.113712517974908,5.2664546030070705,5.427477473954101,5.566026438527706
1700000003750000000,13750000000,751,750,750,0,0,,,,0,fist,hold,200.0,dev-0123456789abcdef0123456789abcdef,synthetic-2-fist,29,protocol,synthetic-demo-contract-v1,True,-5.046187442641793,-5.1454257858801125,-5.221919309727306,-5.326999626283181,-5.422392610103505,-5.508850547340399,-5.587726507841948,-5.689699519025202
1700000003755000000,13755000000,752,751,751,0,0,,,,0,fist,hold,200.0,dev-0123456789abcdef0123456789abcdef,synthetic-2-fist,29,protocol,synthetic-demo-contract-v1,True,4.578448543134342,4.719611329299026,4.882416817138611,5.019010444075893,5.1638344781685275,5.318184264322006,5.479384529115751,5.617003211313805
1700000003760000000,13760000000,753,752,752,0,0,,,,0,fist,hold,200.0,dev-0123456789abcdef0123456789abcdef,synthetic-2-fist,29,protocol,synthetic-demo-contract-v1,True,-4.995140762701322,-5.093380779869399,-5.171407489829568,-5.272942822115548,-5.36782282076696,-5.452663183983147,-5.531412635744119,-5.634088113113137
1700000003765000000,13765000000,754,753,753,0,0,,,,0,fist,hold,200.0,dev-0123456789abcdef0123456789abcdef,synthetic-2-fist,29,protocol,synthetic-demo-contract-v1,True,4.632811715098437,4.775366096385382,4.936392699998179,5.076907264461467,5.222401417167102,5.378367418339266,5.5396413710781465,5.676785584269529
1700000003770000000,13770000000,755,754,754,0,0,,,,0,fist,hold,200.0,dev-0123456789abcdef0123456789abcdef,synthetic-2-fist,29,protocol,synthetic-demo-contract-v1,True,-4.937938258585014,-5.0343944751838565,-5.114410619568399,-5.211687534451696,-5.305742423137358,-5.388979113462966,-5.467709498838154,-5.570632799914137
1700000003775000000,13775000000,756,755,755,0,0,,,,0,fist,hold,200.0,dev-0123456789abcdef0123456789abcdef,synthetic-2-fist,29,protocol,synthetic-demo-contract-v1,True,4.692356060483238,4.837078605137467,4.995943471911173,5.1410116825695855,5.287482565540858,5.445028640458819,5.606265396330144,5.7433855852015565
1700000003780000000,13780000000,757,756,756,0,0,,,,0,fist,hold,200.0,dev-0123456789abcdef0123456789abcdef,synthetic-2-fist,29,protocol,synthetic-demo-contract-v1,True,-4.876565274432946,-4.970483748841249,-5.052793229260748,-5.145266869725846,-5.2381980144243405,-5.3198890849199865,-5.398714388459042,-5.501442205385887
1700000003785000000,13785000000,758,757,757,0,0,,,,0,fist,hold,200.0,dev-0123456789abcdef0123456789abcdef,synthetic-2-fist,29,protocol,synthetic-demo-contract-v1,True,4.755033444499585,4.9026415560005345,5.059123968304809,5.209196598631772,5.356932400681248,5.5159790634028525,5.677061930155927,5.81459143440498
1700000003790000000,13790000000,759,758,758,0,0,,,,0,fist,hold,200.0,dev-0123456789abcdef0123456789abcdef,synthetic-2-fist,29,protocol,synthetic-demo-contract-v1,True,-4.813114082330909,-4.903827780369371,-4.988565275996793,-5.07588421586757,-5.16741632325203,-5.247662067235457,-5.326701247528605,-5.4288129136811305
1700000003795000000,13795000000,760,759,759,0,0,,,,0,fist,hold,200.0,dev-0123456789abcdef0123456789abcdef,synthetic-2-fist,29,protocol,synthetic-demo-contract-v1,True,4.81872614597816,4.969823016477041,5.123875775170483,5.279200671063526,5.42846137799393,5.58888829498042,5.749696537785188,5.888040789896331
1700000003800000000,13800000000,761,760,760,0,0,,,,0,fist,hold,200.0,dev-0123456789abcdef0123456789abcdef,synthetic-2-fist,29,protocol,synthetic-demo-contract-v1,True,-4.749709312498105,-4.836691719386363,-4.923816932897979,-5.005840057068825,-5.095730801356837,-5.174670689695995,-5.254045720173721,-5.355153438387149
1700000003805000000,13805000000,762,761,761,0,0,,,,0,fist,hold,200.0,dev-0123456789abcdef0123456789abcdef,synthetic-2-fist,29,protocol,synthetic-demo-contract-v1,True,4.881320842988804,5.036344385971921,5.188093886109427,5.3487034039478,5.499711410047669,5.661361004905207,5.821771995093801,5.961298930174546
1700000003810000000,13810000000,763,762,762,0,0,,,,0,fist,hold,200.0,dev-0123456789abcdef0123456789abcdef,synthetic-2-fist,29,protocol,synthetic-demo-contract-v1,True,-4.6884352480447085,-4.7713478007921095,-4.860651021412398,-4.937455609568021,-5.025504696956951,-5.103313258544994,-5.183146796459336,-5.282904533010035
1700000003815000000,13815000000,764,763,763,0,0,,,,0,fist,hold,200.0,dev-0123456789abcdef0123456789abcdef,synthetic-2-fist,29,protocol,synthetic-demo-contract-v1,True,4.940779382886625,5.09995948324257,5.249694639215535,5.41540215205806,5.5683336053669645,5.731015662460027,5.8909073810955155,6.031939290880431
1700000003820000000,13820000000,765,764,764,0,0,,,,0,fist,hold,200.0,dev-0123456789abcdef0123456789abcdef,synthetic-2-fist,29,protocol,synthetic-demo-contract-v1,True,-4.631267597061631,-4.70999676990716,-4.801115248302654,-4.872995816848168,-4.959053145824618,-5.035934913786709,-5.116347636255241,-5.214458473692842
1700000003825000000,13825000000,766,765,765,0,0,,,,0,fist,hold,200.0,dev-0123456789abcdef0123456789abcdef,synthetic-2-fist,29,protocol,synthetic-demo-contract-v1,True,4.995203914497102,5.158531902407923,5.306682765862496,5.477088484652357,5.6320657040626845,5.795562835616477,5.954816683292063,6.097623694780959
1700000003830000000,13830000000,767,766,766,0,0,,,,0,fist,hold,200.0,dev-0123456789abcdef0123456789abcdef,synthetic-2-fist,29,protocol,synthetic-demo-contract-v1,True,-4.580011952028992,-4.654692435884014,-4.747136404518643,-4.8145942620550075,-4.898566848475888,-4.974750519319446,-5.055858184527285,-5.152079980324503
1700000003835000000,13835000000,768,767,767,0,0,,,,0,fist,hold,200.0,dev-0123456789abcdef0123456789abcdef,synthetic-2-fist,29,protocol,synthetic-demo-contract-v1,True,5.042894402205127,5.210107881753249,5.357215421810702,5.531721372512062,5.6888066574892715,5.852880476221595,6.011384321819918,6.156179625384092
1700000003840000000,13840000000,769,768,768,0,0,,,,0,fist,hold,200.0,dev-0123456789abcdef0123456789abcdef,synthetic-2-fist,29,protocol,synthetic-demo-contract-v1,True,-4.536250674081421,-4.607272020618831,-4.700458611342799,-4.76418248976082,-4.84603984960284,-4.921771822869077,-5.003682132446133,-5.097831387363523
1700000003845000000,13845000000,770,769,769,0,0,,,,0,fist,hold,200.0,dev-0123456789abcdef0123456789abcdef,synthetic-2-fist,29,protocol,synthetic-demo-contract-v1,True,5.082397035510153,5.252982131480262,5.399661175629415,5.577494770249251,5.736685893269792,5.901083714606229,6.058735098784551,6.205671992818656
1700000003850000000,13850000000,771,770,770,0,0,,,,0,fist,hold,200.0,dev-0123456789abcdef0123456789abcdef,synthetic-2-fist,29,protocol,synthetic-demo-contract-v1,True,-4.501299433554434,-4.5692947201742315,-4.662587562766885,-4.723426080695794,-4.803203800635363,-4.878741282125025,-4.961550636522118,-5.0535045346925465
1700000003855000000,13855000000,772,771,771,0,0,,,,0,fist,hold,200.0,dev-0123456789abcdef0123456789abcdef,synthetic-2-fist,29,protocol,synthetic-demo-contract-v1,True,5.11254255719815,5.285754362082753,5.43265209654306,5.6128973541066145,5.774124982236764,5.938586867213472,6.0952962619219475,6.2444670231320725
1700000003860000000,13860000000,773,772,772,0,0,,,,0,fist,hold,200.0,dev-0123456789abcdef0123456789abcdef,synthetic-2-fist,29,protocol,synthetic-demo-contract-v1,True,-4.476174133657356,-4.541990558312247,-4.634742516652052,-4.693669596761346,-4.771470872590983,-4.847074734545684,-4.930864986164494,-5.020561626303151
1700000003865000000,13865000000,774,773,773,0,0,,,,0,fist,hold,200.0,dev-0123456789abcdef0123456789abcdef,synthetic-2-fist,29,protocol,synthetic-demo-contract-v1,True,5.132474024880512,5.307374630491253,5.4551273079053315,5.636762437982695,5.799889674321936,5.964155616669684,6.119849630772646,6.2712861628309735
1700000003870000000,13870000000,775,774,774,0,0,,,,0,fist,hold,200.0,dev-0123456789abcdef0123456789abcdef,synthetic-2-fist,29,protocol,synthetic-demo-contract-v1,True,-4.461568472809245,-4.526221202399447,-4.617817537250239,-4.675892217136464,-4.75188720119803,-4.827814797693743,-4.912650115916508,-5.0000870079405315
1700000003875000000,13875000000,776,775,775,0,0,,,,0,fist,hold,200.0,dev-0123456789abcdef0123456789abcdef,synthetic-2-fist,29,protocol,synthetic-demo-contract-v1,True,5.1416639651422456,5.3171760598650835,5.4663666463604095,5.648306418423375,5.813130587933988,5.976947646715921,6.131572060377338,6.285248220701501
1700000003880000000,13880000000,777,776,776,0,0,,,,0,fist,hold,200.0,dev-0123456789abcdef0123456789abcdef,synthetic-2-fist,29,protocol,synthetic-demo-contract-v1,True,-4.457841989132917,-4.522453948533333,-4.612353196096696,-4.670675529526508,-4.745098399061404,-4.8215965342386005,-4.907520501811739,-4.992751453816541
1700000003885000000,13885000000,778,777,777,0,0,,,,0,fist,hold,200.0,dev-0123456789abcdef0123456789abcdef,synthetic-2-fist,29,protocol,synthetic-demo-contract-v1,True,5.139921254477672,5.3148939720944535,5.466013381707108,5.647154481846259,5.813411211422119,5.976540393963038,6.130062901349012,6.285898357789832
1700000003890000000,13890000000,779,778,778,0,0,,,,0,fist,hold,200.0,dev-0123456789abcdef0123456789abcdef,synthetic-2-fist,29,protocol,synthetic-demo-contract-v1,True,-4.4650180963833845,-4.530749584820324,-4.618519606400853,-4.6781845355168,-4.751328271827338,-4.8286265125224,-4.9156595735774795,-4.998790139049857
1700000003895000000,13895000000,780,779,779,0,0,,,,0,fist,hold,200.0,dev-0123456789abcdef0123456789abcdef,synthetic-2-fist,29,protocol,synthetic-demo-contract-v1,True,5.127388352164864,5.300670979618922,5.4540852987088195,5.633352731523766,5.800722293504614,5.96294500204689,6.115357543405811,6.273222971059105
1700000003900000000,13900000000,781,780,780,0,0,,,,0,fist,hold,200.0,dev-0123456789abcdef0123456789abcdef,synthetic-2-fist,29,protocol,synthetic-demo-contract-v1,True,-4.482791374289226,-4.5507643296911136,-4.636111308172776,-4.6981624891094995,-4.770371440008811,-4.8486759530916546,-4.936813329206167,-5.017995022265639
1700000003905000000,13905000000,782,781,781,0,0,,,,0,fist,hold,200.0,dev-0123456789abcdef0123456789abcdef,synthetic-2-fist,29,protocol,synthetic-demo-contract-v1,True,5.104529711514779,5.275048094632508,5.43097380888366,5.6073663436835925,5.775482148254748,5.936606017505718,6.087926587954404,6.247649982315684
1700000003910000000,13910000000,783,782,782,0,0,,,,0,fist,hold,200.0,dev-0123456789abcdef0123456789abcdef,synthetic-2-fist,29,protocol,synthetic-demo-contract-v1,True,-4.5105432192916695,-4.581765536239507,-4.664554148449812,-4.729939727513233,-4.801600109707089,-4.881088188339028,-4.970298370394462,-5.049721886714269
1700000003915000000,13915000000,784,783,783,0,0,,,,0,fist,hold,200.0,dev-0123456789abcdef0123456789abcdef,synthetic-2-fist,29,protocol,synthetic-demo-contract-v1,True,5.07211231036081,5.238942409248097,5.39743113640381,5.570063826431795,5.738522864589661,5.898386835652886,6.048660668986926,6.210034526129835
1700000003920000000,13920000000,785,784,784,0,0,,,,0,fist,hold,200.0,dev-0123456789abcdef0123456789abcdef,synthetic-2-fist,29,protocol,synthetic-demo-contract-v1,True,-4.547364887144441,-4.622660373098196,-4.70292392454882,-4.772456188443638,-4.843984769019774,-4.924800191620583,-5.015024101935841,-5.092911804064277
1700000003925000000,13925000000,786,785,785,0,0,,,,0,fist,hold,200.0,dev-0123456789abcdef0123456789abcdef,synthetic-2-fist,29,protocol,synthetic-demo-contract-v1,True,5.031179279758141,5.193612361251716,5.354545996142581,5.522687916605374,5.69106287489232,5.849541373444954,5.998841414782112,6.16163051274858
1700000003930000000,13930000000,787,786,786,0,0,,,,0,fist,hold,200.0,dev-0123456789abcdef0123456789abcdef,synthetic-2-fist,29,protocol,synthetic-demo-contract-v1,True,-4.592086952940214,-4.672036254816343,-4.7499761897396215,-4.824296854044134,-4.8961281278393205,-4.9783774694031635,-5.069528371020067,-5.1461263086713
1700000003935000000,13935000000,788,787,787,0,0,,,,0,fist,hold,200.0,dev-0123456789abcdef0123456789abcdef,synthetic-2-fist,29,protocol,synthetic-demo-contract-v1,True,4.983017588359123,5.140612010350548,5.303708542252324,5.466814092777334,5.634666787093602,5.791672899424363,5.940099500079852,6.104049008493997
1700000003940000000,13940000000,789,788,788,0,0,,,,0,fist,hold,200.0,dev-0123456789abcdef0123456789abcdef,synthetic-2-fist,29,protocol,synthetic-demo-contract-v1,True,-4.643314257771184,-4.728211415109859,-4.8041862713165795,-4.88373893313857,-4.9563111821526125,-5.040061170383611,-5.132025378945488,-5.2075951173440425
1700000003945000000,13945000000,790,789,789,0,0,,,,0,fist,hold,200.0,dev-0123456789abcdef0123456789abcdef,synthetic-2-fist,29,protocol,synthetic-demo-contract-v1,True,4.929120679721171,5.08173609571928,5.246565701492734,5.4042980927556465,5.571193804425616,5.7266813733383675,5.874361164449895,6.039204811462738
1700000003950000000,13950000000,791,790,790,0,0,,,,0,fist,hold,200.0,dev-0123456789abcdef0123456789abcdef,synthetic-2-fist,29,protocol,synthetic-demo-contract-v1,True,-4.69946548228195,-4.789293706748468,-4.863798231343916,-4.94880920509406,-5.022549884245262,-5.10782586357351,-5.200464292616211,-5.275274815363354
1700000003955000000,13955000000,792,791,791,0,0,,,,0,fist,hold,200.0,dev-0123456789abcdef0123456789abcdef,synthetic-2-fist,29,protocol,synthetic-demo-contract-v1,True,4.871146883642409,5.018957916792821,5.184968306664843,5.337214187443431,5.5027364332861275,5.65670102609567,5.803784953442668,5.969252990125326
1700000003960000000,13960000000,793,792,792,0,0,,,,0,fist,hold,200.0,dev-0123456789abcdef0123456789abcdef,synthetic-2-fist,29,protocol,synthetic-demo-contract-v1,True,-4.7588165630636725,-4.853245480890237,-4.926881220070999,-5.017349612966364,-5.092660550570636,-5.179446086288456,-5.272596629744533,-5.346916567431729
1700000003965000000,13965000000,794,793,793,0,0,,,,0,fist,hold,200.0,dev-0123456789abcdef0123456789abcdef,synthetic-2-fist,29,protocol,synthetic-demo-contract-v1,True,4.8108743526843085,4.9543622687387,5.120911702793681,5.267786267835737,5.431551499824807,5.584030231877008,5.730690762222945,5.896517483805057
1700000003970000000,13970000000,795,794,794,0,0,,,,0,fist,hold,200.0,dev-0123456789abcdef0123456789abcdef,synthetic-2-fist,29,protocol,synthetic-demo-contract-v1,True,-4.81954722717018,-4.917952251485424,-4.991391439681911,-5.087088921909936,-5.164331850989979,-5.252569474374182,-5.3460502015785645,-5.420140614286353
1700000003975000000,13975000000,796,795,795,0,0,,,,0,fist,hold,200.0,dev-0123456789abcdef0123456789abcdef,synthetic-2-fist,29,protocol,synthetic-demo-contract-v1,True,4.7501532306009056,4.890075768551634,5.056471704300663,5.19831403815951,5.359985749419477,5.511055977894465,5.657483516074149,5.823414126060883
1700000003980000000,13980000000,797,796,796,0,0,,,,0,fist,hold,200.0,dev-0123456789abcdef0123456789abcdef,synthetic-2-fist,29,protocol,synthetic-demo-contract-v1,True,-4.879789945971325,-4.9812927884901494,-5.055237758758733,-5.155718060006758,-5.2352010061228365,-5.324794070343897,-5.41840717981022,-5.492515091729899
1700000003985000000,13985000000,798,797,797,0,0,,,,0,fist,hold,200.0,dev-0123456789abcdef0123456789abcdef,synthetic-2-fist,29,protocol,synthetic-demo-contract-v1,True,4.690855754807052,4.828196927438926,4.993737929009172,5.131096767957449,5.290398481795602,5.440175415144925,5.586574000004386,5.752370636060727
1700000003990000000,13990000000,799,798,798,0,0,,,,0,fist,hold,200.0,dev-0123456789abcdef0123456789abcdef,synthetic-2-fist,29,protocol,synthetic-demo-contract-v1,True,-4.937680590803766,-5.041208305185269,-5.116348901067076,-5.220966639211813,-5.302931680818639,-5.393747267524507,-5.487283717271506,-5.561636566208953
1700000003995000000,13995000000,800,799,799,0,0,,,,0,fist,hold,200.0,dev-0123456789abcdef0123456789abcdef,synthetic-2-fist,29,protocol,synthetic-demo-contract-v1,True,4.634825038205907,4.770728263580975,4.934746619845991,5.068357134067691,5.225083772268153,5.373717069670508,5.520299444798159,5.685746223039627
1700000004000000000,14000000000,801,800,800,0,0,,,,0,fist,hold,200.0,dev-0123456789abcdef0123456789abcdef,synthetic-2-fist,29,protocol,synthetic-demo-contract-v1,True,-4.991410005107132,-5.095768504907754,-5.172740079689236,-5.280678117889386,-5.365291005844389,-5.457163794345563,-5.5504084996413265,-5.625209624504924
1700000004005000000,14005000000,802,801,801,0,0,,,,0,fist,hold,200.0,dev-0123456789abcdef0123456789abcdef,synthetic-2-fist,29,protocol,synthetic-demo-contract-v1,True,4.583823367254552,4.719512612834451,4.881415084805587,5.012167677474858,5.166194843228917,5.3138643051531345,5.4608464860765045,5.625753461592077
1700000004010000000,14010000000,803,802,802,0,0,,,,0,fist,hold,200.0,dev-0123456789abcdef0123456789abcdef,synthetic-2-fist,29,protocol,synthetic-demo-contract-v1,True,-5.039275594124578,-5.143232423312558,-5.22257696090199,-5.33288111451093,-5.4202231886235905,-5.512960174333727,-5.605697639415592,-5.681122886461004
1700000004015000000,14015000000,804,803,803,0,0,,,,0,fist,hold,200.0,dev-0123456789abcdef0123456789abcdef,synthetic-2-fist,29,protocol,synthetic-demo-contract-v1,True,4.539480986165171,4.676175592304011,4.835479839346489,4.964382310222026,5.115673079115679,5.262583553756443,5.410179035922657,5.574385020435699
1700000004020000000,14020000000,805,804,804,0,0,,,,0,fist,hold,200.0,dev-0123456789abcdef0123456789abcdef,synthetic-2-fist,29,protocol,synthetic-demo-contract-v1,True,-5.079731884307672,-5.1821022340778615,-5.264234921323065,-5.375854512783631,-5.465917286309755,-5.559303213166615,-5.651323442746171,-5.7275189279132634
1700000004025000000,14025000000,806,805,805,0,0,,,,0,fist,hold,200.0,dev-0123456789abcdef0123456789abcdef,synthetic-2-fist,29,protocol,synthetic-demo-contract-v1,True,4.503246497739843,4.642075913616145,4.7984404240761975,4.9265751370798005,5.075184025018487,5.22155967541352,5.3699734459086175,5.53334766688461
1700000004030000000,14030000000,807,806,806,0,0,,,,0,fist,hold,200.0,dev-0123456789abcdef0123456789abcdef,synthetic-2-fist,29,protocol,synthetic-demo-contract-v1,True,-5.111438837235492,-5.211168467360512,-5.2963517045621105,-5.408184207318775,-5.5008669069274365,-5.594670260487168,-5.685774780524348,-5.762855802220057
1700000004035000000,14035000000,808,807,807,0,0,,,,0,fist,hold,200.0,dev-0123456789abcdef0123456789abcdef,synthetic-2-fist,29,protocol,synthetic-demo-contract-v1,True,4.47634017990466,4.618264941129838,4.771510697494663,4.899988611248382,5.046062478849409,5.192140571396592,5.341563101190298,5.5040057288815225
1700000004040000000,14040000000,809,808,808,0,0,,,,0,fist,hold,200.0,dev-0123456789abcdef0123456789abcdef,synthetic-2-fist,29,protocol,synthetic-demo-contract-v1,True,-5.133306538974157,-5.229545408951875,-5.31787178581668,-5.428809618879832,-5.523919870420375,-5.617899264625806,-5.707907070681794,-5.785958126348338
1700000004045000000,14045000000,810,809,809,0,0,,,,0,fist,hold,200.0,dev-0123456789abcdef0123456789abcdef,synthetic-2-fist,29,protocol,synthetic-demo-contract-v1,True,4.45971166999833,4.60545655781853,4.755579173723662,4.885492731282945,5.029268487215832,5.175292873703846,5.325894275581314,5.487335883993921
1700000004050000000,14050000000,811,810,810,0,0,,,,0,fist,hold,200.0,dev-0123456789abcdef0123456789abcdef,synthetic-2-fist,29,protocol,synthetic-demo-contract-v1,True,-5.144534750057374,-5.236695791262035,-5.328081008641397,-5.437058449869609,-5.534316192436662,-5.628226974026136,-5.716980220048638,-5.796056042215032
1700000004055000000,14055000000,812,811,811,0,0,,,,0,fist,hold,200.0,dev-0123456789abcdef0123456789abcdef,synthetic-2-fist,29,protocol,synthetic-demo-contract-v1,True,4.454003581039984,4.604008050841074,4.75117969531153,4.883556618143968,5.025355695676234,5.171570167568374,5.32349470735218,5.48389477059458
1700000004060000000,14060000000,813,812,812,0,0,,,,0,fist,hold,200.0,dev-0123456789abcdef0123456789abcdef,synthetic-2-fist,29,protocol,synthetic-demo-contract-v1,True,-5.1446457188310255,-5.232444242448902,-5.326630359922068,-5.432668542588875,-5.531713138644022,-5.625314028979734,-5.712683270017468,-5.79281076451764
1700000004065000000,14065000000,814,813,813,0,0,,,,0,fist,hold,200.0,dev-0123456789abcdef0123456789abcdef,synthetic-2-fist,29,protocol,synthetic-demo-contract-v1,True,4.459522661083742,4.61391237212644,4.758473409692898,4.894233399095309,5.034453096771776,5.181094792217748,5.33445593711052,5.493800492872197
1700000004070000000,14070000000,815,814,814,0,0,,,,0,fist,hold,200.0,dev-0123456789abcdef0123456789abcdef,synthetic-2-fist,29,protocol,synthetic-demo-contract-v1,True,-5.133508654913553,-5.2169793153633455,-5.3135480878845955,-5.415796131839004,-5.516196523612464,-5.6092561184216825,-5.695144927685482,-5.7763258693987245
1700000004075000000,14075000000,816,815,815,0,0,,,,0,fist,hold,200.0,dev-0123456789abcdef0123456789abcdef,synthetic-2-fist,29,protocol,synthetic-demo-contract-v1,True,4.4762200671613,4.634801777976919,4.7772426643560815,4.917158882853162,5.056260777544298,5.203553818450345,5.358429996269104,5.516728632335364
1700000004080000000,14080000000,817,816,816,0,0,,,,0,fist,hold,200.0,dev-0123456789abcdef0123456789abcdef,synthetic-2-fist,29,protocol,synthetic-demo-contract-v1,True,-5.111354348669026,-5.190844262735766,-5.289239733541115,-5.38701023535095,-5.488277881775385,-5.580580834836669,-5.664929628686337,-5.747143949348063
1700000004085000000,14085000000,818,817,817,0,0,,,,0,fist,hold,200.0,dev-0123456789abcdef0123456789abcdef,synthetic-2-fist,29,protocol,synthetic-demo-contract-v1,True,4.50368218357298,4.665962515857092,4.806897060940784,4.951564052655332,5.090059806731729,5.238209335338086,5.394640562210889,5.551922899233001
1700000004090000000,14090000000,819,818,818,0,0,,,,0,fist,hold,200.0,dev-0123456789abcdef0123456789abcdef,synthetic-2-fist,29,protocol,synthetic-demo-contract-v1,True,-5.078778618996339,-5.1549170497909,-5.2544760271910915,-5.347273385269359,-5.448877603733725,-5.540230330697091,-5.623019254281777,-5.706228743204235
1700000004095000000,14095000000,820,819,819,0,0,,,,0,fist,hold,200.0,dev-0123456789abcdef0123456789abcdef,synthetic-2-fist,29,protocol,synthetic-demo-contract-v1,True,4.541133162215077,4.7063599148095765,4.846491523823165,4.996300945985393,5.134735935690946,5.2839227077553454,5.441908219871123,5.5982200736363605
1700000004100000000,14100000000,821,820,820,0,0,,,,0,fist,hold,200.0,dev-0123456789abcdef0123456789abcdef,synthetic-2-fist,29,protocol,synthetic-demo-contract-v1,True,-5.036733579345515,-5.110380392414841,-5.210368986734104,-5.297909356237818,-5.399294593846625,-5.4895303468240195,-5.570781097771698,-5.654933330015544
1700000004105000000,14105000000,822,821,821,0,0,,,,0,fist,hold,200.0,dev-0123456789abcdef0123456789abcdef,synthetic-2-fist,29,protocol,synthetic-demo-contract-v1,True,4.587450000790249,4.7546729553378215,4.8947558561295885,5.049881046742589,5.188816331702501,5.33919200695373,5.4986890047681065,5.654088413778297
1700000004110000000,14110000000,823,822,822,0,0,,,,0,fist,hold,200.0,dev-0123456789abcdef0123456789abcdef,synthetic-2-fist,29,protocol,synthetic-demo-contract-v1,True,-4.986506125460427,-5.058682871920379,-5.158336931649944,-5.2405589755270165,-5.34116344940333,-5.430146631265356,-5.50992312833391,-5.594955436015982
1700000004115000000,14115000000,824,823,823,0,0,,,,0,fist,hold,200.0,dev-0123456789abcdef0123456789abcdef,synthetic-2-fist,29,protocol,synthetic-demo-contract-v1,True,4.641190513072863,4.809337150493724,4.95013488750622,5.110524902363259,5.250518132674662,5.402201383169744,5.563124964837643,5.717678264211917
1700000004120000000,14120000000,825,824,824,0,0,,,,0,fist,hold,200.0,dev-0123456789abcdef0123456789abcdef,synthetic-2-fist,29,protocol,synthetic-demo-contract-v1,True,-4.929683553308965,-5.001492401793382,-5.1000594837115525,-5.177125493900886,-5.276400573045471,-5.364030181976759,-5.4424380190918376,-5.528281329862592
1700000004125000000,14125000000,826,825,825,0,0,,,,0,fist,hold,200.0,dev-0123456789abcdef0123456789abcdef,synthetic-2-fist,29,protocol,synthetic-demo-contract-v1,True,4.70063400303167,4.868594366097508,5.010837975014584,5.176221308429171,5.317807222549537,5.470880756520354,5.633105082186089,5.7868831931256
1700000004130000000,14130000000,827,826,826,0,0,,,,0,fist,hold,200.0,dev-0123456789abcdef0123456789abcdef,synthetic-2-fist,29,protocol,synthetic-demo-contract-v1,True,-4.868106788563644,-4.940643504501236,-5.037423951444884,-5.10971133954852,-5.207140994945245,-5.293353114126847,-5.370537776729027,-5.4571201585046225
1700000004135000000,14135000000,828,827,827,0,0,,,,0,fist,hold,200.0,dev-0123456789abcdef0123456789abcdef,synthetic-2-fist,29,protocol,synthetic-demo-contract-v1,True,4.763833858943555,4.930548046854391,5.074896312223732,5.244794088835954,5.388465289769289,5.54297386313063,5.706334554136444,5.859409640049089
1700000004140000000,14140000000,829,828,828,0,0,,,,0,fist,hold,200.0,dev-0123456789abcdef0123456789abcdef,synthetic-2-fist,29,protocol,synthetic-demo-contract-v1,True,-4.803812318900633,-4.878079995797831,-4.972464779495775,-5.040548360113782,-5.135667987515418,-5.2204372611374215,-5.296581120105993,-5.383830892155475
1700000004145000000,14145000000,830,829,829,0,0,,,,0,fist,hold,200.0,dev-0123456789abcdef0123456789abcdef,synthetic-2-fist,29,protocol,synthetic-demo-contract-v1,True,4.828680668641763,4.993222197727507,5.140226241925161,5.313974250970097,5.4601629580938775,5.616112418710836,5.780410156972481,5.932852773701983
1700000004150000000,14150000000,831,830,830,0,0,,,,0,fist,hold,200.0,dev-0123456789abcdef0123456789abcdef,synthetic-2-fist,29,protocol,synthetic-demo-contract-v1,True,-4.73896453084916,-4.815794769397729,-4.907297977035102,-4.9719238703643605,-5.064337793034625,-5.147677857470207,-5.222995994855905,-5.310844291375222
1700000004155000000,14155000000,832,831,831,0,0,,,,0,fist,hold,200.0,dev-0123456789abcdef0123456789abcdef,synthetic-2-fist,29,protocol,synthetic-demo-contract-v1,True,4.892973861005291,5.054622396368346,5.204696563576129,5.381475120680931,5.5305365788752185,5.687893960693874,5.852899214693906,6.004776054169663
1700000004160000000,14160000000,833,832,832,0,0,,,,0,fist,hold,200.0,dev-0123456789abcdef0123456789abcdef,synthetic-2-fist,29,protocol,synthetic-demo-contract-v1,True,-4.675780724522603,-4.755768426748309,-4.844052613236655,-4.906104958439144,-4.995501945683728,-5.077464812826586,-5.152199771934312,-5.240582474165326
1700000004165000000,14165000000,834,833,833,0,0,,,,0,fist,hold,200.0,dev-0123456789abcdef0123456789abcdef,synthetic-2-fist,29,protocol,synthetic-demo-contract-v1,True,4.954499341566836,5.112797081996368,5.266197684631384,5.445067966791761,5.597266153185751,5.755960809172477,5.92141957552422,6.072791870736439
1700000004170000000,14170000000,835,834,834,0,0,,,,0,fist,hold,200.0,dev-0123456789abcdef0123456789abcdef,synthetic-2-fist,29,protocol,synthetic-demo-contract-v1,True,-4.6164515727555555,-4.6999085059121395,-4.784801576551196,-4.845263557547076,-4.931429748793416,-5.0121041665193795,-5.086519755250295,-5.175378740775159
1700000004175000000,14175000000,836,835,835,0,0,,,,0,fist,hold,200.0,dev-0123456789abcdef0123456789abcdef,synthetic-2-fist,29,protocol,synthetic-demo-contract-v1,True,5.011110150173509,5.165897377588441,5.322710390536404,5.502655612478113,5.658151814951816,5.818077550212726,5.983717964821246,6.134640590627118
1700000004180000000,14180000000,837,836,836,0,0,,,,0,fist,hold,200.0,dev-0123456789abcdef0123456789abcdef,synthetic-2-fist,29,protocol,synthetic-demo-contract-v1,True,-4.563060169283797,-4.649991031767082,-4.731493833802784,-4.79140476082372,-4.874233462986647,-4.9537423047077365,-5.028116614251045,-5.117400305978409
1700000004185000000,14185000000,838,837,837,0,0,,,,0,fist,hold,200.0,dev-0123456789abcdef0123456789abcdef,synthetic-2-fist,29,protocol,synthetic-demo-contract-v1,True,5.060806860128974,5.2122337539283,5.372372004447621,5.552341601311278,5.711186353681308,5.872204493868407,6.037744135572312,6.188265405807398
1700000004190000000,14190000000,839,838,838,0,0,,,,0,fist,hold,200.0,dev-0123456789abcdef0123456789abcdef,synthetic-2-fist,29,protocol,synthetic-demo-contract-v1,True,-4.517503042690136,-4.607606038636284,-4.685890393014123,-4.746300745901229,-4.8257986715296886,-4.904295432160984,-4.978913261951143,-5.068576493146445
1700000004195000000,14195000000,840,839,839,0,0,,,,0,fist,hold,200.0,dev-0123456789abcdef0123456789abcdef,synthetic-2-fist,29,protocol,synthetic-demo-contract-v1,True,5.1018142882842366,5.250327934065018,5.4135377756401155,5.592492636635634,5.754621385937211,5.916564691771846,6.0817183751037796,6.231880503170204
1700000004200000000,14200000000,841,840,840,0,0,,,,0,fist,hold,200.0,dev-0123456789abcdef0123456789abcdef,synthetic-2-fist,29,protocol,synthetic-demo-contract-v1,True,-4.481416576201814,-4.574108608080409,-4.649506070533245,-4.7114324864464985,-4.787722118529062,-4.86538661723385,-4.940531520511597,-5.030534764662647
1700000004205000000,14205000000,842,841,841,0,0,,,,0,fist,hold,200.0,dev-0123456789abcdef0123456789abcdef,synthetic-2-fist,29,protocol,synthetic-demo-contract-v1,True,5.132651111920296,5.278958562948248,5.444835473715551,5.621792239072644,5.787024994089983,5.949702311165519,6.1141901444927305,6.264030303340967
1700000004210000000,14210000000,843,842,842,0,0,,,,0,fist,hold,200.0,dev-0123456789abcdef0123456789abcdef,synthetic-2-fist,29,protocol,synthetic-demo-contract-v1,True,-4.456112155584055,-4.550576821089511,-4.623558990968322,-4.687941166885909,-4.761259069255263,-4.838292479490322,-4.91423866093641,-5.004546705008373
1700000004215000000,14215000000,844,843,843,0,0,,,,0,fist,hold,200.0,dev-0123456789abcdef0123456789abcdef,synthetic-2-fist,29,protocol,synthetic-demo-contract-v1,True,5.152189197831434,5.297199327193376,5.465211370519259,5.639283860693645,5.807328932178583,5.970530446684994,6.134085918281909,6.283637807723967
1700000004220000000,14220000000,845,844,844,0,0,,,,0,fist,hold,200.0,dev-0123456789abcdef0123456789abcdef,synthetic-2-fist,29,protocol,synthetic-demo-contract-v1,True,-4.442523067319224,-4.5377778476495205,-4.608929512364652,-4.676590892541075,-4.747281927959398,-4.8239012721113586,-4.900905579161746,-4.991485744717077
1700000004225000000,14225000000,846,845,845,0,0,,,,0,fist,hold,200.0,dev-0123456789abcdef0123456789abcdef,synthetic-2-fist,29,protocol,synthetic-demo-contract-v1,True,5.1596998368331874,5.304448401621688,5.473966057308156,5.64440204592551,5.814863842650167,5.978366798745159,6.14074464690006,6.290040452580885
1700000004230000000,14230000000,847,846,846,0,0,,,,0,fist,hold,200.0,dev-0123456789abcdef0123456789abcdef,synthetic-2-fist,29,protocol,synthetic-demo-contract-v1,True,-4.4411656978821865,-4.536143190225723,-4.606129975833038,-4.677743911293028,-4.746251477424232,-4.822683736306889,-4.900977988426712,-4.991798026156262
1700000004235000000,14235000000,848,847,847,0,0,,,,0,fist,hold,200.0,dev-0123456789abcdef0123456789abcdef,synthetic-2-fist,29,protocol,synthetic-demo-contract-v1,True,5.154884626253114,5.300448319655722,5.470778863322337,5.6369906268013805,5.809381322992274,5.9729560465784175,6.1339396710100536,6.283012281038233
1700000004240000000,14240000000,849,848,848,0,0,,,,0,fist,hold,200.0,dev-0123456789abcdef0123456789abcdef,synthetic-2-fist,29,protocol,synthetic-demo-contract-v1,True,-4.452116964571677,-4.54575386406424,-4.615286337268715,-4.691349147220898,-4.758201688392064,-4.834677684764917,-4.914461579912633,-5.005487378527344
1700000004245000000,14245000000,850,849,849,0,0,,,,0,fist,hold,200.0,dev-0123456789abcdef0123456789abcdef,synthetic-2-fist,29,protocol,synthetic-demo-contract-v1,True,5.13788942616727,5.285295610633652,5.455720003810305,5.617307370498665,5.791062114789395,5.954478181688137,6.113886362464499,6.26277169537173
1700000004250000000,14250000000,851,850,850,0,0,,,,0,fist,hold,200.0,dev-0123456789abcdef0123456789abcdef,synthetic-2-fist,29,protocol,synthetic-demo-contract-v1,True,-4.475009171556771,-4.566336039828105,-4.636132359393147,-4.716944405255658,-4.782738599655248,-4.859486819537663,-4.940921644297261,-5.032114903870807
1700000004255000000,14255000000,852,851,851,0,0,,,,0,fist,hold,200.0,dev-0123456789abcdef0123456789abcdef,synthetic-2-fist,29,protocol,synthetic-demo-contract-v1,True,5.109300595338816,5.259439814863653,5.429249979492871,5.586014945916109,5.760510145236306,5.923542529308356,6.081235235985291,6.229974527821969
1700000004260000000,14260000000,853,852,852,0,0,,,,0,fist,hold,200.0,dev-0123456789abcdef0123456789abcdef,synthetic-2-fist,29,protocol,synthetic-demo-contract-v1,True,-4.509042672190838,-4.597267397077792,-4.668016637010345,-4.753672153404196,-4.819053305729258,-4.896293821549175,-4.979497171207775,-5.070813193587384
1700000004265000000,14265000000,854,853,853,0,0,,,,0,fist,hold,200.0,dev-0123456789abcdef0123456789abcdef,synthetic-2-fist,29,protocol,synthetic-demo-contract-v1,True,5.0701235462620176,5.223671772269724,5.392206162957372,5.544158528448079,5.7187326175408355,5.881167656204601,6.037050753649908,6.185692652856617
1700000004270000000,14270000000,855,854,854,0,0,,,,0,fist,hold,200.0,dev-0123456789abcdef0123456789abcdef,synthetic-2-fist,29,protocol,synthetic-demo-contract-v1,True,-4.5530158763305355,-4.637594145386849,-4.709922310028025,-4.800308340521784,-4.865948623945208,-4.943887279516826,-5.028928967227425,-5.120314711946746
1700000004275000000,14275000000,856,855,855,0,0,,,,0,fist,hold,200.0,dev-0123456789abcdef0123456789abcdef,synthetic-2-fist,29,protocol,synthetic-demo-contract-v1,True,5.021744497729082,5.179101377438872,5.3457769272534374,5.493130803147706,5.667106806573504,5.828747827321812,5.98277651503073,6.1313788412191
1700000004280000000,14280000000,857,856,856,0,0,,,,0,fist,hold,200.0,dev-0123456789abcdef0123456789abcdef,synthetic-2-fist,29,protocol,synthetic-demo-contract-v1,True,-4.605371317842261,-4.686058369252333,-4.760498901010661,-4.855303277769133,-4.921878561830904,-5.0007015709548215,-5.087600871795626,-5.178993415192127
1700000004285000000,14285000000,858,857,857,0,0,,,,0,fist,hold,200.0,dev-0123456789abcdef0123456789abcdef,synthetic-2-fist,29,protocol,synthetic-demo-contract-v1,True,4.965877099492167,5.127125296498529,5.291464084304108,5.434625541569913,5.6073346544079055,5.7680071161119075,5.920187973895322,6.06881901053688
1700000004290000000,14290000000,859,858,858,0,0,,,,0,fist,hold,200.0,dev-0123456789abcdef0123456789abcdef,synthetic-2-fist,29,protocol,synthetic-demo-contract-v1,True,-4.664255740244345,-4.741135050153909,-4.818105310555195,-4.916833214957931,-4.98499928366393,-5.064868382044076,-5.153592719228762,-5.244918237603333
1700000004295000000,14295000000,860,859,859,0,0,,,,0,fist,hold,200.0,dev-0123456789abcdef0123456789abcdef,synthetic-2-fist,29,protocol,synthetic-demo-contract-v1,True,4.9044963110023,5.069385442331921,5.2310347919773985,5.370581303080011,5.541386662595355,5.70094267930485,5.851334232982684,6.000073443705578
1700000004300000000,14300000000,861,860,860,0,0,,,,0,fist,hold,200.0,dev-0123456789abcdef0123456789abcdef,synthetic-2-fist,29,protocol,synthetic-demo-contract-v1,True,-4.727591510951529,-4.801077821783284,-4.880862628097318,-4.982860892021034,-5.053229895988275,-5.134278170519038,-5.224743308374861,-5.315916683684496
1700000004305000000,14305000000,862,861,861,0,0,,,,0,fist,hold,200.0,dev-0123456789abcdef0123456789abcdef,synthetic-2-fist,29,protocol,synthetic-demo-contract-v1,True,4.839762494629337,5.007719296108142,5.1664644455981135,5.3031171349719335,5.4714369308706905,5.629759063070568,5.778470828000739,5.9274089109699135
1700000004310000000,14310000000,863,862,862,0,0,,,,0,fist,hold,200.0,dev-0123456789abcdef0123456789abcdef,synthetic-2-fist,29,protocol,synthetic-demo-contract-v1,True,-4.793156173232792,-4.86397223106087,-4.946715080638059,-5.051203052346723,-5.124321048185597,-5.206649548923338,-5.298721311836779,-5.389646431446883
1700000004315000000,14315000000,864,863,863,0,0,,,,0,fist,hold,200.0,dev-0123456789abcdef0123456789abcdef,synthetic-2-fist,29,protocol,synthetic-demo-contract-v1,True,4.773939101304455,4.944103436174244,5.0998723800712416,5.234462406775346,5.3997914838604935,5.556795702241165,5.703985708797504,5.853223932544918
1700000004320000000,14320000000,865,864,864,0,0,,,,0,fist,hold,200.0,dev-0123456789abcdef0123456789abcdef,synthetic-2-fist,29,protocol,synthetic-demo-contract-v1,True,-4.858666616660659,-4.927795017141804,-5.01349715894154,-5.119602678270752,-5.195929086554061,-5.27960430536797,-5.373101795111911,-5.463672586598472
1700000004325000000,14325000000,866,865,865,0,0,,,,0,fist,hold,200.0,dev-0123456789abcdef0123456789abcdef,synthetic-2-fist,29,protocol,synthetic-demo-contract-v1,True,4.709307561717208,4.880591880761907,5.03345246175661,5.166883104147438,5.328812248638899,5.484449997833999,5.6303208498647574,5.7799696458199366
1700000004330000000,14330000000,867,866,866,0,0,,,,0,fist,hold,200.0,dev-0123456789abcdef0123456789abcdef,synthetic-2-fist,29,protocol,synthetic-demo-contract-v1,True,-4.921864207213787,-4.990477692580601,-5.079004740043799,-5.185803556968746,-5.265693317265849,-5.350745593842407,-5.445445831022268,-5.535548040094603
1700000004335000000,14335000000,868,867,867,0,0,,,,0,fist,hold,200.0,dev-0123456789abcdef0123456789abcdef,synthetic-2-fist,29,protocol,synthetic-demo-contract-v1,True,4.648083039346305,4.819251059274856,4.969400835654238,5.102607020611583,5.260839189353907,5.415098503188426,5.559892066547143,5.710068887150957
1700000004340000000,14340000000,869,868,868,0,0,,,,0,fist,hold,200.0,dev-0123456789abcdef0123456789abcdef,synthetic-2-fist,29,protocol,synthetic-demo-contract-v1,True,-4.980597270872693,-5.049972524533372,-5.141067874544952,-5.24762471220293,-5.331313831084565,-5.417736722261048,-5.513380592545862,-5.602894278145959
1700000004345000000,14345000000,870,869,869,0,0,,,,0,fist,hold,200.0,dev-0123456789abcdef0123456789abcdef,synthetic-2-fist,29,protocol,synthetic-demo-contract-v1,True,4.592334555256622,4.762093388956884,4.909843206303643,5.043750317555141,5.19811316590291,5.351018810839601,5.495009672795678,5.645836158141119
1700000004350000000,14350000000,871,870,870,0,0,,,,0,fist,hold,200.0,dev-0123456789abcdef0123456789abcdef,synthetic-2-fist,29,protocol,synthetic-demo-contract-v1,True,-5.032897560947723,-5.104318878233743,-5.197622833004966,-5.303032246089649,-5.390627324204122,-5.47837794718103,-5.5746772909846465,-5.663479977849776
1700000004355000000,14355000000,872,871,871,0,0,,,,0,fist,hold,200.0,dev-0123456789abcdef0123456789abcdef,synthetic-2-fist,29,protocol,synthetic-demo-contract-v1,True,4.543912673140443,4.711011540987802,4.856764065409817,4.992247873438565,5.1427020597665125,5.29431470877884,5.437802589053812,5.589401118138772
1700000004360000000,14360000000,873,872,872,0,0,,,,0,fist,hold,200.0,dev-0123456789abcdef0123456789abcdef,synthetic-2-fist,29,protocol,synthetic-demo-contract-v1,True,-5.077047739612809,-5.151707807970117,-5.246781011219733,-5.3502062248095275,-5.4416784156323255,-5.530678750125116,-5.627324396859231,-5.7152947936538165
1700000004365000000,14365000000,874,873,873,0,0,,,,0,fist,hold,200.0,dev-0123456789abcdef0123456789abcdef,synthetic-2-fist,29,protocol,synthetic-demo-contract-v1,True,4.504387461493742,4.667715525170829,4.81194023349679,4.949789713902087,5.09643260240153,5.24684706677554,5.390148395783432,5.542638129355585
1700000004370000000,14370000000,875,874,874,0,0,,,,0,fist,hold,200.0,dev-0123456789abcdef0123456789abcdef,synthetic-2-fist,29,protocol,synthetic-demo-contract-v1,True,-5.111637438624142,-5.190542769001515,-5.286892379971953,-5.387600409847528,-5.48278411000744,-5.5729232195014395,-5.669593735697029,-5.7566158975247905
1700000004375000000,14375000000,876,875,875,0,0,,,,0,fist,hold,200.0,dev-0123456789abcdef0123456789abcdef,synthetic-2-fist,29,protocol,synthetic-demo-contract-v1,True,4.474998861673572,4.633674699654556,4.776880957455827,4.917765609819342,5.0608301535986495,5.210172724526166,5.353611632940315,5.507104182307768
1700000004380000000,14380000000,877,876,876,0,0,,,,0,fist,hold,200.0,dev-0123456789abcdef0123456789abcdef,synthetic-2-fist,29,protocol,synthetic-demo-contract-v1,True,-5.135606096039299,-5.219494381990616,-5.316601329072958,-5.413992876226717,-5.51258928070946,-5.6037263893128335,-5.700097284892791,-5.7860650737932
1700000004385000000,14385000000,878,877,877,0,0,,,,0,fist,hold,200.0,dev-0123456789abcdef0123456789abcdef,synthetic-2-fist,29,protocol,synthetic-demo-contract-v1,True,4.456620925485133,4.610066717959623,4.752776604008548,4.897219657251929,5.037068415124589,5.185493389778671,5.329392374808843,5.4839872537443135
1700000004390000000,14390000000,879,878,878,0,0,,,,0,fist,hold,200.0,dev-0123456789abcdef0123456789abcdef,synthetic-2-fist,29,protocol,synthetic-demo-contract-v1,True,-5.148271453389029,-5.237547312025694,-5.334892993492912,-5.428525863220202,-5.530111344160949,-5.622079683705833,-5.717832803375737,-5.802654480352629
1700000004395000000,14395000000,880,879,879,0,0,,,,0,fist,hold,200.0,dev-0123456789abcdef0123456789abcdef,synthetic-2-fist,29,protocol,synthetic-demo-contract-v1,True,4.449740686588844,4.597735258819658,4.740457716797667,4.888816320860158,5.025930737433178,5.173616224941728,5.318286771912906,5.474066805916134
1700000004400000000,14400000000,881,880,880,0,0,,,,0,fist,hold,200.0,dev-0123456789abcdef0123456789abcdef,synthetic-2-fist,29,protocol,synthetic-demo-contract-v1,True,-5.149343298114755,-5.244037526922537,-5.341128453898529,-5.430733561023701,-5.534772652544948,-5.627383975109946,-5.722216792865235,-5.805819560973191
1700000004405000000,14405000000,882,881,881,0,0,,,,0,fist,hold,200.0,dev-0123456789abcdef0123456789abcdef,synthetic-2-fist,29,protocol,synthetic-demo-contract-v1,True,4.454451739085524,4.597158146644346,4.74036587048248,4.892819041714626,5.027784295042548,5.174927415885001,5.320660858341968,5.477687736264769
1700000004410000000,14410000000,883,882,882,0,0,,,,0,fist,hold,200.0,dev-0123456789abcdef0123456789abcdef,synthetic-2-fist,29,protocol,synthetic-demo-contract-v1,True,-5.13892270762555,-5.238678471128925,-5.335067565396306,-5.420556936924381,-5.5264195370530045,-5.6194691714495075,-5.713103705963268,-5.79543801665866
1700000004415000000,14415000000,884,883,883,0,0,,,,0,fist,hold,200.0,dev-0123456789abcdef0123456789abcdef,synthetic-2-fist,29,protocol,synthetic-demo-contract-v1,True,4.470461953814215,4.608427166382708,4.752537369514162,4.90908209428507,5.042567981935726,5.189379589339798,5.3364384867092,5.494748643537741
1700000004420000000,14420000000,885,884,884,0,0,,,,0,fist,hold,200.0,dev-0123456789abcdef0123456789abcdef,synthetic-2-fist,29,protocol,synthetic-demo-contract-v1,True,-5.117487656900644,-5.221575026073817,-5.316878575058633,-5.39834513332795,-5.505327373866817,-5.598599691248197,-5.6907907685148755,-5.771834203292502
1700000004425000000,14425000000,886,885,885,0,0,,,,0,fist,hold,200.0,dev-0123456789abcdef0123456789abcdef,synthetic-2-fist,29,protocol,synthetic-demo-contract-v1,True,4.497114202182667,4.631240513834854,4.776600414755423,4.937055939455547,5.069794426035551,5.216493489586932,5.365103788442182,5.524704804569851
1700000004430000000,14430000000,887,886,886,0,0,,,,0,fist,hold,200.0,dev-0123456789abcdef0123456789abcdef,synthetic-2-fist,29,protocol,synthetic-demo-contract-v1,True,-5.085866360857295,-5.193224516104108,-5.287134127532886,-5.364843413406317,-5.47219150586385,-5.565465649795564,-5.656008256688659,-5.735768803142886
1700000004435000000,14435000000,888,887,887,0,0,,,,0,fist,hold,200.0,dev-0123456789abcdef0123456789abcdef,synthetic-2-fist,29,protocol,synthetic-demo-contract-v1,True,4.533418504903179,4.664908411571404,4.811785911836759,4.975805875210874,5.108566056342956,5.255373855971252,5.405718079480391,5.566585771053961
1700000004440000000,14440000000,889,888,888,0,0,,,,0,fist,hold,200.0,dev-0123456789abcdef0123456789abcdef,synthetic-2-fist,29,protocol,synthetic-demo-contract-v1,True,-5.0452001140856835,-5.154504449324392,-5.246793714079683,-5.321168073456409,-5.4281043193300045,-5.521160049622315,-5.609895547523754,-5.688414103298689
1700000004445000000,14445000000,890,889,889,0,0,,,,0,fist,hold,200.0,dev-0123456789abcdef0123456789abcdef,synthetic-2-fist,29,protocol,synthetic-demo-contract-v1,True,4.578093695657944,4.708371974765008,4.85695163617843,5.024043348846637,5.1576046930551325,5.304738975650498,5.456950656434305,5.619027013546505
1700000004450000000,14450000000,891,890,890,0,0,,,,0,fist,hold,200.0,dev-0123456789abcdef0123456789abcdef,synthetic-2-fist,29,protocol,synthetic-demo-contract-v1,True,-4.99689765217066,-5.106647140325053,-5.197173078362047,-5.268769169707896,-5.374519231388657,-5.467142728866573,-5.553963729518112,-5.6313156887813465
1700000004455000000,14455000000,892,891,891,0,0,,,,0,fist,hold,200.0,dev-0123456789abcdef0123456789abcdef,synthetic-2-fist,29,protocol,synthetic-demo-contract-v1,True,4.629616494263194,4.760234945851638,4.910619016538154,5.080168878583237,5.215293685169653,5.36296293624131,5.517122471480237,5.680314576606761
1700000004460000000,14460000000,893,892,892,0,0,,,,0,fist,hold,200.0,dev-0123456789abcdef0123456789abcdef,synthetic-2-fist,29,protocol,synthetic-demo-contract-v1,True,-4.942583188911089,-5.051201830597146,-5.1399015365707035,-5.209382307193207,-5.313202775368296,-5.40519225656066,-5.490046001800384,-5.566341806269068
1700000004465000000,14465000000,894,893,893,0,0,,,,0,fist,hold,200.0,dev-0123456789abcdef0123456789abcdef,synthetic-2-fist,29,protocol,synthetic-demo-contract-v1,True,4.686275817198407,4.8188074491397925,4.971021367332135,5.14232515196903,5.279731206429013,5.428129185463972,5.58426125075421,5.748441279634843
1700000004470000000,14470000000,895,894,894,0,0,,,,0,fist,hold,200.0,dev-0123456789abcdef0123456789abcdef,synthetic-2-fist,29,protocol,synthetic-demo-contract-v1,True,-4.884040290136926,-4.9899853846739095,-5.076868584674252,-5.14497109628815,-5.246176363704862,-5.337347360102272,-5.420237491990303,-5.495622061298426
1700000004475000000,14475000000,896,895,895,0,0,,,,0,fist,hold,200.0,dev-0123456789abcdef0123456789abcdef,synthetic-2-fist,29,protocol,synthetic-demo-contract-v1,True,4.746230203217993,4.882160464403527,5.036162004818866,5.208458535893859,5.348792952604484,5.498093633244801,5.656166244704527,5.821172616813795
1700000004480000000,14480000000,897,896,896,0,0,,,,0,fist,hold,200.0,dev-0123456789abcdef0123456789abcdef,synthetic-2-fist,29,protocol,synthetic-demo-contract-v1,True,-4.823153643686967,-4.925023077355452,-5.0101615372133965,-5.077662186947018,-5.175649648274295,-5.265839814163507,-5.346826470795198,-5.421477464048613
1700000004485000000,14485000000,898,897,897,0,0,,,,0,fist,hold,200.0,dev-0123456789abcdef0123456789abcdef,synthetic-2-fist,29,protocol,synthetic-demo-contract-v1,True,4.8075663784836795,4.948189300504443,5.103880337429605,5.276386959248433,5.420202173185254,5.57055521823172,5.730480482148752,5.896120189152038
1700000004490000000,14490000000,899,898,898,0,0,,,,0,fist,hold,200.0,dev-0123456789abcdef0123456789abcdef,synthetic-2-fist,29,protocol,synthetic-demo-contract-v1,True,-4.761850599109606,-4.858481381575355,-4.941996256956842,-5.009675031586245,-5.103947675057558,-5.193021000726708,-5.272219224264484,-5.3463441247419405
1700000004495000000,14495000000,900,899,899,0,0,,,,0,fist,hold,200.0,dev-0123456789abcdef0123456789abcdef,synthetic-2-fist,29,protocol,synthetic-demo-contract-v1,True,4.868357204187033,5.0146839839861945,5.171923738376807,5.343871923142762,5.4916047287462675,5.64313161561985,5.804768153078536,5.9708202525404275
1700000004500000000,14500000000,901,900,900,0,0,,,,0,fist,hold,200.0,dev-0123456789abcdef0123456789abcdef,synthetic-2-fist,29,protocol,synthetic-demo-contract-v1,True,-4.702044106620098,-4.792595000360028,-4.874643281574837,-4.943248697222108,-5.033434234621632,-5.121284557600959,-5.198861053120804,-5.27269310986866
1700000004505000000,14505000000,902,901,901,0,0,,,,0,fist,hold,200.0,dev-0123456789abcdef0123456789abcdef,synthetic-2-fist,29,protocol,synthetic-demo-contract-v1,True,4.92671751200519,5.079404179757032,5.238022799421499,5.4086922617757764,5.56064669958739,5.713437594620794,5.876594576682369,6.042814796210654
1700000004510000000,14510000000,903,902,902,0,0,,,,0,fist,hold,200.0,dev-0123456789abcdef0123456789abcdef,synthetic-2-fist,29,protocol,synthetic-demo-contract-v1,True,-4.645578411237598,-4.729590644543729,-4.810351823190435,-4.880568140412975,-4.9664339353122635,-5.052987660849188,-5.129155995847314,-5.2029490979205155
1700000004515000000,14515000000,904,903,903,0,0,,,,0,fist,hold,200.0,dev-0123456789abcdef0123456789abcdef,synthetic-2-fist,29,protocol,synthetic-demo-contract-v1,True,4.9808566106761765,5.1401560455830575,5.299967436146569,5.468717223703864,5.6250519871289475,5.779163447372314,5.943606126156867,6.1097324816145715
1700000004520000000,14520000000,905,904,904,0,0,,,,0,fist,hold,200.0,dev-0123456789abcdef0123456789abcdef,synthetic-2-fist,29,protocol,synthetic-demo-contract-v1,True,-4.59417858229701,-4.671610227665013,-4.751274202759868,-4.823692371903396,-4.905155568162489,-4.9903735308445745,-5.065387914049493,-5.139410513873623
1700000004525000000,14525000000,906,905,905,0,0,,,,0,fist,hold,200.0,dev-0123456789abcdef0123456789abcdef,synthetic-2-fist,29,protocol,synthetic-demo-contract-v1,True,5.029126514441186,5.194868300361036,5.355681272342424,5.521976469973276,5.682697349787413,5.838150909404971,6.003607483443078,6.169366775338459
1700000004530000000,14530000000,907,906,906,0,0,,,,0,fist,hold,200.0,dev-0123456789abcdef0123456789abcdef,synthetic-2-fist,29,protocol,synthetic-demo-contract-v1,True,-4.5494047047656725,-4.62063622130247,-4.69939328008881,-4.774486871349735,-4.851619289936902,-4.935497710736928,-5.009645533652706,-5.0841737739406305
1700000004535000000,14535000000,908,907,907,0,0,,,,0,fist,hold,200.0,dev-0123456789abcdef0123456789abcdef,synthetic-2-fist,29,protocol,synthetic-demo-contract-v1,True,5.070065179474803,5.241664765645006,5.403291776294784,5.566724691307578,5.7316823996324695,5.8884640749960315,6.0546336850007965,6.219748701124183
1700000004540000000,14540000000,909,908,908,0,0,,,,0,fist,hold,200.0,dev-0123456789abcdef0123456789abcdef,synthetic-2-fist,29,protocol,synthetic-demo-contract-v1,True,-4.512611345682846,-4.578421882370018,-4.6564553512999005,-4.734562468486668,-4.8075900248597945,-4.890160541311702,-4.963753905227641,-5.039064137667195
1700000004545000000,14545000000,910,909,909,0,0,,,,0,fist,hold,200.0,dev-0123456789abcdef0123456789abcdef,synthetic-2-fist,29,protocol,synthetic-demo-contract-v1,True,5.10243422230161,5.278930724226386,5.4411937539496105,5.6014987276275,5.77039225225366,5.928452976089866,6.095014591220958,6.259211812396338
1700000004550000000,14550000000,911,910,910,0,0,,,,0,fist,hold,200.0,dev-0123456789abcdef0123456789abcdef,synthetic-2-fist,29,protocol,synthetic-demo-contract-v1,True,-4.4849127484242235,-4.546428927175358,-4.623910811182201,-4.705222690474021,-4.774519280564654,-4.855848051691907,-4.929214535445131,-5.005575447688868
1700000004555000000,14555000000,912,911,911,0,0,,,,0,fist,hold,200.0,dev-0123456789abcdef0123456789abcdef,synthetic-2-fist,29,protocol,synthetic-demo-contract-v1,True,5.125250726496448,5.305370627919577,5.468104019146783,5.625165323510586,5.797550764465938,5.956807735488853,6.123429661427192,6.286447242100487
1700000004560000000,14560000000,913,912,912,0,0,,,,0,fist,hold,200.0,dev-0123456789abcdef0123456789abcdef,synthetic-2-fist,29,protocol,synthetic-demo-contract-v1,True,-4.4671541035918905,-4.525774988371005,-4.60286462353553,-4.687421293222525,-4.753497296411721,-4.833683207816429,-4.907156156307671,-4.984820745515729
1700000004565000000,14565000000,914,913,913,0,0,,,,0,fist,hold,200.0,dev-0123456789abcdef0123456789abcdef,synthetic-2-fist,29,protocol,synthetic-demo-contract-v1,True,5.137812820345913,5.320054973836565,5.483105352452796,5.636957964392683,5.812262604772832,5.972601515734908,6.138951235421035,6.300547012743111
1700000004570000000,14570000000,915,914,914,0,0,,,,0,fist,hold,200.0,dev-0123456789abcdef0123456789abcdef,synthetic-2-fist,29,protocol,synthetic-demo-contract-v1,True,-4.459889194682276,-4.51719285773999,-4.594038316674834,-4.6817313566434215,-4.745217101694476,-4.8243891192784405,-4.898297748783073,-4.977495394177213
1700000004575000000,14575000000,916,915,915,0,0,,,,0,fist,hold,200.0,dev-0123456789abcdef0123456789abcdef,synthetic-2-fist,29,protocol,synthetic-demo-contract-v1,True,5.139718735701829,5.322454544758612,5.485678217955852,5.63650160001468,5.814042769655187,5.975320854267168,6.141074900679243,6.30103417556078
1700000004580000000,14580000000,917,916,916,0,0,,,,0,fist,hold,200.0,dev-0123456789abcdef0123456789abcdef,synthetic-2-fist,29,protocol,synthetic-demo-contract-v1,True,-4.463364708824059,-4.521003101705512,-4.597744834554855,-4.688326941222417,-4.749951668623963,-4.828265411174208,-4.902925034298533,-4.9838539272041364
1700000004585000000,14585000000,918,917,917,0,0,,,,0,fist,hold,200.0,dev-0123456789abcdef0123456789abcdef,synthetic-2-fist,29,protocol,synthetic-demo-contract-v1,True,5.130879050490601,5.31246066112796,5.47571911968606,5.623824461832807,5.802832572625483,5.964882390891277,6.129735949167007,6.287878781027528
1700000004590000000,14590000000,919,918,918,0,0,,,,0,fist,hold,200.0,dev-0123456789abcdef0123456789abcdef,synthetic-2-fist,29,protocol,synthetic-demo-contract-v1,True,-4.4775115216621115,-4.537101152961967,-4.613877139594557,-4.706977888747405,-4.767544913285829,-4.845178534074586,-4.920881204513307,-5.00370139179097
1700000004595000000,14595000000,920,919,919,0,0,,,,0,fist,hold,200.0,dev-0123456789abcdef0123456789abcdef,synthetic-2-fist,29,protocol,synthetic-demo-contract-v1,True,5.111521792565327,5.290390602591423,5.4535449320676435,5.5993566066095735,5.779001578938394,5.941635441644638,6.105311385302447,6.261499149170458
1700000004600000000,14600000000,921,920,920,0,0,,,,0,fist,hold,200.0,dev-0123456789abcdef0123456789abcdef,synthetic-2-fist,29,protocol,synthetic-demo-contract-v1,True,-4.501943290935083,-4.564959449284167,-4.641910996064006,-4.73705791710713,-4.797416841240474,-4.874566326368049,-4.951572191458031,-5.036399476939714
1700000004605000000,14605000000,922,921,921,0,0,,,,0,fist,hold,200.0,dev-0123456789abcdef0123456789abcdef,synthetic-2-fist,29,protocol,synthetic-demo-contract-v1,True,5.0821900618459415,5.25697790604198,5.419883016469362,5.563915255156868,5.74333542217626,5.906350339034683,6.068607421834885,6.222748392050088
1700000004610000000,14610000000,923,922,922,0,0,,,,0,fist,hold,200.0,dev-0123456789abcdef0123456789abcdef,synthetic-2-fist,29,protocol,synthetic-demo-contract-v1,True,-4.535962703906728,-4.603644630357888,-4.680921878928271,-4.777565722080088,-4.838582668131918,-4.915456674144975,-4.993986301922922,-5.080887230648078
1700000004615000000,14615000000,924,923,923,0,0,,,,0,fist,hold,200.0,dev-0123456789abcdef0123456789abcdef,synthetic-2-fist,29,protocol,synthetic-demo-contract-v1,True,5.043731832432717,5.213347812887646,5.375847421995751,5.518677428847791,5.6970099043586435,5.860192927024191,6.0208328776413875,6.172886626336535
1700000004620000000,14620000000,925,924,924,0,0,,,,0,fist,hold,200.0,dev-0123456789abcdef0123456789abcdef,synthetic-2-fist,29,protocol,synthetic-demo-contract-v1,True,-4.578575698818778,-4.651849237845643,-4.729615469088773,-4.827158372305261,-4.88968528495853,-4.966499649940711,-5.046727567633432,-5.135715689801269
1700000004625000000,14625000000,926,925,925,0,0,,,,0,fist,hold,200.0,dev-0123456789abcdef0123456789abcdef,synthetic-2-fist,29,protocol,synthetic-demo-contract-v1,True,4.99728164605762,5.160978697998488,5.32290194627077,5.465140802820505,5.641552233414617,5.8046860546205465,5.9635593549973995,6.11353978517996
1700000004630000000,14630000000,927,926,926,0,0,,,,0,fist,hold,200.0,dev-0123456789abcdef0123456789abcdef,synthetic-2-fist,29,protocol,synthetic-demo-contract-v1,True,-4.628513902328276,-4.707936815807111,-4.786370728875928,-4.884195881154195,-4.94903999772678,-5.0260120682963425,-5.108061711813904,-5.199095288184923
1700000004635000000,14635000000,928,927,927,0,0,,,,0,fist,hold,200.0,dev-0123456789abcdef0123456789abcdef,synthetic-2-fist,29,protocol,synthetic-demo-contract-v1,True,4.9442340180931295,5.101650843629423,5.262811284434981,5.405074080138995,5.578790675897574,5.741659339505418,5.898669508485232,6.04664638000759
1700000004640000000,14640000000,929,928,928,0,0,,,,0,fist,hold,200.0,dev-0123456789abcdef0123456789abcdef,synthetic-2-fist,29,protocol,synthetic-demo-contract-v1,True,-4.684265381079815,-4.769998800453191,-4.849294117769941,-4.946795474164208,-5.014690066561139,-5.092032987819843,-5.175973218044237,-5.268954487054856
1700000004645000000,14645000000,930,929,929,0,0,,,,0,fist,hold,200.0,dev-0123456789abcdef0123456789abcdef,synthetic-2-fist,29,protocol,synthetic-demo-contract-v1,True,4.886208556513902,5.037384401815945,5.197581906042002,5.340458532972643,5.5107942847355,5.673188858749878,5.828295109069574,5.974393959934069
1700000004650000000,14650000000,931,930,930,0,0,,,,0,fist,hold,200.0,dev-0123456789abcdef0123456789abcdef,synthetic-2-fist,29,protocol,synthetic-demo-contract-v1,True,-4.744113590583588,-4.835921140904783,-4.916283122904077,-5.012893754944103,-5.084471213318773,-5.162388329666175,-5.248231622503889,-5.343007702850157
1700000004655000000,14655000000,932,931,931,0,0,,,,0,fist,hold,200.0,dev-0123456789abcdef0123456789abcdef,synthetic-2-fist,29,protocol,synthetic-demo-contract-v1,True,4.825007044421331,4.970368798545028,5.129394655512716,5.27342264398755,5.439804689005065,5.601528754616192,5.754746942119552,5.899147356061943
1700000004660000000,14660000000,933,932,932,0,0,,,,0,fist,hold,200.0,dev-0123456789abcdef0123456789abcdef,synthetic-2-fist,29,protocol,synthetic-demo-contract-v1,True,-4.806184120718013,-4.903458224544833,-4.98509695553642,-5.08031471628104,-5.156082971093983,-5.234762482932522,-5.322464847769794,-5.4188303001099305
1700000004665000000,14665000000,934,933,933,0,0,,,,0,fist,hold,200.0,dev-0123456789abcdef0123456789abcdef,synthetic-2-fist,29,protocol,synthetic-demo-contract-v1,True,4.762563051608349,4.90288615558393,5.060531359697704,5.206172004303119,5.368162194407956,5.5290370088707625,5.68043884626662,5.823371068879563
1700000004670000000,14670000000,935,934,934,0,0,,,,0,fist,hold,200.0,dev-0123456789abcdef0123456789abcdef,synthetic-2-fist,29,protocol,synthetic-demo-contract-v1,True,-4.868498494912693,-4.970311406769712,-5.0534320148234855,-5.146841354838408,-5.227164523441703,-5.306774538224666,-5.396237165250281,-5.493938184556899
1700000004675000000,14675000000,936,935,935,0,0,,,,0,fist,hold,200.0,dev-0123456789abcdef0123456789abcdef,synthetic-2-fist,29,protocol,synthetic-demo-contract-v1,True,4.700885005734006,4.837231528057698,4.993297935679985,5.14091677637297,5.298228630686433,5.458097830204535,5.6078083921449124,5.749548350301711
1700000004680000000,14680000000,937,936,936,0,0,,,,0,fist,hold,200.0,dev-0123456789abcdef0123456789abcdef,synthetic-2-fist,29,protocol,synthetic-demo-contract-v1,True,-4.929033897586912,-5.034209276538727,-5.118999552798301,-5.210288533374179,-5.2953725331372175,-5.376056639118706,-5.467129221688261,-5.56586937933055
1700000004685000000,14685000000,938,937,937,0,0,,,,0,fist,hold,200.0,dev-0123456789abcdef0123456789abcdef,synthetic-2-fist,29,protocol,synthetic-demo-contract-v1,True,4.6419940473261,4.775632868821789,4.929946615720461,5.079799106162324,5.232309489458425,5.391043210004499,5.539236809953988,5.680099641264245
1700000004690000000,14690000000,939,938,938,0,0,,,,0,fist,hold,200.0,dev-0123456789abcdef0123456789abcdef,synthetic-2-fist,29,protocol,synthetic-demo-contract-v1,True,-4.985787306487661,-5.09298673267406,-5.179602895471397,-5.268574697428334,-5.358458394700399,-5.440331872386198,-5.532817497931507,-5.63226490150616
1700000004695000000,14695000000,940,939,939,0,0,,,,0,fist,hold,200.0,dev-0123456789abcdef0123456789abcdef,synthetic-2-fist,29,protocol,synthetic-demo-contract-v1,True,4.587858387623217,4.720173630159601,4.8725999397145525,5.024822866678803,5.172577919344918,5.330076228222874,5.476970798810817,5.6173030475645
1700000004700000000,14700000000,941,940,940,0,0,,,,0,fist,hold,200.0,dev-0123456789abcdef0123456789abcdef,synthetic-2-fist,29,protocol,synthetic-demo-contract-v1,True,-5.036842122725843,-5.144660003189919,-5.233211587355359,-5.319790094980187,-5.414342363909696,-5.497489133913403,-5.591150587543248,-5.6909462785039935
1700000004705000000,14705000000,942,941,941,0,0,,,,0,fist,hold,200.0,dev-0123456789abcdef0123456789abcdef,synthetic-2-fist,29,protocol,synthetic-demo-contract-v1,True,4.54032625312346,4.672720799955313,4.823179107372918,4.977788034505617,5.121003084033461,5.2771986326013005,5.423048788244479,5.563219470105582
1700000004710000000,14710000000,943,942,942,0,0,,,,0,fist,hold,200.0,dev-0123456789abcdef0123456789abcdef,synthetic-2-fist,29,protocol,synthetic-demo-contract-v1,True,-5.080435053551384,-5.1874949080123995,-5.278029930163877,-5.3622592661406046,-5.461182120486651,-5.5456525076728385,-5.640219788157459,-5.739987154046331
1700000004715000000,14715000000,944,943,943,0,0,,,,0,fist,hold,200.0,dev-0123456789abcdef0123456789abcdef,synthetic-2-fist,29,protocol,synthetic-demo-contract-v1,True,4.501059803362761,4.634860948631215,4.783339134473092,4.940231845277446,5.079285245089161,5.234145072975589,5.379234075010456,5.5196248530344665
1700000004720000000,14720000000,945,944,944,0,0,,,,0,fist,hold,200.0,dev-0123456789abcdef0123456789abcdef,synthetic-2-fist,29,protocol,synthetic-demo-contract-v1,True,-5.115020743081974,-5.220065936615101,-5.312557577445629,-5.3945957614815905,-5.497433503653135,-5.583242876567968,-5.6784216862872725,-5.777776627346089
1700000004725000000,14725000000,946,945,945,0,0,,,,0,fist,hold,200.0,dev-0123456789abcdef0123456789abcdef,synthetic-2-fist,29,protocol,synthetic-demo-contract-v1,True,4.471472618162075,4.607846544669795,4.754413025030712,4.913378648281665,5.048799709630457,5.202326152496298,5.346957031523251,5.48795177947837
1700000004730000000,14730000000,947,946,946,0,0,,,,0,fist,hold,200.0,dev-0123456789abcdef0123456789abcdef,synthetic-2-fist,29,protocol,synthetic-demo-contract-v1,True,-5.139331493261739,-5.241304074389203,-5.33564011887884,-5.4157473056960805,-5.521901418299153,-5.609029740470145,-5.704510680371992,-5.803072240829109
1700000004735000000,14735000000,948,947,947,0,0,,,,0,fist,hold,200.0,dev-0123456789abcdef0123456789abcdef,synthetic-2-fist,29,protocol,synthetic-demo-contract-v1,True,4.452673440841715,4.592554394344451,4.737366862176482,4.8981000920946185,5.030551490740158,5.18278216661477,5.327268283111375,5.469242337370953
1700000004740000000,14740000000,949,948,948,0,0,,,,0,fist,hold,200.0,dev-0123456789abcdef0123456789abcdef,synthetic-2-fist,29,protocol,synthetic-demo-contract-v1,True,-5.152429394737383,-5.250531749348618,-5.346507931413179,-5.425029939340753,-5.5337792335435845,-5.622171539834652,-5.7176397184902985,-5.815040871967485
1700000004745000000,14745000000,950,949,949,0,0,,,,0,fist,hold,200.0,dev-0123456789abcdef0123456789abcdef,synthetic-2-fist,29,protocol,synthetic-demo-contract-v1,True,4.445418814867585,4.589457592576535,4.732767345668724,4.894886931936843,5.025142175316671,5.176149048204561,5.320804389848049,5.46411380732767
1700000004750000000,14750000000,951,950,950,0,0,,,,0,fist,hold,200.0,dev-0123456789abcdef0123456789abcdef,synthetic-2-fist,29,protocol,synthetic-demo-contract-v1,True,-5.153748310799634,-5.247483765451305,-5.344801977417564,-5.422150034981812,-5.53267537484013,-5.622243162262426,-5.717387915442406,-5.813286182535538
1700000004755000000,14755000000,952,951,951,0,0,,,,0,fist,hold,200.0,dev-0123456789abcdef0123456789abcdef,synthetic-2-fist,29,protocol,synthetic-demo-contract-v1,True,4.450077051938706,4.598611856363024,4.740762876412006,4.903833366527416,5.032750091629053,5.182637634838492,5.32776715681656,5.4727383028728855
1700000004760000000,14760000000,953,952,952,0,0,,,,0,fist,hold,200.0,dev-0123456789abcdef0123456789abcdef,synthetic-2-fist,29,protocol,synthetic-demo-contract-v1,True,-5.143123433254536,-5.232313619731371,-5.330585678394943,-5.407213483143771,-5.518626232969595,-5.609249731770872,-5.703774146017629,-5.79786172070198
1700000004765000000,14765000000,954,953,953,0,0,,,,0,fist,hold,200.0,dev-0123456789abcdef0123456789abcdef,synthetic-2-fist,29,protocol,synthetic-demo-contract-v1,True,4.46660561862395,4.619656571327762,4.761078823032978,4.924634400250246,5.053124430389824,5.20202693528508,5.347917247902161,5.494837034419894
1700000004770000000,14770000000,955,954,954,0,0,,,,0,fist,hold,200.0,dev-0123456789abcdef0123456789abcdef,synthetic-2-fist,29,protocol,synthetic-demo-contract-v1,True,-5.120806552740137,-5.205585145795136,-5.3043424709872395,-5.380721764924659,-5.492094964349267,-5.583626232430004,-5.677256172981261,-5.769269243288527
1700000004775000000,14775000000,956,955,955,0,0,,,,0,fist,hold,200.0,dev-0123456789abcdef0123456789abcdef,synthetic-2-fist,29,protocol,synthetic-demo-contract-v1,True,4.494543536038809,4.651830337620942,4.793027118745372,4.956596298951513,5.085593513155411,5.233671611188797,5.38058230734439,5.529689387365111
1700000004780000000,14780000000,957,956,956,0,0,,,,0,fist,hold,200.0,dev-0123456789abcdef0123456789abcdef,synthetic-2-fist,29,protocol,synthetic-demo-contract-v1,True,-5.087465742492862,-5.168249964109837,-5.266959143210974,-5.343555058153374,-5.453956222209472,-5.546222984520418,-5.638715344428383,-5.728442311720705
1700000004785000000,14785000000,958,957,957,0,0,,,,0,fist,hold,200.0,dev-0123456789abcdef0123456789abcdef,synthetic-2-fist,29,protocol,synthetic-demo-contract-v1,True,4.5330197730349155,4.694000275257154,4.835529845414706,4.9986597786849405,5.129086935470878,5.276523421846691,5.424679315841817,5.5761565173167025
1700000004790000000,14790000000,959,958,958,0,0,,,,0,fist,hold,200.0,dev-0123456789abcdef0123456789abcdef,synthetic-2-fist,29,protocol,synthetic-demo-contract-v1,True,-5.044168818613264,-5.121611728808826,-5.219695535998398,-5.296942948441259,-5.405467322002789,-5.498277457111824,-5.58942736998436,-5.67671569966369
1700000004795000000,14795000000,960,959,959,0,0,,,,0,fist,hold,200.0,dev-0123456789abcdef0123456789abcdef,synthetic-2-fist,29,protocol,synthetic-demo-contract-v1,True,4.5807779078529824,4.744703861379679,4.887155983035852,5.049435150246892,5.182170854768402,5.329165920403052,5.478750439694942,5.632718687880429
1700000004800000000,14800000000,961,960,960,0,0,,,,0,fist,hold,200.0,dev-0123456789abcdef0123456789abcdef,synthetic-2-fist,29,protocol,synthetic-demo-contract-v1,True,-4.9923506774131186,-5.067278622088667,-5.164141661208574,-5.242423721546241,-5.3482267916325625,-5.441373350609614,-5.531020143249978,-5.615781617124423
1700000004805000000,14805000000,962,961,961,0,0,,,,0,fist,hold,200.0,dev-0123456789abcdef0123456789abcdef,synthetic-2-fist,29,protocol,synthetic-demo-contract-v1,True,4.636216573876831,4.802201641056452,4.946170053409545,5.107248251995505,5.243095259687566,5.389861253785552,5.541011187718852,5.6975251242967015
1700000004810000000,14810000000,963,962,962,0,0,,,,0,fist,hold,200.0,dev-0123456789abcdef0123456789abcdef,synthetic-2-fist,29,protocol,synthetic-demo-contract-v1,True,-4.9337653806961965,-5.007105943850528,-5.102163716135404,-5.181793585911598,-5.284121672970403,-5.377388301570043,-5.465420003820975,-5.547634189541264
1700000004815000000,14815000000,964,963,963,0,0,,,,0,fist,hold,200.0,dev-0123456789abcdef0123456789abcdef,synthetic-2-fist,29,protocol,synthetic-demo-contract-v1,True,4.697444435133843,4.864538794359014,5.010590982220599,5.170195651943901,5.3098516624952605,5.456607520649884,5.609409286058531,5.768454744448869
1700000004820000000,14820000000,965,964,964,0,0,,,,0,fist,hold,200.0,dev-0123456789abcdef0123456789abcdef,synthetic-2-fist,29,protocol,synthetic-demo-contract-v1,True,-4.870424618083432,-4.943130962399651,-5.035840851348194,-5.117047501944471,-5.215265311967482,-5.308431936163443,-5.394788212142486,-5.474504016793753
1700000004825000000,14825000000,966,965,965,0,0,,,,0,fist,hold,200.0,dev-0123456789abcdef0123456789abcdef,synthetic-2-fist,29,protocol,synthetic-demo-contract-v1,True,4.762347702140568,4.929613267504453,5.078259157932213,5.23620729887977,5.380239312665901,5.527204794581522,5.681692328908012,5.843185770901772
1700000004830000000,14830000000,967,966,966,0,0,,,,0,fist,hold,200.0,dev-0123456789abcdef0123456789abcdef,synthetic-2-fist,29,protocol,synthetic-demo-contract-v1,True,-4.804524876029998,-4.877502421792702,-4.967394860502356,-5.050313566927291,-5.143927688225657,-5.236776315764127,-5.321449731890495,-5.398784963423943
1700000004835000000,14835000000,968,967,967,0,0,,,,0,fist,hold,200.0,dev-0123456789abcdef0123456789abcdef,synthetic-2-fist,29,protocol,synthetic-demo-contract-v1,True,4.828667543583534,4.995247992760291,5.146909390755814,5.303114561050057,5.451937748766688,5.599327635234066,5.755481975050218,5.919271935464333
1700000004840000000,14840000000,969,968,968,0,0,,,,0,fist,hold,200.0,dev-0123456789abcdef0123456789abcdef,synthetic-2-fist,29,protocol,synthetic-demo-contract-v1,True,-4.738366242517772,-4.81240723681595,-4.899115196932558,-4.9837831126059235,-5.072460580845353,-5.164781067842355,-5.247816666937807,-5.322955586922794
1700000004845000000,14845000000,970,969,969,0,0,,,,0,fist,hold,200.0,dev-0123456789abcdef0123456789abcdef,synthetic-2-fist,29,protocol,synthetic-demo-contract-v1,True,4.894084215347211,5.059264634587244,5.2142472797473225,5.368721417538219,5.5225832968383495,5.670601697314222,5.828352245564945,5.994222770919228
1700000004850000000,14850000000,971,970,970,0,0,,,,0,fist,hold,200.0,dev-0123456789abcdef0123456789abcdef,synthetic-2-fist,29,protocol,synthetic-demo-contract-v1,True,-4.674266236375595,-4.749996945657541,-4.833281874462054,-4.919638809780206,-5.003220037598981,-5.094815669426327,-5.176308874970357,-5.249497787285986
1700000004855000000,14855000000,972,971,971,0,0,,,,0,fist,hold,200.0,dev-0123456789abcdef0123456789abcdef,synthetic-2-fist,29,protocol,synthetic-demo-contract-v1,True,4.956304350001059,5.1195563080430855,5.278026387288986,5.43087646740209,5.589846993358133,5.7386819133375475,5.89790934404339,6.065585350165897
1700000004860000000,14860000000,973,972,972,0,0,,,,0,fist,hold,200.0,dev-0123456789abcdef0123456789abcdef,synthetic-2-fist,29,protocol,synthetic-demo-contract-v1,True,-4.61447234068124,-4.692316435151126,-4.772088873969442,-4.859983136271659,-4.938488703379496,-5.0291814431823365,-5.10927437172983,-5.180815352377821
1700000004865000000,14865000000,974,973,973,0,0,,,,0,fist,hold,200.0,dev-0123456789abcdef0123456789abcdef,synthetic-2-fist,29,protocol,synthetic-demo-contract-v1,True,5.013147652235808,5.174156815850816,5.336123601252232,5.48754339807723,5.651511363907981,5.801329675263204,5.961870371588387,6.13102478550415
1700000004870000000,14870000000,975,974,974,0,0,,,,0,fist,hold,200.0,dev-0123456789abcdef0123456789abcdef,synthetic-2-fist,29,protocol,synthetic-demo-contract-v1,True,-4.561077020901901,-4.6412373097633415,-4.717570651012251,-4.806769549560179,-4.880400568513112,-4.970035834601003,-5.04891214566865,-5.119155076954653
1700000004875000000,14875000000,976,975,975,0,0,,,,0,fist,hold,200.0,dev-0123456789abcdef0123456789abcdef,synthetic-2-fist,29,protocol,synthetic-demo-contract-v1,True,5.062629242985065,5.221304135301658,5.386610136249533,5.536867608124393,5.705543526394347,5.856486474115037,6.018138346360145,6.188400841705963
1700000004880000000,14880000000,977,976,976,0,0,,,,0,fist,hold,200.0,dev-0123456789abcdef0123456789abcdef,synthetic-2-fist,29,protocol,synthetic-demo-contract-v1,True,-4.51593891225593,-4.598398052287879,-4.67153422455086,-4.761738613786879,-4.830870617749767,-4.919321462626794,-4.997199922347407,-5.06653304838339
1700000004885000000,14885000000,978,977,977,0,0,,,,0,fist,hold,200.0,dev-0123456789abcdef0123456789abcdef,synthetic-2-fist,29,protocol,synthetic-demo-contract-v1,True,5.103034088985129,5.259496144875655,5.427815783669776,5.5772368082344785,5.750162208834483,5.902341574363055,6.064871060188482,6.235838144534188
1700000004890000000,14890000000,979,978,978,0,0,,,,0,fist,hold,200.0,dev-0123456789abcdef0123456789abcdef,synthetic-2-fist,29,protocol,synthetic-demo-contract-v1,True,-4.480613571554247,-4.565152833212478,-4.635499126986332,-4.726361165830375,-4.791531699184772,-4.8787022778637175,-4.9558292538582185,-5.024668521941507
1700000004895000000,14895000000,980,979,979,0,0,,,,0,fist,hold,200.0,dev-0123456789abcdef0123456789abcdef,synthetic-2-fist,29,protocol,synthetic-demo-contract-v1,True,5.13298033481628,5.28753690029061,5.458384259718592,5.60733362416981,5.783896472341625,5.9373914972687105,6.100541508744135,6.271787677249509
1700000004900000000,14900000000,981,980,980,0,0,,,,0,fist,hold,200.0,dev-0123456789abcdef0123456789abcdef,synthetic-2-fist,29,protocol,synthetic-demo-contract-v1,True,-4.45629672300081,-4.542530480707365,-4.610647218689137,-4.7017903722847585,-4.763680694346581,-4.849508927471284,-4.926150066349822,-4.994927558708797
1700000004905000000,14905000000,982,981,981,0,0,,,,0,fist,hold,200.0,dev-0123456789abcdef0123456789abcdef,synthetic-2-fist,29,protocol,synthetic-demo-contract-v1,True,5.151468898818059,5.304572136111862,5.477317812722791,5.626178489382009,5.805634203395257,5.960489358059963,6.1239879102012456,6.295077544454957
1700000004910000000,14910000000,983,982,982,0,0,,,,0,fist,hold,200.0,dev-0123456789abcdef0123456789abcdef,synthetic-2-fist,29,protocol,synthetic-demo-contract-v1,True,-4.443782312652164,-4.5312047392422805,-4.59778402596367,-4.6888242361084975,-4.748235764055098,-4.832695121798388,-4.909126486362437,-4.978278277688161
1700000004915000000,14915000000,984,983,983,0,0,,,,0,fist,hold,200.0,dev-0123456789abcdef0123456789abcdef,synthetic-2-fist,29,protocol,synthetic-demo-contract-v1,True,5.157917370260893,5.310113066579643,5.484009624306185,5.633161434683325,5.814658776757509,5.970882436757331,6.134451671035874,6.304951335913468
1700000004920000000,14920000000,985,984,984,0,0,,,,0,fist,hold,200.0,dev-0123456789abcdef0123456789abcdef,synthetic-2-fist,29,protocol,synthetic-demo-contract-v1,True,-4.443436959174387,-4.531476537677047,-4.597312862250743,-4.6878797681345095,-4.745706079521276,-4.828806434728276,-4.90530539446423,-4.97525919150837
1700000004925000000,14925000000,986,985,985,0,0,,,,0,fist,hold,200.0,dev-0123456789abcdef0123456789abcdef,synthetic-2-fist,29,protocol,synthetic-demo-contract-v1,True,5.152177012408618,5.304047972200632,5.478262960447133,5.628061747041273,5.810672680373587,5.968236750664524,6.131602055248633,6.301092831102167
1700000004930000000,14930000000,987,986,986,0,0,,,,0,fist,hold,200.0,dev-0123456789abcdef0123456789abcdef,synthetic-2-fist,29,protocol,synthetic-demo-contract-v1,True,-4.455191592527764,-4.543268572887516,-4.609222552421818,-4.698979655822844,-4.756175036559348,-4.8379625596054945,-4.914798734896564,-4.985961664456743
1700000004935000000,14935000000,988,987,987,0,0,,,,0,fist,hold,200.0,dev-0123456789abcdef0123456789abcdef,synthetic-2-fist,29,protocol,synthetic-demo-contract-v1,True,5.1345324890806205,5.286641471606214,5.460296483059487,5.611054867347053,5.79380732341689,5.952647825161334,6.1155467517576305,6.28363623479652
1700000004940000000,14940000000,989,988,988,0,0,,,,0,fist,hold,200.0,dev-0123456789abcdef0123456789abcdef,synthetic-2-fist,29,protocol,synthetic-demo-contract-v1,True,-4.4785502542102815,-4.566132107431468,-4.633089114679483,-4.721751852149046,-4.779297506286765,-4.859853599010481,-4.937280156425576,-5.010027066844505
1700000004945000000,14945000000,990,989,989,0,0,,,,0,fist,hold,200.0,dev-0123456789abcdef0123456789abcdef,synthetic-2-fist,29,protocol,synthetic-demo-contract-v1,True,5.105684743458955,5.2585217769482,5.430735604734017,5.582706314847516,5.764618704138154,5.924637314358833,6.086827999523376,6.253161610104173
1700000004950000000,14950000000,991,990,990,0,0,,,,0,fist,hold,200.0,dev-0123456789abcdef0123456789abcdef,synthetic-2-fist,29,protocol,synthetic-demo-contract-v1,True,-4.512615240048313,-4.599265492960561,-4.668091280019865,-4.755442084753235,-4.814311212947724,-4.893750504164556,-4.971996087314732,-5.046658716127227
1700000004955000000,14955000000,992,991,991,0,0,,,,0,fist,hold,200.0,dev-0123456789abcdef0123456789abcdef,synthetic-2-fist,29,protocol,synthetic-demo-contract-v1,True,5.0667182208565436,5.220656602985196,5.390590242302078,5.543952850167502,5.724069080336131,5.885135589402158,6.0464044058183655,6.210675662413402
1700000004960000000,14960000000,993,992,992,0,0,,,,0,fist,hold,200.0,dev-0123456789abcdef0123456789abcdef,synthetic-2-fist,29,protocol,synthetic-demo-contract-v1,True,-4.556127043762455,-4.641543576809705,-4.713039261788271,-4.798938863237918,-4.86006186376886,-4.938529313629058,-5.017790871841955,-5.0946482087102645
1700000004965000000,14965000000,994,993,993,0,0,,,,0,fist,hold,200.0,dev-0123456789abcdef0123456789abcdef,synthetic-2-fist,29,protocol,synthetic-demo-contract-v1,True,5.019054299986876,5.174318734258628,5.341219782708154,5.496071505636055,5.673495246717268,5.835450874371746,5.995619064260058,6.157578509647948
1700000004970000000,14970000000,995,994,994,0,0,,,,0,fist,hold,200.0,dev-0123456789abcdef0123456789abcdef,synthetic-2-fist,29,protocol,synthetic-demo-contract-v1,True,-4.607516945404163,-4.691556837116547,-4.76641574353174,-4.850810154569207,-4.915041202394142,-4.992708386564288,-5.073145132753177,-5.1524152729831325
1700000004975000000,14975000000,996,995,995,0,0,,,,0,fist,hold,200.0,dev-0123456789abcdef0123456789abcdef,synthetic-2-fist,29,protocol,synthetic-demo-contract-v1,True,4.964393345067738,5.121042542822073,5.284286501745725,5.4406375073822835,5.614564464940904,5.777225952615402,5.936155030262676,6.095617535161007
1700000004980000000,14980000000,997,996,996,0,0,,,,0,fist,hold,200.0,dev-0123456789abcdef0123456789abcdef,synthetic-2-fist,29,protocol,synthetic-demo-contract-v1,True,-4.66496961373221,-4.74765882932515,-4.8264276471390515,-4.909350516191031,-4.977436731395816,-5.054497398102107,-5.136226088723568,-5.218059829431894
1700000004985000000,14985000000,998,997,997,0,0,,,,0,fist,hold,200.0,dev-0123456789abcdef0123456789abcdef,synthetic-2-fist,29,protocol,synthetic-demo-contract-v1,True,4.904648188241933,5.062572984662571,5.22169905817247,5.3794724755062955,5.549219499199131,5.7123838753579275,5.869979627576647,6.026829844382481
1700000004990000000,14990000000,999,998,998,0,0,,,,0,fist,hold,200.0,dev-0123456789abcdef0123456789abcdef,synthetic-2-fist,29,protocol,synthetic-demo-contract-v1,True,-4.726492776053296,-4.808020319043425,-4.89106688871944,-4.9726371360723345,-5.045191464665149,-5.121856477442354,-5.204948162622921,-5.289424542313891
1700000004995000000,14995000000,1000,999,999,0,0,,,,0,fist,hold,200.0,dev-0123456789abcdef0123456789abcdef,synthetic-2-fist,29,protocol,synthetic-demo-contract-v1,True,4.8418720834285205,5.000808782363514,5.155548009920193,5.314584604802798,5.479614569336815,5.643064466118146,5.799279426877543,5.953475220972468
