host_wall_timestamp_ns,host_monotonic_ns,host_receive_index,sample_index,session_sample_index,generation,connection_generation,device_packet_sequence,device_sample_counter,device_time_ticks,sample_in_packet,action_label,action_phase,sample_rate_hz,device_id,session_id,quality_flags,sample_rate_source_kind,sample_rate_evidence_ref,sample_rate_confirmed,channel_1,channel_2,channel_3,channel_4,channel_5,channel_6,channel_7,channel_8
1700000000000000000,10000000000,1,0,0,0,0,,,,0,rest,hold,200.0,dev-0123456789abcdef0123456789abcdef,synthetic-2-rest,29,protocol,synthetic-demo-contract-v1,True,0.018298478891379533,0.053755940863664024,0.08921340283594852,0.124670864808233,0.1601283267805175,0.195585788752802,0.23104325072508647,0.26650071269737097
1700000000005000000,10005000000,2,1,1,0,0,,,,0,rest,hold,200.0,dev-0123456789abcdef0123456789abcdef,synthetic-2-rest,29,protocol,synthetic-demo-contract-v1,True,0.03144720084284919,0.06702081796740199,0.10263348400727243,0.13827357897726433,0.17393367113450792,0.2096087881500455,0.24529547846007954,0.2809912716486895
1700000000010000000,10010000000,3,2,2,0,0,,,,0,rest,hold,200.0,dev-0123456789abcdef0123456789abcdef,synthetic-2-rest,29,protocol,synthetic-demo-contract-v1,True,0.04433720574458992,0.08003078624649725,0.11579869351909744,0.15161937882307105,0.18747883577808308,0.223367585703223,0.25927899364158863,0.29520828053537984
1700000000015000000,10015000000,4,3,3,0,0,,,,0,rest,hold,200.0,dev-0123456789abcdef0123456789abcdef,synthetic-2-rest,29,protocol,synthetic-demo-contract-v1,True,0.05685229582403051,0.09267671699681296,0.1286033531057665,0.16460402263627089,0.200659824076866,0.2367576890259077,0.2728883281668386,0.3090449736335994
1700000000020000000,10020000000,5,4,4,0,0,,,,0,rest,hold,200.0,dev-0123456789abcdef0123456789abcdef,synthetic-2-rest,29,protocol,synthetic-demo-contract-v1,True,0.0688800365502251,0.10485274216309472,0.14094484277275218,0.17712625492097106,0.21337561543698577,0.24967760318667792,0.28602104991167754,0.32239766946077036
1700000000025000000,10025000000,6,5,5,0,0,,,,0,rest,hold,200.0,dev-0123456789abcdef0123456789abcdef,synthetic-2-rest,29,protocol,synthetic-demo-contract-v1,True,0.08031300721207847,0.11645725667570522,0.15272449351002662,0.18908865074435732,0.2255289907438582,0.2620296524059412,0.29857858895676337,0.3351666062636981
1700000000030000000,10030000000,7,6,6,0,0,,,,0,rest,hold,200.0,dev-0123456789abcdef0123456789abcdef,synthetic-2-rest,29,protocol,synthetic-demo-contract-v1,True,0.09104998923293804,0.1273938790712408,0.16384844539124163,0.20039842798403137,0.23702732645120408,0.2737207704151966,0.3104670321521246,0.34725674535815865
1700000000035000000,10035000000,8,7,7,0,0,,,,0,rest,hold,200.0,dev-0123456789abcdef0123456789abcdef,synthetic-2-rest,29,protocol,synthetic-demo-contract-v1,True,0.10099707611771672,0.13757236044873897,0.174228463344587,0.21096822061223752,0.24778335077208447,0.2846632530122122,0.32159787952919666,0.35857853575286647
1700000000040000000,10040000000,9,8,8,0,0,,,,0,rest,hold,200.0,dev-0123456789abcdef0123456789abcdef,synthetic-2-rest,29,protocol,synthetic-demo-contract-v1,True,0.11006869012995385,0.14690943237363513,0.18378270326357637,0.22071680648457853,0.25771585573666034,0.29477546665630777,0.3318887563829903,0.3690486338092259
1700000000045000000,10045000000,10,9,9,0,0,,,,0,rest,hold,200.0,dev-0123456789abcdef0123456789abcdef,synthetic-2-rest,29,protocol,synthetic-demo-contract-v1,True,0.11818849223757122,0.1553295850090929,0.19243642157637858,0.22956978348477203,0.2667503592457956,0.3039825073091258,0.3412640752112668,0.3785905720580783
1700000000050000000,10050000000,11,10,10,0,0,,,,0,rest,hold,200.0,dev-0123456789abcdef0123456789abcdef,synthetic-2-rest,29,protocol,synthetic-demo-contract-v1,True,0.12529017352196387,0.16276576752075456,0.2001226219064543,0.23746018831318977,0.2748197116625095,0.3122168041349834,0.3496556421094594,0.38713537171272033
1700000000055000000,10055000000,12,11,11,0,0,,,,0,rest,hold,200.0,dev-0123456789abcdef0123456789abcdef,synthetic-2-rest,29,protocol,synthetic-demo-contract-v1,True,0.1313181180860253,0.16916000365704045,0.2067826330303431,0.24432905269165786,0.2818646419412398,0.3194186631277675,0.3570032026762238,0.3946220938803625
1700000000060000000,10060000000,13,12,12,0,0,,,,0,rest,hold,200.0,dev-0123456789abcdef0123456789abcdef,synthetic-2-rest,29,protocol,synthetic-demo-contract-v1,True,0.13622792948997606,0.1744639163424528,0.21236661296507986,0.25012589228615345,0.2878342387941102,0.3255367462246291,0.3632549229811539,0.4009983249780863
1700000000065000000,10065000000,14,13,13,0,0,,,,0,rest,hold,200.0,dev-0123456789abcdef0123456789abcdef,synthetic-2-rest,29,protocol,synthetic-demo-contract-v1,True,0.139986814853992,0.1786391561245195,0.21683397469199844,0.2548091242181283,0.29268636292979605,0.3305284819964086,0.3683678016792881,0.40622059240011427
1700000000070000000,10070000000,15,14,14,0,0,,,,0,rest,hold,200.0,dev-0123456789abcdef0123456789abcdef,synthetic-2-rest,29,protocol,synthetic-demo-contract-v1,True,0.1425738229561567,0.18165772937383673,0.22015372973923594,0.258346409639377,0.29638798696970553,0.33436040456642496,0.37230800992216345,0.41025470705636136
1700000000075000000,10075000000,16,15,15,0,0,,,,0,rest,hold,200.0,dev-0123456789abcdef0123456789abcdef,synthetic-2-rest,29,protocol,synthetic-demo-contract-v1,True,0.1439799348844463,0.18350222323825305,0.22230474659533614,0.26071491847952133,0.29891546024335375,0.33700841799836134,0.3750511563077138,0.4130760300030776
1700000000080000000,10080000000,17,16,16,0,0,,,,0,rest,hold,200.0,dev-0123456789abcdef0123456789abcdef,synthetic-2-rest,29,protocol,synthetic-demo-contract-v1,True,0.14420800803300507,0.1841659254832125,0.22327592170388127,0.26190151413390517,0.3002546962850609,0.3384579840056577,0.3765824747263663,0.4146696610099702
1700000000085000000,10085000000,18,17,17,0,0,,,,0,rest,hold,200.0,dev-0123456789abcdef0123456789abcdef,synthetic-2-rest,29,protocol,synthetic-demo-contract-v1,True,0.14327257642679753,0.18365283849695935,0.2230662615867182,0.26190285653738615,0.3004012814923387,0.33870423146402756,0.37689693359322707,0.4150305475493764
1700000000090000000,10090000000,19,18,18,0,0,,,,0,rest,hold,200.0,dev-0123456789abcdef0123456789abcdef,synthetic-2-rest,29,protocol,synthetic-demo-contract-v1,True,0.1411995124766871,0.18197758788787688,0.22168487545357152,0.26072542276041366,0.2993605040572669,0.3377519868503063,0.375999265601054,0.4141635133465667
1700000000095000000,10095000000,20,19,19,0,0,,,,0,rest,hold,200.0,dev-0123456789abcdef0123456789abcdef,synthetic-2-rest,29,protocol,synthetic-demo-contract-v1,True,0.13802555727262253,0.17916522723791958,0.21915087847101322,0.2583854449620116,0.2971473029404295,0.33561572537951684,0.373903917780491,0.4120832062907148
1700000000100000000,10100000000,21,20,20,0,0,,,,0,rest,hold,200.0,dev-0123456789abcdef0123456789abcdef,synthetic-2-rest,29,protocol,synthetic-demo-contract-v1,True,0.13379772838179568,0.17525094168735797,0.21549320667621524,0.25490876623390785,0.29378613731714054,0.3323194432625013,0.3706349223074308,0.4088139661680375
1700000000105000000,10105000000,22,21,21,0,0,,,,0,rest,hold,200.0,dev-0123456789abcdef0123456789abcdef,synthetic-2-rest,29,protocol,synthetic-demo-contract-v1,True,0.12857261580025608,0.17027965409874973,0.21075034532302356,0.2503306155651205,0.2893107775822911,0.327896452153354,0.36622568914701803,0.40438961333663803
1700000000110000000,10110000000,23,22,22,0,0,,,,0,rest,hold,200.0,dev-0123456789abcdef0123456789abcdef,synthetic-2-rest,29,protocol,synthetic-demo-contract-v1,True,0.12241557818298332,0.16430553856961758,0.20496997323212973,0.24469530384090452,0.28376401964777265,0.322389097493898,0.36071872226434915,0.39885316011127103
1700000000115000000,10115000000,24,23,23,0,0,,,,0,rest,hold,200.0,dev-0123456789abcdef0123456789abcdef,synthetic-2-rest,29,protocol,synthetic-demo-contract-v1,True,0.11539985272536886,0.15739144702192592,0.19820852647615103,0.23805584345826827,0.2771973248997226,0.31584840308633705,0.354165261758124,0.39225644726023784
1700000000120000000,10120000000,25,24,24,0,0,,,,0,rest,hold,200.0,dev-0123456789abcdef0123456789abcdef,synthetic-2-rest,29,protocol,synthetic-demo-contract-v1,True,0.10760559306949168,0.14960825548117074,0.1905306854571881,0.2304734947865993,0.26967038879656996,0.30833364482986036,0.34662485488020983,0.38465970863071747
1700000000125000000,10125000000,26,25,25,0,0,,,,0,rest,hold,200.0,dev-0123456789abcdef0123456789abcdef,synthetic-2-rest,29,protocol,synthetic-demo-contract-v1,True,0.09911885034736019,0.14103413745881105,0.18200879012215063,0.22201724332080192,0.2612506416779668,0.29991185713741975,0.33816485948629654,0.37613106750797703
1700000000130000000,10130000000,27,26,26,0,0,,,,0,rest,hold,200.0,dev-0123456789abcdef0123456789abcdef,synthetic-2-rest,29,protocol,synthetic-demo-contract-v1,True,0.09003051294139802,0.13175377256011578,0.1727221887034753,0.21276321196048115,0.25201268591430154,0.29065727610037567,0.32885988401579774,0.3667459688732541
1700000000135000000,10135000000,28,27,27,0,0,,,,0,rest,hold,200.0,dev-0123456789abcdef0123456789abcdef,synthetic-2-rest,29,protocol,synthetic-demo-contract-v1,True,0.08043522073602581,0.12185749904776089,0.16275652596388665,0.2027940133971331,0.24203767405198875,0.2806507239866878,0.31879116861831935,0.3565865522500509
1700000000140000000,10140000000,29,28,28,0,0,,,,0,rest,hold,200.0,dev-0123456789abcdef0123456789abcdef,synthetic-2-rest,29,protocol,synthetic-demo-contract-v1,True,0.07043026955464227,0.11144041959351839,0.1522029774581775,0.1921980480973597,0.2314126330967768,0.26997894013857,0.3080459125251437,0.3457409703148297
1700000000145000000,10145000000,30,29,29,0,0,,,,0,rest,hold,200.0,dev-0123456789abcdef0123456789abcdef,synthetic-2-rest,29,protocol,synthetic-demo-contract-v1,True,0.06011452113019469,0.10060146984137376,0.14115743679776196,0.1810687538295219,0.2202297405218798,0.25873386377409263,0.2967165532032935,0.33430265889163713
1700000000150000000,10150000000,31,30,30,0,0,,,,0,rest,hold,200.0,dev-0123456789abcdef0123456789abcdef,synthetic-2-rest,29,protocol,synthetic-demo-contract-v1,True,0.049587333356410884,0.08944245968208324,0.1297196633107398,0.1695038130900813,0.20858555798616557,0.24701187459049814,0.28490000322326314,0.322369564347387
1700000000155000000,10155000000,32,31,31,0,0,,,,0,rest,hold,200.0,dev-0123456789abcdef0123456789abcdef,synthetic-2-rest,29,protocol,synthetic-demo-contract-v1,True,0.03894752472691815,0.07806709729973377,0.1179923978278167,0.15760432514069336,0.19658022909661205,0.23491299741179428,0.2726968511162057,0.31004333475212437
1700000000160000000,10160000000,33,32,32,0,0,,,,0,rest,hold,200.0,dev-0123456789abcdef0123456789abcdef,synthetic-2-rest,29,protocol,synthetic-demo-contract-v1,True,0.028292385811527668,0.06658000609496889,0.10608045458972307,0.14547394966489668,0.18431664784591203,0.22254007741665494,0.2602105327894172,0.2974284814637377
1700000000165000000,10165000000,34,33,33,0,0,,,,0,rest,hold,200.0,dev-0123456789abcdef0123456789abcdef,synthetic-2-rest,29,protocol,synthetic-demo-contract-v1,True,0.017716749367447632,0.05508574451836208,0.09408979746254491,0.13321802929148224,0.1718996045979998,0.20999793272241085,0.24754648030797782,0.2846315180368549
1700000000170000000,10170000000,35,34,34,0,0,,,,0,rest,hold,200.0,dev-0123456789abcdef0123456789abcdef,synthetic-2-rest,29,protocol,synthetic-demo-contract-v1,True,0.007312129266024873,0.043687838663569165,0.08212660876213308,0.12094269840831133,0.15943491667940474,0.19739249128498285,0.23481125503343403,0.27176008353909487
1700000000175000000,10175000000,36,35,35,0,0,,,,0,rest,hold,200.0,dev-0123456789abcdef0123456789abcdef,synthetic-2-rest,29,protocol,synthetic-demo-contract-v1,True,-0.0028340631364995924,0.03248783717737547,0.07029635902671093,0.10875398580399548,0.14702855076116902,0.18482991920149378,0.22211167223594988,0.25892205748294445
1700000000180000000,10180000000,37,36,36,0,0,,,,0,rest,hold,200.0,dev-0123456789abcdef0123456789abcdef,synthetic-2-rest,29,protocol,synthetic-demo-contract-v1,True,-0.01263921820993721,0.021584397647911292,0.05870288603793573,0.09675691872451922,0.13478574428356072,0.1724157475709719,0.20955392436340317,0.24622467364728515
1700000000185000000,10185000000,38,37,37,0,0,,,,0,rest,hold,200.0,dev-0123456789abcdef0123456789abcdef,synthetic-2-rest,29,protocol,synthetic-demo-contract-v1,True,-0.022026137590482456,0.011072413139700242,0.04744749127567821,0.08505463591716621,0.12281013318340532,0.16025400507846338,0.19724271015891714,0.23377364006846904
1700000000190000000,10190000000,39,38,38,0,0,,,,0,rest,hold,200.0,dev-0123456789abcdef0123456789abcdef,synthetic-2-rest,29,protocol,synthetic-demo-contract-v1,True,-0.03092355055274448,0.0010421869625265555,0.036628061802092694,0.07374751715515951,0.11120289313148937,0.14844636341894138,0.1852803767672475,0.22167227242681037
1700000000195000000,10195000000,40,39,39,0,0,,,,0,rest,hold,200.0,dev-0123456789abcdef0123456789abcdef,synthetic-2-rest,29,protocol,synthetic-demo-contract-v1,True,-0.03926653546795265,-0.008421336900936173,0.02633822530828618,0.06293233659393964,0.10006190137559512,0.13709130257004942,0.17376608186073475,0.21002064794088196
1700000000200000000,10200000000,41,40,40,0,0,,,,0,rest,hold,200.0,dev-0123456789abcdef0123456789abcdef,synthetic-2-rest,29,protocol,synthetic-demo-contract-v1,True,-0.046996846318005235,-0.017239281016628645,0.016666545724861363,0.052701447105216286,0.08948092611421958,0.12628330275783353,0.16279498264808706,0.19891478671002477
1700000000205000000,10205000000,42,41,41,0,0,,,,0,rest,hold,200.0,dev-0123456789abcdef0123456789abcdef,synthetic-2-rest,29,protocol,synthetic-demo-contract-v1,True,-0.05406314588012738,-0.025339473470947303,0.007695766399265124,0.04314200246961324,0.07954885009833729,0.11611206973857528,0.1524574584054871,0.18844586721643883
1700000000210000000,10210000000,43,42,42,0,0,,,,0,rest,hold,200.0,dev-0123456789abcdef0123456789abcdef,synthetic-2-rest,29,protocol,synthetic-demo-contract-v1,True,-0.06042114874078328,-0.03265701353702979,-0.0004978926177130021,0.034335223985160555,0.07034893487555133,0.10666179974446054,0.14283837289126525,0.1786994824140157
1700000000215000000,10215000000,44,43,43,0,0,,,,0,rest,hold,200.0,dev-0123456789abcdef0123456789abcdef,synthetic-2-rest,29,protocol,synthetic-demo-contract-v1,True,-0.06603367871165285,-0.03913475986076313,-0.007845377152143118,0.02635571766985366,0.0619581317549896,0.09801049011337945,0.13401638267495924,0.16975494249406214
1700000000220000000,10220000000,45,44,44,0,0,,,,0,rest,hold,200.0,dev-0123456789abcdef0123456789abcdef,synthetic-2-rest,29,protocol,synthetic-demo-contract-v1,True,-0.07087064647962112,-0.044723737899664495,-0.014285375900357035,0.019270847805243747,0.05444644518510936,0.09022930124635495,0.1260632970317197,0.16168463003103412
1700000000225000000,10225000000,46,45,45,0,0,,,,0,rest,hold,200.0,dev-0123456789abcdef0123456789abcdef,synthetic-2-rest,29,protocol,synthetic-demo-contract-v1,True,-0.07490895440519534,-0.04938346427067415,-0.019764826999524983,0.013140172088243684,0.04787635380337323,0.08338197511304772,0.11904349462686208,0.15455341277756324
1700000000230000000,10230000000,47,46,46,0,0,,,,0,rest,hold,200.0,dev-0123456789abcdef0123456789abcdef,synthetic-2-rest,29,protocol,synthetic-demo-contract-v1,True,-0.07813233627199784,-0.053082186589203946,-0.024239349997660448,0.008014943134126602,0.04230229394011822,0.07752431505996535,0.11301340174642593,0.14841811890098833
1700000000235000000,10235000000,48,47,47,0,0,,,,0,rest,hold,200.0,dev-0123456789abcdef0123456789abcdef,synthetic-2-rest,29,protocol,synthetic-demo-contract-v1,True,-0.08053114047080771,-0.05579703830010127,-0.02767359973800259,0.0039376805095478005,0.03777020984280774,0.07270373117125674,0.10802103632175412,0.14332707893726077
1700000000240000000,10240000000,49,48,48,0,0,,,,0,rest,hold,200.0,dev-0123456789abcdef0123456789abcdef,synthetic-2-rest,29,protocol,synthetic-demo-contract-v1,True,-0.08210206556650518,-0.05751410890050698,-0.03004153939318177,0.0009418168751473988,0.03431717433548668,0.06895885489245004,0.10410562145354019,0.1393197381867303
1700000000245000000,10245000000,50,49,49,0,0,,,,0,rest,hold,200.0,dev-0123456789abcdef0123456789abcdef,synthetic-2-rest,29,protocol,synthetic-demo-contract-v1,True,-0.08284785744141725,-0.05822843082440169,-0.03132663062591102,-0.0009485788119938422,0.03197108304621049,0.06631922605763571,0.10129727156797871,0.1364263426944928
1700000000250000000,10250000000,51,50,50,0,0,,,,0,rest,hold,200.0,dev-0123456789abcdef0123456789abcdef,synthetic-2-rest,29,protocol,synthetic-demo-contract-v1,True,-0.08277697723497504,-0.05794388508910036,-0.03152193960813559,-0.001718998739701291,0.03075042472729824,0.06480505486509659,0.09961675373932222,0.13466770135050488
1700000000255000000,10255000000,52,51,51,0,0,,,,0,rest,hold,200.0,dev-0123456789abcdef0123456789abcdef,synthetic-2-rest,29,protocol,synthetic-demo-contract-v1,True,-0.08190324911298187,-0.05667302858599789,-0.030630158392511046,-0.0013646127025135572,0.03066412956448624,0.06442706073014137,0.09907532609422261,0.1340550260165449
1700000000260000000,10260000000,53,52,52,0,0,,,,0,rest,hold,200.0,dev-0123456789abcdef0123456789abcdef,synthetic-2-rest,29,protocol,synthetic-demo-contract-v1,True,-0.08024549651042628,-0.054436846623300644,-0.028663541891650737,0.00010969735304997182,0.03171149672662654,0.06518638931197421,0.09967465457881769,0.13458985094351808
1700000000265000000,10265000000,54,53,53,0,0,,,,0,rest,hold,200.0,dev-0123456789abcdef0123456789abcdef,synthetic-2-rest,29,protocol,synthetic-demo-contract-v1,True,-0.07782717491419647,-0.05126443499008996,-0.025643761474727484,0.0026893849429194087,0.03388220175280863,0.06707460836903191,0.10140680872483916,0.13626403208887336
1700000000270000000,10270000000,55,54,54,0,0,,,,0,rest,hold,200.0,dev-0123456789abcdef0123456789abcdef,synthetic-2-rest,29,protocol,synthetic-demo-contract-v1,True,-0.07467600850475084,-0.047192616402706174,-0.021601676930806803,0.006350368367317416,0.037156383714086104,0.07007378244961596,0.10425433640137292,0.1390598262854081
1700000000275000000,10275000000,56,55,55,0,0,,,,0,rest,hold,200.0,dev-0123456789abcdef0123456789abcdef,synthetic-2-rest,29,protocol,synthetic-demo-contract-v1,True,-0.07082363708075616,-0.042265496711082214,-0.01657702926698742,0.011059240596597561,0.041504811427816625,0.07415662577716688,0.10819041688964505,0.14295004955491913
1700000000280000000,10280000000,57,56,56,0,0,,,,0,rest,hold,200.0,dev-0123456789abcdef0123456789abcdef,synthetic-2-rest,29,protocol,synthetic-demo-contract-v1,True,-0.06630527867290179,-0.036533966680426085,-0.010618057500552279,0.016773557896706034,0.0468891273494139,0.07928673204749319,0.11317909097467868,0.14789831320843638
1700000000285000000,10285000000,58,57,57,0,0,,,,0,rest,hold,200.0,dev-0123456789abcdef0123456789abcdef,synthetic-2-rest,29,protocol,synthetic-demo-contract-v1,True,-0.06115941213995762,-0.030055155519875854,-0.003781043261723418,0.02344220470489409,0.05326216712446203,0.08541887922394786,0.11917556611516247,0.1538593357345192
1700000000290000000,10290000000,59,58,58,0,0,,,,0,rest,hold,200.0,dev-0123456789abcdef0123456789abcdef,synthetic-2-rest,29,protocol,synthetic-demo-contract-v1,True,-0.055427482860899095,-0.02289184260294306,0.003870212358524416,0.031005831622899035,0.06056835215895456,0.09249940680112981,0.12612659413658867,0.16077932785357701
1700000000295000000,10295000000,60,59,59,0,0,,,,0,rest,hold,200.0,dev-0123456789abcdef0123456789abcdef,synthetic-2-rest,29,protocol,synthetic-demo-contract-v1,True,-0.04915363342198258,-0.015111834014427184,0.012264974708169807,0.039397362778441025,0.06874415196205912,0.10046666241322826,0.13397091829772897,0.168596447514542
1700000000300000000,10300000000,61,60,60,0,0,,,,0,rest,hold,200.0,dev-0123456789abcdef0123456789abcdef,synthetic-2-rest,29,protocol,synthetic-demo-contract-v1,True,-0.04238445997792762,-0.006787310665884696,0.02132621869077201,0.04854256822176246,0.07771861243925449,0.10925151409450413,0.14263978601170244,0.1772413210354115
1700000000305000000,10305000000,62,61,61,0,0,,,,0,rest,hold,200.0,dev-0123456789abcdef0123456789abcdef,synthetic-2-rest,29,protocol,synthetic-demo-contract-v1,True,-0.03516879377256882,0.0020058452513525404,0.030971323099410177,0.058360696477001955,0.08741394576870423,0.11877792396127927,0.1520575229649271,0.1866376260459351
1700000000310000000,10310000000,63,62,62,0,0,,,,0,rest,hold,200.0,dev-0123456789abcdef0123456789abcdef,synthetic-2-rest,29,protocol,synthetic-demo-contract-v1,True,-0.027557506166349333,0.011188738757168559,0.041112809757309174,0.06876516186305534,0.09774617698481902,0.12896357858159652,0.1621421638745511,0.196702731383509
1700000000315000000,10315000000,64,63,63,0,0,,,,0,rest,hold,200.0,dev-0123456789abcdef0123456789abcdef,synthetic-2-rest,29,protocol,synthetic-demo-contract-v1,True,-0.019603334464190564,0.02068015892324116,0.05165912070474935,0.07966428073948977,0.10862584192432563,0.13972057083454995,0.17280613466165443,0.2073483886263345
1700000000320000000,10320000000,65,64,64,0,0,,,,0,rest,hold,200.0,dev-0123456789abcdef0123456789abcdef,synthetic-2-rest,29,protocol,synthetic-demo-contract-v1,True,-0.01136072489382143,0.030397277661369,0.06251542638594935,0.09096205042389062,0.11995873076566742,0.15095612763996039,0.18395698039739372,0.2184814695249283
1700000000325000000,10325000000,66,65,65,0,0,,,,0,rest,hold,200.0,dev-0123456789abcdef0123456789abcdef,synthetic-2-rest,29,protocol,synthetic-demo-contract-v1,True,-0.0028856882750913655,0.040256344313199244,0.07358445756958958,0.10255896417117466,0.13164667101572539,0.16257337756404885,0.19549813300577884,0.23000474321762723
1700000000330000000,10330000000,67,66,66,0,0,,,,0,rest,hold,200.0,dev-0123456789abcdef0123456789abcdef,synthetic-2-rest,29,protocol,synthetic-demo-contract-v1,True,0.005764336734564978,0.050173370207036494,0.08476735358387123,0.11435285530585702,0.14358834347177407,0.1744721519810995,0.20732971238297046,0.24181768679087565
1700000000335000000,10335000000,68,67,67,0,0,,,,0,rest,hold,200.0,dev-0123456789abcdef0123456789abcdef,synthetic-2-rest,29,protocol,synthetic-demo-contract-v1,True,0.014530618417869625,0.060064797709080714,0.0959645193622105,0.12623976335750772,0.15568012441397006,0.1865498131974702,0.21934935432151997,0.2538173224734942
1700000000340000000,10340000000,69,68,68,0,0,,,,0,rest,hold,200.0,dev-0123456789abcdef0123456789abcdef,synthetic-2-rest,29,protocol,synthetic-demo-contract-v1,True,0.023353270699100148,0.0698481487004041,0.10707648377893235,0.1381148148696611,0.16781694706676548,0.19870210272493774,0.2314530584110554,0.26589907453801886
1700000000345000000,10345000000,70,69,69,0,0,,,,0,rest,hold,200.0,dev-0123456789abcdef0123456789abcdef,synthetic-2-rest,29,protocol,synthetic-demo-contract-v1,True,0.03217140177895808,0.0794426478495877,0.11800475180509475,0.14987311143471374,0.17989317520823273,0.21082400272704066,0.24353604892630515,0.27795763882333724
1700000000350000000,10350000000,71,70,70,0,0,,,,0,rest,hold,200.0,dev-0123456789abcdef0123456789abcdef,synthetic-2-rest,29,protocol,synthetic-demo-contract-v1,True,0.04092327862655888,0.08876981651638081,0.12865264313166397,0.16141061745279944,0.1918034817057007,0.2228106035561334,0.2554936416103526,0.28988785769252545
1700000000355000000,10355000000,72,71,71,0,0,,,,0,rest,hold,200.0,dev-0123456789abcdef0123456789abcdef,synthetic-2-rest,29,protocol,synthetic-demo-contract-v1,True,0.049546512971300284,0.0977540336061555,0.1389261100888913,0.17262504012166052,0.203443724715163,0.23455797025114491,0.267222109216448,0.3015855931988087
1700000000360000000,10360000000,73,72,72,0,0,,,,0,rest,hold,200.0,dev-0123456789abcdef0123456789abcdef,synthetic-2-rest,29,protocol,synthetic-demo-contract-v1,True,0.0579782739671091,0.10632306019052969,0.1487345279345438,0.18341669423699938,0.21471181430097097,0.2459640008769143,0.27861953868591355,0.3129485912512526
1700000000365000000,10365000000,74,73,73,0,0,,,,0,rest,hold,200.0,dev-0123456789abcdef0123456789abcdef,synthetic-2-rest,29,protocol,synthetic-demo-contract-v1,True,0.0661555320517872,0.11440852520875043,0.15799145088670577,0.19368934451800718,0.22550856231120006,0.2569292696553547,0.28958667291252027,0.32387732964996196
1700000000370000000,10370000000,75,74,74,0,0,,,,0,rest,hold,200.0,dev-0123456789abcdef0123456789abcdef,synthetic-2-rest,29,protocol,synthetic-demo-contract-v1,True,0.07401533770899299,0.12194637006002317,0.16661532763576414,0.2033510183695165,0.2357385084821428,0.26735784796597933,0.3000277301745723,0.33427584299755864
1700000000375000000,10375000000,76,75,75,0,0,,,,0,rest,hold,200.0,dev-0123456789abcdef0123456789abcdef,synthetic-2-rest,29,protocol,synthetic-demo-contract-v1,True,0.08149513787788622,0.12887725038212036,0.17453017048101044,0.21231478224876477,0.24531071594147394,0.2771580964774496,0.30985119450368664,0.34405251768836564
1700000000380000000,10380000000,77,76,76,0,0,,,,0,rest,hold,200.0,dev-0123456789abcdef0123456789abcdef,synthetic-2-rest,29,protocol,synthetic-demo-contract-v1,True,0.08853313166732181,0.13514689378003378,0.18166617269571278,0.2204994751188522,0.2541395295321566,0.2862434219112445,0.3189705705023575,0.35312085042743663
1700000000385000000,10385000000,78,77,77,0,0,,,,0,rest,hold,200.0,dev-0123456789abcdef0123456789abcdef,synthetic-2-rest,29,protocol,synthetic-demo-contract-v1,True,0.09506866584251279,0.14070641271447196,0.18796026922579867,0.22783039283989132,0.2621452906860097,0.2945329922313143,0.32730509641879074,0.3614001640362194
1700000000390000000,10390000000,79,78,78,0,0,,,,0,rest,hold,200.0,dev-0123456789abcdef0123456789abcdef,synthetic-2-rest,29,protocol,synthetic-demo-contract-v1,True,0.10104266928972312,0.1455125721786895,0.19335663636640657,0.2342399177693857,0.2692550029345093,0.30195240439724524,0.33478040963474154,0.36881627465771927
1700000000395000000,10395000000,80,79,79,0,0,,,,0,rest,hold,200.0,dev-0123456789abcdef0123456789abcdef,synthetic-2-rest,29,protocol,synthetic-demo-contract-v1,True,0.10639812435824753,0.14952801217924444,0.1978071266321696,0.23966808831191644,0.2754029425518935,0.30843429921019255,0.341329159117291,0.3753021048785627
1700000000400000000,10400000000,81,80,80,0,0,,,,0,rest,hold,200.0,dev-0123456789abcdef0123456789abcdef,synthetic-2-rest,29,protocol,synthetic-demo-contract-v1,True,0.11108057165952445,0.15272142538840794,0.2012716356356372,0.24406310367072093,0.2805312092786024,0.3139189182173847,0.34689155982538095,0.38079823773499644
1700000000405000000,10405000000,82,81,81,0,0,,,,0,rest,hold,200.0,dev-0123456789abcdef0123456789abcdef,synthetic-2-rest,29,protocol,synthetic-demo-contract-v1,True,0.11503864360228443,0.15506769065050696,0.20371839840799072,0.2473817596058234,0.2845902125677885,0.3183545981187775,0.3514158845428484,0.3852534070608639
1700000000410000000,10410000000,83,82,82,0,0,,,,0,rest,hold,200.0,dev-0123456789abcdef0123456789abcdef,synthetic-2-rest,29,protocol,synthetic-demo-contract-v1,True,0.11822462069177139,0.15654796329974605,0.2051242132313308,0.249589811590289,0.2875390893299764,0.3216981986344854,0.3548588891276764,0.3886249201639144
1700000000415000000,10415000000,84,83,83,0,0,,,,0,rest,hold,200.0,dev-0123456789abcdef0123456789abcdef,synthetic-2-rest,29,protocol,synthetic-demo-contract-v1,True,0.12059500345127039,0.15714972348213435,0.20547459169641322,0.2506622623729028,0.28934604971655353,0.32391546033970214,0.3571861677179217,0.39087900937803327
1700000000420000000,10420000000,85,84,84,0,0,,,,0,rest,hold,200.0,dev-0123456789abcdef0123456789abcdef,synthetic-2-rest,29,protocol,synthetic-demo-contract-v1,True,0.12211109176508932,0.15686678386900427,0.20476383434789586,0.2505835715968585,0.28998864807694674,0.3249812895504183,0.3583724350137391,0.3919911096284958
1700000000425000000,10425000000,86,85,85,0,0,,,,0,rest,hold,200.0,dev-0123456789abcdef0123456789abcdef,synthetic-2-rest,29,protocol,synthetic-demo-contract-v1,True,0.12273956252147095,0.15569925830500103,0.20299503192509485,0.2493477857844093,0.28945397684219754,0.32487996794360985,0.3584017333573123,0.39194605976026053
1700000000430000000,10430000000,87,86,86,0,0,,,,0,rest,hold,200.0,dev-0123456789abcdef0123456789abcdef,synthetic-2-rest,29,protocol,synthetic-demo-contract-v1,True,0.12245303567676162,0.1536534930508746,0.20017999284421456,0.24695858767126555,0.28773878172406575,0.3236052852147523,0.3572675629533415,0.3907382260105499
1700000000435000000,10435000000,88,87,87,0,0,,,,0,rest,hold,200.0,dev-0123456789abcdef0123456789abcdef,synthetic-2-rest,29,protocol,synthetic-demo-contract-v1,True,0.12123061829050134,0.15074196236315057,0.19633909819245024,0.24342926455609315,0.2848494972685329,0.3211605937084223,0.3549729342069082,0.38837154665131396
1700000000440000000,10440000000,89,88,88,0,0,,,,0,rest,hold,200.0,dev-0123456789abcdef0123456789abcdef,synthetic-2-rest,29,protocol,synthetic-demo-contract-v1,True,0.11905841571323643,0.1469831302016525,0.19150108610991934,0.2387825960139874,0.2808022024602588,0.31755878459916803,0.351530341797799,0.3848594974792795
1700000000445000000,10445000000,90,89,89,0,0,,,,0,rest,hold,200.0,dev-0123456789abcdef0123456789abcdef,synthetic-2-rest,29,protocol,synthetic-demo-contract-v1,True,0.11592999895903318,0.14240127987533985,0.1857027680169699,0.23305066200247881,0.27562249673475187,0.3128221858444869,0.3469616607554244,0.3802249784857967
1700000000450000000,10450000000,91,90,90,0,0,,,,0,rest,hold,200.0,dev-0123456789abcdef0123456789abcdef,synthetic-2-rest,29,protocol,synthetic-demo-contract-v1,True,0.11184681737269966,0.13702631343089267,0.17898867969725807,0.2262745730587158,0.2693452974122783,0.3069823827743386,0.34129796544099694,0.37450012269015887
1700000000455000000,10455000000,92,91,91,0,0,,,,0,rest,hold,200.0,dev-0123456789abcdef0123456789abcdef,synthetic-2-rest,29,protocol,synthetic-demo-contract-v1,True,0.10681854601274314,0.1308935225612082,0.17141067076663788,0.218504124941306,0.26201456021644004,0.30007996281686794,0.3345792729783361,0.3677260287631383
1700000000460000000,10460000000,93,92,92,0,0,,,,0,rest,hold,200.0,dev-0123456789abcdef0123456789abcdef,synthetic-2-rest,29,protocol,synthetic-demo-contract-v1,True,0.10086335771540289,0.12404333276701734,0.16302743654030102,0.2097973807043627,0.25368292517553814,0.2921641864826826,0.3268542132963202,0.35995241969682734
1700000000465000000,10465000000,94,93,93,0,0,,,,0,rest,hold,200.0,dev-0123456789abcdef0123456789abcdef,synthetic-2-rest,29,protocol,synthetic-demo-contract-v1,True,0.09400811057809028,0.11652102244889319,0.1539039967520791,0.20022018379924653,0.24441129082104382,0.28329258733501683,0.3181796285494749,0.3512372303872847
1700000000470000000,10470000000,95,94,94,0,0,,,,0,rest,hold,200.0,dev-0123456789abcdef0123456789abcdef,synthetic-2-rest,29,protocol,synthetic-demo-contract-v1,True,0.0862884425928025,0.10837641854381104,0.14411112597716347,0.18984560637623013,0.23426832018966562,0.27353050425545256,0.3086201052635271,0.34164612758296403
1700000000475000000,10475000000,96,95,95,0,0,,,,0,rest,hold,200.0,dev-0123456789abcdef0123456789abcdef,synthetic-2-rest,29,protocol,synthetic-demo-contract-v1,True,0.07774876635734308,0.09966357025483544,0.13372474095991962,0.1787533374989798,0.22332988269870044,0.2629505498697583,0.29824744310515794,0.3312519662095523
1700000000480000000,10480000000,97,96,96,0,0,,,,0,rest,hold,200.0,dev-0123456789abcdef0123456789abcdef,synthetic-2-rest,29,protocol,synthetic-demo-contract-v1,True,0.06844215817586,0.09044040235907982,0.12282525034970515,0.1670290164848585,0.21167843649397558,0.25163201952132624,0.28714006469514497,0.32013418660612086
1700000000485000000,10485000000,98,97,97,0,0,,,,0,rest,hold,200.0,dev-0123456789abcdef0123456789abcdef,synthetic-2-rest,29,protocol,synthetic-demo-contract-v1,True,0.058430137407456395,0.08076834952210363,0.11149687259779421,0.15476351703940153,0.19940235636131376,0.23966024566631167,0.2753823713672907,0.30837815769402055
1700000000490000000,10490000000,99,98,98,0,0,,,,0,rest,hold,200.0,dev-0123456789abcdef0123456789abcdef,synthetic-2-rest,29,protocol,synthetic-demo-contract-v1,True,0.04778233360595228,0.07071197300041739,0.09982692796638652,0.14205218826015956,0.18659521274207003,0.22712590301095906,0.2630640502180531,0.2960744715447671
1700000000495000000,10495000000,100,99,99,0,0,,,,0,rest,hold,200.0,dev-0123456789abcdef0123456789abcdef,synthetic-2-rest,29,protocol,synthetic-demo-contract-v1,True,0.036576040785471255,0.0603385610812677,0.08790511074535509,0.1289940589400342,0.17335500779713026,0.2141242701140314,0.25027933818995257,0.2833181952125564
1700000000500000000,10500000000,101,100,100,0,0,,,,0,rest,hold,200.0,dev-0123456789abcdef0123456789abcdef,synthetic-2-rest,29,protocol,synthetic-demo-contract-v1,True,0.024895660013029293,0.04971771459346617,0.07582274786357489,0.1156910119003761,0.1597833748185506,0.20075445353250837,0.2371262492824163,0.27020808604778024
1700000000505000000,10505000000,102,101,101,0,0,,,,0,rest,hold,200.0,dev-0123456789abcdef0123456789abcdef,synthetic-2-rest,29,protocol,synthetic-demo-contract-v1,True,0.012832033436213041,0.03892091882712668,0.06367205011946156,0.10224693532698405,0.1459847475907663,0.18711858089381847,0.2237057712838122,0.2568457770070436
1700000000510000000,10510000000,103,102,102,0,0,,,,0,rest,hold,200.0,dev-0123456789abcdef0123456789abcdef,synthetic-2-rest,29,protocol,synthetic-demo-contract-v1,True,0.00048167476558695806,0.028021103225648835,0.051545362240386,0.08876685826580878,0.13206550655155516,0.17332096953038584,0.21012103866560783,0.24333493872030715
1700000000515000000,10515000000,104,103,103,0,0,,,,0,rest,hold,200.0,dev-0123456789abcdef0123456789abcdef,synthetic-2-rest,29,protocol,synthetic-demo-contract-v1,True,-0.012054096888824238,0.017092190261256704,0.0395344179139547,0.07535607755815998,0.11813310879462899,0.15946727751011422,0.19647648847183866,0.22978042526485323
1700000000520000000,10520000000,105,104,104,0,0,,,,0,rest,hold,200.0,dev-0123456789abcdef0123456789abcdef,synthetic-2-rest,29,protocol,synthetic-demo-contract-v1,True,-0.024670111116170488,0.006208634976297118,0.027729605817246154,0.062119283556590306,0.10429520908925638,0.1456636440379936,0.18287700617280486,0.21628741072724678
1700000000525000000,10525000000,106,105,105,0,0,,,,0,rest,hold,200.0,dev-0123456789abcdef0123456789abcdef,synthetic-2-rest,29,protocol,synthetic-demo-contract-v1,True,-0.037258377820077834,-0.004555043233943831,0.016219252504902654,0.04915969196201063,0.09065877916662758,0.1320158262881868,0.16942706853009043,0.20296052370730983
1700000000530000000,10530000000,107,106,106,0,0,,,,0,rest,hold,200.0,dev-0123456789abcdef0123456789abcdef,synthetic-2-rest,29,protocol,synthetic-demo-contract-v1,True,-0.049709184362484705,-0.015124734906011291,0.005088927805728264,0.03657818906003467,0.07732923253708283,0.11862833975201643,0.15622989053993205,0.18990298693169452
1700000000535000000,10535000000,108,107,107,0,0,,,,0,rest,hold,200.0,dev-0123456789abcdef0123456789abcdef,synthetic-2-rest,29,protocol,synthetic-demo-contract-v1,True,-0.06191224484800432,-0.025427219034715502,-0.00557922187717039,0.024472497510757682,0.06440956205678973,0.10560360915509111,0.143386583483594,0.17721576909891004
1700000000540000000,10540000000,109,108,108,0,0,,,,0,rest,hold,200.0,dev-0123456789abcdef0123456789abcdef,synthetic-2-rest,29,protocol,synthetic-demo-contract-v1,True,-0.07375788695984488,-0.03539064386288185,-0.015707107262753588,0.012936369662234683,0.05199949735727855,0.09304113690661484,0.13099533101699887,0.16499675597295127
1700000000545000000,10545000000,110,109,109,0,0,,,,0,rest,hold,200.0,dev-0123456789abcdef0123456789abcdef,synthetic-2-rest,29,protocol,synthetic-demo-contract-v1,True,-0.08513826078182796,-0.044945007789280844,-0.025221292117248877,0.002058815115563113,0.04019468908736416,0.0810366958965403,0.11915059007832172,0.15333994757995012
1700000000550000000,10550000000,111,110,110,0,0,,,,0,rest,hold,200.0,dev-0123456789abcdef0123456789abcdef,synthetic-2-rest,29,protocol,synthetic-demo-contract-v1,True,-0.09594855331071793,-0.05402263807219282,-0.034053547006526366,-0.008076631029214382,0.029085926695684827,0.0696815532528296,0.10794232318280304,0.14233468814281816
1700000000555000000,10555000000,112,111,111,0,0,,,,0,rest,hold,200.0,dev-0123456789abcdef0123456789abcdef,synthetic-2-rest,29,protocol,synthetic-demo-contract-v1,True,-0.10608819189606733,-0.06255866482219191,-0.042141356870023926,-0.017392593169504807,0.018758396205266335,0.059061731413434085,0.09745526841049346,0.13206493511456838
1700000000560000000,10560000000,113,112,112,0,0,,,,0,rest,hold,200.0,dev-0123456789abcdef0123456789abcdef,synthetic-2-rest,29,protocol,synthetic-demo-contract-v1,True,-0.11546201965355307,-0.07049148759212626,-0.04942837883282756,-0.025818487764933257,0.009290984101396402,0.04925731255778228,0.08776825307715841,0.12260857334412348
1700000000565000000,10565000000,114,113,113,0,0,,,,0,rest,hold,200.0,dev-0123456789abcdef0123456789abcdef,synthetic-2-rest,29,protocol,synthetic-demo-contract-v1,True,-0.1239814259896233,-0.07776323168991399,-0.055864847116902386,-0.03329109824659807,0.0007556330734502332,0.04034179208319016,0.0789535567138211,0.11403678003170516
1700000000570000000,10570000000,115,114,114,0,0,,,,0,rest,hold,200.0,dev-0123456789abcdef0123456789abcdef,synthetic-2-rest,29,protocol,synthetic-demo-contract-v1,True,-0.13156541575230085,-0.08432019116600152,-0.061407922374969025,-0.039755087540187084,-0.006783245076749175,0.0323814864056304,0.07107632856941226,0.10641344570745605
1700000000575000000,10575000000,116,115,115,0,0,,,,0,rest,hold,200.0,dev-0123456789abcdef0123456789abcdef,synthetic-2-rest,29,protocol,synthetic-demo-contract-v1,True,-0.13814160118194774,-0.09011325526760189,-0.06602198324697857,-0.04516344400455823,-0.013269294519377814,0.025434999915083342,0.06419406439715417,0.09979465600029819
1700000000580000000,10580000000,117,116,116,0,0,,,,0,rest,hold,200.0,dev-0123456789abcdef0123456789abcdef,synthetic-2-rest,29,protocol,synthetic-demo-contract-v1,True,-0.14364710176812528,-0.09509831501165895,-0.06967885842539366,-0.049477857154002915,-0.018654674145087896,0.01955275542697097,0.058356146792414874,0.09422823845807052
1700000000585000000,10585000000,118,117,117,0,0,,,,0,rest,hold,200.0,dev-0123456789abcdef0123456789abcdef,synthetic-2-rest,29,protocol,synthetic-demo-contract-v1,True,-0.14802933831070653,-0.0992366464133699,-0.07235799800743054,-0.052669020128594354,-0.022900446196379334,0.014776591946959116,0.05360345282189237,0.08975337813888
1700000000590000000,10590000000,119,118,118,0,0,,,,0,rest,hold,200.0,dev-0123456789abcdef0123456789abcdef,synthetic-2-rest,29,protocol,synthetic-demo-contract-v1,True,-0.15124670891644051,-0.10249526682231556,-0.0740465834059523,-0.05471685649765141,-0.025976891579571657,0.011139433011062523,0.0499680321255368,0.08640030512187548
1700000000595000000,10595000000,120,119,119,0,0,,,,0,rest,hold,200.0,dev-0123456789abcdef0123456789abcdef,synthetic-2-rest,29,protocol,synthetic-demo-contract-v1,True,-0.1532691363130273,-0.10484726076885609,-0.07473957558187283,-0.05561066962116943,-0.027863749260378035,0.008665028281055512,0.04747285808819204,0.08419005648801263
1700000000600000000,10600000000,121,120,120,0,0,,,,0,rest,hold,200.0,dev-0123456789abcdef0123456789abcdef,synthetic-2-rest,29,protocol,synthetic-demo-contract-v1,True,-0.1540784777040083,-0.10627207171406504,-0.07443970184585677,-0.0553492134476228,-0.02855037777280782,0.007367770471505582,0.04613165407240195,0.08313431470281342
1700000000605000000,10605000000,122,121,121,0,0,,,,0,rest,hold,200.0,dev-0123456789abcdef0123456789abcdef,synthetic-2-rest,29,protocol,synthetic-demo-contract-v1,True,-0.15366879038835407,-0.10675575613126369,-0.07315738195208958,-0.05394068428830866,-0.02803583751411999,0.0072525890642669046,0.04594879608217856,0.0832353236987331
1700000000610000000,10610000000,123,122,122,0,0,,,,0,rest,hold,200.0,dev-0123456789abcdef0123456789abcdef,synthetic-2-rest,29,protocol,synthetic-demo-contract-v1,True,-0.152046448494374,-0.10629119642973156,-0.0709105946684083,-0.051402633772767534,-0.026328893152496233,0.008314921634120167,0.04691929259492585,0.08448588330981069
1700000000615000000,10615000000,124,123,123,0,0,,,,0,rest,hold,200.0,dev-0123456789abcdef0123456789abcdef,synthetic-2-rest,29,protocol,synthetic-demo-contract-v1,True,-0.1492301083918851,-0.1048782693642956,-0.06772468645181279,-0.04776180385118762,-0.02344793613360502,0.010540762970630363,0.04902884166038071,0.08686942206112526
1700000000620000000,10620000000,125,124,124,0,0,,,,0,rest,hold,200.0,dev-0123456789abcdef0123456789abcdef,synthetic-2-rest,29,protocol,synthetic-demo-contract-v1,True,-0.14525052261110194,-0.10252396676035733,-0.06363212428321247,-0.043053885362498164,-0.019420827931834722,0.01390679154147291,0.05225396472665857,0.090360147665606
1700000000625000000,10625000000,126,125,125,0,0,,,,0,rest,hold,200.0,dev-0123456789abcdef0123456789abcdef,synthetic-2-rest,29,protocol,synthetic-demo-contract-v1,True,-0.1401502043720699,-0.09924246562381114,-0.05867219511736138,-0.03732320232561045,-0.014284665346245793,0.01838057220671823,0.05656221601954438,0.09492327393632374
1700000000630000000,10630000000,127,126,126,0,0,,,,0,rest,hold,200.0,dev-0123456789abcdef0123456789abcdef,synthetic-2-rest,29,protocol,synthetic-demo-contract-v1,True,-0.133982947074989,-0.09505514499964245,-0.052890654780687156,-0.030622324730606283,-0.008085469784814147,0.02392083346710204,0.061912465677304906,0.1005153221888727
1700000000635000000,10635000000,128,127,127,0,0,,,,0,rest,hold,200.0,dev-0123456789abcdef0123456789abcdef,synthetic-2-rest,29,protocol,synthetic-demo-contract-v1,True,-0.12681320528028384,-0.0899905472912821,-0.04633932949881785,-0.023011613201443043,-0.0008778031080107686,0.030477816917284968,0.0682552542346499,0.10708449459106661
1700000000640000000,10640000000,129,128,128,0,0,,,,0,rest,hold,200.0,dev-0123456789abcdef0123456789abcdef,synthetic-2-rest,29,protocol,synthetic-demo-contract-v1,True,-0.11871534577977422,-0.08408428215356197,-0.03907567355499353,-0.014558699466964767,0.007275686791014193,0.037993695982569915,0.07553321546108334,0.1145711163210508
1700000000645000000,10645000000,130,129,129,0,0,,,,0,rest,hold,200.0,dev-0123456789abcdef0123456789abcdef,synthetic-2-rest,29,protocol,synthetic-demo-contract-v1,True,-0.10977277929077525,-0.07737887152298002,-0.03116228686848807,-0.0053379071080093925,0.016304786912382577,0.046403060449342406,0.0836815639955934,0.12290814282498215
1700000000650000000,10650000000,131,130,130,0,0,,,,0,rest,hold,200.0,dev-0123456789abcdef0123456789abcdef,synthetic-2-rest,29,protocol,synthetic-demo-contract-v1,True,-0.10007698505995191,-0.06992353484654851,-0.022666396537161165,0.004570382459246931,0.026132302275376353,0.05563346276032971,0.09262864368610872,0.13202172792640224
1700000000655000000,10655000000,132,131,131,0,0,,,,0,rest,hold,200.0,dev-0123456789abcdef0123456789abcdef,synthetic-2-rest,29,protocol,synthetic-demo-contract-v1,True,-0.0897264422131407,-0.061773914110509566,-0.013659306609182284,0.015080413353885415,0.03667469642467329,0.0656060215400216,0.1022965320427573,0.1418318480357435
1700000000660000000,10660000000,133,132,132,0,0,,,,0,rest,hold,200.0,dev-0123456789abcdef0123456789abcdef,synthetic-2-rest,29,protocol,synthetic-demo-contract-v1,True,-0.07882548300474071,-0.05299173884743795,-0.0042158205348896225,0.02610178214167933,0.04784278402377965,0.07623607734745388,0.11260169575286195,0.1522529772442767
1700000000665000000,10665000000,134,133,133,0,0,,,,0,rest,hold,200.0,dev-0123456789abcdef0123456789abcdef,synthetic-2-rest,29,protocol,synthetic-demo-contract-v1,True,-0.06748308418367457,-0.04364443190872562,0.005586359099884187,0.03754020212063913,0.05954246981264584,0.0874338952268173,0.12345569178654525,0.16319480766602462
1700000000670000000,10670000000,135,134,134,0,0,,,,0,rest,hold,200.0,dev-0123456789abcdef0123456789abcdef,synthetic-2-rest,29,protocol,synthetic-demo-contract-v1,True,-0.05581161348497507,-0.03380465742233511,0.015667248843228086,0.04929829851286569,0.07167552782387528,0.09910540824455347,0.1347659082482816,0.17456300901725025
1700000000675000000,10675000000,136,135,135,0,0,,,,0,rest,hold,200.0,dev-0123456789abcdef0123456789abcdef,synthetic-2-rest,29,protocol,synthetic-demo-contract-v1,True,-0.043925548764526715,-0.023549813005571886,0.025945215854982932,0.06127642784877112,0.0841404144197747,0.11115299586782859,0.14643633880476628,0.1862600210991387
1700000000680000000,10680000000,137,136,136,0,0,,,,0,rest,hold,200.0,dev-0123456789abcdef0123456789abcdef,synthetic-2-rest,29,protocol,synthetic-demo-contract-v1,True,-0.031940187512351954,-0.012961468961383647,0.036337617755850864,0.07337351464048479,0.09683310843350587,0.1234762907562729,0.15836838424574745,0.1981858725779195
1700000000685000000,10685000000,138,137,137,0,0,,,,0,rest,hold,200.0,dev-0123456789abcdef0123456789abcdef,synthetic-2-rest,29,protocol,synthetic-demo-contract-v1,True,-0.019970364405433646,-0.0021247578458019386,0.04676144600311269,0.08548789831038402,0.10964797147409594,0.1359730073089574,0.17046167451424096,0.21023901924017474
1700000000690000000,10690000000,139,138,138,0,0,,,,0,rest,hold,200.0,dev-0123456789abcdef0123456789abcdef,synthetic-2-rest,29,protocol,synthetic-demo-contract-v1,True,-0.008129194198179202,0.008872281555276907,0.057133967975297635,0.09751818326910862,0.12247862128885756,0.1485397851335818,0.18261490437758118,0.22231719474119313
1700000000695000000,10695000000,140,139,139,0,0,,,,0,rest,hold,200.0,dev-0123456789abcdef0123456789abcdef,synthetic-2-rest,29,protocol,synthetic-demo-contract-v1,True,0.0034731433937542876,0.019939401168893277,0.06737336300884822,0.10936408502564582,0.13521881096928537,0.16107304048623394,0.19472667580244607,0.23431826676233808
1700000000700000000,10700000000,141,140,140,0,0,,,,0,rest,hold,200.0,dev-0123456789abcdef0123456789abcdef,synthetic-2-rest,29,protocol,synthetic-demo-contract-v1,True,0.01473056106826454,0.0309848762203314,0.07739934772303682,0.1209272652600111,0.1477633067385592,0.17346981866874592,0.20669634004614162,0.24614109145026752
1700000000705000000,10705000000,142,141,141,0,0,,,,0,rest,hold,200.0,dev-0123456789abcdef0123456789abcdef,synthetic-2-rest,29,protocol,synthetic-demo-contract-v1,True,0.025542148976400354,0.04191626761398445,0.08713378609387695,0.1321121488962121,0.16000875707085416,0.1856286403671465,0.21842483248349848,0.2576863590268923
1700000000710000000,10710000000,143,142,142,0,0,,,,0,rest,hold,200.0,dev-0123456789abcdef0123456789abcdef,synthetic-2-rest,29,protocol,synthetic-demo-contract-v1,True,0.03581317421016403,0.05264120773804369,0.09650127989200395,0.1428267163784701,0.1718545459645711,0.1974503349689423,0.22981549325357103,0.2688574235339825
1700000000715000000,10715000000,144,143,143,0,0,,,,0,rest,hold,200.0,dev-0123456789abcdef0123456789abcdef,synthetic-2-rest,29,protocol,synthetic-demo-contract-v1,True,0.0454559830950647,0.06306820285031688,0.10542973528191626,0.15298326457561187,0.18320362332282672,0.20883885400852897,0.24077486693244238,0.2795611098097612
1700000000720000000,10720000000,145,144,144,0,0,,,,0,rest,hold,200.0,dev-0123456789abcdef0123456789abcdef,synthetic-2-rest,29,protocol,synthetic-demo-contract-v1,True,0.05439079638228243,0.07310744479351813,0.1138509015887607,0.1624991300150806,0.19396330558393268,0.21970205805793638,0.25121347461672267,0.2897084909854885
1700000000725000000,10725000000,146,145,145,0,0,,,,0,rest,hold,200.0,dev-0123456789abcdef0123456789abcdef,synthetic-2-rest,29,protocol,synthetic-demo-contract-v1,True,0.06254638930543974,0.082671624449083,0.12170087847219815,0.17129736847674237,0.2040460399906455,0.22995247060299162,0.26104655203534743,0.29921563003640944
1700000000730000000,10730000000,147,146,146,0,0,,,,0,rest,hold,200.0,dev-0123456789abcdef0123456789abcdef,synthetic-2-rest,29,protocol,synthetic-demo-contract-v1,True,0.06986065043337489,0.09167673907580526,0.1289205880027885,0.17930738535465443,0.21337012618759668,0.23950799272093146,0.2701947475930285,0.3080042792214119
1700000000735000000,10735000000,148,147,147,0,0,,,,0,rest,hold,200.0,dev-0123456789abcdef0123456789abcdef,synthetic-2-rest,29,protocol,synthetic-demo-contract-v1,True,0.07628101527607158,0.10004288549944224,0.13545620841276582,0.1864655116189437,0.22186038918906795,0.24829257270223865,0.27858477458483,0.31600253159686875
1700000000740000000,10740000000,149,148,148,0,0,,,,0,rest,hold,200.0,dev-0123456789abcdef0123456789abcdef,synthetic-2-rest,29,protocol,synthetic-demo-contract-v1,True,0.08176477264841729,0.10769503102698347,0.14125956658791963,0.19271552067624642,0.22944879816123875,0.2562368251342952,0.2861500122050206,0.32314541918948536
1700000000745000000,10745000000,150,149,149,0,0,,,,0,rest,hold,200.0,dev-0123456789abcdef0123456789abcdef,synthetic-2-rest,29,protocol,synthetic-demo-contract-v1,True,0.0862792438281735,0.11456375395853652,0.14628848667836902,0.19800908193174058,0.2360750259108609,0.2632785943842078,0.2928310504013795,0.32937545285721515
1700000000750000000,10750000000,151,150,150,0,0,,,,0,rest,hold,200.0,dev-0123456789abcdef0123456789abcdef,synthetic-2-rest,29,protocol,synthetic-demo-contract-v1,True,0.08980183652371936,0.12058594566367933,0.15050709253115346,0.20230614739436914,0.24168694446234903,0.2693634578794161,0.2985761740949695,0.3346430993527888
1700000000755000000,10755000000,152,151,151,0,0,,,,0,rest,hold,200.0,dev-0123456789abcdef0123456789abcdef,synthetic-2-rest,29,protocol,synthetic-demo-contract-v1,True,0.09231997755848542,0.12570546637930907,0.1538860619845,0.20557526823476355,0.2462410526334231,0.2744451650835892,0.3033417827911106,0.3389071916270587
1700000000760000000,10760000000,153,152,152,0,0,,,,0,rest,hold,200.0,dev-0123456789abcdef0123456789abcdef,synthetic-2-rest,29,protocol,synthetic-demo-contract-v1,True,0.09383092994946929,0.12987374717293226,0.15640283141017378,0.20779383879783114,0.24970283208138025,0.27848600859774925,0.30709274214570526,0.3421352689648866
1700000000765000000,10765000000,154,153,153,0,0,,,,0,rest,hold,200.0,dev-0123456789abcdef0123456789abcdef,synthetic-2-rest,29,protocol,synthetic-demo-contract-v1,True,0.0943415016765167,0.13305033089808443,0.15804174924420833,0.20894826618390536,0.25204702888313,0.2814571243781012,0.3098026646176964,0.34430384413006954
1700000000770000000,10770000000,155,154,154,0,0,,,,0,rest,hold,200.0,dev-0123456789abcdef0123456789abcdef,synthetic-2-rest,29,protocol,synthetic-demo-contract-v1,True,0.09386765488027829,0.13520334544497567,0.1587941776053626,0.20903406413862802,0.2532578583274493,0.2833387186480778,0.3114541169285885,0.3453985953029822
1700000000775000000,10775000000,156,155,155,0,0,,,,0,rest,hold,200.0,dev-0123456789abcdef0123456789abcdef,synthetic-2-rest,29,protocol,synthetic-demo-contract-v1,True,0.09243402546684984,0.13630990315600142,0.15865854146263944,0.20805587062701889,0.2533291312323911,0.28412021968776296,0.3120387526587118,0.34541448122015744
1700000000780000000,10780000000,157,156,156,0,0,,,,0,rest,hold,200.0,dev-0123456789abcdef0123456789abcdef,synthetic-2-rest,29,protocol,synthetic-demo-contract-v1,True,0.09007336411735334,0.13635642092767158,0.15764032517598503,0.20602738910617616,0.25226430074919903,0.28380035330415426,0.31155736893223657,0.3443557785637686
1700000000785000000,10785000000,158,157,157,0,0,,,,0,rest,hold,200.0,dev-0123456789abcdef0123456789abcdef,synthetic-2-rest,29,protocol,synthetic-demo-contract-v1,True,0.08682591048696126,0.1353388562517376,0.1557520165957298,0.20297125414835643,0.2500764292710594,0.28238714141552596,0.3100198867736547,0.34223604129559504
1700000000790000000,10790000000,159,158,158,0,0,,,,0,rest,hold,200.0,dev-0123456789abcdef0123456789abcdef,synthetic-2-rest,29,protocol,synthetic-demo-contract-v1,True,0.0827387129208438,0.13326285525162618,0.15301299926436024,0.19891882269648495,0.24678807572515885,0.2798978238172821,0.3074452553523408,0.3390779822792023
1700000000795000000,10795000000,160,159,159,0,0,,,,0,rest,hold,200.0,dev-0123456789abcdef0123456789abcdef,synthetic-2-rest,29,protocol,synthetic-demo-contract-v1,True,0.07786490630991412,0.13014380963737956,0.14944939361679122,0.1939098928521832,0.24243110418433808,0.27635870382989475,0.3038612809636023,0.3349132781803602
1700000000800000000,10800000000,161,160,160,0,0,,,,0,rest,hold,200.0,dev-0123456789abcdef0123456789abcdef,synthetic-2-rest,29,protocol,synthetic-demo-contract-v1,True,0.07226296075778593,0.12600682042381406,0.14509384842047873,0.18799235269703532,0.23704641538472135,0.27180491915660476,0.2993043822191165,0.3297822992737979
1700000000805000000,10805000000,162,161,161,0,0,,,,0,rest,hold,200.0,dev-0123456789abcdef0123456789abcdef,synthetic-2-rest,29,protocol,synthetic-demo-contract-v1,True,0.06599591353768944,0.12088656722228643,0.13998528403255123,0.18122176222605912,0.2306836033726792,0.2662801398943409,0.2938192735316369,0.3237337664089591
1700000000810000000,10810000000,163,162,162,0,0,,,,0,rest,hold,200.0,dev-0123456789abcdef0123456789abcdef,synthetic-2-rest,29,protocol,synthetic-demo-contract-v1,True,0.05913059639465904,0.1148270829152876,0.13416858937581325,0.1736608720234389,0.22340054012309396,0.25983619624072696,0.2874585795732859,0.31682433799330784
1700000000815000000,10815000000,164,163,163,0,0,,,,0,rest,hold,200.0,dev-0123456789abcdef0123456789abcdef,synthetic-2-rest,29,protocol,synthetic-demo-contract-v1,True,0.051736869609036444,0.10788143454338667,0.12769427484719956,0.1653790828299604,0.21526289156602613,0.2525326390181519,0.28028238395868965,0.3091181304338968
1700000000820000000,10820000000,165,164,164,0,0,,,,0,rest,hold,200.0,dev-0123456789abcdef0123456789abcdef,synthetic-2-rest,29,protocol,synthetic-demo-contract-v1,True,0.04388687340133431,0.10011131226369413,0.12061808366934296,0.15645185063503186,0.20634356902562265,0.24443623668793732,0.2723577159489484,0.30068617603154774
1700000000825000000,10825000000,166,165,165,0,0,,,,0,rest,hold,200.0,dev-0123456789abcdef0123456789abcdef,synthetic-2-rest,29,protocol,synthetic-demo-contract-v1,True,0.03565430624855992,0.09158652926549872,0.1130005644767205,0.14696004236970234,0.1967221206087646,0.23562041304907952,0.2637579794854362,0.2916058228424823
1700000000830000000,10830000000,167,166,166,0,0,,,,0,rest,hold,200.0,dev-0123456789abcdef0123456789abcdef,synthetic-2-rest,29,protocol,synthetic-demo-contract-v1,True,0.027113738524236746,0.08238443653943905,0.10490660819083993,0.13698924767714496,0.18648406757714364,0.2261646303026356,0.25456232933947476,0.2819600815053015
1700000000835000000,10835000000,168,167,167,0,0,,,,0,rest,hold,200.0,dev-0123456789abcdef0123456789abcdef,synthetic-2-rest,29,protocol,synthetic-demo-contract-v1,True,0.0183399685971795,0.07258925737882799,0.09640495248262254,0.12662905259038654,0.175720191191046,0.21615372261050672,0.24485499960105434,0.2718369244727901
1700000000840000000,10840000000,169,168,168,0,0,,,,0,rest,hold,200.0,dev-0123456789abcdef0123456789abcdef,synthetic-2-rest,29,protocol,synthetic-demo-contract-v1,True,0.00940742715823689,0.06229134743312127,0.08756765734318565,0.11597228125086083,0.16452577592239723,0.20567718568253973,0.23472459012339617,0.26132854348450185
1700000000845000000,10845000000,170,169,169,0,0,,,,0,rest,hold,200.0,dev-0123456789abcdef0123456789abcdef,synthetic-2-rest,29,protocol,synthetic-demo-contract-v1,True,0.00038963412166173605,0.05158638702187656,0.07846955548531893,0.10511421205321184,0.15299981529517132,0.19482842828515481,0.22426331688700024,0.2505305714641375
1700000000850000000,10850000000,171,170,170,0,0,,,,0,rest,hold,200.0,dev-0123456789abcdef0123456789abcdef,synthetic-2-rest,29,protocol,synthetic-demo-contract-v1,True,-0.008641288998880049,0.04057451324127999,0.06918768147588257,0.09415177479971994,0.14124418692011803,0.18370399187518782,0.21356623254403306,0.23954127532247682
1700000000855000000,10855000000,172,171,171,0,0,,,,0,rest,hold,200.0,dev-0123456789abcdef0123456789abcdef,synthetic-2-rest,29,protocol,synthetic-demo-contract-v1,True,-0.017615049777790888,0.029359400143526684,0.059800683653063805,0.08318273559029485,0.12936280354538757,0.1724027448217929,0.20273042364906127,0.2284607263896258
1700000000860000000,10860000000,173,172,172,0,0,,,,0,rest,hold,200.0,dev-0123456789abcdef0123456789abcdef,synthetic-2-rest,29,protocol,synthetic-demo-contract-v1,True,-0.026463558564467773,0.018047295931894046,0.050388223010869586,0.07230487626009477,0.11746074714288393,0.1610250578849354,0.1918541912731677,0.21738995538752973
1700000000865000000,10865000000,174,173,173,0,0,,,,0,rest,hold,200.0,dev-0123456789abcdef0123456789abcdef,synthetic-2-rest,29,protocol,synthetic-demo-contract-v1,True,-0.03512124643264619,0.006746026682175013,0.041030363335569114,0.06161517520598703,0.10564339319047429,0.1496719677695941,0.18103622183388007,0.20643009898357373
1700000000870000000,10870000000,175,174,174,0,0,,,,0,rest,hold,200.0,dev-0123456789abcdef0123456789abcdef,synthetic-2-rest,29,protocol,synthetic-demo-contract-v1,True,-0.04352532988298511,-0.00443602343381589,0.031806956954199356,0.051208996415127724,0.09401553239130332,0.13844433566902664,0.17037475505193905,0.19568154503750942
1700000000875000000,10875000000,176,175,175,0,0,,,,0,rest,hold,200.0,dev-0123456789abcdef0123456789abcdef,synthetic-2-rest,29,protocol,synthetic-demo-contract-v1,True,-0.05161602589257233,-0.015390945091418869,0.022797030503104283,0.04117929342435424,0.08268049709280152,0.12744200774762882,0.15996675596715113,0.18524308366636436
1700000000880000000,10880000000,177,176,176,0,0,,,,0,rest,hold,200.0,dev-0123456789abcdef0123456789abcdef,synthetic-2-rest,29,protocol,synthetic-demo-contract-v1,True,-0.05933672186031748,-0.02601233935123056,0.014078175144200834,0.03161583479867142,0.07173929962929161,0.11676298449371206,0.1499070979091958,0.17521107120524307
1700000000885000000,10885000000,178,177,177,0,0,,,,0,rest,hold,200.0,dev-0123456789abcdef0123456789abcdef,synthetic-2-rest,29,protocol,synthetic-demo-contract-v1,True,-0.06663410578586462,-0.03619634509886256,0.005725945647908309,0.022604457522261655,0.06128978971378121,0.10650260579519365,0.14028776322567066,0.1656786140364619
1700000000890000000,10890000000,179,178,178,0,0,,,,0,rest,hold,200.0,dev-0123456789abcdef0123456789abcdef,synthetic-2-rest,29,protocol,synthetic-demo-contract-v1,True,-0.07345826262677568,-0.0458426476932157,-0.0021867272759056346,0.014226354447864626,0.05142583784730566,0.09675275845732151,0.1311970684195688,0.15673477909605324
1700000000895000000,10895000000,180,179,179,0,0,,,,0,rest,hold,200.0,dev-0123456789abcdef0123456789abcdef,synthetic-2-rest,29,protocol,synthetic-demo-contract-v1,True,-0.07976274319352324,-0.054855458252841514,-0.009590107084053563,0.006557401652369375,0.04223655149945751,0.08760111269238599,0.12271892014315765,0.1484638376467855
1700000000900000000,10900000000,181,180,180,0,0,,,,0,rest,hold,200.0,dev-0123456789abcdef0123456789abcdef,synthetic-2-rest,29,protocol,synthetic-demo-contract-v1,True,-0.08550461215820286,-0.06314445325485467,-0.016418199723711096,-0.0003324687994419248,0.033805530543164604,0.07913039386837042,0.11493210823646584,0.1409445486321645
1700000000905000000,10905000000,182,181,181,0,0,,,,0,rest,hold,200.0,dev-0123456789abcdef0123456789abcdef,synthetic-2-rest,29,protocol,synthetic-demo-contract-v1,True,-0.09064448176915468,-0.07062566448577225,-0.022609276078191402,-0.006379845571735713,0.02621016810270454,0.07141769550881157,0.10790964168855825,0.1342494875987961
1700000000910000000,10910000000,183,182,182,0,0,,,,0,rest,hold,200.0,dev-0123456789abcdef0123456789abcdef,synthetic-2-rest,29,protocol,synthetic-demo-contract-v1,True,-0.09514653768300181,-0.07722230986507575,-0.028106364591820532,-0.0115283595759455,0.01952100259895026,0.06453383919214148,0.1017181330409812,0.12844442679760398
1700000000915000000,10915000000,184,183,183,0,0,,,,0,rest,hold,200.0,dev-0123456789abcdef0123456789abcdef,synthetic-2-rest,29,protocol,synthetic-demo-contract-v1,True,-0.09897856295548503,-0.08286555625506727,-0.03285771031124441,-0.01572914608130645,0.013801126353097838,0.05854278660839886,0.09641723634824624,0.12358777165089728
1700000000920000000,10920000000,185,184,184,0,0,,,,0,rest,hold,200.0,dev-0123456789abcdef0123456789abcdef,synthetic-2-rest,29,protocol,synthetic-demo-contract-v1,True,-0.10211196568486303,-0.08749520606823838,-0.036817196788033475,-0.01894124371191231,0.00910565564307468,0.05350110859762929,0.09205914336331336,0.11973005830562389
1700000000925000000,10925000000,186,185,185,0,0,,,,0,rest,hold,200.0,dev-0123456789abcdef0123456789abcdef,synthetic-2-rest,29,protocol,synthetic-demo-contract-v1,True,-0.10452181509251153,-0.09106030027797135,-0.03994472752131432,-0.021131927157559936,0.005481266599361774,0.0494575155211763,0.08868814213048923,0.11691351648722603
1700000000930000000,10930000000,187,186,186,0,0,,,,0,rest,hold,200.0,dev-0123456789abcdef0123456789abcdef,synthetic-2-rest,29,protocol,synthetic-demo-contract-v1,True,-0.1061868899744137,-0.09351963132083876,-0.042206563878348924,-0.02227697098351877,0.0029658007832372123,0.046452452808288074,0.08634024164797113,0.11517170132748082
1700000000935000000,10935000000,188,187,187,0,0,,,,0,rest,hold,200.0,dev-0123456789abcdef0123456789abcdef,synthetic-2-rest,29,protocol,synthetic-demo-contract-v1,True,-0.10708974248740008,-0.09484216033874296,-0.043575616714251135,-0.022360842502395877,0.0015879437149911545,0.04451776498028248,0.08504286571180648,0.1145291972680754
1700000000940000000,10940000000,189,188,188,0,0,,,,0,rest,hold,200.0,dev-0123456789abcdef0123456789abcdef,synthetic-2-rest,29,protocol,synthetic-demo-contract-v1,True,-0.1072167791709826,-0.09500733423536858,-0.044031689218004454,-0.021376822264630224,0.0013669790171934974,0.04367643088736818,0.08481461847684482,0.11500139654413624
1700000000945000000,10945000000,190,189,189,0,0,,,,0,rest,hold,200.0,dev-0123456789abcdef0123456789abcdef,synthetic-2-rest,29,protocol,synthetic-demo-contract-v1,True,-0.10655835997726912,-0.09400529910173262,-0.043561668839019296,-0.019327051327844586,0.0023126202136167853,0.0439423723038332,0.0856651236731435,0.1165943541334721
1700000000950000000,10950000000,191,190,190,0,0,,,,0,rest,hold,200.0,dev-0123456789abcdef0123456789abcdef,synthetic-2-rest,29,protocol,synthetic-demo-contract-v1,True,-0.10510891491716806,-0.09183700768715178,-0.04215966649489214,-0.016222505074280327,0.004424921583061814,0.04532033742053845,0.08759493880319134,0.11930472042300175
1700000000955000000,10955000000,192,191,191,0,0,,,,0,rest,hold,200.0,dev-0123456789abcdef0123456789abcdef,synthetic-2-rest,29,protocol,synthetic-demo-contract-v1,True,-0.10286707676118453,-0.0885142197412838,-0.03982710162483948,-0.012082893954756296,0.007694268814422655,0.04780586015453013,0.09059554502134617,0.12311975219899499
1700000000960000000,10960000000,193,192,192,0,0,,,,0,rest,hold,200.0,dev-0123456789abcdef0123456789abcdef,synthetic-2-rest,29,protocol,synthetic-demo-contract-v1,True,-0.09983582708812126,-0.08405939521628161,-0.036572732032370464,-0.006936492141978161,0.012101449550231885,0.05138529556921051,0.0946494127672061,0.1280174019176773
1700000000965000000,10965000000,194,193,193,0,0,,,,0,rest,hold,200.0,dev-0123456789abcdef0123456789abcdef,synthetic-2-rest,29,protocol,synthetic-demo-contract-v1,True,-0.09602265188499753,-0.07850548148155594,-0.0324126278528305,-0.0008198956705745917,0.017617803246105596,0.0560359310700718,0.09973014259449312,0.133966484562838
1700000000970000000,10970000000,195,194,194,0,0,,,,0,rest,hold,200.0,dev-0123456789abcdef0123456789abcdef,synthetic-2-rest,29,protocol,synthetic-demo-contract-v1,True,-0.0914397018954613,-0.07189559685323084,-0.027370089384054525,0.006222287778946837,0.02420544911840012,0.061726172415676815,0.10580268001164031,0.140926920752711
1700000000975000000,10975000000,196,195,195,0,0,,,,0,rest,hold,200.0,dev-0123456789abcdef0123456789abcdef,synthetic-2-rest,29,protocol,synthetic-demo-contract-v1,True,-0.08610395201908436,-0.06428261386231114,-0.021475508928904027,0.014137814734818606,0.03181759030741813,0.06841580296654023,0.11282360253484187,0.14885005412491903
1700000000980000000,10980000000,197,196,196,0,0,,,,0,rest,hold,200.0,dev-0123456789abcdef0123456789abcdef,synthetic-2-rest,29,protocol,synthetic-demo-contract-v1,True,-0.08003735330503563,-0.05572864676646841,-0.014766177214208679,0.02286724417345847,0.04039889175397067,0.07605631399089066,0.12074147655393863,0.15767904041091438
1700000000985000000,10985000000,198,197,197,0,0,,,,0,rest,hold,200.0,dev-0123456789abcdef0123456789abcdef,synthetic-2-rest,29,protocol,synthetic-demo-contract-v1,True,-0.0732669704825929,-0.046304448837298395,-0.007286035368706883,0.03234443438222012,0.04988592867824126,0.08459130326098728,0.12949728103117858,0.16734930501526474
1700000000990000000,10990000000,199,198,198,0,0,,,,0,rest,hold,200.0,dev-0123456789abcdef0123456789abcdef,synthetic-2-rest,29,protocol,synthetic-demo-contract-v1,True,-0.06582509754625952,-0.03608872591576907,0.0009146261399502805,0.04249709420870764,0.06020770196670206,0.09395693861150985,0.13902489449739527,0.17778906534522526
1700000000995000000,10995000000,200,199,199,0,0,,,,0,rest,hold,200.0,dev-0123456789abcdef0123456789abcdef,synthetic-2-rest,29,protocol,synthetic-demo-contract-v1,True,-0.057749343679467775,-0.025167373612035124,0.009779519795286282,0.05324738402111675,0.07128621622015573,0.10408248259720647,0.14925164128413032,0.18891991359707538
1700000001000000000,11000000000,201,200,200,0,0,,,,0,rest,hold,200.0,dev-0123456789abcdef0123456789abcdef,synthetic-2-rest,29,protocol,synthetic-demo-contract-v1,True,-0.04908268176839793,-0.013632646321589652,0.01924676232831487,0.06451256130517109,0.08303711569833702,0.11489087388482211,0.16009889243800782,0.2006574552021052
1700000001005000000,11005000000,202,201,201,0,0,,,,0,rest,hold,200.0,dev-0123456789abcdef0123456789abcdef,synthetic-2-rest,29,protocol,synthetic-demo-contract-v1,True,-0.039873451932202146,-0.0015822669286635442,0.02924932240217771,0.07620566546745167,0.09537037291823479,0.1262993605485203,0.17148271630938333,0.21291199767114866
1700000001010000000,11010000000,203,202,202,0,0,,,,0,rest,hold,200.0,dev-0123456789abcdef0123456789abcdef,synthetic-2-rest,29,protocol,synthetic-demo-contract-v1,True,-0.030175312879219783,0.010881513337988188,0.03971551168327468,0.08823623610504819,0.10819102422829797,0.13822018001234404,0.18331457339466506,0.2255892841559868
1700000001015000000,11015000000,204,203,203,0,0,,,,0,rest,hold,200.0,dev-0123456789abcdef0123456789abcdef,synthetic-2-rest,29,protocol,synthetic-demo-contract-v1,True,-0.020047134487199747,0.023652894948793426,0.050569515929437134,0.10051105873990876,0.12139994629256268,0.15056128000123228,0.19550204964416454,0.2385912656722895
1700000001020000000,11020000000,205,204,204,0,0,,,,0,rest,hold,200.0,dev-0123456789abcdef0123456789abcdef,synthetic-2-rest,29,protocol,synthetic-demo-contract-v1,True,-0.009552825791012829,0.03662353970184034,0.06173196237755746,0.11293493180507554,0.13489466708072456,0.16322707452688345,0.2079496221279596,0.25181690560516207
1700000001025000000,11025000000,206,205,205,0,0,,,,0,rest,hold,200.0,dev-0123456789abcdef0123456789abcdef,synthetic-2-rest,29,protocol,synthetic-demo-contract-v1,True,0.0012389064687155105,0.04968359937473675,0.07312051938747878,0.1254114485107066,0.14857020467501914,0.17611922864903032,0.22055945068363927,0.2651630098474652
1700000001030000000,11030000000,207,206,206,0,0,,,,0,rest,hold,200.0,dev-0123456789abcdef0123456789abcdef,synthetic-2-rest,29,protocol,synthetic-demo-contract-v1,True,0.012254872445134964,0.06272275271385151,0.08465052399892145,0.13784378711159795,0.16231992697487238,0.18913746551884586,0.23323218895422868,0.2785250757051879
1700000001035000000,11035000000,208,207,207,0,0,,,,0,rest,hold,200.0,dev-0123456789abcdef0123456789abcdef,synthetic-2-rest,29,protocol,synthetic-demo-contract-v1,True,0.023417789357754733,0.07563124007284917,0.09623563278661343,0.15013550304549023,0.17603642520748372,0.20218038903108476,0.24586780806378405,0.2917981525450174
1700000001040000000,11040000000,209,208,208,0,0,,,,0,rest,hold,200.0,dev-0123456789abcdef0123456789abcdef,synthetic-2-rest,29,protocol,synthetic-demo-contract-v1,True,0.034646748256594556,0.08830088513189671,0.10778849115841216,0.16219131641309753,0.18961239403830182,0.2151463152867059,0.25836642607351107,0.3048777070582809
1700000001045000000,11045000000,210,209,209,0,0,,,,0,rest,hold,200.0,dev-0123456789abcdef0123456789abcdef,synthetic-2-rest,29,protocol,synthetic-demo-contract-v1,True,0.04585775689533534,0.10062609336733282,0.11922141603456764,0.1739178883262792,0.20294151102062138,0.22793410599905273,0.27062913631358115,0.3176604859734008
1700000001050000000,11050000000,211,210,210,0,0,,,,0,rest,hold,200.0,dev-0123456789abcdef0123456789abcdef,synthetic-2-rest,29,protocol,synthetic-demo-contract-v1,True,0.05696435666526543,0.11250481729497357,0.1304470866758082,0.18522457975951917,0.21591930812878443,0.24044399696478672,0.2825588276955606,0.3300453690663492
1700000001055000000,11055000000,212,211,211,0,0,,,,0,rest,hold,200.0,dev-0123456789abcdef0123456789abcdef,synthetic-2-rest,29,protocol,synthetic-demo-contract-v1,True,0.06787830994358653,0.12383947897308843,0.14137923829572374,0.19602418670075225,0.22844402818460124,0.25257841476568405,0.2940609901773767,0.34193420539511066
1700000001060000000,11060000000,213,212,212,0,0,,,,0,rest,hold,200.0,dev-0123456789abcdef0123456789abcdef,synthetic-2-rest,29,protocol,synthetic-demo-contract-v1,True,0.07851035261217233,0.13453784081671086,0.15193335300092387,0.20623364560915453,0.2404174591111512,0.26424277496877746,0.3050444986765307,0.35323262581932796
1700000001065000000,11065000000,214,213,213,0,0,,,,0,rest,hold,200.0,dev-0123456789abcdef0123456789abcdef,synthetic-2-rest,29,protocol,synthetic-demo-contract-v1,True,0.08877100494000364,0.14451381643531055,0.16202734255222428,0.21577470344783828,0.251745739130996,0.27534625524924256,0.31542236890675496,0.363850825058951
1700000001070000000,11070000000,215,214,214,0,0,,,,0,rest,hold,200.0,dev-0123456789abcdef0123456789abcdef,synthetic-2-rest,29,protocol,synthetic-demo-contract-v1,True,0.09857143252802081,0.15368821395185228,0.17158221743297292,0.22457454686616335,0.262340126265536,0.28580253707156433,0.32511247884699845,0.3737043067942746
1700000001075000000,11075000000,216,215,215,0,0,,,,0,rest,hold,200.0,dev-0123456789abcdef0123456789abcdef,synthetic-2-rest,29,protocol,synthetic-demo-contract-v1,True,0.10782434762203953,0.1619894050828637,0.18052273674757988,0.23256638545695832,0.27211772578682775,0.2955305098281451,0.3340382498376339,0.3827145856122318
1700000001080000000,11080000000,217,216,216,0,0,,,,0,rest,hold,200.0,dev-0123456789abcdef0123456789abcdef,synthetic-2-rest,29,protocol,synthetic-demo-contract-v1,True,0.11644493983907576,0.1693539141453643,0.18877803355494377,0.23968998440525013,0.281002169620162,0.3044549316483654,0.3421292816346516,0.3908098399576656
1700000001085000000,11085000000,218,217,217,0,0,,,,0,rest,hold,200.0,dev-0123456789abcdef0123456789abcdef,synthetic-2-rest,29,protocol,synthetic-demo-contract-v1,True,0.12435182425425508,0.17572692209584148,0.19628221036808324,0.24589214227382444,0.288924242092265,0.31250704145261704,0.3493219361356161,0.39792551065067366
1700000001090000000,11090000000,219,218,218,0,0,,,,0,rest,hold,200.0,dev-0123456789abcdef0123456789abcdef,synthetic-2-rest,29,protocol,synthetic-demo-contract-v1,True,0.1314679938858913,0.1810626816867453,0.20297489972274188,0.2511271101333918,0.29582244686281567,0.3196251172319305,0.3555598649180877,0.4040048399786484
1700000001095000000,11095000000,220,219,219,0,0,,,,0,rest,hold,200.0,dev-0123456789abcdef0123456789abcdef,synthetic-2-rest,29,protocol,synthetic-demo-contract-v1,True,0.13772176291846383,0.18532484083481707,0.20880178493357884,0.25535694873743753,0.30164351036244497,0.3257549759811898,0.36079447619854005,0.4089993468606806
1700000001100000000,11100000000,221,220,220,0,0,,,,0,rest,hold,200.0,dev-0123456789abcdef0123456789abcdef,synthetic-2-rest,29,protocol,synthetic-demo-contract-v1,True,0.1430476865363044,0.18848667232029803,0.213715076415863,0.25855182095980633,0.30634281758446824,0.3308504111988004,0.3649853373236245,0.4128692341084839
1700000001105000000,11105000000,222,221,221,0,0,,,,0,rest,hold,200.0,dev-0123456789abcdef0123456789abcdef,synthetic-2-rest,29,protocol,synthetic-demo-contract-v1,True,0.14738744301977216,0.1905312089640882,0.21767393925209425,0.2606902172523981,0.3098847766359775,0.33487356438405697,0.36810050944179484,0.41558372436761787
1700000001110000000,11110000000,223,222,222,0,0,,,,0,rest,hold,200.0,dev-0123456789abcdef0123456789abcdef,synthetic-2-rest,29,protocol,synthetic-demo-contract-v1,True,0.15069066379078416,0.19145128444875334,0.22064486802497102,0.2617591124365045,0.31224310904197505,0.3377952275110188,0.3701168115673144,0.41712132191089746
1700000001115000000,11115000000,224,223,223,0,0,,,,0,rest,hold,200.0,dev-0123456789abcdef0123456789abcdef,synthetic-2-rest,29,protocol,synthetic-demo-contract-v1,True,0.152915697391145,0.19124948094679667,0.22260200531855742,0.2617540527096922,0.31340106340911345,0.3395950740299299,0.371020011835894,0.41746999806765456
1700000001120000000,11120000000,225,224,224,0,0,,,,0,rest,hold,200.0,dev-0123456789abcdef0123456789abcdef,synthetic-2-rest,29,protocol,synthetic-demo-contract-v1,True,0.1540302939354191,0.1899379856841559,0.2235274007058842,0.260679172326013,0.3133515506882488,0.34026181653934484,0.3708049443567298,0.4166272987028769
1700000001125000000,11125000000,226,225,225,0,0,,,,0,rest,hold,200.0,dev-0123456789abcdef0123456789abcdef,synthetic-2-rest,29,protocol,synthetic-demo-contract-v1,True,0.15401219739525124,0.18753835948744882,0.2234112074907181,0.2585471399859406,0.3120971999221895,0.33979328987925705,0.36947555068452154,0.41460037280400824
1700000001130000000,11130000000,227,226,226,0,0,,,,0,rest,hold,200.0,dev-0123456789abcdef0123456789abcdef,synthetic-2-rest,29,protocol,synthetic-demo-contract-v1,True,0.15284963413410216,0.18408122122984352,0.22225181495065932,0.2553790355490526,0.309650334021402,0.3381964590126386,0.3670448455620179,0.41140592188502917
1700000001135000000,11135000000,228,227,227,0,0,,,,0,rest,hold,200.0,dev-0123456789abcdef0123456789abcdef,synthetic-2-rest,29,protocol,synthetic-demo-contract-v1,True,0.15054168740541207,0.17960585289322772,0.22005591433453245,0.25120415825234843,0.3060328657705779,0.3354873516847814,0.3635348072135391,0.4070700705719591
1700000001140000000,11140000000,229,228,228,0,0,,,,0,rest,hold,200.0,dev-0123456789abcdef0123456789abcdef,synthetic-2-rest,29,protocol,synthetic-demo-contract-v1,True,0.14709854903363836,0.17415973069527188,0.21683849739537586,0.24605976817558223,0.30127611492743017,0.33169091647153914,0.35897619309754125,0.40162815938571717
1700000001145000000,11145000000,230,229,229,0,0,,,,0,rest,hold,200.0,dev-0123456789abcdef0123456789abcdef,synthetic-2-rest,29,protocol,synthetic-demo-contract-v1,True,0.14254164119249235,0.1677979883818202,0.2126227867870811,0.23999076323754281,0.2954205479264443,0.32684080744386546,0.3534082826464109,0.39512446138197443
1700000001150000000,11150000000,231,230,230,0,0,,,,0,rest,hold,200.0,dev-0123456789abcdef0123456789abcdef,synthetic-2-rest,29,protocol,synthetic-demo-contract-v1,True,0.13690360305013702,0.1605828193517505,0.20744009821347897,0.23304929452943368,0.2885154423391559,0.3209790972818316,0.3468785491291433,0.38761182493788193
1700000001155000000,11155000000,232,231,231,0,0,,,,0,rest,hold,200.0,dev-0123456789abcdef0123456789abcdef,synthetic-2-rest,29,protocol,synthetic-demo-contract-v1,True,0.13022813903585131,0.15258282475825152,0.2013296347888257,0.22529432328919025,0.28061847886361707,0.31415592126158975,0.33944226336233935,0.37915124558717367
1700000001160000000,11160000000,233,232,232,0,0,,,,0,rest,hold,200.0,dev-0123456789abcdef0123456789abcdef,synthetic-2-rest,29,protocol,synthetic-demo-contract-v1,True,0.12256972756259785,0.14387231511385862,0.19433821464339088,0.2167911232897009,0.271795264213887,0.3064290551086425,0.3311620325621313,0.36981137039303774
1700000001165000000,11165000000,234,233,233,0,0,,,,0,rest,hold,200.0,dev-0123456789abcdef0123456789abcdef,synthetic-2-rest,29,protocol,synthetic-demo-contract-v1,True,0.11399319117879934,0.1345305732143936,0.18651993338228667,0.20761073285075773,0.26211878885073475,0.29786343025560097,0.3221072781695392,0.3596679389074819
1700000001170000000,11170000000,235,234,234,0,0,,,,0,rest,hold,200.0,dev-0123456789abcdef0123456789abcdef,synthetic-2-rest,29,protocol,synthetic-demo-contract-v1,True,0.1045731312826435,0.12464108638826876,0.1779357635747407,0.19782936108564161,0.25166882403252877,0.288530590557851,0.3123536569898417,0.3488031652920382
1700000001175000000,11175000000,236,235,235,0,0,,,,0,rest,hold,200.0,dev-0123456789abcdef0123456789abcdef,synthetic-2-rest,29,protocol,synthetic-demo-contract-v1,True,0.094393232674872,0.11429075617286738,0.16865309400963305,0.1875277533554038,0.24053126316608187,0.2785080950019604,0.3019824304586229,0.3373050666631964
1700000001180000000,11180000000,237,236,236,0,0,,,,0,rest,hold,200.0,dev-0123456789abcdef0123456789abcdef,synthetic-2-rest,29,protocol,synthetic-demo-contract-v1,True,0.08354544531271357,0.10356909352058986,0.1587452119962106,0.1767905212243126,0.2287974128969095,0.2678788713853098,0.2910797872793125,0.32526674317291104
1700000001185000000,11185000000,238,237,237,0,0,,,,0,rest,hold,200.0,dev-0123456789abcdef0123456789abcdef,synthetic-2-rest,29,protocol,synthetic-demo-contract-v1,True,0.07212905262050867,0.09256740754650473,0.14829073251137026,0.16570544248606905,0.216563239793093,0.2567305263476167,0.2797361250656379,0.3127856157361274
1700000001190000000,11190000000,239,238,238,0,0,,,,0,rest,hold,200.0,dev-0123456789abcdef0123456789abcdef,synthetic-2-rest,29,protocol,synthetic-demo-contract-v1,True,0.06024963757527666,0.08137799565143376,0.1373729784918502,0.15436273706019352,0.2039285788433553,0.2451546174924977,0.2680452969642754,0.2999626276702443
1700000001195000000,11195000000,240,239,239,0,0,,,,0,rest,hold,200.0,dev-0123456789abcdef0123456789abcdef,synthetic-2-rest,29,protocol,synthetic-demo-contract-v1,True,0.04801795948371137,0.07009334259376648,0.12607931703622138,0.1428543247396727,0.1909963103049715,0.23324589364699114,0.256103829525228,0.28690141681279174
1700000001200000000,11200000000,241,240,240,0,0,,,,0,rest,hold,200.0,dev-0123456789abcdef0123456789abcdef,synthetic-2-rest,29,protocol,synthetic-demo-contract-v1,True,0.035548755869463426,0.058805335746423486,0.11450045671313729,0.13127307090325427,0.1778715116982088,0.22110150956656519,0.24401011832768563,0.2737074649308941
1700000001205000000,11205000000,242,241,241,0,0,,,,0,rest,hold,200.0,dev-0123456789abcdef0123456789abcdef,synthetic-2-rest,29,protocol,synthetic-demo-contract-v1,True,0.02295948516803705,0.04760450336899541,0.10272971156443007,0.1197120263877113,0.16466059194889643,0.20882022160036756,0.23186360805528522,0.2604872314271916
1700000001210000000,11210000000,243,242,242,0,0,,,,0,rest,hold,200.0,dev-0123456789abcdef0123456789abcdef,synthetic-2-rest,29,protocol,synthetic-demo-contract-v1,True,0.010369026957235166,0.03657928225683965,0.09086223774027069,0.10826366774651518,0.15147041482784035,0.19650157098472368,0.2197639638452791,0.24734727848027102
1700000001215000000,11215000000,244,243,243,0,0,,,,0,rest,hold,200.0,dev-0123456789abcdef0123456789abcdef,synthetic-2-rest,29,protocol,synthetic-demo-contract-v1,True,-0.0021036427857766844,0.02581532060697156,0.07899424900489845,0.09701914410152336,0.13840741892384756,0.1842450615308513,0.2078102408100051,0.2343933948321288
1700000001220000000,11220000000,245,244,244,0,0,,,,0,rest,hold,200.0,dev-0123456789abcdef0123456789abcdef,synthetic-2-rest,29,protocol,synthetic-demo-contract-v1,True,-0.01434078342870089,0.015394821373659802,0.06722221760200778,0.0860675367238784,0.12557674141544345,0.17214933851471567,0.1961000586456534,0.2217297254501825
1700000001225000000,11225000000,246,245,245,0,0,,,,0,rest,hold,200.0,dev-0123456789abcdef0123456789abcdef,synthetic-2-rest,29,protocol,synthetic-demo-contract-v1,True,-0.026227210268296153,0.005395930783653836,0.05564206716568415,0.07549513736001402,0.11308135287465201,0.1603113755625143,0.1847287882024427,0.20945791424665025
1700000001230000000,11230000000,247,246,246,0,0,,,,0,rest,hold,200.0,dev-0123456789abcdef0123456789abcdef,synthetic-2-rest,29,protocol,synthetic-demo-contract-v1,True,-0.03765158589989162,-0.0041078239488541585,0.044348364503287205,0.0653847511496537,0.10102121024477849,0.14882567625465304,0.17378875679232067,0.19767626693412657
1700000001235000000,11235000000,248,247,247,0,0,,,,0,rest,hold,200.0,dev-0123456789abcdef0123456789abcdef,synthetic-2-rest,29,protocol,synthetic-demo-contract-v1,True,-0.04850766471910308,-0.013048044314899573,0.03343351715879736,0.055815029766501476,0.08949243498373372,0.1377834970448614,0.16336847885599592,0.18647894093373416
1700000001240000000,11240000000,249,248,248,0,0,,,,0,rest,hold,200.0,dev-0123456789abcdef0123456789abcdef,synthetic-2-rest,29,protocol,synthetic-demo-contract-v1,True,-0.05869547359238264,-0.021361914874454335,0.02298698368725597,0.04685984015084014,0.0785865231562741,0.1272720979103334,0.15355191840171767,0.17595516903260294
1700000001245000000,11245000000,250,249,249,0,0,,,,0,rest,hold,200.0,dev-0123456789abcdef0123456789abcdef,synthetic-2-rest,29,protocol,synthetic-demo-contract-v1,True,-0.06812241269914063,-0.02899260021027068,0.013094503532043195,0.03858767389879281,0.06838959399437651,0.1173740269150437,0.1444177893655302,0.16618852321247057
1700000001250000000,11250000000,251,250,250,0,0,,,,0,rest,hold,200.0,dev-0123456789abcdef0123456789abcdef,synthetic-2-rest,29,protocol,synthetic-demo-contract-v1,True,-0.07670426177376315,-0.03588958303782767,0.003837353296305716,0.03106110202814542,0.05898168312695253,0.1081664445835934,0.13603889972885902,0.1572562247431098
1700000001255000000,11255000000,252,251,251,0,0,,,,0,rest,hold,200.0,dev-0123456789abcdef0123456789abcdef,synthetic-2-rest,29,protocol,synthetic-demo-contract-v1,True,-0.0843660784392074,-0.04200894266732351,-0.004708363962013592,0.02433627945834468,0.050436086310910073,0.0997204936495146,0.12848154486688051,0.14922850625581122
1700000001260000000,11260000000,253,252,252,0,0,,,,0,rest,hold,200.0,dev-0123456789abcdef0123456789abcdef,synthetic-2-rest,29,protocol,synthetic-demo-contract-v1,True,-0.09104297699907395,-0.047313573619341374,-0.012472390004796222,0.018462503125763766,0.042818759078183756,0.09210071936263745,0.12180495519312805,0.142168031086328
1700000001265000000,11265000000,254,253,253,0,0,,,,0,rest,hold,200.0,dev-0123456789abcdef0123456789abcdef,synthetic-2-rest,29,protocol,synthetic-demo-contract-v1,True,-0.09668077791226413,-0.05177334477039573,-0.019390937133542188,0.013481827208110104,0.03618777725128305,0.08536454511811513,0.11606080271562431,0.1361293747070843
1700000001270000000,11270000000,255,254,254,0,0,,,,0,rest,hold,200.0,dev-0123456789abcdef0123456789abcdef,synthetic-2-rest,29,protocol,synthetic-demo-contract-v1,True,-0.10123652018052855,-0.05536519994208844,-0.02540726256995461,0.009428738457627421,0.030592862776919312,0.07956180770848272,0.11129277063118871,0.131158572558867
1700000001275000000,11275000000,256,255,255,0,0,,,,0,rest,hold,200.0,dev-0123456789abcdef0123456789abcdef,synthetic-2-rest,29,protocol,synthetic-demo-contract-v1,True,-0.10467883099867507,-0.05807320134287344,-0.030472186108446712,0.006329894145498562,0.026074978787563072,0.07473435600356661,0.10753618956152883,0.12729273804689784
1700000001280000000,11280000000,257,256,256,0,0,,,,0,rest,hold,200.0,dev-0123456789abcdef0123456789abcdef,synthetic-2-rest,29,protocol,synthetic-demo-contract-v1,True,-0.10698814921236081,-0.05988851772021272,-0.034544546099765205,0.004203924603654542,0.02266599722876967,0.0709157163352567,0.1048177434815866,0.12455975388956386
1700000001285000000,11285000000,258,257,257,0,0,,,,0,rest,hold,200.0,dev-0123456789abcdef0123456789abcdef,synthetic-2-rest,29,protocol,synthetic-demo-contract-v1,True,-0.10815680136037743,-0.06080935947983387,-0.03759158932205852,0.0030613018193295753,0.020388441790551375,0.0681308273095186,0.10315524781198214,0.12297803940495008
1700000001290000000,11290000000,259,258,258,0,0,,,,0,rest,hold,200.0,dev-0123456789abcdef0123456789abcdef,synthetic-2-rest,29,protocol,synthetic-demo-contract-v1,True,-0.10818893130786367,-0.060840863375492,-0.03958929083798173,0.002904274996509768,0.019255308258908477,0.06639584619114944,0.10255750154807082,0.12255639569561998
1700000001295000000,11295000000,260,259,259,0,0,,,,0,rest,hold,200.0,dev-0123456789abcdef0123456789abcdef,synthetic-2-rest,29,protocol,synthetic-demo-contract-v1,True,-0.10710028666492058,-0.059994929665668474,-0.04052260051940497,0.0037268734513205524,0.01926996376398578,0.065718028412447,0.10302421468305387,0.12329393005096698
1700000001300000000,11300000000,261,260,260,0,0,,,,0,rest,hold,200.0,dev-0123456789abcdef0123456789abcdef,synthetic-2-rest,29,protocol,synthetic-demo-contract-v1,True,-0.10491786729364083,-0.05829001487249874,-0.04038561354008469,0.005514976659865471,0.020426125749501818,0.06609568115011867,0.10454601155688545,0.12518006023421188
1700000001305000000,11305000000,262,261,261,0,0,,,,0,rest,hold,200.0,dev-0123456789abcdef0123456789abcdef,synthetic-2-rest,29,protocol,synthetic-demo-contract-v1,True,-0.10167944319933203,-0.0557508834633549,-0.03918166278601953,0.00824645073149359,0.02270792082946927,0.06751819130041385,0.10710451013156813,0.12819459866310978
1700000001310000000,11310000000,263,262,262,0,0,,,,0,rest,hold,200.0,dev-0123456789abcdef0123456789abcdef,synthetic-2-rest,29,protocol,synthetic-demo-contract-v1,True,-0.09743295094486411,-0.05240832190821401,-0.03692333180750361,0.011891350042367955,0.02609002303823689,0.0699661275657253,0.11067247656207047,0.13230791583508508
1700000001315000000,11315000000,264,263,263,0,0,,,,0,rest,hold,200.0,dev-0123456789abcdef0123456789abcdef,synthetic-2-rest,29,protocol,synthetic-demo-contract-v1,True,-0.09223577938981223,-0.04829881864835605,-0.03363238763019191,0.01641218223785509,0.0305378703239821,0.07341141575187225,0.11521405380576892,0.1374811816942633
1700000001320000000,11320000000,265,264,264,0,0,,,,0,rest,hold,200.0,dev-0123456789abcdef0123456789abcdef,synthetic-2-rest,29,protocol,synthetic-demo-contract-v1,True,-0.08615395701122783,-0.043464213546935325,-0.029339633448615843,0.021764234301894204,0.036007957489388585,0.07781758576903841,0.12068506239721231,0.1436666829951006
1700000001325000000,11325000000,266,265,265,0,0,,,,0,rest,hold,200.0,dev-0123456789abcdef0123456789abcdef,synthetic-2-rest,29,protocol,synthetic-demo-contract-v1,True,-0.07926125428742281,-0.03795132038312081,-0.02408468193815982,0.02789595690121399,0.04244820315169481,0.08314008823590767,0.12703337091424569,0.15080821409033135
1700000001330000000,11330000000,267,266,266,0,0,,,,0,rest,hold,200.0,dev-0123456789abcdef0123456789abcdef,synthetic-2-rest,29,protocol,synthetic-demo-contract-v1,True,-0.07163821560158833,-0.03181152590295201,-0.017915650634026475,0.034749403745945054,0.04979838768280541,0.08932667801082271,0.13419933308109355,0.15884153796492798
1700000001335000000,11335000000,268,267,267,0,0,,,,0,rest,hold,200.0,dev-0123456789abcdef0123456789abcdef,synthetic-2-rest,29,protocol,synthetic-demo-contract-v1,True,-0.063371135834763,-0.0251003688564379,-0.010888781531583283,0.04226072226954096,0.05799065850378004,0.09631786142055514,0.14211628789872283,0.16769491375770687
1700000001340000000,11340000000,269,268,268,0,0,,,,0,rest,hold,200.0,dev-0123456789abcdef0123456789abcdef,synthetic-2-rest,29,protocol,synthetic-demo-contract-v1,True,-0.05455099725905727,-0.017877102336754755,-0.0030679877551066884,0.05036069152342778,0.06695009855159276,0.1040474034310892,0.15071111866729406,0.17728968646290924
1700000001345000000,11345000000,270,269,269,0,0,,,,0,rest,hold,200.0,dev-0123456789abcdef0123456789abcdef,synthetic-2-rest,29,protocol,synthetic-demo-contract-v1,True,-0.04527238250883217,-0.010204242598986597,0.0054756691852084725,0.058975302808638205,0.07659535321416855,0.11244289051001703,0.15990486627411812,0.18754093399005262
1700000001350000000,11350000000,271,270,270,0,0,,,,0,rest,hold,200.0,dev-0123456789abcdef0123456789abcdef,synthetic-2-rest,29,protocol,synthetic-demo-contract-v1,True,-0.03563237930158801,-0.002147107378122441,0.014664567381480668,0.06802637823079741,0.0868393105466979,0.12142634447083343,0.16961339166738726,0.1983581662858725
1700000001355000000,11355000000,272,271,271,0,0,,,,0,rest,hold,200.0,dev-0123456789abcdef0123456789abcdef,synthetic-2-rest,29,protocol,synthetic-demo-contract-v1,True,-0.02572949220874063,0.006226653445475756,0.024415172980929625,0.07743222206877715,0.0975898291420526,0.13091488216935773,0.17974808202477363,0.20964607079113556
1700000001360000000,11360000000,273,272,272,0,0,,,,0,rest,hold,200.0,dev-0123456789abcdef0123456789abcdef,synthetic-2-rest,29,protocol,synthetic-demo-contract-v1,True,-0.015662576151249726,0.014847532164780297,0.034638743746814395,0.08710829959343268,0.10875050763445337,0.14082141554519453,0.19021659476024966,0.22130529812110625
1700000001365000000,11365000000,274,273,273,0,0,,,,0,rest,hold,200.0,dev-0123456789abcdef0123456789abcdef,synthetic-2-rest,29,protocol,synthetic-demo-contract-v1,True,-0.005529805432961563,0.02364464006352565,0.04524208183951897,0.09696793776296617,0.12022148947157675,0.15105538616963932,0.20092363319518775,0.23323328152462816
1700000001370000000,11370000000,275,274,274,0,0,,,,0,rest,hold,200.0,dev-0123456789abcdef0123456789abcdef,synthetic-2-rest,29,protocol,synthetic-demo-contract-v1,True,0.004572308953467279,0.03254618442788033,0.056128329447691944,0.10692304205723673,0.13190029629893152,0.16152352817851443,0.21177174745364374,0.24532508339594897
1700000001375000000,11375000000,276,275,275,0,0,,,,0,rest,hold,200.0,dev-0123456789abcdef0123456789abcdef,synthetic-2-rest,29,protocol,synthetic-demo-contract-v1,True,0.014549842282164367,0.041479943622253095,0.0671978004716254,0.11688482359589723,0.14368268306393472,0.17213065323635768,0.22266215392888655,0.25747426188785666
1700000001380000000,11380000000,277,276,276,0,0,,,,0,rest,hold,200.0,dev-0123456789abcdef0123456789abcdef,synthetic-2-rest,29,protocol,synthetic-demo-contract-v1,True,0.02431230927700955,0.050373738262735016,0.07834884109219167,0.12676453061544413,0.1554635077676752,0.18278045099912293,0.23349556651054615,0.26957375050632004
1700000001385000000,11385000000,278,277,277,0,0,,,,0,rest,hold,200.0,dev-0123456789abcdef0123456789abcdef,synthetic-2-rest,29,protocol,synthetic-demo-contract-v1,True,0.0337734390513984,0.059155896670834485,0.08947871175252464,0.1364741783584896,0.16713760867130165,0.19337629841750661,0.24417303266048146,0.2815167434569931
1700000001390000000,11390000000,279,278,278,0,0,,,,0,rest,hold,200.0,dev-0123456789abcdef0123456789abcdef,synthetic-2-rest,29,protocol,synthetic-demo-contract-v1,True,0.042851864996611304,0.06775571292185303,0.10048448283964001,0.1459272714548988,0.17860068170236446,0.20382207115324666,0.2545967673815409,0.29319757946362945
1700000001395000000,11395000000,280,279,279,0,0,,,,0,rest,hold,200.0,dev-0123456789abcdef0123456789abcdef,synthetic-2-rest,29,protocol,synthetic-demo-contract-v1,True,0.05147172453734505,0.07610389591403434,0.11126393618206813,0.15503951294848925,0.18975015080474822,0.214022950366768,0.26467097813714363,0.3045126167880372
1700000001400000000,11400000000,281,280,280,0,0,,,,0,rest,hold,200.0,dev-0123456789abcdef0123456789abcdef,synthetic-2-rest,29,protocol,synthetic-demo-contract-v1,True,0.05956316542893507,0.08413300797478361,0.12171646437944411,0.16372949424403088,0.20048602403406587,0.22388621817646376,0.2743026738509592,0.3153610922506426
1700000001405000000,11405000000,282,281,281,0,0,,,,0,rest,hold,200.0,dev-0123456789abcdef0123456789abcdef,synthetic-2-rest,29,protocol,synthetic-demo-contract-v1,True,0.06706275702091725,0.09177789158783956,0.13174395995237329,0.17191936041624936,0.21071172831810708,0.2333220351873653,0.283402451244372,0.32564595717948136
1700000001410000000,11410000000,283,282,282,0,0,,,,0,rest,hold,200.0,dev-0123456789abcdef0123456789abcdef,synthetic-2-rest,29,protocol,synthetic-demo-contract-v1,True,0.07391380662141307,0.09897608286997416,0.14125168634650284,0.17953544553388842,0.22033491597811433,0.2422441936390901,0.29188525195379816,0.3352746834024187
1700000001415000000,11415000000,284,283,283,0,0,,,,0,rest,hold,200.0,dev-0123456789abcdef0123456789abcdef,synthetic-2-rest,29,protocol,synthetic-demo-contract-v1,True,0.08006658273345109,0.10566821044810341,0.15014912294372715,0.18650887290586363,0.22926823633989646,0.25057083992851825,0.2996710841088072,0.34416003264113015
1700000001420000000,11420000000,285,284,284,0,0,,,,0,rest,hold,200.0,dev-0123456789abcdef0123456789abcdef,synthetic-2-rest,29,protocol,synthetic-demo-contract-v1,True,0.08547844846682633,0.11179837838875055,0.15835077642518816,0.19277611545092338,0.2374300660521053,0.2582251605198717,0.3066857023433933,0.35222078296380266
1700000001425000000,11425000000,286,285,285,0,0,,,,0,rest,hold,200.0,dev-0123456789abcdef0123456789abcdef,synthetic-2-rest,29,protocol,synthetic-demo-contract-v1,True,0.09011390982928065,0.11731453181351276,0.16577695109395152,0.19827951172460115,0.24474519207007076,0.26513602556164856,0.3128612405542933,0.3593824063042696
1700000001430000000,11430000000,287,286,286,0,0,,,,0,rest,hold,200.0,dev-0123456789abcdef0123456789abcdef,synthetic-2-rest,29,protocol,synthetic-demo-contract-v1,True,0.09394458484364894,0.12216880379899031,0.1723544710979039,0.20296773350477287,0.25114544165454145,0.27123858488357994,0.31813679210910256,0.3655776914554198
1700000001435000000,11435000000,288,287,287,0,0,,,,0,rest,hold,200.0,dev-0123456789abcdef0123456789abcdef,synthetic-2-rest,29,protocol,synthetic-demo-contract-v1,True,0.096949100501921,0.12631784211065378,0.1780173478928967,0.20679620123681028,0.2565702541723286,0.2764748114445267,0.32245893263993186,0.3707473073910005
1700000001440000000,11440000000,289,288,288,0,0,,,,0,rest,hold,200.0,dev-0123456789abcdef0123456789abcdef,synthetic-2-rest,29,protocol,synthetic-demo-contract-v1,True,0.09911292543574651,0.1297231142608973,0.18270738674909484,0.20972744406782165,0.26096718996654533,0.2807939877406601,0.32578218103187606,0.37484030225864934
1700000001445000000,11445000000,290,289,289,0,0,,,,0,rest,hold,200.0,dev-0123456789abcdef0123456789abcdef,synthetic-2-rest,29,protocol,synthetic-demo-contract-v1,True,0.10042814684305401,0.1323511893161006,0.1863747266259584,0.2117314016533088,0.26429237208394507,0.2841531311587591,0.32806939472575214,0.3778145339141711
1700000001450000000,11450000000,291,290,290,0,0,,,,0,rest,hold,200.0,dev-0123456789abcdef0123456789abcdef,synthetic-2-rest,29,protocol,synthetic-demo-contract-v1,True,0.10089320065406644,0.1341739948102302,0.18897830831871035,0.21278566539500482,0.2665108572014573,0.28651735476802526,0.3292920959971774,0.37963702842835834
1700000001455000000,11455000000,292,291,291,0,0,,,,0,rest,hold,200.0,dev-0123456789abcdef0123456789abcdef,synthetic-2-rest,29,protocol,synthetic-demo-contract-v1,True,0.10051256414375567,0.1351690470579606,0.19048626640643535,0.21287565726183316,0.26759693267884127,0.28786016058124075,0.32943072644461774,0.38028426358843204
1700000001460000000,11460000000,293,292,292,0,0,,,,0,rest,hold,200.0,dev-0123456789abcdef0123456789abcdef,synthetic-2-rest,29,protocol,synthetic-demo-contract-v1,True,0.09929642020315911,0.1353196531032505,0.19087624120350707,0.21199474485285008,0.26753433727459425,0.2881636628779193,0.3284748275128453,0.3797423750316074
1700000001465000000,11465000000,294,293,293,0,0,,,,0,rest,hold,200.0,dev-0123456789abcdef0123456789abcdef,synthetic-2-rest,29,protocol,synthetic-demo-contract-v1,True,0.09726030227514074,0.13461508249454188,0.19013560762578013,0.2101442918775803,0.26631640369281157,0.2874187397636392,0.32642314549036755,0.3780072832832877
1700000001470000000,11470000000,295,294,294,0,0,,,,0,rest,hold,200.0,dev-0123456789abcdef0123456789abcdef,synthetic-2-rest,29,protocol,synthetic-demo-contract-v1,True,0.09442472855180876,0.13305070704999522,0.18826161862444277,0.20733364375118565,0.2639461217744055,0.28562511173618454,0.3232836600447885,0.3750847406217446
1700000001475000000,11475000000,296,295,295,0,0,,,,0,rest,hold,200.0,dev-0123456789abcdef0123456789abcdef,synthetic-2-rest,29,protocol,synthetic-demo-contract-v1,True,0.09081483343586198,0.13062810676998637,0.18526146160681323,0.20358004852520434,0.26043612180160497,0.2827913466355026,0.3190735359935458,0.3709902973495133
1700000001480000000,11480000000,297,296,296,0,0,,,,0,rest,hold,200.0,dev-0123456789abcdef0123456789abcdef,synthetic-2-rest,29,protocol,synthetic-demo-contract-v1,True,0.08646000350545391,0.12735514007373774,0.18115222704758321,0.1989085138949826,0.25580857804457485,0.2789347909657715,0.31381899864380536,0.3657491877136924
1700000001485000000,11485000000,298,297,297,0,0,,,,0,rest,hold,200.0,dev-0123456789abcdef0123456789abcdef,synthetic-2-rest,29,protocol,synthetic-demo-contract-v1,True,0.08139352431405546,0.123245976586341,0.17596078928879816,0.19335160153822117,0.25009503333785266,0.2740814281890076,0.3075551336692051,0.3593961363774491
1700000001490000000,11490000000,299,298,298,0,0,,,,0,rest,hold,200.0,dev-0123456789abcdef0123456789abcdef,synthetic-2-rest,29,protocol,synthetic-demo-contract-v1,True,0.07565224332849246,0.11832109078496506,0.16972360032477968,0.18694916054118932,0.24333614612666266,0.2682656651955409,0.3003256131173856,0.35197508699785096
1700000001495000000,11495000000,300,299,299,0,0,,,,0,rest,hold,200.0,dev-0123456789abcdef0123456789abcdef,synthetic-2-rest,29,protocol,synthetic-demo-contract-v1,True,0.0692762531874747,0.1126072149316017,0.16248639816177204,0.1797480021561303,0.23558136206365446,0.2615300487523466,0.2921823497556285,0.34353885510531434
1700000001500000000,11500000000,301,300,300,0,0,,,,0,rest,hold,200.0,dev-0123456789abcdef0123456789abcdef,synthetic-2-rest,29,protocol,synthetic-demo-contract-v1,True,0.062308598278880765,0.10613724987648525,0.15430383212384113,0.17180151860132858,0.22688851285991876,0.25392491431068676,0.283185082557366,0.33414870810218844
1700000001505000000,11505000000,302,301,301,0,0,,,,0,rest,hold,200.0,dev-0123456789abcdef0123456789abcdef,synthetic-2-rest,29,protocol,synthetic-demo-contract-v1,True,0.05479500641731233,0.098950132512846,0.145239008239082,0.16316924906053015,0.2173233456951152,0.24550797011499023,0.2734008967048736,0.32387387579717003
1700000001510000000,11510000000,303,302,302,0,0,,,,0,rest,hold,200.0,dev-0123456789abcdef0123456789abcdef,synthetic-2-rest,29,protocol,synthetic-demo-contract-v1,True,0.046783646184912174,0.09109065890067729,0.13536295857627084,0.1539163964574221,0.2069589870652626,0.23634382009075125,0.26290368202839703,0.3127909954634488
1700000001515000000,11515000000,304,303,303,0,0,,,,0,rest,hold,200.0,dev-0123456789abcdef0123456789abcdef,synthetic-2-rest,29,protocol,synthetic-demo-contract-v1,True,0.038324909308791406,0.08260926235461018,0.1247540391046881,0.14411329897035205,0.1958753454884077,0.2265034294959914,0.25177353431472066,0.3009834959469688
1700000001520000000,11520000000,305,304,304,0,0,,,,0,rest,hold,200.0,dev-0123456789abcdef0123456789abcdef,synthetic-2-rest,29,protocol,synthetic-demo-contract-v1,True,0.029471216317418718,0.07356174610793884,0.11349726131225293,0.13383486060941,0.18415845799358296,0.21606353779435516,0.24009610439454676,0.2885409258525816
1700000001525000000,11525000000,306,305,305,0,0,,,,0,rest,hold,200.0,dev-0123456789abcdef0123456789abcdef,synthetic-2-rest,29,protocol,synthetic-demo-contract-v1,True,0.02027684267412253,0.06400897051952184,0.10168356343295813,0.1231599454995778,0.1718997857829656,0.20510602364423744,0.2279619003540236,0.2755582312959737
1700000001530000000,11530000000,307,306,306,0,0,,,,0,rest,hold,200.0,dev-0123456789abcdef0123456789abcdef,synthetic-2-rest,29,protocol,synthetic-demo-contract-v1,True,0.010797761654476854,0.05401649518014111,0.08940902769798033,0.11217074079743511,0.15919546487717243,0.19371722729391463,0.2154655486077481,0.26213498912433836
1700000001535000000,11535000000,308,307,307,0,0,,,,0,rest,hold,200.0,dev-0123456789abcdef0123456789abcdef,synthetic-2-rest,29,protocol,synthetic-demo-contract-v1,True,0.0010914994389553247,0.04365417669643793,0.07677405053027676,0.10095209341266179,0.14614551792564368,0.18198723602415287,0.20270501991526424,0.24837460187536123
1700000001540000000,11540000000,309,308,308,0,0,,,,0,rest,hold,200.0,dev-0123456789abcdef0123456789abcdef,synthetic-2-rest,29,protocol,synthetic-demo-contract-v1,True,-0.008783002747139609,0.032995723379567854,0.063882473045096,0.08959082590748442,0.13285303368506557,0.1700091385843402,0.18978082671765448,0.23438346105921834
1700000001545000000,11545000000,310,309,309,0,0,,,,0,rest,hold,200.0,dev-0123456789abcdef0123456789abcdef,synthetic-2-rest,29,protocol,synthetic-demo-contract-v1,True,-0.018765525081628483,0.022118208537183333,0.05084067959427533,0.07817503710571631,0.11942332093605476,0.1578782548232911,0.17679519841277164,0.2202700856093174
1700000001550000000,11550000000,311,310,310,0,0,,,,0,rest,hold,200.0,dev-0123456789abcdef0123456789abcdef,synthetic-2-rest,29,protocol,synthetic-demo-contract-v1,True,-0.028794710099143216,0.011101544555614623,0.037756672396826375,0.06679339305701054,0.10596304381972321,0.14569134691944358,0.163851241375007,0.20614424255233127
1700000001555000000,11555000000,312,311,311,0,0,,,,0,rest,hold,200.0,dev-0123456789abcdef0123456789abcdef,synthetic-2-rest,29,protocol,synthetic-demo-contract-v1,True,-0.03880821415884146,2.7920457813470148e-05,0.02473913052905532,0.05553441407051271,0.09257934572945711,0.1335458187654849,0.15105209065660194,0.1921160570949434
1700000001560000000,11560000000,313,312,312,0,0,,,,0,rest,hold,200.0,dev-0123456789abcdef0123456789abcdef,synthetic-2-rest,29,protocol,synthetic-demo-contract-v1,True,-0.04874287532921076,-0.011018793875057902,0.011896461702057229,0.044485763554854604,0.07937896898804507,0.12153891015832177,0.13850006038131565,0.1782951194124688
1700000001565000000,11565000000,314,313,313,0,0,,,,0,rest,hold,200.0,dev-0123456789abcdef0123456789abcdef,synthetic-2-rest,29,protocol,synthetic-demo-contract-v1,True,-0.05853490329337525,-0.021953673131839734,-0.0006641446687309146,0.03373354437827982,0.06646737757540473,0.10976689248597082,0.12629579985712694,0.16478959545241284
1700000001570000000,11570000000,315,314,314,0,0,,,,0,rest,hold,200.0,dev-0123456789abcdef0123456789abcdef,synthetic-2-rest,29,protocol,synthetic-demo-contract-v1,True,-0.06812009639010529,-0.0326913874754585,-0.01283765459901133,0.023361608393874377,0.05394789014724018,0.09832427258802616,0.11453746239236086,0.15170534903380453
1700000001575000000,11575000000,316,315,315,0,0,,,,0,rest,hold,200.0,dev-0123456789abcdef0123456789abcdef,synthetic-2-rest,29,protocol,synthetic-demo-contract-v1,True,-0.07743409023915321,-0.043146874280610134,-0.024522108453680625,0.01345088466108601,0.04192083050028854,0.08730301139606848,0.10331989369958484,0.139145082431114
1700000001580000000,11580000000,317,316,316,0,0,,,,0,rest,hold,200.0,dev-0123456789abcdef0123456789abcdef,synthetic-2-rest,29,protocol,synthetic-demo-contract-v1,True,-0.08641264156918026,-0.05323602562141286,-0.035619513383493916,0.00407873173688897,0.03048270249601889,0.07679176383525475,0.09273384661454603,0.12720750248043527
1700000001585000000,11585000000,318,317,317,0,0,,,,0,rest,hold,200.0,dev-0123456789abcdef0123456789abcdef,synthetic-2-rest,29,protocol,synthetic-demo-contract-v1,True,-0.09499194989078813,-0.06287638601881304,-0.04603670125146444,-0.0046816807905108206,0.01972539625297988,0.06687514628948531,0.08286522864465685,0.11598651903668208
1700000001590000000,11590000000,319,318,318,0,0,,,,0,rest,hold,200.0,dev-0123456789abcdef0123456789abcdef,synthetic-2-rest,29,protocol,synthetic-demo-contract-v1,True,-0.10310901855810461,-0.07198785459344002,-0.05568614432971471,-0.01276195659402772,0.009735432160049256,0.05763303770142278,0.07379438859474088,0.10557048234545939
1700000001595000000,11595000000,320,319,319,0,0,,,,0,rest,hold,200.0,dev-0123456789abcdef0123456789abcdef,synthetic-2-rest,29,protocol,synthetic-demo-contract-v1,True,-0.11070205556502372,-0.08049338545532109,-0.06448672142866632,-0.020099018075160097,0.0005932489508185691,0.049139920097233364,0.06559544819917501,0.0960414655742841
1700000001600000000,11600000000,321,320,320,0,0,,,,0,rest,hold,200.0,dev-0123456789abcdef0123456789abcdef,synthetic-2-rest,29,protocol,synthetic-demo-contract-v1,True,-0.11771091315427168,-0.08831967990436362,-0.0723644275697093,-0.026635608672796653,-0.007627458284233555,0.041464263996530984,0.05833568432175456,0.0874745983774958
1700000001605000000,11605000000,322,321,321,0,0,,,,0,rest,hold,200.0,dev-0123456789abcdef0123456789abcdef,synthetic-2-rest,29,protocol,synthetic-demo-contract-v1,True,-0.12407756400852576,-0.09539786382110968,-0.0792530208255665,-0.03232074803085755,-0.014860344683208992,0.03466796379343039,0.052074966870638006,0.07993745695063093
1700000001610000000,11610000000,323,322,322,0,0,,,,0,rest,hold,200.0,dev-0123456789abcdef0123456789abcdef,synthetic-2-rest,29,protocol,synthetic-demo-contract-v1,True,-0.12974661047384142,-0.10166414350170562,-0.08509460052470799,-0.03711013642480086,-0.021046961788565688,0.028805827777923426,0.04686525711893688,0.0734895155666111
1700000001615000000,11615000000,324,323,323,0,0,,,,0,rest,hold,200.0,dev-0123456789abcdef0123456789abcdef,synthetic-2-rest,29,protocol,synthetic-demo-contract-v1,True,-0.13466582196821134,-0.10706043313916984,-0.08984011164193628,-0.040966505257712935,-0.026137238804442593,0.023925127011499688,0.04275017062570899,0.06818166408168144
1700000001620000000,11620000000,325,324,324,0,0,,,,0,rest,hold,200.0,dev-0123456789abcdef0123456789abcdef,synthetic-2-rest,29,protocol,synthetic-demo-contract-v1,True,-0.13878669448378514,-0.11153494717890605,-0.0934497708707822,-0.043859910872233954,-0.030089894962580258,0.020065206780811792,0.03976460842134672,0.0640557953577615
1700000001625000000,11625000000,326,325,325,0,0,,,,0,rest,hold,200.0,dev-0123456789abcdef0123456789abcdef,synthetic-2-rest,29,protocol,synthetic-demo-contract-v1,True,-0.1420650249310137,-0.11504275088304883,-0.09589341058827484,-0.04576796938146922,-0.032872779592514834,0.01725716383230217,0.037934459559983535,0.06114446597417461
1700000001630000000,11630000000,327,326,326,0,0,,,,0,rest,hold,200.0,dev-0123456789abcdef0123456789abcdef,synthetic-2-rest,29,protocol,synthetic-demo-contract-v1,True,-0.14446149202621522,-0.11754626262758817,-0.09715073767220872,-0.046676030696600854,-0.034463137088450675,0.015523592043419089,0.03727637755422308,0.059470633000356994
1700000001635000000,11635000000,328,327,327,0,0,,,,0,rest,hold,200.0,dev-0123456789abcdef0123456789abcdef,synthetic-2-rest,29,protocol,synthetic-demo-contract-v1,True,-0.14594223451829214,-0.11901570172919257,-0.09721150490817167,-0.04657729041738284,-0.03484779458514526,0.014878398616883741,0.0377976325990388,0.05904746897702896
1700000001640000000,11640000000,329,328,328,0,0,,,,0,rest,hold,200.0,dev-0123456789abcdef0123456789abcdef,synthetic-2-rest,29,protocol,synthetic-demo-contract-v1,True,-0.14647941681035442,-0.11942947595491427,-0.0960755935209687,-0.04547283875014613,-0.03402327079312174,0.015326692298171993,0.03949604086713629,0.05987825661160253
1700000001645000000,11645000000,330,329,329,0,0,,,,0,rest,hold,200.0,dev-0123456789abcdef0123456789abcdef,synthetic-2-rest,29,protocol,synthetic-demo-contract-v1,True,-0.14605177147948423,-0.11877450330604757,-0.09375300617517461,-0.043371646122408056,-0.03199580509431659,0.01686474451780402,0.042359971522549285,0.061956364039555706
1700000001650000000,11650000000,331,330,330,0,0,,,,0,rest,hold,200.0,dev-0123456789abcdef0123456789abcdef,synthetic-2-rest,29,protocol,synthetic-demo-contract-v1,True,-0.14464510785072002,-0.11704646318462522,-0.09026377060472812,-0.040290485669647234,-0.028781306657479223,0.01948002375416967,0.046368431458009764,0.06526530084252324
1700000001655000000,11655000000,332,331,331,0,0,,,,0,rest,hold,200.0,dev-0123456789abcdef0123456789abcdef,synthetic-2-rest,29,protocol,synthetic-demo-contract-v1,True,-0.14225277565337952,-0.11424997264350101,-0.08563775484407317,-0.036253793274246764,-0.02440522399283503,0.023151302804492003,0.05149122711998652,0.06977885435137252
1700000001660000000,11660000000,333,332,332,0,0,,,,0,rest,hold,200.0,dev-0123456789abcdef0123456789abcdef,synthetic-2-rest,29,protocol,synthetic-demo-contract-v1,True,-0.1388760728884494,-0.11039868408364975,-0.07991439583573821,-0.03129346633504053,-0.01890233602226454,0.02784883804617938,0.05768920214851136,0.07546130510398598
1700000001665000000,11665000000,334,333,333,0,0,,,,0,rest,hold,200.0,dev-0123456789abcdef0123456789abcdef,synthetic-2-rest,29,protocol,synthetic-demo-contract-v1,True,-0.1345245873696073,-0.1055153014890389,-0.07314234397387795,-0.025448602934352197,-0.012316466389094768,0.033534619173279934,0.06491454893228764,0.08226771967829838
1700000001670000000,11670000000,335,334,334,0,0,,,,0,rest,hold,200.0,dev-0123456789abcdef0123456789abcdef,synthetic-2-rest,29,protocol,synthetic-demo-contract-v1,True,-0.1292164619673427,-0.09963151307297366,-0.06537902690286444,-0.018765183544046375,-0.004700123365207512,0.04016268730797752,0.07311119156827117,0.09014431848666266
1700000001675000000,11675000000,336,335,335,0,0,,,,0,rest,hold,200.0,dev-0123456789abcdef0123456789abcdef,synthetic-2-rest,29,protocol,synthetic-demo-contract-v1,True,-0.12297857438052391,-0.09278783904199417,-0.0566901366174208,-0.011295697869171758,0.0038859316726839524,0.0476795188199024,0.08221523712397694,0.09902891550305763
1700000001680000000,11680000000,337,336,336,0,0,,,,0,rest,hold,200.0,dev-0123456789abcdef0123456789abcdef,synthetic-2-rest,29,protocol,synthetic-demo-contract-v1,True,-0.11584662327269007,-0.08503339405509608,-0.04714904459926951,-0.003098719863647974,0.013373183636146615,0.056024471641193625,0.09215549153510938,0.10885142630507602
1700000001685000000,11685000000,338,337,337,0,0,,,,0,rest,hold,200.0,dev-0123456789abcdef0123456789abcdef,synthetic-2-rest,29,protocol,synthetic-demo-contract-v1,True,-0.10786511382670914,-0.07642556485741497,-0.03683615036847449,0.005761565636277553,0.02368592686588944,0.06513029034723519,0.10285403593539096,0.11953444025286694
1700000001690000000,11690000000,339,338,338,0,0,,,,0,rest,hold,200.0,dev-0123456789abcdef0123456789abcdef,synthetic-2-rest,29,protocol,synthetic-demo-contract-v1,True,-0.09908723717214572,-0.06702960448801179,-0.025838169419640098,0.015215880831656203,0.03474188737259411,0.07492366578611825,0.11422685871414494,0.13099385210188014
1700000001695000000,11695000000,340,339,339,0,0,,,,0,rest,hold,200.0,dev-0123456789abcdef0123456789abcdef,synthetic-2-rest,29,protocol,synthetic-demo-contract-v1,True,-0.08957463970156293,-0.05691814539001606,-0.014247367048526407,0.025190413251808767,0.04645289904215012,0.08532584458814937,0.12618453813438596,0.14313954785965233
1700000001700000000,11700000000,341,340,340,0,0,,,,0,rest,hold,200.0,dev-0123456789abcdef0123456789abcdef,synthetic-2-rest,29,protocol,synthetic-demo-contract-v1,True,-0.0793970799881337,-0.046170634676672324,-0.0021607450485337286,0.03560740991594453,0.058725628224382015,0.09625328347392223,0.13863296992377755,0.15587613925303534
1700000001705000000,11705000000,342,341,341,0,0,,,,0,rest,hold,200.0,dev-0123456789abcdef0123456789abcdef,synthetic-2-rest,29,protocol,synthetic-demo-contract-v1,True,-0.06863197281736032,-0.03487269571720024,0.010320811335285162,0.04638580258185179,0.07146234072507214,0.10761834290896397,0.15147413387626638,0.1691037407747861
1700000001710000000,11710000000,343,342,342,0,0,,,,0,rest,hold,200.0,dev-0123456789abcdef0123456789abcdef,synthetic-2-rest,29,protocol,synthetic-demo-contract-v1,True,-0.05736382171770746,-0.023115421090086172,0.023093418468181474,0.05744185905353729,0.0845617048712061,0.1193300143278688,0.16460689317666155,0.18271878293063168
1700000001715000000,11715000000,344,343,343,0,0,,,,0,rest,hold,200.0,dev-0123456789abcdef0123456789abcdef,synthetic-2-rest,29,protocol,synthetic-demo-contract-v1,True,-0.04568354328398384,-0.010994602796919333,0.036051103410511216,0.06868985531532205,0.09791962402173572,0.1312946748737764,0.1779278198865491,0.19661485501259154
1700000001720000000,11720000000,345,344,344,0,0,,,,0,rest,hold,200.0,dev-0123456789abcdef0123456789abcdef,synthetic-2-rest,29,protocol,synthetic-demo-contract-v1,True,-0.03368768849740147,0.0013900935742157394,0.04908672884016579,0.08004276309735175,0.11143009165328463,0.14341686337239157,0.19133203981006325,0.210683570483959
1700000001725000000,11725000000,346,345,345,0,0,,,,0,rest,hold,200.0,dev-0123456789abcdef0123456789abcdef,synthetic-2-rest,29,protocol,synthetic-demo-contract-v1,True,-0.021477568120949114,0.013936003311352387,0.06209292551131428,0.09141294735796024,0.124986061964074,0.15560007108529456,0.20471408979397218,0.2248154478778517
1700000001730000000,11730000000,347,346,346,0,0,,,,0,rest,hold,200.0,dev-0123456789abcdef0123456789abcdef,synthetic-2-rest,29,protocol,synthetic-demo-contract-v1,True,-0.009158291051689287,0.02653837757819664,0.07496302390881232,0.1027128680927391,0.13848032881146058,0.16774754066650252,0.21796878040965612,0.2389007999861217
1700000001735000000,11735000000,348,347,347,0,0,,,,0,rest,hold,200.0,dev-0123456789abcdef0123456789abcdef,synthetic-2-rest,29,protocol,synthetic-demo-contract-v1,True,0.0031622737927028124,0.039091330277371696,0.0875919767951671,0.1138557808491304,0.1518064057299517,0.17976306668013833,0.23099205691581493,0.25283062404974543
1700000001740000000,11740000000,349,348,348,0,0,,,,0,rest,hold,200.0,dev-0123456789abcdef0123456789abcdef,synthetic-2-rest,29,protocol,synthetic-demo-contract-v1,True,0.01537459992125197,0.051488807609015634,0.09987726446059297,0.12475643033901637,0.16485939976790162,0.19155179102612463,0.24368185141050752,0.266497485656054
1700000001745000000,11745000000,350,349,349,0,0,,,,0,rest,hold,200.0,dev-0123456789abcdef0123456789abcdef,synthetic-2-rest,29,protocol,synthetic-demo-contract-v1,True,0.027368656537171767,0.06362557075817926,0.1117197746751034,0.1353317316000524,0.1775368719324267,0.2030209866651805,0.25593891914940053,0.27979638910241045
1700000001750000000,11750000000,351,350,350,0,0,,,,0,rest,hold,200.0,dev-0123456789abcdef0123456789abcdef,synthetic-2-rest,29,protocol,synthetic-demo-contract-v1,True,0.039035097931601155,0.07539818184964892,0.12302464960257886,0.14550143325882697,0.1897396771429185,0.21408082313362023,0.2676676521332961,0.2926256270996748
1700000001755000000,11755000000,352,351,351,0,0,,,,0,rest,hold,200.0,dev-0123456789abcdef0123456789abcdef,synthetic-2-rest,29,protocol,synthetic-demo-contract-v1,True,0.050266473356220864,0.08670598312280153,0.1337020922676081,0.15518875759455764,0.20137277676304152,0.22464510749176386,0.278776863251171,0.3048876028611407
1700000001760000000,11760000000,353,352,352,0,0,,,,0,rest,hold,200.0,dev-0123456789abcdef0123456789abcdef,synthetic-2-rest,29,protocol,synthetic-demo-contract-v1,True,0.06095844102193589,0.09745205920584828,0.14366812556310557,0.1643210122897146,0.21234601700780575,0.23463199455582498,0.2891805345035407,0.31648961785208224
1700000001765000000,11765000000,354,353,353,0,0,,,,0,rest,hold,200.0,dev-0123456789abcdef0123456789abcdef,synthetic-2-rest,29,protocol,synthetic-demo-contract-v1,True,0.07101096943013778,0.10754417241099984,0.15284529724625076,0.17283016898222175,0.2225748668043734,0.24396466052025637,0.2987985231230645,0.3273446187597563
1700000001770000000,11770000000,355,354,354,0,0,,,,0,rest,hold,200.0,dev-0123456789abcdef0123456789abcdef,synthetic-2-rest,29,protocol,synthetic-demo-contract-v1,True,0.08032950907909131,0.11689566113086124,0.16116332488753496,0.18065340400089178,0.23198110902035726,0.2525719343835552,0.30755721975253825,0.33737189758130015
1700000001775000000,11775000000,356,355,355,0,0,,,,0,rest,hold,200.0,dev-0123456789abcdef0123456789abcdef,synthetic-2-rest,29,protocol,synthetic-demo-contract-v1,True,0.08882611770754123,0.12542629169141145,0.16855967530748267,0.18773359696936265,0.24049347935871315,0.2603888819428938,0.3153901532319555,0.34649773911464227
1700000001780000000,11780000000,357,356,356,0,0,,,,0,rest,hold,200.0,dev-0123456789abcdef0123456789abcdef,synthetic-2-rest,29,protocol,synthetic-demo-contract-v1,True,0.09642052264226825,0.1330630544064474,0.17498007365232807,0.19401978330159744,0.2480482476507428,0.26735733751871776,0.322238536982961,0.35465601057210694
1700000001785000000,11785000000,358,357,357,0,0,,,,0,rest,hold,200.0,dev-0123456789abcdef0123456789abcdef,synthetic-2-rest,29,protocol,synthetic-demo-contract-v1,True,0.10304110450232057,0.13974089507910664,0.18037893791757734,0.19946755698134305,0.25458973675467017,0.2734263790063781,0.32805175245722196,0.3617886885142887
1700000001790000000,11790000000,359,358,358,0,0,,,,0,rest,hold,200.0,dev-0123456789abcdef0123456789abcdef,synthetic-2-rest,29,protocol,synthetic-demo-contract-v1,True,0.1086257874708701,0.14540337380320723,0.18471973542053488,0.20403942041580556,0.26007077478272855,0.27855274232423816,0.33278776563100787,0.367846318818975
1700000001795000000,11795000000,360,359,359,0,0,,,,0,rest,hold,200.0,dev-0123456789abcdef0123456789abcdef,synthetic-2-rest,29,protocol,synthetic-demo-contract-v1,True,0.11312282256196889,0.15000324362455286,0.18797525844292592,0.20770507857710221,0.26445307693050907,0.28270117183265786,0.33641347307743164,0.37278840595221585
1700000001800000000,11800000000,361,360,360,0,0,,,,0,rest,hold,200.0,dev-0123456789abcdef0123456789abcdef,synthetic-2-rest,29,protocol,synthetic-demo-contract-v1,True,0.11649145176478314,0.1535029424225264,0.1901278170058125,0.21044167509042166,0.2677075537639121,0.2858447038315918,0.33890497472583686,0.3765837283914969
1700000001805000000,11805000000,362,361,361,0,0,,,,0,rest,hold,200.0,dev-0123456789abcdef0123456789abcdef,synthetic-2-rest,29,protocol,synthetic-demo-contract-v1,True,0.11870244261845982,0.15587499225641785,0.19116934749401332,0.21223396839168573,0.26981454342655,0.28796488080175586,0.3402477710199169,0.3792105776595105
1700000001810000000,11810000000,363,362,362,0,0,,,,0,rest,hold,200.0,dev-0123456789abcdef0123456789abcdef,synthetic-2-rest,29,protocol,synthetic-demo-contract-v1,True,0.11973848462892868,0.15710230137918094,0.1911014366091655,0.21307444655627183,0.2707639658589577,0.2890518946308841,0.34043688280745354,0.38065691905631555
1700000001815000000,11815000000,364,363,363,0,0,,,,0,rest,hold,200.0,dev-0123456789abcdef0123456789abcdef,synthetic-2-rest,29,protocol,synthetic-demo-contract-v1,True,0.11959444095317336,0.15717836514265682,0.1899352608922199,0.212963379890142,0.2705553977651745,0.28910465765761384,0.3394768929298717,0.3809204728224392
1700000001820000000,11820000000,365,364,364,0,0,,,,0,rest,hold,200.0,dev-0123456789abcdef0123456789abcdef,synthetic-2-rest,29,protocol,synthetic-demo-contract-v1,True,0.11827745091246862,0.15610736309098305,0.18769144281053785,0.21190881087173094,0.26919806771694166,0.2881308009661833,0.337381909123952,0.38000871512047096
1700000001825000000,11825000000,366,365,365,0,0,,,,0,rest,hold,200.0,dev-0123456789abcdef0123456789abcdef,synthetic-2-rest,29,protocol,synthetic-demo-contract-v1,True,0.1158068811169279,0.15390415065032034,0.18439982514488917,0.20992648153318777,0.26671077144543953,0.28614659997034786,0.33417544849568864,0.3779387988824839
1700000001830000000,11830000000,367,366,366,0,0,,,,0,rest,hold,200.0,dev-0123456789abcdef0123456789abcdef,synthetic-2-rest,29,protocol,synthetic-demo-contract-v1,True,0.11221412525096912,0.15059414496004253,0.18009916613081425,0.20703969886910856,0.2631217080297565,0.2831768279297172,0.32989024447209875,0.374737395229766
1700000001835000000,11835000000,368,367,367,0,0,,,,0,rest,hold,200.0,dev-0123456789abcdef0123456789abcdef,synthetic-2-rest,29,protocol,synthetic-demo-contract-v1,True,0.10754225484355,0.14621310553961714,0.17483675850052066,0.2032791393557885,0.2584682383446847,0.2792545386410711,0.32456797777547247,0.37044045682444776
1700000001840000000,11840000000,369,368,368,0,0,,,,0,rest,hold,200.0,dev-0123456789abcdef0123456789abcdef,synthetic-2-rest,29,protocol,synthetic-demo-contract-v1,True,0.10184552558857302,0.1408068116327439,0.1686679762295523,0.1986825941503227,0.2527965677725618,0.27442078013611143,0.31825893359080587,0.3650929051542465
1700000001845000000,11845000000,370,369,369,0,0,,,,0,rest,hold,200.0,dev-0123456789abcdef0123456789abcdef,synthetic-2-rest,29,protocol,synthetic-demo-contract-v1,True,0.09518874595063809,0.13443063920212844,0.16165575341111701,0.1932946570127757,0.2461613558094508,0.26872424179070975,0.3110215877058495,0.35874824437648223
1700000001850000000,11850000000,371,370,370,0,0,,,,0,rest,hold,200.0,dev-0123456789abcdef0123456789abcdef,synthetic-2-rest,29,protocol,synthetic-demo-contract-v1,True,0.08764651685149387,0.1271490416508357,0.1538700002548084,0.1871663574523488,0.23862525579978622,0.2622208378042147,0.3029221249893003,0.35146810495057534
1700000001855000000,11855000000,372,371,371,0,0,,,,0,rest,hold,200.0,dev-0123456789abcdef0123456789abcdef,synthetic-2-rest,29,protocol,synthetic-demo-contract-v1,True,0.07930235314727382,0.11903493940609956,0.14538696173057475,0.18035474203636204,0.23025838861070747,0.2549732305361951,0.2940338941312997,0.3433217208644494
1700000001860000000,11860000000,373,372,372,0,0,,,,0,rest,hold,200.0,dev-0123456789abcdef0123456789abcdef,synthetic-2-rest,29,protocol,synthetic-demo-contract-v1,True,0.07024769934282814,0.11016902450593283,0.13628852484885665,0.17292240721551583,0.22113775460295174,0.24705029768776934,0.2844368030970291,0.3343853448049329
1700000001865000000,11865000000,374,373,373,0,0,,,,0,rest,hold,200.0,dev-0123456789abcdef0123456789abcdef,synthetic-2-rest,29,protocol,synthetic-demo-contract-v1,True,0.06058085351727052,0.10063898726557594,0.12666148097990382,0.1649369874069349,0.2113465887647791,0.23852654778118368,0.27421666023438007,0.3247416061308388
1700000001870000000,11870000000,375,374,374,0,0,,,,0,rest,hold,200.0,dev-0123456789abcdef0123456789abcdef,synthetic-2-rest,29,protocol,synthetic-demo-contract-v1,True,0.050405814728387045,0.0905386729584301,0.1165967499662208,0.1564706024349255,0.2009736643448476,0.22948148882075325,0.2634644664264447,0.31447881697578073
1700000001875000000,11875000000,376,375,375,0,0,,,,0,rest,hold,200.0,dev-0123456789abcdef0123456789abcdef,synthetic-2-rest,29,protocol,synthetic-demo-contract-v1,True,0.039831070201162624,0.07996717721417007,0.10618857306919732,0.1475992687553012,0.19011255074530684,0.21999895540707726,0.25227566408516944,0.3036902322320891
1700000001880000000,11880000000,377,376,376,0,0,,,,0,rest,hold,200.0,dev-0123456789abcdef0123456789abcdef,synthetic-2-rest,29,protocol,synthetic-demo-contract-v1,True,0.028968339370520166,0.06902788950590122,0.09553368201220135,0.13840227917994358,0.17886083181411372,0.2101663999213217,0.2407493491405516,0.29247326954389763
1700000001885000000,11885000000,378,377,377,0,0,,,,0,rest,hold,200.0,dev-0123456789abcdef0123456789abcdef,synthetic-2-rest,29,protocol,synthetic-demo-contract-v1,True,0.017931292328737115,0.05782749466050411,0.08473045153644779,0.12896155607170218,0.16731929100263337,0.20007415369454712,0.22898745248735106,0.28092869576357526
1700000001890000000,11890000000,379,378,378,0,0,,,,0,rest,hold,200.0,dev-0123456789abcdef0123456789abcdef,synthetic-2-rest,29,protocol,synthetic-demo-contract-v1,True,0.006834260417346718,0.04647494277491733,0.0738780429719997,0.11936098319372761,0.15559107012822446,0.1898146643260132,0.21709389760580944,0.2691597865984339
1700000001895000000,11895000000,380,379,379,0,0,,,,0,rest,hold,200.0,dev-0123456789abcdef0123456789abcdef,synthetic-2-rest,29,protocol,synthetic-demo-contract-v1,True,-0.004209043399460031,0.03508039825074331,0.06307554634422266,0.10968572157014789,0.14378080869943743,0.1794817155120433,0.20517374127221502,0.2572714663918281
1700000001900000000,11900000000,381,380,380,0,0,,,,0,rest,hold,200.0,dev-0123456789abcdef0123456789abcdef,synthetic-2-rest,29,protocol,synthetic-demo-contract-v1,True,-0.015086777133531784,0.023754178866490235,0.052421128486496424,0.10002151484530807,0.13199377092196343,0.16916963589181053,0.19333230441770943,0.24536943514265666
1700000001905000000,11905000000,382,381,381,0,0,,,,0,rest,hold,200.0,dev-0123456789abcdef0123456789abcdef,synthetic-2-rest,29,protocol,synthetic-demo-contract-v1,True,-0.025690178766099518,0.012605695888678343,0.042011194514106814,0.09045398971548721,0.12033496760515787,0.15897250350705708,0.1816743002782597,0.23355928996853365
1700000001910000000,11910000000,383,382,382,0,0,,,,0,rest,hold,200.0,dev-0123456789abcdef0123456789abcdef,synthetic-2-rest,29,protocol,synthetic-demo-contract-v1,True,-0.035914715991000074,0.0017424061792615424,0.03193956983375459,0.08106795704934612,0.10890828023097816,0.1489833525085116,0.17030296700447692,0.22194564825966948
1700000001915000000,11915000000,384,383,383,0,0,,,,0,rest,hold,200.0,dev-0123456789abcdef0123456789abcdef,synthetic-2-rest,29,protocol,synthetic-demo-contract-v1,True,-0.04566116223998681,-0.008731212911649381,0.02229670962048104,0.07194671931108836,0.09781559442928739,0.13929338872244507,0.15931921186683126,0.21063127975259718
1700000001920000000,11920000000,385,384,384,0,0,,,,0,rest,hold,200.0,dev-0123456789abcdef0123456789abcdef,synthetic-2-rest,29,protocol,synthetic-demo-contract-v1,True,-0.054836585919999875,-0.01871465536960626,0.013168942391772952,0.06317138985325618,0.0871559500256512,0.1299912206164015,0.14882077409987207,0.19971625467527498
1700000001925000000,11925000000,386,385,385,0,0,,,,0,rest,hold,200.0,dev-0123456789abcdef0123456789abcdef,synthetic-2-rest,29,protocol,synthetic-demo-contract-v1,True,-0.06335524138287889,-0.02811233496707285,0.004637753950744974,0.05482022955472681,0.07702471469081655,0.12116211207444177,0.13890141327921637,0.18929711497863208
1700000001930000000,11930000000,387,386,386,0,0,,,,0,rest,hold,200.0,dev-0123456789abcdef0123456789abcdef,synthetic-2-rest,29,protocol,synthetic-demo-contract-v1,True,-0.07113935190069924,-0.03683448077486899,-0.003220882439593833,0.04696800614441892,0.0675127880260285,0.11288726321021673,0.12965012991842795,0.17946607547534277
1700000001935000000,11935000000,388,387,387,0,0,,,,0,rest,hold,200.0,dev-0123456789abcdef0123456789abcdef,synthetic-2-rest,29,protocol,synthetic-demo-contract-v1,True,-0.07811977680105645,-0.04479797079442216,-0.010337124246569396,0.03968538137349004,0.05870584266683039,0.10524312521236452,0.12115042471115767,0.17031026145613073
1700000001940000000,11940000000,389,388,388,0,0,,,,0,rest,hold,200.0,dev-0123456789abcdef0123456789abcdef,synthetic-2-rest,29,protocol,synthetic-demo-contract-v1,True,-0.08423655689045151,-0.05192709549702919,-0.016647821318650335,0.0330383309798553,0.050683608682159154,0.09830075493311816,0.11347960252926317,0.1619109890493975
1700000001945000000,11945000000,390,389,389,0,0,,,,0,rest,hold,200.0,dev-0123456789abcdef0123456789abcdef,synthetic-2-rest,29,protocol,synthetic-demo-contract-v1,True,-0.0894393343234989,-0.05815424387040027,-0.022097016631361842,0.02708760213029728,0.04351920718783224,0.09212521459990132,0.10670812692256444,0.15434309423386988
1700000001950000000,11950000000,391,390,390,0,0,,,,0,rest,hold,200.0,dev-0123456789abcdef0123456789abcdef,synthetic-2-rest,29,protocol,synthetic-demo-contract-v1,True,-0.09368764512333419,-0.06342050546489328,-0.026636382333877013,0.021888212729303046,0.03727853868690203,0.08677502165384894,0.10089903045342626,0.1476743160092603
1700000001955000000,11955000000,392,391,391,0,0,,,,0,rest,hold,200.0,dev-0123456789abcdef0123456789abcdef,synthetic-2-rest,29,protocol,synthetic-demo-contract-v1,True,-0.09695108458680726,-0.06767618289071076,-0.030225587899904524,0.017488996652408217,0.03201973119723213,0.08230165330178818,0.09610738574291593,0.14196473878002341
1700000001960000000,11960000000,393,392,392,0,0,,,,0,rest,hold,200.0,dev-0123456789abcdef0123456789abcdef,synthetic-2-rest,29,protocol,synthetic-demo-contract-v1,True,-0.09920934778021188,-0.07088121023092105,-0.0328325978058687,0.013932198597784598,0.02779265273270229,0.0787491099126688,0.09237984160854419,0.13726629851585095
1700000001965000000,11965000000,394,393,393,0,0,,,,0,rest,hold,200.0,dev-0123456789abcdef0123456789abcdef,synthetic-2-rest,29,protocol,synthetic-demo-contract-v1,True,-0.10045214921233986,-0.07300547389082034,-0.03443389679424248,0.011253121855948076,0.024638492172769914,0.07615354089953694,0.08975422814065238,0.1336223567236507
1700000001970000000,11970000000,395,394,394,0,0,,,,0,rest,hold,200.0,dev-0123456789abcdef0123456789abcdef,synthetic-2-rest,29,protocol,synthetic-demo-contract-v1,True,-0.10067902752867806,-0.07402903348877476,-0.035014641424302974,0.009479831876915052,0.022589411990140588,0.07454293620801968,0.08825923399977022,0.1310673457038354
1700000001975000000,11975000000,396,395,395,0,0,,,,0,rest,hold,200.0,dev-0123456789abcdef0123456789abcdef,synthetic-2-rest,29,protocol,synthetic-demo-contract-v1,True,-0.09989904267368455,-0.07394224149402752,-0.03456873726072355,0.00863291807013719,0.02166827571261702,0.07393688598617917,0.08791415862530155,0.12962648797336804
1700000001980000000,11980000000,397,396,396,0,0,,,,0,rest,hold,200.0,dev-0123456789abcdef0123456789abcdef,synthetic-2-rest,29,protocol,synthetic-demo-contract-v1,True,-0.09813037439066757,-0.07274576141958927,-0.03309884169637507,0.008725315808662995,0.021888452377785868,0.07434641044311283,0.0887287414316327,0.129315592124137
1700000001985000000,11985000000,398,397,397,0,0,,,,0,rest,hold,200.0,dev-0123456789abcdef0123456789abcdef,synthetic-2-rest,29,protocol,synthetic-demo-contract-v1,True,-0.09539983214825719,-0.07045048547003561,-0.0306162930438248,0.009762190128817523,0.023253699603108254,0.07577386131948717,0.0907030694361932,0.13014092675288616
1700000001990000000,11990000000,399,398,398,0,0,,,,0,rest,hold,200.0,dev-0123456789abcdef0123456789abcdef,synthetic-2-rest,29,protocol,synthetic-demo-contract-v1,True,-0.0917422875804786,-0.0670773536118147,-0.0271409671546871,0.011740882124078538,0.025758126244484605,0.07821289579717731,0.09382756412034868,0.13209917345335595
1700000001995000000,11995000000,400,399,399,0,0,,,,0,rest,hold,200.0,dev-0123456789abcdef0123456789abcdef,synthetic-2-rest,29,protocol,synthetic-demo-contract-v1,True,-0.0872000412903296,-0.06265707706500535,-0.022701063431866748,0.014650918530651423,0.029386234958826668,0.08164852307228838,0.09808304767355597,0.13517745920783283
1700000002000000000,12000000000,401,400,400,0,0,,,,0,rest,hold,200.0,dev-0123456789abcdef0123456789abcdef,synthetic-2-rest,29,protocol,synthetic-demo-contract-v1,True,-0.08182213638575822,-0.05722977019846728,-0.017332822681749887,0.018474084496466574,0.0341130443260096,0.08605722321106181,0.10344088811929664,0.1393534678593426
1700000002005000000,12005000000,402,401,401,0,0,,,,0,rest,hold,200.0,dev-0123456789abcdef0123456789abcdef,synthetic-2-rest,29,protocol,synthetic-demo-contract-v1,True,-0.07566363138818187,-0.05084449573383379,-0.01108017980673164,0.023184559018975082,0.03990428952826734,0.09140713730656183,0.10986322217331128,0.14459562969269626
1700000002010000000,12010000000,403,402,402,0,0,,,,0,rest,hold,200.0,dev-0123456789abcdef0123456789abcdef,synthetic-2-rest,29,protocol,synthetic-demo-contract-v1,True,-0.06878484517842363,-0.043558729017605345,-0.00399435485870303,0.028749112034207214,0.04671669993604255,0.09765832736057456,0.11730325404588866,0.150863387507876
1700000002015000000,12015000000,404,403,403,0,0,,,,0,rest,hold,200.0,dev-0123456789abcdef0123456789abcdef,synthetic-2-rest,29,protocol,synthetic-demo-contract-v1,True,-0.06125058642927875,-0.03543774789550237,0.003866613542841545,0.03512736164409283,0.054498351313874774,0.10476310373477109,0.12570562777568342,0.15810753693816154
1700000002020000000,12020000000,405,404,404,0,0,,,,0,rest,hold,200.0,dev-0123456789abcdef0123456789abcdef,synthetic-2-rest,29,protocol,synthetic-demo-contract-v1,True,-0.05312937952873035,-0.026553955411147395,0.01243838798224361,0.04227208948500192,0.06318908974338411,0.11266641745273817,0.13500687007790918,0.16627063815317566
1700000002025000000,12025000000,406,405,405,0,0,,,,0,rest,hold,200.0,dev-0123456789abcdef0123456789abcdef,synthetic-2-rest,29,protocol,synthetic-demo-contract-v1,True,-0.04449269833853321,-0.016986143145304902,0.02165090036471632,0.050129611771653995,0.07272102376780318,0.12130631409457043,0.14513590010968658,0.1752874954986601
1700000002030000000,12030000000,407,406,406,0,0,,,,0,rest,hold,200.0,dev-0123456789abcdef0123456789abcdef,synthetic-2-rest,29,protocol,synthetic-demo-contract-v1,True,-0.03541421827885551,-0.006818703506708958,0.031428963183814475,0.05864020310081049,0.08301908069882533,0.13061444551293397,0.15601460200469455,0.18508570106522182
1700000002035000000,12035000000,408,407,407,0,0,,,,0,rest,hold,200.0,dev-0123456789abcdef0123456789abcdef,synthetic-2-rest,29,protocol,synthetic-demo-contract-v1,True,-0.02596909620414753,0.0038592003231144112,0.041692918442098034,0.06773856967202953,0.09400162249632274,0.14051663511801135,0.16755845551251036,0.19558623765203625
1700000002040000000,12040000000,409,408,408,0,0,,,,0,rest,hold,200.0,dev-0123456789abcdef0123456789abcdef,synthetic-2-rest,29,protocol,synthetic-demo-contract-v1,True,-0.016233286364618595,0.014954497803476312,0.05235931847666674,0.07735436818171403,0.10558111613918651,0.15093349203258843,0.17967721959944638,0.2067041361029446
1700000002045000000,12045000000,410,409,409,0,0,,,,0,rest,hold,200.0,dev-0123456789abcdef0123456789abcdef,synthetic-2-rest,29,protocol,synthetic-demo-contract-v1,True,-0.006282899460494533,0.026371098641492525,0.06334163274251046,0.08741276627497765,0.11766485295522774,0.16178106901146194,0.192275663431255,0.21834918154558108
1700000002050000000,12050000000,411,410,410,0,0,,,,0,rest,hold,200.0,dev-0123456789abcdef0123456789abcdef,synthetic-2-rest,29,protocol,synthetic-demo-contract-v1,True,0.003806389576557642,0.038010795357177635,0.07455097446101078,0.09783504010043804,0.13015571097340858,0.17297155865464928,0.2052543387673063,0.23042666266271683
1700000002055000000,12055000000,412,411,411,0,0,,,,0,rest,hold,200.0,dev-0123456789abcdef0123456789abcdef,synthetic-2-rest,29,protocol,synthetic-demo-contract-v1,True,0.013959880866799033,0.04977417160741568,0.08589684094884373,0.10853920420873253,0.1429529540060412,0.18441402212466368,0.21851038745402662,0.2428381577722713
1700000002060000000,12060000000,413,412,412,0,0,,,,0,rest,hold,200.0,dev-0123456789abcdef0123456789abcdef,synthetic-2-rest,29,protocol,synthetic-demo-contract-v1,True,0.024104333169824414,0.061561507208805155,0.09728786140386142,0.11944066876885186,0.15595306086495717,0.19601514430704203,0.23193837741535547,0.25548235119133195
1700000002065000000,12065000000,414,413,413,0,0,,,,0,rest,hold,200.0,dev-0123456789abcdef0123456789abcdef,synthetic-2-rest,29,protocol,synthetic-demo-contract-v1,True,0.034168390450846894,0.07327367103776608,0.10863254593858991,0.1304529188494115,0.16905057786643288,0.2076800091325565,0.24543116030204323,0.2682558731124307
1700000002070000000,12070000000,415,414,414,0,0,,,,0,rest,hold,200.0,dev-0123456789abcdef0123456789abcdef,synthetic-2-rest,29,protocol,synthetic-demo-contract-v1,True,0.044082951492955845,0.0848129933186274,0.11984002971779033,0.14148821032668835,0.18213898758699038,0.21931288861101594,0.2588807437818024,0.2810541560293405
1700000002075000000,12075000000,416,415,415,0,0,,,,0,rest,hold,200.0,dev-0123456789abcdef0123456789abcdef,synthetic-2-rest,29,protocol,synthetic-demo-contract-v1,True,0.05378148394107635,0.09608410923032537,0.13082080617261888,0.15245827683921476,0.19511158669768913,0.2308180390116877,0.27217917133013914,0.2937723006163648
1700000002080000000,12080000000,417,416,416,0,0,,,,0,rest,hold,200.0,dev-0123456789abcdef0123456789abcdef,synthetic-2-rest,29,protocol,synthetic-demo-contract-v1,True,0.06320028538009226,0.10699476626235509,0.14148744342827296,0.16327504211103452,0.20786236562915877,0.24210049756497212,0.2852194023180196,0.30630594389043925
1700000002085000000,12085000000,418,417,417,0,0,,,,0,rest,hold,200.0,dev-0123456789abcdef0123456789abcdef,synthetic-2-rest,29,protocol,synthetic-demo-contract-v1,True,0.07227869513910558,0.1174565883226652,0.15175527829253777,0.1738513319134517,0.22028688280422445,0.25306687305475234,0.29789618518810335,0.3185521224701526
1700000002090000000,12090000000,419,418,418,0,0,,,,0,rest,hold,200.0,dev-0123456789abcdef0123456789abcdef,synthetic-2-rest,29,protocol,synthetic-demo-contract-v1,True,0.0809592614536263,0.1273857902351107,0.16154308240653445,0.18410157992855383,0.23228312621947014,0.2636261237206672,0.310106916565944,0.33041012378992657
1700000002095000000,12095000000,420,419,419,0,0,,,,0,rest,hold,200.0,dev-0123456789abcdef0123456789abcdef,synthetic-2-rest,29,protocol,synthetic-demo-contract-v1,True,0.08918786938911567,0.13670383695240737,0.17077369545338963,0.19394252181723812,0.24375235526123126,0.27369031599412547,0.3217524792660132,0.3417823182308173
1700000002100000000,12100000000,421,420,420,0,0,,,,0,rest,hold,200.0,dev-0123456789abcdef0123456789abcdef,synthetic-2-rest,29,protocol,synthetic-demo-contract-v1,True,0.09691383551812746,0.14533804254221952,0.17937462065225523,0.2032938718796795,0.254599915804434,0.2831753577503318,0.33273805232369924,0.3525749652908222
1700000002105000000,12105000000,422,421,421,0,0,,,,0,rest,hold,200.0,dev-0123456789abcdef0123456789abcdef,synthetic-2-rest,29,protocol,synthetic-demo-contract-v1,True,0.10408997573899392,0.1532221047686496,0.18727857813055226,0.21207897682649407,0.2647360218629832,0.29200169996952907,0.342973886412109,0.36269898713577087
1700000002110000000,12110000000,423,422,422,0,0,,,,0,rest,hold,200.0,dev-0123456789abcdef0123456789abcdef,synthetic-2-rest,29,protocol,synthetic-demo-contract-v1,True,0.11067265282089905,0.1602965718785663,0.19442401216289262,0.22022544135340633,0.2740764973363054,0.30009500096241626,0.3523760382847584,0.37207070314510415
1700000002115000000,12115000000,424,423,423,0,0,,,,0,rest,hold,200.0,dev-0123456789abcdef0123456789abcdef,synthetic-2-rest,29,protocol,synthetic-demo-contract-v1,True,0.11662181025715156,0.16650923900141312,0.200755548686962,0.22766572042971164,0.2825434717258929,0.30738674762510054,0.3608670582197746,0.38061251939281393
1700000002120000000,12120000000,425,424,424,0,0,,,,0,rest,hold,200.0,dev-0123456789abcdef0123456789abcdef,synthetic-2-rest,29,protocol,synthetic-demo-contract-v1,True,0.12190099880894041,0.17181547237197708,0.20622439995069702,0.2343376734695297,0.2900660240754801,0.3138148285453373,0.3683766248252254,0.3882535673797478
1700000002125000000,12125000000,426,425,425,0,0,,,,0,rest,hold,200.0,dev-0123456789abcdef0123456789abcdef,synthetic-2-rest,29,protocol,synthetic-demo-contract-v1,True,0.1264774017339047,0.17617846037809998,0.21078871360732201,0.24018507585286555,0.2965807698157583,0.3193240541813331,0.37484212199557726,0.3949302867563284
1700000002130000000,12130000000,427,426,426,0,0,,,,0,rest,hold,200.0,dev-0123456789abcdef0123456789abcdef,synthetic-2-rest,29,protocol,synthetic-demo-contract-v1,True,0.13032186412980137,0.1795693912098441,0.2144138640510965,0.24515808359851943,0.3020323856657556,0.3238666197736951,0.38020915328251376,0.4005869472409731
1700000002135000000,12135000000,428,427,427,0,0,,,,0,rest,hold,200.0,dev-0123456789abcdef0123456789abcdef,synthetic-2-rest,29,protocol,synthetic-demo-contract-v1,True,0.13340893109970778,0.18196755763407527,0.21707268427273968,0.24921364736025617,0.306374068254211,0.3274025071265036,0.3844319894554686,0.4051761054451824
1700000002140000000,12140000000,429,428,428,0,0,,,,0,rest,hold,200.0,dev-0123456789abcdef0123456789abcdef,synthetic-2-rest,29,protocol,synthetic-demo-contract-v1,True,0.13571689858168895,0.18336039013050925,0.21874563700541344,0.2523158723185926,0.3095679226713673,0.3298998219011236,0.38747394557416437,0.408658992857321
1700000002145000000,12145000000,430,429,429,0,0,,,,0,rest,hold,200.0,dev-0123456789abcdef0123456789abcdef,synthetic-2-rest,29,protocol,synthetic-demo-contract-v1,True,0.13722787970581324,0.18374342029428187,0.2194209244256962,0.2544363209698293,0.31158527773993105,0.3313350636019334,0.38930768447257597,0.41100583180893335
1700000002150000000,12150000000,431,430,430,0,0,,,,0,rest,hold,200.0,dev-0123456789abcdef0123456789abcdef,synthetic-2-rest,29,protocol,synthetic-demo-contract-v1,True,0.1379278884708204,0.1831201770293781,0.21909453616523464,0.2555542562682603,0.3124069253988451,0.33169332599226486,0.3899154441564194,0.41219607684536563
1700000002155000000,12155000000,432,431,431,0,0,,,,0,rest,hold,200.0,dev-0123456789abcdef0123456789abcdef,synthetic-2-rest,29,protocol,synthetic-demo-contract-v1,True,0.1378069413996325,0.18150201862097187,0.2177702358738546,0.255656823053213,0.3120232822199231,0.3309684262568512,0.38928918723950395,0.4122185795415105
1700000002160000000,12160000000,433,432,432,0,0,,,,0,rest,hold,200.0,dev-0123456789abcdef0123456789abcdef,synthetic-2-rest,29,protocol,synthetic-demo-contract-v1,True,0.13685917666676936,0.1789079042780773,0.21545948705010298,0.2547391661859434,0.3104344717201538,0.32916296181914706,0.3874306711829647,0.41107167543851775
1700000002165000000,12165000000,434,433,433,0,0,,,,0,rest,hold,200.0,dev-0123456789abcdef0123456789abcdef,synthetic-2-rest,29,protocol,synthetic-demo-contract-v1,True,0.13508298902196753,0.17536410917717324,0.21218131931699727,0.25280448432853514,0.307650326786298,0.32628829432314543,0.38435143875028005,0.40876319242309217
1700000002170000000,12170000000,435,434,434,0,0,,,,0,rest,hold,200.0,dev-0123456789abcdef0123456789abcdef,synthetic-2-rest,29,protocol,synthetic-demo-contract-v1,True,0.1324811776934039,0.17090388740992093,0.20796213676581313,0.24986401881378487,0.30369031218785664,0.3223644608947378,0.38007272874474,0.4053103805221473
1700000002175000000,12175000000,436,435,435,0,0,,,,0,rest,hold,200.0,dev-0123456789abcdef0123456789abcdef,synthetic-2-rest,29,protocol,synthetic-demo-contract-v1,True,0.1290611033709015,0.16556708754215257,0.20283547041595965,0.2459369775774632,0.2985833678141471,0.31742001340223147,0.3746253077492869,0.4007397637367344
1700000002180000000,12180000000,437,436,436,0,0,,,,0,rest,hold,200.0,dev-0123456789abcdef0123456789abcdef,synthetic-2-rest,29,protocol,synthetic-demo-contract-v1,True,0.12483484937317747,0.15939972572642783,0.1968416772415244,0.24105039464817699,0.2923676739256455,0.311491787034345,0.3680492242360527,0.3950869151849256
1700000002185000000,12185000000,438,437,437,0,0,,,,0,rest,hold,200.0,dev-0123456789abcdef0123456789abcdef,synthetic-2-rest,29,protocol,synthetic-demo-contract-v1,True,0.11981938122054149,0.15245352147709532,0.19002758859228,0.23523892621105544,0.2850903403535031,0.30462460010182996,0.36039348704911733,0.38839615745832634
1700000002190000000,12190000000,439,438,438,0,0,,,,0,rest,hold,200.0,dev-0123456789abcdef0123456789abcdef,synthetic-2-rest,29,protocol,synthetic-demo-contract-v1,True,0.11403669809008707,0.14478540131650522,0.1824461111865694,0.2285445847755345,0.2768070222089651,0.2968708875409975,0.35171567088383476,0.38072019071593627
1700000002195000000,12195000000,440,439,439,0,0,,,,0,rest,hold,200.0,dev-0123456789abcdef0123456789abcdef,synthetic-2-rest,29,protocol,synthetic-demo-contract-v1,True,0.10751396904584186,0.1364569755361476,0.17415578417339167,0.22101641348037332,0.2675814652710416,0.2882902711490263,0.3420814519843527,0.37211965163695876
1700000002200000000,12200000000,441,440,440,0,0,,,,0,rest,hold,200.0,dev-0123456789abcdef0123456789abcdef,synthetic-2-rest,29,protocol,synthetic-demo-contract-v1,True,0.10028364652972137,0.12753399329041593,0.16522029604952135,0.2127101030567149,0.25748498480128357,0.27894907010748055,0.33156407785284847,0.362662606926017
1700000002205000000,12205000000,442,441,441,0,0,,,,0,rest,hold,200.0,dev-0123456789abcdef0123456789abcdef,synthetic-2-rest,29,protocol,synthetic-demo-contract-v1,True,0.09238354938463306,0.11808578115745273,0.15570796547309054,0.20368755443849632,0.24659588208405292,0.2689197558475616,0.3202437753047793,0.35242398560530336
1700000002210000000,12210000000,443,442,442,0,0,,,,0,rest,hold,200.0,dev-0123456789abcdef0123456789abcdef,synthetic-2-rest,29,protocol,synthetic-demo-contract-v1,True,0.0838569076686378,0.10818467016588978,0.1456911902365594,0.1940163904549801,0.23499880350469257,0.25828035577409036,0.3082071017096305,0.34148495483395924
1700000002215000000,12215000000,444,443,443,0,0,,,,0,rest,hold,200.0,dev-0123456789abcdef0123456789abcdef,synthetic-2-rest,29,protocol,synthetic-demo-contract-v1,True,0.07475236171424528,0.09790541610366639,0.13524586884856593,0.183769420459035,0.22278404745232536,0.2471138107912921,0.2955462447221693,0.32993224446136754
1700000002220000000,12220000000,445,444,444,0,0,,,,0,rest,hold,200.0,dev-0123456789abcdef0123456789abcdef,synthetic-2-rest,29,protocol,synthetic-demo-contract-v1,True,0.06512390829047075,0.08732461770129284,0.12445079932512894,0.17302406213354649,0.21004682476465833,0.23550729195851586,0.2823582762311829,0.317857425944105
1700000002225000000,12225000000,446,445,445,0,0,,,,0,rest,hold,200.0,dev-0123456789abcdef0123456789abcdef,synthetic-2-rest,29,protocol,synthetic-demo-contract-v1,True,0.05503078733335519,0.07652013702311054,0.1133870599057489,0.1618617250737548,0.19688647881558397,0.22355148194486532,0.26874436662762774,0.3053561516325615
1700000002230000000,12230000000,447,446,446,0,0,,,,0,rest,hold,200.0,dev-0123456789abcdef0123456789abcdef,synthetic-2-rest,29,protocol,synthetic-demo-contract-v1,True,0.04453730351479163,0.06557052611280012,0.10213737648912288,0.15036716106252151,0.18340567167944852,0.21133982724556252,0.2548089658190319,0.29252736075964725
1700000002235000000,12235000000,448,447,447,0,0,,,,0,rest,hold,200.0,dev-0123456789abcdef0123456789abcdef,synthetic-2-rest,29,protocol,synthetic-demo-contract-v1,True,0.03371257790662394,0.05455446363011601,0.0907854816266135,0.13862778623577798,0.16970954308579678,0.1989677673672152,0.2406589576891489,0.2794724587378181
1700000002240000000,12240000000,449,448,448,0,0,,,,0,rest,hold,200.0,dev-0123456789abcdef0123456789abcdef,synthetic-2-rest,29,protocol,synthetic-demo-contract-v1,True,0.022630226149770255,0.04355020489112829,0.07941546991972377,0.12673298057431606,0.15590484910285515,0.18653194738193424,0.22640279491898982,0.26629447658958466
1700000002245000000,12245000000,450,449,449,0,0,,,,0,rest,hold,200.0,dev-0123456789abcdef0123456789abcdef,synthetic-2-rest,29,protocol,synthetic-demo-contract-v1,True,0.0113679608354334,0.032635048390709125,0.06811115464143767,0.11477337035373862,0.14209908765527357,0.17412942038998216,0.21214962124582806,0.25309721749905206
1700000002250000000,12250000000,451,450,450,0,0,,,,0,rest,hold,200.0,dev-0123456789abcdef0123456789abcdef,synthetic-2-rest,29,protocol,synthetic-demo-contract-v1,True,7.117222341491633e-06,0.021884821549657506,0.05695543034111797,0.10284009933488315,0.1283996180901133,0.16185684651594676,0.19800838833904486,0.239984397576336
1700000002255000000,12255000000,452,451,451,0,0,,,,0,rest,hold,200.0,dev-0123456789abcdef0123456789abcdef,synthetic-2-rest,29,protocol,synthetic-demo-contract-v1,True,-0.011367897077236937,0.011373388095794044,0.046029646099997906,0.09102409458123373,0.11491278205406147,0.14980969509380657,0.18408697451513498,0.22705878797226367
1700000002260000000,12260000000,453,452,452,0,0,,,,0,rest,hold,200.0,dev-0123456789abcdef0123456789abcdef,synthetic-2-rest,29,protocol,synthetic-demo-contract-v1,True,-0.022670226239644965,0.0011721791639300665,0.035412993980351075,0.07941533284663507,0.10174303293383487,0.13808145667130617,0.17049131249834362,0.21442136546710566
1700000002265000000,12265000000,454,453,453,0,0,,,,0,rest,hold,200.0,dev-0123456789abcdef0123456789abcdef,synthetic-2-rest,29,protocol,synthetic-demo-contract-v1,True,-0.03381126039744471,-0.008650250111218605,0.02518191705763685,0.06810211348543946,0.08899208104080467,0.12676287138397657,0.1573245333583864,0.20217047858432277
1700000002270000000,12270000000,455,454,454,0,0,,,,0,rest,hold,200.0,dev-0123456789abcdef0123456789abcdef,synthetic-2-rest,29,protocol,synthetic-demo-contract-v1,True,-0.044701394434075434,-0.01802863702790829,0.015409541243000006,0.05717034379792116,0.07675806159070783,0.11594118011467136,0.1446861336232403,0.19040103614916065
1700000002275000000,12275000000,456,455,455,0,0,,,,0,rest,hold,200.0,dev-0123456789abcdef0123456789abcdef,synthetic-2-rest,29,protocol,synthetic-demo-contract-v1,True,-0.0552508444494165,-0.02690139956592598,0.006165134895121778,0.04670284263647637,0.06513473234088964,0.10569940466665599,0.13267117237407333,0.17920372502338522
1700000002280000000,12280000000,457,456,456,0,0,,,,0,rest,hold,200.0,dev-0123456789abcdef0123456789abcdef,synthetic-2-rest,29,protocol,synthetic-demo-contract-v1,True,-0.06537051345404292,-0.0352109954872304,-0.0024864000125614724,0.03677866796336554,0.05421070750241185,0.09611566293863316,0.12136950488260821,0.16866426350310423
1700000002285000000,12285000000,458,457,457,0,0,,,,0,rest,hold,200.0,dev-0123456789abcdef0123456789abcdef,synthetic-2-rest,29,protocol,synthetic-demo-contract-v1,True,-0.07497289646834802,-0.042904251544621026,-0.010485001658785601,0.02747247386956863,0.04406873424466471,0.08726252480067635,0.11086505905067767,0.15886269656858143
1700000002290000000,12290000000,459,458,458,0,0,,,,0,rest,hold,200.0,dev-0123456789abcdef0123456789abcdef,synthetic-2-rest,29,protocol,synthetic-demo-contract-v1,True,-0.08397301395690197,-0.04993266224555345,-0.01777588384117048,0.018853902337968687,0.034785017758228655,0.0792064140331826,0.10123516055983714,0.1498727388256097
1700000002295000000,12295000000,460,459,459,0,0,,,,0,rest,hold,200.0,dev-0123456789abcdef0123456789abcdef,synthetic-2-rest,29,protocol,synthetic-demo-contract-v1,True,-0.09228936144745313,-0.056252657780309016,-0.024309930202940144,0.010987014764253945,0.026428600440554863,0.0720070613094314,0.09254991223854053,0.1417611705802802
1700000002300000000,12300000000,461,460,460,0,0,,,,0,rest,hold,200.0,dev-0123456789abcdef0123456789abcdef,synthetic-2-rest,29,protocol,synthetic-demo-contract-v1,True,-0.09984486229395863,-0.061825840856705006,-0.030044044590688053,0.003929767937782189,0.019060800321983633,0.06571701277940667,0.08487163270895216,0.13458729204626274
1700000002305000000,12305000000,462,461,461,0,0,,,,0,rest,hold,200.0,dev-0123456789abcdef0123456789abcdef,synthetic-2-rest,29,protocol,synthetic-demo-contract-v1,True,-0.10656780986685892,-0.06661919228833929,-0.03494145523919095,-0.00226646116556755,0.012734713360227566,0.060381198351550834,0.07825435888847539,0.12840244019952157
1700000002310000000,12310000000,463,462,462,0,0,,,,0,rest,hold,200.0,dev-0123456789abcdef0123456789abcdef,synthetic-2-rest,29,protocol,synthetic-demo-contract-v1,True,-0.11239278501017226,-0.07060524526136769,-0.03897197081604445,-0.007557297812951207,0.007494783703917809,0.05603656327404229,0.07274341639667907,0.12324957227390188
1700000002315000000,12315000000,464,463,463,0,0,,,,0,rest,hold,200.0,dev-0123456789abcdef0123456789abcdef,synthetic-2-rest,29,protocol,synthetic-demo-contract-v1,True,-0.11726153440847127,-0.07376222825827936,-0.04211218670532728,-0.011905735620622328,0.003376445464386431,0.05271176609202005,0.06837506136071081,0.11916291933645826
1700000002320000000,12320000000,465,464,464,0,0,,,,0,rest,hold,200.0,dev-0123456789abcdef0123456789abcdef,synthetic-2-rest,29,protocol,synthetic-demo-contract-v1,True,-0.12112379556715155,-0.07607417664878813,-0.0443456402633316,-0.015282443240241,0.00040583894421982944,0.05042694550631563,0.06517619652611785,0.11616771279839525
1700000002325000000,12325000000,466,465,465,0,0,,,,0,rest,hold,200.0,dev-0123456789abcdef0123456789abcdef,synthetic-2-rest,29,protocol,synthetic-demo-contract-v1,True,-0.12393805443147071,-0.07753101297106987,-0.045662914138402275,-0.01766600900517917,-0.0014003963438448622,0.049193558087267435,0.06316416397009494,0.11427998611090426
1700000002330000000,12330000000,467,466,466,0,0,,,,0,rest,hold,200.0,dev-0123456789abcdef0123456789abcdef,synthetic-2-rest,29,protocol,synthetic-demo-contract-v1,True,-0.1256722222533952,-0.07812859592489887,-0.046061687108928565,-0.01904312141519496,-0.0020352501683436816,0.04901428820881183,0.062346616085521715,0.11350645327001245
1700000002335000000,12335000000,468,467,467,0,0,,,,0,rest,hold,200.0,dev-0123456789abcdef0123456789abcdef,synthetic-2-rest,29,protocol,synthetic-demo-contract-v1,True,-0.12630421915496617,-0.0778687380858373,-0.04554673225636709,-0.01940868385509322,-0.0015013905297567454,0.049883030968149514,0.06272146586192405,0.11384446511599894
1700000002340000000,12340000000,469,468,468,0,0,,,,0,rest,hold,200.0,dev-0123456789abcdef0123456789abcdef,synthetic-2-rest,29,protocol,synthetic-demo-contract-v1,True,-0.12582245292222208,-0.0767591923308241,-0.04412986265169444,-0.018765862474695805,0.00018886732373120559,0.05178494824987736,0.06427691683898391,0.11528204376629939
1700000002345000000,12345000000,470,469,469,0,0,,,,0,rest,hold,200.0,dev-0123456789abcdef0123456789abcdef,synthetic-2-rest,29,protocol,synthetic-demo-contract-v1,True,-0.12422618287933072,-0.0748136069447987,-0.041829825091842826,-0.017126066699364978,0.0030136715493609186,0.054696597485554464,0.06699157245475562,0.11779799487143822
1700000002350000000,12350000000,471,470,470,0,0,,,,0,rest,hold,200.0,dev-0123456789abcdef0123456789abcdef,synthetic-2-rest,29,protocol,synthetic-demo-contract-v1,True,-0.12152576021843896,-0.07205144935988582,-0.03867214277540962,-0.014508862388051798,0.00694182310784423,0.05858613205531425,0.07083462385971133,0.12136209673681153
1700000002355000000,12355000000,472,471,471,0,0,,,,0,rest,hold,200.0,dev-0123456789abcdef0123456789abcdef,synthetic-2-rest,29,protocol,synthetic-demo-contract-v1,True,-0.11774273787249342,-0.06849789846764398,-0.034688908152296534,-0.010941818204971674,0.01193304233202548,0.06341357168233569,0.07576611462447069,0.12593536471443653
1700000002360000000,12360000000,473,472,472,0,0,,,,0,rest,hold,200.0,dev-0123456789abcdef0123456789abcdef,synthetic-2-rest,29,protocol,synthetic-demo-contract-v1,True,-0.11290984488769729,-0.06418370544523382,-0.029918527517997395,-0.006460286317044111,0.01793831045455996,0.06913114058871996,0.08173728013886661,0.13147038864339258
1700000002365000000,12365000000,474,473,473,0,0,,,,0,rest,hold,200.0,dev-0123456789abcdef0123456789abcdef,synthetic-2-rest,29,protocol,synthetic-demo-contract-v1,True,-0.10707082224777076,-0.05914502305214618,-0.02440541924818959,-0.0011071190677485435,0.02490028326397933,0.07568367061740089,0.08869095888802615,0.13791174051077862
1700000002370000000,12370000000,475,474,474,0,0,,,,0,rest,hold,200.0,dev-0123456789abcdef0123456789abcdef,synthetic-2-rest,29,protocol,synthetic-demo-contract-v1,True,-0.10028011918944538,-0.05342320338902429,-0.018199667881307044,0.005067676195375933,0.03275377346286704,0.08300906598384049,0.09656207220242462,0.14519644892163172
1700000002375000000,12375000000,476,475,475,0,0,,,,0,rest,hold,200.0,dev-0123456789abcdef0123456789abcdef,synthetic-2-rest,29,protocol,synthetic-demo-contract-v1,True,-0.0926024511911706,-0.04706456416732839,-0.011356636554165241,0.012007341452073432,0.041426297734549096,0.0910388258079459,0.1052781685182648,0.15325453641125156
1700000002380000000,12380000000,477,476,476,0,0,,,,0,rest,hold,200.0,dev-0123456789abcdef0123456789abcdef,synthetic-2-rest,29,protocol,synthetic-demo-contract-v1,True,-0.08411222297700671,-0.04012012362085772,-0.003936540576873036,0.01964882832221002,0.05083868399035633,0.09969862009511814,0.11476002765659706,0.16200961511131656
1700000002385000000,12385000000,478,477,477,0,0,,,,0,rest,hold,200.0,dev-0123456789abcdef0123456789abcdef,synthetic-2-rest,29,protocol,synthetic-demo-contract-v1,True,-0.07489282201652638,-0.032645304299537825,0.003996014803361239,0.027923310717476536,0.060905733772577984,0.10890891438964137,0.124922320138692,0.17137953579640827
1700000002390000000,12390000000,479,478,478,0,0,,,,0,rest,hold,200.0,dev-0123456789abcdef0123456789abcdef,synthetic-2-rest,29,protocol,synthetic-demo-contract-v1,True,-0.06503579008070436,-0.024699606123809986,0.012372529155834752,0.036756745752466034,0.07153693433282227,0.11858563791747309,0.13567431610534622,0.1812770848941283
1700000002395000000,12395000000,480,479,479,0,0,,,,0,rest,hold,200.0,dev-0123456789abcdef0123456789abcdef,synthetic-2-rest,29,protocol,synthetic-demo-contract-v1,True,-0.05463988239554557,-0.01634624924519462,0.021121130620186883,0.04607047843081533,0.08263721449533443,0.12864088967222828,0.1469206380026808,0.1916107236435034
1700000002400000000,12400000000,481,480,480,0,0,,,,0,rest,hold,200.0,dev-0123456789abcdef0123456789abcdef,synthetic-2-rest,29,protocol,synthetic-demo-contract-v1,True,-0.04381002578332094,-0.007651787455070613,0.030167124941747035,0.055781885252761315,0.0941077380533254,0.13898367658083788,0.15856205083993857,0.20228536323618634
1700000002405000000,12405000000,482,481,481,0,0,,,,0,rest,hold,200.0,dev-0123456789abcdef0123456789abcdef,synthetic-2-rest,29,protocol,synthetic-demo-contract-v1,True,-0.032656188861729295,0.0013143068914012535,0.03943356589128801,0.06580505155975412,0.10584672813654708,0.14952067761667476,0.1704962835187511,0.2132031694759981
1700000002410000000,12410000000,483,482,482,0,0,,,,0,rest,hold,200.0,dev-0123456789abcdef0123456789abcdef,synthetic-2-rest,29,protocol,synthetic-demo-contract-v1,True,-0.0212921788530429,0.01048008521745776,0.048841843017851584,0.07605147714242311,0.11775031573265896,0.16015702751001806,0.18261887448072192,0.22426439024698439
1700000002415000000,12415000000,484,483,483,0,0,,,,0,rest,hold,200.0,dev-0123456789abcdef0123456789abcdef,synthetic-2-rest,29,protocol,synthetic-demo-contract-v1,True,-0.009834380810564614,0.019771590837984156,0.05831228255439851,0.08643080439284874,0.1297134053456468,0.1707971135405578,0.19482403472319051,0.2353681988905883
1700000002420000000,12420000000,485,484,484,0,0,,,,0,rest,hold,200.0,dev-0123456789abcdef0123456789abcdef,synthetic-2-rest,29,protocol,synthetic-demo-contract-v1,True,0.001599543924940406,0.029113351051008977,0.06776475719316179,0.09685156308275585,0.14163055063315347,0.1813453787854516,0.20700552109313472,0.2464135464601646
1700000002425000000,12425000000,486,485,485,0,0,,,,0,rest,hold,200.0,dev-0123456789abcdef0123456789abcdef,synthetic-2-rest,29,protocol,synthetic-demo-contract-v1,True,0.012891982489948897,0.03842889109918012,0.07711930037164064,0.1072219256977822,0.15339683278233818,0.191707125140275,0.21905751268758522,0.2573000157470959
1700000002430000000,12430000000,487,486,486,0,0,,,,0,rest,hold,200.0,dev-0123456789abcdef0123456789abcdef,synthetic-2-rest,29,protocol,synthetic-demo-contract-v1,True,0.02392670048224745,0.04764126756432043,0.08629672066180319,0.11745046715577992,0.16490873436146813,0.20178930942954068,0.23087548316630835,0.26792866995781556
1700000002435000000,12435000000,488,487,487,0,0,,,,0,rest,hold,200.0,dev-0123456789abcdef0123456789abcdef,synthetic-2-rest,29,protocol,synthetic-demo-contract-v1,True,0.03459015900204204,0.056673618421280714,0.09521921183475934,0.1274469226851078,0.17606500142197726,0.21150132597824875,0.242357061818962,0.27820288896515666
1700000002440000000,12440000000,489,488,488,0,0,,,,0,rest,hold,200.0,dev-0123456789abcdef0123456789abcdef,synthetic-2-rest,29,protocol,synthetic-demo-contract-v1,True,0.044772800723353684,0.06544972663778767,0.10381095418137914,0.13712293763772263,0.18676748672296142,0.2207557691258075,0.25340287632420333,0.2880291861603396
1700000002445000000,12445000000,490,489,489,0,0,,,,0,rest,hold,200.0,dev-0123456789abcdef0123456789abcdef,synthetic-2-rest,29,protocol,synthetic-demo-contract-v1,True,0.054370287398938476,0.07389459387077955,0.11199870270635456,0.1463928030617514,0.1969219671062177,0.2294691693277368,0.26391737029151635,0.2973179990927264
1700000002450000000,12450000000,491,490,490,0,0,,,,0,rest,hold,200.0,dev-0123456789abcdef0123456789abcdef,synthetic-2-rest,29,protocol,synthetic-demo-contract-v1,True,0.06328467191922003,0.081935020483055,0.11971235787909118,0.15517417095881952,0.20643892826361396,0.23756269670742933,0.2738095888865015,0.30598444730181684
1700000002455000000,12455000000,492,491,491,0,0,,,,0,rest,hold,200.0,dev-0123456789abcdef0123456789abcdef,synthetic-2-rest,29,protocol,synthetic-demo-contract-v1,True,0.07142548903793544,0.08950018779348265,0.12688551471961548,0.1633887433021208,0.21523431040809696,0.244962826188168,0.28299392610532803,0.313949051018096
1700000002460000000,12460000000,493,492,492,0,0,,,,0,rest,hold,200.0,dev-0123456789abcdef0123456789abcdef,synthetic-2-rest,29,protocol,synthetic-demo-contract-v1,True,0.07871075012698163,0.09652223818614611,0.13345598612123985,0.17096292909098873,0.22323020868280274,0.2516019586524121,0.2913908275818438,0.32113840473404126
1700000002465000000,12465000000,494,493,493,0,0,,,,0,rest,hold,200.0,dev-0123456789abcdef0123456789abcdef,synthetic-2-rest,29,protocol,synthetic-demo-contract-v1,True,0.08506782880812479,0.10293684844511346,0.1393662964635902,0.17782846396497642,0.23035552251673375,0.25741899293832177,0.2989274431786812,0.3274858000210409
1700000002470000000,12470000000,495,494,494,0,0,,,,0,rest,hold,200.0,dev-0123456789abcdef0123456789abcdef,synthetic-2-rest,29,protocol,synthetic-demo-contract-v1,True,0.09043422600357108,0.10868379145862994,0.14456414174944227,0.18392298719346883,0.236546548557404,0.2623598438897884,0.3055382240287751,0.3329317923892527
1700000002475000000,12475000000,496,495,495,0,0,,,,0,rest,hold,200.0,dev-0123456789abcdef0123456789abcdef,synthetic-2-rest,29,protocol,synthetic-demo-contract-v1,True,0.09475820482059699,0.11370748125547663,0.1490028127057864,0.18919057119321117,0.24174751227706487,0.26637790212233253,0.3111654591523675,0.33742470745187086
1700000002480000000,12480000000,497,496,496,0,0,,,,0,rest,hold,200.0,dev-0123456789abcdef0123456789abcdef,synthetic-2-rest,29,protocol,synthetic-demo-contract-v1,True,0.09799928770427077,0.11795749620294897,0.1526415775229175,0.19358219910334273,0.24591103385587668,0.26943443164957015,0.3157597472731869,0.3409210821591463
1700000002485000000,12485000000,498,497,497,0,0,,,,0,rest,hold,200.0,dev-0123456789abcdef0123456789abcdef,synthetic-2-rest,29,protocol,synthetic-demo-contract-v1,True,0.10012861042082613,0.12138907511568368,0.15544602116405518,0.19705618636256841,0.24899852448847035,0.27149890202948884,0.3192803999918844,0.3433860374066128
1700000002490000000,12490000000,499,498,498,0,0,,,,0,rest,hold,200.0,dev-0123456789abcdef0123456789abcdef,synthetic-2-rest,29,protocol,synthetic-demo-contract-v1,True,0.10112912963468412,0.12396358100210422,0.1573883384607989,0.1995785426826684,0.25098050983521997,0.2725492522322417,0.321695773040547,0.34479357889180234
1700000002495000000,12495000000,500,499,499,0,0,,,,0,rest,hold,200.0,dev-0123456789abcdef0123456789abcdef,synthetic-2-rest,29,protocol,synthetic-demo-contract-v1,True,0.10099568307560138,0.12564892721464596,0.15844757851526628,0.2011232712931104,0.2518368779415371,0.2725720839971204,0.32298352293459304,0.34512682368963327
1700000002500000000,12500000000,501,500,500,0,0,,,,0,rest,hold,200.0,dev-0123456789abcdef0123456789abcdef,synthetic-2-rest,29,protocol,synthetic-demo-contract-v1,True,0.09973490351961084,0.12641996087436724,0.15860983825644262,0.20167260283920593,0.25155704957259367,0.2715627830310827,0.32313078695265435,0.3443781506336462
1700000002505000000,12505000000,502,501,501,0,0,,,,0,rest,hold,200.0,dev-0123456789abcdef0123456789abcdef,synthetic-2-rest,29,protocol,synthetic-demo-contract-v1,True,0.09736498998934941,0.12625879861240236,0.15786840334431065,0.20121716184695693,0.25014006955192375,0.2695255669998498,0.3221342850061125,0.3425492732232302
1700000002510000000,12510000000,503,502,502,0,0,,,,0,rest,hold,200.0,dev-0123456789abcdef0123456789abcdef,synthetic-2-rest,29,protocol,synthetic-demo-contract-v1,True,0.09391534167819196,0.12515510991140397,0.15622383497882147,0.19975606421719627,0.24759461834507282,0.26647345987020865,0.32000034260260224,0.3396512344207143
1700000002515000000,12515000000,504,503,503,0,0,,,,0,rest,hold,200.0,dev-0123456789abcdef0123456789abcdef,synthetic-2-rest,29,protocol,synthetic-demo-contract-v1,True,0.08942606208223558,0.12310634364003059,0.15368400154955342,0.19729694477535867,0.24393894378844594,0.26242819277369045,0.3167448347567076,0.33570432335131584
1700000002520000000,12520000000,505,504,504,0,0,,,,0,rest,hold,200.0,dev-0123456789abcdef0123456789abcdef,synthetic-2-rest,29,protocol,synthetic-demo-contract-v1,True,0.08394734265105538,0.12011789375204897,0.15026405445373767,0.19385591447664924,0.23920071352332692,0.2574200321722081,0.31239305135093903,0.33073791456810503
1700000002525000000,12525000000,506,505,505,0,0,,,,0,rest,hold,200.0,dev-0123456789abcdef0123456789abcdef,synthetic-2-rest,29,protocol,synthetic-demo-contract-v1,True,0.07753873691178807,0.11620320056700635,0.14598634781271788,0.18945744744478982,0.23341678935022697,0.25148753671042673,0.30697948509551837,0.3247902311879383
1700000002530000000,12530000000,507,506,506,0,0,,,,0,rest,hold,200.0,dev-0123456789abcdef0123456789abcdef,synthetic-2-rest,29,protocol,synthetic-demo-contract-v1,True,0.07026833745474133,0.11138378455892553,0.14088030222730327,0.18413419860120198,0.2266329253638897,0.24467724473262226,0.30054754387122823,0.31790803383742877
1700000002535000000,12535000000,508,507,507,0,0,,,,0,rest,hold,200.0,dev-0123456789abcdef0123456789abcdef,synthetic-2-rest,29,protocol,synthetic-demo-contract-v1,True,0.062211869369742163,0.10568921014922357,0.13498221312811062,0.17792675321563833,0.21890339235908693,0.2370432950186282,0.29314918986036853,0.31014623796519986
1700000002540000000,12540000000,509,508,508,0,0,,,,0,rest,hold,200.0,dev-0123456789abcdef0123456789abcdef,synthetic-2-rest,29,protocol,synthetic-demo-contract-v1,True,0.05345171467277657,0.09915697762514165,0.12833500469500947,0.17088331027414705,0.2102905316065667,0.22864698384935794,0.28484450847157516,0.30156746267276685
1700000002545000000,12545000000,510,509,509,0,0,,,,0,rest,hold,200.0,dev-0123456789abcdef0123456789abcdef,synthetic-2-rest,29,protocol,synthetic-demo-contract-v1,True,0.04407588294903145,0.09183234197954555,0.12098793073725812,0.16305930211119135,0.20086424168217218,0.21955626204275244,0.27570121064001013,0.2922415147865085
1700000002550000000,12550000000,511,510,510,0,0,,,,0,rest,hold,200.0,dev-0123456789abcdef0123456789abcdef,synthetic-2-rest,29,protocol,synthetic-demo-contract-v1,True,0.03417694385314789,0.08376805818515727,0.11299622433977048,0.1545169532851307,0.1907014025853871,0.2098451761013939,0.2657940726304593,0.2822448124325734
1700000002555000000,12555000000,512,511,511,0,0,,,,0,rest,hold,200.0,dev-0123456789abcdef0123456789abcdef,synthetic-2-rest,29,protocol,synthetic-demo-contract-v1,True,0.023850937247513714,0.07502405316839866,0.10442069848805732,0.145324782185633,0.179885241901791,0.1995932580792703,0.25520431798268334,0.27165975288070743
1700000002560000000,12560000000,513,512,512,0,0,,,,0,rest,hold,200.0,dev-0123456789abcdef0123456789abcdef,synthetic-2-rest,29,protocol,synthetic-demo-contract-v1,True,0.013196276627216147,0.06566702552665896,0.0953273002816234,0.13555704934370097,0.168504648242909,0.18888486920344663,0.244018946711807,0.2605740298877774
1700000002565000000,12565000000,514,513,513,0,0,,,,0,rest,hold,200.0,dev-0123456789abcdef0123456789abcdef,synthetic-2-rest,29,protocol,synthetic-demo-contract-v1,True,0.002312661083369451,0.05576997482876786,0.08578662172976363,0.1252931568657501,0.15665343763270725,0.17780850267308645,0.2323300173076843,0.24907990619328044
1700000002570000000,12570000000,515,514,514,0,0,,,,0,rest,hold,200.0,dev-0123456789abcdef0123456789abcdef,synthetic-2-rest,29,protocol,synthetic-demo-contract-v1,True,-0.008699989592611384,0.0454116631420635,0.07587337049156541,0.11461700382871859,0.14442957889889682,0.16645605140011793,0.22023388746247724,0.2372734471938558
1700000002575000000,12575000000,516,515,515,0,0,,,,0,rest,hold,200.0,dev-0123456789abcdef0123456789abcdef,synthetic-2-rest,29,protocol,synthetic-demo-contract-v1,True,-0.01974256294533059,0.03467601223069712,0.06566580427046603,0.10361630285008244,0.1319343844661674,0.15492204675011587,0.20783041979209507,0.22525372214874217
1700000002580000000,12580000000,517,516,516,0,0,,,,0,rest,hold,200.0,dev-0123456789abcdef0123456789abcdef,synthetic-2-rest,29,protocol,synthetic-demo-contract-v1,True,-0.03071773241167347,0.02365144065817463,0.055245132899664914,0.09238186338148885,0.1192716732345012,0.14330287458603855,0.1952221591017395,0.21312197954037976
1700000002585000000,12585000000,518,517,517,0,0,,,,0,rest,hold,200.0,dev-0123456789abcdef0123456789abcdef,synthetic-2-rest,29,protocol,synthetic-demo-contract-v1,True,-0.041530875062481404,0.012430145792237942,0.044694892455212056,0.08100684756476141,0.10654691245663178,0.1316959751094458,0.18251348797643827,0.2009808034318453
1700000002590000000,12590000000,519,518,518,0,0,,,,0,rest,hold,200.0,dev-0123456789abcdef0123456789abcdef,synthetic-2-rest,29,protocol,synthetic-demo-contract-v1,True,-0.05209091864112928,0.0011073364414305193,0.03410029600569314,0.0695860047316328,0.09386634570249494,0.12019903313200492,0.16980976765213496,0.18893325782360504
1700000002595000000,12595000000,520,519,519,0,0,,,,0,rest,hold,200.0,dev-0123456789abcdef0123456789abcdef,synthetic-2-rest,29,protocol,synthetic-demo-contract-v1,True,-0.06231110958523521,-0.010219577460270404,0.023547565848354372,0.058214890821560186,0.08133611411373443,0.10890916549330545,0.15721647124023588,0.1770820261148348
1700000002600000000,12600000000,521,520,520,0,0,,,,0,rest,hold,200.0,dev-0123456789abcdef0123456789abcdef,synthetic-2-rest,29,protocol,synthetic-demo-contract-v1,True,-0.07210969538792664,-0.021451831071494967,0.01312325228876071,0.04698907913369686,0.0690613782071058,0.09792211236860508,0.14483831643761752,0.1655285528184975
1700000002605000000,12605000000,522,521,521,0,0,,,,0,rest,hold,200.0,dev-0123456789abcdef0123456789abcdef,synthetic-2-rest,29,protocol,synthetic-demo-contract-v1,True,-0.08141051638627134,-0.03249017914585069,0.0029135441921996925,0.03600336891811688,0.05714544748142463,0.08733143918180038,0.13277840485444323,0.15437219466403357
1700000002610000000,12610000000,523,522,522,0,0,,,,0,rest,hold,200.0,dev-0123456789abcdef0123456789abcdef,synthetic-2-rest,29,protocol,synthetic-demo-contract-v1,True,-0.09014350382149475,-0.04323579070393478,-0.006996423332110332,0.025350998346810462,0.04568892501856461,0.07722775575485205,0.12113737503373817,0.14370938814701742
1700000002615000000,12615000000,524,523,523,0,0,,,,0,rest,hold,200.0,dev-0123456789abcdef0123456789abcdef,synthetic-2-rest,29,protocol,synthetic-demo-contract-v1,True,-0.09824508276330825,-0.0535911553448257,-0.016523258660204657,0.015122868386396643,0.034788874145537836,0.06769795918585551,0.11001257612011546,0.1336328404521404
1700000002620000000,12620000000,525,524,524,0,0,,,,0,rest,hold,200.0,dev-0123456789abcdef0123456789abcdef,synthetic-2-rest,29,protocol,synthetic-demo-contract-v1,True,-0.10565848019485638,-0.06346099233966562,-0.025585995291186235,0.005406784021838348,0.02453801404281909,0.058824506754977274,0.09949726896124006,0.12423075048541077
1700000002625000000,12625000000,526,525,525,0,0,,,,0,rest,hold,200.0,dev-0123456789abcdef0123456789abcdef,synthetic-2-rest,29,protocol,synthetic-demo-contract-v1,True,-0.11233394018266461,-0.07275315341727095,-0.034106759881041906,-0.0037132808458718927,0.015023950945312253,0.05068472491215088,0.08967986119601033,0.11558606650506528
1700000002630000000,12630000000,527,526,526,0,0,,,,0,rest,hold,200.0,dev-0123456789abcdef0123456789abcdef,synthetic-2-rest,29,protocol,synthetic-demo-contract-v1,True,-0.11822884957678476,-0.08137951001868793,-0.042011421195955335,-0.012157888684095664,0.006328451288772664,0.04335016010485146,0.08064318260005816,0.10777578654050146
1700000002635000000,12635000000,528,527,527,0,0,,,,0,rest,hold,200.0,dev-0123456789abcdef0123456789abcdef,synthetic-2-rest,29,protocol,synthetic-demo-contract-v1,True,-0.12330777907232267,-0.08925681576836912,-0.04923021458950376,-0.0198528078815693,-0.0014732371916444135,0.03688597686071795,0.07246380662419975,0.10087030743686126
1700000002640000000,12640000000,529,528,528,0,0,,,,0,rest,hold,200.0,dev-0123456789abcdef0123456789abcdef,synthetic-2-rest,29,protocol,synthetic-demo-contract-v1,True,-0.12754244568990986,-0.09630753498673807,-0.055698336733919385,-0.026729640936783067,-0.00831301079972277,0.03135040815123884,0.0652114236778674,0.09493282796279404
1700000002645000000,12645000000,530,529,529,0,0,,,,0,rest,hold,200.0,dev-0123456789abcdef0123456789abcdef,synthetic-2-rest,29,protocol,synthetic-demo-contract-v1,True,-0.130911603778664,-0.10246062825377625,-0.061356505506284506,-0.03272640597614776,-0.014130476484485772,0.026794262632267,0.058948271280381284,0.09001881097358566
1700000002650000000,12650000000,531,530,530,0,0,,,,0,rest,hold,200.0,dev-0123456789abcdef0123456789abcdef,synthetic-2-rest,29,protocol,synthetic-demo-contract-v1,True,-0.1334008724940275,-0.10765228632584772,-0.06615148014560156,-0.03778806666904574,-0.018873455030297793,0.023260492888349714,0.05372862573177448,0.08617550913495851
1700000002655000000,12655000000,532,531,531,0,0,,,,0,rest,hold,200.0,dev-0123456789abcdef0123456789abcdef,synthetic-2-rest,29,protocol,synthetic-demo-contract-v1,True,-0.13500250834224298,-0.11182660410678934,-0.0700365370552206,-0.04186700602150834,-0.022498416670030073,0.02078382830465124,0.04959835944568893,0.08344155818848668
1700000002660000000,12660000000,533,532,532,0,0,,,,0,rest,hold,200.0,dev-0123456789abcdef0123456789abcdef,synthetic-2-rest,29,protocol,synthetic-demo-contract-v1,True,-0.1357151318055611,-0.11493618687651136,-0.07297189692587458,-0.04492343998360761,-0.024970845518366633,0.019390475656720734,0.04659456754379708,0.08184664118200596
1700000002665000000,12665000000,534,533,533,0,0,,,,0,rest,hold,200.0,dev-0123456789abcdef0123456789abcdef,synthetic-2-rest,29,protocol,synthetic-demo-contract-v1,True,-0.13554341726469632,-0.1169426815817089,-0.07492509919588677,-0.046925767294052435,-0.026265529809909045,0.019097889948931718,0.044745266738755146,0.08141122650224761
1700000002670000000,12670000000,535,534,534,0,0,,,,0,rest,hold,200.0,dev-0123456789abcdef0123456789abcdef,synthetic-2-rest,29,protocol,synthetic-demo-contract-v1,True,-0.13449775541946282,-0.11781722668811771,-0.07587132024486398,-0.047850852504948437,-0.026366775539203142,0.019914617451743766,0.044069168935647496,0.08214638193706551
1700000002675000000,12675000000,536,535,535,0,0,,,,0,rest,hold,200.0,dev-0123456789abcdef0123456789abcdef,synthetic-2-rest,29,protocol,synthetic-demo-contract-v1,True,-0.1325938971815812,-0.1175408148751809,-0.07579363213296329,-0.04768423967604573,-0.025268541732151834,0.021840212290768903,0.04457553136509786,0.08405366636604439
1700000002680000000,12680000000,537,536,536,0,0,,,,0,rest,hold,200.0,dev-0123456789abcdef0123456789abcdef,synthetic-2-rest,29,protocol,synthetic-demo-contract-v1,True,-0.129852587586445,-0.11610456371383529,-0.07468319914675516,-0.04642029479656754,-0.022974496225237617,0.024865227331940673,0.04626408442984964,0.0871251000362111
1700000002685000000,12685000000,538,537,537,0,0,,,,0,rest,hold,200.0,dev-0123456789abcdef0123456789abcdef,synthetic-2-rest,29,protocol,synthetic-demo-contract-v1,True,-0.1262991976585342,-0.11350989039710294,-0.07253940989161758,-0.04406227557923261,-0.019497991485225324,0.028971279491896866,0.04912503780584001,0.09134321372930375
1700000002690000000,12690000000,539,538,538,0,0,,,,0,rest,hold,200.0,dev-0123456789abcdef0123456789abcdef,synthetic-2-rest,29,protocol,synthetic-demo-contract-v1,True,-0.12196336138734586,-0.10976858758096342,-0.06936994317596017,-0.040622327870531244,-0.014861960662130604,0.03413118898610567,0.05313916469390513,0.09668117647398199
1700000002695000000,12695000000,540,539,539,0,0,,,,0,rest,hold,200.0,dev-0123456789abcdef0123456789abcdef,synthetic-2-rest,29,protocol,synthetic-demo-contract-v1,True,-0.11687862404980486,-0.10490279842838325,-0.06519076646053779,-0.03612140852873871,-0.009098734726768098,0.0403091914143897,0.05827796347457948,0.10310300080587217
1700000002700000000,12700000000,541,540,540,0,0,,,,0,rest,hold,200.0,dev-0123456789abcdef0123456789abcdef,synthetic-2-rest,29,protocol,synthetic-demo-contract-v1,True,-0.11108210707662278,-0.09894489002042411,-0.06002606619256526,-0.030589135231524546,-0.0022497821957092497,0.04746122097940216,0.06450389538127858,0.11056382393581923
1700000002705000000,12705000000,542,541,541,0,0,,,,0,rest,hold,200.0,dev-0123456789abcdef0123456789abcdef,synthetic-2-rest,29,protocol,synthetic-demo-contract-v1,True,-0.10461419353179002,-0.09193722539244782,-0.053908109904854236,-0.02406356428324604,0.005634626414428991,0.0555352625433237,0.07177069618177469,0.1190102625575018
1700000002710000000,12710000000,543,542,542,0,0,,,,0,rest,hold,200.0,dev-0123456789abcdef0123456789abcdef,synthetic-2-rest,29,protocol,synthetic-demo-contract-v1,True,-0.09751823708586728,-0.08393183555760678,-0.046877040530213604,-0.016590898093058654,0.014495826640010786,0.0644717696564323,0.0800237592493842,0.12838083841482967
1700000002715000000,12715000000,544,543,543,0,0,,,,0,rest,hold,200.0,dev-0123456789abcdef0123456789abcdef,synthetic-2-rest,29,protocol,synthetic-demo-contract-v1,True,-0.08984029614552666,-0.07498999398074155,-0.038980603956055515,-0.008225124583788861,0.02426723726875321,0.07420414514301682,0.08920058681873454,0.1386064711623668
1700000002720000000,12720000000,545,544,544,0,0,,,,0,rest,hold,200.0,dev-0123456789abcdef0123456789abcdef,synthetic-2-rest,29,protocol,synthetic-demo-contract-v1,True,-0.08162889358478098,-0.06518169705010078,-0.030273811418589654,0.0009724086368726893,0.03487490275063835,0.08465928030993158,0.0992313056611992,0.14961103449328753
1700000002725000000,12725000000,546,545,545,0,0,,,,0,rest,hold,200.0,dev-0123456789abcdef0123456789abcdef,synthetic-2-rest,29,protocol,synthetic-demo-contract-v1,True,-0.07293480133819712,-0.05458505514869646,-0.020818538905189133,0.010933481961648606,0.04623809635016158,0.09575814835519106,0.11003924288664381,0.1613119709836624
1700000002730000000,12730000000,547,546,546,0,0,,,,0,rest,hold,200.0,dev-0123456789abcdef0123456789abcdef,synthetic-2-rest,29,protocol,synthetic-demo-contract-v1,True,-0.06381084799269461,-0.0432855999385233,-0.010683066292339663,0.02158354942121314,0.058269979067240615,0.10741644710247653,0.12154155708538823,0.17362096061357118
1700000002735000000,12735000000,548,547,547,0,0,,,,0,rest,hold,200.0,dev-0123456789abcdef0123456789abcdef,synthetic-2-rest,29,protocol,synthetic-demo-contract-v1,True,-0.05431174648025465,-0.03137551442666078,5.84405100664577e-05,0.032842337877903194,0.07087830889373387,0.11954528577605562,0.13364991957134637,0.18644463747874848
1700000002740000000,12740000000,549,548,548,0,0,,,,0,rest,hold,200.0,dev-0123456789abcdef0123456789abcdef,synthetic-2-rest,29,protocol,synthetic-demo-contract-v1,True,-0.044493938054838644,-0.018952793270534167,0.011326500614418382,0.04462449492283977,0.08396619455692092,0.13205191016271595,0.14627124007774606,0.19968534880475566
1700000002745000000,12745000000,550,549,549,0,0,,,,0,rest,hold,200.0,dev-0123456789abcdef0123456789abcdef,synthetic-2-rest,29,protocol,synthetic-demo-contract-v1,True,-0.034415447955828044,-0.006120341588929678,0.02303693812002177,0.05684028020631418,0.09743288753409296,0.14484046018612007,0.15930843089420263,0.21324195002257493
1700000002750000000,12750000000,551,550,550,0,0,,,,0,rest,hold,200.0,dev-0123456789abcdef0123456789abcdef,synthetic-2-rest,29,protocol,synthetic-demo-contract-v1,True,-0.02413574753711231,0.007014978734426906,0.0351015462285093,0.06939629455663164,0.11117460580643944,0.1578127536470192,0.17266120312100217,0.22701062936277808
1700000002755000000,12755000000,552,551,551,0,0,,,,0,rest,hold,200.0,dev-0123456789abcdef0123456789abcdef,synthetic-2-rest,29,protocol,synthetic-demo-contract-v1,True,-0.013715617191346143,0.020343345646171046,0.04742879031967194,0.08219624091402344,0.12508538255842055,0.1708690896623902,0.18622688845592092,0.24088575517766783
1700000002760000000,12760000000,553,552,552,0,0,,,,0,rest,hold,200.0,dev-0123456789abcdef0123456789abcdef,synthetic-2-rest,29,protocol,synthetic-demo-contract-v1,True,-0.0032170041346654484,0.03375300629371413,0.05992454440454009,0.09514171082661882,0.13905793282294687,0.18390906516964836,0.1999012797228863,0.2547607390090884
1700000002765000000,12765000000,554,553,553,0,0,,,,0,rest,hold,200.0,dev-0123456789abcdef0123456789abcdef,synthetic-2-rest,29,protocol,synthetic-demo-contract-v1,True,0.007297130954216308,0.04713132864502661,0.07249285502313026,0.10813299002720517,0.15298453092455944,0.19683239774994804,0.21357948320185727,0.2685289072854672
1700000002770000000,12770000000,555,554,554,0,0,,,,0,rest,hold,200.0,dev-0123456789abcdef0123456789abcdef,synthetic-2-rest,29,protocol,synthetic-demo-contract-v1,True,0.017762984322266008,0.06036586454873833,0.08503672635213878,0.12106987643473635,0.16675789148372422,0.20953974796826266,0.22715677572676904,0.28208437445629997
1700000002775000000,12775000000,556,555,555,0,0,,,,0,rest,hold,200.0,dev-0123456789abcdef0123456789abcdef,synthetic-2-rest,29,protocol,synthetic-demo-contract-v1,True,0.028116102121127227,0.07334541326477088,0.09745892003643858,0.13385250380489358,0.18027204671606417,0.22193353442792596,0.24052945948397633,0.29532291035637037
1700000002780000000,12780000000,557,556,556,0,0,,,,0,rest,hold,200.0,dev-0123456789abcdef0123456789abcdef,synthetic-2-rest,29,protocol,synthetic-demo-contract-v1,True,0.03829160103403817,0.08596107445983654,0.10966276306045379,0.1463821641905363,0.19342321279099825,0.23391873479356318,0.2535957074675185,0.30814279463556743
1700000002785000000,12785000000,558,557,557,0,0,,,,0,rest,hold,200.0,dev-0123456789abcdef0123456789abcdef,synthetic-2-rest,29,protocol,synthetic-demo-contract-v1,True,0.048224420924587855,0.09810727975198796,0.12155295683400516,0.15856212236637832,0.20611063810467892,0.24540366614848874,0.2662563926295734,0.3204456511929752
1700000002790000000,12790000000,559,558,558,0,0,,,,0,rest,hold,200.0,dev-0123456789abcdef0123456789abcdef,synthetic-2-rest,29,protocol,synthetic-demo-contract-v1,True,0.05784961303581074,0.10968279210320347,0.13303638058413877,0.17029841542290808,0.2182374264715788,0.2563007382198089,0.27841589390396587,0.3321372557151476
1700000002795000000,12795000000,560,559,559,0,0,,,,0,rest,hold,200.0,dev-0123456789abcdef0123456789abcdef,synthetic-2-rest,29,protocol,synthetic-demo-contract-v1,True,0.06710266627925192,0.12059166269626685,0.14402288212123904,0.18150063084206516,0.22971132844620282,0.26652717322515684,0.28998287247625065,0.34312830963669166
1700000002800000000,12800000000,561,560,560,0,0,,,,0,rest,hold,200.0,dev-0123456789abcdef0123456789abcdef,synthetic-2-rest,29,protocol,synthetic-demo-contract-v1,True,0.07591987304384,0.1307441353882295,0.15442604908563548,0.19208265653093515,0.24044549424969947,0.2760056863676061,0.30087101192424504,0.35333517411490517
1700000002805000000,12805000000,562,561,561,0,0,,,,0,rest,hold,200.0,dev-0123456789abcdef0123456789abcdef,synthetic-2-rest,29,protocol,synthetic-demo-contract-v1,True,0.0842387347488599,0.14005748940193907,0.16416395388025162,0.201963396508334,0.2503591820932244,0.284665121327431,0.3109997161556608,0.36268055793678716
1700000002810000000,12810000000,563,562,562,0,0,,,,0,rest,hold,200.0,dev-0123456789abcdef0123456789abcdef,synthetic-2-rest,29,protocol,synthetic-demo-contract-v1,True,0.09199840609201698,0.14845681159277518,0.1731598656556864,0.211067446211065,0.2593784160582927,0.29244103546849143,0.320294759422271,0.3710941536537307
1700000002815000000,12815000000,564,563,563,0,0,,,,0,rest,hold,200.0,dev-0123456789abcdef0123456789abcdef,synthetic-2-rest,29,protocol,synthetic-demo-contract-v1,True,0.09914017563226772,0.15587569040166355,0.18134292293580695,0.2193257217096998,0.2674365881109733,0.2992762298900658,0.32868888308989047,0.37851321666349025
1700000002820000000,12820000000,565,564,564,0,0,,,,0,rest,hold,200.0,dev-0123456789abcdef0123456789abcdef,synthetic-2-rest,29,protocol,synthetic-demo-contract-v1,True,0.10560797902874933,0.16225682446820022,0.18864876075319528,0.22667603749533613,0.2744749992881276,0.30512121990848395,0.3361223342869601,0.3848830824270381
1700000002825000000,12825000000,566,565,565,0,0,,,,0,rest,hold,200.0,dev-0123456789abcdef0123456789abcdef,synthetic-2-rest,29,protocol,synthetic-demo-contract-v1,True,0.11134893996346301,0.1675525398188705,0.19502008650292715,0.23306362791600369,0.2804433355962385,0.30993464204325594,0.3425433420380851,0.3901576175159217
1700000002830000000,12830000000,567,566,566,0,0,,,,0,rest,hold,200.0,dev-0123456789abcdef0123456789abcdef,synthetic-2-rest,29,protocol,synthetic-demo-contract-v1,True,0.11631393253788785,0.17172521055342466,0.20040719911778831,0.2384416078008555,0.2853000747025513,0.31368359410550684,0.34790852700847047,0.39429960072949555
1700000002835000000,12835000000,568,567,567,0,0,,,,0,rest,hold,200.0,dev-0123456789abcdef0123456789abcdef,synthetic-2-rest,29,protocol,synthetic-demo-contract-v1,True,0.12045815778315073,0.17474757901514937,0.20476844661521812,0.24277136830818913,0.28901282006974716,0.3163439055380401,0.3521832415364424,0.39728103109641116
1700000002840000000,12840000000,569,568,568,0,0,,,,0,rest,hold,200.0,dev-0123456789abcdef0123456789abcdef,synthetic-2-rest,29,protocol,synthetic-demo-contract-v1,True,0.12374172588915065,0.1766029725351955,0.2080706175626291,0.2460229045657114,0.2915585597845537,0.31790033573179993,0.3553418372096642,0.3990833601763349
1700000002845000000,12845000000,570,569,569,0,0,,,,0,rest,hold,200.0,dev-0123456789abcdef0123456789abcdef,synthetic-2-rest,29,protocol,synthetic-demo-contract-v1,True,0.12613023486731642,0.17728541497384248,0.21028926254930844,0.24817507223386187,0.29292384795256066,0.3183466986380755,0.3573678578413893,0.3996976467010291
1700000002850000000,12850000000,571,570,570,0,0,,,,0,rest,hold,200.0,dev-0123456789abcdef0123456789abcdef,synthetic-2-rest,29,protocol,synthetic-demo-contract-v1,True,0.1275953356390287,0.17679963242890465,0.2114089423354415,0.2492157707108207,0.29310490717092974,0.3176859126045979,0.35825415632119884,0.3991246322335442
1700000002855000000,12855000000,572,571,571,0,0,,,,0,rest,hold,200.0,dev-0123456789abcdef0123456789abcdef,synthetic-2-rest,29,protocol,synthetic-demo-contract-v1,True,0.12811527300844966,0.1751609536296053,0.21142339996705986,0.24914205130619912,0.2921076512424044,0.3159299749817073,0.3580029344450139,0.3973747371750658
1700000002860000000,12860000000,573,572,572,0,0,,,,0,rest,hold,200.0,dev-0123456789abcdef0123456789abcdef,synthetic-2-rest,29,protocol,synthetic-demo-contract-v1,True,0.12767539165211178,0.1723951066693793,0.2103356547946305,0.2479601493342675,0.28994762795262013,0.3130998616668758,0.356625705466552,0.3944679771055649
1700000002865000000,12865000000,574,573,573,0,0,,,,0,rest,hold,200.0,dev-0123456789abcdef0123456789abcdef,synthetic-2-rest,29,protocol,synthetic-demo-contract-v1,True,0.12626859615155506,0.16853791483972447,0.20815801700696185,0.24568543971175438,0.28664988239279454,0.309225352376956,0.35414317975152987,0.3904338001014073
1700000002870000000,12870000000,575,574,574,0,0,,,,0,rest,hold,200.0,dev-0123456789abcdef0123456789abcdef,synthetic-2-rest,29,protocol,synthetic-demo-contract-v1,True,0.12389575421844314,0.1636348953962724,0.204912021985162,0.24234231628441547,0.2822487419659338,0.3043447830524015,0.35058507455151594,0.3853108463250349
1700000002875000000,12875000000,576,575,575,0,0,,,,0,rest,hold,200.0,dev-0123456789abcdef0123456789abcdef,synthetic-2-rest,29,protocol,synthetic-demo-contract-v1,True,0.12056603261819161,0.1577407661052174,0.20062828448739303,0.2379639957454066,0.27678752486136765,0.2985047274013318,0.34598984954116235,0.3791466318234072
1700000002880000000,12880000000,577,576,576,0,0,,,,0,rest,hold,200.0,dev-0123456789abcdef0123456789abcdef,synthetic-2-rest,29,protocol,synthetic-demo-contract-v1,True,0.11629715588750673,0.15091886537134616,0.19534627338773583,0.2325922476416142,0.27031817441433287,0.2917596101786576,0.3404043703754146,0.37199715909774594
1700000002885000000,12885000000,578,577,577,0,0,,,,0,rest,hold,200.0,dev-0123456789abcdef0123456789abcdef,synthetic-2-rest,29,protocol,synthetic-demo-contract-v1,True,0.11111557875782975,0.14324049262728233,0.18911400840509204,0.22627705258615557,0.26290082237926315,0.2841712553616851,0.33388350311713577,0.3639264576120964
1700000002890000000,12890000000,579,578,578,0,0,,,,0,rest,hold,200.0,dev-0123456789abcdef0123456789abcdef,synthetic-2-rest,29,protocol,synthetic-demo-contract-v1,True,0.10505656423011821,0.1347841764574007,0.18198768096415133,0.21907619140103798,0.25460328473236715,0.2758083729239989,0.32648964295550675,0.3550060579873323
1700000002895000000,12895000000,580,579,579,0,0,,,,0,rest,hold,200.0,dev-0123456789abcdef0123456789abcdef,synthetic-2-rest,29,protocol,synthetic-demo-contract-v1,True,0.09816416048159327,0.12563487863048795,0.17403120202342426,0.21105476849830423,0.2455004941761318,0.26674598841948943,0.31829218117687896,0.34531440417568726
1700000002900000000,12900000000,581,580,580,0,0,,,,0,rest,hold,200.0,dev-0123456789abcdef0123456789abcdef,synthetic-2-rest,29,protocol,synthetic-demo-contract-v1,True,0.09049107120252785,0.11588314281519883,0.1653156803786229,0.20228467336590472,0.23567387404094653,0.2570648200638901,0.30936691485794027,0.33493620842412253
1700000002905000000,12905000000,582,581,581,0,0,,,,0,rest,hold,200.0,dev-0123456789abcdef0123456789abcdef,synthetic-2-rest,29,protocol,synthetic-demo-contract-v1,True,0.08209841553733918,0.10562419724569276,0.15591883559690398,0.1928439845513429,0.2252106587628674,0.24685060843822731,0.2997954042220337,0.3239617543086917
1700000002910000000,12910000000,583,582,582,0,0,,,,0,rest,hold,200.0,dev-0123456789abcdef0123456789abcdef,synthetic-2-rest,29,protocol,synthetic-demo-contract-v1,True,0.07305537551188611,0.09495702098678181,0.14592435035231993,0.1828163210272189,0.21420316655751842,0.2361934043334463,0.28966428302922015,0.3124861535524822
1700000002915000000,12915000000,584,583,583,0,0,,,,0,rest,hold,200.0,dev-0123456789abcdef0123456789abcdef,synthetic-2-rest,29,protocol,synthetic-demo-contract-v1,True,0.06343873063772708,0.0839833837153992,0.1354211675093531,0.1722901462740373,0.202748030304736,0.22518682060495182,0.2790645277557973,0.30060856272326786
1700000002920000000,12920000000,585,584,584,0,0,,,,0,rest,hold,200.0,dev-0123456789abcdef0123456789abcdef,synthetic-2-rest,29,protocol,synthetic-demo-contract-v1,True,0.05333228126125726,0.07280686908645437,0.12450273783387242,0.1613580308230923,0.1909453930034712,0.21392725420693925,0.26809069165623706,0.2884313662404393
1700000002925000000,12925000000,586,585,585,0,0,,,,0,rest,hold,200.0,dev-0123456789abcdef0123456789abcdef,synthetic-2-rest,29,protocol,synthetic-demo-contract-v1,True,0.04282616413632205,0.06153189178596258,0.11326622469390368,0.15011587936234697,0.17889807444881634,0.20251308482664732,0.256840110087106,0.27605933240132
1700000002930000000,12930000000,587,586,586,0,0,,,,0,rest,hold,200.0,dev-0123456789abcdef0123456789abcdef,synthetic-2-rest,29,protocol,synthetic-demo-contract-v1,True,0.03201606560718189,0.05026271829407476,0.10181167254138404,0.13866212881790455,0.16671071602047496,0.19104385673602173,0.2454120837062098,0.2635987493623653
1700000002935000000,12935000000,588,587,587,0,0,,,,0,rest,hold,200.0,dev-0123456789abcdef0123456789abcdef,synthetic-2-rest,29,protocol,synthetic-demo-contract-v1,True,0.021002339658009288,0.03910250118795013,0.09024114633607679,0.12709692408014206,0.15448891065252132,0.17961945062101015,0.23390704633898282,0.2511565481790397
1700000002940000000,12940000000,589,588,588,0,0,,,,0,rest,hold,200.0,dev-0123456789abcdef0123456789abcdef,synthetic-2-rest,29,protocol,synthetic-demo-contract-v1,True,0.009889039879131456,0.028152336513425025,0.07865784938010564,0.1155212782445407,0.1423383251764004,0.16833925223560367,0.2224257244265632,0.23883942011796197
1700000002945000000,12945000000,590,589,589,0,0,,,,0,rest,hold,200.0,dev-0123456789abcdef0123456789abcdef,synthetic-2-rest,29,protocol,synthetic-demo-contract-v1,True,-0.0012171239163110822,0.017510353350633716,0.0671652272728338,0.10403622438095302,0.13036382229186866,0.15730132475811862,0.21106829503514024,0.22675293550535086
1700000002950000000,12950000000,591,590,590,0,0,,,,0,rest,hold,200.0,dev-0123456789abcdef0123456789abcdef,synthetic-2-rest,29,protocol,synthetic-demo-contract-v1,True,-0.012207892152515904,0.007270844198729335,0.05586606586822324,0.0927419659300773,0.11866858942338045,0.14660159170072784,0.19993354941345476,0.21500067136639417
1700000002955000000,12955000000,592,591,591,0,0,,,,0,rest,hold,200.0,dev-0123456789abcdef0123456789abcdef,synthetic-2-rest,29,protocol,synthetic-demo-contract-v1,True,-0.022974611391866222,-0.0024765557835956502,0.04486159121821017,0.08173703285140069,0.107353281662251,0.13633303714007886,0.18911806903471934,0.20368335504094304
1700000002960000000,12960000000,593,592,592,0,0,,,,0,rest,hold,200.0,dev-0123456789abcdef0123456789abcdef,synthetic-2-rest,29,protocol,synthetic-demo-contract-v1,True,-0.03340942488110931,-0.011647633313100007,0.03425057951465776,0.07111745061257818,0.09651518587836345,0.12658492989774828,0.1787154209512757,0.1928980308325775
1700000002965000000,12965000000,594,593,593,0,0,,,,0,rest,hold,200.0,dev-0123456789abcdef0123456789abcdef,synthetic-2-rest,29,protocol,synthetic-demo-contract-v1,True,-0.043406482017366015,-0.02016429866189623,0.024128484998117965,0.060975929016112575,0.08624741291001256,0.11744207810522082,0.1688153791257484,0.18273725656145354
1700000002970000000,12970000000,595,594,594,0,0,,,,0,rest,hold,200.0,dev-0123456789abcdef0123456789abcdef,synthetic-2-rest,29,protocol,synthetic-demo-contract-v1,True,-0.05286315032811877,-0.02795521864931206,0.014586593684018927,0.05140107770611801,0.07663812450832619,0.10898412034079726,0.1595031781828641,0.17328833664813012
1700000002975000000,12975000000,596,595,595,0,0,,,,0,rest,hold,200.0,dev-0123456789abcdef0123456789abcdef,synthetic-2-rest,29,protocol,synthetic-demo-contract-v1,True,-0.06168121314514281,-0.034956375959136615,0.005711210566457863,0.04247665498692772,0.0677698014253692,0.10128485922722973,0.15085880575320126,0.16463259805765718
1700000002980000000,12980000000,597,596,596,0,0,,,,0,rest,hold,200.0,dev-0123456789abcdef0123456789abcdef,synthetic-2-rest,29,protocol,synthetic-demo-contract-v1,True,-0.06976803601576927,-0.041111550679424735,-0.0024171123021486446,0.03428085631801367,0.059718558694914166,0.09441164303141829,0.14295633925622547,0.15684471508304368
1700000002985000000,12985000000,598,597,597,0,0,,,,0,rest,hold,200.0,dev-0123456789abcdef0123456789abcdef,synthetic-2-rest,29,protocol,synthetic-demo-contract-v1,True,-0.07703768504216013,-0.04637272087151382,-0.009724299788715923,0.02688564852830122,0.052553513764819274,0.0884248004140738,0.13586333259780736,0.14999208854774435
1700000002990000000,12990000000,599,598,598,0,0,,,,0,rest,hold,200.0,dev-0123456789abcdef0123456789abcdef,synthetic-2-rest,29,protocol,synthetic-demo-contract-v1,True,-0.08341198077155465,-0.05070037989850102,-0.016143423045883155,0.02035615542001115,0.046336212703147486,0.08337713304102676,0.12964025784005126,0.1441342845612195
1700000002995000000,12995000000,600,599,599,0,0,,,,0,rest,hold,200.0,dev-0123456789abcdef0123456789abcdef,synthetic-2-rest,29,protocol,synthetic-demo-contract-v1,True,-0.08882147197340802,-0.054063769169523886,-0.02161530806041178,0.014750100010689464,0.04112011922020663,0.07931347029243435,0.12434000644217248,0.13932253747360296
1700000003000000000,13000000000,601,600,600,0,0,,,,0,rest,hold,200.0,dev-0123456789abcdef0123456789abcdef,synthetic-2-rest,29,protocol,synthetic-demo-contract-v1,True,-0.09320631462338401,-0.05644102587337668,-0.026089077698252465,0.010117308195584124,0.036950170729603826,0.07627028979545566,0.1200074541742149,0.13559932114911816
1700000003005000000,13005000000,602,601,601,0,0,,,,0,rest,hold,200.0,dev-0123456789abcdef0123456789abcdef,synthetic-2-rest,29,protocol,synthetic-demo-contract-v1,True,-0.09651704265465387,-0.05781924617234492,-0.029522622137405544,0.0064992781047759655,0.03386240511741603,0.07427540696417728,0.11667909327467131,0.1329979921173769
1700000003010000000,13010000000,603,602,602,0,0,,,,0,rest,hold,200.0,dev-0123456789abcdef0123456789abcdef,synthetic-2-rest,29,protocol,synthetic-demo-contract-v1,True,-0.09871521851430011,-0.05819446519418279,-0.03188299320613679,0.003928818884691794,0.03188366130427561,0.07334773616215727,0.11438273486299019,0.1315425075717091
1700000003015000000,13015000000,604,603,603,0,0,,,,0,rest,hold,200.0,dev-0123456789abcdef0123456789abcdef,synthetic-2-rest,29,protocol,synthetic-demo-contract-v1,True,-0.09977395325272918,-0.057571555987072726,-0.03314671881487627,0.002429762056357123,0.031031356075416773,0.07349712551262201,0.11313728403320121,0.1312472205690913
1700000003020000000,13020000000,605,604,604,0,0,,,,0,rest,hold,200.0,dev-0123456789abcdef0123456789abcdef,synthetic-2-rest,29,protocol,synthetic-demo-contract-v1,True,-0.09967828774874067,-0.05596405038024083,-0.03330003437923215,0.0020167479977414478,0.0313133390234977,0.07472426677390959,0.11295258945027066,0.13211675415205598
1700000003025000000,13025000000,606,605,605,0,0,,,,0,rest,hold,200.0,dev-0123456789abcdef0123456789abcdef,synthetic-2-rest,29,protocol,synthetic-demo-contract-v1,True,-0.09842542870052048,-0.05339388541348769,-0.03233902887246519,0.0026950894699124695,0.03272782680357254,0.07702068107827421,0.11382936865137501,0.1341459554644609
1700000003030000000,13030000000,607,606,606,0,0,,,,0,rest,hold,200.0,dev-0123456789abcdef0123456789abcdef,synthetic-2-rest,29,protocol,synthetic-demo-contract-v1,True,-0.09602483515866875,-0.0498910796551483,-0.030269703911751582,0.004460713461655089,0.03526341724422201,0.0803687807057078,0.1157592096251612,0.1373199302754643
1700000003035000000,13035000000,608,607,607,0,0,,,,0,rest,hold,200.0,dev-0123456789abcdef0123456789abcdef,synthetic-2-rest,29,protocol,synthetic-demo-contract-v1,True,-0.09249815360442172,-0.045493344313824784,-0.02710794506650071,0.007300181970171262,0.03889918319900003,0.08474200643620361,0.11872464860847542,0.14161415766492672
1700000003040000000,13040000000,609,608,608,0,0,,,,0,rest,hold,200.0,dev-0123456789abcdef0123456789abcdef,synthetic-2-rest,29,protocol,synthetic-demo-contract-v1,True,-0.08787900184588021,-0.04024563455971536,-0.02287940537162528,0.011190791671965024,0.04360484536345928,0.09010503939905781,0.1226993234072477,0.1469946839641854
1700000003045000000,13045000000,610,609,609,0,0,,,,0,rest,hold,200.0,dev-0123456789abcdef0123456789abcdef,synthetic-2-rest,29,protocol,synthetic-demo-contract-v1,True,-0.08221260427782309,-0.034199646902722654,-0.017619301826572217,0.016100751773625382,0.04934102263051116,0.09641408572153023,0.12764820092143436,0.15341839439413177
1700000003050000000,13050000000,611,610,610,0,0,,,,0,rest,hold,200.0,dev-0123456789abcdef0123456789abcdef,synthetic-2-rest,29,protocol,synthetic-demo-contract-v1,True,-0.07555528328690844,-0.027413268824157375,-0.011372126454600113,0.021989438672583447,0.05605955791617535,0.10361723167659027,0.13352787693838528,0.16083336020317696
1700000003055000000,13055000000,612,611,611,0,0,,,,0,rest,hold,200.0,dev-0123456789abcdef0123456789abcdef,synthetic-2-rest,29,protocol,synthetic-demo-contract-v1,True,-0.06797381374477257,-0.019949987125406278,-0.004191274278796484,0.028807725408587802,0.06370391676413353,0.11165486644550782,0.1402869456597566,0.16917925848623216
1700000003060000000,13060000000,613,612,612,0,0,,,,0,rest,hold,200.0,dev-0123456789abcdef0123456789abcdef,synthetic-2-rest,29,protocol,synthetic-demo-contract-v1,True,-0.05954464957904598,-0.011878261640182453,0.0038614086657559003,0.036498383253146756,0.0722096554360939,0.12046016905055748,0.1478664358491381,0.17838786126741235
1700000003065000000,13065000000,614,613,613,0,0,,,,0,rest,hold,200.0,dev-0123456789abcdef0123456789abcdef,synthetic-2-rest,29,protocol,synthetic-demo-contract-v1,True,-0.0503530333110197,-0.003270871057855297,0.012716153427691968,0.044996552171931284,0.08150495462078754,0.12995965548076033,0.15620030993568995,0.18838358985874165
1700000003070000000,13070000000,615,614,614,0,0,,,,0,rest,hold,200.0,dev-0123456789abcdef0123456789abcdef,synthetic-2-rest,29,protocol,synthetic-demo-contract-v1,True,-0.04049200116584926,0.005795762374005224,0.022295867783724003,0.054230276309268716,0.09151121435212058,0.1400737815337218,0.16521602188779766,0.19908412996931785
1700000003075000000,13075000000,616,615,615,0,0,,,,0,rest,hold,200.0,dev-0123456789abcdef0123456789abcdef,synthetic-2-rest,29,protocol,synthetic-demo-contract-v1,True,-0.030061297867199566,0.015242262556336077,0.03251680220928952,0.0641211000894956,0.10214370522119134,0.15071759643349533,0.1748351291844689,0.21040110253874503
1700000003080000000,13080000000,617,616,616,0,0,,,,0,rest,hold,200.0,dev-0123456789abcdef0123456789abcdef,synthetic-2-rest,29,protocol,synthetic-demo-contract-v1,True,-0.019166216497682097,0.024986997072663143,0.04328927633639283,0.07458472001171958,0.11331227050161032,0.16180144186173873,0.18497395376481496,0.22224078480915715
1700000003085000000,13085000000,618,617,617,0,0,,,,0,rest,hold,200.0,dev-0123456789abcdef0123456789abcdef,synthetic-2-rest,29,protocol,synthetic-demo-contract-v1,True,-0.007916379818096836,0.03494677616650177,0.05451845949520348,0.08553168673698298,0.12492207338674613,0.1732316906608173,0.19554428643126434,0.23450487573571455
1700000003090000000,13090000000,619,618,618,0,0,,,,0,rest,hold,200.0,dev-0123456789abcdef0123456789abcdef,synthetic-2-rest,29,protocol,synthetic-demo-contract-v1,True,0.003575519823978309,0.045037547038278475,0.06610519842949697,0.09686815163405064,0.1368743831646483,0.18491151913609766,0.20645412882347347,0.24709129946946576
1700000003095000000,13095000000,620,619,619,0,0,,,,0,rest,hold,200.0,dev-0123456789abcdef0123456789abcdef,synthetic-2-rest,29,protocol,synthetic-demo-contract-v1,True,0.015195004413526728,0.05517507765420903,0.07794688483225104,0.10849665156573972,0.14906739383447484,0.19674170660316442,0.2176084667701447,0.2598950403318989
1700000003100000000,13100000000,621,620,620,0,0,,,,0,rest,hold,200.0,dev-0123456789abcdef0123456789abcdef,synthetic-2-rest,29,protocol,synthetic-demo-contract-v1,True,0.026827100271820514,0.06527562462488408,0.08993835497104552,0.12031692536527276,0.16139706840000398,0.20862145559649378,0.22891006856772778,0.2728090024400035
1700000003105000000,13105000000,622,621,621,0,0,,,,0,rest,hold,200.0,dev-0123456789abcdef0123456789abcdef,synthetic-2-rest,29,protocol,synthetic-demo-contract-v1,True,0.03835761653213978,0.07525658011834782,0.1019728133670455,0.1322267551744828,0.17375800186345786,0.22044922598115338,0.24026030153042097,0.28572488693639503
1700000003110000000,13110000000,623,622,622,0,0,,,,0,rest,hold,200.0,dev-0123456789abcdef0123456789abcdef,synthetic-2-rest,29,protocol,synthetic-demo-contract-v1,True,0.04967439489335587,0.0850370932134786,0.11394277225924941,0.14412282559520825,0.18604429578808854,0.23212357608977596,0.25155996000659037,0.29853407963263595
1700000003115000000,13115000000,624,623,623,0,0,,,,0,rest,hold,200.0,dev-0123456789abcdef0123456789abcdef,synthetic-2-rest,29,protocol,synthetic-demo-contract-v1,True,0.060668514152645285,0.09453866156672684,0.12574099842972825,0.15590159344392449,0.19815043720212566,0.24354400394445092,0.26271009796399863,0.3111285417865882
1700000003120000000,13120000000,625,624,624,0,0,,,,0,rest,hold,200.0,dev-0123456789abcdef0123456789abcdef,synthetic-2-rest,29,protocol,synthetic-demo-contract-v1,True,0.0712354339760638,0.1036856897508866,0.13726145888739702,0.16746016079904708,0.2099721745805617,0.25461178161785625,0.2736128592108248,0.32340169670721564
1700000003125000000,13125000000,626,625,625,0,0,,,,0,rest,hold,200.0,dev-0123456789abcdef0123456789abcdef,synthetic-2-rest,29,protocol,synthetic-demo-contract-v1,True,0.08127606356531751,0.1124060111207035,0.14840025690818612,0.17869714399126202,0.22140738366503818,0.26523077583987276,0.28417229834154617,0.335249304912807
1700000003130000000,13130000000,627,626,626,0,0,,,,0,rest,hold,200.0,dev-0123456789abcdef0123456789abcdef,synthetic-2-rest,29,protocol,synthetic-demo-contract-v1,True,0.09069774229686013,0.12063137055936402,0.15905655000859067,0.18951353121029807,0.23235691596578206,0.27530824806486254,0.294295185576303,0.3465703206610626
1700000003135000000,13135000000,628,627,627,0,0,,,,0,rest,hold,200.0,dev-0123456789abcdef0123456789abcdef,synthetic-2-rest,29,protocol,synthetic-demo-contract-v1,True,0.0994151210172933,0.12829786595489504,0.1691334415866646,0.1998135214864957,0.2427254229322496,0.28475562737970805,0.3038917887985365,0.35726772282092245
1700000003140000000,13140000000,629,628,628,0,0,,,,0,rest,hold,200.0,dev-0123456789abcdef0123456789abcdef,synthetic-2-rest,29,protocol,synthetic-demo-contract-v1,True,0.10735093444582572,0.13534634673955417,0.1785388381982862,0.20950533795184687,0.2524221489798083,0.2934892498523834,0.3128766262874457,0.3672493132652975
1700000003145000000,13145000000,630,629,629,0,0,,,,0,rest,hold,200.0,dev-0123456789abcdef0123456789abcdef,synthetic-2-rest,29,protocol,synthetic-demo-contract-v1,True,0.11443665702636803,0.1417227682921613,0.18718626474481917,0.21850200849172408,0.2613616868167491,0.30143105819345645,0.3211691838875229,0.37642847622926573
1700000003150000000,13150000000,631,630,630,0,0,,,,0,rest,hold,200.0,dev-0123456789abcdef0123456789abcdef,synthetic-2-rest,29,protocol,synthetic-demo-contract-v1,True,0.12061303655279551,0.14737850144734307,0.19499563022820834,0.22672210716357727,0.26946468882698826,0.30850925592622985,0.3286945906549968,0.38472489239756935
1700000003155000000,13155000000,632,631,631,0,0,,,,0,rest,hold,200.0,dev-0123456789abcdef0123456789abcdef,synthetic-2-rest,29,protocol,synthetic-demo-contract-v1,True,0.1258305019239519,0.1522705967719867,0.20189393717761725,0.23409045008037857,0.2766585286264913,0.31465891063263707,0.33538424736801237,0.3920652018558405
1700000003160000000,13160000000,633,632,632,0,0,,,,0,rest,hold,200.0,dev-0123456789abcdef0123456789abcdef,synthetic-2-rest,29,protocol,synthetic-demo-contract-v1,True,0.13004944343243224,0.15636200365366057,0.20781592836371784,0.24053873983187882,0.282877907322726,0.31982250125846745,0.3411764026809172,0.3983836104588461
1700000003165000000,13165000000,634,633,633,0,0,,,,0,rest,hold,200.0,dev-0123456789abcdef0123456789abcdef,synthetic-2-rest,29,protocol,synthetic-demo-contract-v1,True,0.1332403660155808,0.15962174459496772,0.21270466498783963,0.24600615294268166,0.28806539946287385,0.3239504049195504,0.34601667213976334,0.4036224346326711
1700000003170000000,13170000000,635,634,634,0,0,,,,0,rest,hold,200.0,dev-0123456789abcdef0123456789abcdef,synthetic-2-rest,29,protocol,synthetic-demo-contract-v1,True,0.1353839178619999,0.1620250454192939,0.21651203115804804,0.25043986533925655,0.2921719341544039,0.32700131914646735,0.3498584957525155,0.40773258013241237
1700000003175000000,13175000000,636,635,635,0,0,,,,0,rest,hold,200.0,dev-0123456789abcdef0123456789abcdef,synthetic-2-rest,29,protocol,synthetic-demo-contract-v1,True,0.1364707986372934,0.16355342236551246,0.2191991601369471,0.2537955113143552,0.2951572073767936,0.32894261603511205,0.3526635303194865,0.41067395081846203
1700000003180000000,13180000000,637,636,636,0,0,,,,0,rest,hold,200.0,dev-0123456789abcdef0123456789abcdef,synthetic-2-rest,29,protocol,synthetic-demo-contract-v1,True,0.13650155333613423,0.16419472728107093,0.2207367785602094,0.2560375720325186,0.2969900220712272,0.32975062532958105,0.35440197327291345,0.41241578408832874
1700000003185000000,13185000000,638,637,637,0,0,,,,0,rest,hold,200.0,dev-0123456789abcdef0123456789abcdef,synthetic-2-rest,29,protocol,synthetic-demo-contract-v1,True,0.13548625935445552,0.16394315231458648,0.22110546557384456,0.2571396902098826,0.2976485531913793,0.3294108440479216,0.3550528153448908,0.4129369102025269
1700000003190000000,13190000000,639,638,638,0,0,,,,0,rest,hold,200.0,dev-0123456789abcdef0123456789abcdef,synthetic-2-rest,29,protocol,synthetic-demo-contract-v1,True,0.13344411577935666,0.16279919566138062,0.22029582461489727,0.25708490822029645,0.2971205355179107,0.3279180708653296,0.3546040199752877,0.41222593336734303
1700000003195000000,13195000000,640,639,639,0,0,,,,0,rest,hold,200.0,dev-0123456789abcdef0123456789abcdef,synthetic-2-rest,29,protocol,synthetic-demo-contract-v1,True,0.13040294509302022,0.16076959002991778,0.21830856635733165,0.255865827522706,0.2954033726770022,0.3252764640885339,0.3530526279809185,0.41028133307917775
1700000003200000000,13200000000,641,640,640,0,0,,,,0,rest,hold,200.0,dev-0123456789abcdef0123456789abcdef,synthetic-2-rest,29,protocol,synthetic-demo-contract-v1,True,0.12639861846263575,0.15786719557613532,0.21515450215476695,0.2534846879663794,0.2925041664538296,0.32149952268422616,0.3504047866290261,0.40711148488935356
1700000003205000000,13205000000,642,641,641,0,0,,,,0,rest,hold,200.0,dev-0123456789abcdef0123456789abcdef,synthetic-2-rest,29,protocol,synthetic-demo-contract-v1,True,0.12147441652784183,0.15411085909908426,0.21085444812685927,0.2499533662052894,0.2884396661499815,0.3166099904582942,0.3466757028869104,0.40273460040940495
1700000003210000000,13210000000,643,642,642,0,0,,,,0,rest,hold,200.0,dev-0123456789abcdef0123456789abcdef,synthetic-2-rest,29,protocol,synthetic-demo-contract-v1,True,0.11568033809221559,0.14952524130862302,0.20543904084881093,0.24529329313511766,0.28323613839400713,0.31063968411609294,0.341889521250092,0.397178587039488
1700000003215000000,13215000000,644,643,643,0,0,,,,0,rest,hold,200.0,dev-0123456789abcdef0123456789abcdef,synthetic-2-rest,29,protocol,synthetic-demo-contract-v1,True,0.10907236937250439,0.14414061396802894,0.19894846640607508,0.23953529095011705,0.2769291584710886,0.3036292465617943,0.33607912717847327,0.3904808285611971
1700000003220000000,13220000000,645,644,644,0,0,,,,0,rest,hold,200.0,dev-0123456789abcdef0123456789abcdef,synthetic-2-rest,29,protocol,synthetic-demo-contract-v1,True,0.10171172646033302,0.13799262868563913,0.1914321053613173,0.23271933109668397,0.2695633248858528,0.2956278274118203,0.32928587778837776,0.3826878883853651
1700000003225000000,13225000000,646,645,645,0,0,,,,0,rest,hold,200.0,dev-0123456789abcdef0123456789abcdef,synthetic-2-rest,29,protocol,synthetic-demo-contract-v1,True,0.09366408341261473,0.13112205908456548,0.1829480969407343,0.22489421507017118,0.26119189950622246,0.2866926932984189,0.3215592620529698,0.3738551378799897
1700000003230000000,13230000000,647,646,646,0,0,,,,0,rest,hold,200.0,dev-0123456789abcdef0123456789abcdef,synthetic-2-rest,29,protocol,synthetic-demo-contract-v1,True,0.08499879792016266,0.12357451802284035,0.17356282647480878,0.21611718065549235,0.2518763762506758,0.2768887711195491,0.3129564933493283,0.3640463128180363
1700000003235000000,13235000000,648,647,647,0,0,,,,0,rest,hold,200.0,dev-0123456789abcdef0123456789abcdef,synthetic-2-rest,29,protocol,synthetic-demo-contract-v1,True,0.0757881458248805,0.11540015147290468,0.16335034081780328,0.20645343684493445,0.24168598187135734,0.26628812794572754,0.30354203775259714,0.35333300157452935
1700000003240000000,13240000000,649,648,648,0,0,,,,0,rest,hold,200.0,dev-0123456789abcdef0123456789abcdef,synthetic-2-rest,29,protocol,synthetic-demo-contract-v1,True,0.06610657488416159,0.10665331060375971,0.15239169711428327,0.19597563127279607,0.2306971129461599,0.25496939181862266,0.29338708201138025,0.34179406926210054
1700000003245000000,13245000000,650,649,649,0,0,,,,0,rest,hold,200.0,dev-0123456789abcdef0123456789abcdef,synthetic-2-rest,29,protocol,synthetic-demo-contract-v1,True,0.05602998714032176,0.09739220354605943,0.14077425087388923,0.18476325458094225,0.2189927137196748,0.2430171181657688,0.28256894563957674,0.3295150225195272
1700000003250000000,13250000000,651,650,650,0,0,,,,0,rest,hold,200.0,dev-0123456789abcdef0123456789abcdef,synthetic-2-rest,29,protocol,synthetic-demo-contract-v1,True,0.045635058069511514,0.08767852826415291,0.128590889851966,0.17290198666711976,0.20666159992134803,0.23052110700666048,0.2711704420239389,0.31658732015436725
1700000003255000000,13255000000,652,651,651,0,0,,,,0,rest,hold,200.0,dev-0123456789abcdef0123456789abcdef,synthetic-2-rest,29,protocol,synthetic-demo-contract-v1,True,0.03499859938769063,0.07757708791357289,0.11593922070863746,0.16048299026430649,0.19379773413526946,0.2175756765339663,0.2592791938699323,0.3031076352845913
1700000003260000000,13260000000,653,652,652,0,0,,,,0,rest,hold,200.0,dev-0123456789abcdef0123456789abcdef,synthetic-2-rest,29,protocol,synthetic-demo-contract-v1,True,0.024196971011870613,0.0671553900312588,0.1029207158282705,0.14760215775025437,0.1804994586961084,0.20427889901631494,0.24698690868752424,0.28917707502151224
1700000003265000000,13265000000,654,653,653,0,0,,,,0,rest,hold,200.0,dev-0123456789abcdef0123456789abcdef,synthetic-2-rest,29,protocol,synthetic-demo-contract-v1,True,0.013305546245064333,0.05648323089187969,0.08963982802135854,0.13435931748781071,0.16686869243646446,0.19073180528301203,0.23438862035014854,0.27490036408404084
1700000003270000000,13270000000,655,654,654,0,0,,,,0,rest,hold,200.0,dev-0123456789abcdef0123456789abcdef,synthetic-2-rest,29,protocol,synthetic-demo-contract-v1,True,0.002398232805857925,0.04563226636936069,0.07620308109867628,0.12085740634506524,0.15301009790938883,0.17703756431350257,0.22158190304149994,0.26038499902942747
1700000003275000000,13275000000,656,655,655,0,0,,,,0,rest,hold,200.0,dev-0123456789abcdef0123456789abcdef,synthetic-2-rest,29,protocol,synthetic-demo-contract-v1,True,-0.008452949109182654,0.03467557066998205,0.06271814450098419,0.10720161533694905,0.13903022595368164,0.16330064466329725,0.20866606413378058,0.2457403800258906
1700000003280000000,13280000000,657,656,656,0,0,,,,0,rest,hold,200.0,dev-0123456789abcdef0123456789abcdef,synthetic-2-rest,29,protocol,synthetic-demo-contract-v1,True,-0.019178231928393203,0.02368718435322658,0.04929290028496843,0.09349851556396575,0.12503664465669434,0.1496259646116156,0.19574132271555575,0.2310769272758111
1700000003285000000,13285000000,658,657,657,0,0,,,,0,rest,hold,200.0,dev-0123456789abcdef0123456789abcdef,synthetic-2-rest,29,protocol,synthetic-demo-contract-v1,True,-0.02971041048117872,0.012741653129257059,0.036034510806699296,0.07985517179721528,0.11113705989819049,0.136118038012843,0.18290798060603652,0.21650518932296686
1700000003290000000,13290000000,659,658,658,0,0,,,,0,rest,hold,200.0,dev-0123456789abcdef0123456789abcdef,synthetic-2-rest,29,protocol,synthetic-demo-contract-v1,True,-0.03998509916082628,0.0019135590172823218,0.023048495407733002,0.06637825117034722,0.09743843472843111,0.12288012287337625,0.17026559275453196,0.20213495054272632
1700000003295000000,13295000000,660,659,659,0,0,,,,0,rest,hold,200.0,dev-0123456789abcdef0123456789abcdef,synthetic-2-rest,29,protocol,synthetic-demo-contract-v1,True,-0.049940940263147604,-0.008722954434163785,0.010437824296558984,0.05317313448734701,0.08404611484324812,0.11001337965696248,0.1579121439282909,0.1880743451194479
1700000003300000000,13300000000,661,660,660,0,0,,,,0,rest,hold,200.0,dev-0123456789abcdef0123456789abcdef,synthetic-2-rest,29,protocol,synthetic-demo-contract-v1,True,-0.05951976821429489,-0.019094661027458583,-0.0016979623690094297,0.04034303763984373,0.07106296736859805,0.09761604624557085,0.14594323853915464,0.1744289847607385
1700000003305000000,13305000000,662,661,661,0,0,,,,0,rest,hold,200.0,dev-0123456789abcdef0123456789abcdef,synthetic-2-rest,29,protocol,synthetic-demo-contract-v1,True,-0.0686667351554472,-0.029129732905357378,-0.013263602452706332,0.02798815054884773,0.05858854005722067,0.0857826363496283,0.13445131034968136,0.16130110728401575
1700000003310000000,13310000000,663,662,662,0,0,,,,0,rest,hold,200.0,dev-0123456789abcdef0123456789abcdef,synthetic-2-rest,29,protocol,synthetic-demo-contract-v1,True,-0.07733040392243301,-0.03875822149065387,-0.024168919447856436,0.01620480090412393,0.046718247831484094,0.07460316797218773,0.12352485863359727,0.14878875303796174
1700000003315000000,13315000000,664,663,663,0,0,,,,0,rest,hold,200.0,dev-0123456789abcdef0123456789abcdef,synthetic-2-rest,29,protocol,synthetic-demo-contract-v1,True,-0.08546281483483575,-0.04791253603886176,-0.034329582702602654,0.005084649770974926,0.03554259338075977,0.0641624282878962,0.11324771714505454,0.13698497589146905
1700000003320000000,13320000000,665,664,664,0,0,,,,0,rest,hold,200.0,dev-0123456789abcdef0123456789abcdef,synthetic-2-rest,29,protocol,synthetic-demo-contract-v1,True,-0.09301953288649503,-0.05652791728256301,-0.04366781370085787,-0.005286074129353747,0.02514642824050574,0.054539281001380654,0.10369836197795937,0.12597709523736172
1700000003325000000,13325000000,666,665,665,0,0,,,,0,rest,hold,200.0,dev-0123456789abcdef0123456789abcdef,synthetic-2-rest,29,protocol,synthetic-demo-contract-v1,True,-0.09995968190689794,-0.06454290346052927,-0.052113032353852756,-0.014827294980933443,0.01560826044598243,0.04580602190330325,0.09494926407287144,0.11584599511990361
1700000003330000000,13330000000,667,666,666,0,0,,,,0,rest,hold,200.0,dev-0123456789abcdef0123456789abcdef,synthetic-2-rest,29,protocol,synthetic-demo-contract-v1,True,-0.10624597204461725,-0.07189978584282648,-0.05960243782608206,-0.023465759168075404,0.006999614469011891,0.038027787948749996,0.08706629175741543,0.10666547620673886
1700000003335000000,13335000000,668,667,667,0,0,,,,0,rest,hold,200.0,dev-0123456789abcdef0123456789abcdef,synthetic-2-rest,29,protocol,synthetic-demo-contract-v1,True,-0.11184472651821788,-0.07854505069024512,-0.06608151903544683,-0.03113564762473526,-0.0006155512854854328,0.03126202474495366,0.08010816828980293,0.09850166589057537
1700000003340000000,13340000000,669,668,668,0,0,,,,0,rest,hold,200.0,dev-0123456789abcdef0123456789abcdef,synthetic-2-rest,29,protocol,synthetic-demo-contract-v1,True,-0.1167259129996373,-0.0844298044280335,-0.07150449062442454,-0.03777912603656748,-0.00718136462170796,0.02555801685720514,0.07412598891740117,0.09141249132721263
1700000003345000000,13345000000,670,669,669,0,0,,,,0,rest,hold,200.0,dev-0123456789abcdef0123456789abcdef,synthetic-2-rest,29,protocol,synthetic-demo-contract-v1,True,-0.12086318425663092,-0.08951017867549939,-0.07583465089072973,-0.04334682821557258,-0.012650493047323753,0.020956484827178542,0.06916280146718384,0.08544721969846697
1700000003350000000,13350000000,671,670,670,0,0,,,,0,rest,hold,200.0,dev-0123456789abcdef0123456789abcdef,synthetic-2-rest,29,protocol,synthetic-demo-contract-v1,True,-0.12423393180493214,-0.09374771166017179,-0.07904465888562705,-0.04779826852920929,-0.016984526883648543,0.017489252250870835,0.06525325395634067,0.08064606943529253
1700000003355000000,13355000000,672,671,671,0,0,,,,0,rest,hold,200.0,dev-0123456789abcdef0123456789abcdef,synthetic-2-rest,29,protocol,synthetic-demo-contract-v1,True,-0.1268193553307092,-0.09710970246304687,-0.08111672862883117,-0.05110217986307489,-0.02015428883644524,0.01517898568856624,0.062423312153821776,0.07703989555262582
1700000003360000000,13360000000,673,672,672,0,0,,,,0,rest,hold,200.0,dev-0123456789abcdef0123456789abcdef,synthetic-2-rest,29,protocol,synthetic-demo-contract-v1,True,-0.1286045495659476,-0.0995695344950654,-0.08204273914383044,-0.05323677422380517,-0.022140067479318286,0.014039009581303469,0.06069004944169488,0.07464995163792137
1700000003365000000,13365000000,674,673,673,0,0,,,,0,rest,hold,200.0,dev-0123456789abcdef0123456789abcdef,synthetic-2-rest,29,protocol,synthetic-demo-contract-v1,True,-0.12957860916172714,-0.10110696459895938,-0.08182425977938164,-0.05418992374139816,-0.022931772729891442,0.014073197732196847,0.06006151072375346,0.07348773040503984
1700000003370000000,13370000000,675,674,674,0,0,,,,0,rest,hold,200.0,dev-0123456789abcdef0123456789abcdef,synthetic-2-rest,29,protocol,synthetic-demo-contract-v1,True,-0.12973475093661235,-0.10170837420905537,-0.0804724910446933,-0.05395926050215612,-0.022529012042998134,0.015275942281731854,0.06053665151285058,0.07355488407931958
1700000003375000000,13375000000,676,675,675,0,0,,,,0,rest,hold,200.0,dev-0123456789abcdef0123456789abcdef,synthetic-2-rest,29,protocol,synthetic-demo-contract-v1,True,-0.12907045170996992,-0.10136697908806898,-0.07800812194043334,-0.05255219432921727,-0.02094108669969815,0.017632200468950268,0.062105352703019936,0.07484322522358107
1700000003380000000,13380000000,677,676,676,0,0,,,,0,rest,hold,200.0,dev-0123456789abcdef0123456789abcdef,synthetic-2-rest,29,protocol,synthetic-demo-contract-v1,True,-0.12758759879344858,-0.10008299429717886,-0.07446110550818955,-0.049985848321369944,-0.018186908230637858,0.02111761883053819,0.06474851090280108,0.07733480795391225
1700000003385000000,13385000000,678,677,677,0,0,,,,0,rest,hold,200.0,dev-0123456789abcdef0123456789abcdef,synthetic-2-rest,29,protocol,synthetic-demo-contract-v1,True,-0.12529264913801508,-0.09786375124578325,-0.06987035504065207,-0.04628691265660963,-0.014294835671636762,0.02569873385249519,0.06843820357753781,0.08100208883380489
1700000003390000000,13390000000,679,678,678,0,0,,,,0,rest,hold,200.0,dev-0123456789abcdef0123456789abcdef,synthetic-2-rest,29,protocol,synthetic-demo-contract-v1,True,-0.12219679214752889,-0.0947237639115671,-0.06428336408708585,-0.041491417858824056,-0.009302435002994866,0.031333247459525496,0.07313792762596864,0.0858081660809681
1700000003395000000,13395000000,680,679,679,0,0,,,,0,rest,hold,200.0,dev-0123456789abcdef0123456789abcdef,synthetic-2-rest,29,protocol,synthetic-demo-contract-v1,True,-0.1183161102996062,-0.09068474162015992,-0.0577557540474191,-0.03564442940815574,-0.0032561627664328217,0.03797037511077339,0.07880290940537626,0.09170709507835838
1700000003400000000,13400000000,681,680,680,0,0,,,,0,rest,hold,200.0,dev-0123456789abcdef0123456789abcdef,synthetic-2-rest,29,protocol,synthetic-demo-contract-v1,True,-0.11367173098481274,-0.08577554612620196,-0.05035075376773048,-0.0287996662422293,0.0037890235204507162,0.04555126367206329,0.08538048362494181,0.09864427755487605
1700000003405000000,13405000000,682,681,681,0,0,,,,0,rest,hold,200.0,dev-0123456789abcdef0123456789abcdef,synthetic-2-rest,29,protocol,synthetic-demo-contract-v1,True,-0.108289962407232,-0.08003209114248117,-0.04213861612462344,-0.02101904634081465,0.011770124928026201,0.05400947565938949,0.09281053795375024,0.10655692119699614
1700000003410000000,13410000000,683,682,682,0,0,,,,0,rest,hold,200.0,dev-0123456789abcdef0123456789abcdef,synthetic-2-rest,29,protocol,synthetic-demo-contract-v1,True,-0.10220240600098068,-0.07349718291852014,-0.033195977111093976,-0.012372163205177606,0.020616626854921723,0.06327153590072544,0.10102601964282645,0.11537456587523844
1700000003415000000,13415000000,684,683,683,0,0,,,,0,rest,hold,200.0,dev-0123456789abcdef0123456789abcdef,synthetic-2-rest,29,protocol,synthetic-demo-contract-v1,True,-0.09544603762204999,-0.06622030097111428,-0.023605163407578907,-0.002935697630041722,0.030251086596614598,0.07325753614784021,0.10995349994421684,0.1250196721236148
1700000003420000000,13420000000,685,684,684,0,0,,,,0,rest,hold,200.0,dev-0123456789abcdef0123456789abcdef,synthetic-2-rest,29,protocol,synthetic-demo-contract-v1,True,-0.0880632497824584,-0.058257318612472735,-0.013453454835073417,0.007207230284274758,0.04058977788385326,0.08388179269099053,0.11951379162878176,0.13540826700052827
1700000003425000000,13425000000,686,685,685,0,0,,,,0,rest,hold,200.0,dev-0123456789abcdef0123456789abcdef,synthetic-2-rest,29,protocol,synthetic-demo-contract-v1,True,-0.0801018474091989,-0.049670163501582536,-0.0028323084392941397,0.01796776342401432,0.051543387062202975,0.09505355159101034,0.12962261446197373,0.14645064199016586
1700000003430000000,13430000000,687,686,686,0,0,,,,0,rest,hold,200.0,dev-0123456789abcdef0123456789abcdef,synthetic-2-rest,29,protocol,synthetic-demo-contract-v1,True,-0.07161499003418324,-0.04052641905509082,0.008163448756834689,0.02925205834098617,0.06301775515779529,0.10667773574910837,0.1401913030971636,0.15805209717812746
1700000003435000000,13435000000,688,687,687,0,0,,,,0,rest,hold,200.0,dev-0123456789abcdef0123456789abcdef,synthetic-2-rest,29,protocol,synthetic-demo-contract-v1,True,-0.06266107394900097,-0.03089886818850464,0.019436451072652152,0.040962077989090885,0.07491465969571694,0.11865572768789366,0.15112755149238663,0.17011372555737383
1700000003440000000,13440000000,689,688,688,0,0,,,,0,rest,hold,200.0,dev-0123456789abcdef0123456789abcdef,synthetic-2-rest,29,protocol,synthetic-demo-contract-v1,True,-0.05330354868091699,-0.02086498150939378,0.03088764214619505,0.05299641983062892,0.08713262980944177,0.13088618162057927,0.16233618765158453,0.18253323099358226
1700000003445000000,13445000000,690,689,689,0,0,,,,0,rest,hold,200.0,dev-0123456789abcdef0123456789abcdef,synthetic-2-rest,29,protocol,synthetic-demo-contract-v1,True,-0.04361066315062993,-0.010506352743386493,0.04241713206530379,0.0652511723228664,0.09956778790506444,0.14326585814149173,0.17371997223810517,0.19520577310540732
1700000003450000000,13450000000,691,690,690,0,0,,,,0,rest,hold,200.0,dev-0123456789abcdef0123456789abcdef,synthetic-2-rest,29,protocol,synthetic-demo-contract-v1,True,-0.03365513804016798,9.191516752516012e-05,0.05392505613192093,0.07762079255276223,0.11211471092513102,0.15569047468198516,0.18518041440854188,0.20802483209722494
1700000003455000000,13455000000,692,691,691,0,0,,,,0,rest,hold,200.0,dev-0123456789abcdef0123456789abcdef,synthetic-2-rest,29,protocol,synthetic-demo-contract-v1,True,-0.023513762209414413,0.010841869205308538,0.06531242778635862,0.08999899760639492,0.12466730409524979,0.16805556474308006,0.19661859807046467,0.22088308642132692
1700000003460000000,13460000000,693,692,692,0,0,,,,0,rest,hold,200.0,dev-0123456789abcdef0123456789abcdef,synthetic-2-rest,29,protocol,synthetic-demo-contract-v1,True,-0.013266912426863798,0.021653405934744144,0.07648197833304932,0.10227966214119392,0.1371196799339473,0.18025733884092618,0.20793601167963863,0.23367329604475257
1700000003465000000,13465000000,694,693,693,0,0,,,,0,rest,hold,200.0,dev-0123456789abcdef0123456789abcdef,synthetic-2-rest,29,protocol,synthetic-demo-contract-v1,True,-0.0029979971963873045,0.032435006357238685,0.08733897628855737,0.11435771457445039,0.14936703526305195,0.192193540083974,0.2190353746614744,0.24628918405359762
1700000003470000000,13470000000,695,694,694,0,0,,,,0,rest,hold,200.0,dev-0123456789abcdef0123456789abcdef,synthetic-2-rest,29,protocol,synthetic-demo-contract-v1,True,0.007207172963586118,0.0430945000694147,0.09779201941419913,0.1261300243113459,0.16130651897272794,0.2037642873418213,0.22982145356810227,0.25862630934520375
1700000003475000000,13475000000,696,695,695,0,0,,,,0,rest,hold,200.0,dev-0123456789abcdef0123456789abcdef,synthetic-2-rest,29,protocol,synthetic-demo-contract-v1,True,0.017261084831295792,0.05353985231551893,0.10775379279657908,0.13749627250981994,0.1728380833719926,0.2148728990647503,0.2402018611663903,0.2705829232359113
1700000003480000000,13480000000,697,696,696,0,0,,,,0,rest,hold,200.0,dev-0123456789abcdef0123456789abcdef,synthetic-2-rest,29,protocol,synthetic-demo-contract-v1,True,0.027075285832592923,0.06367996705634421,0.11714178669622786,0.1483597990173365,0.18386531209141763,0.22542669096912243,0.25008783179266164,0.2820608029483376
1700000003485000000,13485000000,698,697,697,0,0,,,,0,rest,hold,200.0,dev-0123456789abcdef0123456789abcdef,synthetic-2-rest,29,protocol,synthetic-demo-contract-v1,True,0.03656120432864911,0.07342549877369159,0.12587896829350395,0.1586284183148995,0.1942962176987009,0.23533774101586696,0.25939496650574706,0.2929660551363499
1700000003490000000,13490000000,699,698,698,0,0,,,,0,rest,hold,200.0,dev-0123456789abcdef0123456789abcdef,synthetic-2-rest,29,protocol,synthetic-demo-contract-v1,True,0.04563101826013059,0.08268966539597855,0.1338944019176723,0.16821519756484435,0.20404400243828932,0.24452361537555536,0.2680439418196996,0.30320988285641676
1700000003495000000,13495000000,700,699,699,0,0,,,,0,rest,hold,200.0,dev-0123456789abcdef0123456789abcdef,synthetic-2-rest,29,protocol,synthetic-demo-contract-v1,True,0.05419856219777875,0.09138905447420055,0.1411238128448276,0.177039190178705,0.2130277758110961,0.25290804939176226,0.27596117609888104,0.3127093096986873
1700000003500000000,13500000000,701,700,700,0,0,,,,0,rest,hold,200.0,dev-0123456789abcdef0123456789abcdef,synthetic-2-rest,29,protocol,synthetic-demo-contract-v1,True,0.06218026161831243,0.09944441456411918,0.1475100902881207,0.18502611869719468,0.22117322306714426,0.26042157792204323,0.283079448048776,0.3213878551475175
1700000003505000000,13505000000,702,701,701,0,0,,,,0,rest,hold,200.0,dev-0123456789abcdef0123456789abcdef,synthetic-2-rest,29,protocol,synthetic-demo-contract-v1,True,0.06949608216106933,0.10678142368529,0.15300372577423876,0.192109001202863,0.22841321908973233,0.26700210984990685,0.28933846213290426,0.32917615564626623
1700000003510000000,13510000000,703,702,702,0,0,,,,0,rest,hold,200.0,dev-0123456789abcdef0123456789abcdef,synthetic-2-rest,29,protocol,synthetic-demo-contract-v1,True,0.07607048075062617,0.11333142673422585,0.1575631836976668,0.19822871596356945,0.23468838260101807,0.2725954420181447,0.29468535618620784,0.3360125262915902
1700000003515000000,13515000000,704,703,703,0,0,,,,0,rest,hold,200.0,dev-0123456789abcdef0123456789abcdef,synthetic-2-rest,29,protocol,synthetic-demo-contract-v1,True,0.08183334481631181,0.11903213383053847,0.16115520146331225,0.20333449952763963,0.23994756611216658,0.27715570833020337,0.29907514697479,0.34184345857457926
1700000003520000000,13520000000,705,704,704,0,0,,,,0,rest,hold,200.0,dev-0123456789abcdef0123456789abcdef,synthetic-2-rest,29,protocol,synthetic-demo-contract-v1,True,0.08672090541935325,0.12382827177277564,0.16375501726265768,0.20738437405486504,0.2441482775721952,0.28064576029773153,0.3024711099667589,0.3466240501156888
1700000003525000000,13525000000,706,705,705,0,0,,,,0,rest,hold,200.0,dev-0123456789abcdef0123456789abcdef,synthetic-2-rest,29,protocol,synthetic-demo-contract-v1,True,0.09067660992649022,0.12767218107526868,0.16534652417290432,0.21034550026667004,0.24725703023407894,0.28303747587474454,0.30484509012502325,0.35031836290324775
1700000003530000000,13530000000,707,706,706,0,0,,,,0,rest,hold,200.0,dev-0123456789abcdef0123456789abcdef,synthetic-2-rest,29,protocol,synthetic-demo-contract-v1,True,0.09365193995456396,0.13052435144762245,0.16592234991666174,0.2121944530286935,0.24924961784986496,0.28431199400737783,0.306177741105631,0.35289970713667856
1700000003535000000,13535000000,708,707,707,0,0,,,,0,rest,hold,200.0,dev-0123456789abcdef0123456789abcdef,synthetic-2-rest,29,protocol,synthetic-demo-contract-v1,True,0.09560716065815474,0.13235388906219522,0.16548386226577605,0.212917417234322,0.25011131292355926,0.2844598729380883,0.3064586908398774,0.3543508483905411
1700000003540000000,13540000000,709,708,708,0,0,,,,0,rest,hold,200.0,dev-0123456789abcdef0123456789abcdef,synthetic-2-rest,29,protocol,synthetic-demo-contract-v1,True,0.0965119880411244,0.13313890952846508,0.1640411007111675,0.21251030233285198,0.24983698638634333,0.28348117092944347,0.30568663209004265,0.35466413644907047
1700000003545000000,13545000000,710,709,709,0,0,,,,0,rest,hold,200.0,dev-0123456789abcdef0123456789abcdef,synthetic-2-rest,29,protocol,synthetic-demo-contract-v1,True,0.09634616183699667,0.13286685115163804,0.16161263564548806,0.21097877453516042,0.24843114770795863,0.281385448710139,0.30386933719214515,0.35384155480775137
1700000003550000000,13550000000,711,710,710,0,0,,,,0,rest,hold,200.0,dev-0123456789abcdef0123456789abcdef,synthetic-2-rest,29,protocol,synthetic-demo-contract-v1,True,0.09509991261157552,0.13153470379010881,0.15822535691165956,0.20833820642719875,0.2459079051155374,0.2781916935893682,0.30102359682937446,0.351894690493344
1700000003555000000,13555000000,712,711,711,0,0,,,,0,rest,hold,200.0,dev-0123456789abcdef0123456789abcdef,synthetic-2-rest,29,protocol,synthetic-demo-contract-v1,True,0.0927743130781863,0.12914914943510383,0.15391419415281357,0.20461354442133217,0.24229084625129022,0.273928165829848,0.29717508331163606,0.3488446245112196
1700000003560000000,13560000000,713,712,712,0,0,,,,0,rest,hold,200.0,dev-0123456789abcdef0123456789abcdef,synthetic-2-rest,29,protocol,synthetic-demo-contract-v1,True,0.08938150516096671,0.12572661150761855,0.14872177195302988,0.19983909517160134,0.23761284025787074,0.2686321685093794,0.2923581394646919,0.34472174388347254
1700000003565000000,13565000000,714,713,713,0,0,,,,0,rest,hold,200.0,dev-0123456789abcdef0123456789abcdef,synthetic-2-rest,29,protocol,synthetic-demo-contract-v1,True,0.08494479606998563,0.1212932107931725,0.14269800327911497,0.19405823276544468,0.23191576292946725,0.26234974273052525,0.2866154948514761,0.3395654768876393
1700000003570000000,13570000000,715,714,714,0,0,,,,0,rest,hold,200.0,dev-0123456789abcdef0123456789abcdef,synthetic-2-rest,29,protocol,synthetic-demo-contract-v1,True,0.0794986185350342,0.1158846269036296,0.13589962521737303,0.18732302917545302,0.2252501472023663,0.25513529065264035,0.2799979116531744,0.33342395373863765
1700000003575000000,13575000000,716,715,715,0,0,,,,0,rest,hold,200.0,dev-0123456789abcdef0123456789abcdef,synthetic-2-rest,29,protocol,synthetic-demo-contract-v1,True,0.07308835235088577,0.10954586515631456,0.12838968144226898,0.17969381110465568,0.21767476187566825,0.24705112941504231,0.27256376312357955,0.32635359557055993
1700000003580000000,13580000000,717,716,716,0,0,,,,0,rest,hold,200.0,dev-0123456789abcdef0123456789abcdef,synthetic-2-rest,29,protocol,synthetic-demo-contract-v1,True,0.0657700064810118,0.10233092978212478,0.1202369562527542,0.1712386469820554,0.20925612204584407,0.23816697958961408,0.2643785480921319,0.31841863516506447
1700000003585000000,13585000000,718,717,717,0,0,,,,0,rest,hold,200.0,dev-0123456789abcdef0123456789abcdef,synthetic-2-rest,29,protocol,synthetic-demo-contract-v1,True,0.057609763112653437,0.09430240540420805,0.11151536536413138,0.16203276845645906,0.20006793530311545,0.22855939234098432,0.2555143455243715,0.30969057343458206
1700000003590000000,13590000000,719,718,718,0,0,,,,0,rest,hold,200.0,dev-0123456789abcdef0123456789abcdef,synthetic-2-rest,29,protocol,synthetic-demo-contract-v1,True,0.048683387215707405,0.0855309497544517,0.1023033089462743,0.15215793129094907,0.19019048826845003,0.21831111997808686,0.24604921364871504,0.30024757619662745
1700000003595000000,13595000000,720,719,719,0,0,,,,0,rest,hold,200.0,dev-0123456789abcdef0123456789abcdef,synthetic-2-rest,29,protocol,synthetic-demo-contract-v1,True,0.039075507292548,0.07609470160391286,0.09268299265100359,0.14170172107296342,0.17970997854296508,0.20751043504824113,0.2360665386214383,0.2901738162659159
1700000003600000000,13600000000,721,720,720,0,0,,,,0,rest,hold,200.0,dev-0123456789abcdef0123456789abcdef,synthetic-2-rest,29,protocol,synthetic-demo-contract-v1,True,0.028878775077204332,0.06607860886279726,0.08273972257113822,0.13075680962157263,0.16871779759267602,0.19625040355009069,0.22565433812365032,0.2795587663397051
1700000003605000000,13605000000,722,721,721,0,0,,,,0,rest,hold,200.0,dev-0123456789abcdef0123456789abcdef,synthetic-2-rest,29,protocol,synthetic-demo-contract-v1,True,0.0181929139125184,0.055573682743121466,0.0725611802202346,0.11942016839007275,0.15730977049696637,0.18462811822115716,0.21490452566126883,0.26849644855501276
1700000003610000000,13610000000,723,722,722,0,0,,,,0,rest,hold,200.0,dev-0123456789abcdef0123456789abcdef,synthetic-2-rest,29,protocol,synthetic-demo-contract-v1,True,0.007123667367142487,0.04467618476085277,0.062236683715105864,0.10779224552512277,0.1455853588457349,0.1727438981864588,0.20391214166858473,0.25708464695096783
1700000003615000000,13615000000,724,723,723,0,0,,,,0,rest,hold,200.0,dev-0123456789abcdef0123456789abcdef,synthetic-2-rest,29,protocol,synthetic-demo-contract-v1,True,-0.004218338683411867,0.033486754172393635,0.05185644138283171,0.09597611355007014,0.1336468333747569,0.16070046153369133,0.19277455779500002,0.24542408937245014
1700000003620000000,13620000000,725,724,724,0,0,,,,0,rest,hold,200.0,dev-0123456789abcdef0123456789abcdef,synthetic-2-rest,29,protocol,synthetic-demo-contract-v1,True,-0.01571880582669862,0.022109484182008893,0.04151080400082933,0.08407659488736478,0.12159842317899168,0.14860207760568186,0.18159066098073515,0.23361760559998684
1700000003625000000,13625000000,726,725,725,0,0,,,,0,rest,hold,200.0,dev-0123456789abcdef0123456789abcdef,synthetic-2-rest,29,protocol,synthetic-demo-contract-v1,True,-0.02726102881739562,0.01065095591210937,0.03128952181364765,0.0721993726209211,0.10954544853724336,0.13655370597026747,0.17046002409876204,0.2217692686835214
1700000003630000000,13630000000,727,726,726,0,0,,,,0,rest,hold,200.0,dev-0123456789abcdef0123456789abcdef,synthetic-2-rest,29,protocol,synthetic-demo-contract-v1,True,-0.0387272003188032,-0.0007807603117681431,0.021281012355010728,0.060450094022428284,0.09759344451721556,0.12466012914008655,0.15948207005556658,0.20998352659263525
1700000003635000000,13635000000,728,727,727,0,0,,,,0,rest,hold,200.0,dev-0123456789abcdef0123456789abcdef,synthetic-2-rest,29,protocol,synthetic-demo-contract-v1,True,-0.0499997370760267,-0.012077126352949687,0.01157164494002534,0.048933474424800796,0.08584728260630982,0.11302508616890694,0.14875523630144427,0.1983643313718542
1700000003640000000,13640000000,729,728,728,0,0,,,,0,rest,hold,200.0,dev-0123456789abcdef0123456789abcdef,synthetic-2-rest,29,protocol,synthetic-demo-contract-v1,True,-0.06096260949033392,-0.02313016997766475,0.0022450474828589594,0.037752409020897826,0.07441029763011706,0.10175041424681162,0.13837614670161602,0.18701427300642226
1700000003645000000,13645000000,730,729,729,0,0,,,,0,rest,hold,200.0,dev-0123456789abcdef0123456789abcdef,synthetic-2-rest,29,protocol,synthetic-demo-contract-v1,True,-0.07150265643249501,-0.03383352030509317,-0.006618558957997147,0.027007100096204807,0.06338342717706232,0.09093520535361899,0.12843879766226132,0.1760337251610375
1700000003650000000,13650000000,731,730,730,0,0,,,,0,rest,hold,200.0,dev-0123456789abcdef0123456789abcdef,synthetic-2-rest,29,protocol,synthetic-demo-contract-v1,True,-0.08151086729736472,-0.044083434295508865,-0.014942992798473446,0.01679420707109106,0.05286437064458519,0.08067498490895665,0.11903376529118952,0.1655200098520191
1700000003655000000,13655000000,732,731,731,0,0,,,,0,rest,hold,200.0,dev-0123456789abcdef0123456789abcdef,synthetic-2-rest,29,protocol,synthetic-demo-contract-v1,True,-0.09088361376033934,-0.053779803588448784,-0.02265670693427407,0.0072060265326853385,0.04294677486042548,0.071060919179413,0.11024744020223314,0.15556658795308745
1700000003660000000,13660000000,733,732,732,0,0,,,,0,rest,hold,200.0,dev-0123456789abcdef0123456789abcdef,synthetic-2-rest,29,protocol,synthetic-demo-contract-v1,True,-0.0995238144410997,-0.06282713113541205,-0.029693341720369904,-0.0016702908200665265,0.033719453013233966,0.06217905796948245,0.10216129634681323,0.14626228221759174
1700000003665000000,13665000000,734,733,733,0,0,,,,0,rest,hold,200.0,dev-0123456789abcdef0123456789abcdef,synthetic-2-rest,29,protocol,synthetic-demo-contract-v1,True,-0.10734201669818835,-0.0711354673260843,-0.03599223190716479,-0.009753479709598039,0.025265643351875786,0.054109618835704636,0.09485119997755696,0.13769053922765312
1700000003670000000,13670000000,735,734,734,0,0,,,,0,rest,hold,200.0,dev-0123456789abcdef0123456789abcdef,synthetic-2-rest,29,protocol,synthetic-demo-contract-v1,True,-0.11425738105178954,-0.07862129568149064,-0.041498863937258025,-0.016968850053606075,0.01766231378449,0.04692631872462078,0.08838676451941486,0.1299287363553571
1700000003675000000,13675000000,736,735,735,0,0,,,,0,rest,hold,200.0,dev-0123456789abcdef0123456789abcdef,synthetic-2-rest,29,protocol,synthetic-demo-contract-v1,True,-0.12019855523892368,-0.08520835867797091,-0.04616528045039518,-0.023248921165748455,0.01097951812946438,0.04069575854783041,0.08283075674628307,0.12304753944567132
1700000003680000000,13680000000,737,736,736,0,0,,,,0,rest,hold,200.0,dev-0123456789abcdef0123456789abcdef,synthetic-2-rest,29,protocol,synthetic-demo-contract-v1,True,-0.1251044266184307,-0.09082841486728734,-0.04995042930612802,-0.028533995042103008,0.0052798093440480694,0.03547686577464375,0.07823855923872111,0.11711031650824842
1700000003685000000,13685000000,738,737,737,0,0,,,,0,rest,hold,200.0,dev-0123456789abcdef0123456789abcdef,synthetic-2-rest,29,protocol,synthetic-demo-contract-v1,True,-0.12892474353207356,-0.09542191916384402,-0.052820454909708096,-0.032772663910191055,0.0006177145859185534,0.03132039964816907,0.07465769363450396,0.11217261223924256
1700000003690000000,13690000000,739,738,738,0,0,,,,0,rest,hold,200.0,dev-0123456789abcdef0123456789abcdef,synthetic-2-rest,29,protocol,synthetic-demo-contract-v1,True,-0.1316205982592975,-0.09893861897199886,-0.054748930112744135,-0.03592224777591505,-0.0029607235475477764,0.02826852311797287,0.07212740868219533,0.10828168768851697
1700000003695000000,13695000000,740,739,739,0,0,,,,0,rest,hold,200.0,dev-0123456789abcdef0123456789abcdef,synthetic-2-rest,29,protocol,synthetic-demo-contract-v1,True,-0.13316476634041347,-0.10133805971544008,-0.05571702745191155,-0.03794915829811005,-0.005418335803945741,0.026354445036013696,0.07067833657294657,0.10547612884645963
1700000003700000000,13700000000,741,740,740,0,0,,,,0,rest,hold,200.0,dev-0123456789abcdef0123456789abcdef,synthetic-2-rest,29,protocol,synthetic-demo-contract-v1,True,-0.13354189924843737,-0.10258999429631754,-0.05571362898256104,-0.03882918594560608,-0.006727141863924528,0.025602135586749945,0.07033222046159707,0.10378552735242036
1700000003705000000,13705000000,742,741,741,0,0,,,,0,rest,hold,200.0,dev-0123456789abcdef0123456789abcdef,synthetic-2-rest,29,protocol,synthetic-demo-contract-v1,True,-0.13274856962445486,-0.10267469204282025,-0.05473537445535779,-0.03854770804233358,-0.006868590116566382,0.02602611732195879,0.07110171549963515,0.10323023592835837
1700000003710000000,13710000000,743,742,742,0,0,,,,0,rest,hold,200.0,dev-0123456789abcdef0123456789abcdef,synthetic-2-rest,29,protocol,synthetic-demo-contract-v1,True,-0.13079317051591577,-0.10158314378798307,-0.052786648069273016,-0.037099815976568085,-0.005833719631975362,0.0276313335507704,0.07299026509448517,0.10382120052156736
1700000003715000000,13715000000,744,743,743,0,0,,,,0,rest,hold,200.0,dev-0123456789abcdef0123456789abcdef,synthetic-2-rest,29,protocol,synthetic-demo-contract-v1,True,-0.12769567223280173,-0.09931716084676592,-0.04987950450962514,-0.034490360535181994,-0.003623242983474712,0.030413095200820514,0.07599205348696884,0.10555987050446088
1700000003720000000,13720000000,745,744,744,0,0,,,,0,rest,hold,200.0,dev-0123456789abcdef0123456789abcdef,synthetic-2-rest,29,protocol,synthetic-demo-contract-v1,True,-0.12348724252542456,-0.09588936680942695,-0.046033535441884335,-0.030733915016922082,-0.00024754922542765713,0.03435710662246543,0.08009203510678793,0.10843818763262836
1700000003725000000,13725000000,746,745,745,0,0,,,,0,rest,hold,200.0,dev-0123456789abcdef0123456789abcdef,synthetic-2-rest,29,protocol,synthetic-demo-contract-v1,True,-0.11820973775385343,-0.09132308223312324,-0.04127567807730171,-0.02585465647437518,0.004273373007937032,0.039439570159975026,0.08526604052972139,0.1124386538100499
1700000003730000000,13730000000,747,746,746,0,0,,,,0,rest,hold,200.0,dev-0123456789abcdef0123456789abcdef,synthetic-2-rest,29,protocol,synthetic-demo-contract-v1,True,-0.11191507452933293,-0.08565210347655032,-0.03563996785197724,-0.01988616612649626,0.009910091657652961,0.04562736866684922,0.09148095822519511,0.11753447705789223
1700000003735000000,13735000000,748,747,747,0,0,,,,0,rest,hold,200.0,dev-0123456789abcdef0123456789abcdef,synthetic-2-rest,29,protocol,synthetic-demo-contract-v1,True,-0.10466449293241117,-0.0789203780703224,-0.02916723766388317,-0.012871150666484945,0.01662396536955176,0.05287832450221009,0.09869499065422209,0.123689794436104
1700000003740000000,13740000000,749,748,748,0,0,,,,0,rest,hold,200.0,dev-0123456789abcdef0123456789abcdef,synthetic-2-rest,29,protocol,synthetic-demo-contract-v1,True,-0.09652772382446902,-0.07118158013497883,-0.021904766490027372,-0.004861086857630359,0.024367453674687435,0.06114153291684046,0.10685798266061411,0.1308599700303958
1700000003745000000,13745000000,750,749,749,0,0,,,,0,rest,hold,200.0,dev-0123456789abcdef0123456789abcdef,synthetic-2-rest,29,protocol,synthetic-demo-contract-v1,True,-0.08758207394668609,-0.062498590435531624,-0.013905880555978032,0.004084207543226524,0.03308450066908274,0.07035776712611266,0.11591181949801171,0.13899196549648293
1700000003750000000,13750000000,751,750,750,0,0,,,,0,rest,hold,200.0,dev-0123456789abcdef0123456789abcdef,synthetic-2-rest,29,protocol,synthetic-demo-contract-v1,True,-0.07791144342571506,-0.05294288668363328,-0.005229510550424171,0.013897072874102964,0.04271098903418134,0.08045995177768873,0.1257908912565407,0.14802478005368913
1700000003755000000,13755000000,752,751,751,0,0,,,,0,rest,hold,200.0,dev-0123456789abcdef0123456789abcdef,synthetic-2-rest,29,protocol,synthetic-demo-contract-v1,True,-0.06760529096571657,-0.04259385065353361,0.004060291333549446,0.024502572418330253,0.05317526065846292,0.09137370095944003,0.1364226199006846,0.15788995624623636
1700000003760000000,13760000000,753,752,752,0,0,,,,0,rest,hold,200.0,dev-0123456789abcdef0123456789abcdef,synthetic-2-rest,29,protocol,synthetic-demo-contract-v1,True,-0.05675756239443783,-0.03153799955484359,0.013894870492659963,0.03581911821435236,0.06439869957061353,0.10301791636209781,0.14772804460879724,0.16851214724745164
1700000003765000000,13765000000,754,753,753,0,0,,,,0,rest,hold,200.0,dev-0123456789abcdef0123456789abcdef,synthetic-2-rest,29,protocol,synthetic-demo-contract-v1,True,-0.04546559834442604,-0.01986814989355191,0.024201520883173046,0.047759152510389216,0.07629637237995324,0.11530544071604557,0.15962246061885466,0.1798097409741653
1700000003770000000,13770000000,755,754,754,0,0,,,,0,rest,hold,200.0,dev-0123456789abcdef0123456789abcdef,synthetic-2-rest,29,protocol,synthetic-demo-contract-v1,True,-0.03382903669205757,-0.00768252274357664,0.03490406341920479,0.06022987908323182,0.08877772094489371,0.12814376116660967,0.17201610633874487,0.19169553581008603
1700000003775000000,13775000000,756,755,755,0,0,,,,0,rest,hold,200.0,dev-0123456789abcdef0123456789abcdef,synthetic-2-rest,29,protocol,synthetic-demo-contract-v1,True,-0.021948724955053442,0.004916200063219104,0.04592344720096575,0.07313403822342193,0.10174730155873857,0.14143575684074086,0.1848148930761095,0.2040774623115644
1700000003780000000,13780000000,757,756,756,0,0,,,,0,rest,hold,200.0,dev-0123456789abcdef0123456789abcdef,synthetic-2-rest,29,protocol,synthetic-demo-contract-v1,True,-0.00992565717634032,0.01782185884677132,0.057178368858688856,0.08637071882500366,0.11510556455792641,0.15508048449369516,0.1979211713860541,0.21685934489062503
1700000003785000000,13785000000,758,757,757,0,0,,,,0,rest,hold,200.0,dev-0123456789abcdef0123456789abcdef,synthetic-2-rest,29,protocol,synthetic-demo-contract-v1,True,0.0021400510837968883,0.030925827749352208,0.06858590521823216,0.09983620070980011,0.12874966792388032,0.1689739958100918,0.21123452772777088,0.2299416971414287
1700000003790000000,13790000000,759,758,758,0,0,,,,0,rest,hold,200.0,dev-0123456789abcdef0123456789abcdef,synthetic-2-rest,29,protocol,synthetic-demo-contract-v1,True,0.01415013714257418,0.04411804459094875,0.08006215445036384,0.11342482006642378,0.14257431816880156,0.1830101796722112,0.22465260486590008,0.24322254420021194
1700000003795000000,13795000000,760,759,759,0,0,,,,0,rest,hold,200.0,dev-0123456789abcdef0123456789abcdef,synthetic-2-rest,29,protocol,synthetic-demo-contract-v1,True,0.02600910377483097,0.05728804821862894,0.0915228808569874,0.1270298506949475,0.15647263157026797,0.19708162250167616,0.23807193925136041,0.2565982653074196
1700000003800000000,13800000000,761,760,760,0,0,,,,0,rest,hold,200.0,dev-0123456789abcdef0123456789abcdef,synthetic-2-rest,29,protocol,synthetic-demo-contract-v1,True,0.037625060236651,0.07032601266676143,0.10288415847351454,0.1405443936210357,0.17033700865139464,0.2110804796306053,0.25138880847124817,0.26996444957618837
1700000003805000000,13805000000,762,761,761,0,0,,,,0,rest,hold,200.0,dev-0123456789abcdef0123456789abcdef,synthetic-2-rest,29,protocol,synthetic-demo-contract-v1,True,0.048910483576126956,0.08312376757392716,0.11406300872611572,0.15386226757917162,0.18406001469372452,0.2248993505659455,0.2645000817692233,0.2832167578646492
1700000003810000000,13810000000,763,762,762,0,0,,,,0,rest,hold,200.0,dev-0123456789abcdef0123456789abcdef,synthetic-2-rest,29,protocol,synthetic-demo-contract-v1,True,0.059782893752607494,0.09557579455013873,0.1249780274747833,0.1668788928640929,0.19753525902009772,0.23843215097698628,0.2773040666075771,0.29625178360181126
1700000003815000000,13815000000,764,763,763,0,0,,,,0,rest,hold,200.0,dev-0123456789abcdef0123456789abcdef,synthetic-2-rest,29,protocol,synthetic-demo-contract-v1,True,0.07016543782098165,0.10758018955028571,0.13554999689660854,0.1794921611124931,0.2106582657947573,0.25157497426117864,0.2897013442700268,0.3089679054283001
1700000003820000000,13820000000,765,764,764,0,0,,,,0,rest,hold,200.0,dev-0123456789abcdef0123456789abcdef,synthetic-2-rest,29,protocol,synthetic-demo-contract-v1,True,0.07998738019512096,0.11903958178101014,0.1457024778169351,0.19160328370283933,0.22332732915780992,0.2642269356271367,0.30159558759002425,0.3212661245838416
1700000003825000000,13825000000,766,765,765,0,0,,,,0,rest,hold,200.0,dev-0123456789abcdef0123456789abcdef,synthetic-2-rest,29,protocol,synthetic-demo-contract-v1,True,0.08918449774960795,0.1298620002417417,0.15536237827762714,0.2031176116487999,0.2354443456404402,0.2762909917755457,0.3128943540324457,0.33305088010265266
1700000003830000000,13830000000,767,766,766,0,0,,,,0,rest,hold,200.0,dev-0123456789abcdef0123456789abcdef,synthetic-2-rest,29,protocol,synthetic-demo-contract-v1,True,0.09769938021696169,0.1399616796680889,0.16446049433960874,0.21394542010939274,0.246915616994662,0.2876747294572522,0.32350984755556206,0.3442308350644938
1700000003835000000,13835000000,768,767,767,0,0,,,,0,rest,hold,200.0,dev-0123456789abcdef0123456789abcdef,synthetic-2-rest,29,protocol,synthetic-demo-contract-v1,True,0.10548163795632087,0.14925979839822173,0.17293201934945515,0.22400265094459473,0.25765261681558427,0.29829111644168815,0.333359642933791,0.3547196273917441
1700000003840000000,13840000000,769,768,768,0,0,,,,0,rest,hold,200.0,dev-0123456789abcdef0123456789abcdef,synthetic-2-rest,29,protocol,synthetic-demo-contract-v1,True,0.1124880206784204,0.15768514151000612,0.18071701815503488,0.23321160710600888,0.2675727146329868,0.30805920873574405,0.3423673665276853,0.36443657897929116
1700000003845000000,13845000000,770,769,769,0,0,,,,0,rest,hold,200.0,dev-0123456789abcdef0123456789abcdef,synthetic-2-rest,29,protocol,synthetic-demo-contract-v1,True,0.11868245208312117,0.16517468346755393,0.18776086303103037,0.24150159306519092,0.27659985150005667,0.3169048082508181,0.3504633278434644,0.3733073572918932
1700000003850000000,13850000000,771,770,770,0,0,,,,0,rest,hold,200.0,dev-0123456789abcdef0123456789abcdef,synthetic-2-rest,29,protocol,synthetic-demo-contract-v1,True,0.12403598657540962,0.17167408545885704,0.19401462836945113,0.24880949594378718,0.28466516150746524,0.3247610655210492,0.3575850966272023,0.3812645839600197
1700000003855000000,13855000000,772,771,771,0,0,,,,0,rest,hold,200.0,dev-0123456789abcdef0123456789abcdef,synthetic-2-rest,29,protocol,synthetic-demo-contract-v1,True,0.128526695253259,0.17713810358924034,0.1994354415009234,0.2550803025158563,0.2917075340973837,0.33156902252546916,0.36367802068532357,0.38824838534682515
1700000003860000000,13860000000,773,772,772,0,0,,,,0,rest,hold,200.0,dev-0123456789abcdef0123456789abcdef,synthetic-2-rest,29,protocol,synthetic-demo-contract-v1,True,0.13213948918959895,0.18153090510588155,0.20398678733725084,0.26026754779913014,0.2976741125406683,0.33727809115714086,0.3686956801095045,0.3942068805420204
1700000003865000000,13865000000,774,773,773,0,0,,,,0,rest,hold,200.0,dev-0123456789abcdef0123456789abcdef,synthetic-2-rest,29,protocol,synthetic-demo-contract-v1,True,0.13486588864916454,0.18482629085412267,0.2076387648624166,0.26433369153399616,0.30252072446745354,0.34184646340941816,0.37260027410659635,0.3990966027591399
1700000003870000000,13870000000,775,774,774,0,0,,,,0,rest,hold,200.0,dev-0123456789abcdef0123456789abcdef,synthetic-2-rest,29,protocol,synthetic-demo-contract-v1,True,0.1367037472819535,0.187007823194031,0.21036829384552025,0.267250419461574,0.30621224090228955,0.345241449908856,0.3753629371883706,0.4028828506666268
1700000003875000000,13875000000,776,775,775,0,0,,,,0,rest,hold,200.0,dev-0123456789abcdef0123456789abcdef,synthetic-2-rest,29,protocol,synthetic-demo-contract-v1,True,0.13765694051603508,0.18806885962321873,0.2121592705028885,0.26899886695019876,0.30872286084515654,0.34743974401143485,0.3769639820571975,0.4055399667657037
1700000003880000000,13880000000,777,776,776,0,0,,,,0,rest,hold,200.0,dev-0123456789abcdef0123456789abcdef,synthetic-2-rest,29,protocol,synthetic-demo-contract-v1,True,0.13773502733594928,0.18801249334725406,0.21300267119561356,0.26956976317752235,0.3100363190543489,0.34842760928887406,0.3773930671274565,0.40705154053437625
1700000003885000000,13885000000,778,777,777,0,0,,,,0,rest,hold,200.0,dev-0123456789abcdef0123456789abcdef,synthetic-2-rest,29,protocol,synthetic-demo-contract-v1,True,0.1369528943859135,0.18685140300040154,0.21289660361076065,0.2689634947476193,0.3101460153211858,0.34820098885981055,0.3766492872434906,0.40741053468201543
1700000003890000000,13890000000,779,778,778,0,0,,,,0,rest,hold,200.0,dev-0123456789abcdef0123456789abcdef,synthetic-2-rest,29,protocol,synthetic-demo-contract-v1,True,0.13533039089112295,0.18460761463604627,0.21184630523738004,0.2671900883032961,0.3090550641746203,0.34676553566142043,0.3747411867882043,0.4066193334976897
1700000003895000000,13895000000,780,779,779,0,0,,,,0,rest,hold,200.0,dev-0123456789abcdef0123456789abcdef,synthetic-2-rest,29,protocol,synthetic-demo-contract-v1,True,0.13289196226129224,0.18131217996776172,0.209864089310069,0.26426911237742695,0.3067762646106854,0.34413656340537296,0.3716866950167047,0.40468971292240813
1700000003900000000,13900000000,781,780,780,0,0,,,,0,rest,hold,200.0,dev-0123456789abcdef0123456789abcdef,synthetic-2-rest,29,protocol,synthetic-demo-contract-v1,True,0.12966628944779784,0.17700477563933573,0.20696923875109935,0.2602294994078011,0.30333199010191664,0.3403389186124977,0.36751298409141,0.40164273262536404
1700000003905000000,13905000000,782,781,781,0,0,,,,0,rest,hold,200.0,dev-0123456789abcdef0123456789abcdef,synthetic-2-rest,29,protocol,synthetic-demo-contract-v1,True,0.12568594019227453,0.17173322902694105,0.20318784899503015,0.2551092895118994,0.29875399979999345,0.33540677476790026,0.36225625093352415,0.397508551011741
1700000003910000000,13910000000,783,782,782,0,0,,,,0,rest,hold,200.0,dev-0123456789abcdef0123456789abcdef,synthetic-2-rest,29,protocol,synthetic-demo-contract-v1,True,0.1209870372560246,0.1655529767218786,0.1985526209252666,0.24895529827553772,0.2930831724953753,0.32938335027712784,0.355961424635385,0.39232616472927156
1700000003915000000,13915000000,784,783,783,0,0,,,,0,rest,hold,200.0,dev-0123456789abcdef0123456789abcdef,synthetic-2-rest,29,protocol,synthetic-demo-contract-v1,True,0.11560894758415875,0.1585264624020303,0.1931026054883255,0.24182271144689435,0.2863691655353445,0.32232055252915337,0.3486818017937776,0.38614307486726995
1700000003920000000,13920000000,785,784,784,0,0,,,,0,rest,hold,200.0,dev-0123456789abcdef0123456789abcdef,synthetic-2-rest,29,protocol,synthetic-demo-contract-v1,True,0.10959399516562823,0.15072248126962476,0.18688290187675252,0.23377461003968628,0.27867000152130345,0.31427855097824586,0.34047861272073876,0.3790148826500544
1700000003925000000,13925000000,786,785,785,0,0,,,,0,rest,hold,200.0,dev-0123456789abcdef0123456789abcdef,synthetic-2-rest,29,protocol,synthetic-demo-contract-v1,True,0.10298719913085409,0.14221547860874878,0.1799443114839292,0.22488142993104163,0.2700515862023044,0.3053252827392578,0.33142052206073297,0.3710048180115183
1700000003930000000,13930000000,787,786,786,0,0,,,,0,rest,hold,200.0,dev-0123456789abcdef0123456789abcdef,synthetic-2-rest,29,protocol,synthetic-demo-contract-v1,True,0.09583603741347091,0.13308481029618327,0.1723429501317474,0.2152203605860758,0.26058716154973294,0.2955358947447322,0.32158306788666946,0.3621832049942808
1700000003935000000,13935000000,788,787,787,0,0,,,,0,rest,hold,200.0,dev-0123456789abcdef0123456789abcdef,synthetic-2-rest,29,protocol,synthetic-demo-contract-v1,True,0.08819023512223059,0.12341397328273328,0.16413982135358682,0.20487468804767422,0.25035669853302,0.2849921270328587,0.31104804385742624,0.35262686844064833
1700000003940000000,13940000000,789,788,788,0,0,,,,0,rest,hold,200.0,dev-0123456789abcdef0123456789abcdef,synthetic-2-rest,29,protocol,synthetic-demo-contract-v1,True,0.08010157565298305,0.11328981414991153,0.1554003537787957,0.19393308779240848,0.23944623461397155,0.27378164221857726,0.29990282949230396,0.3424184869293535
1700000003945000000,13945000000,790,789,789,0,0,,,,0,rest,hold,200.0,dev-0123456789abcdef0123456789abcdef,synthetic-2-rest,29,protocol,synthetic-demo-contract-v1,True,0.07162373154652335,0.10280172384026606,0.1461939059093523,0.18248887346790016,0.22794716143350344,0.2619973066418889,0.2882396740490503,0.33164589735752653
1700000003950000000,13950000000,791,790,790,0,0,,,,0,rest,hold,200.0,dev-0123456789abcdef0123456789abcdef,synthetic-2-rest,29,protocol,synthetic-demo-contract-v1,True,0.06281211119155648,0.09204082656187562,0.13659324180326662,0.17063920788995995,0.21595546857559694,0.24973642908418564,0.27615493987832185,0.32040135696801664
1700000003955000000,13955000000,792,791,791,0,0,,,,0,rest,hold,200.0,dev-0123456789abcdef0123456789abcdef,synthetic-2-rest,29,protocol,synthetic-demo-contract-v1,True,0.053723716705648676,0.08109917068264046,0.12667398138124356,0.15848428298641293,0.20357094965569023,0.237099963291813,0.26374831146539296,0.3087807689746316
1700000003960000000,13960000000,793,792,792,0,0,,,,0,rest,hold,200.0,dev-0123456789abcdef0123456789abcdef,synthetic-2-rest,29,protocol,synthetic-demo-contract-v1,True,0.044417007720155305,0.07006892916318527,0.11651402925202076,0.1461264756262506,0.19089637729157521,0.22419168084335053,0.2511219766568684,0.2968828782392687
1700000003965000000,13965000000,794,793,793,0,0,,,,0,rest,hold,200.0,dev-0123456789abcdef0123456789abcdef,synthetic-2-rest,29,protocol,synthetic-demo-contract-v1,True,0.03495176536308349,0.05904161673444486,0.10619298610639384,0.1336694864654199,0.17803665377145964,0.21111732114063003,0.23837978680353802,0.2848084437026168
1700000003970000000,13970000000,795,794,794,0,0,,,,0,rest,hold,200.0,dev-0123456789abcdef0123456789abcdef,synthetic-2-rest,29,protocol,synthetic-demo-contract-v1,True,0.025388950488247134,0.04810733061446289,0.09579154685943678,0.12121746907287281,0.1650979444342912,0.19798372549154789,0.2256264027286262,0.2726593944622979
1700000003975000000,13975000000,796,795,795,0,0,,,,0,rest,hold,200.0,dev-0123456789abcdef0123456789abcdef,synthetic-2-rest,29,protocol,synthetic-demo-contract-v1,True,0.015790550146687725,0.03735402108606146,0.08539088982373369,0.1088741566712262,0.15218680091983783,0.18489796238347048,0.21296643355179845,0.2605379765271771
1700000003980000000,13980000000,797,796,796,0,0,,,,0,rest,hold,200.0,dev-0123456789abcdef0123456789abcdef,synthetic-2-rest,29,protocol,synthetic-demo-contract-v1,True,0.006219406439745244,0.026866797731196594,0.0750720612728904,0.09674199383514141,0.13940928152934087,0.17196645111855652,0.2005035754625096,0.24854589735310748
1700000003985000000,13985000000,798,797,797,0,0,,,,0,rest,hold,200.0,dev-0123456789abcdef0123456789abcdef,synthetic-2-rest,29,protocol,synthetic-demo-contract-v1,True,-0.0032609777697484264,0.016727276547705353,0.06491535980353083,0.08492128043738773,0.12687007596112146,0.15929409099602412,0.18833975754106563,0.23678347528298554
1700000003990000000,13990000000,799,798,798,0,0,,,,0,rest,hold,200.0,dev-0123456789abcdef0123456789abcdef,synthetic-2-rest,29,protocol,synthetic-demo-contract-v1,True,-0.012586661287752893,0.007012972568643978,0.05499972492473795,0.07350933501790052,0.11467164164897632,0.1469834031810084,0.17657430167190974,0.22534880097236323
1700000003995000000,13995000000,800,799,799,0,0,,,,0,rest,hold,200.0,dev-0123456789abcdef0123456789abcdef,synthetic-2-rest,29,protocol,synthetic-demo-contract-v1,True,-0.021693519460497045,-0.0022032580270894752,0.04540213429626646,0.06259968457630655,0.10291335883510798,0.13513369229580316,0.16530310348179447,0.21433691778160163
1700000004000000000,14000000000,801,800,800,0,0,,,,0,rest,hold,200.0,dev-0123456789abcdef0123456789abcdef,synthetic-2-rest,29,protocol,synthetic-demo-contract-v1,True,-0.030517534926571763,-0.010853722972681267,0.03619701400035233,0.052281287554715075,0.09169071135422767,0.12384023460756692,0.15461784106631668,0.20383902795723416
1700000004005000000,14005000000,802,801,801,0,0,,,,0,rest,hold,200.0,dev-0123456789abcdef0123456789abcdef,synthetic-2-rest,29,protocol,synthetic-demo-contract-v1,True,-0.03899512668736506,-0.018876343456013966,0.02745566616657464,0.04263779648729742,0.0810944998928081,0.11319349946847754,0.1446052180433012,0.19394173121032438
1700000004010000000,14010000000,803,802,802,0,0,,,,0,rest,hold,200.0,dev-0123456789abcdef0123456789abcdef,synthetic-2-rest,29,protocol,synthetic-demo-contract-v1,True,-0.04706351881321655,-0.026215046118412588,0.019245718174939024,0.03374686644878229,0.07121009421890794,0.1032784103915549,0.1353462471924732,0.1847263020298448
1700000004015000000,14015000000,804,803,803,0,0,,,,0,rest,hold,200.0,dev-0123456789abcdef0123456789abcdef,synthetic-2-rest,29,protocol,synthetic-demo-contract-v1,True,-0.05466114888922226,-0.03282009612674204,0.01163059753937589,0.025679515038553827,0.06211673055584549,0.09417365182025092,0.12691558061010502,0.17626801174678697
1700000004020000000,14020000000,805,804,804,0,0,,,,0,rest,hold,200.0,dev-0123456789abcdef0123456789abcdef,synthetic-2-rest,29,protocol,synthetic-demo-contract-v1,True,-0.06172811502627935,-0.03864837056443465,0.004669036422397958,0.018499539193864885,0.05388685989977809,0.08595102727495198,0.11938089192743104,0.16863550099237265
1700000004025000000,14025000000,806,805,805,0,0,,,,0,rest,hold,200.0,dev-0123456789abcdef0123456789abcdef,synthetic-2-rest,29,protocol,synthetic-demo-contract-v1,True,-0.0682066589494724,-0.04366357199040321,-0.0015853904475837052,0.012262993638786704,0.04658555266024056,0.07867487413804015,0.11280231571590482,0.16189020777466323
1700000004030000000,14030000000,807,806,806,0,0,,,,0,rest,hold,200.0,dev-0123456789abcdef0123456789abcdef,synthetic-2-rest,29,protocol,synthetic-demo-contract-v1,True,-0.07404168135856463,-0.047836382586661924,-0.00708469089133716,0.007017735248921063,0.04026996453718362,0.07240153987437531,0.10723194873411791,0.15608585593533245
1700000004035000000,14035000000,808,807,807,0,0,,,,0,rest,hold,200.0,dev-0123456789abcdef0123456789abcdef,synthetic-2-rest,29,protocol,synthetic-demo-contract-v1,True,-0.07918128446571512,-0.051144559849795324,-0.011786840094230975,0.0028030370502294313,0.03498886804199708,0.06717892397991998,0.10271341716436747,0.15126800824633144
1700000004040000000,14040000000,809,808,808,0,0,,,,0,rest,hold,200.0,dev-0123456789abcdef0123456789abcdef,synthetic-2-rest,29,protocol,synthetic-demo-contract-v1,True,-0.08357733538511583,-0.05357297527310852,-0.015656122048186602,-0.0003507250216130131,0.03078225352757087,0.06304608941186482,0.0992815134456032,0.14747368786878587
1700000004045000000,14045000000,810,809,809,0,0,,,,0,rest,hold,200.0,dev-0123456789abcdef0123456789abcdef,synthetic-2-rest,29,protocol,synthetic-demo-contract-v1,True,-0.08718604290875265,-0.05511359791122928,-0.01866342482877578,-0.0024223100921695545,0.027681003018041522,0.06003294668337848,0.09696190573816936,0.14473107132809818
1700000004050000000,14050000000,811,810,810,0,0,,,,0,rest,hold,200.0,dev-0123456789abcdef0123456789abcdef,synthetic-2-rest,29,protocol,synthetic-demo-contract-v1,True,-0.08996853918098538,-0.05576542511373768,-0.020786487221189805,-0.003399773177492179,0.02570663952736623,0.05816001320980147,0.09577092245920754,0.1430592555647242
1700000004055000000,14055000000,812,811,811,0,0,,,,0,rest,hold,200.0,dev-0123456789abcdef0123456789abcdef,synthetic-2-rest,29,protocol,synthetic-demo-contract-v1,True,-0.09189145690922891,-0.05553436305686935,-0.02201009453514421,-0.0032805476514362972,0.024871153932099172,0.05743824987551045,0.09571541371058524,0.14246810100425497
1700000004060000000,14060000000,813,812,812,0,0,,,,0,rest,hold,200.0,dev-0123456789abcdef0123456789abcdef,synthetic-2-rest,29,protocol,synthetic-demo-contract-v1,True,-0.09292749204286464,-0.05443305999103768,-0.02232622179449884,-0.002071448791602577,0.025176910822955638,0.05786897615694746,0.09679269078891609,0.14295815195844908
1700000004065000000,14065000000,814,813,813,0,0,,,,0,rest,hold,200.0,dev-0123456789abcdef0123456789abcdef,synthetic-2-rest,29,protocol,synthetic-demo-contract-v1,True,-0.09305594133860598,-0.05248069535646641,-0.0217341228505685,0.0002114014912841227,0.026616634107193067,0.05944386449260694,0.09899054432481985,0.1445206350259373
1700000004070000000,14070000000,815,814,814,0,0,,,,0,rest,hold,200.0,dev-0123456789abcdef0123456789abcdef,synthetic-2-rest,29,protocol,synthetic-demo-contract-v1,True,-0.0922632039250319,-0.04970272810011264,-0.02024036434664962,0.0035427279736551776,0.02917347247490927,0.062145013940403324,0.10228734095131588,0.14713753551278663
1700000004075000000,14075000000,816,815,815,0,0,,,,0,rest,hold,200.0,dev-0123456789abcdef0123456789abcdef,synthetic-2-rest,29,protocol,synthetic-demo-contract-v1,True,-0.09054323589487355,-0.046130607655658504,-0.017858803852901343,0.007888332067775642,0.03282114418250779,0.06594510251215038,0.1066521977545049,0.15078175124435925
1700000004080000000,14080000000,817,816,816,0,0,,,,0,rest,hold,200.0,dev-0123456789abcdef0123456789abcdef,synthetic-2-rest,29,protocol,synthetic-demo-contract-v1,True,-0.08789794709936107,-0.041801451126860956,-0.014610511892967248,0.013205396336438045,0.03752415995124613,0.07080761692920402,0.1120452331187765,0.15541732249629314
1700000004085000000,14085000000,818,817,817,0,0,,,,0,rest,hold,200.0,dev-0123456789abcdef0123456789abcdef,synthetic-2-rest,29,protocol,synthetic-demo-contract-v1,True,-0.08433752969823835,-0.03675769024590711,-0.010523637993995529,0.01944286088877212,0.04323812213338802,0.07668715790796535,0.11841789194898814,0.16099973613931923
1700000004090000000,14090000000,819,818,818,0,0,,,,0,rest,hold,200.0,dev-0123456789abcdef0123456789abcdef,synthetic-2-rest,29,protocol,synthetic-demo-contract-v1,True,-0.07988070863081426,-0.031046691666237386,-0.0056332213072901455,0.026541868373579667,0.049910097668353616,0.08352981846412422,0.12571334263857578,0.16747630147525655
1700000004095000000,14095000000,820,819,819,0,0,,,,0,rest,hold,200.0,dev-0123456789abcdef0123456789abcdef,synthetic-2-rest,29,protocol,synthetic-demo-contract-v1,True,-0.07455490501161571,-0.024720354097783184,1.9053235136661873e-05,0.03443627371669838,0.05747906174158369,0.09127363212531636,0.133866942560427,0.17478659464499616
1700000004100000000,14100000000,821,820,820,0,0,,,,0,rest,hold,200.0,dev-0123456789abcdef0123456789abcdef,synthetic-2-rest,29,protocol,synthetic-demo-contract-v1,True,-0.06839630450794056,-0.01783468570632816,0.006385151845348858,0.043053214212574645,0.06587640847470741,0.09984908736825208,0.14280676829151284,0.1828629679186054
1700000004105000000,14105000000,822,821,821,0,0,,,,0,rest,hold,200.0,dev-0123456789abcdef0123456789abcdef,synthetic-2-rest,29,protocol,synthetic-demo-contract-v1,True,-0.06144982401043644,-0.010449365082880673,0.013411040088867985,0.052313735081851935,0.07502652442174727,0.10917970405295851,0.1524542062473184,0.19163111963749105
1700000004110000000,14110000000,823,822,822,0,0,,,,0,rest,hold,200.0,dev-0123456789abcdef0123456789abcdef,synthetic-2-rest,29,protocol,synthetic-demo-contract-v1,True,-0.05376897134177265,-0.002627288948758459,0.021037080174643223,0.06213346515053629,0.08484742012719002,0.1191826671181304,0.1627245989025422,0.20101072007343734
1700000004115000000,14115000000,824,823,823,0,0,,,,0,rest,hold,200.0,dev-0123456789abcdef0123456789abcdef,synthetic-2-rest,29,protocol,synthetic-demo-contract-v1,True,-0.04541559433863485,0.0055658903969386,0.029198474724146564,0.0724233368958975,0.09525141452201316,0.12976951233180828,0.17352794131442,0.21091608800340544
1700000004120000000,14120000000,825,824,824,0,0,,,,0,rest,hold,200.0,dev-0123456789abcdef0123456789abcdef,synthetic-2-rest,29,protocol,synthetic-demo-contract-v1,True,-0.03645951736109396,0.01406223505318396,0.037825754033711904,0.08309034474307492,0.10614586649718741,0.14084685846459527,0.1847696222482133,0.22125691237615575
1700000004125000000,14125000000,826,825,825,0,0,,,,0,rest,hold,200.0,dev-0123456789abcdef0123456789abcdef,synthetic-2-rest,29,protocol,synthetic-demo-contract-v1,True,-0.026978065100344582,0.022791996262192585,0.046845303475968096,0.09403833518725552,0.1174339476043208,0.15231717987183718,0.19635120383427182,0.2319390130704829
1700000004130000000,14130000000,827,826,826,0,0,,,,0,rest,hold,200.0,dev-0123456789abcdef0123456789abcdef,synthetic-2-rest,29,protocol,synthetic-demo-contract-v1,True,-0.01705547543767602,0.03168409145288139,0.05617992733738237,0.10516882206189537,0.1290154494933203,0.16407961313986769,0.20817123336583498,0.24286513441839006
1700000004135000000,14135000000,828,827,827,0,0,,,,0,rest,hold,200.0,dev-0123456789abcdef0123456789abcdef,synthetic-2-rest,29,protocol,synthetic-demo-contract-v1,True,-0.006782205019586419,0.04066658129217092,0.06574944506243174,0.11638182007557646,0.14078761940983214,0.17603079117209514,0.22012608057883182,0.25393576489239633
1700000004140000000,14140000000,829,828,828,0,0,,,,0,rest,hold,200.0,dev-0123456789abcdef0123456789abcdef,synthetic-2-rest,29,protocol,synthetic-demo-contract-v1,True,0.00374586688006274,0.04966714462738074,0.07547131557395474,0.12757668960046514,0.15264601684334797,0.18806569786586042,0.23211079354180608,0.26504997613684184
1700000004145000000,14145000000,830,829,829,0,0,,,,0,rest,hold,200.0,dev-0123456789abcdef0123456789abcdef,synthetic-2-rest,29,protocol,synthetic-demo-contract-v1,True,0.014428328776450075,0.05861354936556129,0.08526128506658161,0.13865298561488515,0.16448538424203285,0.20007853636235906,0.24401996612737226,0.27610627436024004
1700000004150000000,14150000000,831,830,830,0,0,,,,0,rest,hold,200.0,dev-0123456789abcdef0123456789abcdef,synthetic-2-rest,29,protocol,synthetic-demo-contract-v1,True,0.025161212449566612,0.0674341174834654,0.09503405342856187,0.1495113036817709,0.17620052459397606,0.21196360374086246,0.2557486099376313,0.28700345700078256
1700000004155000000,14155000000,832,831,831,0,0,,,,0,rest,hold,200.0,dev-0123456789abcdef0123456789abcdef,synthetic-2-rest,29,protocol,synthetic-demo-contract-v1,True,0.035838042589442246,0.07605818249210204,0.10470395423948797,0.16005411588389382,0.18768717861778553,0.22361616497604536,0.26719302351568164,0.29764146753104126
1700000004160000000,14160000000,833,832,832,0,0,,,,0,rest,hold,200.0,dev-0123456789abcdef0123456789abcdef,synthetic-2-rest,29,protocol,synthetic-demo-contract-v1,True,0.046350948197591155,0.08441653778988965,0.11418564311954904,0.17018658973506465,0.19884289430848773,0.23493331898363362,0.27825165169391153,0.3079222412809019
1700000004165000000,14165000000,834,833,833,0,0,,,,0,rest,hold,200.0,dev-0123456789abcdef0123456789abcdef,synthetic-2-rest,29,protocol,synthetic-demo-contract-v1,True,0.056591821986839895,0.0924418744268717,0.12339478907238725,0.1798173832432647,0.20956788164775403,0.24581484964498165,0.2888259280072243,0.3177505352299434
1700000004170000000,14170000000,835,834,834,0,0,,,,0,rest,hold,200.0,dev-0123456789abcdef0123456789abcdef,synthetic-2-rest,29,protocol,synthetic-demo-contract-v1,True,0.06645351288380735,0.10006920686820688,0.13224876337013522,0.188859409515239,0.21976584540988411,0.2561640548249045,0.29882109323497236,0.3270347348510928
1700000004175000000,14175000000,836,835,835,0,0,,,,0,rest,hold,200.0,dev-0123456789abcdef0123456789abcdef,synthetic-2-rest,29,protocol,synthetic-demo-contract-v1,True,0.07583103583167485,0.10723628538806075,0.14066732047747776,0.19723056456064195,0.2293447891757996,0.2658885465781631,0.30814698332813745,0.3356876312754629
1700000004180000000,14180000000,837,836,836,0,0,,,,0,rest,hold,200.0,dev-0123456789abcdef0123456789abcdef,synthetic-2-rest,29,protocol,synthetic-demo-contract-v1,True,0.08462278243585972,0.11388399374556533,0.14857326550285543,0.20485441227491086,0.23821778390497608,0.274901015976877,0.316718780226559,0.3436271622921872
1700000004185000000,14185000000,838,837,837,0,0,,,,0,rest,hold,200.0,dev-0123456789abcdef0123456789abcdef,synthetic-2-rest,29,protocol,synthetic-demo-contract-v1,True,0.09273171560772553,0.11995673079402072,0.15589310270031081,0.21166082095093663,0.24630369470793442,0.2831199562820033,0.32445771937287726,0.35077711099493153
1700000004190000000,14190000000,839,838,838,0,0,,,,0,rest,hold,200.0,dev-0123456789abcdef0123456789abcdef,synthetic-2-rest,29,protocol,synthetic-demo-contract-v1,True,0.10006653125231957,0.12540277465473293,0.16255765962545515,0.21758654608691014,0.25352785980701253,0.29047033852427856,0.3312917480826806,0.3570677562359401
1700000004195000000,14195000000,840,839,839,0,0,,,,0,rest,hold,200.0,dev-0123456789abcdef0123456789abcdef,synthetic-2-rest,29,protocol,synthetic-demo-contract-v1,True,0.10654277022130894,0.13017462805051663,0.16850268167404073,0.22257575471798674,0.2598227160679902,0.296884233951053,0.3371561293314132,0.36243646944626307
1700000004200000000,14200000000,841,840,840,0,0,,,,0,rest,hold,200.0,dev-0123456789abcdef0123456789abcdef,synthetic-2-rest,29,protocol,synthetic-demo-contract-v1,True,0.11208386421220715,0.13422934334396125,0.17366939190147707,0.22658048699857325,0.2651283659263611,0.3023013782319234,0.34199398596452574,0.3668282528238266
1700000004205000000,14205000000,842,841,841,0,0,,,,0,rest,hold,200.0,dev-0123456789abcdef0123456789abcdef,synthetic-2-rest,29,protocol,synthetic-demo-contract-v1,True,0.1166221000348655,0.13752882576568148,0.1780050112358479,0.22956105129580523,0.26939308101600984,0.30666967279441026,0.34575678082448524,0.37019621437558575
1700000004210000000,14210000000,843,842,842,0,0,,,,0,rest,hold,200.0,dev-0123456789abcdef0123456789abcdef,synthetic-2-rest,29,protocol,synthetic-demo-contract-v1,True,0.12009948767603357,0.1400401132520797,0.18146323445477183,0.2314863496186855,0.27257373833083576,0.30994561917727786,0.34840472881269224,0.3725019758222321
1700000004215000000,14215000000,844,843,843,0,0,,,,0,rest,hold,200.0,dev-0123456789abcdef0123456789abcdef,synthetic-2-rest,29,protocol,synthetic-demo-contract-v1,True,0.12246851885729068,0.1417356312448805,0.18400465759640738,0.23233413079644047,0.27463618530702616,0.31209468283908365,0.3499071374616448,0.3737160099293485
1700000004220000000,14220000000,845,844,844,0,0,,,,0,rest,hold,200.0,dev-0123456789abcdef0123456789abcdef,synthetic-2-rest,29,protocol,synthetic-demo-contract-v1,True,0.12369280428090129,0.14259342074060802,0.1855971528154802,0.23209116942906044,0.2755555308007401,0.31309158343878335,0.3502426731783987,0.3738179044130708
1700000004225000000,14225000000,846,845,845,0,0,,,,0,rest,hold,200.0,dev-0123456789abcdef0123456789abcdef,synthetic-2-rest,29,protocol,synthetic-demo-contract-v1,True,0.12374757946757281,0.14259733782193393,0.18621618707426071,0.23075336925747383,0.27531635954799194,0.312920509208843,0.34939955092960495,0.37279655017628816
1700000004230000000,14230000000,847,846,846,0,0,,,,0,rest,hold,200.0,dev-0123456789abcdef0123456789abcdef,synthetic-2-rest,29,protocol,synthetic-demo-contract-v1,True,0.122620070981209,0.14173722285925677,0.1858450814735281,0.22832579023512156,0.27391286832550404,0.3115752536644319,0.34737564576619295,0.3706502522582284
1700000004235000000,14235000000,848,847,847,0,0,,,,0,rest,hold,200.0,dev-0123456789abcdef0123456789abcdef,synthetic-2-rest,29,protocol,synthetic-demo-contract-v1,True,0.12030971687649611,0.14000903754468783,0.18447520847688853,0.22482259922151587,0.27134892267799365,0.30905927352972246,0.34417852522694337,0.36738676252070634
1700000004240000000,14240000000,849,848,848,0,0,,,,0,rest,hold,200.0,dev-0123456789abcdef0123456789abcdef,synthetic-2-rest,29,protocol,synthetic-demo-contract-v1,True,0.116828237360601,0.13741496791634455,0.1821061247601766,0.2202669448563003,0.2676380337334425,0.30538566740889656,0.3398254023094863,0.363023233743083
1700000004245000000,14245000000,850,849,849,0,0,,,,0,rest,hold,200.0,dev-0123456789abcdef0123456789abcdef,synthetic-2-rest,29,protocol,synthetic-demo-contract-v1,True,0.11219955389321866,0.13396349155274948,0.17874563792255152,0.21469075780406038,0.26280325528793863,0.30057707537983064,0.3343430093493413,0.35758609544971975
1700000004250000000,14250000000,851,850,850,0,0,,,,0,rest,hold,200.0,dev-0123456789abcdef0123456789abcdef,synthetic-2-rest,29,protocol,synthetic-demo-contract-v1,True,0.10645955722094146,0.12966940716904893,0.17440980582345017,0.2081344781803816,0.25687700200023544,0.29466550033726246,0.32776739379710734,0.351110852443005
1700000004255000000,14255000000,852,851,851,0,0,,,,0,rest,hold,200.0,dev-0123456789abcdef0123456789abcdef,synthetic-2-rest,29,protocol,synthetic-demo-contract-v1,True,0.09965572711289569,0.12455382493208567,0.16912286785565428,0.20064671257324387,0.24990079018779332,0.28769205255419594,0.3201436375254834,0.34364180765651225
1700000004260000000,14260000000,853,852,852,0,0,,,,0,rest,hold,200.0,dev-0123456789abcdef0123456789abcdef,synthetic-2-rest,29,protocol,synthetic-demo-contract-v1,True,0.09184660879522097,0.11864411593291756,0.16291710802501733,0.19228382365581723,0.24192490335540734,0.2797066195601421,0.31152550192619227,0.335231711571236
1700000004265000000,14265000000,854,853,853,0,0,,,,0,rest,hold,200.0,dev-0123456789abcdef0123456789abcdef,synthetic-2-rest,29,protocol,synthetic-demo-contract-v1,True,0.08310115323327774,0.1119738194152653,0.15583265027719503,0.1831094559421834,0.2330079852092209,0.2707674640472694,0.3019750016668565,0.32594134104784717
1700000004270000000,14270000000,855,854,854,0,0,,,,0,rest,hold,200.0,dev-0123456789abcdef0123456789abcdef,synthetic-2-rest,29,protocol,synthetic-demo-contract-v1,True,0.0734979304450701,0.10458250655814572,0.14791718708636067,0.17319400176199026,0.22321656350795807,0.2609407531057305,0.29156191056452047,0.31583901101459083
1700000004275000000,14275000000,856,855,855,0,0,,,,0,rest,hold,200.0,dev-0123456789abcdef0123456789abcdef,synthetic-2-rest,29,protocol,synthetic-demo-contract-v1,True,0.06312422691182956,0.09651559985118884,0.13922564289532213,0.16261401201916018,0.21262450867452595,0.25030002265240336,0.2803632035908906,0.30500002300882795
1700000004280000000,14280000000,857,856,856,0,0,,,,0,rest,hold,200.0,dev-0123456789abcdef0123456789abcdef,synthetic-2-rest,29,protocol,synthetic-demo-contract-v1,True,0.052075039849549275,0.08782414738177198,0.1298197745657404,0.15145155674956207,0.2013124316300872,0.238925581448465,0.26846243954995513,0.29350605509574934
1700000004285000000,14285000000,858,857,857,0,0,,,,0,rest,hold,200.0,dev-0123456789abcdef0123456789abcdef,synthetic-2-rest,29,protocol,synthetic-demo-contract-v1,True,0.040451982589334544,0.07856455167312576,0.11976771155613322,0.13979354089936735,0.18936702581478956,0.22690385959622172,0.25594908945706524,0.281444498176052
1700000004290000000,14290000000,859,858,858,0,0,,,,0,rest,hold,200.0,dev-0123456789abcdef0123456789abcdef,synthetic-2-rest,29,protocol,synthetic-demo-contract-v1,True,0.028362116559677287,0.06879825307021276,0.10914343908902795,0.12773098110639267,0.17688035882049521,0.214326706860449,0.24291781609586294,0.26890774414139346
1700000004295000000,14295000000,860,859,859,0,0,,,,0,rest,hold,200.0,dev-0123456789abcdef0123456789abcdef,synthetic-2-rest,29,protocol,synthetic-demo-contract-v1,True,0.015916726349344136,0.058591368062640155,0.09802622809179401,0.11535824957808331,0.16394911947710214,0.20129064657027373,0.22946771063178525,0.2559924317383531
1700000004300000000,14300000000,861,860,860,0,0,,,,0,rest,hold,200.0,dev-0123456789abcdef0123456789abcdef,synthetic-2-rest,29,protocol,synthetic-demo-contract-v1,True,0.003230055039809084,0.04801428335783733,0.08650001619358721,0.1027722914196541,0.15067382660219847,0.18789609122121775,0.21570149251517737,0.24279865635532738
1700000004305000000,14305000000,862,861,861,0,0,,,,0,rest,hold,200.0,dev-0123456789abcdef0123456789abcdef,synthetic-2-rest,29,protocol,synthetic-demo-contract-v1,True,-0.009581982579871454,0.03714120696870428,0.07465274452844395,0.09007182197203509,0.13715800594056093,0.17424652621020983,0.2017246792101493,0.22942915024909266
1700000004310000000,14310000000,863,862,862,0,0,,,,0,rest,hold,200.0,dev-0123456789abcdef0123456789abcdef,synthetic-2-rest,29,protocol,synthetic-demo-contract-v1,True,-0.022403091170503667,0.026049678052974767,0.06257565552734363,0.07735651087023762,0.12350734208292151,0.16044766839673652,0.18764473253485253,0.21598843997630682
1700000004315000000,14315000000,864,863,863,0,0,,,,0,rest,hold,200.0,dev-0123456789abcdef0123456789abcdef,synthetic-2-rest,29,protocol,synthetic-demo-contract-v1,True,-0.03511787278660861,0.014820037730904912,0.050362557275624255,0.06472615962745236,0.10982881236032303,0.14660660638871853,0.1735701885927808,0.202581987987917
1700000004320000000,14320000000,865,864,864,0,0,,,,0,rest,hold,200.0,dev-0123456789abcdef0123456789abcdef,synthetic-2-rest,29,protocol,synthetic-demo-contract-v1,True,-0.047613074466614544,0.0035348636070913157,0.03810906036220602,0.05227987958784513,0.09622980985938812,0.13283092960033027,0.15960977841124033,0.18931532547953023
1700000004325000000,14325000000,866,865,865,0,0,,,,0,rest,hold,200.0,dev-0123456789abcdef0123456789abcdef,synthetic-2-rest,29,protocol,synthetic-demo-contract-v1,True,-0.059778789050900435,-0.007721628775404391,0.025911793450095706,0.04011527707172033,0.08281726279397916,0.11922785321987728,0.14587154648143302,0.1762931836674087
1700000004330000000,14330000000,867,866,866,0,0,,,,0,rest,hold,200.0,dev-0123456789abcdef0123456789abcdef,synthetic-2-rest,29,protocol,synthetic-demo-contract-v1,True,-0.07150959379118729,-0.018864213822437585,0.013867604049929858,0.02832765246054872,0.06969675749901066,0.1059033462580174,0.1324619744137209,0.16361863067695168
1700000004335000000,14335000000,868,867,867,0,0,,,,0,rest,hold,200.0,dev-0123456789abcdef0123456789abcdef,synthetic-2-rest,29,protocol,synthetic-demo-contract-v1,True,-0.08270561253677099,-0.029807308905296502,0.002072751177008572,0.017009219837277628,0.056971672282523755,0.09296126981996575,0.1194851168816066,0.15139222118834275
1700000004340000000,14340000000,869,868,868,0,0,,,,0,rest,hold,200.0,dev-0123456789abcdef0123456789abcdef,synthetic-2-rest,29,protocol,synthetic-demo-contract-v1,True,-0.09327348872064038,-0.040465647827517846,-0.009377903285297192,0.0062483536105261295,0.04474232928269359,0.0805025326600107,0.10704175692899798,0.13971116588270321
1700000004345000000,14345000000,870,869,869,0,0,,,,0,rest,hold,200.0,dev-0123456789abcdef0123456789abcdef,synthetic-2-rest,29,protocol,synthetic-demo-contract-v1,True,-0.10312725799325487,-0.05075496962423999,-0.020391697608728405,-0.0038711316884785414,0.033105171328045496,0.06862427093348915,0.0952285875583198,0.12866852757251251
1700000004350000000,14350000000,871,870,870,0,0,,,,0,rest,hold,200.0,dev-0123456789abcdef0123456789abcdef,synthetic-2-rest,29,protocol,synthetic-demo-contract-v1,True,-0.11218911113228905,-0.06059271717292273,-0.030878960698759925,-0.01327066253805814,0.022151970592856784,0.057419058861334187,0.084137426303103,0.11835245068335955
1700000004355000000,14355000000,872,871,871,0,0,,,,0,rest,hold,200.0,dev-0123456789abcdef0123456789abcdef,synthetic-2-rest,29,protocol,synthetic-demo-contract-v1,True,-0.1203900397586789,-0.06989873973379741,-0.04075378313426122,-0.021877542927991593,0.011969075577478025,0.046974156767328384,0.07385446921982211,0.10884543048230365
1700000004360000000,14360000000,873,872,872,0,0,,,,0,rest,hold,200.0,dev-0123456789abcdef0123456789abcdef,synthetic-2-rest,29,protocol,synthetic-demo-contract-v1,True,-0.1276703593770303,-0.07859599322844364,-0.049934761972166515,-0.029625541056066473,0.0026367026270318816,0.03737080264013443,0.06445959041191393,0.10022362812322387
1700000004365000000,14365000000,874,873,873,0,0,,,,0,rest,hold,200.0,dev-0123456789abcdef0123456789abcdef,synthetic-2-rest,29,protocol,synthetic-demo-contract-v1,True,-0.1339801062945519,-0.0866112318121717,-0.0583457126809192,-0.03645542147033,-0.005771722165593909,0.028683553013708563,0.0560256928268938,0.09255623720433932
1700000004370000000,14370000000,875,874,874,0,0,,,,0,rest,hold,200.0,dev-0123456789abcdef0123456789abcdef,synthetic-2-rest,29,protocol,synthetic-demo-contract-v1,True,-0.1392793070194984,-0.09387568410675479,-0.06591634178707768,-0.04231541837253689,-0.01319016524233155,0.020979678553785054,0.0486181156483105,0.08590490711066608
1700000004375000000,14375000000,876,875,875,0,0,,,,0,rest,hold,200.0,dev-0123456789abcdef0123456789abcdef,synthetic-2-rest,29,protocol,synthetic-demo-contract-v1,True,-0.14353812076036354,-0.10032570734022858,-0.07258287409980596,-0.0471616462971388,-0.019560527078680036,0.01431861928798875,0.04229410314128985,0.08032322794789397
1700000004380000000,14380000000,877,876,876,0,0,,,,0,rest,hold,200.0,dev-0123456789abcdef0123456789abcdef,synthetic-2-rest,29,protocol,synthetic-demo-contract-v1,True,-0.14673685760418972,-0.10590341259462932,-0.0782886287160928,-0.05095844490897505,-0.024833118430839497,0.008751503926664784,0.03710233930758523,0.0758562813680537
1700000004385000000,14385000000,878,877,877,0,0,,,,0,rest,hold,200.0,dev-0123456789abcdef0123456789abcdef,synthetic-2-rest,29,protocol,synthetic-demo-contract-v1,True,-0.14886587681183913,-0.11055725439477297,-0.08298453840327392,-0.05367865521731657,-0.02896706740208059,0.004320737194578177,0.03308255216732538,0.07254026104537074
1700000004390000000,14390000000,879,878,878,0,0,,,,0,rest,hold,200.0,dev-0123456789abcdef0123456789abcdef,synthetic-2-rest,29,protocol,synthetic-demo-contract-v1,True,-0.149925371397455,-0.11424257798433156,-0.08662960740175829,-0.055303825079259655,-0.03193065397021702,0.0010596585346880627,0.030265190914572693,0.07040216598747095
1700000004395000000,14395000000,880,879,879,0,0,,,,0,rest,hold,200.0,dev-0123456789abcdef0123456789abcdef,synthetic-2-rest,29,protocol,synthetic-demo-contract-v1,True,-0.1499250467293363,-0.11692211783147641,-0.08919130318642243,-0.055824342456885855,-0.03370156921681951,-0.001007725041223902,0.028671178596999837,0.06945956926727277
1700000004400000000,14400000000,881,880,880,0,0,,,,0,rest,hold,200.0,dev-0123456789abcdef0123456789abcdef,synthetic-2-rest,29,protocol,synthetic-demo-contract-v1,True,-0.14888370227421033,-0.11856644118598017,-0.09064587826595687,-0.05523949549511625,-0.03426709712034831,-0.0018669297893322261,0.02831174235139087,0.06972046413944893
1700000004405000000,14405000000,882,881,881,0,0,,,,0,rest,hold,200.0,dev-0123456789abcdef0123456789abcdef,synthetic-2-rest,29,protocol,synthetic-demo-contract-v1,True,-0.14682872678460912,-0.11915433087254033,-0.09097861868116139,-0.05355745909576695,-0.03362421741459813,-0.0015131082188983413,0.029188322591316037,0.0711831888673619
1700000004410000000,14410000000,883,882,882,0,0,,,,0,rest,hold,200.0,dev-0123456789abcdef0123456789abcdef,synthetic-2-rest,29,protocol,synthetic-demo-contract-v1,True,-0.14379551818228103,-0.11867310194957517,-0.09018401648087403,-0.050795208272867806,-0.03177962866540761,4.891667417031981e-05,0.03129256189649128,0.07383643093718092
1700000004415000000,14415000000,884,883,883,0,0,,,,0,rest,hold,200.0,dev-0123456789abcdef0123456789abcdef,synthetic-2-rest,29,protocol,synthetic-demo-contract-v1,True,-0.1398268401065936,-0.11711884738612009,-0.08826586410268865,-0.04697835917979929,-0.028749691377163718,0.002804696178889128,0.03460637370027014,0.07765931068078984
1700000004420000000,14420000000,885,884,884,0,0,,,,0,rest,hold,200.0,dev-0123456789abcdef0123456789abcdef,synthetic-2-rest,29,protocol,synthetic-demo-contract-v1,True,-0.13497212756785312,-0.11449660850770789,-0.08523726925920246,-0.042140939295200595,-0.02456029160074627,0.006730279251192893,0.03910209021783304,0.08262154367352716
1700000004425000000,14425000000,886,885,885,0,0,,,,0,rest,hold,200.0,dev-0123456789abcdef0123456789abcdef,synthetic-2-rest,29,protocol,synthetic-demo-contract-v1,True,-0.1292867543685542,-0.1108204666301476,-0.08112058962335948,-0.03632508883701501,-0.019246626170791835,0.011792413466808616,0.04474268840827914,0.08868368062216632
1700000004430000000,14430000000,887,886,886,0,0,,,,0,rest,hold,200.0,dev-0123456789abcdef0123456789abcdef,synthetic-2-rest,29,protocol,synthetic-demo-contract-v1,True,-0.12283127493293092,-0.10611355303163489,-0.0759472873123036,-0.02958069603762601,-0.012852911347048983,0.017948821869346158,0.05148209212435956,0.09579742281824309
1700000004435000000,14435000000,888,887,887,0,0,,,,0,rest,hold,200.0,dev-0123456789abcdef0123456789abcdef,synthetic-2-rest,29,protocol,synthetic-demo-contract-v1,True,-0.1156706529239264,-0.10040797520137922,-0.06975770388170167,-0.021964969453264337,-0.005432017266859981,0.025148553415758307,0.05926554797922135,0.10390601060711196
1700000004440000000,14440000000,889,888,888,0,0,,,,0,rest,hold,200.0,dev-0123456789abcdef0123456789abcdef,synthetic-2-rest,29,protocol,synthetic-demo-contract-v1,True,-0.10787348853855933,-0.09374465813859034,-0.06260075725520187,-0.0135419509932506,0.0029549687718335334,0.033332404118200654,0.06803007185543779,0.1129446817191835
1700000004445000000,14445000000,890,889,889,0,0,,,,0,rest,hold,200.0,dev-0123456789abcdef0123456789abcdef,synthetic-2-rest,29,protocol,synthetic-demo-contract-v1,True,-0.09951125567387702,-0.08617310035010756,-0.05453356271998128,-0.00438197383507085,0.012239246590129944,0.042433405402199594,0.0777049624027119,0.12284119573161574
1700000004450000000,14450000000,891,890,890,0,0,,,,0,rest,hold,200.0,dev-0123456789abcdef0123456789abcdef,synthetic-2-rest,29,protocol,synthetic-demo-contract-v1,True,-0.09065755926644106,-0.07775104509822815,-0.04562098081261631,0.005438930164138912,0.02234487080598488,0.052377375650673366,0.08821237732174006,0.13351642038111183
1700000004455000000,14455000000,892,891,891,0,0,,,,0,rest,hold,200.0,dev-0123456789abcdef0123456789abcdef,synthetic-2-rest,29,protocol,synthetic-demo-contract-v1,True,-0.0813874220524369,-0.06854406837188308,-0.03593509559325942,0.015839668543933164,0.033189377222459765,0.06308353038622562,0.09946796771726098,0.14488497493589428
1700000004460000000,14460000000,893,892,892,0,0,,,,0,rest,hold,200.0,dev-0123456789abcdef0123456789abcdef,synthetic-2-rest,29,protocol,synthetic-demo-contract-v1,True,-0.07177660879975832,-0.058625085983031955,-0.025554627453806142,0.026734766426473863,0.0446844627541679,0.07446514606458729,0.11138156532764591,0.15685592536174606
1700000004465000000,14465000000,894,893,893,0,0,,,,0,rest,hold,200.0,dev-0123456789abcdef0123456789abcdef,synthetic-2-rest,29,protocol,synthetic-demo-contract-v1,True,-0.06190099475722914,-0.04807378311473441,-0.01456428522128325,0.03803507911672032,0.05673671327781382,0.08643027201388202,0.12385791700522879,0.16933352558697096
1700000004470000000,14470000000,895,894,894,0,0,,,,0,rest,hold,200.0,dev-0123456789abcdef0123456789abcdef,synthetic-2-rest,29,protocol,synthetic-demo-contract-v1,True,-0.05183598368042332,-0.03697597055599561,-0.0030540628949251372,0.049648533152589165,0.06924837339729117,0.098882484661293,0.1367974604346733,0.18221799878796455
1700000004475000000,14475000000,896,895,895,0,0,,,,0,rest,hold,200.0,dev-0123456789abcdef0123456789abcdef,synthetic-2-rest,29,protocol,synthetic-demo-contract-v1,True,-0.04165597936064424,-0.025422872739576708,0.008881513111296356,0.06148088962182348,0.08211815176798261,0.11172167784383441,0.15009713473909395,0.19540635228389613
1700000004480000000,14480000000,897,896,896,0,0,,,,0,rest,hold,200.0,dev-0123456789abcdef0123456789abcdef,synthetic-2-rest,29,protocol,synthetic-demo-contract-v1,True,-0.031433913136226566,-0.013510353540943307,0.021144179864880562,0.0734365233950274,0.0952420553315206,0.12484488270607581,0.16365121933815358,0.20879321934850636
1700000004485000000,14485000000,898,897,897,0,0,,,,0,rest,hold,200.0,dev-0123456789abcdef0123456789abcdef,synthetic-2-rest,29,protocol,synthetic-demo-contract-v1,True,-0.021240828435729865,-0.001338086587951287,0.03363277016422535,0.08541921181006805,0.10851424557390456,0.1381471104473855,0.17735219419143192,0.22227172102173187
1700000004490000000,14490000000,899,898,898,0,0,,,,0,rest,hold,200.0,dev-0123456789abcdef0123456789abcdef,synthetic-2-rest,29,protocol,synthetic-demo-contract-v1,True,-0.011145522022516778,0.010991322438911223,0.046244073984602826,0.09733292628237573,0.12182790973824115,0.15152221099626798,0.1910916143856685,0.23573434083539013
1700000004495000000,14495000000,900,899,899,0,0,,,,0,rest,hold,200.0,dev-0123456789abcdef0123456789abcdef,synthetic-2-rest,29,protocol,synthetic-demo-contract-v1,True,-0.0012142403093607368,0.02337325337739081,0.05887372165559363,0.10908262030913754,0.13507613980023403,0.16486374056140607,0.20476099190768277,0.24907380525716463
1700000004500000000,14500000000,901,900,900,0,0,,,,0,rest,hold,200.0,dev-0123456789abcdef0123456789abcdef,synthetic-2-rest,29,protocol,synthetic-demo-contract-v1,True,0.008489572082059867,0.03570202030968345,0.07141708106242849,0.12057500738271083,0.14815281195074256,0.17806583093896933,0.2182526773866771,0.2621839626063757
1700000004505000000,14505000000,902,901,901,0,0,,,,0,rest,hold,200.0,dev-0123456789abcdef0123456789abcdef,synthetic-2-rest,29,protocol,synthetic-demo-contract-v1,True,0.01790547540381252,0.04787184224062015,0.08377016099005163,0.13171932242929557,0.16095345932587476,0.19102405344424458,0.23146073459078512,0.27496065320403534
1700000004510000000,14510000000,903,902,902,0,0,,,,0,rest,hold,200.0,dev-0123456789abcdef0123456789abcdef,synthetic-2-rest,29,protocol,synthetic-demo-contract-v1,True,0.026976194301836235,0.059777826134190234,0.09583051262597171,0.14242806054191626,0.17337613078111497,0.20363627038267548,0.24428180052303414,0.2873025635883201
1700000004515000000,14515000000,904,903,903,0,0,,,,0,rest,hold,200.0,dev-0123456789abcdef0123456789abcdef,synthetic-2-rest,29,protocol,synthetic-demo-contract-v1,True,0.035647739305884364,0.07131695242850852,0.10749812120776232,0.152617686980801,0.18532222862162565,0.21580346708073592,0.25661592408103157,0.2991120577544784
1700000004520000000,14520000000,905,904,904,0,0,,,,0,rest,hold,200.0,dev-0123456789abcdef0123456789abcdef,synthetic-2-rest,29,protocol,synthetic-demo-contract-v1,True,0.04386949637333291,0.08238905297208798,0.11867627984399162,0.16220931266722177,0.196697318374889,0.2274305576595612,0.2683673764214004,0.31029597856403085
1700000004525000000,14525000000,906,905,905,0,0,,,,0,rest,hold,200.0,dev-0123456789abcdef0123456789abcdef,synthetic-2-rest,29,protocol,synthetic-demo-contract-v1,True,0.05159429092816356,0.09289777126018758,0.12927243765374977,0.17112932969677663,0.20741190392308795,0.2384271579528208,0.2794454264031019,0.3207664127106576
1700000004530000000,14530000000,907,906,906,0,0,,,,0,rest,hold,200.0,dev-0123456789abcdef0123456789abcdef,synthetic-2-rest,29,protocol,synthetic-demo-contract-v1,True,0.05877843299423876,0.1027514949014384,0.13919901455909717,0.1793100017421684,0.2173821615990005,0.24870831924297218,0.2897650747711923,0.330441412927265
1700000004535000000,14535000000,908,907,907,0,0,,,,0,rest,hold,200.0,dev-0123456789abcdef0123456789abcdef,synthetic-2-rest,29,protocol,synthetic-demo-contract-v1,True,0.06538174998014308,0.11186425041298126,0.14837417532539202,0.18669000460081858,0.2265306271883444,0.2581952168145396,0.2992477410819386,0.33924567146795775
1700000004540000000,14540000000,909,908,908,0,0,,,,0,rest,hold,200.0,dev-0123456789abcdef0123456789abcdef,synthetic-2-rest,29,protocol,synthetic-demo-contract-v1,True,0.07136761343585807,0.12015655072665395,0.15672255577473893,0.1932149125659384,0.23478683017078072,0.26681578769684067,0.3078218977588683,0.34711113929728205
1700000004545000000,14545000000,910,909,909,0,0,,,,0,rest,hold,200.0,dev-0123456789abcdef0123456789abcdef,synthetic-2-rest,29,protocol,synthetic-demo-contract-v1,True,0.07670296567804696,0.127556186187236,0.16417593449486934,0.19883762675716962,0.24208786996774193,0.2745053123883583,0.3154236461038619,0.3539775858636525
1700000004550000000,14550000000,911,910,910,0,0,,,,0,rest,hold,200.0,dev-0123456789abcdef0123456789abcdef,synthetic-2-rest,29,protocol,synthetic-demo-contract-v1,True,0.08135835158409917,0.13399895033317233,0.1706738438265382,0.20351874203492587,0.24837892944450154,0.2812069358174572,0.32199722956444066,0.35979309482091204
1700000004555000000,14555000000,912,911,911,0,0,,,,0,rest,hold,200.0,dev-0123456789abcdef0123456789abcdef,synthetic-2-rest,29,protocol,synthetic-demo-contract-v1,True,0.08530796010227894,0.1394292923655542,0.1761641144329052,0.20722684963685373,0.2536137214323521,0.28687212329541295,0.32749548007389817,0.36451449158733745
1700000004560000000,14560000000,913,912,912,0,0,,,,0,rest,hold,200.0,dev-0123456789abcdef0123456789abcdef,synthetic-2-rest,29,protocol,synthetic-demo-contract-v1,True,0.08852967913711371,0.14380088892622345,0.18060334832992336,0.20993877321115323,0.2577548645901833,0.29146104775370046,0.33188019383068323,0.36810769919085057
1700000004565000000,14565000000,914,913,913,0,0,,,,0,rest,hold,200.0,dev-0123456789abcdef0123456789abcdef,synthetic-2-rest,29,protocol,synthetic-demo-contract-v1,True,0.09100516646929276,0.1470771286130303,0.18395731588234446,0.21163973647531653,0.26077418550855025,0.2949429051237111,0.33512243346292286,0.3705480194380821
1700000004570000000,14570000000,915,914,914,0,0,,,,0,rest,hold,200.0,dev-0123456789abcdef0123456789abcdef,synthetic-2-rest,29,protocol,synthetic-demo-contract-v1,True,0.09271993828427187,0.14923150355072112,0.18620127294004069,0.21232346129561722,0.2626529445687279,0.2972961553089265,0.3372027541284574,0.37182033705848183
1700000004575000000,14575000000,916,915,915,0,0,,,,0,rest,hold,200.0,dev-0123456789abcdef0123456789abcdef,synthetic-2-rest,29,protocol,synthetic-demo-contract-v1,True,0.09366347574178052,0.15024790329956342,0.18732019499780028,0.2119921955576275,0.26338198369913457,0.2985086868121133,0.33811135172518747,0.37191924510772234
1700000004580000000,14580000000,917,916,916,0,0,,,,0,rest,hold,200.0,dev-0123456789abcdef0123456789abcdef,synthetic-2-rest,29,protocol,synthetic-demo-contract-v1,True,0.09382934884933616,0.15012080740971814,0.18730892600220958,0.2106566707764825,0.26296179481677323,0.2985779037083629,0.33784813202587194,0.37084909056210336
1700000004585000000,14585000000,918,917,917,0,0,,,,0,rest,hold,200.0,dev-0123456789abcdef0123456789abcdef,synthetic-2-rest,29,protocol,synthetic-demo-contract-v1,True,0.0932153557370574,0.14885537400557713,0.18617224019483863,0.20833598997274635,0.26140250839658424,0.2975107342935407,0.3364227002004324,0.3686239396921136
1700000004590000000,14590000000,919,918,918,0,0,,,,0,rest,hold,200.0,dev-0123456789abcdef0123456789abcdef,synthetic-2-rest,29,protocol,synthetic-demo-contract-v1,True,0.09182367429905071,0.1464674228982236,0.18392481616466264,0.2050574469108438,0.25872380227144953,0.2953235613817208,0.33385427084202907,0.36526746346339567
1700000004595000000,14595000000,920,919,919,0,0,,,,0,rest,hold,200.0,dev-0123456789abcdef0123456789abcdef,synthetic-2-rest,29,protocol,synthetic-demo-contract-v1,True,0.08966102209821553,0.1429833128626344,0.18059112307717598,0.20085627835742853,0.2549547314245709,0.29204207486913814,0.33017149926526973,0.36081274387160206
1700000004600000000,14600000000,921,920,920,0,0,,,,0,rest,hold,200.0,dev-0123456789abcdef0123456789abcdef,synthetic-2-rest,29,protocol,synthetic-demo-contract-v1,True,0.08673881945501236,0.1384397138656801,0.17620521984559387,0.19577535156222228,0.2501334801886321,0.28770104782080846,0.32541223549057746,0.35530200276864865
1700000004605000000,14605000000,922,921,921,0,0,,,,0,rest,hold,200.0,dev-0123456789abcdef0123456789abcdef,synthetic-2-rest,29,protocol,synthetic-demo-contract-v1,True,0.08307334978311186,0.13288327617757978,0.17081046880338982,0.18986478968932577,0.2443070389071465,0.28234403796399915,0.3196232029626311,0.34878625537626184
1700000004610000000,14610000000,923,922,922,0,0,,,,0,rest,hold,200.0,dev-0123456789abcdef0123456789abcdef,synthetic-2-rest,29,protocol,synthetic-demo-contract-v1,True,0.07868591051992864,0.12637019942943484,0.16445916621971768,0.18318153842856721,0.2375308077374047,0.2760230170850141,0.31285960466773227,0.34132489130324317
1700000004615000000,14615000000,924,923,923,0,0,,,,0,rest,hold,200.0,dev-0123456789abcdef0123456789abcdef,synthetic-2-rest,29,protocol,synthetic-demo-contract-v1,True,0.07360294744876347,0.11896570577909424,0.15721209276259945,0.17578887749004188,0.22986813087629482,0.2687979314172437,0.30518465990984206,0.3329851864803899
1700000004620000000,14620000000,925,924,924,0,0,,,,0,rest,hold,200.0,dev-0123456789abcdef0123456789abcdef,synthetic-2-rest,29,protocol,synthetic-demo-contract-v1,True,0.06785616483902598,0.1107434224036048,0.14913798775192122,0.16775588112687723,0.2213897650650549,0.2607361966743184,0.29666907557304134,0.3238417499966497
1700000004625000000,14625000000,926,925,925,0,0,,,,0,rest,hold,200.0,dev-0123456789abcdef0123456789abcdef,synthetic-2-rest,29,protocol,synthetic-demo-contract-v1,True,0.061482603655130676,0.10178467953593817,0.1403129517481566,0.1591568322378287,0.2121732867718795,0.25191213191774664,0.28739045623453824,0.3139759103570358
1700000004630000000,14630000000,927,926,926,0,0,,,,0,rest,hold,200.0,dev-0123456789abcdef0123456789abcdef,synthetic-2-rest,29,protocol,synthetic-demo-contract-v1,True,0.05452468011234503,0.09217773119452445,0.13081978268672317,0.15007059496947148,0.2023024429579037,0.24240633694935568,0.27743265799281014,0.3034750461828062
1700000004635000000,14635000000,928,927,927,0,0,,,,0,rest,hold,200.0,dev-0123456789abcdef0123456789abcdef,synthetic-2-rest,29,protocol,synthetic-demo-contract-v1,True,0.047030177093614595,0.08201690660492025,0.12074725138548954,0.14057995106451598,0.19186645079810724,0.23230501838096373,0.2668850913357902,0.2924318668331602
1700000004640000000,14640000000,929,928,928,0,0,,,,0,rest,hold,200.0,dev-0123456789abcdef0123456789abcdef,synthetic-2-rest,29,protocol,synthetic-demo-contract-v1,True,0.03905218138516385,0.0714017010734119,0.11018932281828706,0.13077090548564385,0.18095925215033934,0.22169926995325723,0.2558419787904884,0.2809436488414945
1700000004645000000,14645000000,930,929,929,0,0,,,,0,rest,hold,200.0,dev-0123456789abcdef0123456789abcdef,synthetic-2-rest,29,protocol,synthetic-demo-contract-v1,True,0.030648960335731567,0.0604358157333211,0.09924433005492275,0.12073196708111002,0.16967872893951164,0.21068431304943566,0.24440157346467728,0.26911143442471863
1700000004650000000,14650000000,931,930,930,0,0,,,,0,rest,hold,200.0,dev-0123456789abcdef0123456789abcdef,synthetic-2-rest,29,protocol,synthetic-demo-contract-v1,True,0.02188377238512265,0.049226156138145905,0.0880141082130685,0.11055341024726097,0.15812588594681,0.19935870367362493,0.2326653449101279,0.2570391986380786
1700000004655000000,14655000000,932,931,931,0,0,,,,0,rest,hold,200.0,dev-0123456789abcdef0123456789abcdef,synthetic-2-rest,29,protocol,synthetic-demo-contract-v1,True,0.012824606928632479,0.0378818001150123,0.07660309614538129,0.10032652368289802,0.14640400776309626,0.18782351243690576,0.22073713900294878,0.24483299200802103
1700000004660000000,14660000000,933,932,932,0,0,,,,0,rest,hold,200.0,dev-0123456789abcdef0123456789abcdef,synthetic-2-rest,29,protocol,synthetic-demo-contract-v1,True,0.003543850166563412,0.02651294561185734,0.06511741389238535,0.09014285241987899,0.13461779687905312,0.17618148431262698,0.20872231874746944,0.23260006567944724
1700000004665000000,14665000000,934,933,933,0,0,,,,0,rest,hold,200.0,dev-0123456789abcdef0123456789abcdef,synthetic-2-rest,29,protocol,synthetic-demo-contract-v1,True,-0.005882125089364951,0.015229849468774091,0.05366392416510392,0.0800934393530768,0.12287250004047069,0.16453618508583515,0.1967268930642497,0.22044798625974923
1700000004670000000,14670000000,935,934,934,0,0,,,,0,rest,hold,200.0,dev-0123456789abcdef0123456789abcdef,synthetic-2-rest,29,protocol,synthetic-demo-contract-v1,True,-0.015373446243874274,0.004141768115827061,0.042349286278773976,0.07026807248057171,0.11127303009399858,0.15299114152775523,0.18485664071885996,0.20848374762896366
1700000004675000000,14675000000,936,935,935,0,0,,,,0,rest,hold,200.0,dev-0123456789abcdef0123456789abcdef,synthetic-2-rest,29,protocol,synthetic-demo-contract-v1,True,-0.024847303448218165,-0.006644088854080937,0.03127901103864956,0.060754544002078914,0.09992309058598704,0.14164898237453377,0.17321623658535606,0.19681288701259805
1700000004680000000,14680000000,937,936,936,0,0,,,,0,rest,hold,200.0,dev-0123456789abcdef0123456789abcdef,synthetic-2-rest,29,protocol,synthetic-demo-contract-v1,True,-0.034218585321946986,-0.017023581467138123,0.02055652507991279,0.051637927310658,0.08892431035424565,0.13061058717938046,0.16190838741644784,0.1855386125807842
1700000004685000000,14685000000,938,937,937,0,0,,,,0,rest,hold,200.0,dev-0123456789abcdef0123456789abcdef,synthetic-2-rest,29,protocol,synthetic-demo-contract-v1,True,-0.0434005837542189,-0.026896628035537634,0.0102822530861254,0.04299987775098053,0.07837539527007432,0.119974250039141,0.15103298421162217,0.1747609497448694
1700000004690000000,14690000000,939,938,938,0,0,,,,0,rest,hold,200.0,dev-0123456789abcdef0123456789abcdef,synthetic-2-rest,29,protocol,synthetic-demo-contract-v1,True,-0.05230576208163691,-0.036168149657885805,0.0005527261549289559,0.03491796280814202,0.06837130414622816,0.10983486507057881,0.1406862781354195,0.16457591317091905
1700000004695000000,14695000000,940,939,939,0,0,,,,0,rest,hold,200.0,dev-0123456789abcdef0123456789abcdef,synthetic-2-rest,29,protocol,synthetic-demo-contract-v1,True,-0.06084657939319089,-0.04474896103221655,-0.00854027565267632,0.027465027136164093,0.05900245562686937,0.10028314032941563,0.13096008674194812,0.15507471132022
1700000004700000000,14700000000,941,940,940,0,0,,,,0,rest,hold,200.0,dev-0123456789abcdef0123456789abcdef,synthetic-2-rest,29,protocol,synthetic-demo-contract-v1,True,-0.06893636224459855,-0.05255659869664375,-0.016910538850051924,0.020708597537150743,0.05035397261967502,0.09140484662799774,0.12194103701018295,0.14634299006146906
1700000004705000000,14705000000,942,941,941,0,0,,,,0,rest,hold,200.0,dev-0123456789abcdef0123456789abcdef,synthetic-2-rest,29,protocol,synthetic-demo-contract-v1,True,-0.07649021370685621,-0.05951607854576122,-0.024478182798915137,0.014710332663026682,0.04250497052011307,0.08328010741719447,0.1137098513896149,0.13846012157995985
1700000004710000000,14710000000,943,942,942,0,0,,,,0,rest,hold,200.0,dev-0123456789abcdef0123456789abcdef,synthetic-2-rest,29,protocol,synthetic-demo-contract-v1,True,-0.08342594845786641,-0.06556057529154456,-0.031170369815682705,0.009525521834926233,0.035527895116219115,0.07598273555736913,0.10634068270008627,0.13149854443855208
1700000004715000000,14715000000,944,943,943,0,0,,,,0,rest,hold,200.0,dev-0123456789abcdef0123456789abcdef,synthetic-2-rest,29,protocol,synthetic-demo-contract-v1,True,-0.08966504158029462,-0.07063201743541678,-0.036921952717116666,0.005202636963661564,0.029487915651799874,0.06957962241465153,0.09990050332594295,0.1255231602263763
1700000004720000000,14720000000,945,944,944,0,0,,,,0,rest,hold,200.0,dev-0123456789abcdef0123456789abcdef,synthetic-2-rest,29,protocol,synthetic-demo-contract-v1,True,-0.09513357787878443,-0.07468159228183252,-0.04167605398228109,0.0017829411118371425,0.024442378070374374,0.06413018428562071,0.09444855369639521,0.1205907917676588
1700000004725000000,14725000000,946,945,945,0,0,,,,0,rest,hold,200.0,dev-0123456789abcdef0123456789abcdef,synthetic-2-rest,29,protocol,synthetic-demo-contract-v1,True,-0.09976318789739372,-0.07767015654116025,-0.04538457133173026,-0.000699843232263804,0.020440322965041793,0.05968587067939546,0.09003585455486299,0.11674970735849403
1700000004730000000,14730000000,947,946,946,0,0,,,,0,rest,hold,200.0,dev-0123456789abcdef0123456789abcdef,synthetic-2-rest,29,protocol,synthetic-demo-contract-v1,True,-0.10349195642161806,-0.079568549128079,-0.04800860519671214,-0.0022198035929508553,0.017522072224980572,0.056289738474991004,0.08670478699414684,0.1140392149580334
1700000004735000000,14735000000,948,947,947,0,0,,,,0,rest,hold,200.0,dev-0123456789abcdef0123456789abcdef,synthetic-2-rest,29,protocol,synthetic-demo-contract-v1,True,-0.10626528910225629,-0.08035780384811943,-0.049518804264687424,-0.002759042595150315,0.01571888780178994,0.0539760954278036,0.08448874367580887,0.11248932968678682
1700000004740000000,14740000000,949,948,948,0,0,,,,0,rest,hold,200.0,dev-0123456789abcdef0123456789abcdef,synthetic-2-rest,29,protocol,synthetic-demo-contract-v1,True,-0.10803672294943338,-0.08002926076597158,-0.04989562603583244,-0.002307817168707327,0.015052705423160829,0.052770215926791084,0.083411854065843,0.11212051738335646
1700000004745000000,14745000000,950,949,949,0,0,,,,0,rest,hold,200.0,dev-0123456789abcdef0123456789abcdef,synthetic-2-rest,29,protocol,synthetic-demo-contract-v1,True,-0.10876866681826755,-0.07858457615146285,-0.049129510101421206,-0.0008646108754477768,0.015535945462233466,0.052688131307977545,0.0834887859093188,0.1129435163467933
1700000004750000000,14750000000,951,950,950,0,0,,,,0,rest,hold,200.0,dev-0123456789abcdef0123456789abcdef,synthetic-2-rest,29,protocol,synthetic-demo-contract-v1,True,-0.1084330586416566,-0.07603563198937821,-0.047220962651688236,0.0015638610880131009,0.017171402533646095,0.05373649641529891,0.08472462453926784,0.11495923875008582
1700000004755000000,14755000000,952,951,951,0,0,,,,0,rest,hold,200.0,dev-0123456789abcdef0123456789abcdef,synthetic-2-rest,29,protocol,synthetic-demo-contract-v1,True,-0.10701192705413444,-0.07240434710463803,-0.04418055153047764,0.004962714110111843,0.019952214736927452,0.055912533471545685,0.08711483097479394,0.11815875255629726
1700000004760000000,14760000000,953,952,952,0,0,,,,0,rest,hold,200.0,dev-0123456789abcdef0123456789abcdef,synthetic-2-rest,29,protocol,synthetic-demo-contract-v1,True,-0.10449784618223952,-0.06772239298226679,-0.040028811969031554,0.009309022958948168,0.023861912809932613,0.05920405368546343,0.0906452791155112,0.12252334410796963
1700000004765000000,14765000000,954,953,953,0,0,,,,0,rest,hold,200.0,dev-0123456789abcdef0123456789abcdef,synthetic-2-rest,29,protocol,synthetic-demo-contract-v1,True,-0.10089427373509285,-0.062030818340256526,-0.03479606394401728,0.01457201596427465,0.028874548794876356,0.06358955638115696,0.09529237168926234,0.12802466089801912
1700000004770000000,14770000000,955,954,954,0,0,,,,0,rest,hold,200.0,dev-0123456789abcdef0123456789abcdef,synthetic-2-rest,29,protocol,synthetic-demo-contract-v1,True,-0.0962157640929326,-0.055379587431752336,-0.02852214290767533,0.020713332871085274,0.034954903162659395,0.06903840479810133,0.10102323396302303,0.13462493337193898
1700000004775000000,14775000000,956,955,955,0,0,,,,0,rest,hold,200.0,dev-0123456789abcdef0123456789abcdef,synthetic-2-rest,29,protocol,synthetic-demo-contract-v1,True,-0.0904880498361063,-0.0478270379008459,-0.0212560464232893,0.027687344135978724,0.042058768693004234,0.07551107707951746,0.1077959835882379,0.14227727396208514
1700000004780000000,14780000000,957,956,956,0,0,,,,0,rest,hold,200.0,dev-0123456789abcdef0123456789abcdef,synthetic-2-rest,29,protocol,synthetic-demo-contract-v1,True,-0.08374798705350586,-0.039439264784497684,-0.013055499999650617,0.035441528943932155,0.05013330877382003,0.0829594903488573,0.11556007432687533,0.1509260509205379
1700000004785000000,14785000000,958,957,957,0,0,,,,0,rest,hold,200.0,dev-0123456789abcdef0123456789abcdef,synthetic-2-rest,29,protocol,synthetic-demo-contract-v1,True,-0.0760433617855632,-0.030289437933836767,-0.003986446146796544,0.04391690875292529,0.0591174871683503,0.09132739517365242,0.12425671079826625,0.16050733390263883
1700000004790000000,14790000000,959,958,958,0,0,,,,0,rest,hold,200.0,dev-0123456789abcdef0123456789abcdef,synthetic-2-rest,29,protocol,synthetic-demo-contract-v1,True,-0.06743255705777719,-0.020457060714453294,0.005877538634861925,0.0530485327308875,0.06894256570824821,0.10055083713809904,0.1338193308044493,0.17094940766400674
1700000004795000000,14795000000,960,959,959,0,0,,,,0,rest,hold,200.0,dev-0123456789abcdef0123456789abcdef,synthetic-2-rest,29,protocol,synthetic-demo-contract-v1,True,-0.05798408210969749,-0.01002717833206794,0.01645589357503727,0.06276601103701086,0.07953266580945305,0.11055868169503712,0.14417415123785984,0.18217334967427948
1700000004800000000,14800000000,961,960,960,0,0,,,,0,rest,hold,200.0,dev-0123456789abcdef0123456789abcdef,synthetic-2-rest,29,protocol,synthetic-demo-contract-v1,True,-0.047775967583121304,0.0009104554870797681,0.02766178411292259,0.07299409152100528,0.09080538918043486,0.12127319794913327,0.15524077305451783,0.19409366692582294
1700000004805000000,14805000000,962,961,961,0,0,,,,0,rest,hold,200.0,dev-0123456789abcdef0123456789abcdef,synthetic-2-rest,29,protocol,synthetic-demo-contract-v1,True,-0.03689503256344588,0.012262244455168138,0.0394028666472534,0.08365327507220674,0.10267249260326065,0.13261069654024102,0.16693284031253436,0.2066189867293763
1700000004810000000,14810000000,963,962,962,0,0,,,,0,rest,hold,200.0,dev-0123456789abcdef0123456789abcdef,synthetic-2-rest,29,protocol,synthetic-demo-contract-v1,True,-0.025436031431215353,0.023931639146077873,0.05158210059282659,0.09466046454825601,0.11504061122107682,0.14448221635306094,0.17915874783375407,0.21965279584508973
1700000004815000000,14815000000,964,963,963,0,0,,,,0,rest,hold,200.0,dev-0123456789abcdef0123456789abcdef,synthetic-2-rest,29,protocol,synthetic-demo-contract-v1,True,-0.013500690439314815,0.03582004064652729,0.06409860036878225,0.10592964195275695,0.1278120243647864,0.15679425438008207,0.19182239164939952,0.23309422190040827
1700000004820000000,14820000000,965,964,964,0,0,,,,0,rest,hold,200.0,dev-0123456789abcdef0123456789abcdef,synthetic-2-rest,29,protocol,synthetic-demo-contract-v1,True,-0.0011966457493111987,0.04782770924282304,0.07684851960263285,0.11737256831470749,0.14088545760005255,0.16944953271244306,0.20482395604175269,0.2468388506988395
1700000004825000000,14825000000,966,965,965,0,0,,,,0,rest,hold,200.0,dev-0123456789abcdef0123456789abcdef,synthetic-2-rest,29,protocol,synthetic-demo-contract-v1,True,0.011363703695543738,0.059854669098303885,0.08972595956493738,0.1288995005513696,0.15415691437637422,0.18234779633086992,0.21806073069623508,0.2607795727288674
1700000004830000000,14830000000,967,966,966,0,0,,,,0,rest,hold,200.0,dev-0123456789abcdef0123456789abcdef,synthetic-2-rest,29,protocol,synthetic-demo-contract-v1,True,0.02406441364351682,0.07180160012264976,0.10262389365483351,0.1404199194717367,0.16752053041521028,0.19538663511857693,0.23142795123404564,0.27480745194243555
1700000004835000000,14835000000,968,967,967,0,0,,,,0,rest,hold,200.0,dev-0123456789abcdef0123456789abcdef,synthetic-2-rest,29,protocol,synthetic-demo-contract-v1,True,0.03678726632840965,0.08357070857378816,0.11543509963793268,0.15184326300079812,0.18086944378605088,0.20846232332205047,0.2448196562068252,0.2888126096895613
1700000004840000000,14840000000,969,968,968,0,0,,,,0,rest,hold,200.0,dev-0123456789abcdef0123456789abcdef,synthetic-2-rest,29,protocol,synthetic-demo-contract-v1,True,0.0494130796047618,0.09506656835964593,0.12805309129610223,0.16307965867579982,0.1940966734894353,0.22147066954549532,0.25812955350310757,0.3026851165711828
1700000004845000000,14845000000,970,969,969,0,0,,,,0,rest,hold,200.0,dev-0123456789abcdef0123456789abcdef,synthetic-2-rest,29,protocol,synthetic-demo-contract-v1,True,0.061823035762732924,0.1061969255131547,0.1403730411836206,0.1740406494849058,0.2070959992954244,0.23430787028168476,0.2712518890427964,0.31631588490746626
1700000004850000000,14850000000,971,970,970,0,0,,,,0,rest,hold,200.0,dev-0123456789abcdef0123456789abcdef,synthetic-2-rest,29,protocol,synthetic-demo-contract-v1,True,0.0739000119646512,0.11687345889121066,0.15229268629520437,0.18463990718555762,0.21976283557529125,0.24687135995644988,0.2840823106209258,0.3295975545138035
1700000004855000000,14855000000,972,971,971,0,0,,,,0,rest,hold,200.0,dev-0123456789abcdef0123456789abcdef,synthetic-2-rest,29,protocol,synthetic-demo-contract-v1,True,0.08552989414232502,0.12701249078788437,0.1637132086373154,0.1947939273539513,0.23199509191352602,0.25906065049647237,0.29651871980584676,0.3424253645318843
1700000004860000000,14860000000,973,972,972,0,0,,,,0,rest,hold,200.0,dev-0123456789abcdef0123456789abcdef,synthetic-2-rest,29,protocol,synthetic-demo-contract-v1,True,0.09660285638750006,0.13653564184433134,0.1745400829527352,0.20442270057723602,0.24369401339611763,0.2707781535199955,0.3084621048992204,0.354698004177948
1700000004865000000,14865000000,974,973,973,0,0,,,,0,rest,hold,200.0,dev-0123456789abcdef0123456789abcdef,synthetic-2-rest,29,protocol,synthetic-demo-contract-v1,True,0.10701458835451452,0.14537042537249067,0.184683884176873,0.21345035440483978,0.25476499363855876,0.2819299783967497,0.3198173481249003,0.36631843544363013
1700000004870000000,14870000000,975,974,974,0,0,,,,0,rest,hold,200.0,dev-0123456789abcdef0123456789abcdef,synthetic-2-rest,29,protocol,synthetic-demo-contract-v1,True,0.11666745396629531,0.15345077697655882,0.19406104759935522,0.2218057609231312,0.26511835384190435,0.29242669962571805,0.33049400042977545,0.37719468101547743
1700000004875000000,14875000000,976,975,975,0,0,,,,0,rest,hold,200.0,dev-0123456789abcdef0123456789abcdef,synthetic-2-rest,29,protocol,synthetic-demo-contract-v1,True,0.12547156575873383,0.16071751614466856,0.20259457516188412,0.22942310510608632,0.27467008144538246,0.3021840872354152,0.34040701754986497,0.3872405709650239
1700000004880000000,14880000000,977,976,976,0,0,,,,0,rest,hold,200.0,dev-0123456789abcdef0123456789abcdef,synthetic-2-rest,29,protocol,synthetic-demo-contract-v1,True,0.1333457604960846,0.1671187372829353,0.2102146818387561,0.2362424094215361,0.28334252227744994,0.3111237942192229,0.3494774513174102,0.39637644210022666
1700000004885000000,14885000000,978,977,977,0,0,,,,0,rest,hold,200.0,dev-0123456789abcdef0123456789abcdef,synthetic-2-rest,29,protocol,synthetic-demo-contract-v1,True,0.1402184632182202,0.1726101284645747,0.21685937661452176,0.2422100105350526,0.29106502049088356,0.31917399537528324,0.35763309055653825,0.40452978425807146
1700000004890000000,14890000000,979,978,978,0,0,,,,0,rest,hold,200.0,dev-0123456789abcdef0123456789abcdef,synthetic-2-rest,29,protocol,synthetic-demo-contract-v1,True,0.14602842861228207,0.17715521695821398,0.222474973188523,0.2472789843486428,0.2977745009984105,0.3262699723236285,0.3648090463332897,0.4116358282541652
1700000004895000000,14895000000,980,979,979,0,0,,,,0,rest,hold,200.0,dev-0123456789abcdef0123456789abcdef,synthetic-2-rest,29,protocol,synthetic-demo-contract-v1,True,0.15072535050561758,0.1807255413721816,0.22701652619239546,0.2514095160358468,0.3034159895998961,0.3323546399192156,0.37094827678687253,0.4176380706844799
1700000004900000000,14900000000,981,980,980,0,0,,,,0,rest,hold,200.0,dev-0123456789abcdef0123456789abcdef,synthetic-2-rest,29,protocol,synthetic-demo-contract-v1,True,0.1542703323200813,0.1833007509965484,0.23044818939779949,0.2545692121851998,0.30794306650640096,0.3373790097647191,0.3760020472692031,0.42248873129325076
1700000004905000000,14905000000,982,981,981,0,0,,,,0,rest,hold,200.0,dev-0123456789abcdef0123456789abcdef,synthetic-2-rest,29,protocol,synthetic-demo-contract-v1,True,0.15663621347336829,0.18486863363355427,0.23274349311086553,0.25673335263646685,0.3113182495160968,0.34130258704718686,0.37993032205485217,0.42614913917494474
1700000004910000000,14910000000,983,982,982,0,0,,,,0,rest,hold,200.0,dev-0123456789abcdef0123456789abcdef,synthetic-2-rest,29,protocol,synthetic-demo-contract-v1,True,0.1578077489231119,0.1854250738723777,0.23388553869036968,0.2578850800849242,0.3135133036777069,0.34409369747379853,0.3827020844491312,0.4285900446627887
1700000004915000000,14915000000,984,983,983,0,0,,,,0,rest,hold,200.0,dev-0123456789abcdef0123456789abcdef,synthetic-2-rest,29,protocol,synthetic-demo-contract-v1,True,0.15778164128489425,0.1849739443792441,0.233867108881385,0.25801552603412525,0.31450947488390885,0.3457297416593321,0.384295582713476,0.42979185436666784
1700000004920000000,14920000000,985,984,984,0,0,,,,0,rest,hold,200.0,dev-0123456789abcdef0123456789abcdef,synthetic-2-rest,29,protocol,synthetic-demo-contract-v1,True,0.15656642717681066,0.18352693333292977,0.23269069341801457,0.2571238721930277,0.3142976454650424,0.34619737491682245,0.38469849983964666,0.429744787454287
1700000004925000000,14925000000,986,985,985,0,0,,,,0,rest,hold,200.0,dev-0123456789abcdef0123456789abcdef,synthetic-2-rest,29,protocol,synthetic-demo-contract-v1,True,0.1541822216120048,0.1811033116341031,0.23036843011068914,0.25521734693491344,0.3128784104973126,0.34549261101833434,0.3839080458325281,0.42844895191614524
1700000004930000000,14930000000,987,986,986,0,0,,,,0,rest,hold,200.0,dev-0123456789abcdef0123456789abcdef,synthetic-2-rest,29,protocol,synthetic-demo-contract-v1,True,0.15066032633903664,0.17772964395095328,0.2269219623883216,0.2523111569589667,0.3102620741941331,0.34362084911965535,0.38193097180025537,0.42591434021174757
1700000004935000000,14935000000,988,987,987,0,0,,,,0,rest,hold,200.0,dev-0123456789abcdef0123456789abcdef,synthetic-2-rest,29,protocol,synthetic-demo-contract-v1,True,0.14604270998247978,0.17343944803062045,0.22238221500643932,0.248428354816552,0.30646856640893533,0.3405968236759264,0.37878350579477027,0.42216074435620493
1700000004940000000,14940000000,989,988,988,0,0,,,,0,rest,hold,200.0,dev-0123456789abcdef0123456789abcdef,synthetic-2-rest,29,protocol,synthetic-demo-contract-v1,True,0.14038136962970232,0.16827280700451525,0.21678909035250113,0.24359964347893615,0.3015272799372177,0.33644447780950026,0.37449121099040533,0.41721759116747664
1700000004945000000,14945000000,990,989,989,0,0,,,,0,rest,hold,200.0,dev-0123456789abcdef0123456789abcdef,synthetic-2-rest,29,protocol,synthetic-demo-contract-v1,True,0.13373758511460157,0.16227593964523843,0.21019108847244578,0.23786311962733706,0.2954768299593648,0.33119676122143554,0.36908876742737023,0.4111236990495573
1700000004950000000,14950000000,991,990,990,0,0,,,,0,rest,hold,200.0,dev-0123456789abcdef0123456789abcdef,synthetic-2-rest,29,protocol,synthetic-demo-contract-v1,True,0.12618107863914496,0.15550073369408252,0.2026448546019658,0.23126395783578194,0.28836473760848,0.3248953543588351,0.36261967917584376,0.4039269583305368
1700000004955000000,14955000000,992,991,991,0,0,,,,0,rest,hold,200.0,dev-0123456789abcdef0123456789abcdef,synthetic-2-rest,29,protocol,synthetic-demo-contract-v1,True,0.11778909352710254,0.14800424747252006,0.19421465860616452,0.22385403828835246,0.2802470402737457,0.3175903211565384,0.35513590938950873,0.3956839378013089
1700000004960000000,14960000000,993,992,992,0,0,,,,0,rest,hold,200.0,dev-0123456789abcdef0123456789abcdef,synthetic-2-rest,29,protocol,synthetic-demo-contract-v1,True,0.10864540680433525,0.13984818502125304,0.18497181130685766,0.21569152112137968,0.2711878318546093,0.3093396932585809,0.3466974463098533,0.3864594207057137
1700000004965000000,14965000000,994,993,993,0,0,,,,0,rest,hold,200.0,dev-0123456789abcdef0123456789abcdef,synthetic-2-rest,29,protocol,synthetic-demo-contract-v1,True,0.09883929093415056,0.131098349979584,0.1749940232027911,0.20684037090437546,0.2612587367592696,0.30020898918742966,0.33737180384942506,0.37632587401099554
1700000004970000000,14970000000,995,994,994,0,0,,,,0,rest,hold,200.0,dev-0123456789abcdef0123456789abcdef,synthetic-2-rest,29,protocol,synthetic-demo-contract-v1,True,0.08846444039761091,0.12182408333027069,0.16436471156012358,0.19736983516769946,0.2505383219878105,0.29027067246270954,0.3272334609188634,0.3653628553339536
1700000004975000000,14975000000,996,995,995,0,0,,,,0,rest,hold,200.0,dev-0123456789abcdef0123456789abcdef,synthetic-2-rest,29,protocol,synthetic-demo-contract-v1,True,0.07761787889545071,0.11209768999547857,0.1531722622648227,0.18735388124707467,0.23911145215138896,0.2796035531715792,0.3163632441645461,0.3536563624085688
1700000004980000000,14980000000,997,996,996,0,0,,,,0,rest,hold,200.0,dev-0123456789abcdef0123456789abcdef,synthetic-2-rest,29,protocol,synthetic-demo-contract-v1,True,0.06639886276380377,0.10199385908326393,0.141509253181763,0.17687059604218333,0.22706859274980024,0.2682921379559086,0.3048476592468477,0.3412981304509233
1700000004985000000,14985000000,998,997,997,0,0,,,,0,rest,hold,200.0,dev-0123456789abcdef0123456789abcdef,synthetic-2-rest,29,protocol,synthetic-demo-contract-v1,True,0.05490779574891754,0.09158908235723051,0.129471646054804,0.16600155357630433,0.2145050674568141,0.25642593380328615,0.2927781762096805,0.32838488320318726
1700000004990000000,14990000000,999,998,998,0,0,,,,0,rest,hold,200.0,dev-0123456789abcdef0123456789abcdef,synthetic-2-rest,29,protocol,synthetic-demo-contract-v1,True,0.04324516958973535,0.08096107524068176,0.11715795420574358,0.15483115549392368,0.20152027554218624,0.2440987114060563,0.28025047486656485,0.31501754381667113
1700000004995000000,14995000000,1000,999,999,0,0,,,,0,rest,hold,200.0,dev-0123456789abcdef0123456789abcdef,synthetic-2-rest,29,protocol,synthetic-demo-contract-v1,True,0.03151054392976787,0.07018820437729262,0.10466839344650279,0.1434459498416398,0.1882168758881874,0.23140773418204927,0.2673636564539785,0.30130041206143415
